datetime,open,high,low,close,volume
2026-04-17 03:45:00+00:00,24165.9,24188.55,24096.05,24177.8,0
2026-04-17 03:46:00+00:00,24179.1,24224.85,24143.15,24148.75,0
2026-04-17 03:47:00+00:00,24150.9,24210.8,24150.9,24205.6,0
2026-04-17 03:48:00+00:00,24205.8,24222.6,24204.65,24212.75,0
2026-04-17 03:49:00+00:00,24215.0,24218.95,24197.05,24207.55,0
2026-04-17 03:50:00+00:00,24210.55,24223.25,24208.95,24220.45,0
2026-04-17 03:51:00+00:00,24220.55,24225.4,24211.6,24220.4,0
2026-04-17 03:52:00+00:00,24219.45,24230.25,24219.45,24223.8,0
2026-04-17 03:53:00+00:00,24223.7,24233.25,24222.3,24229.7,0
2026-04-17 03:54:00+00:00,24230.65,24233.7,24195.1,24196.9,0
2026-04-17 03:55:00+00:00,24196.8,24215.9,24196.45,24215.9,0
2026-04-17 03:56:00+00:00,24216.3,24230.35,24216.1,24228.7,0
2026-04-17 03:57:00+00:00,24228.95,24229.8,24221.5,24222.2,0
2026-04-17 03:58:00+00:00,24221.2,24234.0,24221.2,24231.95,0
2026-04-17 03:59:00+00:00,24232.25,24235.6,24227.05,24233.35,0
2026-04-17 04:00:00+00:00,24232.6,24234.75,24208.15,24208.9,0
2026-04-17 04:01:00+00:00,24208.7,24210.65,24205.1,24209.8,0
2026-04-17 04:02:00+00:00,24210.1,24218.85,24208.95,24209.75,0
2026-04-17 04:03:00+00:00,24209.7,24213.65,24196.85,24199.3,0
2026-04-17 04:04:00+00:00,24199.65,24204.5,24192.5,24196.55,0
2026-04-17 04:05:00+00:00,24195.05,24195.25,24181.95,24183.45,0
2026-04-17 04:06:00+00:00,24182.55,24186.2,24177.0,24178.1,0
2026-04-17 04:07:00+00:00,24177.15,24180.35,24166.9,24169.4,0
2026-04-17 04:08:00+00:00,24171.1,24215.2,24171.1,24213.9,0
2026-04-17 04:09:00+00:00,24214.5,24222.0,24210.5,24211.85,0
2026-04-17 04:10:00+00:00,24211.35,24222.8,24211.1,24221.15,0
2026-04-17 04:11:00+00:00,24221.0,24223.45,24205.55,24205.9,0
2026-04-17 04:12:00+00:00,24207.05,24207.2,24187.4,24188.35,0
2026-04-17 04:13:00+00:00,24187.2,24190.45,24178.7,24186.1,0
2026-04-17 04:14:00+00:00,24184.85,24193.7,24184.85,24191.35,0
2026-04-17 04:15:00+00:00,24192.75,24200.3,24190.0,24193.8,0
2026-04-17 04:16:00+00:00,24193.4,24201.1,24193.4,24199.3,0
2026-04-17 04:17:00+00:00,24199.45,24208.4,24199.45,24208.4,0
2026-04-17 04:18:00+00:00,24207.15,24216.45,24207.15,24212.95,0
2026-04-17 04:19:00+00:00,24212.85,24220.35,24212.85,24219.9,0
2026-04-17 04:20:00+00:00,24219.95,24227.3,24219.95,24222.8,0
2026-04-17 04:21:00+00:00,24222.4,24227.7,24222.4,24224.85,0
2026-04-17 04:22:00+00:00,24224.45,24230.3,24223.65,24229.9,0
2026-04-17 04:23:00+00:00,24229.7,24231.95,24225.3,24226.3,0
2026-04-17 04:24:00+00:00,24226.15,24228.7,24219.2,24223.0,0
2026-04-17 04:25:00+00:00,24223.7,24228.5,24214.65,24219.45,0
2026-04-17 04:26:00+00:00,24220.25,24233.4,24218.0,24232.9,0
2026-04-17 04:27:00+00:00,24233.55,24238.55,24229.55,24230.9,0
2026-04-17 04:28:00+00:00,24230.35,24233.9,24222.75,24223.1,0
2026-04-17 04:29:00+00:00,24222.75,24234.35,24222.45,24232.1,0
2026-04-17 04:30:00+00:00,24231.4,24236.15,24230.7,24234.85,0
2026-04-17 04:31:00+00:00,24235.65,24239.25,24205.4,24217.05,0
2026-04-17 04:32:00+00:00,24219.1,24230.9,24218.85,24230.05,0
2026-04-17 04:33:00+00:00,24231.2,24242.1,24226.05,24239.9,0
2026-04-17 04:34:00+00:00,24240.35,24255.65,24240.35,24255.3,0
2026-04-17 04:35:00+00:00,24255.65,24265.85,24255.65,24262.95,0
2026-04-17 04:36:00+00:00,24263.4,24274.95,24263.4,24274.65,0
2026-04-17 04:37:00+00:00,24274.7,24278.65,24272.55,24277.45,0
2026-04-17 04:38:00+00:00,24277.3,24279.85,24264.0,24265.0,0
2026-04-17 04:39:00+00:00,24264.95,24266.9,24260.8,24263.3,0
2026-04-17 04:40:00+00:00,24264.6,24265.35,24255.15,24257.4,0
2026-04-17 04:41:00+00:00,24257.95,24260.6,24256.75,24259.05,0
2026-04-17 04:42:00+00:00,24259.2,24265.45,24258.85,24265.2,0
2026-04-17 04:43:00+00:00,24264.55,24271.55,24264.55,24270.1,0
2026-04-17 04:44:00+00:00,24270.9,24274.1,24268.85,24272.95,0
2026-04-17 04:45:00+00:00,24273.45,24285.9,24273.45,24284.9,0
2026-04-17 04:46:00+00:00,24284.4,24288.0,24283.3,24286.0,0
2026-04-17 04:47:00+00:00,24285.2,24289.2,24280.45,24282.8,0
2026-04-17 04:48:00+00:00,24282.65,24285.65,24281.55,24284.6,0
2026-04-17 04:49:00+00:00,24285.25,24286.3,24280.4,24280.45,0
2026-04-17 04:50:00+00:00,24280.0,24284.85,24280.0,24281.95,0
2026-04-17 04:51:00+00:00,24282.15,24286.4,24280.0,24285.35,0
2026-04-17 04:52:00+00:00,24285.2,24290.65,24285.2,24290.2,0
2026-04-17 04:53:00+00:00,24290.4,24291.8,24283.85,24284.35,0
2026-04-17 04:54:00+00:00,24284.55,24288.45,24284.35,24286.6,0
2026-04-17 04:55:00+00:00,24286.45,24295.4,24286.4,24292.4,0
2026-04-17 04:56:00+00:00,24292.6,24298.45,24292.15,24296.55,0
2026-04-17 04:57:00+00:00,24296.5,24301.75,24295.4,24299.75,0
2026-04-17 04:58:00+00:00,24300.15,24302.8,24296.3,24296.3,0
2026-04-17 04:59:00+00:00,24296.25,24304.55,24285.8,24285.85,0
2026-04-17 05:00:00+00:00,24285.9,24296.3,24284.95,24287.0,0
2026-04-17 05:01:00+00:00,24286.1,24286.35,24278.75,24282.9,0
2026-04-17 05:02:00+00:00,24282.85,24285.15,24272.2,24272.7,0
2026-04-17 05:03:00+00:00,24272.5,24274.45,24270.2,24271.05,0
2026-04-17 05:04:00+00:00,24272.1,24274.55,24260.05,24265.0,0
2026-04-17 05:05:00+00:00,24265.4,24269.0,24262.0,24269.0,0
2026-04-17 05:06:00+00:00,24269.65,24275.35,24266.45,24274.6,0
2026-04-17 05:07:00+00:00,24276.45,24278.7,24259.95,24263.55,0
2026-04-17 05:08:00+00:00,24262.6,24264.8,24256.9,24258.55,0
2026-04-17 05:09:00+00:00,24259.25,24263.45,24252.0,24252.85,0
2026-04-17 05:10:00+00:00,24253.0,24254.6,24244.05,24249.6,0
2026-04-17 05:11:00+00:00,24250.0,24259.45,24248.35,24257.85,0
2026-04-17 05:12:00+00:00,24258.05,24265.5,24256.95,24261.25,0
2026-04-17 05:13:00+00:00,24260.7,24263.65,24255.15,24256.35,0
2026-04-17 05:14:00+00:00,24257.2,24261.95,24255.05,24260.4,0
2026-04-17 05:15:00+00:00,24260.45,24261.45,24257.45,24260.55,0
2026-04-17 05:16:00+00:00,24260.6,24270.0,24260.6,24263.45,0
2026-04-17 05:17:00+00:00,24263.05,24267.0,24260.7,24261.3,0
2026-04-17 05:18:00+00:00,24261.5,24263.15,24256.85,24258.3,0
2026-04-17 05:19:00+00:00,24258.75,24266.4,24257.55,24263.85,0
2026-04-17 05:20:00+00:00,24264.1,24265.55,24257.2,24261.35,0
2026-04-17 05:21:00+00:00,24262.35,24262.4,24252.9,24254.1,0
2026-04-17 05:22:00+00:00,24253.9,24259.15,24253.9,24256.1,0
2026-04-17 05:23:00+00:00,24256.95,24258.1,24252.6,24253.45,0
2026-04-17 05:24:00+00:00,24252.95,24260.8,24252.85,24256.35,0
2026-04-17 05:25:00+00:00,24256.35,24259.35,24255.4,24257.35,0
2026-04-17 05:26:00+00:00,24256.9,24262.95,24256.9,24262.35,0
2026-04-17 05:27:00+00:00,24263.05,24263.8,24259.2,24260.25,0
2026-04-17 05:28:00+00:00,24260.6,24262.95,24255.95,24256.2,0
2026-04-17 05:29:00+00:00,24256.7,24259.85,24253.9,24254.95,0
2026-04-17 05:30:00+00:00,24255.7,24256.15,24247.85,24252.15,0
2026-04-17 05:31:00+00:00,24253.15,24258.9,24252.7,24256.6,0
2026-04-17 05:32:00+00:00,24256.55,24261.35,24254.15,24254.8,0
2026-04-17 05:33:00+00:00,24254.75,24256.25,24247.1,24249.05,0
2026-04-17 05:34:00+00:00,24250.0,24251.5,24237.75,24246.95,0
2026-04-17 05:35:00+00:00,24247.05,24255.65,24246.8,24253.7,0
2026-04-17 05:36:00+00:00,24254.75,24257.3,24247.25,24249.2,0
2026-04-17 05:37:00+00:00,24249.2,24259.8,24248.2,24255.3,0
2026-04-17 05:38:00+00:00,24256.0,24257.0,24252.45,24255.65,0
2026-04-17 05:39:00+00:00,24256.15,24259.35,24255.2,24258.65,0
2026-04-17 05:40:00+00:00,24259.15,24269.5,24257.85,24268.8,0
2026-04-17 05:41:00+00:00,24269.3,24275.15,24269.3,24272.0,0
2026-04-17 05:42:00+00:00,24271.55,24274.45,24266.6,24267.75,0
2026-04-17 05:43:00+00:00,24267.95,24270.4,24265.35,24268.0,0
2026-04-17 05:44:00+00:00,24269.0,24270.15,24263.35,24265.1,0
2026-04-17 05:45:00+00:00,24264.65,24274.65,24264.65,24273.55,0
2026-04-17 05:46:00+00:00,24273.75,24275.6,24270.55,24274.05,0
2026-04-17 05:47:00+00:00,24274.2,24275.85,24272.25,24272.7,0
2026-04-17 05:48:00+00:00,24272.4,24277.35,24271.65,24275.55,0
2026-04-17 05:49:00+00:00,24275.5,24277.5,24272.25,24277.3,0
2026-04-17 05:50:00+00:00,24277.4,24280.1,24273.6,24277.1,0
2026-04-17 05:51:00+00:00,24277.35,24277.9,24274.3,24276.7,0
2026-04-17 05:52:00+00:00,24277.0,24281.35,24276.0,24279.15,0
2026-04-17 05:53:00+00:00,24278.5,24282.15,24277.6,24280.5,0
2026-04-17 05:54:00+00:00,24280.1,24282.05,24272.8,24273.8,0
2026-04-17 05:55:00+00:00,24274.2,24278.8,24272.1,24278.3,0
2026-04-17 05:56:00+00:00,24278.5,24279.5,24274.5,24276.45,0
2026-04-17 05:57:00+00:00,24276.45,24277.55,24266.65,24269.1,0
2026-04-17 05:58:00+00:00,24269.5,24274.1,24266.25,24272.95,0
2026-04-17 05:59:00+00:00,24273.1,24276.4,24271.8,24275.25,0
2026-04-17 06:00:00+00:00,24275.8,24284.6,24274.75,24277.75,0
2026-04-17 06:01:00+00:00,24276.15,24278.9,24273.5,24274.25,0
2026-04-17 06:02:00+00:00,24274.55,24278.25,24274.25,24277.45,0
2026-04-17 06:03:00+00:00,24277.6,24284.6,24277.35,24284.2,0
2026-04-17 06:04:00+00:00,24284.35,24287.65,24282.45,24287.0,0
2026-04-17 06:05:00+00:00,24287.25,24291.0,24283.25,24286.0,0
2026-04-17 06:06:00+00:00,24285.9,24291.15,24285.65,24288.2,0
2026-04-17 06:07:00+00:00,24288.5,24293.8,24288.5,24291.55,0
2026-04-17 06:08:00+00:00,24291.35,24293.9,24289.05,24290.1,0
2026-04-17 06:09:00+00:00,24289.95,24291.8,24286.2,24289.15,0
2026-04-17 06:10:00+00:00,24290.0,24292.55,24287.6,24290.75,0
2026-04-17 06:11:00+00:00,24291.65,24293.35,24289.55,24290.5,0
2026-04-17 06:12:00+00:00,24290.65,24293.8,24287.85,24292.2,0
2026-04-17 06:13:00+00:00,24292.45,24297.1,24292.45,24297.1,0
2026-04-17 06:14:00+00:00,24296.8,24302.6,24294.85,24294.9,0
2026-04-17 06:15:00+00:00,24295.6,24296.35,24289.85,24290.3,0
2026-04-17 06:16:00+00:00,24290.5,24294.3,24288.75,24291.65,0
2026-04-17 06:17:00+00:00,24291.95,24292.65,24282.0,24282.65,0
2026-04-17 06:18:00+00:00,24282.2,24285.2,24278.45,24284.4,0
2026-04-17 06:19:00+00:00,24284.7,24285.35,24278.55,24282.45,0
2026-04-17 06:20:00+00:00,24283.3,24297.25,24282.65,24296.95,0
2026-04-17 06:21:00+00:00,24297.15,24303.35,24295.05,24303.35,0
2026-04-17 06:22:00+00:00,24301.85,24303.85,24294.85,24296.0,0
2026-04-17 06:23:00+00:00,24295.8,24311.4,24294.1,24309.25,0
2026-04-17 06:24:00+00:00,24308.75,24319.1,24308.75,24316.45,0
2026-04-17 06:25:00+00:00,24316.05,24322.15,24312.75,24321.3,0
2026-04-17 06:26:00+00:00,24321.9,24323.1,24301.4,24302.4,0
2026-04-17 06:27:00+00:00,24301.8,24305.7,24299.85,24302.85,0
2026-04-17 06:28:00+00:00,24303.75,24303.9,24284.1,24284.1,0
2026-04-17 06:29:00+00:00,24285.75,24288.05,24269.65,24271.45,0
2026-04-17 06:30:00+00:00,24271.65,24275.4,24253.35,24253.35,0
2026-04-17 06:31:00+00:00,24253.85,24276.7,24253.15,24275.95,0
2026-04-17 06:32:00+00:00,24275.8,24277.15,24269.65,24271.0,0
2026-04-17 06:33:00+00:00,24270.85,24272.7,24259.2,24260.65,0
2026-04-17 06:34:00+00:00,24259.9,24262.5,24255.75,24261.35,0
2026-04-17 06:35:00+00:00,24261.1,24263.55,24258.3,24262.25,0
2026-04-17 06:36:00+00:00,24262.3,24274.9,24262.3,24274.2,0
2026-04-17 06:37:00+00:00,24274.25,24285.8,24274.1,24283.45,0
2026-04-17 06:38:00+00:00,24283.95,24292.25,24283.95,24288.95,0
2026-04-17 06:39:00+00:00,24289.0,24292.55,24285.4,24286.3,0
2026-04-17 06:40:00+00:00,24286.0,24287.55,24281.35,24281.35,0
2026-04-17 06:41:00+00:00,24282.0,24285.3,24279.95,24285.1,0
2026-04-17 06:42:00+00:00,24284.85,24287.95,24284.55,24286.6,0
2026-04-17 06:43:00+00:00,24286.95,24287.35,24277.65,24281.6,0
2026-04-17 06:44:00+00:00,24281.9,24287.0,24280.85,24285.6,0
2026-04-17 06:45:00+00:00,24286.2,24290.05,24281.6,24290.0,0
2026-04-17 06:46:00+00:00,24290.5,24293.7,24288.35,24289.35,0
2026-04-17 06:47:00+00:00,24289.05,24291.35,24287.1,24288.05,0
2026-04-17 06:48:00+00:00,24288.5,24290.7,24286.75,24287.9,0
2026-04-17 06:49:00+00:00,24288.65,24291.1,24286.55,24286.55,0
2026-04-17 06:50:00+00:00,24287.2,24290.35,24282.3,24283.05,0
2026-04-17 06:51:00+00:00,24283.45,24286.85,24282.75,24283.45,0
2026-04-17 06:52:00+00:00,24283.8,24285.45,24280.7,24285.3,0
2026-04-17 06:53:00+00:00,24285.1,24287.7,24283.9,24286.7,0
2026-04-17 06:54:00+00:00,24286.3,24290.05,24286.05,24288.4,0
2026-04-17 06:55:00+00:00,24288.55,24289.7,24286.0,24288.15,0
2026-04-17 06:56:00+00:00,24288.2,24290.5,24286.1,24290.05,0
2026-04-17 06:57:00+00:00,24289.95,24291.65,24286.55,24287.55,0
2026-04-17 06:58:00+00:00,24287.15,24288.15,24283.65,24283.9,0
2026-04-17 06:59:00+00:00,24283.5,24286.65,24282.5,24284.0,0
2026-04-17 07:00:00+00:00,24283.95,24285.05,24279.5,24279.75,0
2026-04-17 07:01:00+00:00,24279.35,24281.35,24276.8,24277.3,0
2026-04-17 07:02:00+00:00,24277.0,24277.8,24266.05,24269.25,0
2026-04-17 07:03:00+00:00,24269.5,24270.8,24264.8,24269.95,0
2026-04-17 07:04:00+00:00,24269.25,24271.35,24265.15,24265.35,0
2026-04-17 07:05:00+00:00,24265.05,24269.4,24263.75,24267.65,0
2026-04-17 07:06:00+00:00,24267.8,24272.65,24267.2,24269.35,0
2026-04-17 07:07:00+00:00,24269.55,24270.9,24267.65,24267.95,0
2026-04-17 07:08:00+00:00,24267.8,24271.15,24266.4,24269.15,0
2026-04-17 07:09:00+00:00,24268.4,24269.35,24264.25,24265.1,0
2026-04-17 07:10:00+00:00,24264.25,24265.6,24260.25,24263.15,0
2026-04-17 07:11:00+00:00,24263.5,24269.1,24263.5,24269.05,0
2026-04-17 07:12:00+00:00,24268.8,24275.2,24268.3,24274.95,0
2026-04-17 07:13:00+00:00,24274.55,24275.85,24270.95,24272.05,0
2026-04-17 07:14:00+00:00,24272.2,24273.85,24262.65,24267.0,0
2026-04-17 07:15:00+00:00,24267.15,24274.3,24266.95,24272.75,0
2026-04-17 07:16:00+00:00,24273.25,24277.0,24272.05,24276.0,0
2026-04-17 07:17:00+00:00,24275.6,24277.95,24273.4,24273.45,0
2026-04-17 07:18:00+00:00,24273.4,24274.95,24266.2,24268.6,0
2026-04-17 07:19:00+00:00,24268.1,24272.45,24268.1,24272.2,0
2026-04-17 07:20:00+00:00,24272.7,24275.15,24270.75,24272.65,0
2026-04-17 07:21:00+00:00,24271.7,24273.0,24265.7,24266.85,0
2026-04-17 07:22:00+00:00,24266.8,24268.05,24261.5,24262.55,0
2026-04-17 07:23:00+00:00,24262.5,24263.9,24259.95,24263.65,0
2026-04-17 07:24:00+00:00,24263.5,24266.8,24262.9,24265.35,0
2026-04-17 07:25:00+00:00,24264.95,24265.95,24263.1,24264.55,0
2026-04-17 07:26:00+00:00,24264.75,24269.15,24264.75,24266.9,0
2026-04-17 07:27:00+00:00,24266.9,24269.1,24263.2,24263.5,0
2026-04-17 07:28:00+00:00,24263.9,24265.15,24261.05,24263.3,0
2026-04-17 07:29:00+00:00,24262.35,24266.95,24259.9,24266.1,0
2026-04-17 07:30:00+00:00,24267.0,24269.5,24264.85,24268.9,0
2026-04-17 07:31:00+00:00,24268.95,24270.6,24266.75,24269.75,0
2026-04-17 07:32:00+00:00,24269.25,24275.3,24269.25,24271.6,0
2026-04-17 07:33:00+00:00,24271.7,24272.95,24266.45,24269.7,0
2026-04-17 07:34:00+00:00,24269.2,24273.4,24268.05,24269.8,0
2026-04-17 07:35:00+00:00,24269.0,24274.0,24267.8,24274.0,0
2026-04-17 07:36:00+00:00,24273.05,24279.3,24273.05,24276.25,0
2026-04-17 07:37:00+00:00,24276.4,24278.6,24274.6,24278.3,0
2026-04-17 07:38:00+00:00,24277.7,24281.8,24276.5,24281.6,0
2026-04-17 07:39:00+00:00,24281.15,24286.3,24281.15,24284.8,0
2026-04-17 07:40:00+00:00,24284.85,24289.15,24284.55,24288.55,0
2026-04-17 07:41:00+00:00,24288.5,24292.15,24287.1,24291.35,0
2026-04-17 07:42:00+00:00,24291.05,24292.65,24289.05,24291.8,0
2026-04-17 07:43:00+00:00,24292.15,24292.95,24288.05,24288.9,0
2026-04-17 07:44:00+00:00,24288.1,24289.45,24283.75,24285.05,0
2026-04-17 07:45:00+00:00,24284.3,24286.8,24282.5,24286.0,0
2026-04-17 07:46:00+00:00,24286.45,24287.05,24280.9,24282.9,0
2026-04-17 07:47:00+00:00,24281.7,24284.3,24276.8,24278.65,0
2026-04-17 07:48:00+00:00,24277.35,24279.65,24273.45,24274.05,0
2026-04-17 07:49:00+00:00,24272.5,24275.95,24269.5,24271.95,0
2026-04-17 07:50:00+00:00,24270.8,24275.35,24270.8,24273.65,0
2026-04-17 07:51:00+00:00,24272.7,24273.9,24269.15,24269.9,0
2026-04-17 07:52:00+00:00,24269.5,24274.5,24268.05,24274.15,0
2026-04-17 07:53:00+00:00,24273.8,24284.05,24273.7,24283.3,0
2026-04-17 07:54:00+00:00,24282.65,24283.7,24273.4,24273.75,0
2026-04-17 07:55:00+00:00,24273.55,24274.7,24269.3,24271.2,0
2026-04-17 07:56:00+00:00,24270.2,24273.7,24265.4,24273.7,0
2026-04-17 07:57:00+00:00,24272.65,24283.35,24272.05,24283.35,0
2026-04-17 07:58:00+00:00,24283.0,24285.3,24281.6,24284.85,0
2026-04-17 07:59:00+00:00,24284.75,24289.35,24283.75,24289.35,0
2026-04-17 08:00:00+00:00,24289.5,24291.15,24287.45,24290.3,0
2026-04-17 08:01:00+00:00,24289.55,24291.35,24288.05,24290.8,0
2026-04-17 08:02:00+00:00,24290.25,24294.0,24288.15,24294.0,0
2026-04-17 08:03:00+00:00,24294.45,24295.55,24292.75,24294.1,0
2026-04-17 08:04:00+00:00,24294.25,24296.3,24293.1,24296.3,0
2026-04-17 08:05:00+00:00,24296.3,24297.2,24291.35,24291.5,0
2026-04-17 08:06:00+00:00,24291.75,24292.6,24289.25,24290.75,0
2026-04-17 08:07:00+00:00,24290.35,24294.2,24290.35,24293.55,0
2026-04-17 08:08:00+00:00,24293.6,24296.5,24291.1,24296.5,0
2026-04-17 08:09:00+00:00,24296.4,24302.35,24296.05,24301.05,0
2026-04-17 08:10:00+00:00,24300.25,24305.6,24299.4,24304.3,0
2026-04-17 08:11:00+00:00,24303.35,24309.95,24303.35,24309.0,0
2026-04-17 08:12:00+00:00,24309.5,24312.8,24308.85,24312.35,0
2026-04-17 08:13:00+00:00,24312.35,24312.8,24305.35,24308.15,0
2026-04-17 08:14:00+00:00,24307.3,24307.85,24301.3,24301.9,0
2026-04-17 08:15:00+00:00,24301.6,24306.1,24301.5,24304.8,0
2026-04-17 08:16:00+00:00,24304.9,24307.1,24302.2,24306.1,0
2026-04-17 08:17:00+00:00,24305.8,24307.45,24303.5,24306.7,0
2026-04-17 08:18:00+00:00,24306.75,24309.1,24305.8,24307.35,0
2026-04-17 08:19:00+00:00,24306.3,24308.4,24304.65,24306.3,0
2026-04-17 08:20:00+00:00,24306.15,24308.05,24303.0,24304.5,0
2026-04-17 08:21:00+00:00,24304.25,24305.2,24301.25,24304.45,0
2026-04-17 08:22:00+00:00,24305.05,24306.4,24303.25,24303.75,0
2026-04-17 08:23:00+00:00,24303.85,24307.4,24299.75,24300.75,0
2026-04-17 08:24:00+00:00,24300.85,24304.65,24300.45,24304.0,0
2026-04-17 08:25:00+00:00,24304.25,24308.3,24304.25,24304.55,0
2026-04-17 08:26:00+00:00,24305.2,24306.35,24294.05,24298.25,0
2026-04-17 08:27:00+00:00,24298.6,24303.5,24297.7,24301.65,0
2026-04-17 08:28:00+00:00,24302.2,24304.9,24300.95,24304.55,0
2026-04-17 08:29:00+00:00,24303.7,24307.7,24302.3,24303.3,0
2026-04-17 08:30:00+00:00,24303.65,24309.25,24302.5,24307.45,0
2026-04-17 08:31:00+00:00,24308.25,24310.85,24307.2,24308.95,0
2026-04-17 08:32:00+00:00,24308.65,24311.0,24307.75,24309.2,0
2026-04-17 08:33:00+00:00,24309.35,24311.4,24308.15,24310.6,0
2026-04-17 08:34:00+00:00,24309.8,24311.7,24301.8,24302.6,0
2026-04-17 08:35:00+00:00,24302.5,24306.15,24300.85,24306.15,0
2026-04-17 08:36:00+00:00,24306.25,24310.9,24304.85,24308.3,0
2026-04-17 08:37:00+00:00,24308.25,24312.3,24308.25,24311.6,0
2026-04-17 08:38:00+00:00,24311.25,24312.85,24307.15,24309.95,0
2026-04-17 08:39:00+00:00,24311.2,24316.0,24310.85,24312.25,0
2026-04-17 08:40:00+00:00,24312.55,24314.4,24310.5,24313.6,0
2026-04-17 08:41:00+00:00,24313.6,24317.75,24313.15,24315.7,0
2026-04-17 08:42:00+00:00,24315.4,24317.0,24312.95,24314.0,0
2026-04-17 08:43:00+00:00,24314.05,24315.1,24308.95,24309.4,0
2026-04-17 08:44:00+00:00,24309.85,24310.55,24305.45,24306.85,0
2026-04-17 08:45:00+00:00,24307.5,24311.55,24306.8,24308.95,0
2026-04-17 08:46:00+00:00,24309.1,24315.25,24308.2,24311.8,0
2026-04-17 08:47:00+00:00,24312.85,24320.1,24310.15,24310.15,0
2026-04-17 08:48:00+00:00,24309.45,24318.15,24306.65,24317.15,0
2026-04-17 08:49:00+00:00,24317.05,24318.35,24315.5,24316.75,0
2026-04-17 08:50:00+00:00,24316.9,24325.3,24316.35,24324.85,0
2026-04-17 08:51:00+00:00,24324.45,24326.55,24320.85,24325.55,0
2026-04-17 08:52:00+00:00,24325.4,24327.1,24313.0,24316.8,0
2026-04-17 08:53:00+00:00,24317.4,24322.1,24317.1,24319.5,0
2026-04-17 08:54:00+00:00,24319.75,24324.7,24318.1,24324.65,0
2026-04-17 08:55:00+00:00,24323.05,24326.25,24320.85,24321.4,0
2026-04-17 08:56:00+00:00,24321.3,24322.45,24312.65,24313.95,0
2026-04-17 08:57:00+00:00,24313.7,24315.5,24310.75,24312.35,0
2026-04-17 08:58:00+00:00,24312.5,24313.75,24306.85,24307.1,0
2026-04-17 08:59:00+00:00,24306.6,24309.35,24305.1,24307.1,0
2026-04-17 09:00:00+00:00,24307.4,24309.8,24304.75,24309.4,0
2026-04-17 09:01:00+00:00,24309.8,24315.85,24308.3,24313.1,0
2026-04-17 09:02:00+00:00,24312.55,24313.95,24309.9,24311.85,0
2026-04-17 09:03:00+00:00,24311.5,24315.15,24308.2,24309.4,0
2026-04-17 09:04:00+00:00,24309.3,24315.8,24307.95,24314.2,0
2026-04-17 09:05:00+00:00,24314.3,24315.8,24308.2,24310.6,0
2026-04-17 09:06:00+00:00,24310.7,24323.0,24310.7,24322.75,0
2026-04-17 09:07:00+00:00,24322.7,24325.45,24321.0,24321.85,0
2026-04-17 09:08:00+00:00,24322.25,24326.5,24319.1,24325.3,0
2026-04-17 09:09:00+00:00,24325.85,24329.6,24324.65,24325.05,0
2026-04-17 09:10:00+00:00,24325.45,24333.65,24323.35,24328.8,0
2026-04-17 09:11:00+00:00,24329.35,24330.85,24324.65,24328.6,0
2026-04-17 09:12:00+00:00,24328.95,24335.2,24328.65,24334.15,0
2026-04-17 09:13:00+00:00,24333.9,24338.1,24333.3,24335.0,0
2026-04-17 09:14:00+00:00,24335.0,24343.4,24334.3,24340.45,0
2026-04-17 09:15:00+00:00,24339.85,24345.6,24339.85,24344.4,0
2026-04-17 09:16:00+00:00,24344.8,24357.8,24344.8,24354.55,0
2026-04-17 09:17:00+00:00,24355.1,24356.4,24338.05,24338.6,0
2026-04-17 09:18:00+00:00,24338.7,24343.75,24338.0,24339.25,0
2026-04-17 09:19:00+00:00,24338.55,24351.4,24338.55,24348.4,0
2026-04-17 09:20:00+00:00,24349.0,24351.2,24346.0,24349.05,0
2026-04-17 09:21:00+00:00,24349.45,24356.55,24348.65,24354.55,0
2026-04-17 09:22:00+00:00,24354.65,24356.4,24350.25,24352.8,0
2026-04-17 09:23:00+00:00,24353.6,24355.3,24350.85,24352.2,0
2026-04-17 09:24:00+00:00,24352.75,24353.9,24348.4,24351.05,0
2026-04-17 09:25:00+00:00,24349.1,24351.75,24348.55,24350.55,0
2026-04-17 09:26:00+00:00,24350.65,24351.45,24345.0,24346.5,0
2026-04-17 09:27:00+00:00,24347.35,24348.4,24342.2,24348.15,0
2026-04-17 09:28:00+00:00,24347.75,24351.5,24347.1,24349.5,0
2026-04-17 09:29:00+00:00,24349.15,24352.75,24347.1,24349.85,0
2026-04-17 09:30:00+00:00,24349.6,24356.8,24320.1,24325.35,0
2026-04-17 09:31:00+00:00,24324.4,24336.6,24324.4,24332.8,0
2026-04-17 09:32:00+00:00,24330.5,24334.4,24326.1,24328.25,0
2026-04-17 09:33:00+00:00,24327.05,24343.3,24327.05,24342.8,0
2026-04-17 09:34:00+00:00,24341.7,24350.2,24340.25,24350.15,0
2026-04-17 09:35:00+00:00,24349.35,24353.8,24346.6,24353.8,0
2026-04-17 09:36:00+00:00,24353.2,24358.25,24345.3,24347.5,0
2026-04-17 09:37:00+00:00,24346.25,24349.05,24343.95,24348.85,0
2026-04-17 09:38:00+00:00,24347.55,24353.95,24344.5,24353.95,0
2026-04-17 09:39:00+00:00,24353.55,24355.15,24350.45,24352.25,0
2026-04-17 09:40:00+00:00,24350.9,24356.2,24349.3,24355.6,0
2026-04-17 09:41:00+00:00,24353.0,24355.4,24350.8,24354.95,0
2026-04-17 09:42:00+00:00,24354.65,24355.25,24351.1,24353.7,0
2026-04-17 09:43:00+00:00,24354.1,24354.95,24351.9,24353.6,0
2026-04-17 09:44:00+00:00,24353.5,24356.25,24352.85,24354.55,0
2026-04-17 09:45:00+00:00,24353.65,24354.7,24348.95,24351.45,0
2026-04-17 09:46:00+00:00,24349.7,24355.75,24348.1,24355.75,0
2026-04-17 09:47:00+00:00,24354.4,24358.75,24352.4,24357.3,0
2026-04-17 09:48:00+00:00,24355.65,24359.1,24352.65,24358.7,0
2026-04-17 09:49:00+00:00,24356.95,24363.6,24356.95,24361.75,0
2026-04-17 09:50:00+00:00,24360.8,24363.1,24357.8,24360.0,0
2026-04-17 09:51:00+00:00,24358.45,24362.55,24356.0,24361.05,0
2026-04-17 09:52:00+00:00,24360.9,24366.95,24359.85,24365.8,0
2026-04-17 09:53:00+00:00,24364.45,24367.95,24363.1,24367.4,0
2026-04-17 09:54:00+00:00,24366.45,24368.85,24363.4,24367.2,0
2026-04-17 09:55:00+00:00,24367.8,24369.95,24359.8,24361.95,0
2026-04-17 09:56:00+00:00,24361.7,24363.35,24358.6,24362.4,0
2026-04-17 09:57:00+00:00,24361.95,24363.6,24359.25,24362.15,0
2026-04-17 09:58:00+00:00,24362.15,24366.25,24361.5,24363.25,0
2026-04-17 09:59:00+00:00,24364.2,24371.9,24361.3,24366.9,0
2026-04-20 03:45:00+00:00,24391.5,24420.2,24270.2,24295.85,0
2026-04-20 03:46:00+00:00,24294.35,24314.15,24241.25,24269.4,0
2026-04-20 03:47:00+00:00,24270.1,24322.25,24264.45,24318.25,0
2026-04-20 03:48:00+00:00,24320.5,24325.95,24291.35,24304.1,0
2026-04-20 03:49:00+00:00,24301.35,24339.55,24299.6,24339.55,0
2026-04-20 03:50:00+00:00,24340.25,24367.95,24340.25,24365.25,0
2026-04-20 03:51:00+00:00,24366.05,24370.2,24354.4,24369.45,0
2026-04-20 03:52:00+00:00,24370.65,24382.85,24368.3,24378.5,0
2026-04-20 03:53:00+00:00,24379.65,24393.55,24375.3,24388.6,0
2026-04-20 03:54:00+00:00,24387.95,24396.85,24383.85,24395.85,0
2026-04-20 03:55:00+00:00,24393.0,24417.35,24388.6,24413.75,0
2026-04-20 03:56:00+00:00,24412.45,24414.15,24379.35,24381.1,0
2026-04-20 03:57:00+00:00,24382.7,24388.2,24378.8,24386.25,0
2026-04-20 03:58:00+00:00,24387.45,24410.9,24387.45,24398.0,0
2026-04-20 03:59:00+00:00,24397.9,24401.05,24383.0,24383.0,0
2026-04-20 04:00:00+00:00,24383.15,24389.75,24374.6,24375.65,0
2026-04-20 04:01:00+00:00,24375.5,24375.5,24364.0,24367.5,0
2026-04-20 04:02:00+00:00,24368.65,24368.85,24339.05,24345.05,0
2026-04-20 04:03:00+00:00,24344.65,24372.5,24343.9,24371.2,0
2026-04-20 04:04:00+00:00,24370.05,24371.75,24350.25,24357.9,0
2026-04-20 04:05:00+00:00,24360.25,24369.4,24355.0,24363.3,0
2026-04-20 04:06:00+00:00,24364.1,24371.75,24350.05,24354.1,0
2026-04-20 04:07:00+00:00,24354.1,24355.1,24348.3,24348.3,0
2026-04-20 04:08:00+00:00,24349.1,24353.2,24334.7,24339.15,0
2026-04-20 04:09:00+00:00,24338.7,24347.45,24336.65,24343.3,0
2026-04-20 04:10:00+00:00,24342.85,24344.35,24336.1,24343.35,0
2026-04-20 04:11:00+00:00,24343.45,24352.7,24328.55,24328.6,0
2026-04-20 04:12:00+00:00,24329.8,24338.3,24320.25,24325.15,0
2026-04-20 04:13:00+00:00,24324.85,24326.2,24309.65,24310.3,0
2026-04-20 04:14:00+00:00,24309.75,24310.85,24295.6,24302.75,0
2026-04-20 04:15:00+00:00,24301.85,24305.9,24290.0,24295.85,0
2026-04-20 04:16:00+00:00,24295.55,24300.2,24291.5,24291.5,0
2026-04-20 04:17:00+00:00,24291.6,24292.3,24281.2,24284.85,0
2026-04-20 04:18:00+00:00,24283.75,24290.25,24281.45,24282.95,0
2026-04-20 04:19:00+00:00,24281.9,24300.3,24281.45,24296.55,0
2026-04-20 04:20:00+00:00,24297.1,24299.0,24285.5,24289.9,0
2026-04-20 04:21:00+00:00,24290.15,24301.05,24289.4,24295.3,0
2026-04-20 04:22:00+00:00,24295.65,24309.1,24295.6,24307.55,0
2026-04-20 04:23:00+00:00,24307.8,24324.3,24306.9,24319.05,0
2026-04-20 04:24:00+00:00,24318.7,24338.7,24318.7,24338.15,0
2026-04-20 04:25:00+00:00,24337.4,24344.1,24330.5,24342.9,0
2026-04-20 04:26:00+00:00,24343.7,24343.7,24325.6,24328.1,0
2026-04-20 04:27:00+00:00,24328.0,24332.85,24325.1,24325.25,0
2026-04-20 04:28:00+00:00,24325.9,24327.8,24320.35,24323.0,0
2026-04-20 04:29:00+00:00,24323.05,24333.2,24322.05,24331.75,0
2026-04-20 04:30:00+00:00,24331.05,24334.5,24326.35,24332.5,0
2026-04-20 04:31:00+00:00,24332.15,24338.75,24330.6,24332.8,0
2026-04-20 04:32:00+00:00,24333.5,24346.45,24330.8,24345.45,0
2026-04-20 04:33:00+00:00,24346.35,24365.55,24344.45,24361.95,0
2026-04-20 04:34:00+00:00,24362.5,24363.3,24345.0,24355.95,0
2026-04-20 04:35:00+00:00,24356.5,24364.0,24355.9,24363.7,0
2026-04-20 04:36:00+00:00,24364.4,24364.4,24355.2,24356.45,0
2026-04-20 04:37:00+00:00,24356.6,24370.5,24356.25,24369.45,0
2026-04-20 04:38:00+00:00,24368.9,24382.75,24368.9,24379.95,0
2026-04-20 04:39:00+00:00,24380.65,24388.3,24379.9,24386.85,0
2026-04-20 04:40:00+00:00,24388.05,24388.05,24375.4,24382.6,0
2026-04-20 04:41:00+00:00,24382.3,24382.8,24377.8,24379.7,0
2026-04-20 04:42:00+00:00,24380.25,24382.25,24365.65,24365.7,0
2026-04-20 04:43:00+00:00,24366.2,24372.75,24365.6,24372.5,0
2026-04-20 04:44:00+00:00,24371.55,24381.25,24368.7,24379.6,0
2026-04-20 04:45:00+00:00,24379.95,24380.9,24370.5,24380.15,0
2026-04-20 04:46:00+00:00,24380.25,24388.45,24379.1,24385.95,0
2026-04-20 04:47:00+00:00,24385.9,24398.35,24385.8,24396.1,0
2026-04-20 04:48:00+00:00,24396.85,24398.85,24387.95,24392.4,0
2026-04-20 04:49:00+00:00,24392.25,24392.25,24385.95,24389.85,0
2026-04-20 04:50:00+00:00,24389.45,24393.45,24382.3,24382.3,0
2026-04-20 04:51:00+00:00,24383.9,24385.1,24374.7,24378.85,0
2026-04-20 04:52:00+00:00,24380.65,24393.5,24380.65,24390.7,0
2026-04-20 04:53:00+00:00,24389.7,24397.55,24389.7,24397.55,0
2026-04-20 04:54:00+00:00,24396.6,24404.6,24396.5,24403.0,0
2026-04-20 04:55:00+00:00,24400.6,24400.6,24388.95,24396.55,0
2026-04-20 04:56:00+00:00,24396.6,24404.75,24396.55,24403.2,0
2026-04-20 04:57:00+00:00,24402.1,24404.0,24396.65,24401.65,0
2026-04-20 04:58:00+00:00,24401.0,24411.25,24397.65,24410.45,0
2026-04-20 04:59:00+00:00,24410.25,24413.5,24404.1,24409.65,0
2026-04-20 05:00:00+00:00,24409.5,24428.05,24409.5,24425.95,0
2026-04-20 05:01:00+00:00,24426.9,24433.3,24424.95,24432.15,0
2026-04-20 05:02:00+00:00,24431.8,24440.35,24431.7,24436.4,0
2026-04-20 05:03:00+00:00,24436.8,24439.45,24430.5,24435.2,0
2026-04-20 05:04:00+00:00,24435.6,24436.6,24423.25,24427.15,0
2026-04-20 05:05:00+00:00,24427.85,24436.9,24426.85,24435.1,0
2026-04-20 05:06:00+00:00,24435.9,24438.05,24432.4,24433.2,0
2026-04-20 05:07:00+00:00,24433.55,24441.15,24431.5,24437.55,0
2026-04-20 05:08:00+00:00,24436.0,24438.0,24426.3,24426.8,0
2026-04-20 05:09:00+00:00,24427.3,24433.7,24420.95,24433.2,0
2026-04-20 05:10:00+00:00,24433.6,24448.5,24433.2,24446.75,0
2026-04-20 05:11:00+00:00,24446.55,24447.65,24442.5,24443.7,0
2026-04-20 05:12:00+00:00,24443.7,24444.85,24437.8,24440.6,0
2026-04-20 05:13:00+00:00,24439.55,24441.7,24436.4,24441.4,0
2026-04-20 05:14:00+00:00,24441.35,24446.45,24439.05,24439.05,0
2026-04-20 05:15:00+00:00,24439.35,24439.7,24425.5,24426.45,0
2026-04-20 05:16:00+00:00,24426.3,24427.2,24417.55,24419.25,0
2026-04-20 05:17:00+00:00,24419.55,24431.05,24419.45,24430.45,0
2026-04-20 05:18:00+00:00,24430.9,24434.35,24430.6,24433.25,0
2026-04-20 05:19:00+00:00,24433.1,24434.3,24427.55,24430.25,0
2026-04-20 05:20:00+00:00,24431.05,24432.2,24418.8,24419.0,0
2026-04-20 05:21:00+00:00,24419.25,24420.7,24410.9,24410.95,0
2026-04-20 05:22:00+00:00,24411.2,24425.25,24411.2,24419.95,0
2026-04-20 05:23:00+00:00,24420.8,24426.1,24419.65,24425.3,0
2026-04-20 05:24:00+00:00,24425.3,24426.85,24422.25,24425.1,0
2026-04-20 05:25:00+00:00,24425.5,24426.05,24415.8,24417.8,0
2026-04-20 05:26:00+00:00,24417.05,24421.15,24417.0,24421.0,0
2026-04-20 05:27:00+00:00,24420.95,24428.05,24419.95,24426.35,0
2026-04-20 05:28:00+00:00,24426.45,24431.5,24425.55,24429.45,0
2026-04-20 05:29:00+00:00,24429.6,24432.5,24428.2,24430.1,0
2026-04-20 05:30:00+00:00,24431.1,24431.8,24418.2,24420.45,0
2026-04-20 05:31:00+00:00,24421.45,24424.65,24418.5,24419.1,0
2026-04-20 05:32:00+00:00,24419.0,24422.45,24415.85,24418.3,0
2026-04-20 05:33:00+00:00,24417.95,24425.45,24416.7,24424.45,0
2026-04-20 05:34:00+00:00,24424.8,24436.15,24422.9,24433.15,0
2026-04-20 05:35:00+00:00,24433.6,24434.85,24431.25,24434.7,0
2026-04-20 05:36:00+00:00,24434.0,24440.1,24424.1,24425.5,0
2026-04-20 05:37:00+00:00,24425.65,24429.25,24424.95,24427.85,0
2026-04-20 05:38:00+00:00,24428.6,24429.55,24417.3,24417.3,0
2026-04-20 05:39:00+00:00,24418.05,24418.3,24406.45,24407.15,0
2026-04-20 05:40:00+00:00,24407.15,24411.05,24395.9,24408.55,0
2026-04-20 05:41:00+00:00,24408.15,24411.3,24406.7,24408.1,0
2026-04-20 05:42:00+00:00,24407.1,24418.95,24407.1,24417.95,0
2026-04-20 05:43:00+00:00,24417.55,24421.65,24413.7,24421.65,0
2026-04-20 05:44:00+00:00,24420.75,24422.6,24407.65,24407.65,0
2026-04-20 05:45:00+00:00,24408.45,24420.1,24407.2,24420.1,0
2026-04-20 05:46:00+00:00,24419.6,24427.55,24419.05,24419.75,0
2026-04-20 05:47:00+00:00,24419.25,24424.25,24417.9,24423.95,0
2026-04-20 05:48:00+00:00,24423.15,24432.9,24422.85,24431.25,0
2026-04-20 05:49:00+00:00,24430.9,24432.0,24423.1,24425.7,0
2026-04-20 05:50:00+00:00,24426.15,24430.7,24424.75,24430.7,0
2026-04-20 05:51:00+00:00,24430.55,24436.4,24429.05,24435.9,0
2026-04-20 05:52:00+00:00,24435.55,24437.15,24429.4,24432.75,0
2026-04-20 05:53:00+00:00,24433.05,24439.3,24433.0,24439.3,0
2026-04-20 05:54:00+00:00,24440.4,24456.65,24440.3,24455.15,0
2026-04-20 05:55:00+00:00,24455.45,24462.55,24453.55,24461.7,0
2026-04-20 05:56:00+00:00,24461.15,24463.2,24458.55,24460.15,0
2026-04-20 05:57:00+00:00,24459.1,24460.45,24448.85,24453.8,0
2026-04-20 05:58:00+00:00,24453.65,24461.0,24453.55,24460.55,0
2026-04-20 05:59:00+00:00,24459.95,24467.6,24458.75,24464.75,0
2026-04-20 06:00:00+00:00,24463.8,24467.85,24461.25,24461.95,0
2026-04-20 06:01:00+00:00,24462.4,24464.35,24450.45,24453.4,0
2026-04-20 06:02:00+00:00,24451.45,24456.05,24448.65,24455.4,0
2026-04-20 06:03:00+00:00,24454.65,24455.2,24450.4,24451.2,0
2026-04-20 06:04:00+00:00,24450.85,24453.8,24450.25,24451.8,0
2026-04-20 06:05:00+00:00,24451.75,24453.4,24444.4,24451.3,0
2026-04-20 06:06:00+00:00,24453.05,24456.1,24447.95,24450.15,0
2026-04-20 06:07:00+00:00,24450.1,24451.45,24447.9,24448.05,0
2026-04-20 06:08:00+00:00,24447.75,24449.65,24439.9,24449.65,0
2026-04-20 06:09:00+00:00,24448.9,24458.3,24448.85,24457.75,0
2026-04-20 06:10:00+00:00,24457.5,24460.5,24457.0,24460.35,0
2026-04-20 06:11:00+00:00,24460.1,24461.7,24452.8,24455.5,0
2026-04-20 06:12:00+00:00,24454.75,24466.5,24454.2,24466.5,0
2026-04-20 06:13:00+00:00,24465.7,24470.55,24465.25,24469.65,0
2026-04-20 06:14:00+00:00,24468.8,24471.15,24459.8,24462.75,0
2026-04-20 06:15:00+00:00,24462.4,24468.6,24462.4,24468.05,0
2026-04-20 06:16:00+00:00,24468.1,24473.1,24467.55,24471.8,0
2026-04-20 06:17:00+00:00,24470.5,24473.25,24468.95,24470.3,0
2026-04-20 06:18:00+00:00,24470.6,24472.3,24461.05,24462.15,0
2026-04-20 06:19:00+00:00,24462.1,24467.75,24461.35,24467.45,0
2026-04-20 06:20:00+00:00,24466.95,24467.65,24463.65,24465.6,0
2026-04-20 06:21:00+00:00,24465.0,24465.75,24457.25,24458.9,0
2026-04-20 06:22:00+00:00,24457.9,24463.05,24456.4,24462.65,0
2026-04-20 06:23:00+00:00,24462.3,24464.0,24460.15,24462.5,0
2026-04-20 06:24:00+00:00,24462.15,24466.15,24461.6,24465.35,0
2026-04-20 06:25:00+00:00,24465.35,24467.8,24462.3,24462.9,0
2026-04-20 06:26:00+00:00,24462.6,24463.85,24459.4,24462.2,0
2026-04-20 06:27:00+00:00,24461.3,24463.3,24460.7,24463.3,0
2026-04-20 06:28:00+00:00,24462.95,24468.25,24461.35,24467.1,0
2026-04-20 06:29:00+00:00,24467.8,24468.25,24460.6,24463.35,0
2026-04-20 06:30:00+00:00,24463.25,24469.25,24463.25,24467.65,0
2026-04-20 06:31:00+00:00,24467.5,24469.6,24464.3,24464.9,0
2026-04-20 06:32:00+00:00,24464.6,24465.8,24461.0,24464.95,0
2026-04-20 06:33:00+00:00,24463.85,24466.45,24462.15,24462.55,0
2026-04-20 06:34:00+00:00,24462.65,24462.9,24458.45,24459.9,0
2026-04-20 06:35:00+00:00,24459.6,24461.2,24452.25,24453.5,0
2026-04-20 06:36:00+00:00,24452.95,24453.35,24448.95,24451.45,0
2026-04-20 06:37:00+00:00,24451.5,24456.5,24451.15,24455.15,0
2026-04-20 06:38:00+00:00,24455.1,24463.2,24453.85,24462.3,0
2026-04-20 06:39:00+00:00,24461.35,24462.05,24448.75,24448.95,0
2026-04-20 06:40:00+00:00,24449.6,24450.6,24437.9,24439.5,0
2026-04-20 06:41:00+00:00,24438.9,24445.65,24438.65,24444.7,0
2026-04-20 06:42:00+00:00,24444.25,24446.5,24441.55,24442.1,0
2026-04-20 06:43:00+00:00,24442.15,24442.3,24429.1,24430.9,0
2026-04-20 06:44:00+00:00,24430.4,24433.35,24421.75,24433.2,0
2026-04-20 06:45:00+00:00,24433.2,24435.85,24432.35,24435.1,0
2026-04-20 06:46:00+00:00,24435.4,24439.1,24427.8,24429.35,0
2026-04-20 06:47:00+00:00,24429.45,24431.7,24427.75,24429.9,0
2026-04-20 06:48:00+00:00,24429.35,24430.85,24427.75,24429.95,0
2026-04-20 06:49:00+00:00,24429.6,24431.0,24426.0,24430.9,0
2026-04-20 06:50:00+00:00,24430.7,24436.2,24430.3,24436.2,0
2026-04-20 06:51:00+00:00,24435.35,24440.1,24435.3,24438.3,0
2026-04-20 06:52:00+00:00,24437.65,24443.55,24437.25,24443.3,0
2026-04-20 06:53:00+00:00,24443.3,24443.95,24439.45,24441.9,0
2026-04-20 06:54:00+00:00,24442.2,24446.25,24440.9,24445.7,0
2026-04-20 06:55:00+00:00,24445.5,24448.85,24444.1,24448.25,0
2026-04-20 06:56:00+00:00,24448.75,24459.6,24444.45,24458.95,0
2026-04-20 06:57:00+00:00,24458.15,24462.3,24458.15,24461.85,0
2026-04-20 06:58:00+00:00,24461.9,24462.65,24456.5,24457.25,0
2026-04-20 06:59:00+00:00,24457.3,24463.45,24456.95,24461.4,0
2026-04-20 07:00:00+00:00,24461.0,24467.5,24461.0,24463.25,0
2026-04-20 07:01:00+00:00,24462.55,24463.1,24455.75,24457.25,0
2026-04-20 07:02:00+00:00,24457.2,24460.25,24456.25,24459.75,0
2026-04-20 07:03:00+00:00,24459.15,24466.6,24459.1,24466.3,0
2026-04-20 07:04:00+00:00,24466.25,24468.7,24464.7,24466.25,0
2026-04-20 07:05:00+00:00,24465.75,24468.45,24460.65,24461.05,0
2026-04-20 07:06:00+00:00,24460.7,24462.95,24453.15,24458.75,0
2026-04-20 07:07:00+00:00,24458.45,24461.55,24456.25,24457.85,0
2026-04-20 07:08:00+00:00,24456.85,24466.15,24455.2,24465.7,0
2026-04-20 07:09:00+00:00,24465.7,24468.7,24464.6,24467.35,0
2026-04-20 07:10:00+00:00,24467.5,24468.9,24459.3,24460.6,0
2026-04-20 07:11:00+00:00,24460.7,24464.95,24460.7,24464.35,0
2026-04-20 07:12:00+00:00,24463.35,24470.5,24463.35,24466.4,0
2026-04-20 07:13:00+00:00,24466.55,24467.2,24461.9,24463.1,0
2026-04-20 07:14:00+00:00,24463.15,24463.65,24458.65,24462.35,0
2026-04-20 07:15:00+00:00,24462.1,24464.85,24461.05,24463.85,0
2026-04-20 07:16:00+00:00,24463.75,24467.15,24462.35,24467.15,0
2026-04-20 07:17:00+00:00,24466.35,24473.9,24465.55,24472.2,0
2026-04-20 07:18:00+00:00,24471.5,24475.25,24470.05,24474.65,0
2026-04-20 07:19:00+00:00,24473.65,24473.9,24469.3,24472.5,0
2026-04-20 07:20:00+00:00,24472.65,24475.85,24471.95,24472.7,0
2026-04-20 07:21:00+00:00,24472.5,24477.7,24470.35,24476.25,0
2026-04-20 07:22:00+00:00,24476.4,24480.55,24476.4,24479.0,0
2026-04-20 07:23:00+00:00,24479.55,24480.15,24474.65,24476.65,0
2026-04-20 07:24:00+00:00,24476.7,24480.65,24473.7,24473.7,0
2026-04-20 07:25:00+00:00,24474.5,24477.85,24472.65,24477.8,0
2026-04-20 07:26:00+00:00,24477.75,24478.6,24471.65,24472.8,0
2026-04-20 07:27:00+00:00,24472.95,24476.05,24467.9,24468.85,0
2026-04-20 07:28:00+00:00,24468.45,24470.55,24462.1,24465.15,0
2026-04-20 07:29:00+00:00,24464.5,24466.25,24460.75,24462.05,0
2026-04-20 07:30:00+00:00,24461.85,24463.15,24411.9,24433.3,0
2026-04-20 07:31:00+00:00,24434.3,24441.7,24430.15,24432.9,0
2026-04-20 07:32:00+00:00,24432.65,24440.05,24431.2,24438.3,0
2026-04-20 07:33:00+00:00,24438.2,24443.4,24437.8,24441.6,0
2026-04-20 07:34:00+00:00,24441.2,24442.25,24438.4,24439.25,0
2026-04-20 07:35:00+00:00,24439.35,24447.3,24436.7,24444.9,0
2026-04-20 07:36:00+00:00,24444.95,24444.95,24426.3,24428.05,0
2026-04-20 07:37:00+00:00,24427.6,24433.3,24420.65,24430.85,0
2026-04-20 07:38:00+00:00,24431.05,24432.5,24425.2,24425.65,0
2026-04-20 07:39:00+00:00,24424.65,24430.0,24422.5,24423.5,0
2026-04-20 07:40:00+00:00,24421.9,24421.9,24408.1,24409.8,0
2026-04-20 07:41:00+00:00,24408.85,24409.9,24394.35,24403.55,0
2026-04-20 07:42:00+00:00,24402.9,24422.35,24400.85,24422.35,0
2026-04-20 07:43:00+00:00,24420.45,24422.4,24416.85,24421.2,0
2026-04-20 07:44:00+00:00,24422.1,24423.7,24412.75,24414.3,0
2026-04-20 07:45:00+00:00,24414.05,24414.65,24403.3,24405.45,0
2026-04-20 07:46:00+00:00,24406.1,24420.0,24397.2,24419.85,0
2026-04-20 07:47:00+00:00,24419.75,24424.3,24416.9,24423.8,0
2026-04-20 07:48:00+00:00,24423.55,24424.6,24416.4,24416.4,0
2026-04-20 07:49:00+00:00,24417.55,24418.55,24409.2,24414.85,0
2026-04-20 07:50:00+00:00,24413.85,24416.55,24412.95,24415.25,0
2026-04-20 07:51:00+00:00,24414.45,24415.15,24406.25,24408.65,0
2026-04-20 07:52:00+00:00,24408.6,24409.35,24394.75,24397.9,0
2026-04-20 07:53:00+00:00,24397.65,24397.8,24386.15,24386.15,0
2026-04-20 07:54:00+00:00,24386.9,24398.0,24381.75,24390.8,0
2026-04-20 07:55:00+00:00,24391.2,24391.85,24376.05,24376.05,0
2026-04-20 07:56:00+00:00,24375.75,24375.75,24360.0,24367.45,0
2026-04-20 07:57:00+00:00,24367.45,24367.75,24359.2,24362.5,0
2026-04-20 07:58:00+00:00,24361.95,24372.5,24361.0,24372.0,0
2026-04-20 07:59:00+00:00,24372.5,24392.0,24369.2,24392.0,0
2026-04-20 08:00:00+00:00,24392.65,24400.15,24389.3,24392.0,0
2026-04-20 08:01:00+00:00,24391.75,24392.4,24382.15,24384.95,0
2026-04-20 08:02:00+00:00,24385.55,24385.65,24377.95,24384.05,0
2026-04-20 08:03:00+00:00,24383.9,24395.25,24381.2,24393.6,0
2026-04-20 08:04:00+00:00,24393.5,24397.2,24392.35,24396.3,0
2026-04-20 08:05:00+00:00,24395.45,24396.05,24387.95,24392.2,0
2026-04-20 08:06:00+00:00,24391.9,24392.1,24370.55,24370.55,0
2026-04-20 08:07:00+00:00,24370.85,24377.8,24369.2,24373.85,0
2026-04-20 08:08:00+00:00,24373.5,24379.85,24370.65,24378.5,0
2026-04-20 08:09:00+00:00,24377.85,24378.95,24373.15,24375.3,0
2026-04-20 08:10:00+00:00,24375.05,24383.4,24372.05,24383.0,0
2026-04-20 08:11:00+00:00,24382.0,24388.5,24380.75,24388.5,0
2026-04-20 08:12:00+00:00,24388.8,24393.55,24386.1,24393.55,0
2026-04-20 08:13:00+00:00,24393.1,24401.35,24392.25,24401.2,0
2026-04-20 08:14:00+00:00,24400.2,24404.8,24395.75,24396.35,0
2026-04-20 08:15:00+00:00,24395.6,24396.15,24391.15,24393.2,0
2026-04-20 08:16:00+00:00,24393.5,24394.0,24382.7,24385.45,0
2026-04-20 08:17:00+00:00,24385.85,24397.8,24385.6,24397.35,0
2026-04-20 08:18:00+00:00,24397.4,24397.65,24391.7,24395.6,0
2026-04-20 08:19:00+00:00,24396.45,24397.0,24380.45,24380.45,0
2026-04-20 08:20:00+00:00,24380.7,24381.1,24375.7,24378.55,0
2026-04-20 08:21:00+00:00,24378.35,24380.65,24369.9,24375.7,0
2026-04-20 08:22:00+00:00,24376.1,24378.95,24370.05,24374.5,0
2026-04-20 08:23:00+00:00,24374.0,24382.5,24374.0,24382.5,0
2026-04-20 08:24:00+00:00,24381.55,24391.9,24380.75,24390.65,0
2026-04-20 08:25:00+00:00,24391.3,24391.3,24379.65,24380.4,0
2026-04-20 08:26:00+00:00,24379.85,24381.95,24378.7,24380.65,0
2026-04-20 08:27:00+00:00,24380.2,24388.2,24378.55,24388.0,0
2026-04-20 08:28:00+00:00,24387.75,24391.8,24383.8,24387.25,0
2026-04-20 08:29:00+00:00,24386.65,24396.45,24385.9,24395.35,0
2026-04-20 08:30:00+00:00,24395.75,24396.05,24385.05,24385.05,0
2026-04-20 08:31:00+00:00,24383.9,24385.6,24377.7,24384.3,0
2026-04-20 08:32:00+00:00,24385.0,24386.55,24373.5,24384.2,0
2026-04-20 08:33:00+00:00,24383.95,24391.65,24383.95,24389.55,0
2026-04-20 08:34:00+00:00,24389.3,24396.05,24387.6,24393.1,0
2026-04-20 08:35:00+00:00,24392.6,24393.35,24381.8,24388.55,0
2026-04-20 08:36:00+00:00,24386.95,24387.55,24378.35,24380.35,0
2026-04-20 08:37:00+00:00,24380.0,24382.75,24374.55,24378.5,0
2026-04-20 08:38:00+00:00,24378.75,24378.95,24373.4,24375.0,0
2026-04-20 08:39:00+00:00,24374.75,24380.7,24372.25,24380.0,0
2026-04-20 08:40:00+00:00,24380.05,24389.35,24380.05,24389.35,0
2026-04-20 08:41:00+00:00,24389.6,24395.6,24385.45,24389.75,0
2026-04-20 08:42:00+00:00,24389.6,24393.95,24387.35,24389.4,0
2026-04-20 08:43:00+00:00,24388.85,24393.6,24386.5,24393.6,0
2026-04-20 08:44:00+00:00,24392.7,24394.85,24389.5,24393.75,0
2026-04-20 08:45:00+00:00,24393.95,24395.15,24391.2,24394.25,0
2026-04-20 08:46:00+00:00,24394.85,24397.7,24391.5,24397.7,0
2026-04-20 08:47:00+00:00,24397.8,24400.9,24395.05,24396.25,0
2026-04-20 08:48:00+00:00,24396.55,24398.4,24392.0,24392.9,0
2026-04-20 08:49:00+00:00,24392.45,24394.8,24388.1,24393.95,0
2026-04-20 08:50:00+00:00,24394.1,24401.2,24392.7,24401.2,0
2026-04-20 08:51:00+00:00,24401.55,24403.65,24399.1,24399.65,0
2026-04-20 08:52:00+00:00,24399.8,24400.55,24395.55,24397.25,0
2026-04-20 08:53:00+00:00,24397.75,24402.25,24397.55,24402.15,0
2026-04-20 08:54:00+00:00,24402.8,24418.4,24401.2,24415.35,0
2026-04-20 08:55:00+00:00,24415.65,24423.3,24414.4,24422.25,0
2026-04-20 08:56:00+00:00,24421.65,24422.15,24411.65,24416.15,0
2026-04-20 08:57:00+00:00,24417.1,24428.9,24414.4,24426.5,0
2026-04-20 08:58:00+00:00,24425.9,24435.85,24424.9,24435.7,0
2026-04-20 08:59:00+00:00,24436.3,24438.0,24429.55,24431.25,0
2026-04-20 09:00:00+00:00,24431.5,24431.6,24418.35,24419.75,0
2026-04-20 09:01:00+00:00,24418.4,24418.8,24410.85,24412.8,0
2026-04-20 09:02:00+00:00,24413.45,24414.25,24401.15,24411.85,0
2026-04-20 09:03:00+00:00,24411.3,24423.65,24410.65,24423.4,0
2026-04-20 09:04:00+00:00,24423.15,24426.75,24419.15,24423.2,0
2026-04-20 09:05:00+00:00,24423.65,24426.95,24422.3,24423.65,0
2026-04-20 09:06:00+00:00,24422.6,24429.8,24422.6,24428.65,0
2026-04-20 09:07:00+00:00,24427.75,24430.8,24417.8,24418.3,0
2026-04-20 09:08:00+00:00,24418.65,24418.65,24407.45,24408.2,0
2026-04-20 09:09:00+00:00,24407.8,24408.8,24399.75,24403.85,0
2026-04-20 09:10:00+00:00,24403.75,24405.05,24397.8,24403.35,0
2026-04-20 09:11:00+00:00,24403.3,24405.1,24398.2,24398.2,0
2026-04-20 09:12:00+00:00,24399.45,24402.15,24396.0,24398.6,0
2026-04-20 09:13:00+00:00,24398.35,24402.2,24391.95,24394.15,0
2026-04-20 09:14:00+00:00,24391.55,24402.9,24390.8,24401.25,0
2026-04-20 09:15:00+00:00,24402.35,24404.4,24388.45,24392.95,0
2026-04-20 09:16:00+00:00,24392.6,24393.65,24371.95,24384.7,0
2026-04-20 09:17:00+00:00,24384.7,24387.5,24377.7,24379.0,0
2026-04-20 09:18:00+00:00,24379.4,24389.45,24378.4,24388.75,0
2026-04-20 09:19:00+00:00,24389.5,24402.8,24388.45,24402.8,0
2026-04-20 09:20:00+00:00,24402.6,24403.8,24395.95,24403.35,0
2026-04-20 09:21:00+00:00,24402.8,24402.8,24399.45,24399.5,0
2026-04-20 09:22:00+00:00,24399.6,24402.4,24398.85,24402.05,0
2026-04-20 09:23:00+00:00,24400.1,24402.5,24398.25,24401.3,0
2026-04-20 09:24:00+00:00,24401.1,24407.25,24400.1,24407.25,0
2026-04-20 09:25:00+00:00,24406.75,24410.2,24400.7,24401.2,0
2026-04-20 09:26:00+00:00,24401.45,24405.95,24398.95,24402.15,0
2026-04-20 09:27:00+00:00,24402.9,24410.4,24401.8,24403.05,0
2026-04-20 09:28:00+00:00,24402.15,24406.55,24400.2,24405.65,0
2026-04-20 09:29:00+00:00,24406.2,24408.85,24403.45,24407.9,0
2026-04-20 09:30:00+00:00,24407.9,24424.6,24406.3,24415.3,0
2026-04-20 09:31:00+00:00,24416.95,24420.65,24415.5,24419.5,0
2026-04-20 09:32:00+00:00,24421.35,24421.7,24413.2,24413.65,0
2026-04-20 09:33:00+00:00,24412.85,24413.85,24408.6,24409.15,0
2026-04-20 09:34:00+00:00,24409.4,24410.4,24406.9,24408.55,0
2026-04-20 09:35:00+00:00,24408.5,24408.95,24399.65,24400.5,0
2026-04-20 09:36:00+00:00,24400.5,24402.9,24391.6,24394.0,0
2026-04-20 09:37:00+00:00,24393.4,24395.75,24390.0,24390.3,0
2026-04-20 09:38:00+00:00,24391.15,24391.7,24385.6,24390.75,0
2026-04-20 09:39:00+00:00,24391.55,24395.5,24387.15,24388.25,0
2026-04-20 09:40:00+00:00,24387.45,24391.3,24383.95,24391.15,0
2026-04-20 09:41:00+00:00,24390.8,24396.75,24390.5,24394.7,0
2026-04-20 09:42:00+00:00,24395.4,24397.05,24391.5,24393.4,0
2026-04-20 09:43:00+00:00,24393.25,24394.05,24384.0,24388.05,0
2026-04-20 09:44:00+00:00,24387.5,24391.1,24381.0,24381.8,0
2026-04-20 09:45:00+00:00,24382.25,24383.2,24370.9,24373.1,0
2026-04-20 09:46:00+00:00,24373.25,24374.1,24366.15,24366.95,0
2026-04-20 09:47:00+00:00,24366.85,24367.15,24353.1,24354.1,0
2026-04-20 09:48:00+00:00,24353.55,24355.35,24331.35,24332.9,0
2026-04-20 09:49:00+00:00,24332.55,24337.15,24323.85,24325.15,0
2026-04-20 09:50:00+00:00,24325.45,24338.55,24324.95,24337.35,0
2026-04-20 09:51:00+00:00,24337.7,24338.65,24330.9,24332.0,0
2026-04-20 09:52:00+00:00,24332.45,24333.1,24328.5,24331.85,0
2026-04-20 09:53:00+00:00,24331.9,24332.45,24326.7,24327.75,0
2026-04-20 09:54:00+00:00,24326.85,24327.1,24318.0,24320.6,0
2026-04-20 09:55:00+00:00,24320.05,24337.25,24320.05,24334.15,0
2026-04-20 09:56:00+00:00,24332.85,24339.95,24332.85,24335.8,0
2026-04-20 09:57:00+00:00,24335.2,24337.3,24331.8,24334.65,0
2026-04-20 09:58:00+00:00,24337.8,24338.35,24327.6,24329.55,0
2026-04-20 09:59:00+00:00,24330.25,24333.9,24323.25,24330.9,0
2026-04-21 03:45:00+00:00,24374.55,24427.7,24354.9,24427.2,0
2026-04-21 03:46:00+00:00,24427.8,24454.75,24427.1,24437.7,0
2026-04-21 03:47:00+00:00,24436.6,24452.25,24434.95,24443.65,0
2026-04-21 03:48:00+00:00,24443.75,24462.15,24443.75,24458.25,0
2026-04-21 03:49:00+00:00,24458.7,24470.35,24454.9,24468.9,0
2026-04-21 03:50:00+00:00,24468.15,24483.35,24468.15,24473.35,0
2026-04-21 03:51:00+00:00,24472.3,24477.6,24462.75,24463.65,0
2026-04-21 03:52:00+00:00,24462.95,24474.45,24456.1,24470.7,0
2026-04-21 03:53:00+00:00,24470.3,24479.65,24470.3,24478.8,0
2026-04-21 03:54:00+00:00,24478.35,24486.0,24464.95,24465.05,0
2026-04-21 03:55:00+00:00,24464.75,24466.8,24450.55,24466.8,0
2026-04-21 03:56:00+00:00,24467.05,24475.25,24467.05,24467.35,0
2026-04-21 03:57:00+00:00,24467.35,24470.65,24463.1,24463.5,0
2026-04-21 03:58:00+00:00,24463.7,24465.95,24458.85,24459.6,0
2026-04-21 03:59:00+00:00,24458.3,24461.15,24449.15,24449.15,0
2026-04-21 04:00:00+00:00,24449.75,24455.8,24444.6,24444.6,0
2026-04-21 04:01:00+00:00,24445.7,24455.0,24442.45,24454.2,0
2026-04-21 04:02:00+00:00,24455.3,24462.75,24453.9,24461.95,0
2026-04-21 04:03:00+00:00,24461.8,24464.15,24459.25,24459.95,0
2026-04-21 04:04:00+00:00,24459.45,24462.45,24451.8,24461.5,0
2026-04-21 04:05:00+00:00,24460.75,24474.6,24460.75,24474.05,0
2026-04-21 04:06:00+00:00,24473.85,24477.65,24461.95,24463.65,0
2026-04-21 04:07:00+00:00,24462.5,24472.25,24462.5,24468.0,0
2026-04-21 04:08:00+00:00,24468.3,24477.15,24468.25,24472.6,0
2026-04-21 04:09:00+00:00,24472.35,24474.8,24467.55,24469.7,0
2026-04-21 04:10:00+00:00,24470.65,24471.3,24454.4,24454.4,0
2026-04-21 04:11:00+00:00,24453.6,24463.15,24453.6,24461.5,0
2026-04-21 04:12:00+00:00,24462.05,24468.6,24462.05,24463.8,0
2026-04-21 04:13:00+00:00,24463.55,24464.25,24450.75,24457.35,0
2026-04-21 04:14:00+00:00,24457.95,24468.95,24457.95,24466.6,0
2026-04-21 04:15:00+00:00,24465.95,24503.45,24465.95,24502.05,0
2026-04-21 04:16:00+00:00,24500.2,24510.6,24496.05,24506.9,0
2026-04-21 04:17:00+00:00,24506.6,24509.5,24496.5,24497.35,0
2026-04-21 04:18:00+00:00,24498.05,24509.35,24498.05,24504.0,0
2026-04-21 04:19:00+00:00,24502.8,24506.45,24501.4,24501.4,0
2026-04-21 04:20:00+00:00,24501.8,24510.9,24501.8,24509.4,0
2026-04-21 04:21:00+00:00,24509.85,24512.35,24502.15,24502.35,0
2026-04-21 04:22:00+00:00,24502.65,24507.05,24491.7,24492.25,0
2026-04-21 04:23:00+00:00,24493.15,24495.9,24489.6,24492.2,0
2026-04-21 04:24:00+00:00,24491.85,24499.3,24485.0,24499.05,0
2026-04-21 04:25:00+00:00,24498.3,24499.75,24495.65,24496.8,0
2026-04-21 04:26:00+00:00,24496.75,24499.1,24492.2,24492.85,0
2026-04-21 04:27:00+00:00,24492.4,24500.8,24491.4,24500.8,0
2026-04-21 04:28:00+00:00,24500.8,24501.95,24493.4,24495.0,0
2026-04-21 04:29:00+00:00,24494.6,24499.95,24493.5,24499.95,0
2026-04-21 04:30:00+00:00,24500.65,24506.35,24500.65,24503.5,0
2026-04-21 04:31:00+00:00,24503.1,24506.1,24499.75,24500.0,0
2026-04-21 04:32:00+00:00,24499.9,24505.0,24498.3,24502.35,0
2026-04-21 04:33:00+00:00,24502.25,24510.3,24500.6,24509.6,0
2026-04-21 04:34:00+00:00,24510.2,24516.95,24510.1,24516.15,0
2026-04-21 04:35:00+00:00,24516.7,24520.45,24510.0,24511.75,0
2026-04-21 04:36:00+00:00,24511.75,24517.25,24507.1,24514.85,0
2026-04-21 04:37:00+00:00,24514.65,24521.8,24514.15,24518.55,0
2026-04-21 04:38:00+00:00,24519.2,24524.85,24516.45,24522.25,0
2026-04-21 04:39:00+00:00,24522.0,24523.4,24515.6,24523.2,0
2026-04-21 04:40:00+00:00,24522.9,24524.0,24515.1,24520.15,0
2026-04-21 04:41:00+00:00,24519.75,24521.8,24510.75,24511.85,0
2026-04-21 04:42:00+00:00,24512.65,24517.5,24511.7,24516.15,0
2026-04-21 04:43:00+00:00,24516.3,24520.45,24516.05,24518.8,0
2026-04-21 04:44:00+00:00,24518.65,24519.35,24512.05,24513.45,0
2026-04-21 04:45:00+00:00,24513.4,24521.1,24513.3,24521.1,0
2026-04-21 04:46:00+00:00,24519.2,24524.65,24512.15,24514.0,0
2026-04-21 04:47:00+00:00,24514.45,24515.5,24510.55,24515.0,0
2026-04-21 04:48:00+00:00,24512.9,24514.8,24509.25,24510.35,0
2026-04-21 04:49:00+00:00,24510.35,24512.9,24505.6,24506.8,0
2026-04-21 04:50:00+00:00,24506.85,24507.45,24498.1,24500.5,0
2026-04-21 04:51:00+00:00,24500.5,24503.3,24496.35,24500.65,0
2026-04-21 04:52:00+00:00,24500.25,24500.25,24495.75,24495.75,0
2026-04-21 04:53:00+00:00,24495.05,24498.65,24495.05,24496.75,0
2026-04-21 04:54:00+00:00,24496.45,24500.3,24496.1,24499.6,0
2026-04-21 04:55:00+00:00,24499.15,24500.5,24491.6,24495.15,0
2026-04-21 04:56:00+00:00,24494.75,24499.25,24493.05,24493.8,0
2026-04-21 04:57:00+00:00,24494.0,24496.65,24489.05,24489.05,0
2026-04-21 04:58:00+00:00,24488.8,24493.9,24488.8,24491.5,0
2026-04-21 04:59:00+00:00,24491.65,24495.4,24487.5,24493.6,0
2026-04-21 05:00:00+00:00,24494.15,24505.0,24491.2,24505.0,0
2026-04-21 05:01:00+00:00,24505.0,24511.35,24503.55,24510.1,0
2026-04-21 05:02:00+00:00,24508.9,24509.5,24497.2,24499.45,0
2026-04-21 05:03:00+00:00,24497.5,24517.2,24497.5,24513.55,0
2026-04-21 05:04:00+00:00,24512.55,24528.25,24511.3,24527.8,0
2026-04-21 05:05:00+00:00,24527.4,24535.15,24526.55,24533.95,0
2026-04-21 05:06:00+00:00,24533.55,24534.2,24529.2,24532.1,0
2026-04-21 05:07:00+00:00,24530.35,24532.3,24526.75,24526.75,0
2026-04-21 05:08:00+00:00,24526.3,24529.25,24524.2,24526.0,0
2026-04-21 05:09:00+00:00,24525.85,24532.2,24525.35,24531.75,0
2026-04-21 05:10:00+00:00,24531.1,24532.75,24529.2,24532.7,0
2026-04-21 05:11:00+00:00,24531.15,24534.65,24519.65,24519.65,0
2026-04-21 05:12:00+00:00,24518.3,24521.15,24515.85,24518.2,0
2026-04-21 05:13:00+00:00,24519.3,24529.2,24519.3,24528.65,0
2026-04-21 05:14:00+00:00,24528.4,24530.95,24526.45,24528.05,0
2026-04-21 05:15:00+00:00,24527.85,24533.55,24527.85,24532.3,0
2026-04-21 05:16:00+00:00,24531.3,24532.35,24524.7,24524.75,0
2026-04-21 05:17:00+00:00,24525.2,24526.5,24519.55,24520.9,0
2026-04-21 05:18:00+00:00,24519.65,24523.5,24517.65,24522.5,0
2026-04-21 05:19:00+00:00,24523.25,24526.95,24521.5,24525.8,0
2026-04-21 05:20:00+00:00,24524.9,24528.0,24522.3,24525.85,0
2026-04-21 05:21:00+00:00,24524.7,24536.95,24524.7,24535.85,0
2026-04-21 05:22:00+00:00,24536.1,24539.95,24536.1,24538.35,0
2026-04-21 05:23:00+00:00,24538.2,24540.7,24535.55,24539.6,0
2026-04-21 05:24:00+00:00,24539.05,24544.3,24537.75,24542.35,0
2026-04-21 05:25:00+00:00,24541.9,24550.1,24541.9,24545.15,0
2026-04-21 05:26:00+00:00,24544.0,24547.1,24542.9,24543.6,0
2026-04-21 05:27:00+00:00,24542.7,24546.0,24541.95,24545.65,0
2026-04-21 05:28:00+00:00,24545.2,24555.15,24545.2,24552.45,0
2026-04-21 05:29:00+00:00,24553.5,24561.5,24548.15,24549.25,0
2026-04-21 05:30:00+00:00,24549.55,24553.55,24544.85,24552.85,0
2026-04-21 05:31:00+00:00,24553.4,24557.9,24541.3,24541.7,0
2026-04-21 05:32:00+00:00,24540.65,24546.75,24540.0,24546.4,0
2026-04-21 05:33:00+00:00,24546.95,24550.55,24546.35,24548.2,0
2026-04-21 05:34:00+00:00,24547.15,24553.15,24547.15,24552.5,0
2026-04-21 05:35:00+00:00,24551.95,24556.35,24548.35,24552.35,0
2026-04-21 05:36:00+00:00,24553.3,24559.9,24553.3,24557.6,0
2026-04-21 05:37:00+00:00,24557.5,24563.5,24556.95,24558.4,0
2026-04-21 05:38:00+00:00,24557.95,24565.1,24553.35,24563.4,0
2026-04-21 05:39:00+00:00,24563.35,24564.4,24552.1,24554.05,0
2026-04-21 05:40:00+00:00,24551.3,24554.25,24543.8,24545.95,0
2026-04-21 05:41:00+00:00,24545.0,24548.9,24544.1,24548.25,0
2026-04-21 05:42:00+00:00,24546.8,24550.9,24546.55,24550.15,0
2026-04-21 05:43:00+00:00,24549.8,24555.35,24549.55,24551.75,0
2026-04-21 05:44:00+00:00,24551.0,24557.55,24551.0,24556.45,0
2026-04-21 05:45:00+00:00,24555.1,24557.1,24552.3,24553.9,0
2026-04-21 05:46:00+00:00,24551.85,24554.2,24547.15,24548.05,0
2026-04-21 05:47:00+00:00,24546.25,24552.8,24546.25,24551.9,0
2026-04-21 05:48:00+00:00,24551.4,24554.9,24548.6,24552.35,0
2026-04-21 05:49:00+00:00,24550.95,24553.25,24550.4,24551.05,0
2026-04-21 05:50:00+00:00,24550.95,24552.1,24548.2,24548.9,0
2026-04-21 05:51:00+00:00,24547.9,24550.1,24542.15,24543.9,0
2026-04-21 05:52:00+00:00,24544.1,24546.1,24536.65,24537.75,0
2026-04-21 05:53:00+00:00,24537.55,24540.05,24535.2,24536.6,0
2026-04-21 05:54:00+00:00,24535.95,24542.35,24535.95,24541.75,0
2026-04-21 05:55:00+00:00,24540.95,24544.1,24540.05,24542.1,0
2026-04-21 05:56:00+00:00,24542.15,24543.1,24537.75,24538.05,0
2026-04-21 05:57:00+00:00,24538.4,24539.85,24533.3,24533.3,0
2026-04-21 05:58:00+00:00,24534.1,24535.7,24529.95,24533.9,0
2026-04-21 05:59:00+00:00,24534.3,24539.2,24533.3,24539.2,0
2026-04-21 06:00:00+00:00,24537.3,24539.2,24530.85,24531.05,0
2026-04-21 06:01:00+00:00,24530.75,24533.3,24527.6,24528.55,0
2026-04-21 06:02:00+00:00,24527.85,24529.8,24520.65,24520.65,0
2026-04-21 06:03:00+00:00,24519.85,24521.9,24516.65,24518.3,0
2026-04-21 06:04:00+00:00,24518.3,24521.15,24516.4,24517.7,0
2026-04-21 06:05:00+00:00,24517.6,24518.9,24514.5,24516.1,0
2026-04-21 06:06:00+00:00,24515.65,24529.75,24513.65,24528.3,0
2026-04-21 06:07:00+00:00,24527.65,24529.25,24524.5,24526.55,0
2026-04-21 06:08:00+00:00,24526.1,24531.6,24525.55,24531.6,0
2026-04-21 06:09:00+00:00,24530.75,24533.05,24523.1,24524.8,0
2026-04-21 06:10:00+00:00,24524.3,24525.5,24519.15,24521.15,0
2026-04-21 06:11:00+00:00,24519.9,24524.35,24519.55,24520.3,0
2026-04-21 06:12:00+00:00,24519.45,24522.6,24516.2,24521.9,0
2026-04-21 06:13:00+00:00,24521.3,24525.6,24521.3,24524.5,0
2026-04-21 06:14:00+00:00,24524.8,24529.25,24524.8,24528.0,0
2026-04-21 06:15:00+00:00,24527.85,24533.3,24527.85,24531.8,0
2026-04-21 06:16:00+00:00,24531.65,24539.95,24531.15,24539.35,0
2026-04-21 06:17:00+00:00,24540.15,24543.95,24539.95,24540.5,0
2026-04-21 06:18:00+00:00,24540.4,24542.05,24533.05,24535.3,0
2026-04-21 06:19:00+00:00,24535.2,24536.6,24528.95,24530.3,0
2026-04-21 06:20:00+00:00,24530.4,24532.55,24525.6,24526.0,0
2026-04-21 06:21:00+00:00,24525.95,24532.2,24525.95,24527.4,0
2026-04-21 06:22:00+00:00,24527.05,24528.7,24521.8,24524.55,0
2026-04-21 06:23:00+00:00,24524.1,24527.3,24524.1,24525.55,0
2026-04-21 06:24:00+00:00,24525.45,24528.0,24524.95,24527.25,0
2026-04-21 06:25:00+00:00,24526.8,24532.35,24526.8,24532.25,0
2026-04-21 06:26:00+00:00,24532.05,24538.05,24532.05,24537.2,0
2026-04-21 06:27:00+00:00,24537.0,24538.35,24529.55,24531.9,0
2026-04-21 06:28:00+00:00,24530.5,24533.5,24524.95,24524.95,0
2026-04-21 06:29:00+00:00,24525.65,24531.65,24525.65,24531.65,0
2026-04-21 06:30:00+00:00,24531.8,24534.9,24527.2,24531.35,0
2026-04-21 06:31:00+00:00,24534.05,24536.05,24530.65,24535.35,0
2026-04-21 06:32:00+00:00,24535.15,24539.5,24535.15,24537.3,0
2026-04-21 06:33:00+00:00,24537.75,24542.25,24537.75,24540.35,0
2026-04-21 06:34:00+00:00,24539.65,24542.55,24539.65,24540.4,0
2026-04-21 06:35:00+00:00,24540.65,24542.05,24537.6,24537.6,0
2026-04-21 06:36:00+00:00,24536.8,24541.75,24536.45,24541.15,0
2026-04-21 06:37:00+00:00,24540.75,24544.95,24540.75,24543.7,0
2026-04-21 06:38:00+00:00,24543.3,24548.4,24543.15,24544.8,0
2026-04-21 06:39:00+00:00,24544.5,24546.1,24542.35,24543.65,0
2026-04-21 06:40:00+00:00,24543.25,24551.75,24543.25,24551.75,0
2026-04-21 06:41:00+00:00,24551.95,24555.6,24550.75,24554.45,0
2026-04-21 06:42:00+00:00,24555.05,24558.95,24554.65,24555.55,0
2026-04-21 06:43:00+00:00,24556.2,24567.75,24554.25,24566.95,0
2026-04-21 06:44:00+00:00,24567.3,24569.15,24558.2,24559.0,0
2026-04-21 06:45:00+00:00,24558.2,24561.2,24556.1,24556.15,0
2026-04-21 06:46:00+00:00,24555.3,24556.55,24552.0,24553.4,0
2026-04-21 06:47:00+00:00,24553.3,24555.3,24547.45,24547.9,0
2026-04-21 06:48:00+00:00,24547.2,24553.2,24547.2,24552.25,0
2026-04-21 06:49:00+00:00,24552.2,24561.9,24552.2,24561.65,0
2026-04-21 06:50:00+00:00,24560.5,24562.4,24555.8,24560.55,0
2026-04-21 06:51:00+00:00,24560.8,24563.05,24559.0,24560.25,0
2026-04-21 06:52:00+00:00,24559.75,24562.65,24558.35,24560.2,0
2026-04-21 06:53:00+00:00,24560.45,24570.95,24560.45,24564.9,0
2026-04-21 06:54:00+00:00,24565.0,24567.35,24558.1,24558.9,0
2026-04-21 06:55:00+00:00,24557.65,24564.0,24556.8,24561.95,0
2026-04-21 06:56:00+00:00,24563.65,24564.85,24558.95,24560.7,0
2026-04-21 06:57:00+00:00,24560.15,24561.75,24555.8,24555.8,0
2026-04-21 06:58:00+00:00,24556.25,24558.8,24550.4,24551.75,0
2026-04-21 06:59:00+00:00,24551.95,24553.8,24545.6,24547.2,0
2026-04-21 07:00:00+00:00,24547.65,24561.9,24547.65,24561.2,0
2026-04-21 07:01:00+00:00,24560.7,24570.1,24560.7,24568.0,0
2026-04-21 07:02:00+00:00,24567.2,24571.25,24565.2,24566.2,0
2026-04-21 07:03:00+00:00,24566.7,24568.7,24556.55,24557.05,0
2026-04-21 07:04:00+00:00,24557.0,24559.7,24547.1,24547.95,0
2026-04-21 07:05:00+00:00,24548.05,24556.9,24546.65,24556.5,0
2026-04-21 07:06:00+00:00,24555.15,24563.0,24555.15,24557.3,0
2026-04-21 07:07:00+00:00,24557.8,24564.1,24557.8,24562.15,0
2026-04-21 07:08:00+00:00,24562.2,24564.35,24555.05,24558.25,0
2026-04-21 07:09:00+00:00,24558.1,24560.8,24554.65,24555.0,0
2026-04-21 07:10:00+00:00,24555.4,24557.1,24548.7,24550.25,0
2026-04-21 07:11:00+00:00,24549.95,24553.05,24545.85,24546.2,0
2026-04-21 07:12:00+00:00,24546.15,24550.35,24545.95,24547.95,0
2026-04-21 07:13:00+00:00,24548.15,24551.45,24545.95,24551.4,0
2026-04-21 07:14:00+00:00,24551.25,24554.75,24551.25,24552.55,0
2026-04-21 07:15:00+00:00,24552.4,24553.9,24544.05,24545.0,0
2026-04-21 07:16:00+00:00,24544.2,24546.45,24537.45,24539.9,0
2026-04-21 07:17:00+00:00,24539.95,24542.25,24531.7,24532.7,0
2026-04-21 07:18:00+00:00,24532.05,24538.85,24532.05,24535.1,0
2026-04-21 07:19:00+00:00,24535.05,24542.3,24535.05,24539.15,0
2026-04-21 07:20:00+00:00,24539.1,24542.35,24529.55,24531.3,0
2026-04-21 07:21:00+00:00,24529.85,24532.8,24527.7,24528.95,0
2026-04-21 07:22:00+00:00,24529.15,24541.1,24529.15,24539.4,0
2026-04-21 07:23:00+00:00,24539.9,24544.65,24529.95,24544.65,0
2026-04-21 07:24:00+00:00,24543.7,24545.6,24537.85,24539.9,0
2026-04-21 07:25:00+00:00,24540.4,24543.95,24538.1,24543.3,0
2026-04-21 07:26:00+00:00,24543.9,24547.05,24542.35,24545.55,0
2026-04-21 07:27:00+00:00,24545.05,24549.1,24531.3,24533.8,0
2026-04-21 07:28:00+00:00,24534.3,24541.55,24533.3,24538.3,0
2026-04-21 07:29:00+00:00,24538.55,24541.45,24536.25,24537.9,0
2026-04-21 07:30:00+00:00,24538.7,24546.1,24532.0,24532.0,0
2026-04-21 07:31:00+00:00,24533.5,24538.9,24530.1,24533.5,0
2026-04-21 07:32:00+00:00,24533.15,24535.35,24529.7,24532.2,0
2026-04-21 07:33:00+00:00,24531.05,24534.15,24530.65,24533.45,0
2026-04-21 07:34:00+00:00,24532.7,24535.05,24528.3,24529.25,0
2026-04-21 07:35:00+00:00,24528.8,24535.7,24527.4,24534.6,0
2026-04-21 07:36:00+00:00,24534.0,24539.8,24533.35,24536.35,0
2026-04-21 07:37:00+00:00,24535.2,24537.15,24527.7,24531.5,0
2026-04-21 07:38:00+00:00,24530.4,24533.15,24528.95,24532.0,0
2026-04-21 07:39:00+00:00,24534.85,24535.85,24531.75,24531.9,0
2026-04-21 07:40:00+00:00,24531.45,24532.95,24525.35,24527.6,0
2026-04-21 07:41:00+00:00,24526.05,24531.1,24526.05,24530.45,0
2026-04-21 07:42:00+00:00,24530.45,24541.1,24530.45,24539.85,0
2026-04-21 07:43:00+00:00,24539.9,24542.35,24537.45,24540.8,0
2026-04-21 07:44:00+00:00,24540.55,24543.4,24540.15,24540.7,0
2026-04-21 07:45:00+00:00,24540.7,24549.95,24540.7,24548.45,0
2026-04-21 07:46:00+00:00,24547.8,24555.65,24547.8,24553.3,0
2026-04-21 07:47:00+00:00,24553.7,24555.8,24547.3,24547.3,0
2026-04-21 07:48:00+00:00,24548.0,24550.0,24543.35,24544.1,0
2026-04-21 07:49:00+00:00,24544.45,24546.7,24539.9,24541.95,0
2026-04-21 07:50:00+00:00,24542.1,24549.55,24539.45,24548.1,0
2026-04-21 07:51:00+00:00,24547.95,24549.7,24542.7,24543.95,0
2026-04-21 07:52:00+00:00,24544.1,24545.7,24538.35,24538.35,0
2026-04-21 07:53:00+00:00,24538.3,24541.1,24536.25,24539.3,0
2026-04-21 07:54:00+00:00,24539.9,24541.65,24537.85,24540.0,0
2026-04-21 07:55:00+00:00,24539.7,24543.55,24539.0,24542.65,0
2026-04-21 07:56:00+00:00,24542.1,24545.4,24538.9,24540.1,0
2026-04-21 07:57:00+00:00,24539.6,24551.85,24539.6,24548.9,0
2026-04-21 07:58:00+00:00,24548.95,24552.7,24548.6,24550.0,0
2026-04-21 07:59:00+00:00,24550.2,24553.65,24548.2,24552.35,0
2026-04-21 08:00:00+00:00,24552.6,24556.85,24551.95,24556.5,0
2026-04-21 08:01:00+00:00,24556.85,24562.55,24556.85,24561.3,0
2026-04-21 08:02:00+00:00,24560.8,24567.1,24560.75,24565.35,0
2026-04-21 08:03:00+00:00,24565.2,24568.55,24564.25,24567.35,0
2026-04-21 08:04:00+00:00,24567.3,24568.7,24563.1,24568.45,0
2026-04-21 08:05:00+00:00,24566.95,24569.8,24556.7,24560.3,0
2026-04-21 08:06:00+00:00,24560.05,24562.6,24552.85,24554.05,0
2026-04-21 08:07:00+00:00,24553.5,24555.8,24548.55,24548.75,0
2026-04-21 08:08:00+00:00,24549.4,24550.25,24545.25,24547.1,0
2026-04-21 08:09:00+00:00,24547.1,24554.0,24542.35,24553.45,0
2026-04-21 08:10:00+00:00,24552.75,24554.35,24547.55,24549.35,0
2026-04-21 08:11:00+00:00,24548.55,24552.7,24548.35,24552.35,0
2026-04-21 08:12:00+00:00,24551.3,24553.1,24540.2,24541.0,0
2026-04-21 08:13:00+00:00,24541.15,24543.05,24523.5,24526.2,0
2026-04-21 08:14:00+00:00,24526.1,24533.5,24526.1,24533.5,0
2026-04-21 08:15:00+00:00,24532.85,24536.7,24526.6,24532.0,0
2026-04-21 08:16:00+00:00,24532.2,24539.0,24530.7,24532.35,0
2026-04-21 08:17:00+00:00,24533.0,24540.8,24530.9,24534.4,0
2026-04-21 08:18:00+00:00,24533.8,24536.5,24531.4,24534.7,0
2026-04-21 08:19:00+00:00,24534.4,24539.45,24533.65,24538.65,0
2026-04-21 08:20:00+00:00,24538.5,24544.65,24538.25,24539.2,0
2026-04-21 08:21:00+00:00,24539.1,24546.55,24538.85,24546.45,0
2026-04-21 08:22:00+00:00,24546.6,24551.0,24545.75,24550.7,0
2026-04-21 08:23:00+00:00,24549.75,24552.95,24549.75,24550.25,0
2026-04-21 08:24:00+00:00,24549.7,24551.1,24546.0,24548.5,0
2026-04-21 08:25:00+00:00,24549.0,24557.05,24549.0,24556.5,0
2026-04-21 08:26:00+00:00,24556.0,24562.45,24555.95,24561.85,0
2026-04-21 08:27:00+00:00,24560.8,24562.4,24557.9,24558.75,0
2026-04-21 08:28:00+00:00,24558.75,24563.8,24558.5,24559.7,0
2026-04-21 08:29:00+00:00,24560.05,24561.7,24552.9,24554.6,0
2026-04-21 08:30:00+00:00,24554.35,24556.75,24544.65,24546.9,0
2026-04-21 08:31:00+00:00,24546.05,24550.1,24542.75,24544.5,0
2026-04-21 08:32:00+00:00,24543.6,24547.45,24538.9,24539.15,0
2026-04-21 08:33:00+00:00,24538.65,24549.5,24534.5,24546.6,0
2026-04-21 08:34:00+00:00,24545.75,24548.85,24538.8,24541.55,0
2026-04-21 08:35:00+00:00,24541.3,24542.2,24538.35,24540.3,0
2026-04-21 08:36:00+00:00,24540.45,24541.95,24534.2,24534.8,0
2026-04-21 08:37:00+00:00,24535.35,24539.5,24535.05,24537.6,0
2026-04-21 08:38:00+00:00,24538.55,24540.65,24534.95,24535.15,0
2026-04-21 08:39:00+00:00,24535.55,24536.7,24529.8,24532.25,0
2026-04-21 08:40:00+00:00,24531.9,24537.8,24527.5,24528.8,0
2026-04-21 08:41:00+00:00,24528.9,24529.55,24522.6,24527.6,0
2026-04-21 08:42:00+00:00,24528.3,24535.4,24527.0,24535.4,0
2026-04-21 08:43:00+00:00,24536.1,24539.6,24534.35,24538.1,0
2026-04-21 08:44:00+00:00,24538.2,24540.85,24536.25,24537.2,0
2026-04-21 08:45:00+00:00,24537.85,24541.25,24535.7,24541.25,0
2026-04-21 08:46:00+00:00,24542.15,24552.1,24542.15,24552.1,0
2026-04-21 08:47:00+00:00,24551.9,24557.9,24551.85,24557.05,0
2026-04-21 08:48:00+00:00,24556.85,24567.8,24555.55,24567.8,0
2026-04-21 08:49:00+00:00,24567.15,24569.3,24550.65,24553.75,0
2026-04-21 08:50:00+00:00,24555.0,24561.05,24555.0,24557.85,0
2026-04-21 08:51:00+00:00,24558.45,24562.15,24555.45,24561.5,0
2026-04-21 08:52:00+00:00,24562.65,24583.15,24561.65,24582.85,0
2026-04-21 08:53:00+00:00,24582.8,24584.65,24572.1,24574.2,0
2026-04-21 08:54:00+00:00,24574.95,24576.65,24572.0,24576.45,0
2026-04-21 08:55:00+00:00,24577.4,24578.2,24568.0,24572.95,0
2026-04-21 08:56:00+00:00,24574.2,24574.75,24559.55,24572.1,0
2026-04-21 08:57:00+00:00,24573.7,24574.8,24565.0,24565.0,0
2026-04-21 08:58:00+00:00,24566.5,24573.05,24563.9,24571.65,0
2026-04-21 08:59:00+00:00,24572.2,24573.25,24569.65,24572.6,0
2026-04-21 09:00:00+00:00,24573.6,24574.45,24566.8,24568.15,0
2026-04-21 09:01:00+00:00,24567.65,24569.0,24561.45,24562.95,0
2026-04-21 09:02:00+00:00,24563.4,24568.55,24562.45,24566.1,0
2026-04-21 09:03:00+00:00,24566.6,24567.85,24564.65,24565.55,0
2026-04-21 09:04:00+00:00,24567.2,24567.2,24560.05,24560.9,0
2026-04-21 09:05:00+00:00,24560.95,24561.25,24552.45,24558.9,0
2026-04-21 09:06:00+00:00,24558.95,24560.75,24556.1,24557.7,0
2026-04-21 09:07:00+00:00,24558.65,24563.45,24558.0,24558.7,0
2026-04-21 09:08:00+00:00,24559.55,24560.9,24554.25,24556.1,0
2026-04-21 09:09:00+00:00,24555.65,24557.85,24549.8,24550.6,0
2026-04-21 09:10:00+00:00,24550.95,24553.9,24547.1,24553.8,0
2026-04-21 09:11:00+00:00,24554.6,24555.55,24551.05,24552.7,0
2026-04-21 09:12:00+00:00,24551.65,24554.6,24538.65,24539.55,0
2026-04-21 09:13:00+00:00,24539.2,24540.4,24526.05,24539.15,0
2026-04-21 09:14:00+00:00,24539.4,24544.75,24535.45,24535.45,0
2026-04-21 09:15:00+00:00,24538.05,24539.75,24536.25,24538.7,0
2026-04-21 09:16:00+00:00,24538.05,24539.3,24534.9,24538.6,0
2026-04-21 09:17:00+00:00,24539.65,24551.5,24538.9,24551.1,0
2026-04-21 09:18:00+00:00,24551.55,24552.4,24545.6,24546.95,0
2026-04-21 09:19:00+00:00,24547.4,24550.2,24544.1,24549.55,0
2026-04-21 09:20:00+00:00,24550.3,24560.7,24548.65,24558.75,0
2026-04-21 09:21:00+00:00,24560.2,24563.15,24556.55,24558.1,0
2026-04-21 09:22:00+00:00,24558.7,24559.4,24553.55,24556.25,0
2026-04-21 09:23:00+00:00,24556.05,24557.45,24552.5,24556.2,0
2026-04-21 09:24:00+00:00,24555.8,24562.15,24555.8,24560.9,0
2026-04-21 09:25:00+00:00,24561.3,24564.4,24559.35,24562.95,0
2026-04-21 09:26:00+00:00,24563.45,24569.95,24563.3,24569.6,0
2026-04-21 09:27:00+00:00,24569.85,24572.85,24566.7,24570.05,0
2026-04-21 09:28:00+00:00,24568.7,24570.1,24562.0,24566.0,0
2026-04-21 09:29:00+00:00,24566.2,24570.35,24566.2,24568.2,0
2026-04-21 09:30:00+00:00,24567.3,24595.15,24567.3,24592.8,0
2026-04-21 09:31:00+00:00,24592.9,24600.45,24584.45,24586.65,0
2026-04-21 09:32:00+00:00,24587.15,24588.45,24548.9,24558.6,0
2026-04-21 09:33:00+00:00,24556.85,24581.6,24556.1,24574.65,0
2026-04-21 09:34:00+00:00,24572.95,24576.35,24550.55,24558.55,0
2026-04-21 09:35:00+00:00,24557.55,24575.05,24556.55,24572.0,0
2026-04-21 09:36:00+00:00,24575.2,24579.55,24561.6,24575.8,0
2026-04-21 09:37:00+00:00,24576.3,24590.7,24574.8,24589.4,0
2026-04-21 09:38:00+00:00,24589.65,24591.6,24561.45,24565.2,0
2026-04-21 09:39:00+00:00,24565.25,24574.6,24557.35,24573.4,0
2026-04-21 09:40:00+00:00,24572.3,24574.05,24567.35,24571.4,0
2026-04-21 09:41:00+00:00,24572.35,24583.0,24569.85,24581.85,0
2026-04-21 09:42:00+00:00,24580.1,24582.25,24575.25,24580.6,0
2026-04-21 09:43:00+00:00,24580.15,24582.05,24565.1,24570.45,0
2026-04-21 09:44:00+00:00,24573.25,24582.55,24571.15,24573.9,0
2026-04-21 09:45:00+00:00,24573.7,24579.75,24567.4,24579.75,0
2026-04-21 09:46:00+00:00,24580.45,24589.2,24577.9,24588.75,0
2026-04-21 09:47:00+00:00,24589.6,24601.7,24587.6,24598.35,0
2026-04-21 09:48:00+00:00,24599.1,24599.75,24576.25,24578.2,0
2026-04-21 09:49:00+00:00,24578.9,24582.5,24577.05,24580.05,0
2026-04-21 09:50:00+00:00,24580.15,24583.8,24576.35,24576.35,0
2026-04-21 09:51:00+00:00,24579.75,24589.4,24575.05,24586.8,0
2026-04-21 09:52:00+00:00,24588.4,24589.85,24572.85,24575.0,0
2026-04-21 09:53:00+00:00,24575.7,24580.15,24571.6,24579.05,0
2026-04-21 09:54:00+00:00,24579.65,24580.2,24575.6,24576.2,0
2026-04-21 09:55:00+00:00,24578.2,24580.85,24572.4,24573.55,0
2026-04-21 09:56:00+00:00,24576.0,24576.8,24567.85,24570.05,0
2026-04-21 09:57:00+00:00,24571.15,24575.45,24569.75,24572.4,0
2026-04-21 09:58:00+00:00,24575.95,24577.0,24569.95,24571.6,0
2026-04-21 09:59:00+00:00,24573.05,24587.75,24570.95,24580.6,0
2026-04-22 03:45:00+00:00,24470.85,24502.55,24434.4,24487.7,0
2026-04-22 03:46:00+00:00,24488.5,24506.05,24466.0,24497.55,0
2026-04-22 03:47:00+00:00,24498.85,24515.95,24494.05,24506.7,0
2026-04-22 03:48:00+00:00,24506.05,24507.3,24485.1,24494.65,0
2026-04-22 03:49:00+00:00,24493.05,24493.4,24477.2,24479.3,0
2026-04-22 03:50:00+00:00,24477.45,24485.9,24470.05,24482.6,0
2026-04-22 03:51:00+00:00,24481.55,24491.45,24478.15,24491.1,0
2026-04-22 03:52:00+00:00,24490.15,24496.1,24480.2,24484.25,0
2026-04-22 03:53:00+00:00,24484.25,24491.15,24482.85,24487.75,0
2026-04-22 03:54:00+00:00,24485.3,24487.7,24459.15,24463.4,0
2026-04-22 03:55:00+00:00,24465.35,24465.35,24449.7,24453.7,0
2026-04-22 03:56:00+00:00,24453.45,24461.2,24451.4,24455.75,0
2026-04-22 03:57:00+00:00,24456.5,24459.7,24451.65,24455.9,0
2026-04-22 03:58:00+00:00,24456.0,24458.0,24444.9,24447.7,0
2026-04-22 03:59:00+00:00,24447.5,24454.5,24437.75,24440.4,0
2026-04-22 04:00:00+00:00,24439.45,24440.7,24427.65,24440.7,0
2026-04-22 04:01:00+00:00,24441.2,24447.05,24441.15,24445.75,0
2026-04-22 04:02:00+00:00,24447.1,24452.2,24443.85,24452.2,0
2026-04-22 04:03:00+00:00,24451.95,24463.8,24444.3,24447.15,0
2026-04-22 04:04:00+00:00,24448.1,24452.15,24436.6,24452.15,0
2026-04-22 04:05:00+00:00,24451.95,24459.35,24446.15,24446.15,0
2026-04-22 04:06:00+00:00,24444.35,24466.05,24442.6,24466.05,0
2026-04-22 04:07:00+00:00,24466.45,24466.45,24449.1,24452.55,0
2026-04-22 04:08:00+00:00,24452.2,24454.65,24443.25,24449.1,0
2026-04-22 04:09:00+00:00,24449.1,24449.1,24438.7,24438.7,0
2026-04-22 04:10:00+00:00,24437.95,24440.45,24425.05,24439.85,0
2026-04-22 04:11:00+00:00,24440.5,24440.85,24429.35,24431.35,0
2026-04-22 04:12:00+00:00,24430.55,24440.8,24429.95,24435.0,0
2026-04-22 04:13:00+00:00,24432.65,24434.4,24422.15,24423.3,0
2026-04-22 04:14:00+00:00,24423.75,24427.15,24420.5,24424.4,0
2026-04-22 04:15:00+00:00,24424.8,24429.0,24419.5,24426.5,0
2026-04-22 04:16:00+00:00,24427.55,24433.55,24412.2,24413.0,0
2026-04-22 04:17:00+00:00,24412.7,24417.6,24408.5,24416.3,0
2026-04-22 04:18:00+00:00,24416.35,24416.35,24406.35,24412.7,0
2026-04-22 04:19:00+00:00,24413.15,24418.7,24412.25,24416.95,0
2026-04-22 04:20:00+00:00,24418.25,24424.25,24412.7,24413.45,0
2026-04-22 04:21:00+00:00,24415.3,24424.25,24405.85,24423.45,0
2026-04-22 04:22:00+00:00,24422.9,24432.7,24418.6,24421.85,0
2026-04-22 04:23:00+00:00,24420.8,24426.0,24418.4,24421.05,0
2026-04-22 04:24:00+00:00,24421.05,24421.05,24408.0,24409.45,0
2026-04-22 04:25:00+00:00,24410.15,24410.15,24397.05,24407.5,0
2026-04-22 04:26:00+00:00,24406.55,24406.85,24397.5,24405.05,0
2026-04-22 04:27:00+00:00,24404.65,24407.5,24382.35,24386.3,0
2026-04-22 04:28:00+00:00,24385.2,24392.45,24385.2,24389.55,0
2026-04-22 04:29:00+00:00,24390.15,24394.0,24381.35,24382.25,0
2026-04-22 04:30:00+00:00,24382.9,24382.9,24352.9,24363.4,0
2026-04-22 04:31:00+00:00,24362.15,24376.95,24358.5,24374.4,0
2026-04-22 04:32:00+00:00,24374.9,24385.35,24371.55,24381.65,0
2026-04-22 04:33:00+00:00,24382.5,24384.25,24376.9,24382.3,0
2026-04-22 04:34:00+00:00,24382.5,24388.1,24380.0,24383.25,0
2026-04-22 04:35:00+00:00,24381.9,24382.95,24369.95,24371.85,0
2026-04-22 04:36:00+00:00,24373.4,24378.95,24372.75,24376.9,0
2026-04-22 04:37:00+00:00,24377.0,24384.25,24376.45,24382.95,0
2026-04-22 04:38:00+00:00,24383.85,24383.9,24373.35,24374.6,0
2026-04-22 04:39:00+00:00,24373.9,24382.45,24373.2,24381.7,0
2026-04-22 04:40:00+00:00,24381.65,24390.5,24381.65,24387.3,0
2026-04-22 04:41:00+00:00,24388.35,24389.05,24380.1,24382.9,0
2026-04-22 04:42:00+00:00,24382.55,24388.65,24377.75,24377.75,0
2026-04-22 04:43:00+00:00,24378.1,24379.3,24374.55,24377.0,0
2026-04-22 04:44:00+00:00,24376.8,24377.1,24371.15,24373.15,0
2026-04-22 04:45:00+00:00,24372.9,24379.9,24371.95,24379.35,0
2026-04-22 04:46:00+00:00,24378.4,24385.55,24378.4,24381.65,0
2026-04-22 04:47:00+00:00,24382.3,24382.3,24377.2,24380.6,0
2026-04-22 04:48:00+00:00,24381.1,24383.25,24377.05,24377.5,0
2026-04-22 04:49:00+00:00,24377.65,24379.25,24374.75,24375.4,0
2026-04-22 04:50:00+00:00,24375.8,24376.8,24368.4,24371.65,0
2026-04-22 04:51:00+00:00,24370.65,24371.4,24363.6,24364.1,0
2026-04-22 04:52:00+00:00,24364.55,24364.55,24355.7,24359.25,0
2026-04-22 04:53:00+00:00,24358.4,24365.3,24353.7,24360.85,0
2026-04-22 04:54:00+00:00,24360.45,24368.25,24360.45,24366.45,0
2026-04-22 04:55:00+00:00,24364.35,24370.95,24364.05,24370.3,0
2026-04-22 04:56:00+00:00,24369.05,24377.35,24368.55,24369.75,0
2026-04-22 04:57:00+00:00,24370.3,24371.65,24365.25,24370.05,0
2026-04-22 04:58:00+00:00,24369.35,24373.9,24368.9,24372.35,0
2026-04-22 04:59:00+00:00,24372.45,24373.9,24367.45,24373.05,0
2026-04-22 05:00:00+00:00,24372.3,24375.05,24367.2,24374.55,0
2026-04-22 05:01:00+00:00,24373.8,24377.0,24370.35,24376.0,0
2026-04-22 05:02:00+00:00,24375.85,24379.85,24374.8,24375.05,0
2026-04-22 05:03:00+00:00,24375.85,24383.1,24374.5,24381.35,0
2026-04-22 05:04:00+00:00,24380.9,24383.3,24379.6,24380.6,0
2026-04-22 05:05:00+00:00,24380.5,24384.75,24379.4,24379.4,0
2026-04-22 05:06:00+00:00,24378.85,24383.1,24374.95,24381.7,0
2026-04-22 05:07:00+00:00,24382.45,24385.5,24380.15,24384.55,0
2026-04-22 05:08:00+00:00,24384.8,24397.2,24384.5,24393.4,0
2026-04-22 05:09:00+00:00,24393.05,24402.1,24391.0,24401.25,0
2026-04-22 05:10:00+00:00,24401.5,24404.4,24399.45,24402.65,0
2026-04-22 05:11:00+00:00,24401.75,24405.15,24398.95,24404.45,0
2026-04-22 05:12:00+00:00,24404.4,24410.4,24403.75,24409.65,0
2026-04-22 05:13:00+00:00,24409.45,24416.85,24409.1,24414.85,0
2026-04-22 05:14:00+00:00,24414.35,24418.2,24414.1,24416.35,0
2026-04-22 05:15:00+00:00,24416.25,24417.5,24409.1,24409.85,0
2026-04-22 05:16:00+00:00,24409.1,24433.4,24409.05,24429.2,0
2026-04-22 05:17:00+00:00,24426.65,24436.1,24426.1,24434.35,0
2026-04-22 05:18:00+00:00,24433.75,24435.25,24424.5,24428.95,0
2026-04-22 05:19:00+00:00,24427.7,24428.95,24422.55,24424.15,0
2026-04-22 05:20:00+00:00,24423.65,24429.75,24423.65,24427.55,0
2026-04-22 05:21:00+00:00,24427.9,24434.6,24427.35,24432.55,0
2026-04-22 05:22:00+00:00,24431.5,24436.75,24430.35,24435.4,0
2026-04-22 05:23:00+00:00,24436.05,24444.45,24436.05,24443.45,0
2026-04-22 05:24:00+00:00,24443.0,24447.8,24441.95,24443.65,0
2026-04-22 05:25:00+00:00,24443.2,24447.6,24442.3,24445.05,0
2026-04-22 05:26:00+00:00,24444.8,24445.1,24436.9,24439.25,0
2026-04-22 05:27:00+00:00,24438.85,24443.15,24437.75,24441.6,0
2026-04-22 05:28:00+00:00,24441.4,24442.6,24438.1,24439.75,0
2026-04-22 05:29:00+00:00,24439.65,24441.6,24437.5,24439.9,0
2026-04-22 05:30:00+00:00,24440.2,24441.0,24431.4,24431.8,0
2026-04-22 05:31:00+00:00,24431.2,24435.55,24426.4,24433.4,0
2026-04-22 05:32:00+00:00,24432.8,24439.4,24432.8,24434.9,0
2026-04-22 05:33:00+00:00,24434.95,24436.35,24428.4,24429.7,0
2026-04-22 05:34:00+00:00,24428.95,24441.2,24428.15,24439.35,0
2026-04-22 05:35:00+00:00,24439.05,24441.0,24433.55,24433.7,0
2026-04-22 05:36:00+00:00,24433.55,24435.3,24430.5,24430.5,0
2026-04-22 05:37:00+00:00,24430.5,24433.9,24429.25,24430.5,0
2026-04-22 05:38:00+00:00,24429.6,24435.35,24428.8,24432.5,0
2026-04-22 05:39:00+00:00,24431.85,24432.7,24423.9,24424.75,0
2026-04-22 05:40:00+00:00,24424.35,24426.85,24412.3,24412.95,0
2026-04-22 05:41:00+00:00,24413.9,24419.9,24413.25,24418.45,0
2026-04-22 05:42:00+00:00,24418.45,24428.15,24417.65,24427.15,0
2026-04-22 05:43:00+00:00,24427.15,24429.15,24422.8,24426.35,0
2026-04-22 05:44:00+00:00,24426.5,24432.2,24425.9,24428.15,0
2026-04-22 05:45:00+00:00,24427.95,24429.75,24425.65,24427.35,0
2026-04-22 05:46:00+00:00,24426.75,24428.7,24424.25,24425.8,0
2026-04-22 05:47:00+00:00,24425.6,24435.65,24424.55,24431.3,0
2026-04-22 05:48:00+00:00,24430.9,24436.25,24430.05,24435.7,0
2026-04-22 05:49:00+00:00,24435.55,24439.4,24435.25,24438.15,0
2026-04-22 05:50:00+00:00,24438.2,24438.9,24430.8,24434.15,0
2026-04-22 05:51:00+00:00,24434.0,24440.3,24433.8,24437.85,0
2026-04-22 05:52:00+00:00,24437.6,24443.3,24436.05,24442.25,0
2026-04-22 05:53:00+00:00,24440.65,24442.75,24437.5,24441.1,0
2026-04-22 05:54:00+00:00,24441.0,24446.8,24441.0,24446.35,0
2026-04-22 05:55:00+00:00,24445.9,24446.85,24443.0,24445.7,0
2026-04-22 05:56:00+00:00,24445.75,24449.7,24445.55,24448.05,0
2026-04-22 05:57:00+00:00,24447.75,24448.55,24444.25,24446.1,0
2026-04-22 05:58:00+00:00,24445.65,24445.95,24438.85,24441.75,0
2026-04-22 05:59:00+00:00,24441.6,24443.2,24434.4,24435.45,0
2026-04-22 06:00:00+00:00,24435.95,24437.95,24435.3,24435.55,0
2026-04-22 06:01:00+00:00,24435.9,24438.0,24433.95,24435.35,0
2026-04-22 06:02:00+00:00,24436.25,24442.65,24434.75,24439.8,0
2026-04-22 06:03:00+00:00,24440.6,24448.7,24440.6,24447.95,0
2026-04-22 06:04:00+00:00,24447.65,24447.65,24438.75,24441.8,0
2026-04-22 06:05:00+00:00,24441.7,24443.45,24433.9,24434.5,0
2026-04-22 06:06:00+00:00,24434.45,24435.75,24430.9,24434.55,0
2026-04-22 06:07:00+00:00,24434.4,24438.05,24433.5,24435.45,0
2026-04-22 06:08:00+00:00,24436.5,24436.9,24432.8,24436.0,0
2026-04-22 06:09:00+00:00,24435.65,24436.35,24429.9,24430.65,0
2026-04-22 06:10:00+00:00,24430.75,24436.4,24429.85,24435.0,0
2026-04-22 06:11:00+00:00,24435.4,24435.85,24432.3,24432.85,0
2026-04-22 06:12:00+00:00,24432.4,24437.35,24430.65,24431.0,0
2026-04-22 06:13:00+00:00,24430.8,24430.8,24422.9,24426.6,0
2026-04-22 06:14:00+00:00,24426.65,24429.15,24417.05,24417.2,0
2026-04-22 06:15:00+00:00,24416.8,24416.8,24406.25,24406.25,0
2026-04-22 06:16:00+00:00,24406.4,24407.45,24394.15,24399.1,0
2026-04-22 06:17:00+00:00,24398.8,24402.05,24393.2,24393.2,0
2026-04-22 06:18:00+00:00,24392.8,24401.7,24390.55,24400.05,0
2026-04-22 06:19:00+00:00,24399.2,24409.0,24399.2,24405.75,0
2026-04-22 06:20:00+00:00,24405.65,24411.25,24404.0,24410.05,0
2026-04-22 06:21:00+00:00,24409.75,24412.1,24406.7,24406.7,0
2026-04-22 06:22:00+00:00,24407.65,24411.05,24405.65,24409.85,0
2026-04-22 06:23:00+00:00,24410.45,24413.8,24409.5,24412.25,0
2026-04-22 06:24:00+00:00,24412.6,24416.05,24410.8,24414.65,0
2026-04-22 06:25:00+00:00,24414.75,24419.15,24414.5,24417.25,0
2026-04-22 06:26:00+00:00,24416.9,24417.1,24413.2,24415.55,0
2026-04-22 06:27:00+00:00,24415.6,24420.7,24414.6,24419.2,0
2026-04-22 06:28:00+00:00,24419.3,24424.55,24418.2,24424.3,0
2026-04-22 06:29:00+00:00,24423.95,24428.25,24422.8,24426.9,0
2026-04-22 06:30:00+00:00,24426.85,24435.2,24426.35,24430.65,0
2026-04-22 06:31:00+00:00,24430.4,24431.35,24427.8,24429.55,0
2026-04-22 06:32:00+00:00,24429.45,24432.25,24427.95,24427.95,0
2026-04-22 06:33:00+00:00,24427.8,24432.75,24426.9,24430.85,0
2026-04-22 06:34:00+00:00,24431.1,24436.35,24430.65,24434.0,0
2026-04-22 06:35:00+00:00,24434.15,24435.55,24430.1,24431.15,0
2026-04-22 06:36:00+00:00,24431.1,24434.35,24428.2,24431.7,0
2026-04-22 06:37:00+00:00,24431.7,24435.6,24429.85,24431.9,0
2026-04-22 06:38:00+00:00,24431.8,24434.3,24426.1,24427.3,0
2026-04-22 06:39:00+00:00,24426.7,24428.25,24422.8,24422.8,0
2026-04-22 06:40:00+00:00,24424.1,24424.5,24420.65,24422.7,0
2026-04-22 06:41:00+00:00,24422.5,24427.45,24422.35,24425.9,0
2026-04-22 06:42:00+00:00,24426.05,24427.05,24416.25,24416.75,0
2026-04-22 06:43:00+00:00,24416.3,24417.0,24409.75,24414.2,0
2026-04-22 06:44:00+00:00,24414.3,24420.8,24413.2,24419.15,0
2026-04-22 06:45:00+00:00,24418.65,24419.1,24413.05,24413.3,0
2026-04-22 06:46:00+00:00,24413.15,24416.9,24410.7,24412.05,0
2026-04-22 06:47:00+00:00,24412.2,24422.75,24412.1,24421.0,0
2026-04-22 06:48:00+00:00,24420.6,24421.2,24414.1,24414.55,0
2026-04-22 06:49:00+00:00,24413.15,24413.55,24408.75,24409.65,0
2026-04-22 06:50:00+00:00,24410.3,24412.85,24408.1,24409.8,0
2026-04-22 06:51:00+00:00,24409.35,24414.7,24408.15,24412.5,0
2026-04-22 06:52:00+00:00,24411.85,24415.75,24411.3,24412.35,0
2026-04-22 06:53:00+00:00,24412.65,24413.85,24408.75,24408.9,0
2026-04-22 06:54:00+00:00,24409.0,24410.9,24403.0,24405.85,0
2026-04-22 06:55:00+00:00,24405.55,24415.45,24405.35,24412.9,0
2026-04-22 06:56:00+00:00,24412.45,24419.35,24410.55,24417.25,0
2026-04-22 06:57:00+00:00,24417.3,24419.0,24408.2,24408.2,0
2026-04-22 06:58:00+00:00,24408.35,24409.3,24400.15,24402.95,0
2026-04-22 06:59:00+00:00,24402.75,24412.0,24402.05,24409.9,0
2026-04-22 07:00:00+00:00,24410.2,24420.15,24409.8,24418.8,0
2026-04-22 07:01:00+00:00,24417.9,24419.6,24415.8,24417.5,0
2026-04-22 07:02:00+00:00,24418.2,24422.0,24416.15,24416.9,0
2026-04-22 07:03:00+00:00,24415.65,24422.15,24414.3,24419.45,0
2026-04-22 07:04:00+00:00,24419.15,24422.05,24415.85,24418.8,0
2026-04-22 07:05:00+00:00,24418.7,24420.15,24413.3,24415.2,0
2026-04-22 07:06:00+00:00,24415.15,24416.9,24410.15,24410.45,0
2026-04-22 07:07:00+00:00,24410.3,24411.6,24400.5,24400.85,0
2026-04-22 07:08:00+00:00,24400.45,24406.2,24395.5,24406.2,0
2026-04-22 07:09:00+00:00,24405.65,24413.2,24405.4,24411.1,0
2026-04-22 07:10:00+00:00,24411.6,24415.05,24409.2,24409.35,0
2026-04-22 07:11:00+00:00,24409.45,24412.25,24407.65,24411.85,0
2026-04-22 07:12:00+00:00,24411.3,24415.8,24411.15,24411.8,0
2026-04-22 07:13:00+00:00,24411.9,24418.7,24411.1,24418.7,0
2026-04-22 07:14:00+00:00,24416.65,24419.75,24415.75,24418.45,0
2026-04-22 07:15:00+00:00,24419.2,24423.15,24417.1,24420.15,0
2026-04-22 07:16:00+00:00,24420.35,24422.0,24415.45,24417.1,0
2026-04-22 07:17:00+00:00,24416.35,24419.2,24413.55,24414.6,0
2026-04-22 07:18:00+00:00,24414.15,24417.0,24410.4,24410.85,0
2026-04-22 07:19:00+00:00,24410.1,24411.4,24403.55,24407.4,0
2026-04-22 07:20:00+00:00,24406.95,24413.85,24405.05,24412.15,0
2026-04-22 07:21:00+00:00,24409.8,24414.2,24407.4,24413.6,0
2026-04-22 07:22:00+00:00,24412.3,24424.3,24412.3,24421.9,0
2026-04-22 07:23:00+00:00,24420.75,24423.7,24420.15,24420.85,0
2026-04-22 07:24:00+00:00,24420.25,24422.4,24417.15,24419.7,0
2026-04-22 07:25:00+00:00,24418.2,24428.65,24418.2,24427.4,0
2026-04-22 07:26:00+00:00,24425.9,24429.8,24424.95,24428.5,0
2026-04-22 07:27:00+00:00,24427.4,24433.3,24427.4,24429.45,0
2026-04-22 07:28:00+00:00,24428.75,24433.2,24428.75,24431.1,0
2026-04-22 07:29:00+00:00,24429.95,24433.4,24429.75,24429.75,0
2026-04-22 07:30:00+00:00,24431.8,24434.5,24428.4,24432.45,0
2026-04-22 07:31:00+00:00,24431.2,24434.6,24422.3,24427.75,0
2026-04-22 07:32:00+00:00,24427.95,24432.15,24427.4,24429.85,0
2026-04-22 07:33:00+00:00,24429.25,24430.5,24419.8,24420.5,0
2026-04-22 07:34:00+00:00,24420.6,24430.65,24420.6,24430.0,0
2026-04-22 07:35:00+00:00,24430.1,24434.85,24430.1,24432.55,0
2026-04-22 07:36:00+00:00,24432.3,24436.25,24431.45,24433.15,0
2026-04-22 07:37:00+00:00,24434.0,24435.95,24432.55,24434.05,0
2026-04-22 07:38:00+00:00,24433.55,24437.7,24432.6,24434.95,0
2026-04-22 07:39:00+00:00,24435.3,24436.1,24429.7,24431.45,0
2026-04-22 07:40:00+00:00,24432.3,24433.45,24425.95,24429.35,0
2026-04-22 07:41:00+00:00,24428.95,24431.2,24425.85,24427.65,0
2026-04-22 07:42:00+00:00,24426.85,24427.35,24417.8,24419.45,0
2026-04-22 07:43:00+00:00,24418.7,24426.4,24418.65,24423.45,0
2026-04-22 07:44:00+00:00,24423.6,24431.85,24423.6,24431.25,0
2026-04-22 07:45:00+00:00,24429.75,24433.15,24429.75,24430.35,0
2026-04-22 07:46:00+00:00,24430.1,24430.1,24424.75,24427.7,0
2026-04-22 07:47:00+00:00,24427.3,24429.0,24420.75,24420.75,0
2026-04-22 07:48:00+00:00,24420.3,24422.35,24417.1,24420.6,0
2026-04-22 07:49:00+00:00,24420.75,24421.0,24412.4,24412.65,0
2026-04-22 07:50:00+00:00,24412.8,24416.05,24406.0,24406.5,0
2026-04-22 07:51:00+00:00,24406.1,24407.5,24402.6,24405.6,0
2026-04-22 07:52:00+00:00,24406.05,24407.25,24389.1,24389.85,0
2026-04-22 07:53:00+00:00,24389.75,24396.5,24385.45,24394.65,0
2026-04-22 07:54:00+00:00,24395.5,24398.0,24391.2,24392.6,0
2026-04-22 07:55:00+00:00,24393.9,24398.75,24390.75,24395.35,0
2026-04-22 07:56:00+00:00,24393.55,24401.9,24393.2,24400.75,0
2026-04-22 07:57:00+00:00,24399.3,24406.7,24399.3,24403.95,0
2026-04-22 07:58:00+00:00,24403.1,24404.95,24399.3,24402.2,0
2026-04-22 07:59:00+00:00,24402.05,24415.6,24402.05,24415.6,0
2026-04-22 08:00:00+00:00,24415.9,24419.1,24415.1,24417.05,0
2026-04-22 08:01:00+00:00,24415.65,24415.75,24411.45,24414.35,0
2026-04-22 08:02:00+00:00,24413.75,24419.25,24409.0,24418.15,0
2026-04-22 08:03:00+00:00,24417.95,24427.85,24417.95,24426.45,0
2026-04-22 08:04:00+00:00,24425.55,24426.65,24422.55,24422.95,0
2026-04-22 08:05:00+00:00,24422.35,24430.05,24422.35,24429.4,0
2026-04-22 08:06:00+00:00,24428.2,24429.95,24426.15,24428.75,0
2026-04-22 08:07:00+00:00,24427.85,24430.25,24426.2,24427.35,0
2026-04-22 08:08:00+00:00,24426.45,24428.25,24417.75,24418.25,0
2026-04-22 08:09:00+00:00,24417.45,24423.4,24415.4,24420.75,0
2026-04-22 08:10:00+00:00,24419.9,24426.85,24419.9,24426.75,0
2026-04-22 08:11:00+00:00,24426.35,24433.55,24426.05,24431.65,0
2026-04-22 08:12:00+00:00,24431.0,24433.2,24426.2,24427.2,0
2026-04-22 08:13:00+00:00,24426.25,24429.7,24423.35,24428.95,0
2026-04-22 08:14:00+00:00,24427.25,24432.85,24427.25,24431.9,0
2026-04-22 08:15:00+00:00,24431.5,24434.55,24429.2,24429.95,0
2026-04-22 08:16:00+00:00,24429.3,24432.15,24428.25,24430.95,0
2026-04-22 08:17:00+00:00,24430.95,24431.4,24428.1,24428.9,0
2026-04-22 08:18:00+00:00,24427.9,24433.7,24427.9,24432.35,0
2026-04-22 08:19:00+00:00,24432.0,24433.6,24430.4,24432.35,0
2026-04-22 08:20:00+00:00,24431.75,24434.8,24428.55,24428.95,0
2026-04-22 08:21:00+00:00,24428.45,24429.05,24425.65,24428.05,0
2026-04-22 08:22:00+00:00,24427.3,24427.75,24420.85,24421.8,0
2026-04-22 08:23:00+00:00,24420.75,24425.5,24419.0,24420.3,0
2026-04-22 08:24:00+00:00,24419.45,24423.15,24415.1,24423.15,0
2026-04-22 08:25:00+00:00,24424.75,24434.75,24421.65,24432.75,0
2026-04-22 08:26:00+00:00,24433.2,24442.25,24431.85,24438.7,0
2026-04-22 08:27:00+00:00,24439.3,24444.25,24435.85,24444.25,0
2026-04-22 08:28:00+00:00,24443.6,24451.7,24443.6,24446.15,0
2026-04-22 08:29:00+00:00,24445.5,24453.05,24445.35,24449.55,0
2026-04-22 08:30:00+00:00,24449.85,24458.0,24449.85,24456.95,0
2026-04-22 08:31:00+00:00,24457.25,24458.25,24448.4,24450.4,0
2026-04-22 08:32:00+00:00,24450.45,24452.35,24446.0,24446.0,0
2026-04-22 08:33:00+00:00,24445.15,24445.7,24430.0,24432.15,0
2026-04-22 08:34:00+00:00,24430.95,24433.15,24419.5,24420.4,0
2026-04-22 08:35:00+00:00,24421.15,24429.85,24421.15,24428.9,0
2026-04-22 08:36:00+00:00,24428.5,24431.15,24424.45,24424.95,0
2026-04-22 08:37:00+00:00,24423.9,24432.7,24423.5,24429.35,0
2026-04-22 08:38:00+00:00,24429.2,24433.75,24427.8,24429.35,0
2026-04-22 08:39:00+00:00,24428.55,24430.0,24422.6,24422.6,0
2026-04-22 08:40:00+00:00,24423.05,24423.6,24409.4,24410.45,0
2026-04-22 08:41:00+00:00,24409.75,24410.85,24406.85,24407.1,0
2026-04-22 08:42:00+00:00,24407.4,24412.9,24406.2,24411.4,0
2026-04-22 08:43:00+00:00,24410.45,24412.0,24405.9,24407.65,0
2026-04-22 08:44:00+00:00,24407.45,24416.6,24407.45,24415.0,0
2026-04-22 08:45:00+00:00,24416.45,24418.1,24413.95,24414.15,0
2026-04-22 08:46:00+00:00,24412.8,24416.3,24400.15,24401.65,0
2026-04-22 08:47:00+00:00,24401.5,24406.05,24395.7,24395.85,0
2026-04-22 08:48:00+00:00,24395.75,24399.3,24390.7,24392.45,0
2026-04-22 08:49:00+00:00,24392.1,24404.25,24392.0,24403.35,0
2026-04-22 08:50:00+00:00,24403.3,24405.0,24396.2,24397.35,0
2026-04-22 08:51:00+00:00,24396.9,24409.9,24396.5,24406.45,0
2026-04-22 08:52:00+00:00,24406.25,24408.45,24404.8,24406.8,0
2026-04-22 08:53:00+00:00,24407.95,24415.55,24407.95,24409.1,0
2026-04-22 08:54:00+00:00,24408.6,24410.6,24407.45,24410.1,0
2026-04-22 08:55:00+00:00,24409.55,24416.95,24409.55,24414.9,0
2026-04-22 08:56:00+00:00,24414.35,24415.25,24410.5,24410.7,0
2026-04-22 08:57:00+00:00,24410.55,24410.8,24407.45,24409.75,0
2026-04-22 08:58:00+00:00,24408.9,24410.2,24404.45,24405.4,0
2026-04-22 08:59:00+00:00,24405.0,24407.6,24402.8,24405.6,0
2026-04-22 09:00:00+00:00,24405.65,24409.65,24402.8,24407.35,0
2026-04-22 09:01:00+00:00,24407.6,24414.35,24407.1,24410.1,0
2026-04-22 09:02:00+00:00,24408.6,24411.3,24407.2,24409.45,0
2026-04-22 09:03:00+00:00,24408.55,24413.75,24408.45,24413.6,0
2026-04-22 09:04:00+00:00,24412.55,24415.35,24410.25,24412.1,0
2026-04-22 09:05:00+00:00,24411.8,24413.25,24410.0,24412.6,0
2026-04-22 09:06:00+00:00,24412.25,24423.3,24411.45,24421.95,0
2026-04-22 09:07:00+00:00,24421.55,24430.0,24420.55,24425.95,0
2026-04-22 09:08:00+00:00,24425.45,24426.7,24413.35,24414.8,0
2026-04-22 09:09:00+00:00,24414.2,24416.3,24411.7,24416.1,0
2026-04-22 09:10:00+00:00,24417.8,24419.7,24412.7,24412.7,0
2026-04-22 09:11:00+00:00,24412.8,24417.35,24412.35,24417.2,0
2026-04-22 09:12:00+00:00,24417.15,24419.8,24415.3,24415.3,0
2026-04-22 09:13:00+00:00,24415.7,24419.4,24413.9,24417.25,0
2026-04-22 09:14:00+00:00,24418.3,24418.75,24411.7,24413.15,0
2026-04-22 09:15:00+00:00,24412.75,24414.75,24409.5,24413.1,0
2026-04-22 09:16:00+00:00,24412.1,24415.3,24409.45,24410.55,0
2026-04-22 09:17:00+00:00,24410.9,24417.1,24410.55,24416.8,0
2026-04-22 09:18:00+00:00,24416.45,24420.45,24415.75,24417.85,0
2026-04-22 09:19:00+00:00,24417.1,24420.1,24414.45,24414.45,0
2026-04-22 09:20:00+00:00,24414.1,24414.1,24408.5,24410.85,0
2026-04-22 09:21:00+00:00,24410.25,24416.6,24409.35,24415.45,0
2026-04-22 09:22:00+00:00,24415.6,24420.55,24415.4,24418.55,0
2026-04-22 09:23:00+00:00,24418.1,24420.4,24418.1,24419.15,0
2026-04-22 09:24:00+00:00,24418.35,24422.35,24417.05,24421.3,0
2026-04-22 09:25:00+00:00,24421.15,24430.25,24421.05,24428.85,0
2026-04-22 09:26:00+00:00,24428.45,24428.45,24424.35,24427.1,0
2026-04-22 09:27:00+00:00,24425.65,24428.6,24422.95,24426.35,0
2026-04-22 09:28:00+00:00,24425.45,24426.45,24420.35,24424.25,0
2026-04-22 09:29:00+00:00,24423.65,24428.65,24423.3,24425.75,0
2026-04-22 09:30:00+00:00,24423.15,24423.15,24404.0,24404.0,0
2026-04-22 09:31:00+00:00,24403.35,24404.8,24391.8,24392.35,0
2026-04-22 09:32:00+00:00,24392.4,24398.0,24387.2,24397.45,0
2026-04-22 09:33:00+00:00,24397.75,24397.85,24381.3,24382.7,0
2026-04-22 09:34:00+00:00,24382.8,24386.85,24382.45,24385.1,0
2026-04-22 09:35:00+00:00,24385.4,24385.75,24379.0,24380.6,0
2026-04-22 09:36:00+00:00,24379.85,24381.5,24378.85,24380.3,0
2026-04-22 09:37:00+00:00,24379.2,24383.35,24379.2,24379.45,0
2026-04-22 09:38:00+00:00,24378.15,24379.85,24374.15,24376.2,0
2026-04-22 09:39:00+00:00,24375.35,24381.3,24375.35,24378.9,0
2026-04-22 09:40:00+00:00,24378.6,24379.7,24375.45,24376.6,0
2026-04-22 09:41:00+00:00,24375.75,24379.65,24375.75,24376.5,0
2026-04-22 09:42:00+00:00,24375.35,24379.3,24374.85,24377.9,0
2026-04-22 09:43:00+00:00,24376.5,24381.8,24376.05,24380.55,0
2026-04-22 09:44:00+00:00,24380.75,24385.05,24380.3,24382.4,0
2026-04-22 09:45:00+00:00,24382.05,24392.55,24381.7,24391.6,0
2026-04-22 09:46:00+00:00,24391.7,24392.65,24385.55,24387.25,0
2026-04-22 09:47:00+00:00,24386.25,24387.5,24381.8,24383.55,0
2026-04-22 09:48:00+00:00,24382.55,24383.3,24377.0,24378.55,0
2026-04-22 09:49:00+00:00,24377.55,24380.75,24377.0,24378.45,0
2026-04-22 09:50:00+00:00,24379.1,24379.55,24376.25,24377.45,0
2026-04-22 09:51:00+00:00,24378.6,24380.1,24375.7,24376.9,0
2026-04-22 09:52:00+00:00,24377.85,24381.4,24376.25,24379.6,0
2026-04-22 09:53:00+00:00,24380.5,24380.95,24377.3,24377.4,0
2026-04-22 09:54:00+00:00,24377.35,24378.45,24367.55,24369.5,0
2026-04-22 09:55:00+00:00,24368.7,24371.9,24357.85,24366.5,0
2026-04-22 09:56:00+00:00,24364.25,24367.05,24361.5,24363.4,0
2026-04-22 09:57:00+00:00,24362.3,24365.15,24358.45,24361.8,0
2026-04-22 09:58:00+00:00,24360.7,24363.75,24358.05,24359.5,0
2026-04-22 09:59:00+00:00,24358.15,24371.25,24356.7,24367.65,0
2026-04-23 03:45:00+00:00,24202.35,24242.5,24134.8,24153.95,0
2026-04-23 03:46:00+00:00,24156.7,24195.75,24146.45,24195.75,0
2026-04-23 03:47:00+00:00,24195.5,24209.8,24190.95,24196.7,0
2026-04-23 03:48:00+00:00,24201.35,24203.8,24183.0,24197.45,0
2026-04-23 03:49:00+00:00,24199.75,24207.75,24196.05,24201.35,0
2026-04-23 03:50:00+00:00,24202.45,24217.35,24191.2,24217.35,0
2026-04-23 03:51:00+00:00,24220.75,24221.0,24208.55,24217.45,0
2026-04-23 03:52:00+00:00,24218.45,24219.65,24201.05,24212.55,0
2026-04-23 03:53:00+00:00,24213.05,24228.05,24212.8,24216.9,0
2026-04-23 03:54:00+00:00,24220.6,24220.6,24205.15,24210.65,0
2026-04-23 03:55:00+00:00,24210.65,24219.75,24199.7,24201.6,0
2026-04-23 03:56:00+00:00,24203.05,24204.2,24193.45,24198.8,0
2026-04-23 03:57:00+00:00,24200.3,24211.35,24197.15,24210.15,0
2026-04-23 03:58:00+00:00,24211.45,24226.2,24210.45,24225.05,0
2026-04-23 03:59:00+00:00,24226.65,24232.25,24224.65,24230.5,0
2026-04-23 04:00:00+00:00,24230.5,24240.2,24214.85,24236.45,0
2026-04-23 04:01:00+00:00,24236.5,24256.9,24232.2,24235.45,0
2026-04-23 04:02:00+00:00,24237.4,24237.4,24225.75,24230.25,0
2026-04-23 04:03:00+00:00,24230.75,24231.75,24203.6,24203.6,0
2026-04-23 04:04:00+00:00,24205.4,24218.3,24200.4,24213.15,0
2026-04-23 04:05:00+00:00,24214.8,24216.6,24206.25,24207.15,0
2026-04-23 04:06:00+00:00,24206.2,24206.4,24193.5,24198.35,0
2026-04-23 04:07:00+00:00,24198.45,24212.5,24197.1,24208.8,0
2026-04-23 04:08:00+00:00,24209.45,24211.05,24197.15,24209.95,0
2026-04-23 04:09:00+00:00,24211.05,24222.3,24211.05,24213.45,0
2026-04-23 04:10:00+00:00,24214.45,24216.4,24203.6,24208.8,0
2026-04-23 04:11:00+00:00,24210.35,24226.2,24208.8,24224.9,0
2026-04-23 04:12:00+00:00,24227.1,24235.2,24224.55,24232.65,0
2026-04-23 04:13:00+00:00,24235.1,24247.05,24233.65,24244.3,0
2026-04-23 04:14:00+00:00,24245.6,24245.6,24239.05,24242.65,0
2026-04-23 04:15:00+00:00,24244.7,24245.2,24233.6,24245.2,0
2026-04-23 04:16:00+00:00,24246.3,24254.0,24245.1,24253.65,0
2026-04-23 04:17:00+00:00,24255.35,24265.85,24255.0,24258.9,0
2026-04-23 04:18:00+00:00,24259.95,24270.2,24258.25,24268.5,0
2026-04-23 04:19:00+00:00,24270.6,24276.15,24268.6,24271.65,0
2026-04-23 04:20:00+00:00,24271.2,24282.05,24270.6,24278.85,0
2026-04-23 04:21:00+00:00,24279.15,24288.85,24270.65,24273.25,0
2026-04-23 04:22:00+00:00,24272.1,24287.8,24272.1,24286.9,0
2026-04-23 04:23:00+00:00,24288.55,24298.95,24287.15,24295.35,0
2026-04-23 04:24:00+00:00,24295.95,24298.05,24282.95,24282.95,0
2026-04-23 04:25:00+00:00,24283.75,24292.35,24282.95,24292.35,0
2026-04-23 04:26:00+00:00,24292.9,24295.35,24287.7,24291.95,0
2026-04-23 04:27:00+00:00,24293.35,24295.0,24288.85,24288.95,0
2026-04-23 04:28:00+00:00,24289.8,24292.15,24283.75,24284.75,0
2026-04-23 04:29:00+00:00,24286.0,24291.0,24283.55,24287.5,0
2026-04-23 04:30:00+00:00,24288.0,24289.4,24277.85,24278.2,0
2026-04-23 04:31:00+00:00,24278.8,24282.8,24266.05,24274.5,0
2026-04-23 04:32:00+00:00,24275.35,24283.05,24272.1,24282.1,0
2026-04-23 04:33:00+00:00,24283.55,24298.45,24283.55,24297.25,0
2026-04-23 04:34:00+00:00,24298.65,24307.5,24297.9,24306.3,0
2026-04-23 04:35:00+00:00,24306.55,24310.2,24303.55,24306.55,0
2026-04-23 04:36:00+00:00,24306.5,24308.55,24294.8,24295.05,0
2026-04-23 04:37:00+00:00,24296.95,24298.45,24286.0,24286.9,0
2026-04-23 04:38:00+00:00,24287.45,24291.7,24281.8,24285.1,0
2026-04-23 04:39:00+00:00,24286.3,24287.7,24281.95,24285.9,0
2026-04-23 04:40:00+00:00,24286.65,24287.6,24273.4,24278.15,0
2026-04-23 04:41:00+00:00,24278.5,24281.35,24272.05,24277.95,0
2026-04-23 04:42:00+00:00,24280.4,24280.95,24274.4,24277.45,0
2026-04-23 04:43:00+00:00,24278.6,24279.4,24270.6,24271.45,0
2026-04-23 04:44:00+00:00,24271.65,24275.6,24266.95,24275.35,0
2026-04-23 04:45:00+00:00,24276.8,24280.5,24262.75,24264.9,0
2026-04-23 04:46:00+00:00,24265.65,24279.25,24260.6,24278.8,0
2026-04-23 04:47:00+00:00,24279.6,24279.7,24272.6,24275.4,0
2026-04-23 04:48:00+00:00,24274.7,24275.6,24271.15,24274.6,0
2026-04-23 04:49:00+00:00,24275.8,24287.65,24274.7,24287.0,0
2026-04-23 04:50:00+00:00,24287.9,24291.65,24284.05,24284.05,0
2026-04-23 04:51:00+00:00,24285.35,24288.65,24271.55,24272.3,0
2026-04-23 04:52:00+00:00,24273.65,24273.65,24265.7,24267.3,0
2026-04-23 04:53:00+00:00,24270.55,24272.65,24268.3,24270.4,0
2026-04-23 04:54:00+00:00,24271.55,24276.45,24269.25,24269.75,0
2026-04-23 04:55:00+00:00,24270.3,24270.3,24262.1,24268.6,0
2026-04-23 04:56:00+00:00,24271.2,24277.05,24269.95,24272.9,0
2026-04-23 04:57:00+00:00,24272.45,24278.3,24271.75,24277.1,0
2026-04-23 04:58:00+00:00,24278.15,24278.15,24268.0,24268.65,0
2026-04-23 04:59:00+00:00,24269.65,24269.95,24260.8,24261.3,0
2026-04-23 05:00:00+00:00,24263.5,24265.4,24253.85,24254.7,0
2026-04-23 05:01:00+00:00,24255.65,24256.05,24246.5,24247.5,0
2026-04-23 05:02:00+00:00,24249.45,24249.5,24245.0,24245.25,0
2026-04-23 05:03:00+00:00,24247.0,24247.8,24242.75,24243.8,0
2026-04-23 05:04:00+00:00,24244.55,24244.55,24239.55,24244.35,0
2026-04-23 05:05:00+00:00,24245.45,24250.0,24232.4,24233.75,0
2026-04-23 05:06:00+00:00,24237.25,24238.7,24232.05,24235.25,0
2026-04-23 05:07:00+00:00,24237.4,24237.4,24227.2,24227.5,0
2026-04-23 05:08:00+00:00,24228.65,24230.95,24221.65,24226.25,0
2026-04-23 05:09:00+00:00,24228.25,24230.8,24223.55,24226.75,0
2026-04-23 05:10:00+00:00,24227.8,24228.5,24223.7,24225.35,0
2026-04-23 05:11:00+00:00,24227.15,24228.1,24218.75,24227.35,0
2026-04-23 05:12:00+00:00,24228.05,24229.15,24221.5,24226.25,0
2026-04-23 05:13:00+00:00,24227.5,24227.5,24218.55,24221.55,0
2026-04-23 05:14:00+00:00,24221.75,24221.9,24217.65,24220.0,0
2026-04-23 05:15:00+00:00,24221.3,24222.7,24217.6,24217.6,0
2026-04-23 05:16:00+00:00,24220.2,24220.2,24200.8,24201.9,0
2026-04-23 05:17:00+00:00,24202.25,24208.05,24185.2,24202.9,0
2026-04-23 05:18:00+00:00,24206.05,24209.15,24201.8,24206.9,0
2026-04-23 05:19:00+00:00,24208.7,24213.05,24202.9,24205.65,0
2026-04-23 05:20:00+00:00,24207.7,24207.7,24198.95,24199.2,0
2026-04-23 05:21:00+00:00,24199.8,24203.65,24190.6,24203.65,0
2026-04-23 05:22:00+00:00,24203.8,24207.95,24199.45,24201.15,0
2026-04-23 05:23:00+00:00,24203.0,24217.5,24202.05,24210.4,0
2026-04-23 05:24:00+00:00,24211.35,24215.05,24209.05,24210.7,0
2026-04-23 05:25:00+00:00,24211.85,24211.85,24203.7,24203.7,0
2026-04-23 05:26:00+00:00,24204.6,24205.15,24197.75,24198.0,0
2026-04-23 05:27:00+00:00,24199.8,24204.65,24197.4,24198.9,0
2026-04-23 05:28:00+00:00,24200.35,24222.1,24197.7,24220.15,0
2026-04-23 05:29:00+00:00,24220.7,24220.7,24214.95,24215.35,0
2026-04-23 05:30:00+00:00,24216.0,24218.05,24212.4,24215.8,0
2026-04-23 05:31:00+00:00,24217.65,24220.9,24214.8,24215.3,0
2026-04-23 05:32:00+00:00,24216.95,24223.2,24214.1,24220.25,0
2026-04-23 05:33:00+00:00,24222.2,24222.2,24211.55,24215.8,0
2026-04-23 05:34:00+00:00,24216.85,24223.15,24214.75,24223.15,0
2026-04-23 05:35:00+00:00,24223.75,24225.65,24219.35,24220.7,0
2026-04-23 05:36:00+00:00,24221.8,24221.8,24212.6,24213.35,0
2026-04-23 05:37:00+00:00,24214.35,24216.85,24212.45,24214.75,0
2026-04-23 05:38:00+00:00,24216.4,24223.4,24215.3,24220.75,0
2026-04-23 05:39:00+00:00,24222.05,24222.1,24211.7,24212.7,0
2026-04-23 05:40:00+00:00,24214.55,24217.65,24209.85,24216.75,0
2026-04-23 05:41:00+00:00,24217.2,24218.2,24201.8,24203.85,0
2026-04-23 05:42:00+00:00,24205.85,24205.85,24194.6,24194.6,0
2026-04-23 05:43:00+00:00,24195.6,24195.6,24191.15,24192.35,0
2026-04-23 05:44:00+00:00,24193.55,24195.15,24191.1,24191.85,0
2026-04-23 05:45:00+00:00,24193.2,24198.35,24188.0,24195.8,0
2026-04-23 05:46:00+00:00,24196.85,24205.15,24195.55,24203.4,0
2026-04-23 05:47:00+00:00,24204.2,24209.2,24201.3,24203.95,0
2026-04-23 05:48:00+00:00,24205.45,24210.35,24203.5,24203.5,0
2026-04-23 05:49:00+00:00,24205.9,24205.9,24191.2,24191.2,0
2026-04-23 05:50:00+00:00,24191.85,24195.2,24189.85,24194.1,0
2026-04-23 05:51:00+00:00,24195.9,24200.3,24194.45,24196.5,0
2026-04-23 05:52:00+00:00,24197.9,24204.45,24194.55,24203.0,0
2026-04-23 05:53:00+00:00,24202.6,24202.6,24191.35,24191.8,0
2026-04-23 05:54:00+00:00,24193.15,24193.15,24188.9,24189.75,0
2026-04-23 05:55:00+00:00,24191.95,24195.45,24186.75,24193.45,0
2026-04-23 05:56:00+00:00,24194.5,24197.85,24193.4,24193.4,0
2026-04-23 05:57:00+00:00,24194.8,24195.0,24189.9,24194.15,0
2026-04-23 05:58:00+00:00,24195.7,24199.4,24193.85,24197.2,0
2026-04-23 05:59:00+00:00,24197.7,24199.0,24195.7,24197.75,0
2026-04-23 06:00:00+00:00,24198.15,24199.05,24195.6,24197.7,0
2026-04-23 06:01:00+00:00,24199.2,24203.3,24196.1,24202.5,0
2026-04-23 06:02:00+00:00,24203.7,24203.95,24196.95,24198.4,0
2026-04-23 06:03:00+00:00,24199.35,24199.35,24195.55,24197.45,0
2026-04-23 06:04:00+00:00,24198.5,24198.5,24191.45,24192.25,0
2026-04-23 06:05:00+00:00,24193.8,24193.8,24183.4,24186.65,0
2026-04-23 06:06:00+00:00,24187.75,24196.55,24186.05,24189.6,0
2026-04-23 06:07:00+00:00,24189.5,24189.55,24181.85,24189.25,0
2026-04-23 06:08:00+00:00,24190.2,24194.9,24189.05,24193.6,0
2026-04-23 06:09:00+00:00,24194.3,24194.95,24191.55,24194.55,0
2026-04-23 06:10:00+00:00,24196.0,24197.1,24188.55,24191.75,0
2026-04-23 06:11:00+00:00,24192.45,24192.75,24182.5,24183.5,0
2026-04-23 06:12:00+00:00,24185.3,24185.3,24177.65,24178.6,0
2026-04-23 06:13:00+00:00,24180.75,24185.4,24179.0,24181.45,0
2026-04-23 06:14:00+00:00,24182.65,24185.2,24177.95,24178.15,0
2026-04-23 06:15:00+00:00,24179.0,24186.3,24172.85,24185.15,0
2026-04-23 06:16:00+00:00,24185.85,24185.85,24180.2,24182.25,0
2026-04-23 06:17:00+00:00,24182.9,24186.9,24178.85,24186.2,0
2026-04-23 06:18:00+00:00,24187.6,24191.65,24185.3,24190.2,0
2026-04-23 06:19:00+00:00,24191.55,24195.55,24190.0,24192.3,0
2026-04-23 06:20:00+00:00,24193.2,24193.2,24187.9,24192.2,0
2026-04-23 06:21:00+00:00,24192.45,24202.3,24191.1,24201.7,0
2026-04-23 06:22:00+00:00,24202.25,24203.5,24198.4,24203.4,0
2026-04-23 06:23:00+00:00,24204.7,24212.05,24202.85,24211.15,0
2026-04-23 06:24:00+00:00,24211.95,24218.1,24208.35,24213.25,0
2026-04-23 06:25:00+00:00,24214.45,24214.9,24210.9,24214.35,0
2026-04-23 06:26:00+00:00,24214.55,24215.8,24208.05,24210.4,0
2026-04-23 06:27:00+00:00,24210.6,24210.6,24202.35,24207.5,0
2026-04-23 06:28:00+00:00,24208.3,24209.3,24203.45,24203.65,0
2026-04-23 06:29:00+00:00,24206.0,24208.7,24203.0,24206.1,0
2026-04-23 06:30:00+00:00,24208.05,24208.05,24200.2,24200.45,0
2026-04-23 06:31:00+00:00,24202.1,24202.75,24197.1,24202.75,0
2026-04-23 06:32:00+00:00,24203.5,24204.35,24201.25,24202.95,0
2026-04-23 06:33:00+00:00,24203.55,24205.55,24201.8,24204.8,0
2026-04-23 06:34:00+00:00,24205.9,24205.9,24198.05,24199.45,0
2026-04-23 06:35:00+00:00,24200.35,24201.15,24195.95,24201.15,0
2026-04-23 06:36:00+00:00,24201.1,24201.95,24197.1,24199.65,0
2026-04-23 06:37:00+00:00,24201.55,24210.1,24200.5,24207.75,0
2026-04-23 06:38:00+00:00,24208.95,24213.2,24204.4,24211.7,0
2026-04-23 06:39:00+00:00,24213.75,24215.2,24207.9,24209.4,0
2026-04-23 06:40:00+00:00,24209.7,24213.65,24206.15,24212.2,0
2026-04-23 06:41:00+00:00,24214.0,24216.65,24212.95,24216.65,0
2026-04-23 06:42:00+00:00,24217.25,24224.7,24216.2,24223.3,0
2026-04-23 06:43:00+00:00,24224.35,24225.25,24221.05,24222.65,0
2026-04-23 06:44:00+00:00,24223.85,24225.9,24221.9,24222.5,0
2026-04-23 06:45:00+00:00,24222.95,24224.05,24219.2,24222.3,0
2026-04-23 06:46:00+00:00,24223.15,24225.5,24220.9,24223.75,0
2026-04-23 06:47:00+00:00,24225.0,24225.0,24221.1,24224.0,0
2026-04-23 06:48:00+00:00,24225.1,24225.25,24221.4,24223.25,0
2026-04-23 06:49:00+00:00,24224.3,24224.3,24215.55,24215.55,0
2026-04-23 06:50:00+00:00,24217.45,24219.3,24215.1,24216.2,0
2026-04-23 06:51:00+00:00,24216.95,24222.85,24216.15,24220.7,0
2026-04-23 06:52:00+00:00,24222.5,24231.5,24219.45,24230.05,0
2026-04-23 06:53:00+00:00,24230.55,24230.95,24224.2,24224.3,0
2026-04-23 06:54:00+00:00,24225.15,24228.1,24222.4,24223.15,0
2026-04-23 06:55:00+00:00,24223.95,24223.95,24205.75,24206.05,0
2026-04-23 06:56:00+00:00,24206.75,24206.75,24196.45,24196.45,0
2026-04-23 06:57:00+00:00,24197.95,24197.95,24187.45,24188.3,0
2026-04-23 06:58:00+00:00,24189.6,24189.6,24180.85,24185.65,0
2026-04-23 06:59:00+00:00,24186.45,24186.45,24179.35,24180.1,0
2026-04-23 07:00:00+00:00,24182.6,24183.75,24178.0,24178.55,0
2026-04-23 07:01:00+00:00,24179.3,24179.3,24167.15,24167.15,0
2026-04-23 07:02:00+00:00,24168.7,24173.5,24167.3,24172.25,0
2026-04-23 07:03:00+00:00,24173.25,24181.85,24171.55,24180.0,0
2026-04-23 07:04:00+00:00,24181.65,24183.25,24176.65,24178.55,0
2026-04-23 07:05:00+00:00,24179.75,24182.45,24173.65,24173.65,0
2026-04-23 07:06:00+00:00,24174.65,24174.65,24167.1,24169.95,0
2026-04-23 07:07:00+00:00,24172.65,24182.1,24171.0,24178.3,0
2026-04-23 07:08:00+00:00,24179.1,24192.75,24176.8,24192.7,0
2026-04-23 07:09:00+00:00,24193.75,24194.8,24191.3,24192.45,0
2026-04-23 07:10:00+00:00,24193.6,24194.9,24191.1,24192.25,0
2026-04-23 07:11:00+00:00,24193.55,24196.35,24190.1,24194.7,0
2026-04-23 07:12:00+00:00,24196.2,24196.2,24190.55,24192.8,0
2026-04-23 07:13:00+00:00,24193.75,24197.6,24192.0,24194.05,0
2026-04-23 07:14:00+00:00,24194.7,24203.0,24191.65,24201.65,0
2026-04-23 07:15:00+00:00,24202.6,24204.05,24196.85,24196.85,0
2026-04-23 07:16:00+00:00,24198.75,24201.95,24195.95,24200.45,0
2026-04-23 07:17:00+00:00,24201.15,24201.15,24197.1,24200.9,0
2026-04-23 07:18:00+00:00,24201.45,24201.45,24188.6,24188.7,0
2026-04-23 07:19:00+00:00,24189.2,24195.45,24187.15,24195.15,0
2026-04-23 07:20:00+00:00,24196.5,24196.5,24191.95,24194.05,0
2026-04-23 07:21:00+00:00,24195.15,24195.15,24186.5,24187.05,0
2026-04-23 07:22:00+00:00,24188.75,24196.05,24187.65,24194.4,0
2026-04-23 07:23:00+00:00,24195.55,24199.65,24193.95,24199.65,0
2026-04-23 07:24:00+00:00,24200.75,24205.85,24199.7,24203.55,0
2026-04-23 07:25:00+00:00,24204.7,24207.55,24203.25,24207.05,0
2026-04-23 07:26:00+00:00,24207.6,24209.25,24202.8,24206.1,0
2026-04-23 07:27:00+00:00,24206.65,24209.8,24205.25,24206.5,0
2026-04-23 07:28:00+00:00,24208.4,24212.9,24206.0,24212.15,0
2026-04-23 07:29:00+00:00,24213.5,24217.05,24212.35,24214.7,0
2026-04-23 07:30:00+00:00,24215.85,24216.1,24212.65,24214.7,0
2026-04-23 07:31:00+00:00,24215.7,24215.7,24206.2,24206.35,0
2026-04-23 07:32:00+00:00,24206.95,24208.3,24205.35,24207.85,0
2026-04-23 07:33:00+00:00,24208.25,24210.15,24205.9,24206.45,0
2026-04-23 07:34:00+00:00,24206.9,24212.65,24206.4,24210.25,0
2026-04-23 07:35:00+00:00,24211.1,24217.7,24209.15,24214.65,0
2026-04-23 07:36:00+00:00,24216.1,24216.1,24207.55,24208.35,0
2026-04-23 07:37:00+00:00,24209.2,24209.3,24200.75,24202.1,0
2026-04-23 07:38:00+00:00,24203.35,24207.1,24201.0,24205.65,0
2026-04-23 07:39:00+00:00,24207.3,24215.9,24206.25,24215.9,0
2026-04-23 07:40:00+00:00,24216.3,24218.15,24214.45,24215.9,0
2026-04-23 07:41:00+00:00,24216.5,24216.7,24208.65,24212.1,0
2026-04-23 07:42:00+00:00,24213.4,24213.4,24208.6,24210.7,0
2026-04-23 07:43:00+00:00,24212.0,24212.1,24209.15,24210.8,0
2026-04-23 07:44:00+00:00,24211.0,24218.5,24209.4,24216.2,0
2026-04-23 07:45:00+00:00,24217.25,24218.2,24212.35,24212.85,0
2026-04-23 07:46:00+00:00,24214.2,24214.2,24208.2,24209.95,0
2026-04-23 07:47:00+00:00,24210.35,24220.6,24209.55,24216.6,0
2026-04-23 07:48:00+00:00,24218.5,24226.8,24215.75,24226.8,0
2026-04-23 07:49:00+00:00,24227.35,24243.5,24226.55,24243.15,0
2026-04-23 07:50:00+00:00,24244.0,24258.95,24244.0,24254.8,0
2026-04-23 07:51:00+00:00,24255.45,24257.85,24251.85,24255.2,0
2026-04-23 07:52:00+00:00,24255.2,24263.2,24249.2,24262.7,0
2026-04-23 07:53:00+00:00,24264.15,24272.25,24264.15,24272.25,0
2026-04-23 07:54:00+00:00,24273.05,24276.9,24270.3,24273.3,0
2026-04-23 07:55:00+00:00,24272.7,24281.1,24270.7,24271.45,0
2026-04-23 07:56:00+00:00,24272.25,24272.25,24259.45,24260.9,0
2026-04-23 07:57:00+00:00,24261.55,24266.5,24257.35,24258.3,0
2026-04-23 07:58:00+00:00,24258.7,24270.55,24255.55,24266.2,0
2026-04-23 07:59:00+00:00,24266.5,24275.2,24265.4,24271.45,0
2026-04-23 08:00:00+00:00,24271.75,24272.45,24263.1,24263.7,0
2026-04-23 08:01:00+00:00,24264.35,24264.35,24257.6,24258.4,0
2026-04-23 08:02:00+00:00,24259.1,24259.1,24255.8,24257.3,0
2026-04-23 08:03:00+00:00,24259.0,24259.0,24251.25,24253.05,0
2026-04-23 08:04:00+00:00,24253.95,24255.55,24248.5,24248.75,0
2026-04-23 08:05:00+00:00,24249.2,24249.2,24240.45,24245.45,0
2026-04-23 08:06:00+00:00,24246.25,24246.8,24238.5,24239.05,0
2026-04-23 08:07:00+00:00,24240.15,24240.15,24231.15,24232.8,0
2026-04-23 08:08:00+00:00,24233.85,24233.85,24215.15,24215.75,0
2026-04-23 08:09:00+00:00,24216.6,24216.6,24208.1,24215.8,0
2026-04-23 08:10:00+00:00,24216.75,24219.55,24213.35,24217.0,0
2026-04-23 08:11:00+00:00,24218.15,24218.15,24204.3,24206.45,0
2026-04-23 08:12:00+00:00,24207.6,24213.1,24205.75,24212.4,0
2026-04-23 08:13:00+00:00,24214.15,24215.15,24210.05,24212.15,0
2026-04-23 08:14:00+00:00,24212.7,24215.3,24211.45,24213.7,0
2026-04-23 08:15:00+00:00,24214.95,24215.4,24207.75,24214.05,0
2026-04-23 08:16:00+00:00,24215.45,24220.1,24214.05,24217.3,0
2026-04-23 08:17:00+00:00,24218.75,24218.75,24212.35,24216.9,0
2026-04-23 08:18:00+00:00,24218.2,24221.9,24217.4,24218.45,0
2026-04-23 08:19:00+00:00,24218.8,24218.8,24210.8,24216.75,0
2026-04-23 08:20:00+00:00,24217.85,24225.55,24217.85,24225.25,0
2026-04-23 08:21:00+00:00,24225.6,24232.2,24224.1,24232.2,0
2026-04-23 08:22:00+00:00,24232.7,24234.85,24229.4,24232.6,0
2026-04-23 08:23:00+00:00,24232.6,24232.6,24222.95,24227.3,0
2026-04-23 08:24:00+00:00,24227.5,24234.05,24226.15,24234.05,0
2026-04-23 08:25:00+00:00,24233.8,24235.35,24232.9,24233.05,0
2026-04-23 08:26:00+00:00,24234.75,24247.8,24229.95,24247.0,0
2026-04-23 08:27:00+00:00,24247.85,24252.75,24244.4,24250.85,0
2026-04-23 08:28:00+00:00,24251.15,24251.6,24240.4,24242.65,0
2026-04-23 08:29:00+00:00,24243.3,24243.3,24236.6,24241.5,0
2026-04-23 08:30:00+00:00,24242.1,24242.75,24228.0,24235.05,0
2026-04-23 08:31:00+00:00,24236.5,24236.5,24233.25,24233.45,0
2026-04-23 08:32:00+00:00,24234.25,24234.25,24224.55,24228.7,0
2026-04-23 08:33:00+00:00,24229.95,24232.05,24224.95,24231.9,0
2026-04-23 08:34:00+00:00,24234.0,24237.5,24232.85,24234.45,0
2026-04-23 08:35:00+00:00,24235.5,24235.5,24228.65,24233.2,0
2026-04-23 08:36:00+00:00,24233.6,24235.3,24226.0,24227.2,0
2026-04-23 08:37:00+00:00,24228.5,24235.4,24227.3,24229.1,0
2026-04-23 08:38:00+00:00,24230.4,24230.4,24221.2,24223.45,0
2026-04-23 08:39:00+00:00,24224.8,24224.9,24219.55,24219.9,0
2026-04-23 08:40:00+00:00,24219.85,24219.85,24210.1,24210.4,0
2026-04-23 08:41:00+00:00,24210.9,24214.05,24207.65,24211.85,0
2026-04-23 08:42:00+00:00,24212.4,24215.45,24209.85,24214.9,0
2026-04-23 08:43:00+00:00,24215.5,24215.5,24209.0,24209.25,0
2026-04-23 08:44:00+00:00,24210.25,24213.9,24208.25,24209.2,0
2026-04-23 08:45:00+00:00,24209.1,24215.0,24206.95,24213.55,0
2026-04-23 08:46:00+00:00,24215.1,24217.55,24211.7,24216.8,0
2026-04-23 08:47:00+00:00,24217.8,24221.4,24216.3,24219.1,0
2026-04-23 08:48:00+00:00,24220.05,24221.35,24215.05,24219.4,0
2026-04-23 08:49:00+00:00,24219.55,24220.4,24203.4,24203.55,0
2026-04-23 08:50:00+00:00,24204.0,24204.9,24189.4,24204.45,0
2026-04-23 08:51:00+00:00,24205.55,24206.75,24198.6,24200.25,0
2026-04-23 08:52:00+00:00,24200.85,24211.7,24197.3,24210.5,0
2026-04-23 08:53:00+00:00,24212.4,24217.6,24211.0,24215.85,0
2026-04-23 08:54:00+00:00,24216.25,24217.6,24201.3,24202.25,0
2026-04-23 08:55:00+00:00,24203.35,24203.95,24197.1,24201.1,0
2026-04-23 08:56:00+00:00,24200.7,24202.85,24196.8,24201.9,0
2026-04-23 08:57:00+00:00,24202.05,24202.2,24194.4,24196.55,0
2026-04-23 08:58:00+00:00,24197.05,24197.6,24191.35,24195.7,0
2026-04-23 08:59:00+00:00,24196.1,24197.3,24189.2,24189.45,0
2026-04-23 09:00:00+00:00,24190.95,24190.95,24185.85,24188.25,0
2026-04-23 09:01:00+00:00,24188.6,24189.55,24184.75,24186.9,0
2026-04-23 09:02:00+00:00,24187.65,24188.0,24182.5,24184.6,0
2026-04-23 09:03:00+00:00,24185.75,24185.75,24178.95,24182.1,0
2026-04-23 09:04:00+00:00,24184.0,24184.0,24174.05,24175.15,0
2026-04-23 09:05:00+00:00,24176.15,24176.15,24167.35,24172.3,0
2026-04-23 09:06:00+00:00,24173.65,24179.7,24172.55,24176.3,0
2026-04-23 09:07:00+00:00,24177.6,24182.1,24173.25,24175.0,0
2026-04-23 09:08:00+00:00,24175.5,24180.2,24174.35,24178.9,0
2026-04-23 09:09:00+00:00,24179.2,24181.25,24175.35,24175.35,0
2026-04-23 09:10:00+00:00,24176.4,24178.6,24171.35,24174.35,0
2026-04-23 09:11:00+00:00,24174.25,24178.0,24168.6,24176.6,0
2026-04-23 09:12:00+00:00,24177.05,24182.5,24169.1,24180.8,0
2026-04-23 09:13:00+00:00,24181.5,24181.95,24166.9,24166.9,0
2026-04-23 09:14:00+00:00,24167.35,24168.0,24160.65,24162.6,0
2026-04-23 09:15:00+00:00,24163.75,24171.85,24157.95,24171.3,0
2026-04-23 09:16:00+00:00,24173.0,24174.65,24166.15,24172.0,0
2026-04-23 09:17:00+00:00,24172.5,24184.0,24170.85,24183.45,0
2026-04-23 09:18:00+00:00,24184.65,24194.05,24184.65,24185.7,0
2026-04-23 09:19:00+00:00,24186.25,24186.45,24178.2,24179.15,0
2026-04-23 09:20:00+00:00,24178.6,24189.4,24178.1,24189.25,0
2026-04-23 09:21:00+00:00,24189.15,24189.6,24178.95,24179.5,0
2026-04-23 09:22:00+00:00,24180.3,24190.1,24175.6,24188.9,0
2026-04-23 09:23:00+00:00,24190.15,24190.55,24173.35,24180.05,0
2026-04-23 09:24:00+00:00,24181.65,24186.05,24174.75,24178.7,0
2026-04-23 09:25:00+00:00,24179.65,24183.35,24177.35,24181.1,0
2026-04-23 09:26:00+00:00,24183.25,24184.8,24180.05,24183.55,0
2026-04-23 09:27:00+00:00,24183.8,24183.8,24176.95,24179.2,0
2026-04-23 09:28:00+00:00,24180.4,24181.9,24177.35,24179.3,0
2026-04-23 09:29:00+00:00,24183.8,24183.8,24173.85,24180.85,0
2026-04-23 09:30:00+00:00,24181.8,24188.1,24181.8,24187.75,0
2026-04-23 09:31:00+00:00,24187.5,24201.65,24187.5,24200.0,0
2026-04-23 09:32:00+00:00,24200.55,24216.7,24197.75,24198.6,0
2026-04-23 09:33:00+00:00,24199.45,24202.1,24189.75,24196.55,0
2026-04-23 09:34:00+00:00,24197.35,24198.8,24188.1,24192.0,0
2026-04-23 09:35:00+00:00,24191.9,24202.4,24191.9,24198.5,0
2026-04-23 09:36:00+00:00,24196.55,24199.35,24187.45,24189.15,0
2026-04-23 09:37:00+00:00,24189.3,24191.35,24181.55,24181.75,0
2026-04-23 09:38:00+00:00,24181.95,24184.25,24177.55,24181.7,0
2026-04-23 09:39:00+00:00,24182.15,24188.45,24182.15,24186.65,0
2026-04-23 09:40:00+00:00,24186.4,24189.05,24175.15,24176.75,0
2026-04-23 09:41:00+00:00,24176.8,24178.7,24172.9,24174.65,0
2026-04-23 09:42:00+00:00,24174.2,24175.25,24159.15,24161.35,0
2026-04-23 09:43:00+00:00,24161.5,24169.15,24159.0,24167.55,0
2026-04-23 09:44:00+00:00,24167.8,24168.6,24160.0,24160.0,0
2026-04-23 09:45:00+00:00,24161.3,24171.3,24160.7,24161.75,0
2026-04-23 09:46:00+00:00,24161.55,24163.75,24152.2,24155.35,0
2026-04-23 09:47:00+00:00,24155.0,24162.9,24154.8,24160.1,0
2026-04-23 09:48:00+00:00,24158.9,24161.1,24154.55,24155.8,0
2026-04-23 09:49:00+00:00,24156.5,24162.5,24156.35,24159.7,0
2026-04-23 09:50:00+00:00,24159.5,24170.75,24156.4,24170.55,0
2026-04-23 09:51:00+00:00,24170.25,24175.1,24169.25,24169.6,0
2026-04-23 09:52:00+00:00,24171.35,24173.05,24162.45,24162.5,0
2026-04-23 09:53:00+00:00,24161.8,24168.9,24161.45,24165.65,0
2026-04-23 09:54:00+00:00,24165.4,24166.6,24161.9,24161.9,0
2026-04-23 09:55:00+00:00,24162.15,24169.2,24155.45,24160.85,0
2026-04-23 09:56:00+00:00,24160.25,24163.65,24156.45,24161.55,0
2026-04-23 09:57:00+00:00,24158.0,24165.55,24158.0,24162.95,0
2026-04-23 09:58:00+00:00,24164.7,24164.7,24156.5,24156.5,0
2026-04-23 09:59:00+00:00,24156.6,24160.2,24149.8,24156.05,0
