datetime,open,high,low,close,volume
2026-07-10 03:45:00+00:00,24124.7,24168.8,24120.35,24149.85,0
2026-07-10 03:46:00+00:00,24150.3,24172.7,24145.45,24172.25,0
2026-07-10 03:47:00+00:00,24171.85,24187.9,24168.65,24174.0,0
2026-07-10 03:48:00+00:00,24176.6,24177.8,24164.35,24164.8,0
2026-07-10 03:49:00+00:00,24167.65,24167.9,24158.7,24162.7,0
2026-07-10 03:50:00+00:00,24165.85,24170.4,24154.3,24156.85,0
2026-07-10 03:51:00+00:00,24159.7,24163.9,24157.1,24163.9,0
2026-07-10 03:52:00+00:00,24165.55,24168.15,24157.4,24158.9,0
2026-07-10 03:53:00+00:00,24161.15,24168.75,24158.15,24168.35,0
2026-07-10 03:54:00+00:00,24169.0,24178.2,24167.3,24174.75,0
2026-07-10 03:55:00+00:00,24176.2,24177.55,24170.75,24173.0,0
2026-07-10 03:56:00+00:00,24173.3,24174.45,24157.4,24157.45,0
2026-07-10 03:57:00+00:00,24158.95,24165.95,24153.05,24163.85,0
2026-07-10 03:58:00+00:00,24165.4,24174.85,24164.4,24168.8,0
2026-07-10 03:59:00+00:00,24170.85,24171.7,24162.4,24168.4,0
2026-07-10 04:00:00+00:00,24168.6,24176.25,24167.55,24173.5,0
2026-07-10 04:01:00+00:00,24175.6,24179.35,24170.15,24170.25,0
2026-07-10 04:02:00+00:00,24171.8,24176.25,24166.2,24167.6,0
2026-07-10 04:03:00+00:00,24168.85,24178.5,24168.3,24177.2,0
2026-07-10 04:04:00+00:00,24178.15,24188.4,24178.15,24186.0,0
2026-07-10 04:05:00+00:00,24188.25,24191.15,24180.95,24184.9,0
2026-07-10 04:06:00+00:00,24187.2,24188.35,24180.45,24181.2,0
2026-07-10 04:07:00+00:00,24182.65,24194.65,24180.45,24193.6,0
2026-07-10 04:08:00+00:00,24193.8,24196.45,24189.6,24190.2,0
2026-07-10 04:09:00+00:00,24192.4,24196.85,24188.55,24192.25,0
2026-07-10 04:10:00+00:00,24193.1,24203.25,24191.4,24195.2,0
2026-07-10 04:11:00+00:00,24197.1,24206.0,24195.4,24204.65,0
2026-07-10 04:12:00+00:00,24206.75,24208.0,24202.25,24202.8,0
2026-07-10 04:13:00+00:00,24204.45,24204.8,24196.5,24197.75,0
2026-07-10 04:14:00+00:00,24198.3,24199.05,24192.5,24195.1,0
2026-07-10 04:15:00+00:00,24196.5,24200.6,24195.25,24198.55,0
2026-07-10 04:16:00+00:00,24198.85,24199.5,24196.15,24198.55,0
2026-07-10 04:17:00+00:00,24200.35,24209.05,24198.85,24207.7,0
2026-07-10 04:18:00+00:00,24209.8,24210.65,24203.25,24203.75,0
2026-07-10 04:19:00+00:00,24205.85,24211.55,24203.35,24208.35,0
2026-07-10 04:20:00+00:00,24209.45,24210.45,24201.3,24201.95,0
2026-07-10 04:21:00+00:00,24203.35,24203.35,24198.45,24201.6,0
2026-07-10 04:22:00+00:00,24204.45,24207.2,24201.4,24206.1,0
2026-07-10 04:23:00+00:00,24206.05,24208.9,24204.5,24204.7,0
2026-07-10 04:24:00+00:00,24207.45,24208.7,24200.5,24201.7,0
2026-07-10 04:25:00+00:00,24202.2,24205.9,24200.75,24204.6,0
2026-07-10 04:26:00+00:00,24205.1,24208.7,24203.0,24204.45,0
2026-07-10 04:27:00+00:00,24205.55,24211.8,24203.75,24209.7,0
2026-07-10 04:28:00+00:00,24211.55,24213.15,24208.35,24211.25,0
2026-07-10 04:29:00+00:00,24212.55,24216.85,24211.25,24216.75,0
2026-07-10 04:30:00+00:00,24217.95,24226.05,24216.55,24220.85,0
2026-07-10 04:31:00+00:00,24223.1,24223.75,24211.9,24211.9,0
2026-07-10 04:32:00+00:00,24214.3,24218.55,24212.7,24215.0,0
2026-07-10 04:33:00+00:00,24216.5,24217.25,24209.15,24210.55,0
2026-07-10 04:34:00+00:00,24211.95,24213.55,24207.15,24208.45,0
2026-07-10 04:35:00+00:00,24209.5,24214.5,24206.6,24212.85,0
2026-07-10 04:36:00+00:00,24214.75,24214.85,24209.3,24214.5,0
2026-07-10 04:37:00+00:00,24215.95,24217.85,24211.15,24211.15,0
2026-07-10 04:38:00+00:00,24213.75,24213.85,24204.05,24204.05,0
2026-07-10 04:39:00+00:00,24209.3,24211.05,24202.15,24210.75,0
2026-07-10 04:40:00+00:00,24211.8,24223.8,24211.15,24218.15,0
2026-07-10 04:41:00+00:00,24219.15,24219.85,24211.6,24213.7,0
2026-07-10 04:42:00+00:00,24215.95,24215.95,24209.1,24210.9,0
2026-07-10 04:43:00+00:00,24212.5,24214.15,24209.95,24211.3,0
2026-07-10 04:44:00+00:00,24213.2,24213.95,24209.1,24211.25,0
2026-07-10 04:45:00+00:00,24212.8,24215.2,24209.35,24213.05,0
2026-07-10 04:46:00+00:00,24215.1,24216.1,24209.5,24213.5,0
2026-07-10 04:47:00+00:00,24214.15,24214.75,24210.15,24211.35,0
2026-07-10 04:48:00+00:00,24212.65,24212.9,24209.7,24211.3,0
2026-07-10 04:49:00+00:00,24213.15,24214.1,24210.6,24211.7,0
2026-07-10 04:50:00+00:00,24213.9,24214.25,24209.4,24211.8,0
2026-07-10 04:51:00+00:00,24212.8,24215.35,24210.6,24214.65,0
2026-07-10 04:52:00+00:00,24215.05,24215.55,24207.45,24207.95,0
2026-07-10 04:53:00+00:00,24209.95,24210.15,24203.35,24203.95,0
2026-07-10 04:54:00+00:00,24207.1,24209.65,24205.8,24207.55,0
2026-07-10 04:55:00+00:00,24209.5,24212.4,24209.45,24211.55,0
2026-07-10 04:56:00+00:00,24213.1,24218.75,24211.7,24217.1,0
2026-07-10 04:57:00+00:00,24218.85,24218.85,24210.35,24212.0,0
2026-07-10 04:58:00+00:00,24213.25,24213.25,24207.1,24208.55,0
2026-07-10 04:59:00+00:00,24209.55,24210.6,24202.35,24203.3,0
2026-07-10 05:00:00+00:00,24205.35,24206.55,24194.95,24195.1,0
2026-07-10 05:01:00+00:00,24197.15,24197.15,24189.2,24193.05,0
2026-07-10 05:02:00+00:00,24194.45,24195.8,24189.3,24191.05,0
2026-07-10 05:03:00+00:00,24191.85,24192.4,24188.25,24189.0,0
2026-07-10 05:04:00+00:00,24190.65,24194.75,24187.95,24194.2,0
2026-07-10 05:05:00+00:00,24195.0,24196.9,24191.6,24195.4,0
2026-07-10 05:06:00+00:00,24196.1,24198.85,24193.0,24198.85,0
2026-07-10 05:07:00+00:00,24199.75,24202.35,24198.9,24199.55,0
2026-07-10 05:08:00+00:00,24201.35,24201.35,24195.35,24195.75,0
2026-07-10 05:09:00+00:00,24197.35,24197.6,24194.25,24195.45,0
2026-07-10 05:10:00+00:00,24197.1,24199.05,24194.15,24198.5,0
2026-07-10 05:11:00+00:00,24199.8,24208.55,24199.4,24206.45,0
2026-07-10 05:12:00+00:00,24207.55,24209.8,24206.15,24209.3,0
2026-07-10 05:13:00+00:00,24210.15,24211.0,24206.1,24208.15,0
2026-07-10 05:14:00+00:00,24208.9,24211.5,24207.2,24210.85,0
2026-07-10 05:15:00+00:00,24213.3,24213.3,24205.05,24207.8,0
2026-07-10 05:16:00+00:00,24208.85,24209.85,24204.1,24204.8,0
2026-07-10 05:17:00+00:00,24206.45,24208.6,24203.55,24207.15,0
2026-07-10 05:18:00+00:00,24208.4,24210.15,24206.25,24209.55,0
2026-07-10 05:19:00+00:00,24210.6,24210.9,24204.45,24205.25,0
2026-07-10 05:20:00+00:00,24206.5,24207.4,24203.75,24206.85,0
2026-07-10 05:21:00+00:00,24207.15,24209.9,24203.95,24209.45,0
2026-07-10 05:22:00+00:00,24209.4,24213.45,24207.9,24211.3,0
2026-07-10 05:23:00+00:00,24212.45,24212.5,24207.6,24210.25,0
2026-07-10 05:24:00+00:00,24211.35,24211.35,24204.45,24205.9,0
2026-07-10 05:25:00+00:00,24206.3,24206.55,24202.35,24204.1,0
2026-07-10 05:26:00+00:00,24206.25,24208.8,24203.7,24205.0,0
2026-07-10 05:27:00+00:00,24207.2,24207.35,24201.45,24202.15,0
2026-07-10 05:28:00+00:00,24203.25,24205.45,24198.35,24198.35,0
2026-07-10 05:29:00+00:00,24199.95,24201.95,24195.65,24199.1,0
2026-07-10 05:30:00+00:00,24201.35,24206.15,24198.6,24205.15,0
2026-07-10 05:31:00+00:00,24205.2,24205.2,24199.5,24201.15,0
2026-07-10 05:32:00+00:00,24202.5,24205.25,24201.75,24203.4,0
2026-07-10 05:33:00+00:00,24204.3,24206.05,24201.05,24201.35,0
2026-07-10 05:34:00+00:00,24201.6,24205.1,24196.95,24197.05,0
2026-07-10 05:35:00+00:00,24198.75,24199.05,24191.45,24192.4,0
2026-07-10 05:36:00+00:00,24194.5,24195.15,24189.75,24190.05,0
2026-07-10 05:37:00+00:00,24191.25,24191.25,24186.0,24186.1,0
2026-07-10 05:38:00+00:00,24189.1,24189.4,24184.05,24186.7,0
2026-07-10 05:39:00+00:00,24188.25,24188.25,24182.0,24183.8,0
2026-07-10 05:40:00+00:00,24184.7,24185.05,24175.8,24176.05,0
2026-07-10 05:41:00+00:00,24177.05,24180.0,24174.95,24175.05,0
2026-07-10 05:42:00+00:00,24176.55,24182.2,24175.15,24181.95,0
2026-07-10 05:43:00+00:00,24183.0,24184.25,24180.05,24181.1,0
2026-07-10 05:44:00+00:00,24183.0,24183.0,24177.6,24180.0,0
2026-07-10 05:45:00+00:00,24181.65,24182.25,24171.85,24172.1,0
2026-07-10 05:46:00+00:00,24173.65,24174.6,24167.2,24168.55,0
2026-07-10 05:47:00+00:00,24168.85,24175.65,24166.5,24175.05,0
2026-07-10 05:48:00+00:00,24176.25,24177.2,24173.8,24174.5,0
2026-07-10 05:49:00+00:00,24175.4,24175.5,24171.65,24173.3,0
2026-07-10 05:50:00+00:00,24174.35,24175.9,24170.0,24170.55,0
2026-07-10 05:51:00+00:00,24172.45,24172.45,24167.8,24168.4,0
2026-07-10 05:52:00+00:00,24169.7,24175.2,24168.6,24175.1,0
2026-07-10 05:53:00+00:00,24175.5,24177.25,24171.25,24172.05,0
2026-07-10 05:54:00+00:00,24174.9,24178.15,24173.3,24175.55,0
2026-07-10 05:55:00+00:00,24176.5,24176.5,24170.15,24171.2,0
2026-07-10 05:56:00+00:00,24172.55,24173.05,24168.75,24170.35,0
2026-07-10 05:57:00+00:00,24172.1,24173.5,24169.05,24170.7,0
2026-07-10 05:58:00+00:00,24172.2,24173.05,24168.3,24168.85,0
2026-07-10 05:59:00+00:00,24170.85,24170.85,24156.85,24157.85,0
2026-07-10 06:00:00+00:00,24161.05,24169.75,24157.15,24166.95,0
2026-07-10 06:01:00+00:00,24168.25,24168.25,24163.15,24165.65,0
2026-07-10 06:02:00+00:00,24165.85,24166.6,24161.05,24162.65,0
2026-07-10 06:03:00+00:00,24163.7,24168.6,24161.0,24166.55,0
2026-07-10 06:04:00+00:00,24167.9,24170.8,24165.95,24167.25,0
2026-07-10 06:05:00+00:00,24169.05,24169.15,24165.55,24168.45,0
2026-07-10 06:06:00+00:00,24169.35,24172.35,24168.05,24171.5,0
2026-07-10 06:07:00+00:00,24172.15,24172.2,24158.0,24158.9,0
2026-07-10 06:08:00+00:00,24161.15,24163.25,24155.95,24160.8,0
2026-07-10 06:09:00+00:00,24162.5,24165.85,24160.65,24162.3,0
2026-07-10 06:10:00+00:00,24163.35,24163.8,24159.8,24162.7,0
2026-07-10 06:11:00+00:00,24163.4,24163.4,24158.45,24159.85,0
2026-07-10 06:12:00+00:00,24160.35,24163.45,24158.25,24162.55,0
2026-07-10 06:13:00+00:00,24163.9,24165.95,24161.35,24165.45,0
2026-07-10 06:14:00+00:00,24167.2,24167.2,24162.75,24163.1,0
2026-07-10 06:15:00+00:00,24165.2,24168.7,24163.5,24167.05,0
2026-07-10 06:16:00+00:00,24168.3,24174.2,24167.7,24173.0,0
2026-07-10 06:17:00+00:00,24174.6,24175.65,24171.4,24175.65,0
2026-07-10 06:18:00+00:00,24175.95,24176.5,24171.4,24172.9,0
2026-07-10 06:19:00+00:00,24175.0,24177.3,24172.05,24175.7,0
2026-07-10 06:20:00+00:00,24176.4,24176.4,24171.25,24171.5,0
2026-07-10 06:21:00+00:00,24172.9,24174.1,24170.45,24170.55,0
2026-07-10 06:22:00+00:00,24172.55,24173.25,24167.5,24167.5,0
2026-07-10 06:23:00+00:00,24168.35,24168.35,24152.05,24155.3,0
2026-07-10 06:24:00+00:00,24156.5,24159.2,24154.75,24157.35,0
2026-07-10 06:25:00+00:00,24159.05,24160.0,24155.85,24158.95,0
2026-07-10 06:26:00+00:00,24159.9,24163.95,24158.5,24160.0,0
2026-07-10 06:27:00+00:00,24161.7,24164.05,24158.95,24163.05,0
2026-07-10 06:28:00+00:00,24163.95,24166.25,24161.85,24164.65,0
2026-07-10 06:29:00+00:00,24166.25,24173.1,24164.75,24170.4,0
2026-07-10 06:30:00+00:00,24171.3,24179.2,24170.15,24176.75,0
2026-07-10 06:31:00+00:00,24178.4,24184.25,24176.95,24181.6,0
2026-07-10 06:32:00+00:00,24183.0,24183.7,24179.7,24181.5,0
2026-07-10 06:33:00+00:00,24183.2,24185.65,24181.65,24182.55,0
2026-07-10 06:34:00+00:00,24184.4,24184.55,24178.55,24178.85,0
2026-07-10 06:35:00+00:00,24181.15,24181.15,24175.35,24178.15,0
2026-07-10 06:36:00+00:00,24180.4,24181.8,24176.8,24179.65,0
2026-07-10 06:37:00+00:00,24182.15,24182.15,24175.95,24179.1,0
2026-07-10 06:38:00+00:00,24181.1,24182.5,24178.65,24179.9,0
2026-07-10 06:39:00+00:00,24182.2,24182.5,24174.55,24176.05,0
2026-07-10 06:40:00+00:00,24176.65,24177.2,24171.7,24172.25,0
2026-07-10 06:41:00+00:00,24174.55,24174.55,24162.85,24163.3,0
2026-07-10 06:42:00+00:00,24165.8,24168.0,24164.0,24164.15,0
2026-07-10 06:43:00+00:00,24165.85,24165.9,24157.75,24159.9,0
2026-07-10 06:44:00+00:00,24162.55,24165.25,24161.05,24164.75,0
2026-07-10 06:45:00+00:00,24165.85,24167.05,24161.5,24166.3,0
2026-07-10 06:46:00+00:00,24168.1,24168.3,24161.15,24164.35,0
2026-07-10 06:47:00+00:00,24166.3,24168.4,24164.4,24165.55,0
2026-07-10 06:48:00+00:00,24166.85,24169.5,24164.55,24165.75,0
2026-07-10 06:49:00+00:00,24167.15,24167.15,24162.65,24164.25,0
2026-07-10 06:50:00+00:00,24165.2,24167.3,24163.5,24164.55,0
2026-07-10 06:51:00+00:00,24166.3,24166.85,24160.9,24164.25,0
2026-07-10 06:52:00+00:00,24165.4,24168.5,24163.7,24166.0,0
2026-07-10 06:53:00+00:00,24167.1,24168.5,24164.45,24166.9,0
2026-07-10 06:54:00+00:00,24168.85,24173.1,24167.15,24172.8,0
2026-07-10 06:55:00+00:00,24173.85,24175.95,24172.05,24173.3,0
2026-07-10 06:56:00+00:00,24175.0,24179.85,24174.25,24179.1,0
2026-07-10 06:57:00+00:00,24181.05,24188.75,24180.6,24187.8,0
2026-07-10 06:58:00+00:00,24189.6,24193.35,24188.1,24192.05,0
2026-07-10 06:59:00+00:00,24193.05,24193.5,24189.2,24189.25,0
2026-07-10 07:00:00+00:00,24190.3,24190.8,24185.4,24185.7,0
2026-07-10 07:01:00+00:00,24186.75,24187.35,24182.85,24183.3,0
2026-07-10 07:02:00+00:00,24185.0,24185.65,24178.6,24179.25,0
2026-07-10 07:03:00+00:00,24181.6,24183.7,24178.0,24182.75,0
2026-07-10 07:04:00+00:00,24183.95,24188.8,24182.55,24183.8,0
2026-07-10 07:05:00+00:00,24184.75,24186.8,24182.45,24184.8,0
2026-07-10 07:06:00+00:00,24187.15,24188.0,24182.45,24184.2,0
2026-07-10 07:07:00+00:00,24185.0,24185.45,24181.3,24182.8,0
2026-07-10 07:08:00+00:00,24184.35,24184.35,24180.75,24181.85,0
2026-07-10 07:09:00+00:00,24183.0,24186.05,24181.7,24183.25,0
2026-07-10 07:10:00+00:00,24184.0,24186.6,24181.2,24181.6,0
2026-07-10 07:11:00+00:00,24183.75,24186.7,24180.15,24185.15,0
2026-07-10 07:12:00+00:00,24186.4,24188.3,24183.5,24185.75,0
2026-07-10 07:13:00+00:00,24188.2,24190.05,24184.35,24188.7,0
2026-07-10 07:14:00+00:00,24190.0,24194.15,24188.15,24188.25,0
2026-07-10 07:15:00+00:00,24190.65,24196.15,24190.1,24192.25,0
2026-07-10 07:16:00+00:00,24192.35,24193.85,24189.3,24193.85,0
2026-07-10 07:17:00+00:00,24194.55,24195.35,24188.7,24189.6,0
2026-07-10 07:18:00+00:00,24190.9,24193.85,24189.95,24191.9,0
2026-07-10 07:19:00+00:00,24192.6,24193.55,24187.6,24188.05,0
2026-07-10 07:20:00+00:00,24189.35,24192.2,24186.0,24190.55,0
2026-07-10 07:21:00+00:00,24191.7,24198.1,24190.05,24197.8,0
2026-07-10 07:22:00+00:00,24198.9,24199.8,24194.1,24194.6,0
2026-07-10 07:23:00+00:00,24195.45,24197.3,24189.7,24190.45,0
2026-07-10 07:24:00+00:00,24191.35,24191.8,24188.15,24189.0,0
2026-07-10 07:25:00+00:00,24189.9,24193.25,24189.15,24190.55,0
2026-07-10 07:26:00+00:00,24192.75,24193.55,24188.95,24190.4,0
2026-07-10 07:27:00+00:00,24193.1,24193.15,24185.2,24187.0,0
2026-07-10 07:28:00+00:00,24188.9,24189.35,24184.7,24187.1,0
2026-07-10 07:29:00+00:00,24189.0,24189.0,24178.4,24181.35,0
2026-07-10 07:30:00+00:00,24184.45,24184.6,24178.75,24180.55,0
2026-07-10 07:31:00+00:00,24182.35,24187.4,24178.55,24185.1,0
2026-07-10 07:32:00+00:00,24186.6,24195.5,24185.8,24194.5,0
2026-07-10 07:33:00+00:00,24196.4,24201.85,24192.9,24199.05,0
2026-07-10 07:34:00+00:00,24200.1,24200.35,24195.1,24197.25,0
2026-07-10 07:35:00+00:00,24198.05,24198.2,24190.55,24195.1,0
2026-07-10 07:36:00+00:00,24197.35,24198.75,24190.75,24191.85,0
2026-07-10 07:37:00+00:00,24191.5,24193.55,24185.95,24188.6,0
2026-07-10 07:38:00+00:00,24191.0,24197.8,24186.35,24187.35,0
2026-07-10 07:39:00+00:00,24186.75,24187.95,24180.6,24181.55,0
2026-07-10 07:40:00+00:00,24182.85,24185.8,24178.7,24178.7,0
2026-07-10 07:41:00+00:00,24180.85,24182.25,24177.95,24181.45,0
2026-07-10 07:42:00+00:00,24182.05,24187.55,24180.8,24186.75,0
2026-07-10 07:43:00+00:00,24187.95,24187.95,24181.75,24182.2,0
2026-07-10 07:44:00+00:00,24183.45,24187.0,24182.05,24185.8,0
2026-07-10 07:45:00+00:00,24186.85,24188.45,24182.5,24182.75,0
2026-07-10 07:46:00+00:00,24184.0,24185.15,24180.75,24181.45,0
2026-07-10 07:47:00+00:00,24181.85,24182.2,24176.6,24177.3,0
2026-07-10 07:48:00+00:00,24178.8,24179.2,24173.8,24174.75,0
2026-07-10 07:49:00+00:00,24176.6,24177.25,24172.35,24172.55,0
2026-07-10 07:50:00+00:00,24173.85,24174.05,24163.8,24167.65,0
2026-07-10 07:51:00+00:00,24168.3,24172.95,24167.65,24169.6,0
2026-07-10 07:52:00+00:00,24170.95,24171.5,24160.75,24162.0,0
2026-07-10 07:53:00+00:00,24163.1,24169.45,24162.25,24162.75,0
2026-07-10 07:54:00+00:00,24163.85,24166.05,24161.9,24164.0,0
2026-07-10 07:55:00+00:00,24165.7,24170.7,24164.3,24170.5,0
2026-07-10 07:56:00+00:00,24170.9,24171.7,24168.35,24169.55,0
2026-07-10 07:57:00+00:00,24171.4,24174.75,24167.65,24174.75,0
2026-07-10 07:58:00+00:00,24175.0,24176.7,24171.35,24172.65,0
2026-07-10 07:59:00+00:00,24174.25,24176.9,24169.15,24176.55,0
2026-07-10 08:00:00+00:00,24177.4,24178.0,24174.3,24176.5,0
2026-07-10 08:01:00+00:00,24177.3,24184.8,24177.2,24180.75,0
2026-07-10 08:02:00+00:00,24181.2,24181.95,24172.8,24173.2,0
2026-07-10 08:03:00+00:00,24174.4,24177.5,24171.9,24176.85,0
2026-07-10 08:04:00+00:00,24178.05,24186.25,24176.95,24185.45,0
2026-07-10 08:05:00+00:00,24186.4,24190.4,24184.55,24189.95,0
2026-07-10 08:06:00+00:00,24190.75,24191.8,24185.95,24187.55,0
2026-07-10 08:07:00+00:00,24188.55,24189.1,24183.95,24183.95,0
2026-07-10 08:08:00+00:00,24186.7,24187.3,24181.35,24186.5,0
2026-07-10 08:09:00+00:00,24187.15,24196.55,24185.4,24196.1,0
2026-07-10 08:10:00+00:00,24197.0,24202.95,24196.15,24200.55,0
2026-07-10 08:11:00+00:00,24201.25,24203.1,24200.7,24201.15,0
2026-07-10 08:12:00+00:00,24202.9,24203.3,24198.0,24198.0,0
2026-07-10 08:13:00+00:00,24199.7,24199.75,24197.0,24199.1,0
2026-07-10 08:14:00+00:00,24200.7,24201.05,24196.35,24196.75,0
2026-07-10 08:15:00+00:00,24198.15,24205.4,24197.15,24205.4,0
2026-07-10 08:16:00+00:00,24205.6,24207.3,24201.7,24202.5,0
2026-07-10 08:17:00+00:00,24203.95,24204.3,24197.2,24197.25,0
2026-07-10 08:18:00+00:00,24200.0,24200.0,24192.25,24192.75,0
2026-07-10 08:19:00+00:00,24192.8,24193.4,24190.25,24192.65,0
2026-07-10 08:20:00+00:00,24193.35,24197.45,24192.95,24194.4,0
2026-07-10 08:21:00+00:00,24195.2,24195.7,24186.15,24187.05,0
2026-07-10 08:22:00+00:00,24189.55,24193.45,24186.9,24192.7,0
2026-07-10 08:23:00+00:00,24193.8,24196.9,24192.05,24195.6,0
2026-07-10 08:24:00+00:00,24196.8,24198.0,24194.25,24194.5,0
2026-07-10 08:25:00+00:00,24196.55,24198.4,24194.7,24196.8,0
2026-07-10 08:26:00+00:00,24197.8,24199.2,24194.35,24194.8,0
2026-07-10 08:27:00+00:00,24196.4,24198.5,24191.8,24198.3,0
2026-07-10 08:28:00+00:00,24198.95,24199.3,24193.95,24196.9,0
2026-07-10 08:29:00+00:00,24197.7,24198.05,24190.65,24193.35,0
2026-07-10 08:30:00+00:00,24194.85,24199.95,24192.2,24196.5,0
2026-07-10 08:31:00+00:00,24198.6,24198.6,24187.9,24188.1,0
2026-07-10 08:32:00+00:00,24189.65,24190.75,24185.3,24190.4,0
2026-07-10 08:33:00+00:00,24191.9,24192.65,24185.35,24187.1,0
2026-07-10 08:34:00+00:00,24188.2,24193.4,24187.1,24192.8,0
2026-07-10 08:35:00+00:00,24193.1,24193.1,24183.0,24185.15,0
2026-07-10 08:36:00+00:00,24186.15,24187.2,24184.15,24185.15,0
2026-07-10 08:37:00+00:00,24186.7,24187.4,24182.2,24182.75,0
2026-07-10 08:38:00+00:00,24184.7,24186.05,24176.15,24178.75,0
2026-07-10 08:39:00+00:00,24180.8,24181.9,24176.95,24177.4,0
2026-07-10 08:40:00+00:00,24178.75,24178.75,24173.6,24175.7,0
2026-07-10 08:41:00+00:00,24177.45,24185.65,24175.6,24184.25,0
2026-07-10 08:42:00+00:00,24185.55,24185.55,24181.7,24183.0,0
2026-07-10 08:43:00+00:00,24184.2,24185.6,24183.05,24183.65,0
2026-07-10 08:44:00+00:00,24185.35,24188.65,24183.95,24186.45,0
2026-07-10 08:45:00+00:00,24187.0,24189.35,24185.35,24185.8,0
2026-07-10 08:46:00+00:00,24186.6,24189.05,24184.95,24189.0,0
2026-07-10 08:47:00+00:00,24189.5,24189.9,24184.85,24186.0,0
2026-07-10 08:48:00+00:00,24187.75,24187.75,24184.1,24185.9,0
2026-07-10 08:49:00+00:00,24186.4,24189.75,24184.5,24189.1,0
2026-07-10 08:50:00+00:00,24189.9,24190.75,24187.95,24190.05,0
2026-07-10 08:51:00+00:00,24191.5,24198.55,24189.8,24198.05,0
2026-07-10 08:52:00+00:00,24199.3,24203.6,24198.1,24202.8,0
2026-07-10 08:53:00+00:00,24204.2,24206.9,24202.7,24204.65,0
2026-07-10 08:54:00+00:00,24206.1,24206.8,24200.35,24202.05,0
2026-07-10 08:55:00+00:00,24201.95,24206.25,24200.35,24206.05,0
2026-07-10 08:56:00+00:00,24207.75,24211.9,24206.25,24210.7,0
2026-07-10 08:57:00+00:00,24212.55,24214.5,24210.85,24212.35,0
2026-07-10 08:58:00+00:00,24212.2,24212.85,24204.55,24206.4,0
2026-07-10 08:59:00+00:00,24208.6,24213.85,24208.05,24212.3,0
2026-07-10 09:00:00+00:00,24213.4,24214.85,24208.95,24210.35,0
2026-07-10 09:01:00+00:00,24211.25,24213.0,24198.8,24198.8,0
2026-07-10 09:02:00+00:00,24200.8,24208.85,24198.9,24208.1,0
2026-07-10 09:03:00+00:00,24208.75,24214.45,24206.45,24211.55,0
2026-07-10 09:04:00+00:00,24214.05,24214.05,24204.2,24204.75,0
2026-07-10 09:05:00+00:00,24206.5,24207.75,24204.2,24206.75,0
2026-07-10 09:06:00+00:00,24209.25,24209.25,24202.1,24205.3,0
2026-07-10 09:07:00+00:00,24206.55,24209.0,24203.45,24205.55,0
2026-07-10 09:08:00+00:00,24207.25,24213.4,24206.4,24211.65,0
2026-07-10 09:09:00+00:00,24213.3,24213.75,24207.15,24212.3,0
2026-07-10 09:10:00+00:00,24213.25,24215.1,24210.15,24215.1,0
2026-07-10 09:11:00+00:00,24215.55,24216.65,24211.8,24214.15,0
2026-07-10 09:12:00+00:00,24215.35,24215.35,24208.8,24209.75,0
2026-07-10 09:13:00+00:00,24211.45,24213.15,24207.85,24210.0,0
2026-07-10 09:14:00+00:00,24211.35,24212.1,24207.6,24208.5,0
2026-07-10 09:15:00+00:00,24210.45,24210.55,24205.8,24207.6,0
2026-07-10 09:16:00+00:00,24210.4,24213.9,24206.75,24212.9,0
2026-07-10 09:17:00+00:00,24214.35,24217.4,24212.3,24215.7,0
2026-07-10 09:18:00+00:00,24217.1,24227.9,24215.45,24226.95,0
2026-07-10 09:19:00+00:00,24228.15,24228.45,24219.7,24220.05,0
2026-07-10 09:20:00+00:00,24221.65,24221.9,24211.85,24212.4,0
2026-07-10 09:21:00+00:00,24213.35,24214.35,24206.1,24207.3,0
2026-07-10 09:22:00+00:00,24208.75,24208.75,24202.5,24206.3,0
2026-07-10 09:23:00+00:00,24207.45,24208.1,24203.6,24204.2,0
2026-07-10 09:24:00+00:00,24205.5,24209.65,24201.15,24201.7,0
2026-07-10 09:25:00+00:00,24203.05,24205.75,24200.7,24204.9,0
2026-07-10 09:26:00+00:00,24206.05,24208.4,24204.4,24208.05,0
2026-07-10 09:27:00+00:00,24209.2,24210.65,24207.1,24209.8,0
2026-07-10 09:28:00+00:00,24211.0,24211.0,24188.6,24190.55,0
2026-07-10 09:29:00+00:00,24193.55,24202.3,24191.9,24198.45,0
2026-07-10 09:30:00+00:00,24199.6,24219.4,24187.3,24213.0,0
2026-07-10 09:31:00+00:00,24214.1,24214.65,24210.0,24211.4,0
2026-07-10 09:32:00+00:00,24212.45,24213.7,24209.5,24210.7,0
2026-07-10 09:33:00+00:00,24211.25,24211.75,24201.55,24201.55,0
2026-07-10 09:34:00+00:00,24202.6,24203.4,24197.8,24198.55,0
2026-07-10 09:35:00+00:00,24199.75,24203.35,24197.65,24198.3,0
2026-07-10 09:36:00+00:00,24199.15,24199.85,24195.6,24198.4,0
2026-07-10 09:37:00+00:00,24199.55,24203.8,24197.15,24203.55,0
2026-07-10 09:38:00+00:00,24204.7,24206.65,24201.0,24206.1,0
2026-07-10 09:39:00+00:00,24206.7,24211.95,24204.95,24211.2,0
2026-07-10 09:40:00+00:00,24211.9,24215.15,24208.9,24214.25,0
2026-07-10 09:41:00+00:00,24215.3,24218.95,24213.9,24214.55,0
2026-07-10 09:42:00+00:00,24216.2,24216.2,24209.3,24210.3,0
2026-07-10 09:43:00+00:00,24211.3,24211.8,24206.6,24208.05,0
2026-07-10 09:44:00+00:00,24209.15,24211.25,24207.7,24208.65,0
2026-07-10 09:45:00+00:00,24208.35,24208.7,24201.4,24202.8,0
2026-07-10 09:46:00+00:00,24203.7,24204.0,24197.25,24200.25,0
2026-07-10 09:47:00+00:00,24201.15,24202.4,24197.8,24202.1,0
2026-07-10 09:48:00+00:00,24202.4,24203.35,24198.95,24203.0,0
2026-07-10 09:49:00+00:00,24203.4,24204.75,24201.0,24203.9,0
2026-07-10 09:50:00+00:00,24203.75,24203.75,24198.65,24201.05,0
2026-07-10 09:51:00+00:00,24200.95,24206.55,24198.9,24205.7,0
2026-07-10 09:52:00+00:00,24205.75,24210.55,24204.0,24210.55,0
2026-07-10 09:53:00+00:00,24210.7,24215.85,24209.05,24214.85,0
2026-07-10 09:54:00+00:00,24214.7,24215.15,24207.15,24209.1,0
2026-07-10 09:55:00+00:00,24209.05,24210.7,24203.35,24208.6,0
2026-07-10 09:56:00+00:00,24208.9,24215.05,24206.2,24212.95,0
2026-07-10 09:57:00+00:00,24213.75,24220.55,24211.05,24219.35,0
2026-07-10 09:58:00+00:00,24219.75,24220.95,24210.65,24212.6,0
2026-07-10 09:59:00+00:00,24210.7,24218.35,24208.2,24211.65,0
2026-07-13 03:45:00+00:00,24039.4,24039.4,24000.2,24021.55,0
2026-07-13 03:46:00+00:00,24021.7,24039.75,24008.85,24032.25,0
2026-07-13 03:47:00+00:00,24034.0,24044.45,24024.65,24043.4,0
2026-07-13 03:48:00+00:00,24042.85,24043.85,24019.55,24030.55,0
2026-07-13 03:49:00+00:00,24028.0,24031.1,24022.9,24027.45,0
2026-07-13 03:50:00+00:00,24026.7,24032.0,24017.45,24028.35,0
2026-07-13 03:51:00+00:00,24030.0,24037.3,24021.65,24026.35,0
2026-07-13 03:52:00+00:00,24025.9,24034.25,24022.5,24032.0,0
2026-07-13 03:53:00+00:00,24031.6,24031.8,24020.2,24029.65,0
2026-07-13 03:54:00+00:00,24029.65,24029.7,24020.0,24023.5,0
2026-07-13 03:55:00+00:00,24024.7,24033.95,24023.45,24029.95,0
2026-07-13 03:56:00+00:00,24030.1,24032.4,24020.75,24031.05,0
2026-07-13 03:57:00+00:00,24031.2,24032.75,24014.65,24023.4,0
2026-07-13 03:58:00+00:00,24023.05,24032.3,24018.85,24024.1,0
2026-07-13 03:59:00+00:00,24024.75,24030.65,24021.3,24027.45,0
2026-07-13 04:00:00+00:00,24027.2,24030.15,24022.15,24029.3,0
2026-07-13 04:01:00+00:00,24028.65,24031.65,24021.95,24025.7,0
2026-07-13 04:02:00+00:00,24026.15,24037.45,24025.55,24036.9,0
2026-07-13 04:03:00+00:00,24036.0,24038.65,24026.2,24027.75,0
2026-07-13 04:04:00+00:00,24029.15,24031.35,24019.35,24028.05,0
2026-07-13 04:05:00+00:00,24028.35,24030.7,24021.55,24026.05,0
2026-07-13 04:06:00+00:00,24026.15,24044.15,24026.15,24043.65,0
2026-07-13 04:07:00+00:00,24043.45,24057.85,24042.35,24057.6,0
2026-07-13 04:08:00+00:00,24057.55,24062.9,24046.25,24055.3,0
2026-07-13 04:09:00+00:00,24056.1,24070.85,24056.1,24067.95,0
2026-07-13 04:10:00+00:00,24068.7,24074.8,24065.35,24067.85,0
2026-07-13 04:11:00+00:00,24068.55,24077.1,24065.4,24075.0,0
2026-07-13 04:12:00+00:00,24074.85,24079.35,24066.15,24078.45,0
2026-07-13 04:13:00+00:00,24078.4,24090.05,24077.55,24082.25,0
2026-07-13 04:14:00+00:00,24082.4,24082.4,24072.3,24075.0,0
2026-07-13 04:15:00+00:00,24076.15,24079.6,24070.35,24070.35,0
2026-07-13 04:16:00+00:00,24071.3,24087.35,24071.3,24086.65,0
2026-07-13 04:17:00+00:00,24085.35,24092.3,24082.05,24090.85,0
2026-07-13 04:18:00+00:00,24091.5,24096.3,24087.35,24089.45,0
2026-07-13 04:19:00+00:00,24088.15,24108.85,24086.3,24107.45,0
2026-07-13 04:20:00+00:00,24107.95,24110.4,24096.1,24102.45,0
2026-07-13 04:21:00+00:00,24103.2,24103.2,24094.8,24100.6,0
2026-07-13 04:22:00+00:00,24100.05,24112.35,24100.05,24111.3,0
2026-07-13 04:23:00+00:00,24111.6,24117.55,24110.0,24113.75,0
2026-07-13 04:24:00+00:00,24113.3,24119.9,24110.25,24116.0,0
2026-07-13 04:25:00+00:00,24116.5,24120.35,24111.95,24113.7,0
2026-07-13 04:26:00+00:00,24114.1,24119.35,24113.15,24113.45,0
2026-07-13 04:27:00+00:00,24113.35,24115.45,24104.85,24107.0,0
2026-07-13 04:28:00+00:00,24107.15,24119.4,24106.2,24118.35,0
2026-07-13 04:29:00+00:00,24118.4,24122.45,24115.95,24121.2,0
2026-07-13 04:30:00+00:00,24121.05,24126.2,24115.95,24124.6,0
2026-07-13 04:31:00+00:00,24124.25,24128.8,24115.2,24115.55,0
2026-07-13 04:32:00+00:00,24116.6,24123.8,24114.15,24123.1,0
2026-07-13 04:33:00+00:00,24123.1,24123.85,24105.2,24110.25,0
2026-07-13 04:34:00+00:00,24109.95,24115.3,24107.15,24110.1,0
2026-07-13 04:35:00+00:00,24112.65,24113.65,24104.8,24107.05,0
2026-07-13 04:36:00+00:00,24106.8,24109.6,24101.1,24104.95,0
2026-07-13 04:37:00+00:00,24104.0,24106.6,24092.8,24099.85,0
2026-07-13 04:38:00+00:00,24099.45,24119.35,24097.4,24117.55,0
2026-07-13 04:39:00+00:00,24118.2,24122.85,24103.8,24109.3,0
2026-07-13 04:40:00+00:00,24109.1,24118.8,24104.95,24110.7,0
2026-07-13 04:41:00+00:00,24102.7,24113.5,24102.7,24111.4,0
2026-07-13 04:42:00+00:00,24112.05,24120.35,24110.6,24112.1,0
2026-07-13 04:43:00+00:00,24111.25,24112.95,24106.75,24108.75,0
2026-07-13 04:44:00+00:00,24107.8,24115.3,24105.15,24114.15,0
2026-07-13 04:45:00+00:00,24113.55,24120.75,24110.55,24111.35,0
2026-07-13 04:46:00+00:00,24111.75,24112.95,24104.8,24109.5,0
2026-07-13 04:47:00+00:00,24110.15,24112.1,24104.6,24107.6,0
2026-07-13 04:48:00+00:00,24106.85,24118.05,24106.85,24113.3,0
2026-07-13 04:49:00+00:00,24114.15,24114.4,24107.9,24113.8,0
2026-07-13 04:50:00+00:00,24114.0,24120.6,24113.4,24117.4,0
2026-07-13 04:51:00+00:00,24116.45,24119.0,24115.1,24117.25,0
2026-07-13 04:52:00+00:00,24117.2,24126.65,24116.3,24121.7,0
2026-07-13 04:53:00+00:00,24122.0,24122.9,24109.5,24113.15,0
2026-07-13 04:54:00+00:00,24113.15,24121.65,24113.1,24119.1,0
2026-07-13 04:55:00+00:00,24119.35,24123.3,24114.3,24123.05,0
2026-07-13 04:56:00+00:00,24123.25,24125.85,24121.3,24123.95,0
2026-07-13 04:57:00+00:00,24123.75,24136.3,24123.45,24136.3,0
2026-07-13 04:58:00+00:00,24136.5,24143.8,24133.05,24143.15,0
2026-07-13 04:59:00+00:00,24143.5,24157.4,24143.5,24145.8,0
2026-07-13 05:00:00+00:00,24146.15,24149.25,24135.95,24142.55,0
2026-07-13 05:01:00+00:00,24141.9,24142.1,24132.0,24135.65,0
2026-07-13 05:02:00+00:00,24135.6,24153.05,24135.6,24148.3,0
2026-07-13 05:03:00+00:00,24148.35,24156.25,24147.95,24153.5,0
2026-07-13 05:04:00+00:00,24153.8,24155.85,24148.2,24154.75,0
2026-07-13 05:05:00+00:00,24155.4,24156.85,24147.45,24148.8,0
2026-07-13 05:06:00+00:00,24149.5,24150.3,24142.35,24143.8,0
2026-07-13 05:07:00+00:00,24143.75,24148.0,24141.9,24145.7,0
2026-07-13 05:08:00+00:00,24145.1,24148.15,24139.9,24140.2,0
2026-07-13 05:09:00+00:00,24140.7,24142.05,24134.3,24134.5,0
2026-07-13 05:10:00+00:00,24134.05,24142.85,24132.7,24140.3,0
2026-07-13 05:11:00+00:00,24140.6,24143.55,24135.35,24138.75,0
2026-07-13 05:12:00+00:00,24138.45,24145.0,24135.65,24144.2,0
2026-07-13 05:13:00+00:00,24144.1,24149.05,24142.05,24143.85,0
2026-07-13 05:14:00+00:00,24143.85,24145.35,24140.7,24141.65,0
2026-07-13 05:15:00+00:00,24142.8,24144.5,24139.6,24140.6,0
2026-07-13 05:16:00+00:00,24140.15,24145.9,24139.6,24143.7,0
2026-07-13 05:17:00+00:00,24144.0,24147.3,24142.5,24145.95,0
2026-07-13 05:18:00+00:00,24145.75,24146.65,24139.55,24140.2,0
2026-07-13 05:19:00+00:00,24140.35,24142.6,24136.65,24137.3,0
2026-07-13 05:20:00+00:00,24138.05,24139.7,24132.15,24133.95,0
2026-07-13 05:21:00+00:00,24134.45,24141.45,24134.45,24137.85,0
2026-07-13 05:22:00+00:00,24138.3,24141.7,24133.3,24141.7,0
2026-07-13 05:23:00+00:00,24141.5,24146.15,24124.1,24125.15,0
2026-07-13 05:24:00+00:00,24124.7,24126.15,24118.2,24123.15,0
2026-07-13 05:25:00+00:00,24123.3,24126.85,24117.0,24118.75,0
2026-07-13 05:26:00+00:00,24118.25,24126.45,24117.1,24122.45,0
2026-07-13 05:27:00+00:00,24122.1,24129.15,24119.95,24127.95,0
2026-07-13 05:28:00+00:00,24127.95,24138.75,24125.45,24137.8,0
2026-07-13 05:29:00+00:00,24137.95,24140.55,24125.65,24132.6,0
2026-07-13 05:30:00+00:00,24132.15,24133.85,24116.2,24126.75,0
2026-07-13 05:31:00+00:00,24126.25,24128.1,24118.6,24118.6,0
2026-07-13 05:32:00+00:00,24119.15,24128.4,24118.6,24127.85,0
2026-07-13 05:33:00+00:00,24127.9,24131.65,24125.35,24131.3,0
2026-07-13 05:34:00+00:00,24131.5,24141.15,24127.75,24139.9,0
2026-07-13 05:35:00+00:00,24139.95,24144.05,24138.55,24141.5,0
2026-07-13 05:36:00+00:00,24141.0,24142.55,24135.1,24141.95,0
2026-07-13 05:37:00+00:00,24141.25,24148.6,24140.25,24146.75,0
2026-07-13 05:38:00+00:00,24146.8,24150.15,24142.0,24142.0,0
2026-07-13 05:39:00+00:00,24142.7,24145.7,24140.25,24144.4,0
2026-07-13 05:40:00+00:00,24143.65,24150.8,24141.4,24146.8,0
2026-07-13 05:41:00+00:00,24146.35,24159.3,24145.8,24158.0,0
2026-07-13 05:42:00+00:00,24159.75,24162.05,24153.6,24159.45,0
2026-07-13 05:43:00+00:00,24159.3,24160.55,24151.55,24153.2,0
2026-07-13 05:44:00+00:00,24153.25,24153.25,24146.65,24146.7,0
2026-07-13 05:45:00+00:00,24147.25,24149.05,24143.75,24147.4,0
2026-07-13 05:46:00+00:00,24147.6,24147.6,24138.1,24141.15,0
2026-07-13 05:47:00+00:00,24140.1,24143.85,24136.45,24141.45,0
2026-07-13 05:48:00+00:00,24142.05,24142.6,24133.65,24137.55,0
2026-07-13 05:49:00+00:00,24137.9,24139.0,24133.95,24137.55,0
2026-07-13 05:50:00+00:00,24138.55,24146.9,24136.85,24146.1,0
2026-07-13 05:51:00+00:00,24145.85,24151.1,24144.65,24150.55,0
2026-07-13 05:52:00+00:00,24149.2,24157.0,24147.0,24155.2,0
2026-07-13 05:53:00+00:00,24155.85,24158.8,24152.05,24152.45,0
2026-07-13 05:54:00+00:00,24152.3,24152.95,24146.4,24146.65,0
2026-07-13 05:55:00+00:00,24146.35,24147.9,24142.1,24145.35,0
2026-07-13 05:56:00+00:00,24144.1,24148.3,24141.1,24147.9,0
2026-07-13 05:57:00+00:00,24147.55,24149.45,24143.3,24144.05,0
2026-07-13 05:58:00+00:00,24144.3,24144.45,24135.4,24136.2,0
2026-07-13 05:59:00+00:00,24136.4,24138.9,24133.0,24138.15,0
2026-07-13 06:00:00+00:00,24137.45,24145.55,24136.5,24141.3,0
2026-07-13 06:01:00+00:00,24140.9,24146.45,24136.0,24137.35,0
2026-07-13 06:02:00+00:00,24137.2,24147.25,24135.75,24146.8,0
2026-07-13 06:03:00+00:00,24146.2,24147.45,24140.7,24145.9,0
2026-07-13 06:04:00+00:00,24144.6,24148.8,24142.5,24148.35,0
2026-07-13 06:05:00+00:00,24148.15,24151.1,24145.2,24150.0,0
2026-07-13 06:06:00+00:00,24149.95,24152.1,24143.8,24145.6,0
2026-07-13 06:07:00+00:00,24146.6,24146.6,24137.45,24141.85,0
2026-07-13 06:08:00+00:00,24142.1,24142.4,24135.3,24139.2,0
2026-07-13 06:09:00+00:00,24139.45,24140.45,24131.8,24136.0,0
2026-07-13 06:10:00+00:00,24135.8,24137.0,24131.1,24136.7,0
2026-07-13 06:11:00+00:00,24135.6,24136.1,24129.6,24133.5,0
2026-07-13 06:12:00+00:00,24133.25,24139.95,24130.25,24138.0,0
2026-07-13 06:13:00+00:00,24139.95,24140.3,24130.05,24132.0,0
2026-07-13 06:14:00+00:00,24131.9,24131.9,24123.25,24130.65,0
2026-07-13 06:15:00+00:00,24130.6,24137.9,24130.55,24136.25,0
2026-07-13 06:16:00+00:00,24136.4,24140.1,24134.15,24138.7,0
2026-07-13 06:17:00+00:00,24138.0,24149.7,24135.75,24149.1,0
2026-07-13 06:18:00+00:00,24148.75,24149.8,24140.65,24142.6,0
2026-07-13 06:19:00+00:00,24140.8,24145.45,24137.25,24144.8,0
2026-07-13 06:20:00+00:00,24145.1,24154.45,24142.6,24153.55,0
2026-07-13 06:21:00+00:00,24153.8,24156.65,24150.05,24150.7,0
2026-07-13 06:22:00+00:00,24150.75,24152.55,24146.95,24148.8,0
2026-07-13 06:23:00+00:00,24149.85,24150.95,24143.05,24146.2,0
2026-07-13 06:24:00+00:00,24145.8,24148.25,24141.0,24142.05,0
2026-07-13 06:25:00+00:00,24143.6,24144.0,24138.95,24143.35,0
2026-07-13 06:26:00+00:00,24142.9,24147.6,24140.5,24141.9,0
2026-07-13 06:27:00+00:00,24142.1,24142.35,24132.15,24134.75,0
2026-07-13 06:28:00+00:00,24134.7,24139.6,24132.95,24138.4,0
2026-07-13 06:29:00+00:00,24137.75,24143.25,24136.8,24140.5,0
2026-07-13 06:30:00+00:00,24140.5,24149.5,24139.65,24148.35,0
2026-07-13 06:31:00+00:00,24148.45,24153.85,24145.7,24152.55,0
2026-07-13 06:32:00+00:00,24152.7,24153.75,24148.6,24151.75,0
2026-07-13 06:33:00+00:00,24151.35,24152.95,24148.6,24150.95,0
2026-07-13 06:34:00+00:00,24150.25,24156.15,24148.2,24154.25,0
2026-07-13 06:35:00+00:00,24153.8,24155.7,24151.9,24154.5,0
2026-07-13 06:36:00+00:00,24153.85,24156.1,24152.4,24155.9,0
2026-07-13 06:37:00+00:00,24155.65,24159.4,24155.1,24157.0,0
2026-07-13 06:38:00+00:00,24157.1,24160.15,24156.65,24157.25,0
2026-07-13 06:39:00+00:00,24157.05,24158.4,24153.25,24156.65,0
2026-07-13 06:40:00+00:00,24156.5,24159.45,24151.6,24156.1,0
2026-07-13 06:41:00+00:00,24155.45,24158.45,24151.7,24156.0,0
2026-07-13 06:42:00+00:00,24155.5,24156.9,24152.6,24155.25,0
2026-07-13 06:43:00+00:00,24155.15,24190.7,24155.15,24189.35,0
2026-07-13 06:44:00+00:00,24190.0,24195.6,24180.35,24182.0,0
2026-07-13 06:45:00+00:00,24181.7,24185.85,24172.4,24173.35,0
2026-07-13 06:46:00+00:00,24173.45,24176.05,24168.9,24170.4,0
2026-07-13 06:47:00+00:00,24170.35,24185.25,24169.95,24184.9,0
2026-07-13 06:48:00+00:00,24184.5,24189.25,24182.15,24188.9,0
2026-07-13 06:49:00+00:00,24188.95,24198.55,24187.75,24190.65,0
2026-07-13 06:50:00+00:00,24191.35,24192.6,24178.95,24188.45,0
2026-07-13 06:51:00+00:00,24187.2,24195.5,24184.15,24195.2,0
2026-07-13 06:52:00+00:00,24195.55,24197.5,24189.05,24192.85,0
2026-07-13 06:53:00+00:00,24192.75,24193.1,24184.75,24184.85,0
2026-07-13 06:54:00+00:00,24184.95,24185.5,24178.15,24183.95,0
2026-07-13 06:55:00+00:00,24183.9,24187.6,24176.05,24182.2,0
2026-07-13 06:56:00+00:00,24182.1,24187.75,24180.75,24185.95,0
2026-07-13 06:57:00+00:00,24185.5,24186.2,24181.3,24182.45,0
2026-07-13 06:58:00+00:00,24182.25,24184.25,24179.25,24180.7,0
2026-07-13 06:59:00+00:00,24180.35,24183.3,24175.4,24181.75,0
2026-07-13 07:00:00+00:00,24183.25,24187.7,24174.7,24176.3,0
2026-07-13 07:01:00+00:00,24176.0,24180.1,24172.65,24179.6,0
2026-07-13 07:02:00+00:00,24179.2,24188.55,24178.8,24187.25,0
2026-07-13 07:03:00+00:00,24186.95,24194.1,24186.85,24192.75,0
2026-07-13 07:04:00+00:00,24191.45,24202.75,24189.6,24200.75,0
2026-07-13 07:05:00+00:00,24201.6,24207.0,24196.8,24205.8,0
2026-07-13 07:06:00+00:00,24205.8,24207.85,24200.35,24202.9,0
2026-07-13 07:07:00+00:00,24202.45,24204.6,24193.95,24196.9,0
2026-07-13 07:08:00+00:00,24197.5,24210.05,24197.5,24207.15,0
2026-07-13 07:09:00+00:00,24206.6,24213.1,24204.9,24212.1,0
2026-07-13 07:10:00+00:00,24210.6,24213.35,24206.75,24209.6,0
2026-07-13 07:11:00+00:00,24209.75,24215.6,24207.35,24212.9,0
2026-07-13 07:12:00+00:00,24212.55,24216.65,24208.8,24210.65,0
2026-07-13 07:13:00+00:00,24209.95,24213.45,24203.25,24211.4,0
2026-07-13 07:14:00+00:00,24211.1,24215.25,24206.75,24214.75,0
2026-07-13 07:15:00+00:00,24214.15,24221.5,24212.05,24219.45,0
2026-07-13 07:16:00+00:00,24218.15,24219.85,24212.25,24213.5,0
2026-07-13 07:17:00+00:00,24216.3,24216.3,24209.6,24213.0,0
2026-07-13 07:18:00+00:00,24212.3,24213.85,24209.6,24209.6,0
2026-07-13 07:19:00+00:00,24209.75,24217.05,24209.75,24216.7,0
2026-07-13 07:20:00+00:00,24216.6,24220.15,24212.0,24217.55,0
2026-07-13 07:21:00+00:00,24217.6,24230.95,24216.2,24229.85,0
2026-07-13 07:22:00+00:00,24229.7,24259.8,24229.6,24253.7,0
2026-07-13 07:23:00+00:00,24253.7,24254.4,24236.45,24243.05,0
2026-07-13 07:24:00+00:00,24242.9,24247.05,24236.7,24238.55,0
2026-07-13 07:25:00+00:00,24238.75,24239.3,24227.1,24231.55,0
2026-07-13 07:26:00+00:00,24231.15,24234.85,24228.25,24232.55,0
2026-07-13 07:27:00+00:00,24231.7,24232.5,24223.9,24227.55,0
2026-07-13 07:28:00+00:00,24227.4,24232.05,24221.05,24221.9,0
2026-07-13 07:29:00+00:00,24221.55,24227.85,24216.6,24223.75,0
2026-07-13 07:30:00+00:00,24223.4,24223.5,24207.7,24211.15,0
2026-07-13 07:31:00+00:00,24211.45,24214.45,24206.3,24214.45,0
2026-07-13 07:32:00+00:00,24214.25,24217.65,24212.55,24216.3,0
2026-07-13 07:33:00+00:00,24216.2,24219.85,24211.3,24212.7,0
2026-07-13 07:34:00+00:00,24211.85,24214.15,24208.9,24211.2,0
2026-07-13 07:35:00+00:00,24210.2,24215.2,24208.5,24214.25,0
2026-07-13 07:36:00+00:00,24212.85,24217.9,24211.45,24215.55,0
2026-07-13 07:37:00+00:00,24215.8,24218.35,24212.95,24214.7,0
2026-07-13 07:38:00+00:00,24213.35,24216.0,24212.9,24215.05,0
2026-07-13 07:39:00+00:00,24214.6,24220.55,24214.5,24218.65,0
2026-07-13 07:40:00+00:00,24218.15,24225.2,24213.85,24223.45,0
2026-07-13 07:41:00+00:00,24223.1,24223.85,24217.9,24219.1,0
2026-07-13 07:42:00+00:00,24218.75,24221.8,24212.6,24217.35,0
2026-07-13 07:43:00+00:00,24216.5,24220.4,24213.6,24213.8,0
2026-07-13 07:44:00+00:00,24214.15,24224.5,24213.5,24222.0,0
2026-07-13 07:45:00+00:00,24222.4,24222.65,24209.35,24212.8,0
2026-07-13 07:46:00+00:00,24211.05,24215.45,24209.0,24212.95,0
2026-07-13 07:47:00+00:00,24213.0,24214.8,24210.15,24213.25,0
2026-07-13 07:48:00+00:00,24213.05,24215.1,24210.05,24212.9,0
2026-07-13 07:49:00+00:00,24211.7,24216.55,24209.55,24215.5,0
2026-07-13 07:50:00+00:00,24215.45,24215.9,24209.3,24211.85,0
2026-07-13 07:51:00+00:00,24210.5,24211.3,24198.3,24201.2,0
2026-07-13 07:52:00+00:00,24200.85,24211.3,24199.35,24208.35,0
2026-07-13 07:53:00+00:00,24208.6,24210.4,24195.65,24201.45,0
2026-07-13 07:54:00+00:00,24201.8,24203.55,24196.45,24201.8,0
2026-07-13 07:55:00+00:00,24201.15,24203.55,24197.2,24199.2,0
2026-07-13 07:56:00+00:00,24199.0,24199.5,24189.4,24189.9,0
2026-07-13 07:57:00+00:00,24189.45,24190.9,24183.75,24184.7,0
2026-07-13 07:58:00+00:00,24183.95,24185.1,24170.7,24172.25,0
2026-07-13 07:59:00+00:00,24172.5,24173.6,24161.8,24171.4,0
2026-07-13 08:00:00+00:00,24169.75,24180.7,24169.3,24180.05,0
2026-07-13 08:01:00+00:00,24178.55,24187.6,24177.55,24187.3,0
2026-07-13 08:02:00+00:00,24187.65,24192.9,24187.65,24192.4,0
2026-07-13 08:03:00+00:00,24191.4,24192.35,24183.35,24184.2,0
2026-07-13 08:04:00+00:00,24183.7,24188.5,24182.85,24185.05,0
2026-07-13 08:05:00+00:00,24184.35,24203.8,24180.95,24190.55,0
2026-07-13 08:06:00+00:00,24190.25,24198.75,24188.95,24192.75,0
2026-07-13 08:07:00+00:00,24192.45,24192.45,24185.0,24190.45,0
2026-07-13 08:08:00+00:00,24190.0,24195.0,24189.55,24193.1,0
2026-07-13 08:09:00+00:00,24192.9,24199.8,24191.45,24199.25,0
2026-07-13 08:10:00+00:00,24198.25,24201.0,24196.55,24199.05,0
2026-07-13 08:11:00+00:00,24198.9,24201.0,24195.65,24198.5,0
2026-07-13 08:12:00+00:00,24198.5,24201.5,24197.2,24200.35,0
2026-07-13 08:13:00+00:00,24200.3,24200.75,24185.2,24187.2,0
2026-07-13 08:14:00+00:00,24187.35,24192.35,24185.8,24191.0,0
2026-07-13 08:15:00+00:00,24190.4,24194.9,24189.6,24192.4,0
2026-07-13 08:16:00+00:00,24192.3,24196.1,24190.95,24194.55,0
2026-07-13 08:17:00+00:00,24193.85,24194.8,24190.8,24193.4,0
2026-07-13 08:18:00+00:00,24193.0,24199.5,24192.0,24198.45,0
2026-07-13 08:19:00+00:00,24198.4,24200.95,24196.6,24200.6,0
2026-07-13 08:20:00+00:00,24199.75,24200.2,24195.15,24196.8,0
2026-07-13 08:21:00+00:00,24196.45,24198.65,24191.9,24195.25,0
2026-07-13 08:22:00+00:00,24195.0,24195.9,24187.4,24189.85,0
2026-07-13 08:23:00+00:00,24189.0,24194.15,24188.45,24191.4,0
2026-07-13 08:24:00+00:00,24190.75,24192.7,24188.75,24192.0,0
2026-07-13 08:25:00+00:00,24191.55,24193.1,24186.05,24192.65,0
2026-07-13 08:26:00+00:00,24192.4,24192.55,24186.55,24188.75,0
2026-07-13 08:27:00+00:00,24187.9,24196.05,24186.2,24195.4,0
2026-07-13 08:28:00+00:00,24195.1,24197.25,24193.4,24196.65,0
2026-07-13 08:29:00+00:00,24196.45,24200.05,24195.35,24197.35,0
2026-07-13 08:30:00+00:00,24196.9,24201.55,24194.45,24196.15,0
2026-07-13 08:31:00+00:00,24197.3,24200.95,24190.2,24198.9,0
2026-07-13 08:32:00+00:00,24198.35,24204.25,24196.85,24199.8,0
2026-07-13 08:33:00+00:00,24199.4,24200.0,24195.15,24198.65,0
2026-07-13 08:34:00+00:00,24198.4,24200.9,24194.05,24200.85,0
2026-07-13 08:35:00+00:00,24201.05,24204.5,24199.85,24203.85,0
2026-07-13 08:36:00+00:00,24203.7,24206.1,24200.95,24205.55,0
2026-07-13 08:37:00+00:00,24205.3,24209.05,24204.3,24207.15,0
2026-07-13 08:38:00+00:00,24207.0,24209.9,24195.85,24197.3,0
2026-07-13 08:39:00+00:00,24196.9,24206.75,24194.35,24203.2,0
2026-07-13 08:40:00+00:00,24203.45,24211.4,24201.25,24210.2,0
2026-07-13 08:41:00+00:00,24209.7,24212.3,24203.4,24204.9,0
2026-07-13 08:42:00+00:00,24204.2,24208.7,24202.75,24207.8,0
2026-07-13 08:43:00+00:00,24207.6,24215.0,24206.95,24213.7,0
2026-07-13 08:44:00+00:00,24213.45,24216.6,24208.45,24215.35,0
2026-07-13 08:45:00+00:00,24214.95,24221.95,24212.45,24218.35,0
2026-07-13 08:46:00+00:00,24218.05,24220.55,24211.05,24211.05,0
2026-07-13 08:47:00+00:00,24211.85,24219.05,24210.3,24213.95,0
2026-07-13 08:48:00+00:00,24213.3,24221.35,24209.75,24220.7,0
2026-07-13 08:49:00+00:00,24220.45,24224.65,24218.35,24223.25,0
2026-07-13 08:50:00+00:00,24223.25,24229.5,24220.55,24222.6,0
2026-07-13 08:51:00+00:00,24221.75,24238.25,24221.25,24235.45,0
2026-07-13 08:52:00+00:00,24234.6,24236.75,24227.85,24230.95,0
2026-07-13 08:53:00+00:00,24230.95,24232.35,24225.4,24232.25,0
2026-07-13 08:54:00+00:00,24231.55,24232.4,24225.1,24229.3,0
2026-07-13 08:55:00+00:00,24228.85,24229.4,24223.55,24224.9,0
2026-07-13 08:56:00+00:00,24224.4,24230.65,24222.55,24230.3,0
2026-07-13 08:57:00+00:00,24229.95,24231.5,24227.6,24229.5,0
2026-07-13 08:58:00+00:00,24229.5,24229.6,24221.35,24228.95,0
2026-07-13 08:59:00+00:00,24228.4,24229.9,24220.55,24229.4,0
2026-07-13 09:00:00+00:00,24228.65,24229.35,24222.85,24224.9,0
2026-07-13 09:01:00+00:00,24224.75,24233.35,24224.05,24232.6,0
2026-07-13 09:02:00+00:00,24232.45,24232.7,24225.35,24225.95,0
2026-07-13 09:03:00+00:00,24226.1,24235.0,24225.9,24232.8,0
2026-07-13 09:04:00+00:00,24232.75,24234.5,24226.35,24233.7,0
2026-07-13 09:05:00+00:00,24233.35,24233.55,24225.35,24227.45,0
2026-07-13 09:06:00+00:00,24227.8,24229.8,24221.65,24223.0,0
2026-07-13 09:07:00+00:00,24222.6,24225.45,24214.05,24219.95,0
2026-07-13 09:08:00+00:00,24218.9,24225.7,24217.55,24220.0,0
2026-07-13 09:09:00+00:00,24220.45,24222.2,24215.4,24217.8,0
2026-07-13 09:10:00+00:00,24217.0,24221.45,24214.3,24220.8,0
2026-07-13 09:11:00+00:00,24221.25,24226.6,24219.35,24224.15,0
2026-07-13 09:12:00+00:00,24224.2,24226.95,24220.05,24223.5,0
2026-07-13 09:13:00+00:00,24223.45,24231.35,24218.85,24225.65,0
2026-07-13 09:14:00+00:00,24225.7,24229.35,24222.9,24227.95,0
2026-07-13 09:15:00+00:00,24227.3,24230.7,24226.95,24228.8,0
2026-07-13 09:16:00+00:00,24229.3,24236.05,24228.8,24231.7,0
2026-07-13 09:17:00+00:00,24231.7,24238.7,24229.9,24237.2,0
2026-07-13 09:18:00+00:00,24237.5,24239.1,24234.7,24237.4,0
2026-07-13 09:19:00+00:00,24236.85,24237.85,24233.25,24237.3,0
2026-07-13 09:20:00+00:00,24237.25,24243.35,24236.0,24241.15,0
2026-07-13 09:21:00+00:00,24241.35,24242.75,24238.3,24241.25,0
2026-07-13 09:22:00+00:00,24240.95,24243.65,24239.15,24242.95,0
2026-07-13 09:23:00+00:00,24242.95,24247.95,24241.15,24247.65,0
2026-07-13 09:24:00+00:00,24247.6,24250.85,24245.9,24250.35,0
2026-07-13 09:25:00+00:00,24250.65,24250.65,24229.25,24238.2,0
2026-07-13 09:26:00+00:00,24238.9,24245.1,24237.45,24244.35,0
2026-07-13 09:27:00+00:00,24244.3,24247.8,24239.3,24247.0,0
2026-07-13 09:28:00+00:00,24247.1,24247.1,24231.05,24233.3,0
2026-07-13 09:29:00+00:00,24229.7,24235.8,24227.75,24229.7,0
2026-07-13 09:30:00+00:00,24227.15,24233.5,24218.65,24220.4,0
2026-07-13 09:31:00+00:00,24220.55,24230.0,24216.45,24229.6,0
2026-07-13 09:32:00+00:00,24230.05,24233.55,24228.1,24229.15,0
2026-07-13 09:33:00+00:00,24228.3,24228.7,24219.45,24220.75,0
2026-07-13 09:34:00+00:00,24221.15,24227.75,24215.3,24227.4,0
2026-07-13 09:35:00+00:00,24226.5,24229.2,24221.95,24223.05,0
2026-07-13 09:36:00+00:00,24222.35,24223.25,24219.75,24221.25,0
2026-07-13 09:37:00+00:00,24222.0,24222.0,24217.85,24219.95,0
2026-07-13 09:38:00+00:00,24219.3,24219.95,24213.85,24215.8,0
2026-07-13 09:39:00+00:00,24214.7,24216.9,24213.05,24214.85,0
2026-07-13 09:40:00+00:00,24214.9,24215.85,24211.3,24215.35,0
2026-07-13 09:41:00+00:00,24214.25,24214.6,24208.5,24210.85,0
2026-07-13 09:42:00+00:00,24210.35,24211.35,24202.8,24203.05,0
2026-07-13 09:43:00+00:00,24202.85,24207.15,24201.35,24206.25,0
2026-07-13 09:44:00+00:00,24206.65,24207.6,24204.45,24205.7,0
2026-07-13 09:45:00+00:00,24204.8,24206.5,24201.65,24203.7,0
2026-07-13 09:46:00+00:00,24204.35,24207.05,24201.1,24206.55,0
2026-07-13 09:47:00+00:00,24206.35,24208.1,24202.2,24202.2,0
2026-07-13 09:48:00+00:00,24202.5,24202.75,24198.15,24198.75,0
2026-07-13 09:49:00+00:00,24198.95,24199.8,24195.2,24195.75,0
2026-07-13 09:50:00+00:00,24196.1,24197.0,24191.9,24195.35,0
2026-07-13 09:51:00+00:00,24195.2,24202.75,24194.0,24201.35,0
2026-07-13 09:52:00+00:00,24200.6,24202.95,24198.6,24201.2,0
2026-07-13 09:53:00+00:00,24201.95,24203.25,24199.2,24200.55,0
2026-07-13 09:54:00+00:00,24200.65,24204.0,24199.3,24202.4,0
2026-07-13 09:55:00+00:00,24203.15,24209.2,24202.35,24207.25,0
2026-07-13 09:56:00+00:00,24208.45,24208.45,24202.95,24203.85,0
2026-07-13 09:57:00+00:00,24204.05,24205.2,24201.0,24201.9,0
2026-07-13 09:58:00+00:00,24200.9,24206.9,24198.95,24205.1,0
2026-07-13 09:59:00+00:00,24203.65,24211.15,24202.6,24211.15,0
2026-07-14 03:45:00+00:00,24068.0,24094.0,24050.55,24065.1,0
2026-07-14 03:46:00+00:00,24069.3,24094.6,24062.7,24089.95,0
2026-07-14 03:47:00+00:00,24092.4,24117.95,24084.35,24116.45,0
2026-07-14 03:48:00+00:00,24118.65,24118.8,24106.9,24110.1,0
2026-07-14 03:49:00+00:00,24110.2,24114.1,24103.0,24109.75,0
2026-07-14 03:50:00+00:00,24109.55,24121.9,24104.6,24121.4,0
2026-07-14 03:51:00+00:00,24122.9,24139.7,24120.75,24128.05,0
2026-07-14 03:52:00+00:00,24130.65,24142.75,24124.6,24138.95,0
2026-07-14 03:53:00+00:00,24139.65,24143.8,24131.95,24141.95,0
2026-07-14 03:54:00+00:00,24143.75,24151.55,24138.0,24144.75,0
2026-07-14 03:55:00+00:00,24145.8,24152.45,24139.3,24151.2,0
2026-07-14 03:56:00+00:00,24151.35,24157.1,24136.55,24150.25,0
2026-07-14 03:57:00+00:00,24151.75,24153.4,24141.2,24147.75,0
2026-07-14 03:58:00+00:00,24148.8,24149.25,24138.75,24143.7,0
2026-07-14 03:59:00+00:00,24144.25,24147.5,24137.9,24140.9,0
2026-07-14 04:00:00+00:00,24140.6,24142.55,24129.25,24130.65,0
2026-07-14 04:01:00+00:00,24133.1,24140.0,24123.15,24123.45,0
2026-07-14 04:02:00+00:00,24124.8,24146.05,24121.0,24145.75,0
2026-07-14 04:03:00+00:00,24146.0,24147.35,24135.45,24138.05,0
2026-07-14 04:04:00+00:00,24139.75,24142.65,24132.75,24134.4,0
2026-07-14 04:05:00+00:00,24135.6,24135.65,24119.4,24121.75,0
2026-07-14 04:06:00+00:00,24121.95,24123.3,24114.25,24114.6,0
2026-07-14 04:07:00+00:00,24114.7,24119.95,24105.2,24105.2,0
2026-07-14 04:08:00+00:00,24106.75,24112.8,24095.35,24095.35,0
2026-07-14 04:09:00+00:00,24098.4,24106.3,24096.2,24104.9,0
2026-07-14 04:10:00+00:00,24106.25,24106.25,24090.05,24091.4,0
2026-07-14 04:11:00+00:00,24092.3,24092.75,24079.7,24087.65,0
2026-07-14 04:12:00+00:00,24088.1,24088.1,24080.6,24084.0,0
2026-07-14 04:13:00+00:00,24085.45,24090.3,24080.1,24089.75,0
2026-07-14 04:14:00+00:00,24091.65,24102.65,24091.4,24100.2,0
2026-07-14 04:15:00+00:00,24101.85,24101.85,24078.55,24078.95,0
2026-07-14 04:16:00+00:00,24081.35,24081.35,24073.35,24075.15,0
2026-07-14 04:17:00+00:00,24076.95,24080.0,24073.7,24077.55,0
2026-07-14 04:18:00+00:00,24078.2,24078.2,24062.45,24067.25,0
2026-07-14 04:19:00+00:00,24068.85,24082.25,24065.95,24079.1,0
2026-07-14 04:20:00+00:00,24081.15,24081.15,24072.3,24078.9,0
2026-07-14 04:21:00+00:00,24081.65,24081.65,24072.2,24073.45,0
2026-07-14 04:22:00+00:00,24075.0,24077.9,24068.75,24074.4,0
2026-07-14 04:23:00+00:00,24076.5,24079.0,24067.95,24069.05,0
2026-07-14 04:24:00+00:00,24069.85,24070.85,24064.7,24064.7,0
2026-07-14 04:25:00+00:00,24067.4,24074.35,24065.25,24071.45,0
2026-07-14 04:26:00+00:00,24073.15,24079.85,24071.4,24073.35,0
2026-07-14 04:27:00+00:00,24075.05,24075.05,24062.5,24066.25,0
2026-07-14 04:28:00+00:00,24068.55,24078.6,24067.0,24074.45,0
2026-07-14 04:29:00+00:00,24076.0,24082.3,24071.1,24077.55,0
2026-07-14 04:30:00+00:00,24079.6,24079.6,24068.45,24073.85,0
2026-07-14 04:31:00+00:00,24074.3,24089.0,24073.45,24085.8,0
2026-07-14 04:32:00+00:00,24085.05,24085.6,24075.35,24075.45,0
2026-07-14 04:33:00+00:00,24076.6,24084.95,24075.95,24077.5,0
2026-07-14 04:34:00+00:00,24079.05,24088.8,24072.55,24086.8,0
2026-07-14 04:35:00+00:00,24088.25,24091.45,24082.55,24083.6,0
2026-07-14 04:36:00+00:00,24085.15,24091.35,24082.05,24086.4,0
2026-07-14 04:37:00+00:00,24087.6,24090.0,24074.45,24078.0,0
2026-07-14 04:38:00+00:00,24081.15,24094.15,24079.15,24092.25,0
2026-07-14 04:39:00+00:00,24093.7,24096.75,24086.7,24094.5,0
2026-07-14 04:40:00+00:00,24096.15,24097.3,24091.05,24095.35,0
2026-07-14 04:41:00+00:00,24096.2,24097.1,24090.35,24095.7,0
2026-07-14 04:42:00+00:00,24096.55,24096.55,24089.05,24094.75,0
2026-07-14 04:43:00+00:00,24095.95,24096.8,24085.95,24085.95,0
2026-07-14 04:44:00+00:00,24087.1,24088.45,24082.4,24085.15,0
2026-07-14 04:45:00+00:00,24086.65,24086.65,24079.35,24080.65,0
2026-07-14 04:46:00+00:00,24082.5,24085.7,24077.35,24083.15,0
2026-07-14 04:47:00+00:00,24084.35,24084.35,24067.75,24069.65,0
2026-07-14 04:48:00+00:00,24070.6,24073.55,24053.7,24053.7,0
2026-07-14 04:49:00+00:00,24054.6,24054.6,24038.1,24047.7,0
2026-07-14 04:50:00+00:00,24049.25,24066.85,24048.4,24066.85,0
2026-07-14 04:51:00+00:00,24067.25,24075.2,24066.5,24066.5,0
2026-07-14 04:52:00+00:00,24068.1,24068.15,24058.55,24067.15,0
2026-07-14 04:53:00+00:00,24069.15,24071.3,24061.3,24071.0,0
2026-07-14 04:54:00+00:00,24072.25,24072.25,24061.8,24063.45,0
2026-07-14 04:55:00+00:00,24065.15,24072.5,24063.45,24070.7,0
2026-07-14 04:56:00+00:00,24071.7,24072.8,24065.25,24065.45,0
2026-07-14 04:57:00+00:00,24066.3,24073.5,24065.75,24071.3,0
2026-07-14 04:58:00+00:00,24072.0,24079.6,24068.3,24076.6,0
2026-07-14 04:59:00+00:00,24079.8,24089.0,24075.6,24086.55,0
2026-07-14 05:00:00+00:00,24087.55,24090.45,24082.65,24087.7,0
2026-07-14 05:01:00+00:00,24090.5,24095.5,24083.45,24095.25,0
2026-07-14 05:02:00+00:00,24097.05,24102.7,24094.7,24100.0,0
2026-07-14 05:03:00+00:00,24102.05,24109.95,24101.0,24108.1,0
2026-07-14 05:04:00+00:00,24109.55,24109.55,24098.2,24101.05,0
2026-07-14 05:05:00+00:00,24102.45,24102.65,24095.6,24099.7,0
2026-07-14 05:06:00+00:00,24100.85,24100.85,24088.15,24089.25,0
2026-07-14 05:07:00+00:00,24090.2,24091.9,24082.95,24083.45,0
2026-07-14 05:08:00+00:00,24085.05,24088.65,24081.1,24085.2,0
2026-07-14 05:09:00+00:00,24087.55,24095.7,24086.45,24094.3,0
2026-07-14 05:10:00+00:00,24094.9,24094.95,24077.35,24079.4,0
2026-07-14 05:11:00+00:00,24080.9,24084.2,24078.15,24083.85,0
2026-07-14 05:12:00+00:00,24085.1,24091.3,24083.5,24089.9,0
2026-07-14 05:13:00+00:00,24090.65,24096.0,24086.55,24094.1,0
2026-07-14 05:14:00+00:00,24095.6,24103.05,24091.2,24100.5,0
2026-07-14 05:15:00+00:00,24102.05,24108.4,24098.0,24108.05,0
2026-07-14 05:16:00+00:00,24109.15,24109.15,24094.8,24103.9,0
2026-07-14 05:17:00+00:00,24105.85,24106.15,24091.75,24092.3,0
2026-07-14 05:18:00+00:00,24093.7,24108.1,24092.3,24102.85,0
2026-07-14 05:19:00+00:00,24103.95,24119.8,24099.15,24119.8,0
2026-07-14 05:20:00+00:00,24120.1,24120.95,24108.1,24110.65,0
2026-07-14 05:21:00+00:00,24111.8,24117.6,24107.8,24116.95,0
2026-07-14 05:22:00+00:00,24118.65,24121.3,24115.5,24116.7,0
2026-07-14 05:23:00+00:00,24118.3,24119.5,24112.25,24112.9,0
2026-07-14 05:24:00+00:00,24114.8,24115.55,24110.6,24114.05,0
2026-07-14 05:25:00+00:00,24115.35,24121.2,24112.5,24121.2,0
2026-07-14 05:26:00+00:00,24122.1,24126.75,24120.4,24126.6,0
2026-07-14 05:27:00+00:00,24128.2,24131.35,24123.55,24124.7,0
2026-07-14 05:28:00+00:00,24126.75,24128.85,24116.55,24117.3,0
2026-07-14 05:29:00+00:00,24119.35,24128.15,24118.8,24121.3,0
2026-07-14 05:30:00+00:00,24122.4,24130.05,24122.1,24127.05,0
2026-07-14 05:31:00+00:00,24129.1,24133.75,24124.4,24124.85,0
2026-07-14 05:32:00+00:00,24125.7,24131.75,24124.7,24130.35,0
2026-07-14 05:33:00+00:00,24131.9,24134.5,24129.4,24131.85,0
2026-07-14 05:34:00+00:00,24132.45,24134.65,24122.35,24123.5,0
2026-07-14 05:35:00+00:00,24124.4,24134.5,24123.5,24129.9,0
2026-07-14 05:36:00+00:00,24130.65,24131.2,24123.3,24125.95,0
2026-07-14 05:37:00+00:00,24128.0,24128.85,24119.15,24128.0,0
2026-07-14 05:38:00+00:00,24128.8,24129.6,24121.25,24126.1,0
2026-07-14 05:39:00+00:00,24127.25,24130.0,24121.0,24128.45,0
2026-07-14 05:40:00+00:00,24130.7,24131.4,24122.05,24127.3,0
2026-07-14 05:41:00+00:00,24127.65,24133.6,24124.3,24132.05,0
2026-07-14 05:42:00+00:00,24133.65,24137.85,24128.95,24134.15,0
2026-07-14 05:43:00+00:00,24136.6,24144.05,24132.45,24143.6,0
2026-07-14 05:44:00+00:00,24145.1,24146.35,24137.8,24139.2,0
2026-07-14 05:45:00+00:00,24141.2,24144.0,24132.85,24134.15,0
2026-07-14 05:46:00+00:00,24135.1,24138.3,24129.4,24130.3,0
2026-07-14 05:47:00+00:00,24131.0,24134.6,24127.6,24128.85,0
2026-07-14 05:48:00+00:00,24129.9,24132.1,24125.35,24131.05,0
2026-07-14 05:49:00+00:00,24133.15,24139.0,24129.45,24133.1,0
2026-07-14 05:50:00+00:00,24134.75,24134.75,24120.3,24121.45,0
2026-07-14 05:51:00+00:00,24123.1,24131.95,24122.1,24129.05,0
2026-07-14 05:52:00+00:00,24131.1,24136.5,24129.55,24132.2,0
2026-07-14 05:53:00+00:00,24133.8,24137.65,24130.85,24137.1,0
2026-07-14 05:54:00+00:00,24138.25,24141.6,24128.4,24138.8,0
2026-07-14 05:55:00+00:00,24140.65,24140.65,24130.7,24133.85,0
2026-07-14 05:56:00+00:00,24134.45,24136.35,24130.3,24132.6,0
2026-07-14 05:57:00+00:00,24135.55,24139.0,24131.15,24131.15,0
2026-07-14 05:58:00+00:00,24134.65,24141.35,24132.65,24137.8,0
2026-07-14 05:59:00+00:00,24138.45,24145.4,24133.25,24141.15,0
2026-07-14 06:00:00+00:00,24142.2,24142.2,24134.6,24137.1,0
2026-07-14 06:01:00+00:00,24139.5,24139.9,24133.4,24136.45,0
2026-07-14 06:02:00+00:00,24137.1,24140.0,24129.75,24130.4,0
2026-07-14 06:03:00+00:00,24131.75,24135.7,24128.75,24134.8,0
2026-07-14 06:04:00+00:00,24136.1,24137.25,24127.75,24128.85,0
2026-07-14 06:05:00+00:00,24130.5,24132.75,24128.65,24131.2,0
2026-07-14 06:06:00+00:00,24132.25,24135.25,24120.7,24121.6,0
2026-07-14 06:07:00+00:00,24123.5,24127.6,24110.85,24112.05,0
2026-07-14 06:08:00+00:00,24114.5,24120.4,24109.05,24109.1,0
2026-07-14 06:09:00+00:00,24111.55,24117.15,24108.8,24117.0,0
2026-07-14 06:10:00+00:00,24118.35,24119.85,24109.65,24115.05,0
2026-07-14 06:11:00+00:00,24117.2,24117.2,24103.7,24106.15,0
2026-07-14 06:12:00+00:00,24108.15,24112.15,24103.25,24104.3,0
2026-07-14 06:13:00+00:00,24105.75,24107.75,24096.05,24107.35,0
2026-07-14 06:14:00+00:00,24109.55,24111.15,24102.7,24105.0,0
2026-07-14 06:15:00+00:00,24106.15,24108.45,24101.95,24106.7,0
2026-07-14 06:16:00+00:00,24109.0,24111.5,24102.75,24108.6,0
2026-07-14 06:17:00+00:00,24110.25,24115.45,24103.9,24111.45,0
2026-07-14 06:18:00+00:00,24113.2,24113.5,24107.55,24113.25,0
2026-07-14 06:19:00+00:00,24114.05,24114.85,24107.7,24108.5,0
2026-07-14 06:20:00+00:00,24109.8,24116.85,24107.05,24115.85,0
2026-07-14 06:21:00+00:00,24117.05,24125.9,24115.8,24124.2,0
2026-07-14 06:22:00+00:00,24125.65,24126.95,24117.45,24123.85,0
2026-07-14 06:23:00+00:00,24124.9,24124.9,24114.35,24115.55,0
2026-07-14 06:24:00+00:00,24116.3,24117.5,24108.5,24109.65,0
2026-07-14 06:25:00+00:00,24111.0,24111.0,24103.25,24104.6,0
2026-07-14 06:26:00+00:00,24106.1,24106.8,24096.35,24096.85,0
2026-07-14 06:27:00+00:00,24098.7,24102.0,24095.85,24096.45,0
2026-07-14 06:28:00+00:00,24097.4,24100.0,24092.55,24099.45,0
2026-07-14 06:29:00+00:00,24101.35,24106.0,24097.75,24102.2,0
2026-07-14 06:30:00+00:00,24103.0,24107.0,24098.95,24106.65,0
2026-07-14 06:31:00+00:00,24108.2,24112.0,24106.15,24107.55,0
2026-07-14 06:32:00+00:00,24109.0,24116.25,24106.05,24114.35,0
2026-07-14 06:33:00+00:00,24115.5,24115.8,24108.1,24108.9,0
2026-07-14 06:34:00+00:00,24110.75,24112.65,24104.15,24107.15,0
2026-07-14 06:35:00+00:00,24109.25,24109.25,24101.55,24103.0,0
2026-07-14 06:36:00+00:00,24104.9,24108.8,24097.65,24097.85,0
2026-07-14 06:37:00+00:00,24100.55,24101.15,24085.45,24089.3,0
2026-07-14 06:38:00+00:00,24090.7,24095.0,24088.15,24091.55,0
2026-07-14 06:39:00+00:00,24092.15,24099.85,24091.35,24096.15,0
2026-07-14 06:40:00+00:00,24097.0,24097.1,24088.65,24089.1,0
2026-07-14 06:41:00+00:00,24092.1,24099.1,24088.9,24097.65,0
2026-07-14 06:42:00+00:00,24098.35,24101.6,24093.8,24094.55,0
2026-07-14 06:43:00+00:00,24095.95,24095.95,24087.65,24092.6,0
2026-07-14 06:44:00+00:00,24094.55,24099.65,24091.35,24091.9,0
2026-07-14 06:45:00+00:00,24093.35,24093.35,24072.0,24074.35,0
2026-07-14 06:46:00+00:00,24075.65,24082.05,24073.9,24079.55,0
2026-07-14 06:47:00+00:00,24081.3,24081.3,24074.95,24077.75,0
2026-07-14 06:48:00+00:00,24079.4,24081.5,24073.3,24079.95,0
2026-07-14 06:49:00+00:00,24081.3,24087.8,24079.45,24086.3,0
2026-07-14 06:50:00+00:00,24087.8,24087.8,24076.25,24077.0,0
2026-07-14 06:51:00+00:00,24078.35,24080.8,24073.45,24080.55,0
2026-07-14 06:52:00+00:00,24082.25,24087.45,24080.05,24080.05,0
2026-07-14 06:53:00+00:00,24081.5,24085.65,24075.85,24082.15,0
2026-07-14 06:54:00+00:00,24083.0,24084.7,24078.6,24080.7,0
2026-07-14 06:55:00+00:00,24081.75,24081.95,24077.25,24080.55,0
2026-07-14 06:56:00+00:00,24081.2,24081.2,24073.4,24073.85,0
2026-07-14 06:57:00+00:00,24075.25,24076.45,24064.85,24069.55,0
2026-07-14 06:58:00+00:00,24071.4,24071.4,24062.45,24063.8,0
2026-07-14 06:59:00+00:00,24065.15,24065.15,24054.85,24059.6,0
2026-07-14 07:00:00+00:00,24061.75,24069.05,24057.5,24065.05,0
2026-07-14 07:01:00+00:00,24067.4,24069.4,24061.1,24066.0,0
2026-07-14 07:02:00+00:00,24067.7,24067.7,24059.85,24063.25,0
2026-07-14 07:03:00+00:00,24063.75,24066.25,24059.7,24064.7,0
2026-07-14 07:04:00+00:00,24066.5,24070.5,24061.95,24066.5,0
2026-07-14 07:05:00+00:00,24069.3,24076.6,24065.2,24071.05,0
2026-07-14 07:06:00+00:00,24073.8,24079.25,24069.4,24070.95,0
2026-07-14 07:07:00+00:00,24072.9,24072.9,24064.3,24065.55,0
2026-07-14 07:08:00+00:00,24066.8,24070.35,24064.85,24068.9,0
2026-07-14 07:09:00+00:00,24070.35,24074.35,24067.4,24071.9,0
2026-07-14 07:10:00+00:00,24073.3,24074.75,24068.65,24074.55,0
2026-07-14 07:11:00+00:00,24075.05,24079.65,24070.55,24076.15,0
2026-07-14 07:12:00+00:00,24076.6,24083.25,24076.15,24077.3,0
2026-07-14 07:13:00+00:00,24077.25,24080.0,24071.4,24074.5,0
2026-07-14 07:14:00+00:00,24075.7,24079.95,24072.15,24079.15,0
2026-07-14 07:15:00+00:00,24080.1,24080.1,24072.8,24074.25,0
2026-07-14 07:16:00+00:00,24074.95,24081.3,24073.8,24081.15,0
2026-07-14 07:17:00+00:00,24081.7,24081.7,24070.2,24080.2,0
2026-07-14 07:18:00+00:00,24081.15,24087.95,24078.05,24081.95,0
2026-07-14 07:19:00+00:00,24083.7,24083.8,24074.2,24082.6,0
2026-07-14 07:20:00+00:00,24083.6,24084.25,24076.65,24084.15,0
2026-07-14 07:21:00+00:00,24084.95,24088.65,24076.9,24076.9,0
2026-07-14 07:22:00+00:00,24081.8,24084.3,24077.95,24083.05,0
2026-07-14 07:23:00+00:00,24079.2,24086.05,24079.2,24083.25,0
2026-07-14 07:24:00+00:00,24084.0,24084.7,24081.05,24082.45,0
2026-07-14 07:25:00+00:00,24083.75,24085.0,24079.5,24083.65,0
2026-07-14 07:26:00+00:00,24084.45,24097.0,24083.2,24093.95,0
2026-07-14 07:27:00+00:00,24095.9,24095.9,24084.6,24086.0,0
2026-07-14 07:28:00+00:00,24087.95,24090.15,24080.25,24081.7,0
2026-07-14 07:29:00+00:00,24086.05,24088.4,24077.7,24078.0,0
2026-07-14 07:30:00+00:00,24080.2,24080.55,24064.15,24065.05,0
2026-07-14 07:31:00+00:00,24066.6,24074.05,24063.65,24070.25,0
2026-07-14 07:32:00+00:00,24071.35,24077.05,24068.9,24073.95,0
2026-07-14 07:33:00+00:00,24075.3,24075.3,24066.8,24073.2,0
2026-07-14 07:34:00+00:00,24074.1,24088.15,24071.65,24083.8,0
2026-07-14 07:35:00+00:00,24086.0,24087.45,24083.4,24087.45,0
2026-07-14 07:36:00+00:00,24087.8,24091.55,24084.9,24090.65,0
2026-07-14 07:37:00+00:00,24091.25,24092.75,24081.75,24084.2,0
2026-07-14 07:38:00+00:00,24086.55,24090.7,24084.2,24087.4,0
2026-07-14 07:39:00+00:00,24089.0,24091.05,24085.7,24087.4,0
2026-07-14 07:40:00+00:00,24089.9,24090.55,24082.15,24082.7,0
2026-07-14 07:41:00+00:00,24084.6,24089.35,24080.35,24087.1,0
2026-07-14 07:42:00+00:00,24088.05,24088.05,24078.4,24083.5,0
2026-07-14 07:43:00+00:00,24085.4,24087.15,24079.85,24080.6,0
2026-07-14 07:44:00+00:00,24082.2,24084.25,24076.25,24081.45,0
2026-07-14 07:45:00+00:00,24082.95,24082.95,24070.4,24070.85,0
2026-07-14 07:46:00+00:00,24072.85,24079.15,24070.65,24077.9,0
2026-07-14 07:47:00+00:00,24075.5,24086.05,24074.05,24084.95,0
2026-07-14 07:48:00+00:00,24086.0,24088.85,24077.65,24082.3,0
2026-07-14 07:49:00+00:00,24085.25,24089.25,24079.45,24086.4,0
2026-07-14 07:50:00+00:00,24087.6,24097.1,24086.3,24095.75,0
2026-07-14 07:51:00+00:00,24096.6,24096.6,24089.35,24094.6,0
2026-07-14 07:52:00+00:00,24096.35,24097.35,24090.7,24094.9,0
2026-07-14 07:53:00+00:00,24095.95,24095.95,24088.5,24092.05,0
2026-07-14 07:54:00+00:00,24094.25,24094.25,24087.65,24089.3,0
2026-07-14 07:55:00+00:00,24090.05,24090.25,24081.7,24084.65,0
2026-07-14 07:56:00+00:00,24086.35,24086.55,24080.15,24080.8,0
2026-07-14 07:57:00+00:00,24082.45,24085.15,24070.5,24077.05,0
2026-07-14 07:58:00+00:00,24076.45,24088.45,24076.2,24087.45,0
2026-07-14 07:59:00+00:00,24089.0,24096.25,24085.4,24093.3,0
2026-07-14 08:00:00+00:00,24093.3,24093.95,24081.55,24082.45,0
2026-07-14 08:01:00+00:00,24086.95,24088.45,24080.4,24081.05,0
2026-07-14 08:02:00+00:00,24083.75,24086.4,24077.3,24084.5,0
2026-07-14 08:03:00+00:00,24086.35,24086.35,24068.85,24070.8,0
2026-07-14 08:04:00+00:00,24073.35,24077.4,24070.8,24075.2,0
2026-07-14 08:05:00+00:00,24076.6,24076.95,24067.0,24071.0,0
2026-07-14 08:06:00+00:00,24072.55,24075.4,24068.3,24069.1,0
2026-07-14 08:07:00+00:00,24071.4,24072.35,24057.15,24057.15,0
2026-07-14 08:08:00+00:00,24059.1,24059.1,24038.6,24039.6,0
2026-07-14 08:09:00+00:00,24042.35,24049.45,24038.55,24047.65,0
2026-07-14 08:10:00+00:00,24049.35,24053.5,24042.4,24051.65,0
2026-07-14 08:11:00+00:00,24053.5,24055.45,24046.85,24051.7,0
2026-07-14 08:12:00+00:00,24052.75,24053.15,24044.65,24052.05,0
2026-07-14 08:13:00+00:00,24052.55,24052.55,24039.15,24041.35,0
2026-07-14 08:14:00+00:00,24042.5,24053.2,24039.9,24052.15,0
2026-07-14 08:15:00+00:00,24053.2,24064.8,24051.85,24061.85,0
2026-07-14 08:16:00+00:00,24062.2,24069.2,24058.3,24068.45,0
2026-07-14 08:17:00+00:00,24069.0,24069.05,24063.75,24065.45,0
2026-07-14 08:18:00+00:00,24065.95,24065.95,24057.7,24062.85,0
2026-07-14 08:19:00+00:00,24063.95,24067.75,24061.8,24067.3,0
2026-07-14 08:20:00+00:00,24066.85,24067.6,24055.25,24061.9,0
2026-07-14 08:21:00+00:00,24063.4,24067.2,24053.0,24055.5,0
2026-07-14 08:22:00+00:00,24055.6,24063.8,24054.25,24062.55,0
2026-07-14 08:23:00+00:00,24064.1,24064.45,24057.35,24061.5,0
2026-07-14 08:24:00+00:00,24062.8,24062.8,24059.1,24060.35,0
2026-07-14 08:25:00+00:00,24061.45,24069.8,24060.65,24066.15,0
2026-07-14 08:26:00+00:00,24066.55,24071.05,24062.95,24067.85,0
2026-07-14 08:27:00+00:00,24068.85,24073.25,24065.4,24072.55,0
2026-07-14 08:28:00+00:00,24072.75,24072.75,24064.0,24064.0,0
2026-07-14 08:29:00+00:00,24065.9,24066.85,24061.25,24065.05,0
2026-07-14 08:30:00+00:00,24065.4,24070.9,24064.25,24066.7,0
2026-07-14 08:31:00+00:00,24068.4,24068.9,24063.5,24065.45,0
2026-07-14 08:32:00+00:00,24066.85,24066.85,24060.55,24062.05,0
2026-07-14 08:33:00+00:00,24062.85,24064.4,24055.5,24058.05,0
2026-07-14 08:34:00+00:00,24061.9,24066.95,24058.05,24065.25,0
2026-07-14 08:35:00+00:00,24066.75,24067.5,24058.85,24061.9,0
2026-07-14 08:36:00+00:00,24063.45,24066.5,24058.55,24062.2,0
2026-07-14 08:37:00+00:00,24064.6,24064.6,24060.35,24062.7,0
2026-07-14 08:38:00+00:00,24064.45,24067.15,24054.75,24057.7,0
2026-07-14 08:39:00+00:00,24058.95,24060.4,24048.6,24052.4,0
2026-07-14 08:40:00+00:00,24054.35,24062.35,24052.5,24061.6,0
2026-07-14 08:41:00+00:00,24063.05,24069.25,24060.35,24063.45,0
2026-07-14 08:42:00+00:00,24063.7,24069.5,24057.75,24067.8,0
2026-07-14 08:43:00+00:00,24069.55,24071.55,24062.2,24069.5,0
2026-07-14 08:44:00+00:00,24067.5,24070.1,24062.6,24064.45,0
2026-07-14 08:45:00+00:00,24066.3,24068.95,24060.9,24064.9,0
2026-07-14 08:46:00+00:00,24066.85,24067.25,24054.2,24063.25,0
2026-07-14 08:47:00+00:00,24064.6,24065.15,24054.35,24060.5,0
2026-07-14 08:48:00+00:00,24062.25,24063.7,24054.25,24058.5,0
2026-07-14 08:49:00+00:00,24060.2,24062.8,24055.45,24058.45,0
2026-07-14 08:50:00+00:00,24059.15,24062.05,24053.95,24061.7,0
2026-07-14 08:51:00+00:00,24062.2,24062.85,24056.75,24060.65,0
2026-07-14 08:52:00+00:00,24062.25,24063.5,24048.45,24048.45,0
2026-07-14 08:53:00+00:00,24050.75,24052.8,24045.0,24051.15,0
2026-07-14 08:54:00+00:00,24052.65,24057.35,24051.6,24056.3,0
2026-07-14 08:55:00+00:00,24057.55,24058.6,24053.1,24056.4,0
2026-07-14 08:56:00+00:00,24055.75,24057.85,24050.55,24054.7,0
2026-07-14 08:57:00+00:00,24056.9,24059.35,24044.9,24047.25,0
2026-07-14 08:58:00+00:00,24049.05,24052.95,24040.3,24051.7,0
2026-07-14 08:59:00+00:00,24053.8,24053.9,24043.5,24046.4,0
2026-07-14 09:00:00+00:00,24048.15,24051.4,24042.0,24044.6,0
2026-07-14 09:01:00+00:00,24046.8,24051.15,24044.65,24050.15,0
2026-07-14 09:02:00+00:00,24051.6,24053.6,24042.3,24046.6,0
2026-07-14 09:03:00+00:00,24048.1,24052.3,24044.55,24045.8,0
2026-07-14 09:04:00+00:00,24047.8,24057.4,24046.1,24057.3,0
2026-07-14 09:05:00+00:00,24057.9,24066.3,24056.65,24060.6,0
2026-07-14 09:06:00+00:00,24062.9,24062.9,24045.8,24045.8,0
2026-07-14 09:07:00+00:00,24049.15,24052.2,24043.15,24047.5,0
2026-07-14 09:08:00+00:00,24048.75,24052.35,24043.15,24049.3,0
2026-07-14 09:09:00+00:00,24051.95,24059.65,24048.45,24055.5,0
2026-07-14 09:10:00+00:00,24057.9,24059.2,24050.95,24051.85,0
2026-07-14 09:11:00+00:00,24054.2,24057.15,24050.8,24055.95,0
2026-07-14 09:12:00+00:00,24056.85,24058.05,24053.75,24055.2,0
2026-07-14 09:13:00+00:00,24056.75,24057.9,24049.1,24051.65,0
2026-07-14 09:14:00+00:00,24053.4,24053.4,24047.25,24051.2,0
2026-07-14 09:15:00+00:00,24053.0,24053.0,24045.6,24047.85,0
2026-07-14 09:16:00+00:00,24048.75,24052.65,24045.0,24049.15,0
2026-07-14 09:17:00+00:00,24048.55,24049.75,24026.7,24028.55,0
2026-07-14 09:18:00+00:00,24031.35,24036.95,24024.45,24032.6,0
2026-07-14 09:19:00+00:00,24034.8,24037.2,24028.8,24029.8,0
2026-07-14 09:20:00+00:00,24032.55,24036.1,24028.15,24031.8,0
2026-07-14 09:21:00+00:00,24033.7,24040.35,24028.7,24035.5,0
2026-07-14 09:22:00+00:00,24037.9,24037.9,24025.55,24030.1,0
2026-07-14 09:23:00+00:00,24031.3,24032.35,24025.35,24030.75,0
2026-07-14 09:24:00+00:00,24031.95,24035.95,24029.15,24030.35,0
2026-07-14 09:25:00+00:00,24032.6,24046.65,24023.7,24046.65,0
2026-07-14 09:26:00+00:00,24047.05,24052.95,24041.85,24048.15,0
2026-07-14 09:27:00+00:00,24048.65,24048.65,24038.85,24048.25,0
2026-07-14 09:28:00+00:00,24049.35,24050.6,24041.4,24044.5,0
2026-07-14 09:29:00+00:00,24047.8,24047.8,24040.0,24040.55,0
2026-07-14 09:30:00+00:00,24041.55,24065.55,24041.55,24063.7,0
2026-07-14 09:31:00+00:00,24064.45,24065.75,24047.55,24055.5,0
2026-07-14 09:32:00+00:00,24056.35,24063.95,24054.2,24057.3,0
2026-07-14 09:33:00+00:00,24058.4,24059.6,24049.85,24058.05,0
2026-07-14 09:34:00+00:00,24059.6,24062.55,24055.95,24060.25,0
2026-07-14 09:35:00+00:00,24061.9,24068.2,24056.25,24066.05,0
2026-07-14 09:36:00+00:00,24069.0,24075.0,24061.15,24062.95,0
2026-07-14 09:37:00+00:00,24064.8,24073.15,24060.15,24069.4,0
2026-07-14 09:38:00+00:00,24069.8,24072.3,24063.9,24065.55,0
2026-07-14 09:39:00+00:00,24064.9,24071.05,24063.0,24064.35,0
2026-07-14 09:40:00+00:00,24067.5,24068.05,24059.6,24063.55,0
2026-07-14 09:41:00+00:00,24064.75,24071.4,24060.25,24066.0,0
2026-07-14 09:42:00+00:00,24066.6,24066.9,24055.4,24055.75,0
2026-07-14 09:43:00+00:00,24057.55,24058.35,24047.3,24049.9,0
2026-07-14 09:44:00+00:00,24052.05,24054.7,24049.15,24052.05,0
2026-07-14 09:45:00+00:00,24052.5,24055.85,24050.7,24051.75,0
2026-07-14 09:46:00+00:00,24052.5,24052.5,24042.3,24044.35,0
2026-07-14 09:47:00+00:00,24045.05,24057.05,24041.8,24041.8,0
2026-07-14 09:48:00+00:00,24043.85,24044.1,24035.05,24037.85,0
2026-07-14 09:49:00+00:00,24038.3,24045.05,24036.25,24041.7,0
2026-07-14 09:50:00+00:00,24043.45,24047.3,24038.9,24045.75,0
2026-07-14 09:51:00+00:00,24046.65,24049.2,24044.0,24044.65,0
2026-07-14 09:52:00+00:00,24045.7,24047.55,24040.5,24042.8,0
2026-07-14 09:53:00+00:00,24043.0,24048.65,24042.55,24044.2,0
2026-07-14 09:54:00+00:00,24045.4,24046.6,24041.4,24043.3,0
2026-07-14 09:55:00+00:00,24043.1,24045.45,24037.9,24040.75,0
2026-07-14 09:56:00+00:00,24042.35,24045.75,24037.0,24041.3,0
2026-07-14 09:57:00+00:00,24040.75,24042.05,24036.75,24040.05,0
2026-07-14 09:58:00+00:00,24041.45,24042.4,24035.2,24039.7,0
2026-07-14 09:59:00+00:00,24035.2,24040.3,24027.45,24035.15,0
2026-07-15 03:45:00+00:00,24085.85,24115.1,24069.05,24100.35,0
2026-07-15 03:46:00+00:00,24100.8,24113.2,24098.3,24105.4,0
2026-07-15 03:47:00+00:00,24105.7,24141.7,24105.5,24140.9,0
2026-07-15 03:48:00+00:00,24140.6,24144.85,24136.05,24141.6,0
2026-07-15 03:49:00+00:00,24140.3,24148.35,24137.3,24147.35,0
2026-07-15 03:50:00+00:00,24147.65,24165.2,24147.65,24159.55,0
2026-07-15 03:51:00+00:00,24159.55,24173.5,24155.85,24172.45,0
2026-07-15 03:52:00+00:00,24173.0,24179.3,24168.75,24178.4,0
2026-07-15 03:53:00+00:00,24178.55,24187.05,24174.15,24186.35,0
2026-07-15 03:54:00+00:00,24185.75,24193.4,24185.75,24190.6,0
2026-07-15 03:55:00+00:00,24190.95,24199.25,24189.5,24198.6,0
2026-07-15 03:56:00+00:00,24199.3,24208.55,24199.3,24206.05,0
2026-07-15 03:57:00+00:00,24203.7,24206.25,24200.4,24201.85,0
2026-07-15 03:58:00+00:00,24201.4,24211.75,24200.95,24201.2,0
2026-07-15 03:59:00+00:00,24200.45,24201.55,24192.95,24195.7,0
2026-07-15 04:00:00+00:00,24196.5,24212.15,24196.05,24208.8,0
2026-07-15 04:01:00+00:00,24208.85,24218.15,24205.25,24211.5,0
2026-07-15 04:02:00+00:00,24210.65,24214.35,24202.25,24204.3,0
2026-07-15 04:03:00+00:00,24204.15,24211.0,24203.6,24207.25,0
2026-07-15 04:04:00+00:00,24206.6,24209.55,24197.55,24199.8,0
2026-07-15 04:05:00+00:00,24200.25,24206.15,24198.5,24200.2,0
2026-07-15 04:06:00+00:00,24199.9,24206.4,24197.9,24205.75,0
2026-07-15 04:07:00+00:00,24205.55,24207.7,24200.6,24204.6,0
2026-07-15 04:08:00+00:00,24204.35,24206.65,24200.7,24204.25,0
2026-07-15 04:09:00+00:00,24202.4,24205.3,24192.9,24195.5,0
2026-07-15 04:10:00+00:00,24196.75,24201.15,24194.4,24197.65,0
2026-07-15 04:11:00+00:00,24196.75,24200.85,24195.65,24198.1,0
2026-07-15 04:12:00+00:00,24197.6,24199.3,24194.2,24195.7,0
2026-07-15 04:13:00+00:00,24195.55,24197.3,24187.7,24192.9,0
2026-07-15 04:14:00+00:00,24193.35,24196.0,24191.65,24195.1,0
2026-07-15 04:15:00+00:00,24195.55,24202.7,24195.55,24202.05,0
2026-07-15 04:16:00+00:00,24202.35,24207.4,24201.15,24201.15,0
2026-07-15 04:17:00+00:00,24201.05,24204.2,24198.65,24198.9,0
2026-07-15 04:18:00+00:00,24199.0,24205.2,24199.0,24201.7,0
2026-07-15 04:19:00+00:00,24201.25,24202.45,24191.85,24191.85,0
2026-07-15 04:20:00+00:00,24192.1,24198.0,24191.55,24196.1,0
2026-07-15 04:21:00+00:00,24195.85,24203.8,24195.8,24203.8,0
2026-07-15 04:22:00+00:00,24203.7,24205.9,24194.6,24194.6,0
2026-07-15 04:23:00+00:00,24194.6,24199.65,24194.6,24197.8,0
2026-07-15 04:24:00+00:00,24197.95,24202.5,24195.25,24199.2,0
2026-07-15 04:25:00+00:00,24199.05,24203.3,24197.9,24202.2,0
2026-07-15 04:26:00+00:00,24202.4,24205.05,24196.0,24197.1,0
2026-07-15 04:27:00+00:00,24197.35,24198.3,24186.95,24190.25,0
2026-07-15 04:28:00+00:00,24189.4,24192.8,24187.35,24190.15,0
2026-07-15 04:29:00+00:00,24190.35,24192.4,24184.1,24184.95,0
2026-07-15 04:30:00+00:00,24185.0,24187.85,24178.4,24179.15,0
2026-07-15 04:31:00+00:00,24179.45,24182.3,24173.5,24175.65,0
2026-07-15 04:32:00+00:00,24176.55,24183.4,24173.95,24183.4,0
2026-07-15 04:33:00+00:00,24183.95,24190.1,24183.2,24189.75,0
2026-07-15 04:34:00+00:00,24189.9,24193.15,24186.75,24187.3,0
2026-07-15 04:35:00+00:00,24187.75,24189.25,24185.9,24186.25,0
2026-07-15 04:36:00+00:00,24186.55,24191.4,24185.4,24188.45,0
2026-07-15 04:37:00+00:00,24188.9,24195.25,24187.85,24193.45,0
2026-07-15 04:38:00+00:00,24193.7,24200.4,24192.65,24198.6,0
2026-07-15 04:39:00+00:00,24198.85,24200.9,24194.1,24195.1,0
2026-07-15 04:40:00+00:00,24195.1,24196.65,24192.4,24193.3,0
2026-07-15 04:41:00+00:00,24192.95,24194.3,24188.35,24192.8,0
2026-07-15 04:42:00+00:00,24192.55,24201.8,24192.35,24199.0,0
2026-07-15 04:43:00+00:00,24198.75,24200.9,24194.7,24197.15,0
2026-07-15 04:44:00+00:00,24197.15,24203.55,24196.6,24202.3,0
2026-07-15 04:45:00+00:00,24202.2,24205.7,24201.15,24202.5,0
2026-07-15 04:46:00+00:00,24202.5,24207.4,24200.4,24205.4,0
2026-07-15 04:47:00+00:00,24207.35,24215.75,24204.5,24215.0,0
2026-07-15 04:48:00+00:00,24214.75,24216.25,24211.4,24216.25,0
2026-07-15 04:49:00+00:00,24215.5,24220.35,24212.7,24213.1,0
2026-07-15 04:50:00+00:00,24210.6,24215.2,24209.85,24211.9,0
2026-07-15 04:51:00+00:00,24211.45,24213.15,24208.05,24209.55,0
2026-07-15 04:52:00+00:00,24209.35,24216.75,24208.2,24214.4,0
2026-07-15 04:53:00+00:00,24214.95,24218.05,24213.65,24216.05,0
2026-07-15 04:54:00+00:00,24216.3,24218.55,24212.85,24213.45,0
2026-07-15 04:55:00+00:00,24213.75,24217.65,24211.45,24213.55,0
2026-07-15 04:56:00+00:00,24213.65,24216.7,24212.75,24214.15,0
2026-07-15 04:57:00+00:00,24214.2,24215.9,24208.45,24209.0,0
2026-07-15 04:58:00+00:00,24209.45,24211.5,24206.25,24206.65,0
2026-07-15 04:59:00+00:00,24206.55,24208.8,24204.35,24204.95,0
2026-07-15 05:00:00+00:00,24205.8,24208.7,24204.35,24206.85,0
2026-07-15 05:01:00+00:00,24206.65,24207.35,24200.3,24205.1,0
2026-07-15 05:02:00+00:00,24204.95,24206.65,24200.55,24205.7,0
2026-07-15 05:03:00+00:00,24205.1,24206.85,24201.9,24203.15,0
2026-07-15 05:04:00+00:00,24203.1,24207.4,24201.85,24203.5,0
2026-07-15 05:05:00+00:00,24203.35,24205.3,24201.65,24203.9,0
2026-07-15 05:06:00+00:00,24203.9,24206.35,24198.75,24200.4,0
2026-07-15 05:07:00+00:00,24200.25,24201.3,24194.75,24195.95,0
2026-07-15 05:08:00+00:00,24196.05,24197.05,24190.6,24193.95,0
2026-07-15 05:09:00+00:00,24194.05,24198.6,24191.45,24197.9,0
2026-07-15 05:10:00+00:00,24198.0,24199.9,24197.1,24199.2,0
2026-07-15 05:11:00+00:00,24199.3,24203.65,24199.3,24202.55,0
2026-07-15 05:12:00+00:00,24202.5,24208.7,24201.9,24208.15,0
2026-07-15 05:13:00+00:00,24208.05,24212.65,24206.1,24206.45,0
2026-07-15 05:14:00+00:00,24207.4,24209.1,24204.15,24207.75,0
2026-07-15 05:15:00+00:00,24207.45,24209.35,24205.55,24206.2,0
2026-07-15 05:16:00+00:00,24206.7,24210.05,24199.8,24201.9,0
2026-07-15 05:17:00+00:00,24201.9,24204.1,24200.1,24200.25,0
2026-07-15 05:18:00+00:00,24201.3,24203.85,24199.1,24199.55,0
2026-07-15 05:19:00+00:00,24200.15,24206.2,24199.7,24202.5,0
2026-07-15 05:20:00+00:00,24202.65,24206.7,24199.9,24200.55,0
2026-07-15 05:21:00+00:00,24200.75,24201.85,24194.35,24196.15,0
2026-07-15 05:22:00+00:00,24195.3,24197.85,24192.45,24197.15,0
2026-07-15 05:23:00+00:00,24196.9,24204.8,24196.7,24204.35,0
2026-07-15 05:24:00+00:00,24204.55,24205.9,24193.05,24194.7,0
2026-07-15 05:25:00+00:00,24195.7,24197.5,24188.05,24192.4,0
2026-07-15 05:26:00+00:00,24192.25,24196.25,24190.5,24194.75,0
2026-07-15 05:27:00+00:00,24194.15,24196.9,24191.7,24191.7,0
2026-07-15 05:28:00+00:00,24192.1,24194.15,24190.25,24190.85,0
2026-07-15 05:29:00+00:00,24190.8,24191.05,24184.1,24185.0,0
2026-07-15 05:30:00+00:00,24184.6,24187.35,24181.25,24186.7,0
2026-07-15 05:31:00+00:00,24186.85,24194.25,24185.55,24191.95,0
2026-07-15 05:32:00+00:00,24191.3,24192.3,24188.25,24191.45,0
2026-07-15 05:33:00+00:00,24190.5,24192.25,24183.7,24183.7,0
2026-07-15 05:34:00+00:00,24184.45,24195.9,24183.8,24192.3,0
2026-07-15 05:35:00+00:00,24192.05,24194.05,24189.45,24190.45,0
2026-07-15 05:36:00+00:00,24190.6,24191.75,24185.65,24186.4,0
2026-07-15 05:37:00+00:00,24186.1,24192.25,24186.1,24191.55,0
2026-07-15 05:38:00+00:00,24191.6,24193.9,24190.55,24192.2,0
2026-07-15 05:39:00+00:00,24191.65,24194.95,24190.9,24194.8,0
2026-07-15 05:40:00+00:00,24194.8,24198.3,24193.3,24195.9,0
2026-07-15 05:41:00+00:00,24195.6,24196.9,24189.6,24190.1,0
2026-07-15 05:42:00+00:00,24190.45,24192.15,24183.15,24183.45,0
2026-07-15 05:43:00+00:00,24183.3,24185.65,24175.55,24176.65,0
2026-07-15 05:44:00+00:00,24176.6,24179.1,24171.0,24172.85,0
2026-07-15 05:45:00+00:00,24173.6,24178.25,24172.15,24177.0,0
2026-07-15 05:46:00+00:00,24177.7,24181.45,24173.2,24176.5,0
2026-07-15 05:47:00+00:00,24177.6,24185.9,24177.5,24180.8,0
2026-07-15 05:48:00+00:00,24181.2,24187.95,24179.8,24185.7,0
2026-07-15 05:49:00+00:00,24185.7,24192.5,24185.05,24187.6,0
2026-07-15 05:50:00+00:00,24187.0,24189.15,24180.85,24180.85,0
2026-07-15 05:51:00+00:00,24181.1,24185.4,24177.35,24182.25,0
2026-07-15 05:52:00+00:00,24182.6,24184.8,24174.05,24180.1,0
2026-07-15 05:53:00+00:00,24180.6,24183.3,24179.1,24180.25,0
2026-07-15 05:54:00+00:00,24180.4,24183.4,24178.9,24182.15,0
2026-07-15 05:55:00+00:00,24182.55,24189.05,24181.5,24188.0,0
2026-07-15 05:56:00+00:00,24187.85,24193.35,24187.05,24189.55,0
2026-07-15 05:57:00+00:00,24189.85,24195.65,24189.35,24191.2,0
2026-07-15 05:58:00+00:00,24191.3,24202.05,24190.95,24202.0,0
2026-07-15 05:59:00+00:00,24202.25,24206.15,24201.3,24202.65,0
2026-07-15 06:00:00+00:00,24202.45,24203.75,24196.55,24197.05,0
2026-07-15 06:01:00+00:00,24198.05,24201.9,24194.85,24200.95,0
2026-07-15 06:02:00+00:00,24201.05,24207.9,24200.25,24207.9,0
2026-07-15 06:03:00+00:00,24208.05,24214.65,24207.9,24208.85,0
2026-07-15 06:04:00+00:00,24208.55,24213.4,24208.55,24210.95,0
2026-07-15 06:05:00+00:00,24211.3,24212.85,24206.9,24209.25,0
2026-07-15 06:06:00+00:00,24209.4,24210.7,24205.2,24205.45,0
2026-07-15 06:07:00+00:00,24205.75,24208.25,24203.75,24207.3,0
2026-07-15 06:08:00+00:00,24207.65,24208.7,24201.9,24201.9,0
2026-07-15 06:09:00+00:00,24202.4,24203.9,24191.05,24191.9,0
2026-07-15 06:10:00+00:00,24192.05,24194.4,24180.7,24185.75,0
2026-07-15 06:11:00+00:00,24186.4,24194.5,24186.15,24189.7,0
2026-07-15 06:12:00+00:00,24190.5,24192.6,24185.4,24185.4,0
2026-07-15 06:13:00+00:00,24186.0,24187.05,24180.0,24182.15,0
2026-07-15 06:14:00+00:00,24181.55,24183.7,24173.35,24174.4,0
2026-07-15 06:15:00+00:00,24174.2,24184.1,24173.6,24183.2,0
2026-07-15 06:16:00+00:00,24183.9,24185.4,24179.0,24180.75,0
2026-07-15 06:17:00+00:00,24180.5,24183.55,24177.35,24177.35,0
2026-07-15 06:18:00+00:00,24177.55,24180.25,24175.6,24176.8,0
2026-07-15 06:19:00+00:00,24176.8,24178.2,24172.3,24174.75,0
2026-07-15 06:20:00+00:00,24174.6,24177.0,24170.3,24174.65,0
2026-07-15 06:21:00+00:00,24174.6,24176.55,24166.8,24169.75,0
2026-07-15 06:22:00+00:00,24169.65,24180.35,24166.8,24179.85,0
2026-07-15 06:23:00+00:00,24180.35,24184.1,24176.9,24180.3,0
2026-07-15 06:24:00+00:00,24180.4,24182.35,24175.35,24177.5,0
2026-07-15 06:25:00+00:00,24176.15,24187.3,24176.15,24184.55,0
2026-07-15 06:26:00+00:00,24184.7,24189.45,24183.55,24186.25,0
2026-07-15 06:27:00+00:00,24187.0,24188.45,24180.25,24181.65,0
2026-07-15 06:28:00+00:00,24181.75,24183.5,24178.8,24181.25,0
2026-07-15 06:29:00+00:00,24182.15,24183.8,24179.6,24180.8,0
2026-07-15 06:30:00+00:00,24181.9,24187.35,24181.55,24184.6,0
2026-07-15 06:31:00+00:00,24183.9,24187.3,24183.55,24183.75,0
2026-07-15 06:32:00+00:00,24183.85,24186.75,24179.15,24180.75,0
2026-07-15 06:33:00+00:00,24180.6,24182.35,24175.85,24177.05,0
2026-07-15 06:34:00+00:00,24177.2,24184.15,24175.0,24181.9,0
2026-07-15 06:35:00+00:00,24181.7,24183.9,24180.1,24182.8,0
2026-07-15 06:36:00+00:00,24182.8,24185.5,24181.6,24184.75,0
2026-07-15 06:37:00+00:00,24184.75,24189.25,24184.3,24187.25,0
2026-07-15 06:38:00+00:00,24187.8,24189.05,24185.1,24188.2,0
2026-07-15 06:39:00+00:00,24188.3,24189.15,24182.6,24184.3,0
2026-07-15 06:40:00+00:00,24184.7,24186.1,24175.25,24176.6,0
2026-07-15 06:41:00+00:00,24176.85,24181.35,24176.05,24179.75,0
2026-07-15 06:42:00+00:00,24180.25,24181.75,24178.65,24181.4,0
2026-07-15 06:43:00+00:00,24181.35,24188.55,24180.45,24185.7,0
2026-07-15 06:44:00+00:00,24185.4,24191.75,24185.4,24191.05,0
2026-07-15 06:45:00+00:00,24193.4,24194.35,24189.45,24191.7,0
2026-07-15 06:46:00+00:00,24192.5,24193.35,24185.1,24187.6,0
2026-07-15 06:47:00+00:00,24187.65,24190.95,24186.3,24189.45,0
2026-07-15 06:48:00+00:00,24189.95,24191.7,24187.85,24190.1,0
2026-07-15 06:49:00+00:00,24189.8,24194.1,24189.7,24191.25,0
2026-07-15 06:50:00+00:00,24191.4,24193.7,24189.8,24191.3,0
2026-07-15 06:51:00+00:00,24190.9,24192.9,24184.6,24185.7,0
2026-07-15 06:52:00+00:00,24186.0,24190.5,24183.3,24183.3,0
2026-07-15 06:53:00+00:00,24183.65,24184.85,24180.9,24182.05,0
2026-07-15 06:54:00+00:00,24182.35,24187.4,24181.35,24186.15,0
2026-07-15 06:55:00+00:00,24186.2,24190.2,24185.05,24187.95,0
2026-07-15 06:56:00+00:00,24188.1,24190.95,24181.6,24182.2,0
2026-07-15 06:57:00+00:00,24182.25,24183.65,24177.85,24179.0,0
2026-07-15 06:58:00+00:00,24179.05,24180.9,24174.35,24175.0,0
2026-07-15 06:59:00+00:00,24174.9,24176.7,24168.45,24168.45,0
2026-07-15 07:00:00+00:00,24168.4,24172.25,24165.25,24171.8,0
2026-07-15 07:01:00+00:00,24171.15,24173.8,24168.8,24170.85,0
2026-07-15 07:02:00+00:00,24170.35,24174.2,24169.3,24170.95,0
2026-07-15 07:03:00+00:00,24171.5,24172.35,24162.65,24163.35,0
2026-07-15 07:04:00+00:00,24163.6,24170.25,24163.6,24166.65,0
2026-07-15 07:05:00+00:00,24166.45,24168.7,24161.05,24162.85,0
2026-07-15 07:06:00+00:00,24162.9,24164.8,24153.9,24153.9,0
2026-07-15 07:07:00+00:00,24154.6,24164.1,24154.6,24163.25,0
2026-07-15 07:08:00+00:00,24162.95,24164.55,24148.45,24149.95,0
2026-07-15 07:09:00+00:00,24149.9,24153.5,24143.8,24145.75,0
2026-07-15 07:10:00+00:00,24145.7,24148.7,24144.7,24146.6,0
2026-07-15 07:11:00+00:00,24146.55,24150.5,24143.15,24149.75,0
2026-07-15 07:12:00+00:00,24149.7,24152.9,24146.2,24149.65,0
2026-07-15 07:13:00+00:00,24149.4,24159.75,24149.4,24158.95,0
2026-07-15 07:14:00+00:00,24158.65,24162.5,24157.4,24160.1,0
2026-07-15 07:15:00+00:00,24160.15,24162.7,24156.1,24157.3,0
2026-07-15 07:16:00+00:00,24157.45,24159.55,24153.5,24159.1,0
2026-07-15 07:17:00+00:00,24158.65,24160.05,24151.5,24153.85,0
2026-07-15 07:18:00+00:00,24153.65,24155.7,24149.75,24152.95,0
2026-07-15 07:19:00+00:00,24152.95,24154.8,24147.05,24148.0,0
2026-07-15 07:20:00+00:00,24147.45,24149.8,24142.7,24149.1,0
2026-07-15 07:21:00+00:00,24149.05,24154.15,24148.25,24148.9,0
2026-07-15 07:22:00+00:00,24149.0,24151.7,24145.15,24147.5,0
2026-07-15 07:23:00+00:00,24146.35,24148.65,24136.0,24136.0,0
2026-07-15 07:24:00+00:00,24135.6,24137.2,24123.1,24125.95,0
2026-07-15 07:25:00+00:00,24126.05,24127.45,24096.6,24096.6,0
2026-07-15 07:26:00+00:00,24096.15,24096.15,24036.25,24036.25,0
2026-07-15 07:27:00+00:00,24036.25,24057.9,24015.3,24023.25,0
2026-07-15 07:28:00+00:00,24020.45,24068.55,24010.55,24068.5,0
2026-07-15 07:29:00+00:00,24070.25,24077.1,24049.45,24054.0,0
2026-07-15 07:30:00+00:00,24053.4,24071.05,24039.3,24070.4,0
2026-07-15 07:31:00+00:00,24070.25,24077.6,24053.8,24065.5,0
2026-07-15 07:32:00+00:00,24065.15,24077.7,24064.75,24068.35,0
2026-07-15 07:33:00+00:00,24068.3,24075.35,24066.6,24072.2,0
2026-07-15 07:34:00+00:00,24072.15,24073.85,24067.55,24069.25,0
2026-07-15 07:35:00+00:00,24069.7,24076.35,24067.7,24073.55,0
2026-07-15 07:36:00+00:00,24073.35,24073.35,24061.35,24061.65,0
2026-07-15 07:37:00+00:00,24061.25,24063.75,24054.85,24054.85,0
2026-07-15 07:38:00+00:00,24054.7,24056.65,24047.4,24054.15,0
2026-07-15 07:39:00+00:00,24054.95,24057.45,24044.95,24045.75,0
2026-07-15 07:40:00+00:00,24045.7,24052.7,24043.25,24048.95,0
2026-07-15 07:41:00+00:00,24049.6,24051.75,24043.3,24046.45,0
2026-07-15 07:42:00+00:00,24047.45,24056.65,24045.1,24046.7,0
2026-07-15 07:43:00+00:00,24046.75,24050.25,24041.5,24043.1,0
2026-07-15 07:44:00+00:00,24043.45,24054.4,24041.4,24054.4,0
2026-07-15 07:45:00+00:00,24053.7,24066.0,24046.75,24063.55,0
2026-07-15 07:46:00+00:00,24063.9,24071.75,24057.0,24069.4,0
2026-07-15 07:47:00+00:00,24068.15,24070.5,24061.8,24066.55,0
2026-07-15 07:48:00+00:00,24065.9,24076.3,24064.85,24076.3,0
2026-07-15 07:49:00+00:00,24076.4,24087.45,24075.1,24085.3,0
2026-07-15 07:50:00+00:00,24084.4,24084.95,24077.1,24082.2,0
2026-07-15 07:51:00+00:00,24083.5,24084.55,24073.35,24074.7,0
2026-07-15 07:52:00+00:00,24075.55,24078.05,24072.45,24074.7,0
2026-07-15 07:53:00+00:00,24074.55,24078.1,24068.3,24072.4,0
2026-07-15 07:54:00+00:00,24072.45,24073.65,24068.45,24072.4,0
2026-07-15 07:55:00+00:00,24072.8,24074.85,24068.85,24071.85,0
2026-07-15 07:56:00+00:00,24072.55,24074.95,24069.25,24069.4,0
2026-07-15 07:57:00+00:00,24069.5,24071.25,24065.6,24065.9,0
2026-07-15 07:58:00+00:00,24065.05,24074.25,24064.0,24072.8,0
2026-07-15 07:59:00+00:00,24072.6,24078.5,24071.25,24074.95,0
2026-07-15 08:00:00+00:00,24075.0,24076.65,24069.0,24072.1,0
2026-07-15 08:01:00+00:00,24071.6,24073.45,24069.9,24073.05,0
2026-07-15 08:02:00+00:00,24073.45,24074.7,24065.45,24068.8,0
2026-07-15 08:03:00+00:00,24068.5,24070.1,24063.8,24067.35,0
2026-07-15 08:04:00+00:00,24067.7,24069.05,24058.5,24063.0,0
2026-07-15 08:05:00+00:00,24061.85,24068.4,24061.3,24066.7,0
2026-07-15 08:06:00+00:00,24066.5,24072.15,24066.05,24069.75,0
2026-07-15 08:07:00+00:00,24069.8,24072.5,24061.65,24067.45,0
2026-07-15 08:08:00+00:00,24068.35,24069.75,24057.65,24059.7,0
2026-07-15 08:09:00+00:00,24059.95,24064.7,24059.15,24064.35,0
2026-07-15 08:10:00+00:00,24064.25,24064.9,24057.55,24059.6,0
2026-07-15 08:11:00+00:00,24059.3,24062.45,24051.8,24054.15,0
2026-07-15 08:12:00+00:00,24054.1,24058.8,24053.45,24058.45,0
2026-07-15 08:13:00+00:00,24058.1,24059.7,24048.5,24049.6,0
2026-07-15 08:14:00+00:00,24049.4,24062.05,24049.4,24061.6,0
2026-07-15 08:15:00+00:00,24061.3,24064.45,24051.7,24060.7,0
2026-07-15 08:16:00+00:00,24060.05,24065.15,24059.75,24062.75,0
2026-07-15 08:17:00+00:00,24062.7,24065.2,24059.0,24063.25,0
2026-07-15 08:18:00+00:00,24063.2,24073.3,24062.6,24066.15,0
2026-07-15 08:19:00+00:00,24066.15,24070.75,24064.7,24067.85,0
2026-07-15 08:20:00+00:00,24068.55,24071.2,24062.85,24063.35,0
2026-07-15 08:21:00+00:00,24063.2,24064.9,24051.0,24051.75,0
2026-07-15 08:22:00+00:00,24051.55,24059.1,24051.15,24054.8,0
2026-07-15 08:23:00+00:00,24054.95,24056.0,24044.85,24048.75,0
2026-07-15 08:24:00+00:00,24048.45,24056.05,24048.35,24053.1,0
2026-07-15 08:25:00+00:00,24053.3,24054.65,24049.05,24051.1,0
2026-07-15 08:26:00+00:00,24050.3,24061.15,24049.5,24060.5,0
2026-07-15 08:27:00+00:00,24060.8,24070.0,24057.1,24068.4,0
2026-07-15 08:28:00+00:00,24067.95,24073.65,24067.1,24069.8,0
2026-07-15 08:29:00+00:00,24069.2,24080.3,24069.2,24078.35,0
2026-07-15 08:30:00+00:00,24077.9,24083.55,24077.45,24081.7,0
2026-07-15 08:31:00+00:00,24081.35,24083.35,24072.5,24072.95,0
2026-07-15 08:32:00+00:00,24072.75,24076.05,24071.0,24073.45,0
2026-07-15 08:33:00+00:00,24073.05,24075.75,24069.4,24071.85,0
2026-07-15 08:34:00+00:00,24073.05,24078.45,24071.75,24077.4,0
2026-07-15 08:35:00+00:00,24076.95,24079.6,24075.35,24078.9,0
2026-07-15 08:36:00+00:00,24078.65,24080.75,24070.3,24078.95,0
2026-07-15 08:37:00+00:00,24078.55,24084.9,24076.3,24083.8,0
2026-07-15 08:38:00+00:00,24083.9,24098.8,24082.75,24096.25,0
2026-07-15 08:39:00+00:00,24096.6,24098.15,24088.85,24089.05,0
2026-07-15 08:40:00+00:00,24088.65,24092.25,24082.15,24083.0,0
2026-07-15 08:41:00+00:00,24083.55,24088.2,24082.55,24088.2,0
2026-07-15 08:42:00+00:00,24088.4,24091.65,24080.35,24080.8,0
2026-07-15 08:43:00+00:00,24080.8,24088.2,24079.4,24085.05,0
2026-07-15 08:44:00+00:00,24084.9,24087.3,24083.95,24086.45,0
2026-07-15 08:45:00+00:00,24086.35,24095.1,24085.65,24095.05,0
2026-07-15 08:46:00+00:00,24094.7,24100.85,24090.15,24091.9,0
2026-07-15 08:47:00+00:00,24092.35,24093.4,24082.2,24082.2,0
2026-07-15 08:48:00+00:00,24082.25,24084.7,24075.9,24084.05,0
2026-07-15 08:49:00+00:00,24084.5,24092.0,24079.0,24082.65,0
2026-07-15 08:50:00+00:00,24082.45,24086.25,24070.1,24072.2,0
2026-07-15 08:51:00+00:00,24070.75,24080.8,24068.8,24080.05,0
2026-07-15 08:52:00+00:00,24080.05,24085.35,24079.3,24079.65,0
2026-07-15 08:53:00+00:00,24080.4,24082.4,24076.95,24077.4,0
2026-07-15 08:54:00+00:00,24077.6,24079.6,24068.3,24072.25,0
2026-07-15 08:55:00+00:00,24072.1,24074.25,24068.3,24070.55,0
2026-07-15 08:56:00+00:00,24070.65,24072.15,24066.65,24067.85,0
2026-07-15 08:57:00+00:00,24068.0,24079.55,24067.9,24076.65,0
2026-07-15 08:58:00+00:00,24076.7,24077.3,24072.25,24076.35,0
2026-07-15 08:59:00+00:00,24076.25,24078.7,24073.4,24077.65,0
2026-07-15 09:00:00+00:00,24077.95,24083.95,24074.35,24074.95,0
2026-07-15 09:01:00+00:00,24075.1,24076.9,24072.5,24073.85,0
2026-07-15 09:02:00+00:00,24073.8,24077.0,24072.1,24076.6,0
2026-07-15 09:03:00+00:00,24076.35,24082.75,24076.15,24081.5,0
2026-07-15 09:04:00+00:00,24081.75,24085.95,24075.15,24075.2,0
2026-07-15 09:05:00+00:00,24075.6,24086.5,24074.8,24084.85,0
2026-07-15 09:06:00+00:00,24084.65,24091.35,24080.75,24081.95,0
2026-07-15 09:07:00+00:00,24082.25,24089.7,24078.6,24078.6,0
2026-07-15 09:08:00+00:00,24078.35,24100.5,24078.15,24098.55,0
2026-07-15 09:09:00+00:00,24098.25,24106.0,24098.15,24105.05,0
2026-07-15 09:10:00+00:00,24105.35,24107.05,24096.9,24101.5,0
2026-07-15 09:11:00+00:00,24101.35,24102.7,24093.5,24095.65,0
2026-07-15 09:12:00+00:00,24095.55,24101.3,24095.4,24098.1,0
2026-07-15 09:13:00+00:00,24097.6,24098.75,24095.4,24096.2,0
2026-07-15 09:14:00+00:00,24096.85,24103.0,24094.55,24101.5,0
2026-07-15 09:15:00+00:00,24099.85,24105.75,24092.75,24093.15,0
2026-07-15 09:16:00+00:00,24093.1,24102.65,24092.4,24100.75,0
2026-07-15 09:17:00+00:00,24100.7,24101.7,24083.5,24084.6,0
2026-07-15 09:18:00+00:00,24084.85,24086.45,24080.75,24085.35,0
2026-07-15 09:19:00+00:00,24085.25,24087.95,24081.8,24082.6,0
2026-07-15 09:20:00+00:00,24082.9,24086.8,24076.95,24082.8,0
2026-07-15 09:21:00+00:00,24082.65,24084.15,24076.85,24078.25,0
2026-07-15 09:22:00+00:00,24078.7,24082.7,24075.15,24080.1,0
2026-07-15 09:23:00+00:00,24080.55,24082.7,24076.6,24078.3,0
2026-07-15 09:24:00+00:00,24077.95,24085.0,24077.85,24082.6,0
2026-07-15 09:25:00+00:00,24083.15,24084.85,24076.45,24080.7,0
2026-07-15 09:26:00+00:00,24080.9,24082.7,24077.7,24079.45,0
2026-07-15 09:27:00+00:00,24079.75,24081.0,24072.35,24073.05,0
2026-07-15 09:28:00+00:00,24073.55,24079.9,24072.9,24077.55,0
2026-07-15 09:29:00+00:00,24077.65,24079.35,24066.2,24067.85,0
2026-07-15 09:30:00+00:00,24067.15,24091.6,24061.05,24069.25,0
2026-07-15 09:31:00+00:00,24069.2,24078.1,24067.1,24067.25,0
2026-07-15 09:32:00+00:00,24066.55,24069.0,24061.65,24066.35,0
2026-07-15 09:33:00+00:00,24065.9,24072.75,24065.9,24067.0,0
2026-07-15 09:34:00+00:00,24065.55,24075.4,24065.55,24073.7,0
2026-07-15 09:35:00+00:00,24072.9,24077.45,24068.9,24069.6,0
2026-07-15 09:36:00+00:00,24068.25,24078.05,24068.25,24073.85,0
2026-07-15 09:37:00+00:00,24072.1,24080.45,24072.1,24078.2,0
2026-07-15 09:38:00+00:00,24077.45,24079.1,24076.05,24076.5,0
2026-07-15 09:39:00+00:00,24075.85,24078.95,24071.95,24072.65,0
2026-07-15 09:40:00+00:00,24072.5,24077.15,24072.1,24076.3,0
2026-07-15 09:41:00+00:00,24074.1,24076.7,24073.8,24075.65,0
2026-07-15 09:42:00+00:00,24074.6,24079.45,24072.55,24073.4,0
2026-07-15 09:43:00+00:00,24072.4,24076.75,24071.95,24072.55,0
2026-07-15 09:44:00+00:00,24072.4,24080.05,24072.4,24077.75,0
2026-07-15 09:45:00+00:00,24076.1,24078.8,24073.35,24074.2,0
2026-07-15 09:46:00+00:00,24073.4,24076.35,24070.65,24071.55,0
2026-07-15 09:47:00+00:00,24069.8,24076.85,24069.8,24072.8,0
2026-07-15 09:48:00+00:00,24071.85,24075.15,24069.95,24073.5,0
2026-07-15 09:49:00+00:00,24072.35,24080.45,24072.35,24079.1,0
2026-07-15 09:50:00+00:00,24077.9,24085.15,24077.5,24083.65,0
2026-07-15 09:51:00+00:00,24081.5,24086.5,24078.6,24079.3,0
2026-07-15 09:52:00+00:00,24078.95,24081.25,24074.45,24078.0,0
2026-07-15 09:53:00+00:00,24077.4,24082.2,24077.4,24079.85,0
2026-07-15 09:54:00+00:00,24079.7,24087.4,24078.25,24086.3,0
2026-07-15 09:55:00+00:00,24085.6,24091.3,24083.1,24087.5,0
2026-07-15 09:56:00+00:00,24085.4,24089.3,24083.25,24085.1,0
2026-07-15 09:57:00+00:00,24082.95,24086.6,24081.6,24084.6,0
2026-07-15 09:58:00+00:00,24086.65,24086.65,24074.7,24077.8,0
2026-07-15 09:59:00+00:00,24076.85,24083.05,24070.75,24073.45,0
2026-07-16 03:45:00+00:00,24142.1,24156.1,24117.55,24126.05,0
2026-07-16 03:46:00+00:00,24127.85,24141.1,24124.0,24139.1,0
2026-07-16 03:47:00+00:00,24137.6,24150.1,24136.65,24145.7,0
2026-07-16 03:48:00+00:00,24149.3,24164.25,24146.95,24163.15,0
2026-07-16 03:49:00+00:00,24162.95,24167.4,24154.3,24157.05,0
2026-07-16 03:50:00+00:00,24157.05,24165.85,24154.5,24157.0,0
2026-07-16 03:51:00+00:00,24157.2,24157.2,24132.95,24137.6,0
2026-07-16 03:52:00+00:00,24140.05,24149.1,24135.9,24141.65,0
2026-07-16 03:53:00+00:00,24142.4,24148.2,24137.9,24141.7,0
2026-07-16 03:54:00+00:00,24143.2,24145.25,24137.85,24140.45,0
2026-07-16 03:55:00+00:00,24143.05,24146.45,24140.5,24141.0,0
2026-07-16 03:56:00+00:00,24143.1,24145.35,24135.7,24138.4,0
2026-07-16 03:57:00+00:00,24140.6,24143.9,24129.8,24130.3,0
2026-07-16 03:58:00+00:00,24130.55,24130.55,24121.75,24122.3,0
2026-07-16 03:59:00+00:00,24123.9,24130.85,24118.65,24127.5,0
2026-07-16 04:00:00+00:00,24129.25,24141.7,24127.4,24136.85,0
2026-07-16 04:01:00+00:00,24138.2,24138.5,24127.0,24128.6,0
2026-07-16 04:02:00+00:00,24129.85,24132.05,24125.7,24128.8,0
2026-07-16 04:03:00+00:00,24130.95,24131.1,24120.15,24122.7,0
2026-07-16 04:04:00+00:00,24123.35,24123.55,24110.25,24110.45,0
2026-07-16 04:05:00+00:00,24112.0,24112.2,24105.15,24107.65,0
2026-07-16 04:06:00+00:00,24110.2,24112.3,24097.05,24099.9,0
2026-07-16 04:07:00+00:00,24102.0,24119.75,24101.1,24113.85,0
2026-07-16 04:08:00+00:00,24114.45,24114.5,24102.75,24104.5,0
2026-07-16 04:09:00+00:00,24104.7,24109.8,24103.15,24108.1,0
2026-07-16 04:10:00+00:00,24110.45,24114.9,24106.3,24112.1,0
2026-07-16 04:11:00+00:00,24114.4,24122.6,24111.85,24119.7,0
2026-07-16 04:12:00+00:00,24119.95,24135.7,24118.95,24131.2,0
2026-07-16 04:13:00+00:00,24132.25,24137.55,24127.4,24133.35,0
2026-07-16 04:14:00+00:00,24135.2,24141.1,24130.25,24140.85,0
2026-07-16 04:15:00+00:00,24141.6,24145.75,24138.45,24139.2,0
2026-07-16 04:16:00+00:00,24140.8,24140.8,24131.3,24138.0,0
2026-07-16 04:17:00+00:00,24140.4,24141.75,24133.75,24134.0,0
2026-07-16 04:18:00+00:00,24134.95,24134.95,24124.25,24127.2,0
2026-07-16 04:19:00+00:00,24129.55,24129.6,24120.95,24122.6,0
2026-07-16 04:20:00+00:00,24124.25,24124.25,24114.7,24121.35,0
2026-07-16 04:21:00+00:00,24121.2,24123.9,24112.25,24113.4,0
2026-07-16 04:22:00+00:00,24116.6,24116.6,24111.65,24114.5,0
2026-07-16 04:23:00+00:00,24115.95,24118.95,24113.4,24116.2,0
2026-07-16 04:24:00+00:00,24117.9,24125.95,24113.4,24125.55,0
2026-07-16 04:25:00+00:00,24126.75,24137.35,24125.25,24135.15,0
2026-07-16 04:26:00+00:00,24137.4,24140.15,24135.1,24135.95,0
2026-07-16 04:27:00+00:00,24137.05,24140.8,24133.55,24138.0,0
2026-07-16 04:28:00+00:00,24138.35,24140.0,24135.8,24137.3,0
2026-07-16 04:29:00+00:00,24138.65,24138.65,24126.8,24128.1,0
2026-07-16 04:30:00+00:00,24128.15,24128.8,24122.6,24124.05,0
2026-07-16 04:31:00+00:00,24125.95,24133.1,24123.45,24132.3,0
2026-07-16 04:32:00+00:00,24133.2,24141.0,24131.35,24139.0,0
2026-07-16 04:33:00+00:00,24140.15,24140.2,24129.7,24131.45,0
2026-07-16 04:34:00+00:00,24133.15,24133.5,24128.85,24130.35,0
2026-07-16 04:35:00+00:00,24131.2,24131.2,24117.55,24121.35,0
2026-07-16 04:36:00+00:00,24123.3,24124.15,24118.7,24122.95,0
2026-07-16 04:37:00+00:00,24124.1,24125.55,24120.2,24123.95,0
2026-07-16 04:38:00+00:00,24124.15,24127.7,24121.55,24125.05,0
2026-07-16 04:39:00+00:00,24125.8,24133.0,24124.35,24125.6,0
2026-07-16 04:40:00+00:00,24127.25,24127.75,24114.8,24117.0,0
2026-07-16 04:41:00+00:00,24118.7,24120.95,24116.3,24118.35,0
2026-07-16 04:42:00+00:00,24121.5,24121.5,24116.75,24117.75,0
2026-07-16 04:43:00+00:00,24118.95,24125.9,24117.15,24123.75,0
2026-07-16 04:44:00+00:00,24125.55,24129.6,24123.8,24126.45,0
2026-07-16 04:45:00+00:00,24128.4,24131.15,24123.05,24130.35,0
2026-07-16 04:46:00+00:00,24132.0,24134.55,24129.6,24133.35,0
2026-07-16 04:47:00+00:00,24134.5,24140.4,24129.8,24130.6,0
2026-07-16 04:48:00+00:00,24132.4,24132.7,24124.0,24128.65,0
2026-07-16 04:49:00+00:00,24128.95,24131.5,24125.5,24125.8,0
2026-07-16 04:50:00+00:00,24127.35,24129.7,24120.85,24122.85,0
2026-07-16 04:51:00+00:00,24123.35,24126.75,24121.3,24125.2,0
2026-07-16 04:52:00+00:00,24127.85,24129.05,24124.85,24126.6,0
2026-07-16 04:53:00+00:00,24128.75,24129.6,24125.45,24126.8,0
2026-07-16 04:54:00+00:00,24128.5,24131.0,24126.65,24130.2,0
2026-07-16 04:55:00+00:00,24130.7,24130.7,24123.25,24124.1,0
2026-07-16 04:56:00+00:00,24125.05,24125.7,24117.25,24117.35,0
2026-07-16 04:57:00+00:00,24119.1,24119.1,24107.45,24110.6,0
2026-07-16 04:58:00+00:00,24111.55,24121.2,24109.8,24118.7,0
2026-07-16 04:59:00+00:00,24120.55,24127.15,24118.85,24123.5,0
2026-07-16 05:00:00+00:00,24124.4,24124.4,24116.85,24119.4,0
2026-07-16 05:01:00+00:00,24121.4,24125.0,24116.45,24122.7,0
2026-07-16 05:02:00+00:00,24123.9,24124.05,24119.3,24119.7,0
2026-07-16 05:03:00+00:00,24120.9,24124.35,24116.6,24120.6,0
2026-07-16 05:04:00+00:00,24120.8,24121.8,24114.8,24116.45,0
2026-07-16 05:05:00+00:00,24118.1,24118.1,24111.1,24112.0,0
2026-07-16 05:06:00+00:00,24113.65,24120.85,24111.05,24120.05,0
2026-07-16 05:07:00+00:00,24120.85,24120.85,24111.8,24111.8,0
2026-07-16 05:08:00+00:00,24113.4,24115.95,24109.9,24113.5,0
2026-07-16 05:09:00+00:00,24113.5,24114.8,24109.55,24113.75,0
2026-07-16 05:10:00+00:00,24115.6,24117.2,24113.25,24115.35,0
2026-07-16 05:11:00+00:00,24116.5,24123.0,24114.35,24122.9,0
2026-07-16 05:12:00+00:00,24124.2,24124.2,24117.35,24119.05,0
2026-07-16 05:13:00+00:00,24120.3,24122.65,24118.75,24120.6,0
2026-07-16 05:14:00+00:00,24121.65,24126.75,24119.7,24126.55,0
2026-07-16 05:15:00+00:00,24127.45,24129.65,24123.95,24127.75,0
2026-07-16 05:16:00+00:00,24130.0,24135.55,24128.5,24134.05,0
2026-07-16 05:17:00+00:00,24136.2,24143.65,24135.1,24141.85,0
2026-07-16 05:18:00+00:00,24143.35,24146.2,24141.1,24144.95,0
2026-07-16 05:19:00+00:00,24145.55,24148.1,24143.05,24146.35,0
2026-07-16 05:20:00+00:00,24147.5,24157.45,24144.8,24155.45,0
2026-07-16 05:21:00+00:00,24156.7,24156.8,24147.05,24151.6,0
2026-07-16 05:22:00+00:00,24153.05,24154.05,24149.1,24151.45,0
2026-07-16 05:23:00+00:00,24153.45,24155.35,24150.7,24153.85,0
2026-07-16 05:24:00+00:00,24154.75,24154.75,24149.75,24150.9,0
2026-07-16 05:25:00+00:00,24153.1,24160.8,24152.1,24158.55,0
2026-07-16 05:26:00+00:00,24160.8,24163.35,24157.5,24160.45,0
2026-07-16 05:27:00+00:00,24162.9,24165.4,24160.05,24163.4,0
2026-07-16 05:28:00+00:00,24164.65,24165.95,24162.2,24163.9,0
2026-07-16 05:29:00+00:00,24165.2,24169.35,24161.7,24168.6,0
2026-07-16 05:30:00+00:00,24170.65,24184.0,24170.2,24180.75,0
2026-07-16 05:31:00+00:00,24183.35,24185.5,24180.1,24184.5,0
2026-07-16 05:32:00+00:00,24185.9,24186.5,24176.05,24176.5,0
2026-07-16 05:33:00+00:00,24178.15,24180.6,24174.7,24177.95,0
2026-07-16 05:34:00+00:00,24178.9,24179.35,24172.95,24173.55,0
2026-07-16 05:35:00+00:00,24175.4,24175.55,24168.2,24168.85,0
2026-07-16 05:36:00+00:00,24170.25,24170.25,24162.75,24166.5,0
2026-07-16 05:37:00+00:00,24167.8,24169.0,24162.65,24168.1,0
2026-07-16 05:38:00+00:00,24169.45,24172.65,24167.5,24169.05,0
2026-07-16 05:39:00+00:00,24169.9,24169.9,24161.9,24169.55,0
2026-07-16 05:40:00+00:00,24170.9,24171.6,24163.85,24166.6,0
2026-07-16 05:41:00+00:00,24168.15,24169.25,24164.6,24166.5,0
2026-07-16 05:42:00+00:00,24167.75,24168.1,24162.2,24162.2,0
2026-07-16 05:43:00+00:00,24163.8,24166.85,24161.05,24163.1,0
2026-07-16 05:44:00+00:00,24165.25,24165.25,24156.45,24157.9,0
2026-07-16 05:45:00+00:00,24159.1,24162.45,24156.95,24160.1,0
2026-07-16 05:46:00+00:00,24161.4,24163.5,24159.55,24160.6,0
2026-07-16 05:47:00+00:00,24162.15,24162.15,24152.45,24153.9,0
2026-07-16 05:48:00+00:00,24155.15,24158.85,24151.65,24157.4,0
2026-07-16 05:49:00+00:00,24159.45,24159.45,24147.3,24148.15,0
2026-07-16 05:50:00+00:00,24149.8,24156.35,24147.9,24155.65,0
2026-07-16 05:51:00+00:00,24157.2,24162.5,24155.4,24156.0,0
2026-07-16 05:52:00+00:00,24158.75,24160.2,24152.95,24154.0,0
2026-07-16 05:53:00+00:00,24157.1,24157.1,24149.25,24150.65,0
2026-07-16 05:54:00+00:00,24153.0,24153.0,24147.95,24151.75,0
2026-07-16 05:55:00+00:00,24152.05,24153.2,24148.1,24151.9,0
2026-07-16 05:56:00+00:00,24152.9,24155.25,24149.0,24153.5,0
2026-07-16 05:57:00+00:00,24155.9,24155.9,24152.05,24153.35,0
2026-07-16 05:58:00+00:00,24154.85,24154.85,24143.6,24145.7,0
2026-07-16 05:59:00+00:00,24147.0,24148.55,24142.1,24146.35,0
2026-07-16 06:00:00+00:00,24148.95,24149.0,24143.55,24148.3,0
2026-07-16 06:01:00+00:00,24150.35,24154.5,24145.75,24153.3,0
2026-07-16 06:02:00+00:00,24155.35,24158.0,24151.75,24154.2,0
2026-07-16 06:03:00+00:00,24156.2,24157.55,24149.75,24153.95,0
2026-07-16 06:04:00+00:00,24155.0,24155.05,24149.65,24150.6,0
2026-07-16 06:05:00+00:00,24152.3,24156.35,24149.45,24154.5,0
2026-07-16 06:06:00+00:00,24156.15,24157.45,24152.1,24153.25,0
2026-07-16 06:07:00+00:00,24154.2,24155.95,24146.1,24146.1,0
2026-07-16 06:08:00+00:00,24146.85,24165.6,24144.0,24161.75,0
2026-07-16 06:09:00+00:00,24163.8,24164.2,24155.85,24160.0,0
2026-07-16 06:10:00+00:00,24162.55,24164.6,24159.75,24161.2,0
2026-07-16 06:11:00+00:00,24162.75,24166.8,24160.95,24164.75,0
2026-07-16 06:12:00+00:00,24166.2,24166.2,24153.25,24154.25,0
2026-07-16 06:13:00+00:00,24157.1,24157.25,24147.85,24150.15,0
2026-07-16 06:14:00+00:00,24151.95,24152.4,24147.0,24149.5,0
2026-07-16 06:15:00+00:00,24151.55,24155.4,24149.45,24152.65,0
2026-07-16 06:16:00+00:00,24152.95,24153.55,24148.55,24152.7,0
2026-07-16 06:17:00+00:00,24154.2,24154.2,24149.8,24150.9,0
2026-07-16 06:18:00+00:00,24152.55,24153.35,24146.7,24148.45,0
2026-07-16 06:19:00+00:00,24149.55,24152.4,24145.9,24148.55,0
2026-07-16 06:20:00+00:00,24150.95,24152.25,24143.9,24144.35,0
2026-07-16 06:21:00+00:00,24147.2,24149.95,24139.0,24147.7,0
2026-07-16 06:22:00+00:00,24148.8,24149.6,24144.0,24144.75,0
2026-07-16 06:23:00+00:00,24146.3,24149.6,24144.85,24148.75,0
2026-07-16 06:24:00+00:00,24149.7,24152.75,24146.45,24152.75,0
2026-07-16 06:25:00+00:00,24153.55,24153.55,24146.2,24147.1,0
2026-07-16 06:26:00+00:00,24149.1,24151.0,24146.4,24149.8,0
2026-07-16 06:27:00+00:00,24151.15,24154.9,24147.15,24153.0,0
2026-07-16 06:28:00+00:00,24153.55,24153.65,24148.3,24149.35,0
2026-07-16 06:29:00+00:00,24151.3,24154.7,24146.85,24151.0,0
2026-07-16 06:30:00+00:00,24153.05,24154.05,24149.55,24151.25,0
2026-07-16 06:31:00+00:00,24152.4,24152.4,24145.0,24145.3,0
2026-07-16 06:32:00+00:00,24146.0,24147.8,24142.5,24144.35,0
2026-07-16 06:33:00+00:00,24145.8,24145.8,24135.9,24137.5,0
2026-07-16 06:34:00+00:00,24138.6,24141.0,24134.05,24138.65,0
2026-07-16 06:35:00+00:00,24141.0,24142.45,24137.15,24141.25,0
2026-07-16 06:36:00+00:00,24143.1,24144.1,24140.1,24142.8,0
2026-07-16 06:37:00+00:00,24143.6,24143.9,24136.5,24137.4,0
2026-07-16 06:38:00+00:00,24139.2,24142.9,24134.8,24142.8,0
2026-07-16 06:39:00+00:00,24144.15,24144.8,24137.95,24139.55,0
2026-07-16 06:40:00+00:00,24140.5,24141.3,24137.35,24139.95,0
2026-07-16 06:41:00+00:00,24142.25,24144.9,24139.95,24140.7,0
2026-07-16 06:42:00+00:00,24142.2,24144.65,24138.75,24139.3,0
2026-07-16 06:43:00+00:00,24140.25,24140.25,24134.4,24135.4,0
2026-07-16 06:44:00+00:00,24137.55,24137.55,24132.45,24133.9,0
2026-07-16 06:45:00+00:00,24136.3,24138.45,24133.35,24135.35,0
2026-07-16 06:46:00+00:00,24136.75,24136.75,24132.0,24133.9,0
2026-07-16 06:47:00+00:00,24135.8,24139.15,24132.95,24137.4,0
2026-07-16 06:48:00+00:00,24138.75,24139.25,24132.35,24134.5,0
2026-07-16 06:49:00+00:00,24135.9,24138.8,24131.95,24138.5,0
2026-07-16 06:50:00+00:00,24139.75,24140.2,24137.3,24139.25,0
2026-07-16 06:51:00+00:00,24140.45,24140.85,24137.0,24139.35,0
2026-07-16 06:52:00+00:00,24139.8,24140.75,24133.35,24136.05,0
2026-07-16 06:53:00+00:00,24138.35,24138.6,24132.5,24133.35,0
2026-07-16 06:54:00+00:00,24135.45,24139.75,24132.05,24138.2,0
2026-07-16 06:55:00+00:00,24139.05,24150.4,24137.65,24149.3,0
2026-07-16 06:56:00+00:00,24150.9,24152.85,24149.1,24151.75,0
2026-07-16 06:57:00+00:00,24153.1,24153.85,24147.7,24150.2,0
2026-07-16 06:58:00+00:00,24152.3,24161.4,24150.45,24158.0,0
2026-07-16 06:59:00+00:00,24158.3,24163.45,24157.05,24159.6,0
2026-07-16 07:00:00+00:00,24160.65,24160.65,24153.4,24156.65,0
2026-07-16 07:01:00+00:00,24157.55,24157.55,24151.3,24154.1,0
2026-07-16 07:02:00+00:00,24154.3,24155.85,24149.45,24149.85,0
2026-07-16 07:03:00+00:00,24151.1,24152.0,24142.85,24144.2,0
2026-07-16 07:04:00+00:00,24145.45,24148.4,24140.65,24146.5,0
2026-07-16 07:05:00+00:00,24147.35,24149.8,24139.5,24142.05,0
2026-07-16 07:06:00+00:00,24144.15,24148.35,24142.8,24145.55,0
2026-07-16 07:07:00+00:00,24147.4,24147.4,24141.4,24142.05,0
2026-07-16 07:08:00+00:00,24144.6,24144.6,24137.55,24141.0,0
2026-07-16 07:09:00+00:00,24141.3,24143.75,24138.9,24141.4,0
2026-07-16 07:10:00+00:00,24142.85,24144.0,24138.9,24143.2,0
2026-07-16 07:11:00+00:00,24144.0,24144.7,24138.0,24142.95,0
2026-07-16 07:12:00+00:00,24143.9,24143.9,24133.6,24133.8,0
2026-07-16 07:13:00+00:00,24136.65,24136.65,24126.35,24130.85,0
2026-07-16 07:14:00+00:00,24131.95,24135.0,24128.25,24130.4,0
2026-07-16 07:15:00+00:00,24133.1,24135.6,24128.8,24135.35,0
2026-07-16 07:16:00+00:00,24136.0,24136.25,24131.6,24132.4,0
2026-07-16 07:17:00+00:00,24134.15,24134.15,24131.5,24132.95,0
2026-07-16 07:18:00+00:00,24134.9,24134.9,24131.2,24132.5,0
2026-07-16 07:19:00+00:00,24134.25,24134.65,24130.15,24131.9,0
2026-07-16 07:20:00+00:00,24133.75,24133.8,24129.9,24132.2,0
2026-07-16 07:21:00+00:00,24133.65,24133.75,24128.9,24129.3,0
2026-07-16 07:22:00+00:00,24130.85,24133.95,24129.0,24131.1,0
2026-07-16 07:23:00+00:00,24132.65,24132.65,24123.0,24123.85,0
2026-07-16 07:24:00+00:00,24125.2,24126.55,24120.25,24125.6,0
2026-07-16 07:25:00+00:00,24127.2,24127.2,24122.65,24126.65,0
2026-07-16 07:26:00+00:00,24127.9,24127.9,24121.85,24124.2,0
2026-07-16 07:27:00+00:00,24125.55,24128.35,24123.05,24123.4,0
2026-07-16 07:28:00+00:00,24125.05,24125.9,24122.75,24123.3,0
2026-07-16 07:29:00+00:00,24125.15,24125.15,24120.85,24124.55,0
2026-07-16 07:30:00+00:00,24124.8,24124.8,24110.5,24112.15,0
2026-07-16 07:31:00+00:00,24114.8,24122.15,24112.0,24122.15,0
2026-07-16 07:32:00+00:00,24122.5,24123.35,24118.25,24120.3,0
2026-07-16 07:33:00+00:00,24122.15,24122.25,24116.85,24119.25,0
2026-07-16 07:34:00+00:00,24121.05,24125.05,24117.25,24125.05,0
2026-07-16 07:35:00+00:00,24126.55,24128.15,24120.05,24124.6,0
2026-07-16 07:36:00+00:00,24126.45,24129.9,24121.7,24125.0,0
2026-07-16 07:37:00+00:00,24127.95,24128.1,24121.6,24123.05,0
2026-07-16 07:38:00+00:00,24124.4,24128.95,24121.85,24125.75,0
2026-07-16 07:39:00+00:00,24128.35,24130.75,24123.6,24125.5,0
2026-07-16 07:40:00+00:00,24128.25,24128.25,24118.5,24119.5,0
2026-07-16 07:41:00+00:00,24120.5,24121.6,24116.85,24118.45,0
2026-07-16 07:42:00+00:00,24120.4,24124.45,24118.45,24123.15,0
2026-07-16 07:43:00+00:00,24124.2,24127.25,24122.0,24123.9,0
2026-07-16 07:44:00+00:00,24124.85,24128.0,24119.75,24120.6,0
2026-07-16 07:45:00+00:00,24120.95,24121.8,24110.35,24110.95,0
2026-07-16 07:46:00+00:00,24111.85,24116.75,24109.4,24113.45,0
2026-07-16 07:47:00+00:00,24114.95,24115.25,24108.55,24110.1,0
2026-07-16 07:48:00+00:00,24113.3,24118.8,24109.05,24115.65,0
2026-07-16 07:49:00+00:00,24116.5,24117.5,24113.6,24115.45,0
2026-07-16 07:50:00+00:00,24117.5,24120.15,24114.8,24119.55,0
2026-07-16 07:51:00+00:00,24120.5,24122.2,24118.1,24120.0,0
2026-07-16 07:52:00+00:00,24121.25,24121.25,24112.95,24112.95,0
2026-07-16 07:53:00+00:00,24114.3,24116.4,24110.95,24113.9,0
2026-07-16 07:54:00+00:00,24116.2,24116.6,24112.5,24114.3,0
2026-07-16 07:55:00+00:00,24115.2,24115.2,24105.85,24107.05,0
2026-07-16 07:56:00+00:00,24109.2,24109.2,24104.65,24106.05,0
2026-07-16 07:57:00+00:00,24107.45,24107.75,24102.85,24103.6,0
2026-07-16 07:58:00+00:00,24105.7,24107.0,24102.7,24104.0,0
2026-07-16 07:59:00+00:00,24106.9,24107.25,24102.8,24105.8,0
2026-07-16 08:00:00+00:00,24107.4,24107.4,24083.5,24091.55,0
2026-07-16 08:01:00+00:00,24091.95,24092.1,24082.25,24084.0,0
2026-07-16 08:02:00+00:00,24084.95,24090.35,24079.65,24088.2,0
2026-07-16 08:03:00+00:00,24089.6,24093.05,24084.15,24085.5,0
2026-07-16 08:04:00+00:00,24086.6,24092.35,24083.7,24090.55,0
2026-07-16 08:05:00+00:00,24092.9,24092.9,24086.0,24088.5,0
2026-07-16 08:06:00+00:00,24090.0,24090.05,24085.15,24087.95,0
2026-07-16 08:07:00+00:00,24089.35,24089.35,24070.1,24071.7,0
2026-07-16 08:08:00+00:00,24073.35,24073.35,24066.15,24068.15,0
2026-07-16 08:09:00+00:00,24069.45,24072.4,24067.45,24070.4,0
2026-07-16 08:10:00+00:00,24072.1,24072.1,24056.4,24061.95,0
2026-07-16 08:11:00+00:00,24064.0,24064.0,24055.6,24057.6,0
2026-07-16 08:12:00+00:00,24059.25,24061.85,24056.05,24059.8,0
2026-07-16 08:13:00+00:00,24062.55,24063.7,24056.85,24058.05,0
2026-07-16 08:14:00+00:00,24059.8,24059.8,24053.05,24053.5,0
2026-07-16 08:15:00+00:00,24055.5,24066.4,24051.65,24060.85,0
2026-07-16 08:16:00+00:00,24062.45,24066.6,24059.85,24063.0,0
2026-07-16 08:17:00+00:00,24064.55,24064.55,24058.6,24060.7,0
2026-07-16 08:18:00+00:00,24062.4,24064.5,24059.15,24062.35,0
2026-07-16 08:19:00+00:00,24064.25,24064.25,24057.65,24060.45,0
2026-07-16 08:20:00+00:00,24062.5,24067.2,24060.95,24066.15,0
2026-07-16 08:21:00+00:00,24067.7,24072.55,24064.1,24072.55,0
2026-07-16 08:22:00+00:00,24075.85,24080.35,24074.4,24078.05,0
2026-07-16 08:23:00+00:00,24079.4,24082.6,24072.85,24073.05,0
2026-07-16 08:24:00+00:00,24075.95,24078.55,24072.25,24075.25,0
2026-07-16 08:25:00+00:00,24076.25,24083.9,24075.0,24082.4,0
2026-07-16 08:26:00+00:00,24084.55,24095.85,24082.25,24089.55,0
2026-07-16 08:27:00+00:00,24090.95,24090.95,24083.95,24086.85,0
2026-07-16 08:28:00+00:00,24088.55,24090.1,24084.45,24088.2,0
2026-07-16 08:29:00+00:00,24089.95,24097.15,24086.95,24096.4,0
2026-07-16 08:30:00+00:00,24098.4,24098.75,24091.5,24094.25,0
2026-07-16 08:31:00+00:00,24095.4,24096.05,24091.65,24093.15,0
2026-07-16 08:32:00+00:00,24094.05,24100.85,24091.3,24098.15,0
2026-07-16 08:33:00+00:00,24099.15,24099.15,24090.4,24091.85,0
2026-07-16 08:34:00+00:00,24093.35,24096.95,24086.75,24091.75,0
2026-07-16 08:35:00+00:00,24093.7,24096.2,24091.3,24095.05,0
2026-07-16 08:36:00+00:00,24096.85,24101.4,24095.55,24098.55,0
2026-07-16 08:37:00+00:00,24101.05,24101.6,24093.05,24094.7,0
2026-07-16 08:38:00+00:00,24095.6,24096.5,24089.55,24091.15,0
2026-07-16 08:39:00+00:00,24091.9,24093.8,24085.8,24091.05,0
2026-07-16 08:40:00+00:00,24092.6,24092.6,24085.35,24087.9,0
2026-07-16 08:41:00+00:00,24089.65,24093.3,24088.5,24089.85,0
2026-07-16 08:42:00+00:00,24091.0,24097.65,24089.5,24094.65,0
2026-07-16 08:43:00+00:00,24097.0,24100.95,24094.3,24097.95,0
2026-07-16 08:44:00+00:00,24097.9,24098.05,24091.55,24094.15,0
2026-07-16 08:45:00+00:00,24094.6,24095.85,24091.0,24093.0,0
2026-07-16 08:46:00+00:00,24095.7,24101.95,24092.25,24101.65,0
2026-07-16 08:47:00+00:00,24102.05,24106.25,24098.45,24106.25,0
2026-07-16 08:48:00+00:00,24109.0,24111.9,24102.1,24103.1,0
2026-07-16 08:49:00+00:00,24104.9,24106.2,24100.6,24102.95,0
2026-07-16 08:50:00+00:00,24104.35,24104.5,24096.2,24097.65,0
2026-07-16 08:51:00+00:00,24099.25,24099.6,24083.95,24083.95,0
2026-07-16 08:52:00+00:00,24086.8,24097.05,24082.55,24094.7,0
2026-07-16 08:53:00+00:00,24095.4,24098.55,24091.8,24094.3,0
2026-07-16 08:54:00+00:00,24094.1,24096.7,24087.7,24090.6,0
2026-07-16 08:55:00+00:00,24091.8,24097.35,24090.2,24091.65,0
2026-07-16 08:56:00+00:00,24093.4,24093.4,24086.25,24087.55,0
2026-07-16 08:57:00+00:00,24089.1,24091.1,24082.8,24082.95,0
2026-07-16 08:58:00+00:00,24086.2,24087.5,24079.7,24085.25,0
2026-07-16 08:59:00+00:00,24086.25,24091.15,24083.45,24085.85,0
2026-07-16 09:00:00+00:00,24089.05,24096.8,24086.75,24096.65,0
2026-07-16 09:01:00+00:00,24097.9,24099.7,24091.0,24094.0,0
2026-07-16 09:02:00+00:00,24095.0,24099.35,24093.35,24098.8,0
2026-07-16 09:03:00+00:00,24100.15,24100.15,24090.85,24091.0,0
2026-07-16 09:04:00+00:00,24092.9,24099.75,24091.6,24095.15,0
2026-07-16 09:05:00+00:00,24096.9,24098.75,24093.9,24096.65,0
2026-07-16 09:06:00+00:00,24097.5,24098.2,24087.85,24088.4,0
2026-07-16 09:07:00+00:00,24091.6,24093.05,24087.35,24089.55,0
2026-07-16 09:08:00+00:00,24091.2,24091.2,24085.25,24087.85,0
2026-07-16 09:09:00+00:00,24089.75,24097.3,24087.45,24097.3,0
2026-07-16 09:10:00+00:00,24097.7,24098.85,24087.05,24088.0,0
2026-07-16 09:11:00+00:00,24089.65,24095.85,24083.25,24095.7,0
2026-07-16 09:12:00+00:00,24096.9,24100.05,24087.15,24099.2,0
2026-07-16 09:13:00+00:00,24100.55,24100.9,24094.4,24099.0,0
2026-07-16 09:14:00+00:00,24099.5,24101.95,24094.95,24096.0,0
2026-07-16 09:15:00+00:00,24099.55,24099.55,24094.05,24097.8,0
2026-07-16 09:16:00+00:00,24098.9,24098.9,24094.65,24095.1,0
2026-07-16 09:17:00+00:00,24097.7,24101.05,24094.25,24098.95,0
2026-07-16 09:18:00+00:00,24100.95,24100.95,24093.55,24093.55,0
2026-07-16 09:19:00+00:00,24096.85,24098.2,24092.0,24092.25,0
2026-07-16 09:20:00+00:00,24094.05,24098.85,24091.7,24095.05,0
2026-07-16 09:21:00+00:00,24096.55,24096.95,24091.95,24094.85,0
2026-07-16 09:22:00+00:00,24096.1,24096.2,24092.75,24094.2,0
2026-07-16 09:23:00+00:00,24095.45,24098.5,24091.9,24097.7,0
2026-07-16 09:24:00+00:00,24098.65,24100.05,24094.7,24096.35,0
2026-07-16 09:25:00+00:00,24098.75,24105.55,24096.55,24101.4,0
2026-07-16 09:26:00+00:00,24103.55,24108.35,24099.0,24108.35,0
2026-07-16 09:27:00+00:00,24109.25,24109.55,24104.5,24104.95,0
2026-07-16 09:28:00+00:00,24105.7,24116.1,24104.25,24115.0,0
2026-07-16 09:29:00+00:00,24118.8,24124.1,24105.25,24111.65,0
2026-07-16 09:30:00+00:00,24114.45,24126.55,24108.9,24113.75,0
2026-07-16 09:31:00+00:00,24114.15,24114.4,24095.8,24099.3,0
2026-07-16 09:32:00+00:00,24100.25,24100.55,24083.1,24083.1,0
2026-07-16 09:33:00+00:00,24084.85,24086.05,24072.4,24072.55,0
2026-07-16 09:34:00+00:00,24071.95,24074.95,24065.95,24067.7,0
2026-07-16 09:35:00+00:00,24067.2,24078.7,24067.2,24077.25,0
2026-07-16 09:36:00+00:00,24077.15,24084.25,24076.4,24076.4,0
2026-07-16 09:37:00+00:00,24077.15,24077.3,24065.95,24070.75,0
2026-07-16 09:38:00+00:00,24069.7,24081.8,24069.7,24075.65,0
2026-07-16 09:39:00+00:00,24076.55,24078.6,24072.75,24075.55,0
2026-07-16 09:40:00+00:00,24074.75,24077.55,24071.0,24071.05,0
2026-07-16 09:41:00+00:00,24070.75,24076.65,24070.75,24074.45,0
2026-07-16 09:42:00+00:00,24075.15,24076.65,24072.6,24073.75,0
2026-07-16 09:43:00+00:00,24073.45,24078.2,24073.45,24075.05,0
2026-07-16 09:44:00+00:00,24075.3,24076.75,24070.35,24071.1,0
2026-07-16 09:45:00+00:00,24071.15,24073.55,24068.5,24068.6,0
2026-07-16 09:46:00+00:00,24068.35,24070.6,24065.25,24067.45,0
2026-07-16 09:47:00+00:00,24067.15,24069.05,24063.9,24065.1,0
2026-07-16 09:48:00+00:00,24066.15,24067.35,24061.2,24064.75,0
2026-07-16 09:49:00+00:00,24065.4,24067.1,24064.05,24065.65,0
2026-07-16 09:50:00+00:00,24064.8,24066.15,24058.45,24058.45,0
2026-07-16 09:51:00+00:00,24058.45,24061.5,24057.1,24060.45,0
2026-07-16 09:52:00+00:00,24060.05,24063.75,24056.7,24061.15,0
2026-07-16 09:53:00+00:00,24060.25,24062.65,24058.55,24061.3,0
2026-07-16 09:54:00+00:00,24060.55,24062.9,24057.75,24058.9,0
2026-07-16 09:55:00+00:00,24059.1,24060.4,24050.0,24051.65,0
2026-07-16 09:56:00+00:00,24053.65,24063.1,24051.9,24060.9,0
2026-07-16 09:57:00+00:00,24061.05,24071.2,24060.35,24068.6,0
2026-07-16 09:58:00+00:00,24068.85,24090.15,24066.3,24085.75,0
2026-07-16 09:59:00+00:00,24086.3,24086.65,24074.85,24081.1,0
