datetime,open,high,low,close,volume
2026-05-15 03:45:00+00:00,23731.4,23774.95,23688.35,23691.55,0
2026-05-15 03:46:00+00:00,23691.65,23730.75,23663.35,23729.3,0
2026-05-15 03:47:00+00:00,23730.3,23747.65,23716.45,23719.35,0
2026-05-15 03:48:00+00:00,23718.2,23752.95,23716.2,23737.05,0
2026-05-15 03:49:00+00:00,23735.8,23736.8,23716.5,23719.1,0
2026-05-15 03:50:00+00:00,23719.1,23730.45,23712.25,23717.8,0
2026-05-15 03:51:00+00:00,23719.35,23742.65,23715.55,23718.7,0
2026-05-15 03:52:00+00:00,23721.65,23753.35,23707.3,23741.95,0
2026-05-15 03:53:00+00:00,23741.05,23749.6,23735.8,23749.1,0
2026-05-15 03:54:00+00:00,23749.75,23765.7,23743.5,23764.9,0
2026-05-15 03:55:00+00:00,23764.95,23771.25,23759.1,23761.0,0
2026-05-15 03:56:00+00:00,23760.55,23766.45,23751.85,23765.3,0
2026-05-15 03:57:00+00:00,23765.45,23788.9,23764.7,23788.7,0
2026-05-15 03:58:00+00:00,23787.75,23792.05,23781.0,23790.3,0
2026-05-15 03:59:00+00:00,23788.45,23796.95,23787.6,23787.9,0
2026-05-15 04:00:00+00:00,23787.3,23790.25,23755.3,23755.55,0
2026-05-15 04:01:00+00:00,23756.3,23782.05,23753.15,23780.35,0
2026-05-15 04:02:00+00:00,23779.95,23783.95,23763.5,23773.5,0
2026-05-15 04:03:00+00:00,23770.55,23784.9,23768.45,23770.1,0
2026-05-15 04:04:00+00:00,23769.7,23771.35,23748.5,23749.6,0
2026-05-15 04:05:00+00:00,23748.8,23756.4,23737.25,23748.45,0
2026-05-15 04:06:00+00:00,23748.7,23750.9,23734.1,23739.15,0
2026-05-15 04:07:00+00:00,23739.05,23755.05,23737.0,23754.95,0
2026-05-15 04:08:00+00:00,23753.9,23763.6,23753.8,23761.45,0
2026-05-15 04:09:00+00:00,23762.2,23772.9,23760.45,23770.8,0
2026-05-15 04:10:00+00:00,23770.65,23777.3,23769.6,23773.55,0
2026-05-15 04:11:00+00:00,23773.65,23785.75,23772.65,23785.75,0
2026-05-15 04:12:00+00:00,23784.7,23794.65,23784.7,23792.4,0
2026-05-15 04:13:00+00:00,23793.55,23798.8,23792.4,23794.65,0
2026-05-15 04:14:00+00:00,23793.9,23803.15,23791.85,23802.1,0
2026-05-15 04:15:00+00:00,23802.5,23807.85,23792.55,23798.6,0
2026-05-15 04:16:00+00:00,23798.45,23815.05,23798.45,23813.05,0
2026-05-15 04:17:00+00:00,23812.45,23818.0,23808.8,23813.45,0
2026-05-15 04:18:00+00:00,23813.45,23815.55,23796.75,23797.5,0
2026-05-15 04:19:00+00:00,23796.85,23799.7,23793.65,23795.6,0
2026-05-15 04:20:00+00:00,23795.15,23804.45,23791.0,23804.45,0
2026-05-15 04:21:00+00:00,23804.35,23812.2,23799.5,23804.95,0
2026-05-15 04:22:00+00:00,23804.7,23807.85,23799.75,23801.85,0
2026-05-15 04:23:00+00:00,23801.8,23806.95,23799.6,23803.95,0
2026-05-15 04:24:00+00:00,23804.3,23824.75,23804.3,23823.15,0
2026-05-15 04:25:00+00:00,23823.0,23836.0,23823.0,23830.0,0
2026-05-15 04:26:00+00:00,23829.65,23835.5,23828.4,23832.6,0
2026-05-15 04:27:00+00:00,23832.2,23834.7,23827.85,23834.35,0
2026-05-15 04:28:00+00:00,23834.55,23837.0,23823.3,23825.05,0
2026-05-15 04:29:00+00:00,23825.6,23827.9,23817.95,23817.95,0
2026-05-15 04:30:00+00:00,23819.1,23821.35,23802.25,23805.15,0
2026-05-15 04:31:00+00:00,23805.3,23806.25,23787.7,23787.7,0
2026-05-15 04:32:00+00:00,23789.75,23804.6,23788.55,23802.5,0
2026-05-15 04:33:00+00:00,23801.85,23806.2,23797.05,23801.1,0
2026-05-15 04:34:00+00:00,23801.15,23819.55,23801.15,23818.35,0
2026-05-15 04:35:00+00:00,23818.55,23819.25,23801.35,23807.1,0
2026-05-15 04:36:00+00:00,23807.1,23809.05,23799.15,23807.05,0
2026-05-15 04:37:00+00:00,23807.55,23810.75,23797.6,23798.9,0
2026-05-15 04:38:00+00:00,23799.55,23800.95,23789.05,23792.1,0
2026-05-15 04:39:00+00:00,23791.45,23792.95,23785.25,23787.6,0
2026-05-15 04:40:00+00:00,23787.5,23795.7,23787.2,23789.25,0
2026-05-15 04:41:00+00:00,23789.55,23801.35,23785.85,23787.0,0
2026-05-15 04:42:00+00:00,23786.95,23795.4,23781.25,23793.15,0
2026-05-15 04:43:00+00:00,23793.15,23797.85,23791.75,23792.25,0
2026-05-15 04:44:00+00:00,23792.1,23801.45,23791.7,23800.25,0
2026-05-15 04:45:00+00:00,23800.3,23811.2,23800.25,23804.5,0
2026-05-15 04:46:00+00:00,23805.55,23815.5,23804.2,23808.5,0
2026-05-15 04:47:00+00:00,23808.45,23812.55,23792.5,23792.9,0
2026-05-15 04:48:00+00:00,23792.9,23798.45,23792.65,23798.45,0
2026-05-15 04:49:00+00:00,23798.3,23803.85,23795.05,23796.4,0
2026-05-15 04:50:00+00:00,23796.5,23797.7,23788.75,23794.9,0
2026-05-15 04:51:00+00:00,23794.35,23808.0,23793.6,23807.75,0
2026-05-15 04:52:00+00:00,23807.55,23816.55,23804.7,23814.25,0
2026-05-15 04:53:00+00:00,23813.8,23815.0,23801.8,23802.6,0
2026-05-15 04:54:00+00:00,23803.2,23821.0,23801.7,23820.5,0
2026-05-15 04:55:00+00:00,23820.6,23827.15,23820.2,23824.75,0
2026-05-15 04:56:00+00:00,23823.5,23834.15,23822.65,23825.55,0
2026-05-15 04:57:00+00:00,23825.4,23828.8,23821.95,23828.0,0
2026-05-15 04:58:00+00:00,23827.65,23831.65,23822.95,23828.5,0
2026-05-15 04:59:00+00:00,23828.2,23831.3,23824.5,23828.15,0
2026-05-15 05:00:00+00:00,23827.85,23829.25,23823.6,23824.95,0
2026-05-15 05:01:00+00:00,23824.75,23827.25,23809.85,23815.85,0
2026-05-15 05:02:00+00:00,23815.5,23820.35,23813.9,23814.55,0
2026-05-15 05:03:00+00:00,23815.3,23815.3,23805.15,23806.7,0
2026-05-15 05:04:00+00:00,23806.5,23815.55,23806.5,23815.15,0
2026-05-15 05:05:00+00:00,23815.15,23816.1,23808.35,23808.95,0
2026-05-15 05:06:00+00:00,23809.3,23819.05,23809.1,23817.6,0
2026-05-15 05:07:00+00:00,23817.45,23822.1,23813.85,23815.55,0
2026-05-15 05:08:00+00:00,23815.45,23818.0,23805.0,23805.65,0
2026-05-15 05:09:00+00:00,23806.05,23808.0,23802.85,23805.75,0
2026-05-15 05:10:00+00:00,23806.1,23808.8,23800.95,23804.2,0
2026-05-15 05:11:00+00:00,23804.55,23818.9,23804.55,23816.7,0
2026-05-15 05:12:00+00:00,23817.0,23821.1,23816.55,23820.45,0
2026-05-15 05:13:00+00:00,23820.0,23823.2,23814.2,23814.2,0
2026-05-15 05:14:00+00:00,23814.0,23817.5,23811.95,23817.05,0
2026-05-15 05:15:00+00:00,23816.9,23829.75,23816.9,23828.9,0
2026-05-15 05:16:00+00:00,23828.95,23832.05,23827.0,23827.0,0
2026-05-15 05:17:00+00:00,23827.4,23829.85,23820.65,23823.85,0
2026-05-15 05:18:00+00:00,23823.9,23828.4,23821.2,23828.0,0
2026-05-15 05:19:00+00:00,23827.4,23829.9,23824.3,23827.0,0
2026-05-15 05:20:00+00:00,23827.4,23832.75,23827.2,23830.55,0
2026-05-15 05:21:00+00:00,23830.45,23839.3,23830.45,23835.9,0
2026-05-15 05:22:00+00:00,23835.9,23838.25,23831.6,23833.45,0
2026-05-15 05:23:00+00:00,23832.8,23833.3,23822.05,23824.8,0
2026-05-15 05:24:00+00:00,23825.55,23834.8,23825.55,23830.45,0
2026-05-15 05:25:00+00:00,23830.5,23834.85,23829.35,23829.7,0
2026-05-15 05:26:00+00:00,23829.9,23830.25,23820.25,23825.35,0
2026-05-15 05:27:00+00:00,23824.7,23830.8,23824.7,23827.1,0
2026-05-15 05:28:00+00:00,23827.4,23829.5,23825.65,23826.3,0
2026-05-15 05:29:00+00:00,23826.6,23833.5,23826.6,23829.55,0
2026-05-15 05:30:00+00:00,23829.25,23830.75,23825.15,23825.25,0
2026-05-15 05:31:00+00:00,23825.0,23826.0,23814.35,23815.25,0
2026-05-15 05:32:00+00:00,23814.55,23815.5,23799.95,23800.65,0
2026-05-15 05:33:00+00:00,23800.7,23800.7,23792.3,23796.3,0
2026-05-15 05:34:00+00:00,23796.2,23798.8,23780.75,23782.35,0
2026-05-15 05:35:00+00:00,23782.0,23784.45,23768.95,23768.95,0
2026-05-15 05:36:00+00:00,23768.45,23769.25,23755.05,23756.5,0
2026-05-15 05:37:00+00:00,23756.9,23758.9,23749.85,23750.6,0
2026-05-15 05:38:00+00:00,23750.55,23752.95,23741.8,23746.15,0
2026-05-15 05:39:00+00:00,23746.45,23751.5,23742.2,23742.8,0
2026-05-15 05:40:00+00:00,23743.05,23744.15,23732.25,23741.9,0
2026-05-15 05:41:00+00:00,23741.9,23757.2,23741.75,23752.85,0
2026-05-15 05:42:00+00:00,23751.5,23754.0,23745.45,23751.7,0
2026-05-15 05:43:00+00:00,23751.65,23755.4,23745.1,23745.55,0
2026-05-15 05:44:00+00:00,23745.5,23748.45,23741.65,23743.55,0
2026-05-15 05:45:00+00:00,23743.55,23743.55,23733.3,23734.2,0
2026-05-15 05:46:00+00:00,23734.35,23743.75,23734.35,23737.95,0
2026-05-15 05:47:00+00:00,23738.2,23738.3,23713.55,23721.05,0
2026-05-15 05:48:00+00:00,23720.5,23739.8,23720.0,23739.6,0
2026-05-15 05:49:00+00:00,23739.8,23751.7,23739.8,23742.65,0
2026-05-15 05:50:00+00:00,23742.75,23744.5,23734.35,23742.35,0
2026-05-15 05:51:00+00:00,23743.05,23747.65,23739.15,23742.4,0
2026-05-15 05:52:00+00:00,23742.65,23745.1,23725.3,23727.25,0
2026-05-15 05:53:00+00:00,23727.5,23738.8,23727.5,23736.0,0
2026-05-15 05:54:00+00:00,23736.2,23737.2,23725.25,23726.35,0
2026-05-15 05:55:00+00:00,23727.35,23732.1,23726.95,23730.1,0
2026-05-15 05:56:00+00:00,23729.95,23732.85,23726.55,23727.7,0
2026-05-15 05:57:00+00:00,23727.4,23727.95,23718.5,23720.3,0
2026-05-15 05:58:00+00:00,23720.2,23723.6,23714.8,23721.75,0
2026-05-15 05:59:00+00:00,23722.2,23723.8,23712.4,23712.7,0
2026-05-15 06:00:00+00:00,23711.4,23711.6,23698.25,23701.25,0
2026-05-15 06:01:00+00:00,23700.7,23704.3,23677.65,23697.85,0
2026-05-15 06:02:00+00:00,23697.45,23703.55,23696.15,23698.85,0
2026-05-15 06:03:00+00:00,23698.8,23717.6,23698.3,23715.95,0
2026-05-15 06:04:00+00:00,23716.85,23720.1,23713.3,23716.85,0
2026-05-15 06:05:00+00:00,23717.6,23721.65,23712.25,23716.75,0
2026-05-15 06:06:00+00:00,23716.1,23716.2,23704.95,23706.55,0
2026-05-15 06:07:00+00:00,23706.5,23719.45,23705.55,23716.95,0
2026-05-15 06:08:00+00:00,23717.05,23723.7,23715.9,23722.6,0
2026-05-15 06:09:00+00:00,23722.6,23728.3,23721.45,23727.0,0
2026-05-15 06:10:00+00:00,23727.25,23730.45,23723.55,23726.35,0
2026-05-15 06:11:00+00:00,23726.05,23727.15,23716.95,23717.65,0
2026-05-15 06:12:00+00:00,23717.5,23720.4,23712.55,23714.4,0
2026-05-15 06:13:00+00:00,23714.4,23717.45,23711.8,23715.8,0
2026-05-15 06:14:00+00:00,23716.05,23722.9,23714.7,23721.75,0
2026-05-15 06:15:00+00:00,23721.55,23727.1,23717.2,23718.4,0
2026-05-15 06:16:00+00:00,23718.8,23727.9,23718.25,23722.85,0
2026-05-15 06:17:00+00:00,23722.6,23725.65,23720.8,23722.9,0
2026-05-15 06:18:00+00:00,23723.05,23732.55,23723.05,23727.8,0
2026-05-15 06:19:00+00:00,23726.85,23734.45,23725.65,23726.2,0
2026-05-15 06:20:00+00:00,23725.75,23727.2,23720.15,23722.1,0
2026-05-15 06:21:00+00:00,23722.9,23734.2,23721.15,23733.7,0
2026-05-15 06:22:00+00:00,23734.65,23735.0,23728.95,23730.85,0
2026-05-15 06:23:00+00:00,23731.0,23734.25,23730.05,23733.65,0
2026-05-15 06:24:00+00:00,23733.75,23735.3,23718.8,23720.95,0
2026-05-15 06:25:00+00:00,23720.9,23722.45,23713.4,23715.8,0
2026-05-15 06:26:00+00:00,23715.7,23720.1,23713.95,23718.35,0
2026-05-15 06:27:00+00:00,23718.05,23720.4,23715.8,23717.4,0
2026-05-15 06:28:00+00:00,23717.65,23724.55,23716.25,23719.9,0
2026-05-15 06:29:00+00:00,23720.5,23727.4,23718.45,23725.55,0
2026-05-15 06:30:00+00:00,23725.9,23728.8,23718.75,23728.8,0
2026-05-15 06:31:00+00:00,23727.85,23735.95,23727.85,23733.65,0
2026-05-15 06:32:00+00:00,23733.05,23747.0,23733.05,23746.75,0
2026-05-15 06:33:00+00:00,23746.8,23750.5,23745.6,23747.65,0
2026-05-15 06:34:00+00:00,23747.7,23755.85,23747.7,23754.05,0
2026-05-15 06:35:00+00:00,23754.15,23759.35,23753.8,23757.5,0
2026-05-15 06:36:00+00:00,23757.75,23767.1,23757.5,23765.25,0
2026-05-15 06:37:00+00:00,23765.1,23767.75,23762.6,23766.95,0
2026-05-15 06:38:00+00:00,23767.05,23769.6,23759.5,23760.35,0
2026-05-15 06:39:00+00:00,23760.05,23762.05,23752.25,23755.25,0
2026-05-15 06:40:00+00:00,23755.25,23759.85,23751.1,23758.5,0
2026-05-15 06:41:00+00:00,23758.45,23763.4,23758.45,23762.75,0
2026-05-15 06:42:00+00:00,23762.75,23765.6,23758.15,23758.35,0
2026-05-15 06:43:00+00:00,23758.8,23760.15,23750.5,23752.55,0
2026-05-15 06:44:00+00:00,23752.15,23754.35,23747.3,23751.15,0
2026-05-15 06:45:00+00:00,23751.0,23754.05,23747.8,23752.5,0
2026-05-15 06:46:00+00:00,23752.85,23755.3,23746.55,23747.4,0
2026-05-15 06:47:00+00:00,23747.4,23749.5,23742.1,23745.95,0
2026-05-15 06:48:00+00:00,23745.9,23748.0,23735.5,23737.65,0
2026-05-15 06:49:00+00:00,23736.8,23743.8,23731.15,23740.05,0
2026-05-15 06:50:00+00:00,23740.25,23741.7,23731.1,23731.1,0
2026-05-15 06:51:00+00:00,23731.5,23734.55,23727.85,23728.2,0
2026-05-15 06:52:00+00:00,23728.4,23731.9,23720.7,23722.05,0
2026-05-15 06:53:00+00:00,23721.45,23731.25,23721.45,23728.9,0
2026-05-15 06:54:00+00:00,23729.4,23731.8,23724.95,23725.5,0
2026-05-15 06:55:00+00:00,23725.45,23730.6,23724.65,23728.05,0
2026-05-15 06:56:00+00:00,23727.95,23740.8,23727.15,23740.1,0
2026-05-15 06:57:00+00:00,23741.0,23743.2,23736.1,23736.8,0
2026-05-15 06:58:00+00:00,23736.35,23738.25,23723.75,23725.6,0
2026-05-15 06:59:00+00:00,23725.3,23726.35,23718.7,23720.5,0
2026-05-15 07:00:00+00:00,23720.7,23722.3,23718.35,23719.6,0
2026-05-15 07:01:00+00:00,23719.6,23721.55,23715.55,23718.75,0
2026-05-15 07:02:00+00:00,23718.65,23725.7,23718.65,23725.5,0
2026-05-15 07:03:00+00:00,23725.7,23735.05,23725.7,23733.2,0
2026-05-15 07:04:00+00:00,23733.6,23736.45,23728.45,23736.35,0
2026-05-15 07:05:00+00:00,23736.45,23742.9,23734.1,23742.25,0
2026-05-15 07:06:00+00:00,23742.3,23746.15,23740.1,23741.6,0
2026-05-15 07:07:00+00:00,23741.45,23745.7,23740.15,23744.75,0
2026-05-15 07:08:00+00:00,23744.45,23744.95,23738.55,23743.7,0
2026-05-15 07:09:00+00:00,23743.9,23747.8,23740.55,23744.3,0
2026-05-15 07:10:00+00:00,23743.8,23756.65,23743.8,23755.8,0
2026-05-15 07:11:00+00:00,23755.4,23759.95,23752.95,23757.0,0
2026-05-15 07:12:00+00:00,23756.8,23758.95,23752.65,23755.9,0
2026-05-15 07:13:00+00:00,23755.5,23761.95,23755.5,23761.55,0
2026-05-15 07:14:00+00:00,23760.8,23769.7,23760.8,23767.5,0
2026-05-15 07:15:00+00:00,23768.65,23777.85,23766.05,23766.5,0
2026-05-15 07:16:00+00:00,23766.9,23772.0,23766.9,23769.05,0
2026-05-15 07:17:00+00:00,23769.0,23777.5,23769.0,23775.3,0
2026-05-15 07:18:00+00:00,23775.55,23784.85,23774.15,23784.85,0
2026-05-15 07:19:00+00:00,23784.8,23786.95,23779.9,23783.6,0
2026-05-15 07:20:00+00:00,23783.85,23794.1,23783.1,23793.4,0
2026-05-15 07:21:00+00:00,23792.6,23797.5,23789.25,23789.8,0
2026-05-15 07:22:00+00:00,23789.95,23791.5,23780.2,23780.75,0
2026-05-15 07:23:00+00:00,23781.1,23788.65,23781.1,23785.8,0
2026-05-15 07:24:00+00:00,23785.85,23787.8,23777.6,23782.35,0
2026-05-15 07:25:00+00:00,23782.3,23790.05,23782.3,23787.3,0
2026-05-15 07:26:00+00:00,23787.1,23789.1,23778.05,23778.8,0
2026-05-15 07:27:00+00:00,23778.55,23783.9,23778.25,23781.95,0
2026-05-15 07:28:00+00:00,23781.75,23783.5,23774.65,23777.0,0
2026-05-15 07:29:00+00:00,23777.15,23784.75,23777.15,23784.65,0
2026-05-15 07:30:00+00:00,23784.6,23787.35,23777.3,23777.8,0
2026-05-15 07:31:00+00:00,23777.8,23782.9,23776.6,23777.85,0
2026-05-15 07:32:00+00:00,23777.9,23781.3,23776.55,23779.9,0
2026-05-15 07:33:00+00:00,23779.9,23784.1,23774.75,23775.7,0
2026-05-15 07:34:00+00:00,23776.0,23777.05,23773.15,23775.45,0
2026-05-15 07:35:00+00:00,23775.65,23783.25,23775.65,23780.9,0
2026-05-15 07:36:00+00:00,23781.25,23784.4,23779.15,23780.35,0
2026-05-15 07:37:00+00:00,23780.15,23781.7,23776.55,23777.0,0
2026-05-15 07:38:00+00:00,23776.45,23779.45,23766.65,23776.1,0
2026-05-15 07:39:00+00:00,23775.45,23776.55,23770.85,23775.4,0
2026-05-15 07:40:00+00:00,23775.15,23781.05,23775.1,23780.6,0
2026-05-15 07:41:00+00:00,23780.75,23786.2,23776.75,23780.5,0
2026-05-15 07:42:00+00:00,23780.4,23781.1,23775.65,23776.55,0
2026-05-15 07:43:00+00:00,23776.5,23784.6,23775.25,23784.3,0
2026-05-15 07:44:00+00:00,23784.2,23786.05,23775.35,23780.65,0
2026-05-15 07:45:00+00:00,23780.95,23781.2,23774.95,23775.35,0
2026-05-15 07:46:00+00:00,23774.9,23778.65,23772.15,23773.7,0
2026-05-15 07:47:00+00:00,23773.55,23775.85,23771.6,23772.85,0
2026-05-15 07:48:00+00:00,23772.4,23776.3,23770.45,23773.0,0
2026-05-15 07:49:00+00:00,23773.35,23785.85,23773.35,23785.85,0
2026-05-15 07:50:00+00:00,23785.9,23787.8,23777.7,23778.25,0
2026-05-15 07:51:00+00:00,23779.45,23781.8,23774.05,23777.2,0
2026-05-15 07:52:00+00:00,23777.2,23782.85,23775.4,23778.1,0
2026-05-15 07:53:00+00:00,23777.9,23783.55,23777.9,23780.0,0
2026-05-15 07:54:00+00:00,23780.45,23783.25,23775.25,23776.05,0
2026-05-15 07:55:00+00:00,23777.0,23779.0,23773.0,23774.0,0
2026-05-15 07:56:00+00:00,23773.5,23774.55,23766.45,23766.45,0
2026-05-15 07:57:00+00:00,23766.6,23777.85,23765.7,23774.4,0
2026-05-15 07:58:00+00:00,23774.25,23785.2,23774.25,23776.25,0
2026-05-15 07:59:00+00:00,23775.95,23778.1,23771.85,23776.1,0
2026-05-15 08:00:00+00:00,23776.05,23779.6,23762.85,23762.85,0
2026-05-15 08:01:00+00:00,23762.9,23772.3,23761.85,23767.25,0
2026-05-15 08:02:00+00:00,23767.2,23769.0,23764.6,23765.35,0
2026-05-15 08:03:00+00:00,23765.75,23766.45,23758.5,23762.0,0
2026-05-15 08:04:00+00:00,23762.15,23768.95,23758.9,23761.55,0
2026-05-15 08:05:00+00:00,23761.7,23768.65,23755.2,23767.45,0
2026-05-15 08:06:00+00:00,23768.05,23770.8,23757.9,23758.15,0
2026-05-15 08:07:00+00:00,23758.3,23760.3,23747.7,23750.65,0
2026-05-15 08:08:00+00:00,23751.05,23753.2,23739.0,23739.7,0
2026-05-15 08:09:00+00:00,23739.7,23741.9,23737.0,23739.7,0
2026-05-15 08:10:00+00:00,23740.0,23742.65,23728.0,23732.95,0
2026-05-15 08:11:00+00:00,23732.9,23741.5,23731.7,23737.7,0
2026-05-15 08:12:00+00:00,23738.1,23739.55,23728.05,23735.65,0
2026-05-15 08:13:00+00:00,23735.3,23739.0,23733.95,23737.35,0
2026-05-15 08:14:00+00:00,23736.9,23739.6,23732.0,23739.2,0
2026-05-15 08:15:00+00:00,23738.8,23749.4,23738.8,23746.55,0
2026-05-15 08:16:00+00:00,23746.35,23750.65,23735.95,23736.75,0
2026-05-15 08:17:00+00:00,23737.05,23737.05,23714.4,23714.4,0
2026-05-15 08:18:00+00:00,23714.7,23715.85,23704.7,23705.6,0
2026-05-15 08:19:00+00:00,23705.8,23711.6,23702.3,23711.0,0
2026-05-15 08:20:00+00:00,23711.5,23711.5,23701.75,23702.55,0
2026-05-15 08:21:00+00:00,23703.1,23707.55,23699.55,23707.0,0
2026-05-15 08:22:00+00:00,23707.0,23714.7,23706.2,23714.65,0
2026-05-15 08:23:00+00:00,23715.15,23733.85,23715.15,23730.55,0
2026-05-15 08:24:00+00:00,23729.75,23732.35,23727.9,23728.7,0
2026-05-15 08:25:00+00:00,23728.45,23734.75,23726.8,23727.8,0
2026-05-15 08:26:00+00:00,23727.35,23729.15,23719.9,23720.05,0
2026-05-15 08:27:00+00:00,23719.85,23720.65,23707.95,23709.7,0
2026-05-15 08:28:00+00:00,23709.45,23715.15,23705.25,23715.1,0
2026-05-15 08:29:00+00:00,23715.25,23718.15,23711.2,23713.55,0
2026-05-15 08:30:00+00:00,23712.95,23714.65,23706.1,23710.0,0
2026-05-15 08:31:00+00:00,23710.05,23714.5,23709.4,23711.8,0
2026-05-15 08:32:00+00:00,23711.7,23712.95,23708.1,23711.05,0
2026-05-15 08:33:00+00:00,23710.85,23712.0,23699.3,23701.4,0
2026-05-15 08:34:00+00:00,23701.05,23703.45,23694.45,23694.95,0
2026-05-15 08:35:00+00:00,23694.4,23704.25,23693.7,23699.8,0
2026-05-15 08:36:00+00:00,23700.15,23706.75,23695.95,23704.15,0
2026-05-15 08:37:00+00:00,23704.3,23706.6,23700.3,23703.55,0
2026-05-15 08:38:00+00:00,23703.75,23709.7,23703.75,23708.85,0
2026-05-15 08:39:00+00:00,23707.9,23715.0,23702.9,23713.8,0
2026-05-15 08:40:00+00:00,23713.55,23716.35,23712.2,23715.95,0
2026-05-15 08:41:00+00:00,23716.85,23722.2,23714.7,23715.5,0
2026-05-15 08:42:00+00:00,23716.3,23717.45,23704.45,23711.25,0
2026-05-15 08:43:00+00:00,23711.25,23720.65,23711.25,23718.35,0
2026-05-15 08:44:00+00:00,23718.75,23722.35,23715.35,23722.35,0
2026-05-15 08:45:00+00:00,23722.3,23726.65,23720.4,23722.7,0
2026-05-15 08:46:00+00:00,23722.15,23723.9,23709.35,23710.55,0
2026-05-15 08:47:00+00:00,23709.55,23713.7,23704.7,23710.7,0
2026-05-15 08:48:00+00:00,23711.1,23715.4,23709.95,23713.3,0
2026-05-15 08:49:00+00:00,23713.4,23718.15,23713.15,23718.1,0
2026-05-15 08:50:00+00:00,23717.2,23720.2,23712.25,23713.9,0
2026-05-15 08:51:00+00:00,23713.8,23715.9,23712.25,23713.15,0
2026-05-15 08:52:00+00:00,23712.95,23714.35,23704.8,23707.35,0
2026-05-15 08:53:00+00:00,23707.7,23708.75,23701.6,23702.8,0
2026-05-15 08:54:00+00:00,23702.1,23712.95,23702.1,23706.75,0
2026-05-15 08:55:00+00:00,23707.1,23708.5,23698.05,23700.8,0
2026-05-15 08:56:00+00:00,23700.3,23702.65,23693.55,23693.7,0
2026-05-15 08:57:00+00:00,23693.9,23697.5,23688.8,23692.0,0
2026-05-15 08:58:00+00:00,23692.15,23694.65,23689.6,23689.85,0
2026-05-15 08:59:00+00:00,23691.05,23695.7,23685.3,23695.7,0
2026-05-15 09:00:00+00:00,23696.95,23699.85,23692.6,23697.45,0
2026-05-15 09:01:00+00:00,23697.25,23699.35,23693.35,23693.8,0
2026-05-15 09:02:00+00:00,23693.4,23693.9,23680.2,23680.2,0
2026-05-15 09:03:00+00:00,23680.8,23682.7,23676.6,23679.8,0
2026-05-15 09:04:00+00:00,23680.15,23702.95,23680.15,23695.05,0
2026-05-15 09:05:00+00:00,23695.6,23700.5,23691.3,23692.0,0
2026-05-15 09:06:00+00:00,23692.05,23703.2,23688.85,23701.1,0
2026-05-15 09:07:00+00:00,23701.7,23701.7,23690.25,23693.9,0
2026-05-15 09:08:00+00:00,23693.8,23695.0,23690.0,23693.25,0
2026-05-15 09:09:00+00:00,23692.15,23694.45,23685.1,23692.55,0
2026-05-15 09:10:00+00:00,23693.1,23697.65,23690.3,23695.45,0
2026-05-15 09:11:00+00:00,23695.65,23705.3,23693.8,23702.7,0
2026-05-15 09:12:00+00:00,23702.4,23703.15,23693.6,23697.1,0
2026-05-15 09:13:00+00:00,23697.1,23699.7,23693.8,23695.9,0
2026-05-15 09:14:00+00:00,23695.85,23696.95,23689.65,23690.75,0
2026-05-15 09:15:00+00:00,23690.6,23692.25,23675.95,23676.05,0
2026-05-15 09:16:00+00:00,23676.3,23677.0,23661.6,23663.55,0
2026-05-15 09:17:00+00:00,23662.8,23664.75,23652.05,23655.9,0
2026-05-15 09:18:00+00:00,23657.1,23658.8,23643.75,23647.2,0
2026-05-15 09:19:00+00:00,23646.85,23648.4,23625.5,23625.95,0
2026-05-15 09:20:00+00:00,23626.05,23630.75,23610.3,23625.55,0
2026-05-15 09:21:00+00:00,23625.4,23633.3,23616.2,23628.7,0
2026-05-15 09:22:00+00:00,23628.6,23629.0,23618.05,23625.8,0
2026-05-15 09:23:00+00:00,23625.5,23632.3,23619.45,23620.45,0
2026-05-15 09:24:00+00:00,23620.65,23622.05,23611.0,23618.7,0
2026-05-15 09:25:00+00:00,23618.8,23622.9,23611.5,23619.45,0
2026-05-15 09:26:00+00:00,23620.25,23620.8,23612.9,23614.8,0
2026-05-15 09:27:00+00:00,23614.1,23621.6,23614.1,23618.4,0
2026-05-15 09:28:00+00:00,23617.4,23627.85,23612.85,23627.65,0
2026-05-15 09:29:00+00:00,23627.4,23658.15,23627.4,23646.1,0
2026-05-15 09:30:00+00:00,23643.85,23646.15,23633.8,23641.0,0
2026-05-15 09:31:00+00:00,23640.45,23654.85,23640.45,23645.9,0
2026-05-15 09:32:00+00:00,23645.8,23667.3,23645.45,23664.95,0
2026-05-15 09:33:00+00:00,23664.0,23672.85,23664.0,23666.75,0
2026-05-15 09:34:00+00:00,23667.05,23674.75,23662.4,23674.2,0
2026-05-15 09:35:00+00:00,23675.25,23678.35,23667.45,23669.35,0
2026-05-15 09:36:00+00:00,23669.3,23672.15,23661.55,23663.95,0
2026-05-15 09:37:00+00:00,23663.95,23667.2,23652.95,23653.5,0
2026-05-15 09:38:00+00:00,23652.9,23655.6,23646.15,23649.9,0
2026-05-15 09:39:00+00:00,23650.35,23652.05,23644.0,23647.85,0
2026-05-15 09:40:00+00:00,23647.2,23653.2,23646.55,23650.85,0
2026-05-15 09:41:00+00:00,23649.65,23650.15,23643.1,23644.55,0
2026-05-15 09:42:00+00:00,23643.95,23649.05,23640.1,23645.75,0
2026-05-15 09:43:00+00:00,23644.95,23648.9,23642.05,23642.8,0
2026-05-15 09:44:00+00:00,23642.9,23646.05,23640.35,23644.1,0
2026-05-15 09:45:00+00:00,23643.6,23645.85,23619.25,23619.75,0
2026-05-15 09:46:00+00:00,23620.7,23627.15,23616.5,23624.05,0
2026-05-15 09:47:00+00:00,23625.45,23629.05,23622.15,23626.5,0
2026-05-15 09:48:00+00:00,23628.75,23636.85,23626.7,23635.0,0
2026-05-15 09:49:00+00:00,23635.0,23640.3,23632.0,23637.15,0
2026-05-15 09:50:00+00:00,23638.65,23645.65,23637.5,23644.25,0
2026-05-15 09:51:00+00:00,23644.95,23646.85,23635.8,23636.85,0
2026-05-15 09:52:00+00:00,23637.15,23638.4,23626.0,23635.0,0
2026-05-15 09:53:00+00:00,23635.15,23636.15,23630.4,23632.25,0
2026-05-15 09:54:00+00:00,23632.9,23636.45,23629.4,23632.85,0
2026-05-15 09:55:00+00:00,23633.45,23636.5,23625.3,23627.95,0
2026-05-15 09:56:00+00:00,23630.0,23646.15,23628.75,23644.15,0
2026-05-15 09:57:00+00:00,23643.05,23649.0,23642.6,23646.6,0
2026-05-15 09:58:00+00:00,23645.65,23656.05,23642.45,23650.5,0
2026-05-15 09:59:00+00:00,23650.1,23660.75,23645.8,23659.35,0
2026-05-18 03:45:00+00:00,23482.2,23494.6,23400.95,23404.85,0
2026-05-18 03:46:00+00:00,23403.0,23407.25,23375.6,23391.35,0
2026-05-18 03:47:00+00:00,23391.2,23391.2,23371.8,23384.7,0
2026-05-18 03:48:00+00:00,23383.85,23400.9,23383.25,23397.95,0
2026-05-18 03:49:00+00:00,23398.55,23408.85,23389.75,23400.5,0
2026-05-18 03:50:00+00:00,23399.5,23405.6,23383.35,23396.5,0
2026-05-18 03:51:00+00:00,23396.85,23412.5,23393.35,23401.65,0
2026-05-18 03:52:00+00:00,23400.95,23406.8,23387.0,23388.15,0
2026-05-18 03:53:00+00:00,23389.15,23413.35,23387.9,23408.5,0
2026-05-18 03:54:00+00:00,23408.8,23411.05,23399.65,23401.5,0
2026-05-18 03:55:00+00:00,23402.4,23405.45,23396.1,23399.8,0
2026-05-18 03:56:00+00:00,23400.65,23401.95,23382.7,23390.95,0
2026-05-18 03:57:00+00:00,23391.35,23398.15,23385.65,23388.05,0
2026-05-18 03:58:00+00:00,23388.9,23389.0,23375.45,23375.9,0
2026-05-18 03:59:00+00:00,23376.0,23378.0,23363.05,23373.1,0
2026-05-18 04:00:00+00:00,23373.15,23382.7,23370.3,23376.4,0
2026-05-18 04:01:00+00:00,23375.95,23378.6,23361.6,23363.4,0
2026-05-18 04:02:00+00:00,23362.85,23378.15,23359.65,23377.45,0
2026-05-18 04:03:00+00:00,23377.45,23394.95,23376.1,23385.45,0
2026-05-18 04:04:00+00:00,23384.95,23390.5,23376.6,23388.2,0
2026-05-18 04:05:00+00:00,23387.9,23394.8,23377.55,23378.95,0
2026-05-18 04:06:00+00:00,23378.4,23388.8,23367.55,23387.2,0
2026-05-18 04:07:00+00:00,23387.15,23388.1,23367.35,23367.35,0
2026-05-18 04:08:00+00:00,23368.45,23369.55,23355.4,23356.55,0
2026-05-18 04:09:00+00:00,23356.1,23359.25,23347.35,23358.4,0
2026-05-18 04:10:00+00:00,23358.5,23365.55,23356.65,23363.75,0
2026-05-18 04:11:00+00:00,23363.85,23365.05,23353.65,23353.8,0
2026-05-18 04:12:00+00:00,23353.35,23376.6,23349.7,23374.3,0
2026-05-18 04:13:00+00:00,23373.5,23380.3,23369.65,23377.8,0
2026-05-18 04:14:00+00:00,23378.65,23383.5,23369.3,23371.05,0
2026-05-18 04:15:00+00:00,23370.75,23371.6,23358.2,23367.4,0
2026-05-18 04:16:00+00:00,23367.15,23372.2,23364.05,23365.9,0
2026-05-18 04:17:00+00:00,23365.75,23367.35,23354.35,23356.55,0
2026-05-18 04:18:00+00:00,23356.2,23356.2,23343.05,23347.5,0
2026-05-18 04:19:00+00:00,23348.05,23349.9,23341.25,23342.4,0
2026-05-18 04:20:00+00:00,23342.6,23345.1,23331.8,23334.05,0
2026-05-18 04:21:00+00:00,23333.9,23342.45,23330.2,23339.45,0
2026-05-18 04:22:00+00:00,23339.3,23342.9,23333.5,23333.5,0
2026-05-18 04:23:00+00:00,23332.75,23333.55,23324.55,23325.0,0
2026-05-18 04:24:00+00:00,23324.8,23327.1,23322.3,23325.05,0
2026-05-18 04:25:00+00:00,23325.35,23331.35,23318.85,23331.35,0
2026-05-18 04:26:00+00:00,23330.75,23334.7,23327.6,23328.4,0
2026-05-18 04:27:00+00:00,23328.35,23329.45,23317.1,23319.35,0
2026-05-18 04:28:00+00:00,23319.9,23326.45,23318.1,23322.5,0
2026-05-18 04:29:00+00:00,23322.95,23342.05,23322.8,23341.15,0
2026-05-18 04:30:00+00:00,23340.8,23349.3,23339.5,23343.75,0
2026-05-18 04:31:00+00:00,23343.8,23349.05,23341.15,23346.8,0
2026-05-18 04:32:00+00:00,23347.9,23360.0,23342.0,23360.0,0
2026-05-18 04:33:00+00:00,23360.35,23364.05,23356.75,23357.6,0
2026-05-18 04:34:00+00:00,23357.25,23362.75,23355.05,23361.05,0
2026-05-18 04:35:00+00:00,23361.1,23366.5,23356.4,23361.4,0
2026-05-18 04:36:00+00:00,23361.65,23362.55,23356.55,23360.0,0
2026-05-18 04:37:00+00:00,23359.8,23360.45,23344.05,23344.1,0
2026-05-18 04:38:00+00:00,23344.05,23349.05,23340.3,23348.85,0
2026-05-18 04:39:00+00:00,23348.2,23357.1,23346.85,23350.9,0
2026-05-18 04:40:00+00:00,23350.75,23359.9,23348.7,23356.15,0
2026-05-18 04:41:00+00:00,23356.15,23362.55,23350.3,23358.65,0
2026-05-18 04:42:00+00:00,23357.8,23366.4,23352.2,23352.85,0
2026-05-18 04:43:00+00:00,23352.45,23361.9,23349.65,23360.0,0
2026-05-18 04:44:00+00:00,23360.1,23362.9,23357.9,23362.4,0
2026-05-18 04:45:00+00:00,23362.3,23363.75,23353.9,23357.25,0
2026-05-18 04:46:00+00:00,23357.2,23376.0,23356.85,23375.45,0
2026-05-18 04:47:00+00:00,23375.15,23383.9,23375.15,23382.85,0
2026-05-18 04:48:00+00:00,23382.65,23386.55,23379.8,23385.9,0
2026-05-18 04:49:00+00:00,23385.7,23389.45,23384.0,23384.9,0
2026-05-18 04:50:00+00:00,23385.0,23389.05,23382.65,23383.3,0
2026-05-18 04:51:00+00:00,23383.2,23388.1,23382.35,23385.1,0
2026-05-18 04:52:00+00:00,23384.1,23384.6,23375.15,23376.4,0
2026-05-18 04:53:00+00:00,23375.85,23384.4,23373.5,23384.2,0
2026-05-18 04:54:00+00:00,23383.85,23385.3,23378.7,23381.9,0
2026-05-18 04:55:00+00:00,23382.2,23385.95,23380.95,23383.8,0
2026-05-18 04:56:00+00:00,23383.95,23385.2,23379.4,23383.95,0
2026-05-18 04:57:00+00:00,23384.55,23385.75,23380.25,23382.45,0
2026-05-18 04:58:00+00:00,23382.15,23382.15,23375.5,23379.55,0
2026-05-18 04:59:00+00:00,23379.8,23385.05,23379.8,23379.85,0
2026-05-18 05:00:00+00:00,23379.75,23382.65,23371.5,23372.65,0
2026-05-18 05:01:00+00:00,23372.6,23372.6,23358.7,23358.9,0
2026-05-18 05:02:00+00:00,23359.0,23362.45,23355.55,23360.1,0
2026-05-18 05:03:00+00:00,23360.25,23376.35,23355.55,23376.1,0
2026-05-18 05:04:00+00:00,23376.05,23414.4,23375.95,23413.65,0
2026-05-18 05:05:00+00:00,23414.05,23422.5,23412.55,23417.9,0
2026-05-18 05:06:00+00:00,23418.0,23432.1,23415.7,23431.65,0
2026-05-18 05:07:00+00:00,23431.55,23438.3,23428.15,23438.3,0
2026-05-18 05:08:00+00:00,23438.0,23439.7,23431.35,23431.4,0
2026-05-18 05:09:00+00:00,23432.25,23433.2,23424.6,23429.0,0
2026-05-18 05:10:00+00:00,23429.0,23431.85,23421.3,23429.35,0
2026-05-18 05:11:00+00:00,23430.3,23433.5,23426.2,23427.55,0
2026-05-18 05:12:00+00:00,23427.25,23427.8,23421.85,23426.1,0
2026-05-18 05:13:00+00:00,23426.25,23427.7,23406.8,23407.25,0
2026-05-18 05:14:00+00:00,23405.85,23417.9,23403.95,23417.2,0
2026-05-18 05:15:00+00:00,23417.8,23418.1,23411.95,23413.95,0
2026-05-18 05:16:00+00:00,23413.9,23414.9,23404.3,23405.45,0
2026-05-18 05:17:00+00:00,23405.45,23407.1,23395.15,23395.25,0
2026-05-18 05:18:00+00:00,23394.75,23406.95,23389.6,23406.05,0
2026-05-18 05:19:00+00:00,23406.2,23417.6,23404.95,23408.65,0
2026-05-18 05:20:00+00:00,23408.15,23418.7,23408.15,23418.7,0
2026-05-18 05:21:00+00:00,23418.95,23430.9,23418.55,23425.8,0
2026-05-18 05:22:00+00:00,23425.6,23441.4,23423.65,23440.85,0
2026-05-18 05:23:00+00:00,23441.15,23442.45,23434.5,23436.65,0
2026-05-18 05:24:00+00:00,23436.25,23445.3,23433.75,23443.7,0
2026-05-18 05:25:00+00:00,23443.55,23451.7,23442.7,23450.8,0
2026-05-18 05:26:00+00:00,23451.0,23460.65,23450.05,23458.3,0
2026-05-18 05:27:00+00:00,23457.65,23460.55,23453.05,23453.05,0
2026-05-18 05:28:00+00:00,23452.85,23461.65,23450.8,23460.1,0
2026-05-18 05:29:00+00:00,23460.05,23465.95,23459.0,23465.1,0
2026-05-18 05:30:00+00:00,23464.9,23469.35,23461.85,23461.85,0
2026-05-18 05:31:00+00:00,23461.85,23462.35,23452.6,23458.9,0
2026-05-18 05:32:00+00:00,23458.75,23471.45,23458.75,23461.45,0
2026-05-18 05:33:00+00:00,23461.15,23462.85,23457.8,23461.7,0
2026-05-18 05:34:00+00:00,23461.5,23463.05,23454.9,23455.25,0
2026-05-18 05:35:00+00:00,23455.15,23464.9,23454.75,23462.95,0
2026-05-18 05:36:00+00:00,23463.2,23474.05,23463.2,23467.7,0
2026-05-18 05:37:00+00:00,23468.3,23474.75,23459.4,23459.5,0
2026-05-18 05:38:00+00:00,23459.05,23468.4,23456.1,23466.0,0
2026-05-18 05:39:00+00:00,23467.05,23477.75,23466.55,23476.4,0
2026-05-18 05:40:00+00:00,23477.1,23477.75,23471.75,23474.0,0
2026-05-18 05:41:00+00:00,23474.2,23475.8,23465.2,23465.6,0
2026-05-18 05:42:00+00:00,23465.9,23467.0,23460.6,23461.2,0
2026-05-18 05:43:00+00:00,23460.95,23475.0,23460.9,23474.2,0
2026-05-18 05:44:00+00:00,23474.55,23474.55,23466.0,23470.1,0
2026-05-18 05:45:00+00:00,23470.2,23476.25,23465.85,23475.9,0
2026-05-18 05:46:00+00:00,23474.9,23486.3,23474.85,23483.3,0
2026-05-18 05:47:00+00:00,23483.5,23491.95,23481.9,23484.6,0
2026-05-18 05:48:00+00:00,23483.9,23491.75,23481.05,23484.85,0
2026-05-18 05:49:00+00:00,23483.85,23495.15,23482.45,23494.05,0
2026-05-18 05:50:00+00:00,23494.3,23495.95,23483.3,23486.0,0
2026-05-18 05:51:00+00:00,23485.9,23486.2,23476.05,23478.7,0
2026-05-18 05:52:00+00:00,23478.4,23503.65,23478.4,23503.1,0
2026-05-18 05:53:00+00:00,23503.5,23507.3,23494.4,23495.2,0
2026-05-18 05:54:00+00:00,23494.5,23518.6,23494.1,23516.2,0
2026-05-18 05:55:00+00:00,23516.4,23519.9,23506.05,23510.2,0
2026-05-18 05:56:00+00:00,23509.9,23510.65,23498.15,23498.3,0
2026-05-18 05:57:00+00:00,23498.3,23505.4,23494.2,23501.3,0
2026-05-18 05:58:00+00:00,23501.1,23503.9,23498.35,23499.8,0
2026-05-18 05:59:00+00:00,23499.85,23502.1,23494.3,23495.8,0
2026-05-18 06:00:00+00:00,23495.8,23505.1,23494.4,23505.0,0
2026-05-18 06:01:00+00:00,23505.0,23514.5,23503.1,23514.15,0
2026-05-18 06:02:00+00:00,23514.2,23531.35,23514.2,23529.0,0
2026-05-18 06:03:00+00:00,23528.9,23530.8,23524.6,23530.45,0
2026-05-18 06:04:00+00:00,23530.15,23532.8,23525.55,23528.55,0
2026-05-18 06:05:00+00:00,23529.25,23531.25,23524.55,23529.65,0
2026-05-18 06:06:00+00:00,23529.8,23534.35,23525.95,23533.35,0
2026-05-18 06:07:00+00:00,23534.1,23538.6,23531.1,23537.65,0
2026-05-18 06:08:00+00:00,23537.85,23549.75,23535.5,23547.9,0
2026-05-18 06:09:00+00:00,23548.0,23562.75,23547.55,23560.65,0
2026-05-18 06:10:00+00:00,23560.7,23561.1,23542.25,23543.05,0
2026-05-18 06:11:00+00:00,23543.25,23544.6,23532.85,23532.85,0
2026-05-18 06:12:00+00:00,23533.45,23535.0,23528.15,23533.6,0
2026-05-18 06:13:00+00:00,23533.95,23542.05,23532.15,23532.2,0
2026-05-18 06:14:00+00:00,23532.3,23534.6,23525.15,23534.25,0
2026-05-18 06:15:00+00:00,23534.55,23537.9,23533.4,23536.5,0
2026-05-18 06:16:00+00:00,23537.3,23538.25,23527.55,23527.6,0
2026-05-18 06:17:00+00:00,23528.1,23529.2,23513.65,23514.0,0
2026-05-18 06:18:00+00:00,23513.35,23515.45,23502.8,23504.65,0
2026-05-18 06:19:00+00:00,23504.9,23513.5,23504.4,23512.7,0
2026-05-18 06:20:00+00:00,23512.55,23512.9,23505.85,23506.25,0
2026-05-18 06:21:00+00:00,23505.9,23509.75,23501.9,23504.35,0
2026-05-18 06:22:00+00:00,23504.25,23511.35,23504.25,23507.55,0
2026-05-18 06:23:00+00:00,23507.6,23510.6,23504.5,23504.7,0
2026-05-18 06:24:00+00:00,23504.9,23506.25,23499.3,23499.7,0
2026-05-18 06:25:00+00:00,23500.1,23509.65,23497.5,23498.15,0
2026-05-18 06:26:00+00:00,23498.0,23499.35,23492.45,23498.6,0
2026-05-18 06:27:00+00:00,23498.65,23502.3,23496.75,23497.15,0
2026-05-18 06:28:00+00:00,23497.05,23499.45,23485.9,23486.1,0
2026-05-18 06:29:00+00:00,23486.1,23486.45,23473.7,23474.7,0
2026-05-18 06:30:00+00:00,23474.75,23475.35,23468.35,23469.95,0
2026-05-18 06:31:00+00:00,23470.35,23479.9,23470.35,23479.8,0
2026-05-18 06:32:00+00:00,23479.85,23482.05,23472.85,23476.6,0
2026-05-18 06:33:00+00:00,23476.95,23478.4,23474.25,23478.25,0
2026-05-18 06:34:00+00:00,23478.2,23485.5,23477.9,23477.9,0
2026-05-18 06:35:00+00:00,23477.7,23487.2,23477.7,23483.4,0
2026-05-18 06:36:00+00:00,23483.3,23491.45,23483.15,23488.0,0
2026-05-18 06:37:00+00:00,23488.25,23488.6,23479.4,23486.4,0
2026-05-18 06:38:00+00:00,23485.95,23496.3,23485.95,23495.75,0
2026-05-18 06:39:00+00:00,23495.95,23500.15,23491.6,23492.5,0
2026-05-18 06:40:00+00:00,23492.45,23507.7,23492.0,23507.7,0
2026-05-18 06:41:00+00:00,23508.35,23515.8,23508.35,23512.8,0
2026-05-18 06:42:00+00:00,23514.05,23518.2,23508.95,23516.5,0
2026-05-18 06:43:00+00:00,23516.65,23522.75,23515.15,23515.9,0
2026-05-18 06:44:00+00:00,23515.5,23525.65,23512.65,23524.75,0
2026-05-18 06:45:00+00:00,23524.15,23534.45,23524.15,23529.35,0
2026-05-18 06:46:00+00:00,23529.75,23535.15,23529.0,23529.0,0
2026-05-18 06:47:00+00:00,23528.95,23529.5,23517.95,23521.65,0
2026-05-18 06:48:00+00:00,23521.5,23526.85,23521.1,23522.45,0
2026-05-18 06:49:00+00:00,23522.55,23523.5,23513.15,23520.7,0
2026-05-18 06:50:00+00:00,23521.2,23523.85,23518.7,23519.35,0
2026-05-18 06:51:00+00:00,23519.55,23525.25,23518.45,23521.55,0
2026-05-18 06:52:00+00:00,23521.55,23528.85,23520.9,23525.1,0
2026-05-18 06:53:00+00:00,23524.85,23527.4,23521.25,23523.05,0
2026-05-18 06:54:00+00:00,23523.05,23537.15,23522.05,23535.95,0
2026-05-18 06:55:00+00:00,23536.0,23546.0,23536.0,23546.0,0
2026-05-18 06:56:00+00:00,23546.2,23555.4,23545.55,23553.8,0
2026-05-18 06:57:00+00:00,23554.2,23554.5,23547.65,23552.0,0
2026-05-18 06:58:00+00:00,23551.9,23558.15,23548.3,23552.4,0
2026-05-18 06:59:00+00:00,23552.35,23555.65,23551.0,23553.45,0
2026-05-18 07:00:00+00:00,23553.5,23563.6,23553.5,23563.4,0
2026-05-18 07:01:00+00:00,23563.45,23574.75,23563.45,23570.1,0
2026-05-18 07:02:00+00:00,23570.35,23581.0,23567.8,23578.6,0
2026-05-18 07:03:00+00:00,23578.55,23581.9,23577.7,23579.35,0
2026-05-18 07:04:00+00:00,23579.8,23601.2,23579.7,23593.95,0
2026-05-18 07:05:00+00:00,23593.1,23606.55,23591.7,23601.35,0
2026-05-18 07:06:00+00:00,23601.8,23608.8,23600.9,23604.1,0
2026-05-18 07:07:00+00:00,23604.75,23607.65,23602.45,23603.1,0
2026-05-18 07:08:00+00:00,23602.6,23606.5,23599.25,23606.0,0
2026-05-18 07:09:00+00:00,23605.7,23610.0,23602.75,23604.4,0
2026-05-18 07:10:00+00:00,23604.25,23605.0,23592.2,23597.1,0
2026-05-18 07:11:00+00:00,23597.4,23608.05,23597.0,23598.45,0
2026-05-18 07:12:00+00:00,23598.4,23598.95,23586.85,23586.9,0
2026-05-18 07:13:00+00:00,23586.95,23587.8,23580.15,23581.5,0
2026-05-18 07:14:00+00:00,23581.95,23585.85,23578.75,23584.75,0
2026-05-18 07:15:00+00:00,23585.0,23587.1,23575.55,23575.7,0
2026-05-18 07:16:00+00:00,23576.0,23579.2,23572.65,23578.1,0
2026-05-18 07:17:00+00:00,23578.8,23588.75,23578.5,23588.1,0
2026-05-18 07:18:00+00:00,23588.1,23588.7,23581.2,23584.15,0
2026-05-18 07:19:00+00:00,23584.2,23586.5,23578.7,23578.75,0
2026-05-18 07:20:00+00:00,23579.2,23583.7,23577.0,23580.0,0
2026-05-18 07:21:00+00:00,23580.2,23586.3,23578.4,23584.6,0
2026-05-18 07:22:00+00:00,23585.0,23589.55,23584.8,23587.95,0
2026-05-18 07:23:00+00:00,23588.25,23590.5,23585.05,23589.6,0
2026-05-18 07:24:00+00:00,23590.05,23592.1,23586.5,23589.25,0
2026-05-18 07:25:00+00:00,23589.5,23602.4,23589.05,23601.8,0
2026-05-18 07:26:00+00:00,23601.4,23631.35,23601.4,23618.1,0
2026-05-18 07:27:00+00:00,23617.25,23628.6,23617.25,23627.3,0
2026-05-18 07:28:00+00:00,23626.4,23634.4,23626.4,23629.4,0
2026-05-18 07:29:00+00:00,23630.75,23637.9,23625.3,23636.9,0
2026-05-18 07:30:00+00:00,23637.15,23651.65,23636.85,23640.9,0
2026-05-18 07:31:00+00:00,23641.55,23643.15,23634.5,23635.4,0
2026-05-18 07:32:00+00:00,23635.6,23644.6,23634.7,23644.6,0
2026-05-18 07:33:00+00:00,23644.45,23661.65,23644.45,23656.85,0
2026-05-18 07:34:00+00:00,23656.95,23657.25,23645.55,23646.35,0
2026-05-18 07:35:00+00:00,23645.9,23647.25,23626.8,23627.25,0
2026-05-18 07:36:00+00:00,23627.1,23628.25,23615.75,23616.25,0
2026-05-18 07:37:00+00:00,23616.85,23617.4,23607.95,23608.95,0
2026-05-18 07:38:00+00:00,23608.7,23613.2,23605.25,23609.7,0
2026-05-18 07:39:00+00:00,23609.8,23612.0,23606.15,23610.35,0
2026-05-18 07:40:00+00:00,23610.65,23612.75,23599.7,23600.0,0
2026-05-18 07:41:00+00:00,23599.9,23600.95,23592.25,23600.95,0
2026-05-18 07:42:00+00:00,23600.9,23609.95,23599.95,23607.35,0
2026-05-18 07:43:00+00:00,23607.55,23607.55,23599.55,23605.3,0
2026-05-18 07:44:00+00:00,23605.2,23616.45,23605.2,23615.9,0
2026-05-18 07:45:00+00:00,23615.5,23620.25,23613.9,23617.2,0
2026-05-18 07:46:00+00:00,23617.8,23627.85,23617.6,23622.15,0
2026-05-18 07:47:00+00:00,23621.55,23623.3,23617.9,23619.05,0
2026-05-18 07:48:00+00:00,23618.9,23628.75,23618.35,23626.75,0
2026-05-18 07:49:00+00:00,23626.9,23628.55,23618.25,23620.35,0
2026-05-18 07:50:00+00:00,23620.5,23621.25,23603.55,23604.0,0
2026-05-18 07:51:00+00:00,23604.4,23614.3,23603.4,23607.85,0
2026-05-18 07:52:00+00:00,23608.4,23609.75,23598.2,23598.65,0
2026-05-18 07:53:00+00:00,23598.55,23606.55,23596.45,23605.55,0
2026-05-18 07:54:00+00:00,23605.85,23627.75,23605.65,23627.7,0
2026-05-18 07:55:00+00:00,23628.0,23632.9,23625.25,23627.3,0
2026-05-18 07:56:00+00:00,23627.6,23632.9,23618.35,23631.7,0
2026-05-18 07:57:00+00:00,23631.75,23634.25,23624.6,23624.85,0
2026-05-18 07:58:00+00:00,23625.0,23625.0,23611.0,23611.8,0
2026-05-18 07:59:00+00:00,23612.0,23619.75,23610.1,23618.95,0
2026-05-18 08:00:00+00:00,23618.35,23632.2,23618.3,23631.05,0
2026-05-18 08:01:00+00:00,23630.1,23633.5,23626.95,23627.55,0
2026-05-18 08:02:00+00:00,23627.4,23630.5,23623.3,23626.0,0
2026-05-18 08:03:00+00:00,23625.45,23627.1,23615.55,23615.6,0
2026-05-18 08:04:00+00:00,23615.65,23628.1,23611.8,23621.5,0
2026-05-18 08:05:00+00:00,23622.15,23628.4,23622.15,23626.65,0
2026-05-18 08:06:00+00:00,23626.5,23626.5,23611.75,23612.95,0
2026-05-18 08:07:00+00:00,23613.05,23618.1,23613.05,23615.2,0
2026-05-18 08:08:00+00:00,23615.1,23615.1,23609.2,23612.95,0
2026-05-18 08:09:00+00:00,23613.15,23616.3,23606.2,23607.05,0
2026-05-18 08:10:00+00:00,23607.0,23607.75,23599.15,23606.4,0
2026-05-18 08:11:00+00:00,23606.5,23609.85,23603.55,23608.7,0
2026-05-18 08:12:00+00:00,23609.15,23623.25,23608.65,23622.2,0
2026-05-18 08:13:00+00:00,23622.3,23630.8,23617.65,23619.2,0
2026-05-18 08:14:00+00:00,23618.75,23623.35,23618.75,23622.4,0
2026-05-18 08:15:00+00:00,23622.05,23624.05,23611.1,23611.1,0
2026-05-18 08:16:00+00:00,23611.15,23621.55,23604.05,23620.8,0
2026-05-18 08:17:00+00:00,23620.6,23622.65,23613.6,23616.55,0
2026-05-18 08:18:00+00:00,23616.6,23621.05,23612.5,23618.9,0
2026-05-18 08:19:00+00:00,23618.75,23625.5,23618.75,23624.45,0
2026-05-18 08:20:00+00:00,23625.05,23628.05,23623.1,23627.65,0
2026-05-18 08:21:00+00:00,23627.85,23633.9,23626.4,23633.9,0
2026-05-18 08:22:00+00:00,23634.25,23640.35,23633.0,23640.15,0
2026-05-18 08:23:00+00:00,23640.15,23646.35,23637.4,23640.65,0
2026-05-18 08:24:00+00:00,23640.75,23644.8,23636.35,23642.85,0
2026-05-18 08:25:00+00:00,23642.5,23650.95,23642.5,23650.7,0
2026-05-18 08:26:00+00:00,23651.05,23656.9,23648.85,23655.7,0
2026-05-18 08:27:00+00:00,23656.05,23659.4,23641.5,23641.5,0
2026-05-18 08:28:00+00:00,23641.1,23642.75,23634.05,23642.0,0
2026-05-18 08:29:00+00:00,23641.8,23647.05,23639.35,23640.9,0
2026-05-18 08:30:00+00:00,23641.25,23641.65,23628.5,23629.9,0
2026-05-18 08:31:00+00:00,23629.8,23633.75,23627.4,23630.8,0
2026-05-18 08:32:00+00:00,23631.05,23637.0,23631.05,23636.3,0
2026-05-18 08:33:00+00:00,23636.45,23652.0,23636.45,23647.55,0
2026-05-18 08:34:00+00:00,23647.8,23649.8,23640.65,23641.3,0
2026-05-18 08:35:00+00:00,23642.25,23644.2,23637.45,23637.45,0
2026-05-18 08:36:00+00:00,23637.55,23638.25,23618.6,23618.6,0
2026-05-18 08:37:00+00:00,23618.45,23619.85,23613.95,23617.55,0
2026-05-18 08:38:00+00:00,23617.75,23623.5,23612.65,23613.55,0
2026-05-18 08:39:00+00:00,23613.6,23619.2,23613.35,23615.15,0
2026-05-18 08:40:00+00:00,23615.15,23616.05,23606.7,23608.25,0
2026-05-18 08:41:00+00:00,23608.8,23617.85,23608.1,23617.05,0
2026-05-18 08:42:00+00:00,23616.3,23627.15,23616.3,23627.15,0
2026-05-18 08:43:00+00:00,23627.2,23638.1,23627.0,23630.15,0
2026-05-18 08:44:00+00:00,23630.05,23633.25,23621.15,23624.85,0
2026-05-18 08:45:00+00:00,23624.9,23624.9,23599.0,23609.75,0
2026-05-18 08:46:00+00:00,23609.7,23617.6,23608.5,23608.5,0
2026-05-18 08:47:00+00:00,23609.25,23611.6,23605.0,23608.85,0
2026-05-18 08:48:00+00:00,23608.9,23614.05,23608.9,23612.1,0
2026-05-18 08:49:00+00:00,23612.25,23613.6,23602.95,23612.15,0
2026-05-18 08:50:00+00:00,23612.4,23619.45,23611.65,23616.5,0
2026-05-18 08:51:00+00:00,23616.7,23618.5,23608.65,23609.8,0
2026-05-18 08:52:00+00:00,23609.95,23613.05,23608.85,23611.85,0
2026-05-18 08:53:00+00:00,23611.2,23614.65,23604.7,23607.3,0
2026-05-18 08:54:00+00:00,23607.95,23610.0,23591.05,23591.05,0
2026-05-18 08:55:00+00:00,23590.75,23592.65,23583.85,23586.1,0
2026-05-18 08:56:00+00:00,23586.5,23612.65,23586.5,23611.35,0
2026-05-18 08:57:00+00:00,23611.15,23620.7,23610.6,23613.9,0
2026-05-18 08:58:00+00:00,23614.1,23615.5,23608.15,23611.3,0
2026-05-18 08:59:00+00:00,23613.0,23619.9,23612.1,23614.35,0
2026-05-18 09:00:00+00:00,23613.5,23614.55,23604.4,23605.15,0
2026-05-18 09:01:00+00:00,23605.35,23621.9,23604.2,23619.9,0
2026-05-18 09:02:00+00:00,23619.9,23624.25,23614.05,23614.3,0
2026-05-18 09:03:00+00:00,23614.5,23616.05,23606.95,23609.95,0
2026-05-18 09:04:00+00:00,23609.05,23611.5,23595.9,23597.4,0
2026-05-18 09:05:00+00:00,23597.8,23599.15,23588.35,23591.15,0
2026-05-18 09:06:00+00:00,23591.5,23603.75,23589.85,23602.45,0
2026-05-18 09:07:00+00:00,23602.15,23603.65,23593.95,23595.1,0
2026-05-18 09:08:00+00:00,23595.75,23596.3,23588.9,23591.55,0
2026-05-18 09:09:00+00:00,23591.75,23594.4,23586.05,23587.1,0
2026-05-18 09:10:00+00:00,23586.6,23592.2,23582.0,23590.1,0
2026-05-18 09:11:00+00:00,23590.2,23597.85,23588.7,23594.85,0
2026-05-18 09:12:00+00:00,23594.25,23604.3,23594.2,23601.9,0
2026-05-18 09:13:00+00:00,23601.75,23605.8,23601.65,23605.8,0
2026-05-18 09:14:00+00:00,23605.45,23611.3,23602.15,23602.95,0
2026-05-18 09:15:00+00:00,23603.35,23604.75,23596.65,23597.65,0
2026-05-18 09:16:00+00:00,23597.55,23607.9,23597.55,23605.0,0
2026-05-18 09:17:00+00:00,23605.3,23606.15,23597.8,23598.2,0
2026-05-18 09:18:00+00:00,23598.15,23598.9,23586.0,23586.35,0
2026-05-18 09:19:00+00:00,23586.95,23594.6,23585.75,23585.75,0
2026-05-18 09:20:00+00:00,23586.05,23591.85,23584.2,23588.45,0
2026-05-18 09:21:00+00:00,23588.2,23589.15,23584.5,23587.45,0
2026-05-18 09:22:00+00:00,23587.9,23592.6,23584.45,23584.8,0
2026-05-18 09:23:00+00:00,23584.9,23588.05,23583.5,23587.3,0
2026-05-18 09:24:00+00:00,23586.9,23595.5,23586.9,23592.1,0
2026-05-18 09:25:00+00:00,23592.65,23593.15,23583.85,23584.9,0
2026-05-18 09:26:00+00:00,23584.8,23592.8,23581.95,23592.4,0
2026-05-18 09:27:00+00:00,23592.5,23595.95,23585.35,23594.95,0
2026-05-18 09:28:00+00:00,23594.75,23598.0,23586.3,23589.9,0
2026-05-18 09:29:00+00:00,23590.0,23597.35,23587.2,23591.5,0
2026-05-18 09:30:00+00:00,23591.0,23666.3,23590.25,23665.8,0
2026-05-18 09:31:00+00:00,23665.4,23681.15,23665.1,23679.45,0
2026-05-18 09:32:00+00:00,23679.85,23695.65,23679.25,23682.8,0
2026-05-18 09:33:00+00:00,23683.0,23684.0,23677.55,23682.9,0
2026-05-18 09:34:00+00:00,23683.15,23686.4,23662.7,23662.7,0
2026-05-18 09:35:00+00:00,23662.45,23674.25,23662.45,23670.3,0
2026-05-18 09:36:00+00:00,23670.65,23671.65,23658.05,23661.4,0
2026-05-18 09:37:00+00:00,23661.3,23664.3,23654.6,23660.8,0
2026-05-18 09:38:00+00:00,23660.4,23661.55,23637.1,23637.25,0
2026-05-18 09:39:00+00:00,23638.3,23641.2,23629.1,23637.7,0
2026-05-18 09:40:00+00:00,23638.05,23644.7,23636.2,23643.9,0
2026-05-18 09:41:00+00:00,23643.75,23649.8,23641.8,23648.0,0
2026-05-18 09:42:00+00:00,23648.7,23648.7,23632.9,23637.45,0
2026-05-18 09:43:00+00:00,23637.25,23638.25,23631.65,23632.15,0
2026-05-18 09:44:00+00:00,23631.9,23636.55,23631.85,23634.6,0
2026-05-18 09:45:00+00:00,23634.25,23635.6,23628.9,23630.35,0
2026-05-18 09:46:00+00:00,23630.0,23632.05,23627.2,23630.15,0
2026-05-18 09:47:00+00:00,23629.7,23630.25,23619.3,23621.7,0
2026-05-18 09:48:00+00:00,23622.0,23628.2,23620.8,23626.25,0
2026-05-18 09:49:00+00:00,23626.3,23630.3,23625.55,23626.9,0
2026-05-18 09:50:00+00:00,23626.95,23633.25,23626.2,23632.45,0
2026-05-18 09:51:00+00:00,23632.2,23646.9,23632.1,23644.7,0
2026-05-18 09:52:00+00:00,23644.6,23654.2,23644.35,23652.6,0
2026-05-18 09:53:00+00:00,23653.0,23654.15,23647.3,23651.1,0
2026-05-18 09:54:00+00:00,23650.65,23658.35,23649.4,23657.3,0
2026-05-18 09:55:00+00:00,23657.0,23658.4,23647.65,23648.0,0
2026-05-18 09:56:00+00:00,23647.7,23649.9,23646.7,23649.1,0
2026-05-18 09:57:00+00:00,23648.25,23649.45,23641.7,23646.1,0
2026-05-18 09:58:00+00:00,23646.25,23650.0,23640.2,23647.4,0
2026-05-18 09:59:00+00:00,23647.6,23650.9,23640.05,23644.45,0
2026-05-19 03:45:00+00:00,23675.3,23727.45,23675.25,23716.9,0
2026-05-19 03:46:00+00:00,23716.65,23727.95,23693.6,23723.4,0
2026-05-19 03:47:00+00:00,23726.1,23734.3,23698.3,23730.85,0
2026-05-19 03:48:00+00:00,23732.85,23741.0,23724.25,23734.9,0
2026-05-19 03:49:00+00:00,23737.9,23738.5,23724.25,23734.8,0
2026-05-19 03:50:00+00:00,23736.45,23748.0,23734.15,23734.35,0
2026-05-19 03:51:00+00:00,23736.45,23738.75,23719.8,23723.85,0
2026-05-19 03:52:00+00:00,23725.1,23758.45,23722.15,23747.35,0
2026-05-19 03:53:00+00:00,23748.6,23753.15,23731.7,23742.9,0
2026-05-19 03:54:00+00:00,23743.0,23755.25,23738.4,23748.95,0
2026-05-19 03:55:00+00:00,23749.05,23753.0,23746.15,23752.05,0
2026-05-19 03:56:00+00:00,23754.05,23759.3,23747.35,23749.7,0
2026-05-19 03:57:00+00:00,23749.5,23765.65,23748.65,23759.45,0
2026-05-19 03:58:00+00:00,23759.0,23763.6,23746.8,23752.45,0
2026-05-19 03:59:00+00:00,23751.75,23759.25,23747.05,23756.9,0
2026-05-19 04:00:00+00:00,23759.6,23768.95,23756.3,23756.7,0
2026-05-19 04:01:00+00:00,23752.75,23756.05,23737.9,23747.8,0
2026-05-19 04:02:00+00:00,23751.1,23751.55,23728.0,23728.0,0
2026-05-19 04:03:00+00:00,23727.8,23729.0,23704.5,23705.6,0
2026-05-19 04:04:00+00:00,23705.05,23707.2,23683.55,23684.0,0
2026-05-19 04:05:00+00:00,23685.3,23687.6,23663.9,23667.05,0
2026-05-19 04:06:00+00:00,23668.5,23677.9,23647.4,23675.8,0
2026-05-19 04:07:00+00:00,23677.35,23691.95,23674.15,23691.45,0
2026-05-19 04:08:00+00:00,23694.2,23707.7,23684.7,23687.3,0
2026-05-19 04:09:00+00:00,23688.65,23706.75,23688.05,23706.75,0
2026-05-19 04:10:00+00:00,23707.35,23727.85,23707.35,23726.3,0
2026-05-19 04:11:00+00:00,23727.45,23732.6,23720.45,23726.4,0
2026-05-19 04:12:00+00:00,23727.35,23740.15,23721.6,23738.9,0
2026-05-19 04:13:00+00:00,23740.95,23755.6,23739.55,23749.8,0
2026-05-19 04:14:00+00:00,23750.7,23757.9,23749.2,23749.2,0
2026-05-19 04:15:00+00:00,23751.2,23751.7,23735.9,23737.25,0
2026-05-19 04:16:00+00:00,23737.45,23739.65,23724.85,23726.5,0
2026-05-19 04:17:00+00:00,23727.05,23732.15,23723.85,23730.2,0
2026-05-19 04:18:00+00:00,23731.45,23732.65,23713.45,23714.1,0
2026-05-19 04:19:00+00:00,23713.75,23715.05,23706.1,23714.15,0
2026-05-19 04:20:00+00:00,23716.05,23722.15,23712.5,23718.75,0
2026-05-19 04:21:00+00:00,23719.55,23719.85,23700.15,23703.1,0
2026-05-19 04:22:00+00:00,23703.2,23706.0,23693.2,23696.75,0
2026-05-19 04:23:00+00:00,23697.7,23700.15,23689.35,23692.55,0
2026-05-19 04:24:00+00:00,23693.9,23701.75,23693.4,23695.05,0
2026-05-19 04:25:00+00:00,23696.8,23696.9,23681.5,23688.55,0
2026-05-19 04:26:00+00:00,23690.65,23690.65,23683.6,23687.5,0
2026-05-19 04:27:00+00:00,23688.0,23697.3,23686.55,23695.55,0
2026-05-19 04:28:00+00:00,23696.45,23703.8,23691.5,23691.8,0
2026-05-19 04:29:00+00:00,23693.95,23693.95,23677.6,23678.15,0
2026-05-19 04:30:00+00:00,23679.0,23690.7,23678.15,23690.7,0
2026-05-19 04:31:00+00:00,23691.4,23710.15,23689.65,23709.2,0
2026-05-19 04:32:00+00:00,23712.15,23721.0,23706.3,23717.05,0
2026-05-19 04:33:00+00:00,23716.6,23718.4,23707.95,23710.7,0
2026-05-19 04:34:00+00:00,23711.85,23716.15,23696.05,23699.25,0
2026-05-19 04:35:00+00:00,23699.85,23727.5,23696.5,23724.25,0
2026-05-19 04:36:00+00:00,23724.75,23728.8,23722.2,23728.0,0
2026-05-19 04:37:00+00:00,23728.7,23730.05,23708.2,23714.15,0
2026-05-19 04:38:00+00:00,23714.8,23728.85,23714.35,23726.0,0
2026-05-19 04:39:00+00:00,23726.3,23730.2,23722.8,23722.8,0
2026-05-19 04:40:00+00:00,23723.9,23735.2,23720.9,23734.15,0
2026-05-19 04:41:00+00:00,23736.15,23755.3,23735.9,23750.7,0
2026-05-19 04:42:00+00:00,23752.2,23762.9,23751.75,23754.75,0
2026-05-19 04:43:00+00:00,23754.5,23760.35,23752.1,23758.25,0
2026-05-19 04:44:00+00:00,23758.55,23761.05,23753.2,23753.45,0
2026-05-19 04:45:00+00:00,23753.75,23762.55,23753.15,23761.0,0
2026-05-19 04:46:00+00:00,23762.0,23762.6,23747.8,23748.3,0
2026-05-19 04:47:00+00:00,23751.1,23754.95,23746.2,23746.7,0
2026-05-19 04:48:00+00:00,23748.0,23748.55,23734.9,23740.6,0
2026-05-19 04:49:00+00:00,23741.2,23742.0,23724.9,23725.7,0
2026-05-19 04:50:00+00:00,23726.5,23736.6,23724.0,23735.45,0
2026-05-19 04:51:00+00:00,23737.4,23738.6,23729.9,23738.6,0
2026-05-19 04:52:00+00:00,23739.55,23743.2,23731.85,23733.6,0
2026-05-19 04:53:00+00:00,23734.1,23739.5,23730.5,23734.75,0
2026-05-19 04:54:00+00:00,23735.25,23743.3,23734.85,23739.2,0
2026-05-19 04:55:00+00:00,23740.75,23745.75,23739.1,23740.45,0
2026-05-19 04:56:00+00:00,23742.05,23753.75,23740.95,23753.75,0
2026-05-19 04:57:00+00:00,23754.15,23756.75,23752.2,23755.4,0
2026-05-19 04:58:00+00:00,23754.85,23756.15,23745.1,23745.4,0
2026-05-19 04:59:00+00:00,23746.75,23753.85,23744.25,23751.05,0
2026-05-19 05:00:00+00:00,23752.9,23757.65,23750.85,23752.65,0
2026-05-19 05:01:00+00:00,23752.8,23753.95,23750.55,23753.4,0
2026-05-19 05:02:00+00:00,23754.05,23757.85,23744.95,23745.6,0
2026-05-19 05:03:00+00:00,23746.45,23746.45,23735.75,23742.25,0
2026-05-19 05:04:00+00:00,23743.9,23752.65,23743.1,23744.85,0
2026-05-19 05:05:00+00:00,23745.95,23747.05,23738.6,23742.65,0
2026-05-19 05:06:00+00:00,23743.65,23745.25,23734.2,23735.8,0
2026-05-19 05:07:00+00:00,23737.65,23752.1,23737.65,23751.35,0
2026-05-19 05:08:00+00:00,23751.65,23752.65,23746.25,23746.5,0
2026-05-19 05:09:00+00:00,23746.8,23754.05,23746.45,23753.15,0
2026-05-19 05:10:00+00:00,23754.0,23758.0,23748.1,23756.15,0
2026-05-19 05:11:00+00:00,23756.75,23756.75,23745.85,23746.4,0
2026-05-19 05:12:00+00:00,23747.25,23760.9,23743.15,23760.6,0
2026-05-19 05:13:00+00:00,23761.0,23764.75,23753.2,23755.35,0
2026-05-19 05:14:00+00:00,23755.7,23765.15,23751.9,23764.75,0
2026-05-19 05:15:00+00:00,23765.3,23771.7,23764.05,23771.1,0
2026-05-19 05:16:00+00:00,23771.7,23774.75,23769.8,23772.15,0
2026-05-19 05:17:00+00:00,23772.8,23772.8,23758.5,23759.7,0
2026-05-19 05:18:00+00:00,23759.45,23759.45,23752.4,23753.75,0
2026-05-19 05:19:00+00:00,23754.25,23758.25,23750.4,23757.45,0
2026-05-19 05:20:00+00:00,23758.35,23765.7,23754.15,23765.2,0
2026-05-19 05:21:00+00:00,23765.7,23767.55,23755.45,23757.35,0
2026-05-19 05:22:00+00:00,23758.0,23764.15,23757.05,23759.0,0
2026-05-19 05:23:00+00:00,23760.5,23760.5,23740.65,23742.7,0
2026-05-19 05:24:00+00:00,23743.45,23743.45,23724.9,23742.1,0
2026-05-19 05:25:00+00:00,23742.3,23756.05,23741.15,23754.4,0
2026-05-19 05:26:00+00:00,23755.25,23764.85,23753.8,23763.0,0
2026-05-19 05:27:00+00:00,23763.75,23774.6,23763.0,23774.0,0
2026-05-19 05:28:00+00:00,23774.8,23781.1,23774.6,23779.45,0
2026-05-19 05:29:00+00:00,23781.0,23782.3,23770.55,23771.95,0
2026-05-19 05:30:00+00:00,23772.1,23774.95,23770.1,23771.3,0
2026-05-19 05:31:00+00:00,23771.9,23772.1,23760.05,23760.8,0
2026-05-19 05:32:00+00:00,23762.05,23762.05,23748.95,23748.95,0
2026-05-19 05:33:00+00:00,23748.6,23753.6,23744.1,23753.05,0
2026-05-19 05:34:00+00:00,23755.1,23758.35,23749.85,23751.55,0
2026-05-19 05:35:00+00:00,23752.65,23752.65,23738.45,23748.7,0
2026-05-19 05:36:00+00:00,23749.95,23752.0,23742.65,23745.85,0
2026-05-19 05:37:00+00:00,23746.55,23750.25,23743.6,23744.55,0
2026-05-19 05:38:00+00:00,23746.15,23746.5,23739.7,23743.3,0
2026-05-19 05:39:00+00:00,23744.75,23746.0,23741.3,23743.85,0
2026-05-19 05:40:00+00:00,23745.25,23749.75,23742.25,23744.05,0
2026-05-19 05:41:00+00:00,23745.6,23754.0,23738.15,23739.45,0
2026-05-19 05:42:00+00:00,23739.5,23749.8,23739.5,23748.4,0
2026-05-19 05:43:00+00:00,23748.1,23749.5,23737.5,23738.65,0
2026-05-19 05:44:00+00:00,23739.4,23739.4,23718.1,23719.75,0
2026-05-19 05:45:00+00:00,23720.55,23721.55,23705.3,23706.8,0
2026-05-19 05:46:00+00:00,23708.35,23713.45,23695.35,23708.6,0
2026-05-19 05:47:00+00:00,23709.1,23709.1,23699.4,23703.5,0
2026-05-19 05:48:00+00:00,23704.65,23708.8,23702.3,23705.35,0
2026-05-19 05:49:00+00:00,23707.6,23714.1,23705.15,23708.0,0
2026-05-19 05:50:00+00:00,23709.25,23711.55,23705.25,23707.6,0
2026-05-19 05:51:00+00:00,23709.15,23711.3,23699.4,23700.5,0
2026-05-19 05:52:00+00:00,23700.95,23706.0,23698.45,23705.35,0
2026-05-19 05:53:00+00:00,23706.7,23711.85,23703.75,23711.0,0
2026-05-19 05:54:00+00:00,23711.55,23721.4,23710.6,23713.75,0
2026-05-19 05:55:00+00:00,23714.35,23716.55,23711.65,23713.9,0
2026-05-19 05:56:00+00:00,23714.6,23717.7,23711.3,23711.3,0
2026-05-19 05:57:00+00:00,23710.9,23714.95,23707.05,23714.25,0
2026-05-19 05:58:00+00:00,23715.5,23720.9,23713.35,23718.9,0
2026-05-19 05:59:00+00:00,23720.7,23728.35,23718.1,23727.85,0
2026-05-19 06:00:00+00:00,23728.15,23728.15,23717.05,23717.65,0
2026-05-19 06:01:00+00:00,23717.95,23728.1,23715.7,23721.7,0
2026-05-19 06:02:00+00:00,23722.6,23722.6,23705.05,23711.7,0
2026-05-19 06:03:00+00:00,23713.75,23718.8,23708.65,23718.8,0
2026-05-19 06:04:00+00:00,23718.8,23718.95,23709.1,23718.2,0
2026-05-19 06:05:00+00:00,23720.7,23720.7,23707.35,23709.3,0
2026-05-19 06:06:00+00:00,23710.55,23712.5,23706.8,23707.9,0
2026-05-19 06:07:00+00:00,23708.9,23712.35,23704.85,23711.9,0
2026-05-19 06:08:00+00:00,23713.15,23721.7,23710.25,23720.0,0
2026-05-19 06:09:00+00:00,23720.5,23728.5,23718.9,23724.15,0
2026-05-19 06:10:00+00:00,23725.25,23737.5,23721.7,23734.0,0
2026-05-19 06:11:00+00:00,23735.5,23742.95,23734.95,23739.95,0
2026-05-19 06:12:00+00:00,23740.0,23744.5,23737.6,23744.5,0
2026-05-19 06:13:00+00:00,23744.6,23754.75,23741.15,23752.4,0
2026-05-19 06:14:00+00:00,23752.75,23753.5,23747.3,23750.05,0
2026-05-19 06:15:00+00:00,23752.2,23752.2,23746.95,23750.2,0
2026-05-19 06:16:00+00:00,23751.9,23755.2,23745.7,23754.9,0
2026-05-19 06:17:00+00:00,23755.95,23760.25,23754.55,23758.9,0
2026-05-19 06:18:00+00:00,23760.35,23763.75,23756.4,23758.0,0
2026-05-19 06:19:00+00:00,23759.3,23761.8,23751.65,23754.4,0
2026-05-19 06:20:00+00:00,23755.8,23757.95,23754.2,23756.6,0
2026-05-19 06:21:00+00:00,23757.9,23760.45,23755.5,23757.2,0
2026-05-19 06:22:00+00:00,23758.05,23758.55,23754.5,23757.5,0
2026-05-19 06:23:00+00:00,23757.6,23762.5,23756.7,23761.3,0
2026-05-19 06:24:00+00:00,23763.85,23763.85,23758.95,23760.15,0
2026-05-19 06:25:00+00:00,23760.95,23761.1,23757.4,23759.25,0
2026-05-19 06:26:00+00:00,23760.3,23767.2,23757.45,23766.95,0
2026-05-19 06:27:00+00:00,23768.15,23772.75,23762.0,23762.5,0
2026-05-19 06:28:00+00:00,23763.85,23763.85,23755.55,23755.8,0
2026-05-19 06:29:00+00:00,23757.25,23758.75,23752.9,23754.65,0
2026-05-19 06:30:00+00:00,23755.6,23755.6,23747.25,23749.8,0
2026-05-19 06:31:00+00:00,23750.6,23750.9,23738.15,23738.8,0
2026-05-19 06:32:00+00:00,23741.0,23743.5,23733.75,23741.75,0
2026-05-19 06:33:00+00:00,23742.85,23753.75,23741.3,23749.65,0
2026-05-19 06:34:00+00:00,23750.35,23750.35,23736.65,23741.4,0
2026-05-19 06:35:00+00:00,23742.8,23747.35,23738.75,23745.55,0
2026-05-19 06:36:00+00:00,23746.55,23747.65,23740.8,23745.05,0
2026-05-19 06:37:00+00:00,23745.95,23747.95,23734.8,23736.05,0
2026-05-19 06:38:00+00:00,23737.9,23745.9,23734.65,23745.1,0
2026-05-19 06:39:00+00:00,23746.9,23746.9,23740.2,23741.45,0
2026-05-19 06:40:00+00:00,23742.2,23749.25,23739.8,23747.05,0
2026-05-19 06:41:00+00:00,23748.85,23748.85,23741.65,23745.0,0
2026-05-19 06:42:00+00:00,23747.05,23749.1,23743.0,23748.65,0
2026-05-19 06:43:00+00:00,23749.7,23749.7,23743.3,23747.4,0
2026-05-19 06:44:00+00:00,23748.95,23748.95,23741.85,23743.05,0
2026-05-19 06:45:00+00:00,23744.55,23744.55,23740.0,23741.55,0
2026-05-19 06:46:00+00:00,23742.25,23742.25,23736.05,23737.35,0
2026-05-19 06:47:00+00:00,23739.3,23739.3,23731.2,23732.65,0
2026-05-19 06:48:00+00:00,23733.35,23739.05,23730.7,23738.75,0
2026-05-19 06:49:00+00:00,23740.7,23747.55,23739.5,23744.55,0
2026-05-19 06:50:00+00:00,23746.3,23752.5,23744.1,23752.5,0
2026-05-19 06:51:00+00:00,23753.6,23753.8,23746.6,23746.75,0
2026-05-19 06:52:00+00:00,23748.75,23748.75,23738.85,23738.85,0
2026-05-19 06:53:00+00:00,23740.5,23740.5,23731.95,23732.2,0
2026-05-19 06:54:00+00:00,23734.15,23734.35,23727.45,23733.6,0
2026-05-19 06:55:00+00:00,23734.75,23736.9,23724.25,23724.25,0
2026-05-19 06:56:00+00:00,23727.05,23738.05,23724.8,23736.9,0
2026-05-19 06:57:00+00:00,23738.8,23738.8,23733.95,23737.75,0
2026-05-19 06:58:00+00:00,23738.75,23743.95,23736.7,23743.75,0
2026-05-19 06:59:00+00:00,23746.1,23755.5,23745.85,23752.4,0
2026-05-19 07:00:00+00:00,23753.75,23753.75,23739.75,23744.2,0
2026-05-19 07:01:00+00:00,23745.7,23747.1,23739.35,23739.85,0
2026-05-19 07:02:00+00:00,23740.9,23741.35,23730.95,23732.95,0
2026-05-19 07:03:00+00:00,23733.8,23735.45,23729.55,23735.05,0
2026-05-19 07:04:00+00:00,23736.55,23739.5,23734.95,23736.0,0
2026-05-19 07:05:00+00:00,23737.1,23737.1,23731.5,23732.9,0
2026-05-19 07:06:00+00:00,23734.1,23734.1,23722.15,23727.35,0
2026-05-19 07:07:00+00:00,23728.05,23740.2,23728.05,23739.6,0
2026-05-19 07:08:00+00:00,23740.75,23740.95,23736.25,23736.6,0
2026-05-19 07:09:00+00:00,23737.4,23743.2,23736.55,23740.7,0
2026-05-19 07:10:00+00:00,23741.65,23741.8,23737.7,23739.9,0
2026-05-19 07:11:00+00:00,23740.95,23741.7,23735.05,23735.3,0
2026-05-19 07:12:00+00:00,23736.55,23740.6,23734.9,23735.5,0
2026-05-19 07:13:00+00:00,23736.35,23736.6,23726.9,23730.65,0
2026-05-19 07:14:00+00:00,23733.0,23738.6,23731.05,23738.05,0
2026-05-19 07:15:00+00:00,23738.65,23743.2,23737.6,23740.55,0
2026-05-19 07:16:00+00:00,23741.2,23741.9,23737.45,23739.5,0
2026-05-19 07:17:00+00:00,23741.85,23741.85,23735.25,23736.35,0
2026-05-19 07:18:00+00:00,23737.15,23737.2,23721.0,23725.1,0
2026-05-19 07:19:00+00:00,23725.75,23731.8,23722.25,23727.6,0
2026-05-19 07:20:00+00:00,23729.65,23729.65,23722.8,23724.95,0
2026-05-19 07:21:00+00:00,23726.65,23729.35,23723.55,23726.0,0
2026-05-19 07:22:00+00:00,23724.55,23729.75,23722.55,23725.35,0
2026-05-19 07:23:00+00:00,23726.6,23726.6,23719.3,23723.9,0
2026-05-19 07:24:00+00:00,23725.85,23731.7,23722.95,23728.45,0
2026-05-19 07:25:00+00:00,23729.4,23730.25,23723.8,23725.2,0
2026-05-19 07:26:00+00:00,23725.3,23726.75,23721.85,23726.7,0
2026-05-19 07:27:00+00:00,23727.3,23732.15,23725.7,23728.65,0
2026-05-19 07:28:00+00:00,23730.25,23730.25,23725.55,23726.8,0
2026-05-19 07:29:00+00:00,23727.4,23728.35,23722.55,23723.9,0
2026-05-19 07:30:00+00:00,23725.25,23726.0,23721.2,23725.85,0
2026-05-19 07:31:00+00:00,23727.45,23729.85,23726.6,23729.25,0
2026-05-19 07:32:00+00:00,23730.65,23735.75,23729.3,23729.95,0
2026-05-19 07:33:00+00:00,23731.05,23731.2,23719.7,23719.9,0
2026-05-19 07:34:00+00:00,23720.2,23720.2,23711.65,23713.35,0
2026-05-19 07:35:00+00:00,23714.4,23718.5,23710.75,23713.65,0
2026-05-19 07:36:00+00:00,23713.8,23713.95,23707.05,23708.8,0
2026-05-19 07:37:00+00:00,23710.1,23714.1,23707.65,23710.95,0
2026-05-19 07:38:00+00:00,23712.05,23726.3,23711.7,23725.7,0
2026-05-19 07:39:00+00:00,23726.45,23729.45,23722.95,23724.75,0
2026-05-19 07:40:00+00:00,23724.8,23724.95,23711.8,23712.4,0
2026-05-19 07:41:00+00:00,23713.9,23718.1,23706.1,23714.0,0
2026-05-19 07:42:00+00:00,23714.85,23716.85,23711.7,23715.35,0
2026-05-19 07:43:00+00:00,23716.2,23716.2,23711.05,23714.05,0
2026-05-19 07:44:00+00:00,23715.25,23717.45,23708.35,23708.35,0
2026-05-19 07:45:00+00:00,23709.6,23711.25,23701.45,23711.25,0
2026-05-19 07:46:00+00:00,23711.7,23716.0,23710.8,23713.3,0
2026-05-19 07:47:00+00:00,23713.9,23719.75,23713.9,23718.3,0
2026-05-19 07:48:00+00:00,23719.75,23738.5,23718.65,23737.4,0
2026-05-19 07:49:00+00:00,23738.3,23738.85,23727.35,23728.9,0
2026-05-19 07:50:00+00:00,23730.1,23732.4,23721.75,23730.8,0
2026-05-19 07:51:00+00:00,23731.1,23731.1,23722.95,23727.7,0
2026-05-19 07:52:00+00:00,23728.95,23730.6,23724.0,23725.95,0
2026-05-19 07:53:00+00:00,23726.75,23727.65,23722.5,23722.7,0
2026-05-19 07:54:00+00:00,23723.45,23732.85,23721.5,23732.85,0
2026-05-19 07:55:00+00:00,23733.75,23733.75,23727.1,23730.4,0
2026-05-19 07:56:00+00:00,23731.7,23732.5,23728.45,23728.45,0
2026-05-19 07:57:00+00:00,23729.85,23730.75,23723.2,23726.85,0
2026-05-19 07:58:00+00:00,23727.7,23728.45,23720.85,23728.35,0
2026-05-19 07:59:00+00:00,23730.25,23730.25,23722.6,23724.85,0
2026-05-19 08:00:00+00:00,23726.7,23742.8,23723.65,23741.4,0
2026-05-19 08:01:00+00:00,23741.15,23743.3,23733.35,23735.1,0
2026-05-19 08:02:00+00:00,23736.15,23736.15,23726.95,23732.7,0
2026-05-19 08:03:00+00:00,23733.6,23736.35,23728.3,23734.0,0
2026-05-19 08:04:00+00:00,23733.8,23734.35,23726.6,23730.9,0
2026-05-19 08:05:00+00:00,23731.8,23731.8,23722.25,23722.7,0
2026-05-19 08:06:00+00:00,23722.95,23723.85,23706.7,23710.4,0
2026-05-19 08:07:00+00:00,23712.1,23717.0,23696.95,23697.6,0
2026-05-19 08:08:00+00:00,23697.1,23697.1,23685.85,23696.2,0
2026-05-19 08:09:00+00:00,23697.7,23710.6,23696.05,23709.15,0
2026-05-19 08:10:00+00:00,23710.35,23710.35,23700.75,23703.2,0
2026-05-19 08:11:00+00:00,23704.5,23704.55,23694.35,23695.4,0
2026-05-19 08:12:00+00:00,23696.8,23705.75,23694.65,23705.7,0
2026-05-19 08:13:00+00:00,23706.85,23707.05,23694.9,23695.95,0
2026-05-19 08:14:00+00:00,23697.0,23698.75,23694.7,23696.85,0
2026-05-19 08:15:00+00:00,23697.3,23706.2,23695.9,23703.5,0
2026-05-19 08:16:00+00:00,23704.15,23709.45,23702.75,23705.45,0
2026-05-19 08:17:00+00:00,23706.2,23709.7,23704.65,23708.75,0
2026-05-19 08:18:00+00:00,23709.6,23714.85,23702.0,23713.7,0
2026-05-19 08:19:00+00:00,23715.4,23716.0,23703.35,23704.5,0
2026-05-19 08:20:00+00:00,23705.65,23706.1,23701.8,23704.2,0
2026-05-19 08:21:00+00:00,23704.85,23704.9,23697.35,23700.1,0
2026-05-19 08:22:00+00:00,23702.4,23710.45,23699.6,23709.95,0
2026-05-19 08:23:00+00:00,23711.2,23711.4,23701.95,23702.15,0
2026-05-19 08:24:00+00:00,23703.2,23704.6,23698.3,23699.55,0
2026-05-19 08:25:00+00:00,23700.6,23700.6,23692.0,23697.55,0
2026-05-19 08:26:00+00:00,23698.15,23699.4,23686.2,23690.2,0
2026-05-19 08:27:00+00:00,23693.0,23697.3,23676.35,23678.9,0
2026-05-19 08:28:00+00:00,23680.0,23682.5,23674.0,23682.15,0
2026-05-19 08:29:00+00:00,23683.3,23694.25,23682.25,23689.1,0
2026-05-19 08:30:00+00:00,23691.35,23692.3,23684.55,23690.6,0
2026-05-19 08:31:00+00:00,23691.1,23710.0,23690.55,23706.15,0
2026-05-19 08:32:00+00:00,23706.8,23706.8,23697.1,23698.45,0
2026-05-19 08:33:00+00:00,23699.2,23709.85,23697.9,23709.45,0
2026-05-19 08:34:00+00:00,23711.45,23719.45,23710.35,23714.9,0
2026-05-19 08:35:00+00:00,23716.7,23719.5,23710.95,23712.15,0
2026-05-19 08:36:00+00:00,23713.3,23718.1,23709.1,23714.0,0
2026-05-19 08:37:00+00:00,23715.45,23715.85,23711.1,23713.9,0
2026-05-19 08:38:00+00:00,23714.55,23716.65,23707.8,23709.4,0
2026-05-19 08:39:00+00:00,23710.9,23712.1,23704.6,23705.35,0
2026-05-19 08:40:00+00:00,23706.5,23710.6,23700.7,23707.0,0
2026-05-19 08:41:00+00:00,23708.8,23718.75,23706.65,23716.05,0
2026-05-19 08:42:00+00:00,23718.4,23725.35,23716.4,23720.05,0
2026-05-19 08:43:00+00:00,23721.5,23721.5,23703.2,23703.2,0
2026-05-19 08:44:00+00:00,23704.5,23717.75,23702.4,23717.35,0
2026-05-19 08:45:00+00:00,23718.05,23726.85,23716.0,23725.35,0
2026-05-19 08:46:00+00:00,23726.5,23728.3,23720.05,23722.95,0
2026-05-19 08:47:00+00:00,23723.55,23736.55,23722.15,23729.05,0
2026-05-19 08:48:00+00:00,23730.35,23730.35,23722.55,23722.6,0
2026-05-19 08:49:00+00:00,23724.05,23725.3,23715.4,23716.2,0
2026-05-19 08:50:00+00:00,23717.25,23722.6,23712.55,23722.05,0
2026-05-19 08:51:00+00:00,23724.4,23726.95,23719.75,23721.45,0
2026-05-19 08:52:00+00:00,23721.7,23722.0,23699.7,23705.55,0
2026-05-19 08:53:00+00:00,23707.3,23710.65,23703.1,23709.25,0
2026-05-19 08:54:00+00:00,23710.25,23715.75,23708.1,23710.15,0
2026-05-19 08:55:00+00:00,23711.35,23711.35,23701.35,23708.75,0
2026-05-19 08:56:00+00:00,23710.6,23717.8,23705.6,23717.8,0
2026-05-19 08:57:00+00:00,23718.45,23718.45,23708.2,23712.9,0
2026-05-19 08:58:00+00:00,23713.8,23714.35,23706.7,23706.8,0
2026-05-19 08:59:00+00:00,23709.65,23709.65,23703.0,23703.15,0
2026-05-19 09:00:00+00:00,23704.45,23705.3,23699.15,23703.1,0
2026-05-19 09:01:00+00:00,23704.3,23704.3,23694.75,23700.4,0
2026-05-19 09:02:00+00:00,23701.05,23701.05,23696.15,23696.95,0
2026-05-19 09:03:00+00:00,23698.15,23698.15,23690.2,23692.05,0
2026-05-19 09:04:00+00:00,23693.2,23701.55,23691.45,23701.2,0
2026-05-19 09:05:00+00:00,23701.1,23701.65,23682.95,23685.6,0
2026-05-19 09:06:00+00:00,23687.4,23689.4,23683.25,23684.0,0
2026-05-19 09:07:00+00:00,23686.25,23686.25,23672.25,23684.7,0
2026-05-19 09:08:00+00:00,23685.85,23686.2,23681.65,23683.65,0
2026-05-19 09:09:00+00:00,23684.85,23688.65,23680.1,23682.0,0
2026-05-19 09:10:00+00:00,23682.05,23687.4,23677.0,23686.05,0
2026-05-19 09:11:00+00:00,23688.05,23691.35,23685.1,23685.5,0
2026-05-19 09:12:00+00:00,23686.35,23686.35,23670.3,23675.45,0
2026-05-19 09:13:00+00:00,23677.3,23677.3,23659.65,23664.05,0
2026-05-19 09:14:00+00:00,23664.65,23664.95,23649.0,23657.2,0
2026-05-19 09:15:00+00:00,23657.4,23657.75,23637.25,23640.05,0
2026-05-19 09:16:00+00:00,23641.25,23643.65,23632.35,23640.05,0
2026-05-19 09:17:00+00:00,23641.65,23653.0,23640.0,23652.2,0
2026-05-19 09:18:00+00:00,23653.45,23655.6,23646.1,23646.75,0
2026-05-19 09:19:00+00:00,23647.25,23653.25,23646.0,23653.0,0
2026-05-19 09:20:00+00:00,23653.45,23666.9,23651.9,23653.7,0
2026-05-19 09:21:00+00:00,23654.1,23655.25,23644.55,23654.25,0
2026-05-19 09:22:00+00:00,23654.0,23664.8,23653.45,23664.6,0
2026-05-19 09:23:00+00:00,23665.3,23665.85,23657.25,23660.05,0
2026-05-19 09:24:00+00:00,23659.0,23660.85,23646.8,23647.25,0
2026-05-19 09:25:00+00:00,23648.5,23665.45,23646.55,23658.85,0
2026-05-19 09:26:00+00:00,23659.75,23660.2,23646.25,23654.15,0
2026-05-19 09:27:00+00:00,23655.3,23655.3,23648.85,23652.05,0
2026-05-19 09:28:00+00:00,23653.4,23657.5,23649.3,23657.05,0
2026-05-19 09:29:00+00:00,23657.8,23660.9,23653.4,23655.15,0
2026-05-19 09:30:00+00:00,23655.4,23659.3,23648.05,23649.2,0
2026-05-19 09:31:00+00:00,23648.4,23649.85,23632.1,23632.5,0
2026-05-19 09:32:00+00:00,23633.65,23633.95,23626.75,23633.5,0
2026-05-19 09:33:00+00:00,23632.95,23634.5,23623.1,23626.7,0
2026-05-19 09:34:00+00:00,23627.55,23638.3,23624.8,23632.35,0
2026-05-19 09:35:00+00:00,23630.55,23635.25,23624.5,23632.5,0
2026-05-19 09:36:00+00:00,23630.9,23642.65,23627.15,23638.1,0
2026-05-19 09:37:00+00:00,23639.5,23639.85,23628.1,23632.3,0
2026-05-19 09:38:00+00:00,23632.25,23633.55,23628.8,23630.8,0
2026-05-19 09:39:00+00:00,23631.3,23633.55,23625.05,23625.6,0
2026-05-19 09:40:00+00:00,23625.95,23626.4,23613.85,23618.45,0
2026-05-19 09:41:00+00:00,23618.15,23626.3,23608.0,23624.65,0
2026-05-19 09:42:00+00:00,23624.05,23628.2,23617.05,23617.3,0
2026-05-19 09:43:00+00:00,23618.05,23624.7,23618.05,23620.65,0
2026-05-19 09:44:00+00:00,23620.95,23625.85,23620.7,23624.4,0
2026-05-19 09:45:00+00:00,23624.55,23629.2,23617.2,23619.25,0
2026-05-19 09:46:00+00:00,23618.65,23620.45,23600.9,23604.7,0
2026-05-19 09:47:00+00:00,23605.0,23608.9,23602.8,23608.75,0
2026-05-19 09:48:00+00:00,23609.0,23609.9,23606.15,23606.8,0
2026-05-19 09:49:00+00:00,23607.15,23609.65,23604.55,23609.05,0
2026-05-19 09:50:00+00:00,23608.2,23612.5,23607.2,23609.6,0
2026-05-19 09:51:00+00:00,23609.7,23610.3,23596.55,23597.55,0
2026-05-19 09:52:00+00:00,23596.95,23601.05,23595.7,23595.75,0
2026-05-19 09:53:00+00:00,23596.0,23604.2,23595.25,23602.5,0
2026-05-19 09:54:00+00:00,23602.65,23603.35,23592.4,23597.0,0
2026-05-19 09:55:00+00:00,23596.85,23600.15,23587.2,23595.2,0
2026-05-19 09:56:00+00:00,23595.5,23600.4,23593.85,23598.95,0
2026-05-19 09:57:00+00:00,23598.95,23606.25,23597.65,23605.05,0
2026-05-19 09:58:00+00:00,23604.35,23606.95,23602.25,23604.3,0
2026-05-19 09:59:00+00:00,23605.65,23607.15,23598.3,23606.2,0
2026-05-20 03:45:00+00:00,23457.25,23469.9,23397.3,23421.2,0
2026-05-20 03:46:00+00:00,23422.4,23451.75,23417.55,23451.65,0
2026-05-20 03:47:00+00:00,23449.2,23456.95,23446.25,23454.7,0
2026-05-20 03:48:00+00:00,23454.5,23465.6,23452.7,23460.25,0
2026-05-20 03:49:00+00:00,23458.9,23467.1,23455.85,23459.9,0
2026-05-20 03:50:00+00:00,23461.45,23463.15,23442.45,23444.35,0
2026-05-20 03:51:00+00:00,23443.6,23461.05,23443.25,23456.2,0
2026-05-20 03:52:00+00:00,23455.45,23462.1,23449.95,23457.1,0
2026-05-20 03:53:00+00:00,23457.15,23464.85,23453.15,23464.7,0
2026-05-20 03:54:00+00:00,23462.5,23464.45,23450.4,23458.7,0
2026-05-20 03:55:00+00:00,23458.4,23475.5,23453.75,23474.45,0
2026-05-20 03:56:00+00:00,23474.4,23478.95,23458.0,23461.4,0
2026-05-20 03:57:00+00:00,23461.8,23478.25,23461.8,23474.2,0
2026-05-20 03:58:00+00:00,23474.25,23476.1,23456.9,23470.75,0
2026-05-20 03:59:00+00:00,23470.8,23481.95,23467.05,23476.95,0
2026-05-20 04:00:00+00:00,23477.85,23490.2,23473.5,23489.05,0
2026-05-20 04:01:00+00:00,23488.1,23497.8,23488.1,23497.05,0
2026-05-20 04:02:00+00:00,23496.85,23520.15,23496.7,23512.85,0
2026-05-20 04:03:00+00:00,23512.9,23516.45,23508.05,23508.05,0
2026-05-20 04:04:00+00:00,23507.85,23524.9,23507.85,23520.15,0
2026-05-20 04:05:00+00:00,23521.65,23524.6,23513.6,23514.55,0
2026-05-20 04:06:00+00:00,23514.1,23517.0,23506.1,23514.7,0
2026-05-20 04:07:00+00:00,23513.95,23527.2,23513.95,23521.5,0
2026-05-20 04:08:00+00:00,23521.85,23527.95,23521.1,23527.55,0
2026-05-20 04:09:00+00:00,23527.4,23535.75,23526.4,23533.2,0
2026-05-20 04:10:00+00:00,23534.8,23536.9,23521.7,23522.65,0
2026-05-20 04:11:00+00:00,23522.5,23523.35,23506.25,23509.55,0
2026-05-20 04:12:00+00:00,23510.15,23512.65,23502.0,23502.0,0
2026-05-20 04:13:00+00:00,23501.9,23514.25,23498.55,23510.65,0
2026-05-20 04:14:00+00:00,23511.75,23524.8,23511.75,23524.25,0
2026-05-20 04:15:00+00:00,23523.25,23530.05,23517.05,23528.3,0
2026-05-20 04:16:00+00:00,23528.25,23536.45,23523.35,23523.35,0
2026-05-20 04:17:00+00:00,23523.45,23524.2,23511.95,23512.35,0
2026-05-20 04:18:00+00:00,23512.45,23524.45,23512.45,23523.9,0
2026-05-20 04:19:00+00:00,23523.55,23527.85,23520.8,23522.25,0
2026-05-20 04:20:00+00:00,23521.25,23526.85,23520.9,23526.85,0
2026-05-20 04:21:00+00:00,23526.15,23537.0,23522.25,23535.4,0
2026-05-20 04:22:00+00:00,23536.0,23541.45,23530.35,23532.8,0
2026-05-20 04:23:00+00:00,23533.6,23537.0,23527.1,23527.8,0
2026-05-20 04:24:00+00:00,23526.55,23529.1,23525.2,23526.55,0
2026-05-20 04:25:00+00:00,23526.5,23528.15,23516.5,23518.2,0
2026-05-20 04:26:00+00:00,23518.4,23524.15,23518.4,23524.0,0
2026-05-20 04:27:00+00:00,23523.85,23535.55,23523.85,23535.15,0
2026-05-20 04:28:00+00:00,23534.65,23544.9,23533.8,23541.4,0
2026-05-20 04:29:00+00:00,23540.95,23548.6,23540.95,23541.9,0
2026-05-20 04:30:00+00:00,23541.8,23546.65,23530.6,23530.6,0
2026-05-20 04:31:00+00:00,23530.4,23534.9,23525.85,23531.3,0
2026-05-20 04:32:00+00:00,23530.15,23531.7,23513.8,23514.3,0
2026-05-20 04:33:00+00:00,23514.35,23515.4,23501.7,23501.7,0
2026-05-20 04:34:00+00:00,23501.55,23506.4,23495.75,23503.9,0
2026-05-20 04:35:00+00:00,23504.6,23505.2,23490.75,23491.6,0
2026-05-20 04:36:00+00:00,23491.35,23492.75,23486.1,23486.85,0
2026-05-20 04:37:00+00:00,23487.3,23497.9,23486.1,23496.95,0
2026-05-20 04:38:00+00:00,23497.0,23498.8,23488.0,23489.25,0
2026-05-20 04:39:00+00:00,23490.0,23503.3,23490.0,23500.4,0
2026-05-20 04:40:00+00:00,23500.45,23502.3,23491.65,23495.75,0
2026-05-20 04:41:00+00:00,23495.9,23502.95,23495.5,23501.0,0
2026-05-20 04:42:00+00:00,23500.45,23505.95,23499.7,23500.5,0
2026-05-20 04:43:00+00:00,23499.45,23512.0,23497.75,23505.8,0
2026-05-20 04:44:00+00:00,23505.75,23507.5,23499.2,23500.55,0
2026-05-20 04:45:00+00:00,23500.3,23500.95,23496.05,23499.2,0
2026-05-20 04:46:00+00:00,23499.55,23500.9,23494.6,23496.45,0
2026-05-20 04:47:00+00:00,23496.95,23507.3,23496.95,23499.75,0
2026-05-20 04:48:00+00:00,23498.15,23511.5,23498.15,23508.45,0
2026-05-20 04:49:00+00:00,23509.05,23512.1,23500.0,23500.0,0
2026-05-20 04:50:00+00:00,23498.9,23505.1,23497.85,23498.0,0
2026-05-20 04:51:00+00:00,23499.4,23502.7,23496.1,23500.85,0
2026-05-20 04:52:00+00:00,23501.8,23502.75,23493.55,23493.55,0
2026-05-20 04:53:00+00:00,23493.55,23494.7,23480.95,23481.65,0
2026-05-20 04:54:00+00:00,23481.55,23482.2,23476.75,23478.05,0
2026-05-20 04:55:00+00:00,23477.95,23484.2,23475.65,23481.9,0
2026-05-20 04:56:00+00:00,23481.8,23493.4,23481.8,23492.3,0
2026-05-20 04:57:00+00:00,23492.6,23500.3,23490.8,23500.05,0
2026-05-20 04:58:00+00:00,23499.65,23509.3,23499.65,23507.8,0
2026-05-20 04:59:00+00:00,23508.2,23519.9,23508.2,23519.9,0
2026-05-20 05:00:00+00:00,23519.9,23536.8,23519.9,23533.8,0
2026-05-20 05:01:00+00:00,23533.55,23552.2,23528.5,23550.5,0
2026-05-20 05:02:00+00:00,23551.35,23567.45,23551.35,23556.85,0
2026-05-20 05:03:00+00:00,23557.5,23558.85,23548.3,23555.6,0
2026-05-20 05:04:00+00:00,23554.9,23563.2,23554.45,23562.1,0
2026-05-20 05:05:00+00:00,23562.55,23570.8,23561.65,23569.5,0
2026-05-20 05:06:00+00:00,23568.65,23571.1,23565.8,23568.05,0
2026-05-20 05:07:00+00:00,23568.0,23576.15,23565.9,23571.9,0
2026-05-20 05:08:00+00:00,23571.55,23573.5,23566.2,23571.25,0
2026-05-20 05:09:00+00:00,23571.45,23574.5,23562.65,23562.65,0
2026-05-20 05:10:00+00:00,23562.1,23564.8,23549.35,23551.3,0
2026-05-20 05:11:00+00:00,23551.6,23555.45,23550.05,23554.3,0
2026-05-20 05:12:00+00:00,23553.35,23554.15,23543.3,23543.75,0
2026-05-20 05:13:00+00:00,23544.3,23546.8,23534.45,23535.15,0
2026-05-20 05:14:00+00:00,23534.6,23536.3,23530.65,23532.7,0
2026-05-20 05:15:00+00:00,23532.95,23535.25,23522.3,23525.5,0
2026-05-20 05:16:00+00:00,23525.65,23528.1,23516.85,23518.6,0
2026-05-20 05:17:00+00:00,23518.6,23520.75,23517.5,23518.95,0
2026-05-20 05:18:00+00:00,23518.95,23520.1,23508.9,23509.9,0
2026-05-20 05:19:00+00:00,23509.5,23511.3,23503.65,23506.45,0
2026-05-20 05:20:00+00:00,23506.8,23516.55,23506.8,23514.65,0
2026-05-20 05:21:00+00:00,23514.4,23522.95,23514.4,23521.35,0
2026-05-20 05:22:00+00:00,23521.4,23535.0,23521.4,23534.45,0
2026-05-20 05:23:00+00:00,23534.4,23539.8,23533.75,23539.2,0
2026-05-20 05:24:00+00:00,23539.35,23546.9,23535.35,23546.3,0
2026-05-20 05:25:00+00:00,23546.1,23549.0,23542.8,23543.25,0
2026-05-20 05:26:00+00:00,23543.3,23549.25,23543.3,23547.8,0
2026-05-20 05:27:00+00:00,23547.75,23549.35,23540.15,23540.25,0
2026-05-20 05:28:00+00:00,23540.45,23543.4,23538.6,23541.45,0
2026-05-20 05:29:00+00:00,23541.8,23547.3,23540.0,23546.4,0
2026-05-20 05:30:00+00:00,23546.75,23558.45,23546.75,23556.2,0
2026-05-20 05:31:00+00:00,23555.05,23562.65,23554.9,23560.95,0
2026-05-20 05:32:00+00:00,23561.8,23573.2,23561.8,23566.45,0
2026-05-20 05:33:00+00:00,23566.8,23570.0,23558.95,23564.1,0
2026-05-20 05:34:00+00:00,23563.6,23565.45,23559.75,23564.45,0
2026-05-20 05:35:00+00:00,23564.15,23567.25,23562.95,23563.55,0
2026-05-20 05:36:00+00:00,23563.15,23566.4,23562.4,23563.75,0
2026-05-20 05:37:00+00:00,23563.95,23577.85,23563.95,23574.9,0
2026-05-20 05:38:00+00:00,23574.85,23580.75,23574.15,23579.05,0
2026-05-20 05:39:00+00:00,23578.7,23579.7,23572.85,23575.6,0
2026-05-20 05:40:00+00:00,23574.95,23582.25,23574.95,23579.15,0
2026-05-20 05:41:00+00:00,23580.05,23582.6,23574.95,23575.55,0
2026-05-20 05:42:00+00:00,23575.65,23577.4,23572.3,23572.65,0
2026-05-20 05:43:00+00:00,23572.7,23574.35,23566.15,23568.5,0
2026-05-20 05:44:00+00:00,23568.7,23570.5,23562.2,23562.2,0
2026-05-20 05:45:00+00:00,23561.75,23568.0,23558.3,23566.6,0
2026-05-20 05:46:00+00:00,23566.55,23570.7,23564.3,23564.8,0
2026-05-20 05:47:00+00:00,23564.85,23570.95,23559.2,23567.95,0
2026-05-20 05:48:00+00:00,23567.7,23573.35,23566.65,23568.7,0
2026-05-20 05:49:00+00:00,23568.15,23570.55,23563.55,23564.95,0
2026-05-20 05:50:00+00:00,23565.4,23568.4,23564.1,23564.35,0
2026-05-20 05:51:00+00:00,23564.85,23575.6,23564.0,23575.35,0
2026-05-20 05:52:00+00:00,23575.5,23593.0,23575.15,23592.6,0
2026-05-20 05:53:00+00:00,23592.7,23598.15,23589.1,23591.0,0
2026-05-20 05:54:00+00:00,23592.55,23593.7,23582.05,23582.05,0
2026-05-20 05:55:00+00:00,23582.4,23588.75,23582.4,23586.85,0
2026-05-20 05:56:00+00:00,23585.95,23592.1,23585.95,23592.05,0
2026-05-20 05:57:00+00:00,23592.05,23599.9,23589.75,23598.9,0
2026-05-20 05:58:00+00:00,23599.1,23602.75,23596.7,23597.65,0
2026-05-20 05:59:00+00:00,23598.25,23599.85,23595.5,23599.85,0
2026-05-20 06:00:00+00:00,23599.95,23608.3,23599.55,23604.6,0
2026-05-20 06:01:00+00:00,23604.6,23606.05,23591.0,23591.1,0
2026-05-20 06:02:00+00:00,23591.6,23596.1,23588.55,23594.2,0
2026-05-20 06:03:00+00:00,23593.6,23595.55,23589.9,23590.15,0
2026-05-20 06:04:00+00:00,23590.0,23596.4,23590.0,23594.5,0
2026-05-20 06:05:00+00:00,23594.5,23597.3,23588.5,23597.15,0
2026-05-20 06:06:00+00:00,23597.9,23611.3,23597.9,23610.05,0
2026-05-20 06:07:00+00:00,23609.5,23613.05,23603.25,23604.6,0
2026-05-20 06:08:00+00:00,23606.25,23611.95,23605.15,23611.45,0
2026-05-20 06:09:00+00:00,23611.3,23618.15,23608.25,23609.35,0
2026-05-20 06:10:00+00:00,23609.6,23610.8,23598.9,23599.5,0
2026-05-20 06:11:00+00:00,23600.1,23606.7,23598.6,23605.05,0
2026-05-20 06:12:00+00:00,23605.4,23609.25,23602.65,23604.6,0
2026-05-20 06:13:00+00:00,23604.4,23606.3,23594.8,23597.85,0
2026-05-20 06:14:00+00:00,23598.5,23606.05,23598.25,23605.05,0
2026-05-20 06:15:00+00:00,23605.3,23615.8,23604.9,23615.0,0
2026-05-20 06:16:00+00:00,23616.7,23619.8,23611.85,23612.1,0
2026-05-20 06:17:00+00:00,23611.45,23619.35,23611.25,23617.05,0
2026-05-20 06:18:00+00:00,23617.7,23621.4,23614.7,23621.1,0
2026-05-20 06:19:00+00:00,23620.6,23639.45,23619.95,23635.55,0
2026-05-20 06:20:00+00:00,23635.3,23639.3,23633.85,23638.75,0
2026-05-20 06:21:00+00:00,23638.3,23640.25,23627.5,23627.85,0
2026-05-20 06:22:00+00:00,23628.55,23630.65,23619.5,23619.85,0
2026-05-20 06:23:00+00:00,23619.95,23622.55,23615.15,23619.45,0
2026-05-20 06:24:00+00:00,23620.05,23628.25,23620.05,23626.9,0
2026-05-20 06:25:00+00:00,23626.85,23629.75,23622.05,23623.9,0
2026-05-20 06:26:00+00:00,23624.05,23625.45,23618.9,23622.45,0
2026-05-20 06:27:00+00:00,23622.6,23627.0,23622.55,23625.1,0
2026-05-20 06:28:00+00:00,23625.45,23626.3,23613.0,23613.55,0
2026-05-20 06:29:00+00:00,23614.0,23614.95,23608.15,23608.15,0
2026-05-20 06:30:00+00:00,23609.1,23613.65,23605.75,23605.75,0
2026-05-20 06:31:00+00:00,23605.95,23606.95,23595.4,23596.35,0
2026-05-20 06:32:00+00:00,23595.55,23598.4,23591.55,23595.55,0
2026-05-20 06:33:00+00:00,23595.95,23597.8,23591.25,23592.6,0
2026-05-20 06:34:00+00:00,23592.85,23597.6,23592.35,23592.35,0
2026-05-20 06:35:00+00:00,23592.65,23594.1,23585.65,23586.4,0
2026-05-20 06:36:00+00:00,23586.55,23589.05,23578.1,23578.4,0
2026-05-20 06:37:00+00:00,23579.1,23583.2,23577.25,23577.25,0
2026-05-20 06:38:00+00:00,23577.95,23586.95,23577.0,23586.2,0
2026-05-20 06:39:00+00:00,23586.45,23589.8,23579.6,23580.05,0
2026-05-20 06:40:00+00:00,23579.95,23585.55,23579.95,23583.45,0
2026-05-20 06:41:00+00:00,23584.1,23587.45,23583.1,23583.35,0
2026-05-20 06:42:00+00:00,23583.45,23585.05,23578.2,23582.8,0
2026-05-20 06:43:00+00:00,23583.95,23585.75,23579.8,23580.5,0
2026-05-20 06:44:00+00:00,23580.75,23582.15,23577.3,23579.95,0
2026-05-20 06:45:00+00:00,23580.0,23589.6,23579.5,23589.05,0
2026-05-20 06:46:00+00:00,23589.4,23598.35,23589.4,23593.4,0
2026-05-20 06:47:00+00:00,23593.25,23596.35,23584.95,23586.8,0
2026-05-20 06:48:00+00:00,23586.6,23589.0,23582.7,23585.7,0
2026-05-20 06:49:00+00:00,23586.05,23587.0,23582.85,23583.55,0
2026-05-20 06:50:00+00:00,23583.25,23587.9,23582.8,23584.6,0
2026-05-20 06:51:00+00:00,23584.35,23595.9,23584.35,23595.05,0
2026-05-20 06:52:00+00:00,23596.1,23602.25,23596.05,23601.05,0
2026-05-20 06:53:00+00:00,23601.0,23608.45,23601.0,23606.15,0
2026-05-20 06:54:00+00:00,23605.9,23607.75,23601.2,23601.95,0
2026-05-20 06:55:00+00:00,23602.55,23603.8,23596.85,23599.45,0
2026-05-20 06:56:00+00:00,23599.6,23601.1,23593.45,23595.55,0
2026-05-20 06:57:00+00:00,23595.95,23598.1,23592.1,23593.65,0
2026-05-20 06:58:00+00:00,23593.95,23595.75,23581.65,23581.65,0
2026-05-20 06:59:00+00:00,23582.0,23590.1,23582.0,23588.0,0
2026-05-20 07:00:00+00:00,23588.6,23592.6,23583.05,23589.45,0
2026-05-20 07:01:00+00:00,23589.75,23595.65,23589.75,23591.35,0
2026-05-20 07:02:00+00:00,23591.65,23596.85,23591.65,23592.75,0
2026-05-20 07:03:00+00:00,23592.25,23595.9,23589.5,23594.45,0
2026-05-20 07:04:00+00:00,23594.65,23596.4,23589.65,23590.55,0
2026-05-20 07:05:00+00:00,23590.7,23593.05,23586.9,23592.1,0
2026-05-20 07:06:00+00:00,23592.05,23598.2,23590.95,23596.75,0
2026-05-20 07:07:00+00:00,23596.6,23600.8,23591.75,23594.35,0
2026-05-20 07:08:00+00:00,23597.35,23600.25,23594.35,23598.6,0
2026-05-20 07:09:00+00:00,23598.7,23602.0,23597.4,23600.2,0
2026-05-20 07:10:00+00:00,23600.4,23601.55,23595.45,23595.45,0
2026-05-20 07:11:00+00:00,23596.35,23601.65,23591.75,23601.4,0
2026-05-20 07:12:00+00:00,23601.35,23605.5,23598.15,23600.1,0
2026-05-20 07:13:00+00:00,23599.75,23606.45,23599.0,23601.4,0
2026-05-20 07:14:00+00:00,23601.25,23605.05,23598.0,23602.8,0
2026-05-20 07:15:00+00:00,23603.4,23611.55,23603.4,23610.75,0
2026-05-20 07:16:00+00:00,23610.95,23613.2,23604.65,23605.45,0
2026-05-20 07:17:00+00:00,23605.15,23608.9,23600.45,23604.65,0
2026-05-20 07:18:00+00:00,23605.5,23607.35,23601.2,23601.4,0
2026-05-20 07:19:00+00:00,23601.3,23603.55,23598.7,23601.9,0
2026-05-20 07:20:00+00:00,23602.1,23607.5,23601.25,23606.85,0
2026-05-20 07:21:00+00:00,23606.95,23611.4,23605.75,23606.2,0
2026-05-20 07:22:00+00:00,23605.75,23608.05,23602.5,23606.85,0
2026-05-20 07:23:00+00:00,23606.75,23610.2,23606.35,23607.25,0
2026-05-20 07:24:00+00:00,23606.25,23607.8,23602.3,23605.95,0
2026-05-20 07:25:00+00:00,23606.15,23612.15,23606.15,23611.7,0
2026-05-20 07:26:00+00:00,23611.1,23612.85,23608.9,23611.45,0
2026-05-20 07:27:00+00:00,23611.5,23613.8,23606.6,23606.95,0
2026-05-20 07:28:00+00:00,23606.95,23608.95,23604.7,23607.1,0
2026-05-20 07:29:00+00:00,23607.85,23615.4,23606.3,23612.75,0
2026-05-20 07:30:00+00:00,23612.45,23615.1,23609.05,23614.55,0
2026-05-20 07:31:00+00:00,23614.6,23615.45,23607.9,23609.35,0
2026-05-20 07:32:00+00:00,23609.65,23617.05,23607.15,23613.8,0
2026-05-20 07:33:00+00:00,23615.15,23616.9,23604.0,23605.15,0
2026-05-20 07:34:00+00:00,23605.4,23606.9,23599.95,23602.2,0
2026-05-20 07:35:00+00:00,23603.25,23606.95,23598.95,23598.95,0
2026-05-20 07:36:00+00:00,23599.55,23600.95,23591.5,23592.15,0
2026-05-20 07:37:00+00:00,23592.0,23595.5,23588.75,23593.6,0
2026-05-20 07:38:00+00:00,23593.7,23601.8,23593.7,23597.85,0
2026-05-20 07:39:00+00:00,23597.9,23602.95,23596.2,23601.95,0
2026-05-20 07:40:00+00:00,23602.45,23603.8,23599.05,23601.1,0
2026-05-20 07:41:00+00:00,23601.45,23612.9,23601.45,23610.6,0
2026-05-20 07:42:00+00:00,23610.75,23612.35,23601.2,23603.1,0
2026-05-20 07:43:00+00:00,23603.2,23606.5,23599.9,23604.0,0
2026-05-20 07:44:00+00:00,23603.6,23607.1,23601.0,23601.4,0
2026-05-20 07:45:00+00:00,23601.5,23603.95,23599.25,23599.85,0
2026-05-20 07:46:00+00:00,23599.8,23602.65,23591.7,23592.3,0
2026-05-20 07:47:00+00:00,23592.3,23596.65,23585.9,23585.9,0
2026-05-20 07:48:00+00:00,23585.8,23586.15,23579.75,23585.5,0
2026-05-20 07:49:00+00:00,23585.35,23592.45,23582.1,23585.3,0
2026-05-20 07:50:00+00:00,23585.35,23596.8,23585.3,23592.0,0
2026-05-20 07:51:00+00:00,23592.3,23594.5,23584.5,23585.35,0
2026-05-20 07:52:00+00:00,23585.25,23586.75,23577.85,23578.4,0
2026-05-20 07:53:00+00:00,23578.2,23580.85,23576.3,23577.1,0
2026-05-20 07:54:00+00:00,23577.0,23584.25,23577.0,23583.25,0
2026-05-20 07:55:00+00:00,23583.5,23595.35,23583.5,23594.3,0
2026-05-20 07:56:00+00:00,23593.9,23597.45,23591.5,23591.5,0
2026-05-20 07:57:00+00:00,23591.45,23593.6,23579.2,23579.45,0
2026-05-20 07:58:00+00:00,23579.4,23583.3,23572.15,23573.5,0
2026-05-20 07:59:00+00:00,23573.65,23575.15,23561.85,23567.1,0
2026-05-20 08:00:00+00:00,23567.5,23576.05,23565.8,23574.65,0
2026-05-20 08:01:00+00:00,23574.35,23576.6,23569.85,23576.2,0
2026-05-20 08:02:00+00:00,23576.15,23581.25,23575.45,23579.95,0
2026-05-20 08:03:00+00:00,23580.0,23587.55,23579.1,23586.1,0
2026-05-20 08:04:00+00:00,23586.45,23598.7,23585.9,23597.05,0
2026-05-20 08:05:00+00:00,23597.15,23600.55,23592.1,23596.55,0
2026-05-20 08:06:00+00:00,23596.2,23607.95,23594.15,23606.85,0
2026-05-20 08:07:00+00:00,23607.25,23614.05,23606.15,23613.0,0
2026-05-20 08:08:00+00:00,23613.1,23620.9,23611.05,23611.5,0
2026-05-20 08:09:00+00:00,23611.4,23612.75,23600.1,23604.1,0
2026-05-20 08:10:00+00:00,23604.45,23605.9,23600.35,23603.8,0
2026-05-20 08:11:00+00:00,23604.2,23604.95,23594.5,23595.35,0
2026-05-20 08:12:00+00:00,23595.65,23597.15,23590.15,23591.3,0
2026-05-20 08:13:00+00:00,23591.85,23599.15,23591.65,23597.85,0
2026-05-20 08:14:00+00:00,23598.4,23599.5,23594.6,23595.85,0
2026-05-20 08:15:00+00:00,23596.4,23601.55,23596.2,23597.4,0
2026-05-20 08:16:00+00:00,23597.9,23600.4,23594.5,23599.6,0
2026-05-20 08:17:00+00:00,23599.95,23600.95,23594.25,23594.45,0
2026-05-20 08:18:00+00:00,23594.25,23595.75,23590.8,23592.6,0
2026-05-20 08:19:00+00:00,23592.9,23598.85,23592.0,23597.3,0
2026-05-20 08:20:00+00:00,23597.35,23601.95,23591.65,23592.25,0
2026-05-20 08:21:00+00:00,23592.7,23594.2,23588.55,23591.65,0
2026-05-20 08:22:00+00:00,23591.8,23597.1,23591.8,23595.55,0
2026-05-20 08:23:00+00:00,23595.55,23598.3,23592.25,23594.5,0
2026-05-20 08:24:00+00:00,23594.65,23605.1,23594.25,23605.1,0
2026-05-20 08:25:00+00:00,23604.9,23608.45,23603.0,23606.65,0
2026-05-20 08:26:00+00:00,23606.5,23608.55,23604.55,23607.2,0
2026-05-20 08:27:00+00:00,23606.8,23614.15,23606.8,23612.7,0
2026-05-20 08:28:00+00:00,23614.0,23619.45,23614.0,23616.2,0
2026-05-20 08:29:00+00:00,23616.3,23628.15,23615.9,23628.15,0
2026-05-20 08:30:00+00:00,23628.05,23636.15,23625.85,23626.25,0
2026-05-20 08:31:00+00:00,23625.35,23634.4,23625.35,23634.3,0
2026-05-20 08:32:00+00:00,23634.4,23644.65,23634.05,23641.15,0
2026-05-20 08:33:00+00:00,23640.7,23642.1,23624.3,23624.95,0
2026-05-20 08:34:00+00:00,23624.1,23631.1,23623.25,23630.2,0
2026-05-20 08:35:00+00:00,23630.1,23636.8,23629.0,23631.15,0
2026-05-20 08:36:00+00:00,23631.1,23636.6,23626.8,23635.5,0
2026-05-20 08:37:00+00:00,23635.3,23640.55,23634.8,23637.1,0
2026-05-20 08:38:00+00:00,23637.35,23658.85,23637.1,23656.6,0
2026-05-20 08:39:00+00:00,23656.7,23662.7,23656.1,23661.1,0
2026-05-20 08:40:00+00:00,23661.1,23663.0,23653.65,23658.35,0
2026-05-20 08:41:00+00:00,23657.5,23664.4,23657.5,23659.4,0
2026-05-20 08:42:00+00:00,23659.25,23660.7,23651.3,23653.6,0
2026-05-20 08:43:00+00:00,23654.55,23661.6,23654.55,23661.6,0
2026-05-20 08:44:00+00:00,23660.05,23660.4,23651.4,23651.95,0
2026-05-20 08:45:00+00:00,23652.25,23658.55,23652.25,23657.55,0
2026-05-20 08:46:00+00:00,23657.2,23659.0,23654.2,23656.5,0
2026-05-20 08:47:00+00:00,23656.55,23658.3,23652.65,23654.3,0
2026-05-20 08:48:00+00:00,23654.5,23655.95,23647.2,23648.1,0
2026-05-20 08:49:00+00:00,23648.0,23649.75,23643.1,23647.4,0
2026-05-20 08:50:00+00:00,23646.7,23651.75,23641.95,23651.75,0
2026-05-20 08:51:00+00:00,23651.8,23662.5,23650.4,23662.5,0
2026-05-20 08:52:00+00:00,23662.7,23670.9,23662.65,23667.1,0
2026-05-20 08:53:00+00:00,23667.85,23674.65,23667.1,23673.15,0
2026-05-20 08:54:00+00:00,23673.45,23678.95,23672.05,23674.1,0
2026-05-20 08:55:00+00:00,23674.15,23675.4,23662.0,23664.85,0
2026-05-20 08:56:00+00:00,23664.4,23665.6,23657.5,23659.05,0
2026-05-20 08:57:00+00:00,23658.65,23663.85,23656.95,23657.7,0
2026-05-20 08:58:00+00:00,23658.25,23661.15,23655.35,23660.6,0
2026-05-20 08:59:00+00:00,23660.95,23667.05,23658.45,23665.35,0
2026-05-20 09:00:00+00:00,23665.45,23674.0,23665.45,23672.8,0
2026-05-20 09:01:00+00:00,23673.1,23675.7,23665.3,23666.8,0
2026-05-20 09:02:00+00:00,23667.1,23670.3,23664.05,23665.7,0
2026-05-20 09:03:00+00:00,23665.6,23668.4,23659.95,23663.2,0
2026-05-20 09:04:00+00:00,23662.7,23663.2,23655.9,23660.9,0
2026-05-20 09:05:00+00:00,23660.8,23664.65,23654.9,23655.4,0
2026-05-20 09:06:00+00:00,23654.85,23660.05,23652.6,23659.4,0
2026-05-20 09:07:00+00:00,23659.5,23663.9,23659.2,23661.65,0
2026-05-20 09:08:00+00:00,23661.3,23664.55,23660.0,23663.85,0
2026-05-20 09:09:00+00:00,23663.7,23669.9,23663.7,23668.4,0
2026-05-20 09:10:00+00:00,23668.6,23678.2,23668.6,23677.3,0
2026-05-20 09:11:00+00:00,23678.4,23681.55,23672.7,23673.4,0
2026-05-20 09:12:00+00:00,23674.1,23678.65,23671.9,23672.85,0
2026-05-20 09:13:00+00:00,23673.2,23680.15,23672.75,23679.65,0
2026-05-20 09:14:00+00:00,23679.8,23681.1,23675.45,23677.6,0
2026-05-20 09:15:00+00:00,23677.75,23680.2,23673.65,23673.7,0
2026-05-20 09:16:00+00:00,23674.45,23683.85,23673.7,23681.45,0
2026-05-20 09:17:00+00:00,23681.3,23683.9,23676.7,23678.4,0
2026-05-20 09:18:00+00:00,23678.4,23681.3,23677.0,23679.65,0
2026-05-20 09:19:00+00:00,23679.5,23684.75,23679.5,23684.05,0
2026-05-20 09:20:00+00:00,23684.15,23686.4,23681.15,23681.75,0
2026-05-20 09:21:00+00:00,23681.7,23683.75,23674.75,23676.5,0
2026-05-20 09:22:00+00:00,23676.5,23684.9,23676.2,23684.15,0
2026-05-20 09:23:00+00:00,23684.4,23688.35,23683.8,23686.25,0
2026-05-20 09:24:00+00:00,23686.3,23687.45,23682.2,23685.1,0
2026-05-20 09:25:00+00:00,23684.95,23688.95,23683.7,23688.2,0
2026-05-20 09:26:00+00:00,23687.95,23690.35,23684.45,23685.65,0
2026-05-20 09:27:00+00:00,23685.35,23686.25,23679.1,23683.05,0
2026-05-20 09:28:00+00:00,23682.8,23690.9,23681.75,23689.55,0
2026-05-20 09:29:00+00:00,23689.15,23690.4,23679.15,23679.15,0
2026-05-20 09:30:00+00:00,23680.1,23680.75,23645.25,23649.9,0
2026-05-20 09:31:00+00:00,23650.6,23661.8,23649.35,23651.95,0
2026-05-20 09:32:00+00:00,23651.95,23652.95,23640.65,23641.15,0
2026-05-20 09:33:00+00:00,23641.7,23647.7,23639.6,23646.6,0
2026-05-20 09:34:00+00:00,23646.9,23648.25,23641.35,23643.5,0
2026-05-20 09:35:00+00:00,23643.75,23648.25,23641.7,23643.2,0
2026-05-20 09:36:00+00:00,23643.15,23660.1,23642.4,23659.0,0
2026-05-20 09:37:00+00:00,23659.25,23667.7,23658.25,23666.4,0
2026-05-20 09:38:00+00:00,23666.95,23669.55,23663.75,23668.9,0
2026-05-20 09:39:00+00:00,23669.7,23673.45,23665.6,23672.35,0
2026-05-20 09:40:00+00:00,23672.35,23673.05,23665.5,23668.9,0
2026-05-20 09:41:00+00:00,23669.2,23673.55,23667.8,23671.4,0
2026-05-20 09:42:00+00:00,23672.15,23675.3,23668.45,23672.65,0
2026-05-20 09:43:00+00:00,23672.75,23674.2,23664.85,23667.0,0
2026-05-20 09:44:00+00:00,23668.0,23668.6,23665.65,23667.9,0
2026-05-20 09:45:00+00:00,23668.05,23670.25,23663.5,23665.85,0
2026-05-20 09:46:00+00:00,23666.1,23671.05,23663.85,23669.8,0
2026-05-20 09:47:00+00:00,23669.85,23670.55,23665.85,23667.45,0
2026-05-20 09:48:00+00:00,23668.05,23668.05,23660.9,23665.1,0
2026-05-20 09:49:00+00:00,23665.5,23665.5,23658.55,23659.5,0
2026-05-20 09:50:00+00:00,23659.95,23660.8,23651.4,23656.45,0
2026-05-20 09:51:00+00:00,23656.45,23661.55,23653.75,23660.45,0
2026-05-20 09:52:00+00:00,23659.35,23661.5,23656.4,23657.3,0
2026-05-20 09:53:00+00:00,23658.25,23662.4,23655.05,23661.7,0
2026-05-20 09:54:00+00:00,23661.75,23663.1,23658.1,23658.3,0
2026-05-20 09:55:00+00:00,23660.65,23669.85,23656.2,23658.9,0
2026-05-20 09:56:00+00:00,23661.25,23661.95,23654.85,23656.15,0
2026-05-20 09:57:00+00:00,23656.8,23660.15,23655.25,23659.25,0
2026-05-20 09:58:00+00:00,23659.75,23666.4,23658.4,23663.75,0
2026-05-20 09:59:00+00:00,23665.75,23672.35,23658.0,23664.15,0
2026-05-21 03:45:00+00:00,23830.05,23859.9,23817.6,23835.85,0
2026-05-21 03:46:00+00:00,23838.15,23838.15,23809.95,23816.9,0
2026-05-21 03:47:00+00:00,23817.7,23817.95,23792.7,23795.05,0
2026-05-21 03:48:00+00:00,23794.55,23801.65,23783.35,23786.45,0
2026-05-21 03:49:00+00:00,23787.3,23787.3,23765.1,23768.45,0
2026-05-21 03:50:00+00:00,23768.0,23771.5,23752.05,23757.95,0
2026-05-21 03:51:00+00:00,23758.55,23771.9,23753.7,23768.85,0
2026-05-21 03:52:00+00:00,23769.9,23774.2,23761.95,23763.85,0
2026-05-21 03:53:00+00:00,23765.95,23787.3,23762.35,23786.15,0
2026-05-21 03:54:00+00:00,23787.25,23787.25,23769.15,23775.05,0
2026-05-21 03:55:00+00:00,23776.8,23778.45,23766.3,23774.35,0
2026-05-21 03:56:00+00:00,23777.2,23780.85,23764.25,23766.0,0
2026-05-21 03:57:00+00:00,23767.4,23776.3,23766.2,23772.45,0
2026-05-21 03:58:00+00:00,23773.8,23773.8,23750.85,23758.15,0
2026-05-21 03:59:00+00:00,23759.9,23760.95,23755.4,23758.1,0
2026-05-21 04:00:00+00:00,23760.15,23774.25,23756.9,23772.15,0
2026-05-21 04:01:00+00:00,23773.5,23774.7,23762.65,23765.85,0
2026-05-21 04:02:00+00:00,23766.55,23766.55,23746.5,23747.45,0
2026-05-21 04:03:00+00:00,23748.1,23748.2,23736.25,23737.25,0
2026-05-21 04:04:00+00:00,23738.4,23739.65,23728.05,23738.3,0
2026-05-21 04:05:00+00:00,23740.4,23741.95,23731.3,23735.9,0
2026-05-21 04:06:00+00:00,23736.75,23753.45,23735.55,23746.65,0
2026-05-21 04:07:00+00:00,23748.35,23761.15,23745.4,23760.65,0
2026-05-21 04:08:00+00:00,23761.55,23766.2,23756.7,23759.65,0
2026-05-21 04:09:00+00:00,23759.15,23773.2,23757.1,23768.95,0
2026-05-21 04:10:00+00:00,23769.5,23773.6,23764.6,23772.45,0
2026-05-21 04:11:00+00:00,23773.7,23774.95,23757.2,23757.9,0
2026-05-21 04:12:00+00:00,23758.75,23773.45,23755.8,23769.1,0
2026-05-21 04:13:00+00:00,23771.15,23782.1,23768.85,23779.65,0
2026-05-21 04:14:00+00:00,23780.1,23794.2,23778.9,23793.15,0
2026-05-21 04:15:00+00:00,23793.9,23796.85,23787.85,23792.6,0
2026-05-21 04:16:00+00:00,23793.9,23795.85,23786.25,23789.5,0
2026-05-21 04:17:00+00:00,23790.0,23795.15,23786.65,23791.95,0
2026-05-21 04:18:00+00:00,23791.8,23794.85,23779.25,23781.0,0
2026-05-21 04:19:00+00:00,23780.8,23788.15,23777.2,23785.55,0
2026-05-21 04:20:00+00:00,23787.4,23791.65,23781.75,23787.7,0
2026-05-21 04:21:00+00:00,23790.6,23793.5,23784.2,23790.85,0
2026-05-21 04:22:00+00:00,23792.45,23792.45,23786.55,23788.05,0
2026-05-21 04:23:00+00:00,23790.05,23807.35,23788.0,23804.4,0
2026-05-21 04:24:00+00:00,23806.05,23812.0,23802.65,23807.05,0
2026-05-21 04:25:00+00:00,23808.25,23810.3,23805.25,23805.5,0
2026-05-21 04:26:00+00:00,23806.3,23806.3,23795.15,23798.6,0
2026-05-21 04:27:00+00:00,23800.5,23806.1,23794.1,23794.2,0
2026-05-21 04:28:00+00:00,23795.8,23796.05,23776.15,23778.7,0
2026-05-21 04:29:00+00:00,23779.45,23781.7,23767.9,23768.35,0
2026-05-21 04:30:00+00:00,23769.55,23776.2,23768.3,23775.25,0
2026-05-21 04:31:00+00:00,23776.85,23788.9,23775.2,23787.0,0
2026-05-21 04:32:00+00:00,23789.05,23789.4,23777.4,23788.35,0
2026-05-21 04:33:00+00:00,23789.5,23790.1,23780.05,23780.95,0
2026-05-21 04:34:00+00:00,23782.1,23783.85,23778.05,23781.85,0
2026-05-21 04:35:00+00:00,23782.95,23785.65,23778.6,23778.65,0
2026-05-21 04:36:00+00:00,23779.7,23782.1,23765.0,23766.6,0
2026-05-21 04:37:00+00:00,23767.7,23770.85,23755.9,23757.65,0
2026-05-21 04:38:00+00:00,23759.7,23761.85,23752.95,23757.8,0
2026-05-21 04:39:00+00:00,23757.85,23765.05,23756.1,23763.6,0
2026-05-21 04:40:00+00:00,23766.55,23771.15,23760.65,23762.5,0
2026-05-21 04:41:00+00:00,23764.05,23766.75,23760.15,23760.2,0
2026-05-21 04:42:00+00:00,23761.8,23772.7,23759.65,23767.15,0
2026-05-21 04:43:00+00:00,23767.95,23774.1,23762.55,23767.2,0
2026-05-21 04:44:00+00:00,23768.05,23771.45,23764.45,23767.45,0
2026-05-21 04:45:00+00:00,23768.2,23779.95,23767.45,23778.65,0
2026-05-21 04:46:00+00:00,23776.95,23784.1,23775.75,23782.3,0
2026-05-21 04:47:00+00:00,23783.45,23784.8,23777.9,23781.25,0
2026-05-21 04:48:00+00:00,23783.2,23783.2,23774.15,23779.0,0
2026-05-21 04:49:00+00:00,23778.75,23779.95,23774.0,23776.5,0
2026-05-21 04:50:00+00:00,23777.7,23783.0,23772.35,23775.85,0
2026-05-21 04:51:00+00:00,23777.65,23783.15,23772.4,23773.5,0
2026-05-21 04:52:00+00:00,23775.45,23779.45,23766.75,23779.45,0
2026-05-21 04:53:00+00:00,23780.45,23782.1,23772.6,23778.55,0
2026-05-21 04:54:00+00:00,23780.1,23780.1,23768.75,23770.6,0
2026-05-21 04:55:00+00:00,23771.75,23772.55,23765.35,23769.85,0
2026-05-21 04:56:00+00:00,23771.2,23774.7,23770.1,23771.85,0
2026-05-21 04:57:00+00:00,23772.8,23777.65,23766.45,23775.0,0
2026-05-21 04:58:00+00:00,23776.75,23789.15,23774.35,23788.4,0
2026-05-21 04:59:00+00:00,23786.05,23790.55,23772.7,23780.0,0
2026-05-21 05:00:00+00:00,23781.75,23783.0,23776.1,23781.8,0
2026-05-21 05:01:00+00:00,23782.25,23790.0,23779.95,23787.25,0
2026-05-21 05:02:00+00:00,23788.1,23789.1,23777.55,23778.0,0
2026-05-21 05:03:00+00:00,23777.9,23778.85,23768.05,23771.75,0
2026-05-21 05:04:00+00:00,23772.4,23772.85,23761.25,23762.25,0
2026-05-21 05:05:00+00:00,23762.45,23766.0,23758.8,23760.95,0
2026-05-21 05:06:00+00:00,23762.15,23767.4,23758.9,23759.3,0
2026-05-21 05:07:00+00:00,23760.25,23762.85,23747.35,23749.0,0
2026-05-21 05:08:00+00:00,23750.9,23750.9,23729.55,23729.9,0
2026-05-21 05:09:00+00:00,23730.95,23739.9,23729.4,23736.35,0
2026-05-21 05:10:00+00:00,23738.0,23739.2,23734.25,23738.5,0
2026-05-21 05:11:00+00:00,23739.85,23754.4,23738.85,23743.2,0
2026-05-21 05:12:00+00:00,23745.25,23752.95,23743.05,23752.95,0
2026-05-21 05:13:00+00:00,23755.9,23761.55,23754.4,23761.35,0
2026-05-21 05:14:00+00:00,23762.3,23764.8,23760.45,23764.8,0
2026-05-21 05:15:00+00:00,23765.75,23771.4,23765.35,23770.4,0
2026-05-21 05:16:00+00:00,23771.65,23773.95,23769.25,23772.95,0
2026-05-21 05:17:00+00:00,23774.2,23774.2,23757.8,23758.45,0
2026-05-21 05:18:00+00:00,23759.15,23761.2,23755.75,23757.75,0
2026-05-21 05:19:00+00:00,23758.85,23758.9,23746.6,23748.95,0
2026-05-21 05:20:00+00:00,23750.55,23753.05,23746.4,23749.6,0
2026-05-21 05:21:00+00:00,23750.35,23751.65,23743.15,23743.75,0
2026-05-21 05:22:00+00:00,23744.35,23744.6,23735.95,23738.75,0
2026-05-21 05:23:00+00:00,23739.45,23739.65,23733.35,23735.25,0
2026-05-21 05:24:00+00:00,23737.9,23749.75,23736.15,23748.85,0
2026-05-21 05:25:00+00:00,23750.9,23750.9,23731.3,23734.25,0
2026-05-21 05:26:00+00:00,23734.8,23735.35,23717.85,23727.45,0
2026-05-21 05:27:00+00:00,23730.4,23734.1,23729.35,23730.1,0
2026-05-21 05:28:00+00:00,23731.05,23738.1,23729.0,23729.35,0
2026-05-21 05:29:00+00:00,23729.5,23729.5,23721.65,23723.75,0
2026-05-21 05:30:00+00:00,23726.15,23726.15,23706.9,23711.05,0
2026-05-21 05:31:00+00:00,23713.6,23714.9,23707.1,23710.55,0
2026-05-21 05:32:00+00:00,23712.2,23717.9,23709.35,23717.9,0
2026-05-21 05:33:00+00:00,23719.2,23721.7,23715.1,23716.1,0
2026-05-21 05:34:00+00:00,23717.3,23717.85,23711.45,23713.4,0
2026-05-21 05:35:00+00:00,23715.2,23717.65,23707.45,23710.65,0
2026-05-21 05:36:00+00:00,23712.55,23713.3,23706.6,23708.15,0
2026-05-21 05:37:00+00:00,23710.2,23713.45,23704.75,23709.45,0
2026-05-21 05:38:00+00:00,23710.5,23713.15,23707.05,23712.45,0
2026-05-21 05:39:00+00:00,23713.55,23717.65,23712.1,23717.4,0
2026-05-21 05:40:00+00:00,23718.9,23718.9,23710.6,23712.9,0
2026-05-21 05:41:00+00:00,23713.0,23718.35,23703.45,23704.85,0
2026-05-21 05:42:00+00:00,23705.1,23711.1,23704.5,23709.75,0
2026-05-21 05:43:00+00:00,23711.15,23711.15,23699.2,23702.45,0
2026-05-21 05:44:00+00:00,23702.95,23705.35,23695.35,23697.05,0
2026-05-21 05:45:00+00:00,23698.2,23698.2,23686.9,23687.2,0
2026-05-21 05:46:00+00:00,23688.7,23688.7,23671.15,23671.7,0
2026-05-21 05:47:00+00:00,23671.9,23671.9,23640.45,23641.25,0
2026-05-21 05:48:00+00:00,23642.65,23661.1,23639.9,23661.1,0
2026-05-21 05:49:00+00:00,23662.15,23679.3,23660.75,23678.65,0
2026-05-21 05:50:00+00:00,23679.35,23687.25,23675.6,23685.4,0
2026-05-21 05:51:00+00:00,23686.35,23689.3,23678.25,23688.55,0
2026-05-21 05:52:00+00:00,23689.9,23698.95,23685.45,23697.1,0
2026-05-21 05:53:00+00:00,23698.55,23702.1,23696.2,23700.9,0
2026-05-21 05:54:00+00:00,23702.55,23714.9,23701.75,23713.6,0
2026-05-21 05:55:00+00:00,23715.45,23718.15,23706.75,23717.3,0
2026-05-21 05:56:00+00:00,23719.0,23722.75,23716.8,23720.9,0
2026-05-21 05:57:00+00:00,23722.4,23732.85,23721.0,23731.05,0
2026-05-21 05:58:00+00:00,23732.1,23746.0,23730.15,23745.6,0
2026-05-21 05:59:00+00:00,23745.5,23746.45,23739.65,23742.55,0
2026-05-21 06:00:00+00:00,23744.2,23744.4,23726.55,23734.75,0
2026-05-21 06:01:00+00:00,23735.85,23736.5,23727.0,23729.85,0
2026-05-21 06:02:00+00:00,23730.9,23732.95,23725.75,23731.9,0
2026-05-21 06:03:00+00:00,23733.3,23739.05,23730.35,23737.0,0
2026-05-21 06:04:00+00:00,23737.7,23738.1,23733.6,23735.05,0
2026-05-21 06:05:00+00:00,23736.25,23737.1,23730.55,23731.0,0
2026-05-21 06:06:00+00:00,23731.75,23739.7,23730.3,23738.05,0
2026-05-21 06:07:00+00:00,23738.5,23739.1,23733.75,23737.75,0
2026-05-21 06:08:00+00:00,23739.2,23740.2,23731.5,23732.35,0
2026-05-21 06:09:00+00:00,23733.55,23735.85,23729.15,23729.9,0
2026-05-21 06:10:00+00:00,23732.4,23733.95,23726.65,23727.45,0
2026-05-21 06:11:00+00:00,23728.3,23731.35,23725.95,23728.8,0
2026-05-21 06:12:00+00:00,23728.95,23732.2,23725.8,23729.6,0
2026-05-21 06:13:00+00:00,23730.6,23730.8,23721.95,23722.35,0
2026-05-21 06:14:00+00:00,23723.75,23731.15,23721.7,23731.15,0
2026-05-21 06:15:00+00:00,23731.65,23734.65,23729.4,23731.6,0
2026-05-21 06:16:00+00:00,23733.65,23733.65,23725.3,23727.55,0
2026-05-21 06:17:00+00:00,23728.1,23729.6,23725.1,23725.7,0
2026-05-21 06:18:00+00:00,23727.15,23727.15,23720.25,23720.45,0
2026-05-21 06:19:00+00:00,23720.6,23723.7,23716.45,23723.55,0
2026-05-21 06:20:00+00:00,23724.1,23726.15,23721.25,23724.75,0
2026-05-21 06:21:00+00:00,23725.55,23743.05,23723.9,23742.55,0
2026-05-21 06:22:00+00:00,23743.55,23744.8,23732.15,23733.3,0
2026-05-21 06:23:00+00:00,23734.55,23734.85,23728.45,23730.65,0
2026-05-21 06:24:00+00:00,23733.9,23734.25,23726.55,23726.7,0
2026-05-21 06:25:00+00:00,23727.4,23732.25,23718.2,23719.0,0
2026-05-21 06:26:00+00:00,23720.55,23723.3,23718.55,23719.75,0
2026-05-21 06:27:00+00:00,23720.95,23720.95,23711.65,23715.2,0
2026-05-21 06:28:00+00:00,23716.75,23725.55,23715.4,23725.25,0
2026-05-21 06:29:00+00:00,23726.5,23726.5,23714.65,23716.75,0
2026-05-21 06:30:00+00:00,23717.7,23722.85,23717.35,23722.6,0
2026-05-21 06:31:00+00:00,23722.3,23725.75,23720.7,23724.85,0
2026-05-21 06:32:00+00:00,23726.35,23735.55,23724.7,23735.1,0
2026-05-21 06:33:00+00:00,23736.55,23742.25,23734.85,23740.35,0
2026-05-21 06:34:00+00:00,23741.7,23741.7,23729.6,23732.05,0
2026-05-21 06:35:00+00:00,23731.85,23735.3,23727.6,23732.15,0
2026-05-21 06:36:00+00:00,23733.25,23737.25,23729.3,23729.5,0
2026-05-21 06:37:00+00:00,23730.6,23730.6,23725.75,23727.0,0
2026-05-21 06:38:00+00:00,23728.8,23737.6,23728.0,23736.2,0
2026-05-21 06:39:00+00:00,23737.55,23741.25,23733.4,23734.0,0
2026-05-21 06:40:00+00:00,23735.75,23740.9,23734.2,23735.5,0
2026-05-21 06:41:00+00:00,23736.2,23736.25,23729.15,23730.65,0
2026-05-21 06:42:00+00:00,23732.0,23735.9,23730.1,23732.1,0
2026-05-21 06:43:00+00:00,23733.0,23733.05,23714.05,23715.05,0
2026-05-21 06:44:00+00:00,23715.4,23715.8,23704.8,23705.05,0
2026-05-21 06:45:00+00:00,23706.05,23709.25,23702.85,23708.75,0
2026-05-21 06:46:00+00:00,23709.5,23710.55,23705.35,23710.2,0
2026-05-21 06:47:00+00:00,23711.65,23718.9,23709.2,23709.2,0
2026-05-21 06:48:00+00:00,23711.0,23711.4,23698.4,23698.4,0
2026-05-21 06:49:00+00:00,23699.05,23708.8,23692.95,23708.5,0
2026-05-21 06:50:00+00:00,23710.3,23714.05,23700.15,23702.9,0
2026-05-21 06:51:00+00:00,23704.3,23711.3,23702.85,23709.8,0
2026-05-21 06:52:00+00:00,23711.2,23715.8,23708.7,23713.7,0
2026-05-21 06:53:00+00:00,23715.0,23716.0,23704.95,23705.35,0
2026-05-21 06:54:00+00:00,23704.1,23704.1,23691.0,23692.15,0
2026-05-21 06:55:00+00:00,23692.55,23696.25,23690.65,23695.05,0
2026-05-21 06:56:00+00:00,23697.35,23697.6,23673.6,23673.7,0
2026-05-21 06:57:00+00:00,23673.15,23673.9,23652.3,23654.1,0
2026-05-21 06:58:00+00:00,23654.5,23668.5,23649.5,23668.3,0
2026-05-21 06:59:00+00:00,23668.6,23675.15,23663.25,23663.8,0
2026-05-21 07:00:00+00:00,23663.4,23664.35,23654.65,23654.65,0
2026-05-21 07:01:00+00:00,23654.95,23656.85,23652.4,23652.9,0
2026-05-21 07:02:00+00:00,23653.85,23659.25,23652.0,23655.3,0
2026-05-21 07:03:00+00:00,23654.4,23662.4,23652.2,23659.8,0
2026-05-21 07:04:00+00:00,23659.45,23673.95,23659.45,23669.6,0
2026-05-21 07:05:00+00:00,23669.35,23669.85,23659.65,23659.75,0
2026-05-21 07:06:00+00:00,23660.6,23663.3,23657.0,23658.6,0
2026-05-21 07:07:00+00:00,23659.75,23663.35,23641.05,23641.05,0
2026-05-21 07:08:00+00:00,23641.35,23645.8,23634.2,23634.3,0
2026-05-21 07:09:00+00:00,23634.8,23634.8,23624.1,23632.35,0
2026-05-21 07:10:00+00:00,23632.1,23634.3,23618.1,23619.25,0
2026-05-21 07:11:00+00:00,23617.6,23619.45,23607.45,23608.1,0
2026-05-21 07:12:00+00:00,23608.6,23627.3,23607.35,23626.95,0
2026-05-21 07:13:00+00:00,23627.55,23638.75,23626.85,23637.8,0
2026-05-21 07:14:00+00:00,23637.75,23648.95,23637.75,23640.1,0
2026-05-21 07:15:00+00:00,23641.25,23641.25,23619.85,23623.35,0
2026-05-21 07:16:00+00:00,23622.45,23624.15,23614.6,23618.6,0
2026-05-21 07:17:00+00:00,23619.45,23631.75,23613.85,23631.75,0
2026-05-21 07:18:00+00:00,23630.8,23640.55,23626.0,23626.65,0
2026-05-21 07:19:00+00:00,23626.15,23631.35,23624.65,23630.9,0
2026-05-21 07:20:00+00:00,23631.2,23636.9,23630.3,23635.85,0
2026-05-21 07:21:00+00:00,23636.2,23641.55,23635.3,23637.95,0
2026-05-21 07:22:00+00:00,23638.6,23640.65,23635.15,23639.9,0
2026-05-21 07:23:00+00:00,23640.4,23646.85,23639.75,23644.55,0
2026-05-21 07:24:00+00:00,23644.35,23644.35,23637.8,23641.65,0
2026-05-21 07:25:00+00:00,23641.35,23643.3,23635.95,23636.4,0
2026-05-21 07:26:00+00:00,23637.65,23638.85,23629.55,23632.7,0
2026-05-21 07:27:00+00:00,23632.45,23635.0,23625.8,23627.0,0
2026-05-21 07:28:00+00:00,23626.8,23629.85,23622.5,23622.65,0
2026-05-21 07:29:00+00:00,23623.25,23628.2,23619.35,23624.2,0
2026-05-21 07:30:00+00:00,23625.2,23627.5,23620.25,23620.7,0
2026-05-21 07:31:00+00:00,23621.25,23623.55,23609.5,23613.3,0
2026-05-21 07:32:00+00:00,23614.35,23618.6,23609.25,23609.45,0
2026-05-21 07:33:00+00:00,23610.4,23610.9,23596.6,23603.75,0
2026-05-21 07:34:00+00:00,23604.1,23620.55,23603.6,23620.0,0
2026-05-21 07:35:00+00:00,23619.85,23625.55,23619.0,23624.05,0
2026-05-21 07:36:00+00:00,23624.15,23632.85,23624.15,23626.05,0
2026-05-21 07:37:00+00:00,23626.7,23627.6,23621.9,23623.75,0
2026-05-21 07:38:00+00:00,23624.6,23631.3,23614.75,23631.3,0
2026-05-21 07:39:00+00:00,23628.85,23641.8,23628.75,23637.75,0
2026-05-21 07:40:00+00:00,23637.8,23651.15,23637.8,23648.9,0
2026-05-21 07:41:00+00:00,23649.4,23653.95,23638.25,23639.2,0
2026-05-21 07:42:00+00:00,23639.1,23641.5,23632.45,23641.3,0
2026-05-21 07:43:00+00:00,23640.3,23644.0,23639.7,23642.9,0
2026-05-21 07:44:00+00:00,23643.0,23647.15,23640.4,23640.7,0
2026-05-21 07:45:00+00:00,23641.25,23642.65,23636.3,23640.3,0
2026-05-21 07:46:00+00:00,23639.5,23647.95,23639.2,23639.85,0
2026-05-21 07:47:00+00:00,23639.9,23647.1,23639.75,23642.55,0
2026-05-21 07:48:00+00:00,23642.95,23645.15,23636.2,23636.55,0
2026-05-21 07:49:00+00:00,23637.15,23644.55,23635.9,23643.4,0
2026-05-21 07:50:00+00:00,23643.4,23651.1,23639.6,23648.65,0
2026-05-21 07:51:00+00:00,23648.5,23650.55,23640.35,23640.7,0
2026-05-21 07:52:00+00:00,23641.3,23643.2,23637.85,23639.95,0
2026-05-21 07:53:00+00:00,23639.65,23644.15,23638.4,23640.0,0
2026-05-21 07:54:00+00:00,23639.9,23642.65,23635.6,23636.7,0
2026-05-21 07:55:00+00:00,23637.8,23643.3,23636.8,23638.75,0
2026-05-21 07:56:00+00:00,23639.35,23641.55,23635.45,23635.95,0
2026-05-21 07:57:00+00:00,23636.15,23642.7,23635.65,23641.75,0
2026-05-21 07:58:00+00:00,23641.35,23643.4,23635.95,23637.9,0
2026-05-21 07:59:00+00:00,23639.65,23640.35,23630.65,23631.6,0
2026-05-21 08:00:00+00:00,23632.4,23634.15,23624.55,23625.6,0
2026-05-21 08:01:00+00:00,23625.5,23629.6,23623.15,23623.5,0
2026-05-21 08:02:00+00:00,23623.55,23634.9,23622.75,23634.55,0
2026-05-21 08:03:00+00:00,23635.0,23649.25,23634.7,23642.55,0
2026-05-21 08:04:00+00:00,23643.45,23647.45,23640.25,23647.35,0
2026-05-21 08:05:00+00:00,23648.35,23651.7,23645.25,23651.6,0
2026-05-21 08:06:00+00:00,23650.85,23661.75,23649.15,23661.75,0
2026-05-21 08:07:00+00:00,23661.95,23674.55,23661.5,23669.2,0
2026-05-21 08:08:00+00:00,23669.5,23670.55,23661.65,23667.4,0
2026-05-21 08:09:00+00:00,23668.05,23672.7,23662.35,23663.35,0
2026-05-21 08:10:00+00:00,23663.5,23668.95,23662.2,23668.4,0
2026-05-21 08:11:00+00:00,23666.95,23687.5,23666.95,23684.8,0
2026-05-21 08:12:00+00:00,23684.9,23686.95,23677.9,23679.0,0
2026-05-21 08:13:00+00:00,23679.4,23679.4,23671.95,23673.65,0
2026-05-21 08:14:00+00:00,23673.55,23687.5,23672.85,23681.35,0
2026-05-21 08:15:00+00:00,23681.75,23686.75,23681.35,23683.65,0
2026-05-21 08:16:00+00:00,23683.6,23689.2,23681.05,23681.25,0
2026-05-21 08:17:00+00:00,23682.25,23691.8,23680.1,23685.8,0
2026-05-21 08:18:00+00:00,23686.85,23689.9,23676.6,23677.3,0
2026-05-21 08:19:00+00:00,23676.95,23680.1,23664.4,23665.15,0
2026-05-21 08:20:00+00:00,23665.0,23666.45,23654.85,23656.8,0
2026-05-21 08:21:00+00:00,23656.55,23663.1,23647.65,23648.5,0
2026-05-21 08:22:00+00:00,23648.7,23654.7,23646.5,23651.7,0
2026-05-21 08:23:00+00:00,23651.9,23657.9,23650.65,23655.35,0
2026-05-21 08:24:00+00:00,23655.2,23656.55,23645.85,23650.6,0
2026-05-21 08:25:00+00:00,23651.6,23654.0,23648.3,23650.0,0
2026-05-21 08:26:00+00:00,23650.15,23651.95,23640.3,23641.2,0
2026-05-21 08:27:00+00:00,23642.7,23654.35,23640.35,23652.6,0
2026-05-21 08:28:00+00:00,23653.2,23656.3,23650.6,23655.5,0
2026-05-21 08:29:00+00:00,23655.85,23675.85,23654.5,23673.35,0
2026-05-21 08:30:00+00:00,23673.95,23674.05,23657.7,23659.05,0
2026-05-21 08:31:00+00:00,23659.65,23661.25,23650.15,23651.35,0
2026-05-21 08:32:00+00:00,23651.05,23655.3,23646.5,23647.0,0
2026-05-21 08:33:00+00:00,23647.75,23655.85,23647.25,23652.25,0
2026-05-21 08:34:00+00:00,23651.6,23653.3,23644.9,23648.6,0
2026-05-21 08:35:00+00:00,23648.65,23651.1,23645.1,23648.6,0
2026-05-21 08:36:00+00:00,23648.8,23650.45,23643.4,23643.95,0
2026-05-21 08:37:00+00:00,23644.45,23649.1,23639.9,23644.35,0
2026-05-21 08:38:00+00:00,23645.2,23647.75,23643.7,23647.2,0
2026-05-21 08:39:00+00:00,23646.85,23648.55,23640.7,23642.7,0
2026-05-21 08:40:00+00:00,23642.55,23644.55,23638.1,23642.2,0
2026-05-21 08:41:00+00:00,23642.0,23650.1,23641.25,23647.65,0
2026-05-21 08:42:00+00:00,23647.4,23656.55,23644.4,23652.4,0
2026-05-21 08:43:00+00:00,23654.2,23663.3,23653.7,23660.1,0
2026-05-21 08:44:00+00:00,23661.1,23662.4,23647.15,23652.15,0
2026-05-21 08:45:00+00:00,23652.1,23652.1,23638.4,23647.9,0
2026-05-21 08:46:00+00:00,23649.05,23654.1,23644.3,23644.6,0
2026-05-21 08:47:00+00:00,23645.65,23655.9,23644.7,23655.85,0
2026-05-21 08:48:00+00:00,23655.6,23656.7,23647.4,23650.15,0
2026-05-21 08:49:00+00:00,23650.5,23653.95,23648.85,23651.55,0
2026-05-21 08:50:00+00:00,23651.75,23663.15,23651.6,23663.1,0
2026-05-21 08:51:00+00:00,23662.4,23667.0,23661.7,23665.7,0
2026-05-21 08:52:00+00:00,23666.6,23669.55,23665.25,23667.0,0
2026-05-21 08:53:00+00:00,23667.5,23669.6,23662.45,23666.55,0
2026-05-21 08:54:00+00:00,23666.6,23673.2,23666.25,23672.7,0
2026-05-21 08:55:00+00:00,23671.15,23676.2,23669.8,23675.6,0
2026-05-21 08:56:00+00:00,23675.15,23678.35,23673.6,23675.55,0
2026-05-21 08:57:00+00:00,23675.75,23677.3,23661.15,23662.25,0
2026-05-21 08:58:00+00:00,23662.9,23665.1,23647.05,23648.45,0
2026-05-21 08:59:00+00:00,23649.65,23653.85,23645.35,23652.4,0
2026-05-21 09:00:00+00:00,23653.6,23664.0,23650.4,23660.45,0
2026-05-21 09:01:00+00:00,23659.75,23676.7,23659.0,23676.65,0
2026-05-21 09:02:00+00:00,23678.3,23682.9,23664.7,23668.3,0
2026-05-21 09:03:00+00:00,23665.45,23667.9,23652.25,23656.9,0
2026-05-21 09:04:00+00:00,23656.3,23663.6,23651.35,23663.6,0
2026-05-21 09:05:00+00:00,23661.1,23676.1,23659.0,23672.35,0
2026-05-21 09:06:00+00:00,23672.8,23674.8,23669.15,23672.85,0
2026-05-21 09:07:00+00:00,23672.95,23678.05,23665.3,23666.0,0
2026-05-21 09:08:00+00:00,23666.5,23668.8,23665.15,23665.65,0
2026-05-21 09:09:00+00:00,23665.65,23668.2,23661.9,23663.1,0
2026-05-21 09:10:00+00:00,23663.7,23667.2,23660.5,23662.25,0
2026-05-21 09:11:00+00:00,23661.6,23682.6,23661.6,23681.7,0
2026-05-21 09:12:00+00:00,23680.95,23705.4,23680.95,23696.6,0
2026-05-21 09:13:00+00:00,23696.8,23698.75,23678.7,23679.05,0
2026-05-21 09:14:00+00:00,23679.75,23681.1,23669.2,23671.85,0
2026-05-21 09:15:00+00:00,23671.1,23679.45,23671.1,23675.95,0
2026-05-21 09:16:00+00:00,23679.15,23690.5,23669.5,23690.35,0
2026-05-21 09:17:00+00:00,23690.2,23691.3,23682.25,23682.25,0
2026-05-21 09:18:00+00:00,23682.6,23686.45,23680.3,23682.95,0
2026-05-21 09:19:00+00:00,23682.1,23686.8,23678.3,23678.3,0
2026-05-21 09:20:00+00:00,23679.1,23686.0,23678.75,23685.75,0
2026-05-21 09:21:00+00:00,23685.15,23691.0,23679.95,23684.15,0
2026-05-21 09:22:00+00:00,23684.7,23695.3,23684.45,23693.3,0
2026-05-21 09:23:00+00:00,23694.35,23696.6,23675.65,23676.95,0
2026-05-21 09:24:00+00:00,23676.85,23686.55,23673.55,23686.55,0
2026-05-21 09:25:00+00:00,23686.8,23690.85,23675.3,23677.4,0
2026-05-21 09:26:00+00:00,23678.8,23683.85,23675.1,23678.6,0
2026-05-21 09:27:00+00:00,23677.5,23693.5,23677.5,23685.6,0
2026-05-21 09:28:00+00:00,23685.5,23688.55,23679.7,23682.45,0
2026-05-21 09:29:00+00:00,23681.65,23681.65,23673.05,23679.55,0
2026-05-21 09:30:00+00:00,23678.75,23691.3,23677.95,23679.65,0
2026-05-21 09:31:00+00:00,23680.85,23683.65,23662.55,23663.35,0
2026-05-21 09:32:00+00:00,23663.95,23664.35,23649.25,23650.75,0
2026-05-21 09:33:00+00:00,23650.4,23664.1,23649.25,23663.15,0
2026-05-21 09:34:00+00:00,23664.65,23670.45,23655.9,23669.4,0
2026-05-21 09:35:00+00:00,23670.7,23673.8,23658.9,23663.3,0
2026-05-21 09:36:00+00:00,23666.05,23678.0,23659.75,23669.9,0
2026-05-21 09:37:00+00:00,23674.3,23678.25,23664.45,23664.45,0
2026-05-21 09:38:00+00:00,23664.45,23665.45,23651.4,23657.8,0
2026-05-21 09:39:00+00:00,23659.5,23659.9,23649.45,23655.2,0
2026-05-21 09:40:00+00:00,23654.8,23663.35,23654.15,23661.15,0
2026-05-21 09:41:00+00:00,23662.45,23668.0,23647.0,23647.75,0
2026-05-21 09:42:00+00:00,23647.7,23651.95,23646.7,23647.4,0
2026-05-21 09:43:00+00:00,23648.15,23656.85,23647.5,23652.1,0
2026-05-21 09:44:00+00:00,23652.1,23657.4,23637.05,23639.1,0
2026-05-21 09:45:00+00:00,23639.55,23646.85,23632.45,23646.6,0
2026-05-21 09:46:00+00:00,23645.45,23649.75,23636.55,23636.8,0
2026-05-21 09:47:00+00:00,23636.65,23639.1,23631.15,23635.35,0
2026-05-21 09:48:00+00:00,23634.6,23638.75,23631.1,23638.15,0
2026-05-21 09:49:00+00:00,23638.85,23643.6,23635.6,23636.6,0
2026-05-21 09:50:00+00:00,23635.9,23650.65,23635.05,23646.35,0
2026-05-21 09:51:00+00:00,23647.05,23648.4,23638.7,23639.1,0
2026-05-21 09:52:00+00:00,23638.8,23640.2,23633.7,23638.85,0
2026-05-21 09:53:00+00:00,23640.05,23648.8,23640.05,23647.4,0
2026-05-21 09:54:00+00:00,23647.25,23649.55,23642.4,23644.5,0
2026-05-21 09:55:00+00:00,23644.45,23646.35,23636.95,23641.15,0
2026-05-21 09:56:00+00:00,23642.0,23645.4,23639.1,23640.95,0
2026-05-21 09:57:00+00:00,23639.5,23643.35,23636.05,23641.05,0
2026-05-21 09:58:00+00:00,23642.6,23643.8,23636.65,23641.3,0
2026-05-21 09:59:00+00:00,23642.0,23652.45,23638.9,23648.6,0
