datetime,open,high,low,close,volume
2026-06-19 03:45:00+00:00,23991.2,23998.8,23947.25,23959.55,0
2026-06-19 03:46:00+00:00,23958.4,23971.65,23939.8,23971.3,0
2026-06-19 03:47:00+00:00,23970.4,23980.7,23962.55,23980.7,0
2026-06-19 03:48:00+00:00,23978.7,23980.85,23962.35,23977.8,0
2026-06-19 03:49:00+00:00,23977.15,23983.8,23970.6,23980.8,0
2026-06-19 03:50:00+00:00,23978.9,23981.2,23969.25,23976.35,0
2026-06-19 03:51:00+00:00,23976.15,23977.8,23969.9,23975.7,0
2026-06-19 03:52:00+00:00,23975.3,23977.5,23968.8,23972.25,0
2026-06-19 03:53:00+00:00,23971.7,23975.1,23967.0,23967.0,0
2026-06-19 03:54:00+00:00,23966.95,23968.7,23961.2,23963.05,0
2026-06-19 03:55:00+00:00,23963.75,23964.7,23945.65,23949.55,0
2026-06-19 03:56:00+00:00,23949.8,23960.35,23945.05,23959.85,0
2026-06-19 03:57:00+00:00,23960.6,23960.7,23952.8,23955.1,0
2026-06-19 03:58:00+00:00,23955.6,23959.75,23949.7,23957.5,0
2026-06-19 03:59:00+00:00,23957.35,23960.75,23953.5,23955.55,0
2026-06-19 04:00:00+00:00,23955.45,23957.0,23938.75,23946.1,0
2026-06-19 04:01:00+00:00,23944.6,23955.1,23943.2,23947.05,0
2026-06-19 04:02:00+00:00,23947.15,23954.9,23940.45,23954.85,0
2026-06-19 04:03:00+00:00,23954.85,23958.4,23952.55,23955.05,0
2026-06-19 04:04:00+00:00,23954.6,23956.15,23948.15,23950.05,0
2026-06-19 04:05:00+00:00,23950.0,23953.9,23946.1,23952.0,0
2026-06-19 04:06:00+00:00,23952.4,23969.4,23952.4,23968.05,0
2026-06-19 04:07:00+00:00,23967.45,23968.0,23958.2,23960.55,0
2026-06-19 04:08:00+00:00,23960.5,23962.55,23957.45,23959.9,0
2026-06-19 04:09:00+00:00,23959.55,23970.65,23958.4,23970.4,0
2026-06-19 04:10:00+00:00,23970.8,23981.95,23970.5,23979.2,0
2026-06-19 04:11:00+00:00,23979.75,23981.35,23967.9,23968.6,0
2026-06-19 04:12:00+00:00,23968.75,23974.75,23966.4,23971.6,0
2026-06-19 04:13:00+00:00,23971.15,23978.9,23971.15,23975.05,0
2026-06-19 04:14:00+00:00,23975.25,23977.8,23972.3,23975.2,0
2026-06-19 04:15:00+00:00,23975.1,23976.8,23963.9,23964.0,0
2026-06-19 04:16:00+00:00,23963.7,23971.4,23961.8,23969.45,0
2026-06-19 04:17:00+00:00,23969.9,23975.4,23965.45,23975.4,0
2026-06-19 04:18:00+00:00,23975.55,23976.5,23972.05,23972.5,0
2026-06-19 04:19:00+00:00,23973.2,23979.6,23972.15,23977.45,0
2026-06-19 04:20:00+00:00,23977.5,23978.6,23969.15,23971.7,0
2026-06-19 04:21:00+00:00,23971.85,23973.15,23965.0,23965.0,0
2026-06-19 04:22:00+00:00,23964.9,23973.45,23961.8,23973.4,0
2026-06-19 04:23:00+00:00,23973.65,23979.7,23970.15,23978.8,0
2026-06-19 04:24:00+00:00,23979.5,23986.7,23979.5,23985.1,0
2026-06-19 04:25:00+00:00,23986.3,23990.05,23984.65,23984.65,0
2026-06-19 04:26:00+00:00,23984.75,23989.4,23983.35,23983.9,0
2026-06-19 04:27:00+00:00,23983.7,23988.6,23982.4,23984.7,0
2026-06-19 04:28:00+00:00,23984.75,23987.75,23983.05,23987.75,0
2026-06-19 04:29:00+00:00,23987.45,23989.45,23986.45,23987.7,0
2026-06-19 04:30:00+00:00,23987.25,23989.05,23974.1,23975.6,0
2026-06-19 04:31:00+00:00,23975.45,23975.45,23967.35,23967.95,0
2026-06-19 04:32:00+00:00,23967.55,23971.35,23966.25,23967.2,0
2026-06-19 04:33:00+00:00,23966.95,23970.35,23963.6,23966.0,0
2026-06-19 04:34:00+00:00,23966.6,23973.55,23965.2,23973.55,0
2026-06-19 04:35:00+00:00,23973.4,23975.6,23970.2,23975.2,0
2026-06-19 04:36:00+00:00,23975.15,23983.0,23974.2,23982.65,0
2026-06-19 04:37:00+00:00,23982.35,23990.65,23980.75,23984.05,0
2026-06-19 04:38:00+00:00,23983.8,23989.3,23981.3,23987.15,0
2026-06-19 04:39:00+00:00,23987.35,23993.8,23986.6,23991.55,0
2026-06-19 04:40:00+00:00,23991.8,23996.5,23987.95,23995.35,0
2026-06-19 04:41:00+00:00,23995.0,23997.3,23992.75,23995.9,0
2026-06-19 04:42:00+00:00,23996.15,23998.9,23994.0,23997.3,0
2026-06-19 04:43:00+00:00,23997.75,24006.25,23996.05,24005.55,0
2026-06-19 04:44:00+00:00,24005.5,24011.25,24003.4,24010.35,0
2026-06-19 04:45:00+00:00,24009.85,24011.5,24005.2,24005.3,0
2026-06-19 04:46:00+00:00,24005.4,24006.5,23997.65,23998.8,0
2026-06-19 04:47:00+00:00,23999.85,24001.0,23992.3,23994.3,0
2026-06-19 04:48:00+00:00,23993.1,23997.2,23991.85,23996.45,0
2026-06-19 04:49:00+00:00,23996.05,24000.55,23991.65,23993.35,0
2026-06-19 04:50:00+00:00,23992.7,23997.0,23991.55,23992.9,0
2026-06-19 04:51:00+00:00,23992.65,23993.6,23985.65,23988.1,0
2026-06-19 04:52:00+00:00,23987.7,23989.4,23982.9,23989.15,0
2026-06-19 04:53:00+00:00,23988.25,23995.35,23987.15,23987.15,0
2026-06-19 04:54:00+00:00,23987.5,23988.4,23978.35,23981.95,0
2026-06-19 04:55:00+00:00,23982.35,23984.5,23979.85,23982.2,0
2026-06-19 04:56:00+00:00,23981.9,23984.25,23971.65,23974.0,0
2026-06-19 04:57:00+00:00,23974.3,23975.85,23969.65,23970.15,0
2026-06-19 04:58:00+00:00,23970.35,23972.85,23968.05,23968.8,0
2026-06-19 04:59:00+00:00,23968.9,23970.55,23965.25,23966.75,0
2026-06-19 05:00:00+00:00,23967.35,23972.05,23967.2,23969.85,0
2026-06-19 05:01:00+00:00,23969.2,23970.45,23963.85,23963.85,0
2026-06-19 05:02:00+00:00,23963.55,23964.65,23958.2,23960.35,0
2026-06-19 05:03:00+00:00,23959.95,23961.8,23954.7,23955.15,0
2026-06-19 05:04:00+00:00,23955.8,23961.8,23953.9,23960.75,0
2026-06-19 05:05:00+00:00,23961.05,23962.85,23958.75,23962.05,0
2026-06-19 05:06:00+00:00,23961.8,23967.25,23958.55,23958.65,0
2026-06-19 05:07:00+00:00,23958.7,23965.0,23958.45,23964.35,0
2026-06-19 05:08:00+00:00,23964.75,23967.85,23962.1,23967.85,0
2026-06-19 05:09:00+00:00,23968.25,23969.0,23966.0,23968.9,0
2026-06-19 05:10:00+00:00,23969.35,23972.6,23967.2,23968.75,0
2026-06-19 05:11:00+00:00,23968.35,23969.95,23959.95,23961.35,0
2026-06-19 05:12:00+00:00,23961.3,23961.9,23955.05,23958.3,0
2026-06-19 05:13:00+00:00,23958.3,23962.85,23956.05,23962.4,0
2026-06-19 05:14:00+00:00,23962.65,23971.35,23960.75,23970.2,0
2026-06-19 05:15:00+00:00,23971.15,23972.3,23965.75,23968.05,0
2026-06-19 05:16:00+00:00,23968.45,23970.85,23966.15,23967.2,0
2026-06-19 05:17:00+00:00,23967.65,23968.8,23965.9,23968.1,0
2026-06-19 05:18:00+00:00,23967.35,23969.65,23960.65,23962.65,0
2026-06-19 05:19:00+00:00,23962.8,23965.1,23955.85,23957.4,0
2026-06-19 05:20:00+00:00,23958.5,23960.0,23953.75,23954.25,0
2026-06-19 05:21:00+00:00,23953.35,23954.55,23949.5,23952.25,0
2026-06-19 05:22:00+00:00,23951.85,23955.75,23951.5,23953.9,0
2026-06-19 05:23:00+00:00,23953.35,23955.0,23944.8,23946.2,0
2026-06-19 05:24:00+00:00,23946.7,23947.65,23941.9,23946.6,0
2026-06-19 05:25:00+00:00,23947.2,23952.35,23944.6,23950.9,0
2026-06-19 05:26:00+00:00,23951.25,23952.95,23944.6,23946.8,0
2026-06-19 05:27:00+00:00,23947.15,23947.95,23941.25,23941.95,0
2026-06-19 05:28:00+00:00,23942.1,23947.4,23940.5,23945.8,0
2026-06-19 05:29:00+00:00,23946.1,23947.55,23943.8,23944.8,0
2026-06-19 05:30:00+00:00,23944.95,23948.0,23942.65,23946.8,0
2026-06-19 05:31:00+00:00,23946.95,23951.05,23943.65,23950.8,0
2026-06-19 05:32:00+00:00,23951.35,23956.05,23951.35,23954.05,0
2026-06-19 05:33:00+00:00,23953.8,23955.55,23944.75,23945.2,0
2026-06-19 05:34:00+00:00,23944.75,23946.4,23941.1,23945.55,0
2026-06-19 05:35:00+00:00,23946.0,23947.0,23942.35,23945.2,0
2026-06-19 05:36:00+00:00,23944.85,23946.0,23936.25,23939.55,0
2026-06-19 05:37:00+00:00,23939.0,23943.7,23939.0,23943.7,0
2026-06-19 05:38:00+00:00,23943.35,23947.05,23941.1,23945.6,0
2026-06-19 05:39:00+00:00,23945.95,23953.75,23945.1,23953.2,0
2026-06-19 05:40:00+00:00,23953.4,23957.85,23952.3,23957.55,0
2026-06-19 05:41:00+00:00,23958.15,23963.4,23957.8,23960.75,0
2026-06-19 05:42:00+00:00,23961.25,23965.5,23958.7,23964.4,0
2026-06-19 05:43:00+00:00,23963.9,23965.5,23959.9,23961.15,0
2026-06-19 05:44:00+00:00,23961.1,23964.55,23955.65,23964.5,0
2026-06-19 05:45:00+00:00,23964.7,23967.4,23958.95,23960.05,0
2026-06-19 05:46:00+00:00,23960.0,23961.25,23951.45,23956.15,0
2026-06-19 05:47:00+00:00,23955.65,23960.4,23955.4,23957.9,0
2026-06-19 05:48:00+00:00,23957.9,23959.3,23955.7,23958.65,0
2026-06-19 05:49:00+00:00,23957.85,23962.35,23957.5,23961.2,0
2026-06-19 05:50:00+00:00,23960.9,23962.1,23953.9,23954.3,0
2026-06-19 05:51:00+00:00,23955.35,23957.85,23951.25,23952.0,0
2026-06-19 05:52:00+00:00,23952.4,23956.4,23951.2,23955.15,0
2026-06-19 05:53:00+00:00,23955.1,23956.65,23948.6,23950.6,0
2026-06-19 05:54:00+00:00,23950.7,23953.6,23947.05,23947.9,0
2026-06-19 05:55:00+00:00,23949.0,23950.4,23942.15,23942.35,0
2026-06-19 05:56:00+00:00,23942.5,23947.45,23941.85,23946.3,0
2026-06-19 05:57:00+00:00,23945.7,23947.1,23942.7,23945.7,0
2026-06-19 05:58:00+00:00,23945.65,23949.3,23943.1,23948.7,0
2026-06-19 05:59:00+00:00,23948.5,23954.8,23947.3,23953.75,0
2026-06-19 06:00:00+00:00,23954.1,23955.45,23947.05,23955.45,0
2026-06-19 06:01:00+00:00,23954.8,23958.15,23953.75,23956.7,0
2026-06-19 06:02:00+00:00,23955.9,23961.75,23955.35,23959.85,0
2026-06-19 06:03:00+00:00,23960.2,23964.55,23959.3,23964.45,0
2026-06-19 06:04:00+00:00,23963.65,23964.75,23957.75,23960.7,0
2026-06-19 06:05:00+00:00,23960.55,23968.3,23960.3,23964.85,0
2026-06-19 06:06:00+00:00,23964.95,23965.8,23962.0,23963.2,0
2026-06-19 06:07:00+00:00,23963.2,23965.7,23959.4,23962.6,0
2026-06-19 06:08:00+00:00,23962.45,23963.7,23959.05,23960.15,0
2026-06-19 06:09:00+00:00,23960.35,23961.45,23952.75,23954.95,0
2026-06-19 06:10:00+00:00,23955.2,23960.1,23954.3,23955.75,0
2026-06-19 06:11:00+00:00,23956.2,23959.1,23954.55,23957.9,0
2026-06-19 06:12:00+00:00,23957.55,23959.9,23955.3,23957.6,0
2026-06-19 06:13:00+00:00,23956.95,23959.35,23952.15,23954.35,0
2026-06-19 06:14:00+00:00,23953.8,23955.45,23951.65,23954.45,0
2026-06-19 06:15:00+00:00,23954.55,23956.1,23946.8,23947.3,0
2026-06-19 06:16:00+00:00,23947.3,23949.5,23945.1,23945.8,0
2026-06-19 06:17:00+00:00,23945.8,23947.35,23941.35,23946.95,0
2026-06-19 06:18:00+00:00,23946.6,23947.35,23940.2,23941.8,0
2026-06-19 06:19:00+00:00,23940.85,23946.7,23940.55,23944.7,0
2026-06-19 06:20:00+00:00,23945.0,23949.55,23945.0,23945.9,0
2026-06-19 06:21:00+00:00,23945.75,23948.9,23944.6,23947.25,0
2026-06-19 06:22:00+00:00,23947.3,23949.7,23945.9,23949.25,0
2026-06-19 06:23:00+00:00,23949.15,23951.55,23945.35,23946.0,0
2026-06-19 06:24:00+00:00,23945.85,23947.65,23943.85,23944.5,0
2026-06-19 06:25:00+00:00,23945.15,23945.65,23940.75,23943.15,0
2026-06-19 06:26:00+00:00,23943.6,23948.4,23942.95,23947.95,0
2026-06-19 06:27:00+00:00,23948.0,23954.35,23947.05,23951.9,0
2026-06-19 06:28:00+00:00,23951.25,23954.75,23950.85,23951.6,0
2026-06-19 06:29:00+00:00,23951.8,23956.2,23950.15,23954.4,0
2026-06-19 06:30:00+00:00,23955.15,23959.4,23953.05,23957.6,0
2026-06-19 06:31:00+00:00,23957.25,23960.75,23955.2,23960.35,0
2026-06-19 06:32:00+00:00,23960.35,23967.7,23959.65,23965.0,0
2026-06-19 06:33:00+00:00,23965.3,23967.4,23957.65,23958.4,0
2026-06-19 06:34:00+00:00,23957.9,23959.95,23950.75,23952.95,0
2026-06-19 06:35:00+00:00,23953.1,23955.4,23950.8,23951.85,0
2026-06-19 06:36:00+00:00,23951.55,23953.1,23948.3,23950.4,0
2026-06-19 06:37:00+00:00,23950.25,23953.2,23949.4,23951.7,0
2026-06-19 06:38:00+00:00,23951.7,23953.7,23950.55,23951.95,0
2026-06-19 06:39:00+00:00,23951.85,23954.0,23948.8,23950.9,0
2026-06-19 06:40:00+00:00,23951.0,23957.2,23950.7,23952.25,0
2026-06-19 06:41:00+00:00,23952.7,23956.0,23952.4,23954.85,0
2026-06-19 06:42:00+00:00,23954.9,23956.9,23953.1,23953.2,0
2026-06-19 06:43:00+00:00,23953.0,23958.3,23953.0,23957.95,0
2026-06-19 06:44:00+00:00,23958.5,23960.35,23956.85,23959.4,0
2026-06-19 06:45:00+00:00,23959.65,23960.7,23955.3,23957.85,0
2026-06-19 06:46:00+00:00,23958.0,23960.15,23957.7,23959.6,0
2026-06-19 06:47:00+00:00,23959.55,23962.95,23959.0,23960.6,0
2026-06-19 06:48:00+00:00,23960.8,23961.55,23953.3,23954.5,0
2026-06-19 06:49:00+00:00,23954.15,23957.05,23953.8,23954.35,0
2026-06-19 06:50:00+00:00,23955.1,23958.65,23954.4,23957.75,0
2026-06-19 06:51:00+00:00,23957.6,23963.75,23957.6,23962.3,0
2026-06-19 06:52:00+00:00,23961.6,23967.5,23961.6,23967.4,0
2026-06-19 06:53:00+00:00,23967.05,23970.7,23966.65,23968.5,0
2026-06-19 06:54:00+00:00,23968.25,23969.55,23963.65,23964.25,0
2026-06-19 06:55:00+00:00,23963.85,23966.9,23963.1,23964.15,0
2026-06-19 06:56:00+00:00,23963.85,23969.65,23963.85,23969.65,0
2026-06-19 06:57:00+00:00,23968.95,23971.85,23967.5,23971.15,0
2026-06-19 06:58:00+00:00,23971.3,23974.5,23968.35,23969.05,0
2026-06-19 06:59:00+00:00,23969.05,23971.95,23968.0,23968.9,0
2026-06-19 07:00:00+00:00,23969.2,23972.25,23968.4,23969.95,0
2026-06-19 07:01:00+00:00,23970.3,23971.3,23963.1,23963.95,0
2026-06-19 07:02:00+00:00,23963.9,23966.6,23961.1,23966.6,0
2026-06-19 07:03:00+00:00,23966.45,23969.4,23964.4,23966.85,0
2026-06-19 07:04:00+00:00,23966.55,23969.1,23963.85,23965.5,0
2026-06-19 07:05:00+00:00,23965.55,23966.95,23961.5,23962.45,0
2026-06-19 07:06:00+00:00,23962.45,23963.35,23958.35,23961.5,0
2026-06-19 07:07:00+00:00,23961.45,23963.75,23959.05,23959.95,0
2026-06-19 07:08:00+00:00,23959.9,23967.15,23959.05,23964.7,0
2026-06-19 07:09:00+00:00,23964.65,23966.65,23964.0,23965.7,0
2026-06-19 07:10:00+00:00,23965.9,23966.8,23960.1,23960.1,0
2026-06-19 07:11:00+00:00,23960.85,23961.7,23956.65,23959.3,0
2026-06-19 07:12:00+00:00,23959.55,23960.75,23952.9,23953.45,0
2026-06-19 07:13:00+00:00,23954.1,23954.6,23924.9,23941.75,0
2026-06-19 07:14:00+00:00,23942.15,23951.95,23940.9,23951.95,0
2026-06-19 07:15:00+00:00,23952.05,23955.4,23949.8,23954.5,0
2026-06-19 07:16:00+00:00,23954.35,23959.9,23954.35,23957.45,0
2026-06-19 07:17:00+00:00,23956.65,23962.35,23956.65,23960.9,0
2026-06-19 07:18:00+00:00,23959.1,23959.3,23955.8,23957.15,0
2026-06-19 07:19:00+00:00,23957.2,23958.15,23951.45,23954.5,0
2026-06-19 07:20:00+00:00,23954.3,23957.7,23952.9,23956.6,0
2026-06-19 07:21:00+00:00,23955.75,23960.2,23955.6,23957.55,0
2026-06-19 07:22:00+00:00,23957.85,23958.9,23953.0,23953.45,0
2026-06-19 07:23:00+00:00,23954.1,23955.1,23949.65,23950.9,0
2026-06-19 07:24:00+00:00,23950.9,23952.7,23948.45,23949.9,0
2026-06-19 07:25:00+00:00,23949.95,23950.9,23946.45,23947.05,0
2026-06-19 07:26:00+00:00,23947.0,23948.25,23946.1,23948.1,0
2026-06-19 07:27:00+00:00,23948.15,23949.2,23938.25,23939.0,0
2026-06-19 07:28:00+00:00,23938.5,23940.25,23934.0,23935.3,0
2026-06-19 07:29:00+00:00,23935.6,23938.1,23931.0,23938.0,0
2026-06-19 07:30:00+00:00,23937.85,23938.6,23933.3,23934.35,0
2026-06-19 07:31:00+00:00,23934.35,23936.15,23927.75,23930.65,0
2026-06-19 07:32:00+00:00,23930.45,23932.55,23928.8,23929.6,0
2026-06-19 07:33:00+00:00,23929.5,23930.75,23921.55,23921.9,0
2026-06-19 07:34:00+00:00,23921.25,23923.2,23916.15,23917.35,0
2026-06-19 07:35:00+00:00,23916.7,23918.5,23913.2,23914.0,0
2026-06-19 07:36:00+00:00,23913.6,23918.0,23913.15,23915.45,0
2026-06-19 07:37:00+00:00,23915.7,23927.55,23915.45,23926.8,0
2026-06-19 07:38:00+00:00,23926.75,23932.15,23926.15,23930.5,0
2026-06-19 07:39:00+00:00,23930.7,23932.55,23926.65,23926.65,0
2026-06-19 07:40:00+00:00,23927.0,23928.0,23919.45,23921.05,0
2026-06-19 07:41:00+00:00,23921.0,23927.3,23919.3,23926.6,0
2026-06-19 07:42:00+00:00,23926.85,23928.85,23924.3,23926.8,0
2026-06-19 07:43:00+00:00,23927.1,23928.6,23922.9,23926.9,0
2026-06-19 07:44:00+00:00,23926.9,23932.45,23924.35,23930.35,0
2026-06-19 07:45:00+00:00,23931.05,23933.4,23930.0,23931.75,0
2026-06-19 07:46:00+00:00,23931.55,23933.2,23927.4,23930.1,0
2026-06-19 07:47:00+00:00,23929.35,23932.6,23928.15,23928.7,0
2026-06-19 07:48:00+00:00,23928.95,23930.4,23922.15,23923.5,0
2026-06-19 07:49:00+00:00,23923.45,23925.6,23920.65,23921.8,0
2026-06-19 07:50:00+00:00,23921.15,23923.85,23920.85,23921.95,0
2026-06-19 07:51:00+00:00,23922.6,23927.2,23921.9,23925.75,0
2026-06-19 07:52:00+00:00,23925.9,23927.65,23921.5,23922.85,0
2026-06-19 07:53:00+00:00,23922.75,23928.45,23921.25,23924.05,0
2026-06-19 07:54:00+00:00,23923.8,23926.15,23914.85,23916.45,0
2026-06-19 07:55:00+00:00,23916.8,23922.25,23916.25,23919.45,0
2026-06-19 07:56:00+00:00,23919.3,23921.2,23916.9,23920.45,0
2026-06-19 07:57:00+00:00,23919.75,23926.1,23919.75,23925.4,0
2026-06-19 07:58:00+00:00,23925.45,23927.25,23924.0,23925.35,0
2026-06-19 07:59:00+00:00,23924.2,23929.2,23924.2,23928.15,0
2026-06-19 08:00:00+00:00,23928.8,23931.8,23927.0,23931.15,0
2026-06-19 08:01:00+00:00,23930.05,23933.4,23927.25,23933.4,0
2026-06-19 08:02:00+00:00,23932.15,23933.4,23928.35,23929.0,0
2026-06-19 08:03:00+00:00,23928.8,23930.1,23925.8,23928.25,0
2026-06-19 08:04:00+00:00,23928.9,23941.2,23925.9,23941.1,0
2026-06-19 08:05:00+00:00,23942.45,23943.3,23935.85,23936.55,0
2026-06-19 08:06:00+00:00,23936.75,23939.25,23934.35,23936.15,0
2026-06-19 08:07:00+00:00,23936.1,23937.9,23929.95,23930.95,0
2026-06-19 08:08:00+00:00,23930.9,23938.3,23930.4,23937.9,0
2026-06-19 08:09:00+00:00,23938.0,23941.5,23936.85,23938.5,0
2026-06-19 08:10:00+00:00,23938.65,23943.05,23937.8,23942.25,0
2026-06-19 08:11:00+00:00,23941.6,23943.6,23939.75,23941.4,0
2026-06-19 08:12:00+00:00,23941.65,23948.5,23940.25,23947.05,0
2026-06-19 08:13:00+00:00,23946.85,23948.25,23944.7,23948.0,0
2026-06-19 08:14:00+00:00,23948.05,23950.0,23945.65,23946.8,0
2026-06-19 08:15:00+00:00,23947.15,23950.65,23945.9,23947.55,0
2026-06-19 08:16:00+00:00,23947.8,23950.5,23945.75,23947.95,0
2026-06-19 08:17:00+00:00,23947.95,23957.9,23947.8,23955.45,0
2026-06-19 08:18:00+00:00,23954.9,23957.15,23950.2,23952.65,0
2026-06-19 08:19:00+00:00,23952.45,23961.2,23951.6,23960.75,0
2026-06-19 08:20:00+00:00,23961.25,23962.65,23957.75,23958.9,0
2026-06-19 08:21:00+00:00,23958.95,23959.65,23951.5,23952.35,0
2026-06-19 08:22:00+00:00,23952.0,23955.7,23950.55,23950.85,0
2026-06-19 08:23:00+00:00,23950.85,23953.05,23948.4,23949.65,0
2026-06-19 08:24:00+00:00,23949.2,23950.75,23945.55,23945.65,0
2026-06-19 08:25:00+00:00,23946.4,23951.6,23945.9,23950.3,0
2026-06-19 08:26:00+00:00,23950.7,23955.75,23949.8,23953.05,0
2026-06-19 08:27:00+00:00,23953.85,23957.8,23952.75,23957.25,0
2026-06-19 08:28:00+00:00,23957.65,23960.0,23956.35,23959.4,0
2026-06-19 08:29:00+00:00,23959.4,23967.05,23959.4,23966.9,0
2026-06-19 08:30:00+00:00,23966.65,23974.15,23966.65,23970.7,0
2026-06-19 08:31:00+00:00,23970.5,23972.45,23960.25,23960.6,0
2026-06-19 08:32:00+00:00,23961.75,23966.75,23955.3,23962.55,0
2026-06-19 08:33:00+00:00,23962.7,23972.4,23960.7,23970.15,0
2026-06-19 08:34:00+00:00,23969.4,23977.15,23966.55,23977.15,0
2026-06-19 08:35:00+00:00,23977.85,23987.95,23974.1,23977.2,0
2026-06-19 08:36:00+00:00,23977.25,23980.9,23968.95,23973.25,0
2026-06-19 08:37:00+00:00,23973.35,23975.5,23968.6,23970.25,0
2026-06-19 08:38:00+00:00,23969.5,23974.25,23968.1,23969.2,0
2026-06-19 08:39:00+00:00,23969.55,23974.0,23969.45,23971.95,0
2026-06-19 08:40:00+00:00,23971.75,23973.9,23970.35,23970.8,0
2026-06-19 08:41:00+00:00,23970.85,23978.2,23970.85,23975.4,0
2026-06-19 08:42:00+00:00,23975.2,23978.85,23972.3,23977.05,0
2026-06-19 08:43:00+00:00,23976.2,23986.5,23968.5,23986.5,0
2026-06-19 08:44:00+00:00,23986.35,23992.3,23981.35,23992.3,0
2026-06-19 08:45:00+00:00,23992.5,23998.45,23986.45,23998.1,0
2026-06-19 08:46:00+00:00,23997.4,23998.25,23989.1,23989.9,0
2026-06-19 08:47:00+00:00,23987.0,23992.1,23985.25,23988.15,0
2026-06-19 08:48:00+00:00,23988.9,23994.6,23987.7,23993.95,0
2026-06-19 08:49:00+00:00,23994.5,24000.6,23992.2,23997.65,0
2026-06-19 08:50:00+00:00,23997.6,23998.5,23962.45,23965.45,0
2026-06-19 08:51:00+00:00,23965.0,23971.0,23954.9,23966.05,0
2026-06-19 08:52:00+00:00,23967.3,23973.45,23958.15,23970.25,0
2026-06-19 08:53:00+00:00,23971.75,23972.1,23959.1,23963.45,0
2026-06-19 08:54:00+00:00,23963.0,23966.45,23955.2,23960.1,0
2026-06-19 08:55:00+00:00,23961.05,23971.9,23958.8,23966.7,0
2026-06-19 08:56:00+00:00,23966.25,23968.0,23963.95,23966.4,0
2026-06-19 08:57:00+00:00,23966.55,23968.25,23955.15,23958.3,0
2026-06-19 08:58:00+00:00,23957.3,23968.2,23957.3,23965.1,0
2026-06-19 08:59:00+00:00,23965.6,23967.9,23957.05,23958.05,0
2026-06-19 09:00:00+00:00,23958.55,23970.0,23957.8,23964.75,0
2026-06-19 09:01:00+00:00,23964.1,23968.65,23960.7,23964.25,0
2026-06-19 09:02:00+00:00,23965.7,23972.5,23965.05,23967.75,0
2026-06-19 09:03:00+00:00,23968.6,23970.2,23965.6,23965.8,0
2026-06-19 09:04:00+00:00,23965.6,23973.05,23964.15,23972.0,0
2026-06-19 09:05:00+00:00,23972.25,23976.1,23970.2,23975.85,0
2026-06-19 09:06:00+00:00,23976.1,23990.6,23976.1,23987.95,0
2026-06-19 09:07:00+00:00,23988.1,23993.1,23987.4,23989.35,0
2026-06-19 09:08:00+00:00,23988.7,23995.5,23986.45,23990.85,0
2026-06-19 09:09:00+00:00,23990.25,23994.7,23979.45,23979.55,0
2026-06-19 09:10:00+00:00,23980.4,23983.1,23968.9,23973.85,0
2026-06-19 09:11:00+00:00,23973.7,23976.2,23969.8,23971.75,0
2026-06-19 09:12:00+00:00,23972.2,23977.85,23970.05,23970.25,0
2026-06-19 09:13:00+00:00,23970.7,23972.2,23966.55,23967.6,0
2026-06-19 09:14:00+00:00,23967.3,23975.35,23965.9,23973.25,0
2026-06-19 09:15:00+00:00,23973.95,23976.05,23969.3,23971.35,0
2026-06-19 09:16:00+00:00,23971.55,23978.45,23969.9,23972.15,0
2026-06-19 09:17:00+00:00,23972.1,23977.85,23970.95,23976.3,0
2026-06-19 09:18:00+00:00,23975.45,23978.5,23973.8,23977.9,0
2026-06-19 09:19:00+00:00,23976.85,23981.7,23975.25,23978.3,0
2026-06-19 09:20:00+00:00,23977.45,23979.05,23965.0,23968.7,0
2026-06-19 09:21:00+00:00,23968.7,23970.2,23943.2,23945.0,0
2026-06-19 09:22:00+00:00,23943.9,23952.9,23942.1,23944.7,0
2026-06-19 09:23:00+00:00,23945.25,23946.9,23927.55,23937.05,0
2026-06-19 09:24:00+00:00,23939.2,23942.9,23927.2,23929.65,0
2026-06-19 09:25:00+00:00,23929.8,23931.45,23907.25,23907.4,0
2026-06-19 09:26:00+00:00,23908.8,23912.5,23904.65,23909.35,0
2026-06-19 09:27:00+00:00,23909.05,23914.15,23907.3,23910.8,0
2026-06-19 09:28:00+00:00,23910.0,23914.4,23902.15,23904.8,0
2026-06-19 09:29:00+00:00,23904.35,23914.15,23901.9,23911.6,0
2026-06-19 09:30:00+00:00,23910.5,23954.85,23904.45,23954.05,0
2026-06-19 09:31:00+00:00,23952.8,23967.8,23952.5,23966.9,0
2026-06-19 09:32:00+00:00,23966.0,23994.1,23966.0,23993.7,0
2026-06-19 09:33:00+00:00,23992.95,24005.6,23990.7,23998.25,0
2026-06-19 09:34:00+00:00,23997.45,24009.1,23994.1,24007.35,0
2026-06-19 09:35:00+00:00,24005.65,24020.95,24005.65,24016.4,0
2026-06-19 09:36:00+00:00,24016.45,24019.4,24005.0,24019.25,0
2026-06-19 09:37:00+00:00,24018.4,24025.3,24017.15,24023.3,0
2026-06-19 09:38:00+00:00,24023.05,24026.0,24017.25,24023.25,0
2026-06-19 09:39:00+00:00,24021.05,24027.05,24015.75,24022.6,0
2026-06-19 09:40:00+00:00,24021.5,24035.4,24020.95,24033.55,0
2026-06-19 09:41:00+00:00,24033.45,24042.65,24032.8,24036.85,0
2026-06-19 09:42:00+00:00,24035.5,24040.35,24031.6,24037.8,0
2026-06-19 09:43:00+00:00,24035.75,24037.95,24030.25,24033.35,0
2026-06-19 09:44:00+00:00,24032.4,24035.25,24024.85,24026.95,0
2026-06-19 09:45:00+00:00,24025.8,24027.25,24010.4,24016.85,0
2026-06-19 09:46:00+00:00,24015.0,24020.0,24012.0,24017.85,0
2026-06-19 09:47:00+00:00,24017.9,24027.6,24015.05,24027.6,0
2026-06-19 09:48:00+00:00,24026.35,24028.05,24021.95,24026.6,0
2026-06-19 09:49:00+00:00,24026.25,24029.35,24024.65,24028.4,0
2026-06-19 09:50:00+00:00,24028.35,24035.0,24026.3,24031.15,0
2026-06-19 09:51:00+00:00,24031.7,24034.7,24028.85,24031.9,0
2026-06-19 09:52:00+00:00,24031.7,24032.15,24023.85,24027.2,0
2026-06-19 09:53:00+00:00,24025.9,24033.45,24025.0,24031.65,0
2026-06-19 09:54:00+00:00,24031.4,24034.3,24028.4,24033.9,0
2026-06-19 09:55:00+00:00,24032.55,24034.65,24025.3,24028.8,0
2026-06-19 09:56:00+00:00,24031.15,24031.95,24023.95,24027.45,0
2026-06-19 09:57:00+00:00,24027.5,24036.85,24023.1,24035.6,0
2026-06-19 09:58:00+00:00,24033.8,24043.15,24031.15,24042.1,0
2026-06-19 09:59:00+00:00,24037.4,24047.2,24034.9,24042.7,0
2026-06-22 03:45:00+00:00,24106.6,24133.7,24073.15,24098.25,0
2026-06-22 03:46:00+00:00,24097.45,24118.5,24095.8,24117.5,0
2026-06-22 03:47:00+00:00,24116.25,24135.35,24116.25,24128.45,0
2026-06-22 03:48:00+00:00,24128.45,24137.4,24125.8,24131.2,0
2026-06-22 03:49:00+00:00,24131.8,24135.05,24120.5,24122.15,0
2026-06-22 03:50:00+00:00,24121.35,24133.1,24117.55,24124.95,0
2026-06-22 03:51:00+00:00,24124.6,24133.5,24120.35,24130.0,0
2026-06-22 03:52:00+00:00,24131.55,24135.9,24123.8,24135.7,0
2026-06-22 03:53:00+00:00,24134.85,24142.5,24132.15,24138.45,0
2026-06-22 03:54:00+00:00,24138.6,24141.6,24134.65,24136.85,0
2026-06-22 03:55:00+00:00,24137.7,24140.85,24129.6,24129.6,0
2026-06-22 03:56:00+00:00,24130.2,24141.25,24129.55,24138.8,0
2026-06-22 03:57:00+00:00,24137.95,24139.3,24125.05,24130.1,0
2026-06-22 03:58:00+00:00,24129.4,24132.0,24124.85,24126.2,0
2026-06-22 03:59:00+00:00,24126.15,24133.35,24124.05,24131.2,0
2026-06-22 04:00:00+00:00,24130.25,24136.1,24127.4,24132.75,0
2026-06-22 04:01:00+00:00,24133.0,24138.5,24133.0,24136.35,0
2026-06-22 04:02:00+00:00,24135.7,24137.65,24128.1,24130.1,0
2026-06-22 04:03:00+00:00,24131.4,24134.7,24128.25,24131.1,0
2026-06-22 04:04:00+00:00,24131.45,24136.55,24130.45,24132.8,0
2026-06-22 04:05:00+00:00,24132.45,24136.6,24125.4,24126.4,0
2026-06-22 04:06:00+00:00,24127.5,24129.25,24116.45,24117.6,0
2026-06-22 04:07:00+00:00,24118.0,24123.25,24114.85,24114.85,0
2026-06-22 04:08:00+00:00,24114.75,24118.85,24111.7,24113.7,0
2026-06-22 04:09:00+00:00,24114.25,24126.3,24114.25,24124.8,0
2026-06-22 04:10:00+00:00,24124.2,24126.5,24121.9,24124.45,0
2026-06-22 04:11:00+00:00,24124.25,24127.7,24119.4,24124.75,0
2026-06-22 04:12:00+00:00,24125.15,24125.6,24114.75,24117.25,0
2026-06-22 04:13:00+00:00,24117.4,24119.25,24111.65,24112.05,0
2026-06-22 04:14:00+00:00,24112.45,24118.5,24108.75,24108.75,0
2026-06-22 04:15:00+00:00,24109.5,24111.85,24104.95,24109.55,0
2026-06-22 04:16:00+00:00,24109.6,24112.25,24106.65,24111.55,0
2026-06-22 04:17:00+00:00,24111.55,24114.0,24104.0,24106.85,0
2026-06-22 04:18:00+00:00,24107.85,24110.65,24103.75,24105.2,0
2026-06-22 04:19:00+00:00,24105.85,24112.2,24105.65,24108.95,0
2026-06-22 04:20:00+00:00,24109.25,24120.4,24108.5,24118.55,0
2026-06-22 04:21:00+00:00,24118.7,24122.9,24117.15,24119.3,0
2026-06-22 04:22:00+00:00,24119.7,24123.4,24118.25,24121.95,0
2026-06-22 04:23:00+00:00,24122.6,24130.5,24120.3,24126.45,0
2026-06-22 04:24:00+00:00,24126.8,24130.45,24124.65,24127.3,0
2026-06-22 04:25:00+00:00,24127.6,24130.2,24124.8,24128.9,0
2026-06-22 04:26:00+00:00,24127.8,24137.9,24127.55,24135.15,0
2026-06-22 04:27:00+00:00,24134.45,24138.8,24131.55,24134.1,0
2026-06-22 04:28:00+00:00,24134.35,24139.9,24132.7,24137.85,0
2026-06-22 04:29:00+00:00,24137.9,24144.05,24135.55,24141.15,0
2026-06-22 04:30:00+00:00,24141.5,24148.15,24141.5,24144.7,0
2026-06-22 04:31:00+00:00,24144.8,24148.7,24143.25,24143.9,0
2026-06-22 04:32:00+00:00,24145.25,24147.4,24142.3,24143.1,0
2026-06-22 04:33:00+00:00,24143.0,24144.65,24138.45,24140.5,0
2026-06-22 04:34:00+00:00,24140.85,24141.9,24133.85,24133.85,0
2026-06-22 04:35:00+00:00,24133.35,24135.55,24129.5,24132.8,0
2026-06-22 04:36:00+00:00,24132.0,24140.65,24130.4,24140.3,0
2026-06-22 04:37:00+00:00,24139.85,24144.15,24138.85,24141.5,0
2026-06-22 04:38:00+00:00,24141.3,24148.9,24141.3,24143.95,0
2026-06-22 04:39:00+00:00,24143.85,24155.15,24143.2,24154.95,0
2026-06-22 04:40:00+00:00,24154.7,24159.65,24151.9,24157.0,0
2026-06-22 04:41:00+00:00,24157.3,24157.7,24142.3,24142.5,0
2026-06-22 04:42:00+00:00,24143.15,24152.35,24142.8,24150.7,0
2026-06-22 04:43:00+00:00,24150.5,24151.4,24145.55,24148.15,0
2026-06-22 04:44:00+00:00,24148.4,24151.7,24147.05,24149.65,0
2026-06-22 04:45:00+00:00,24149.55,24155.1,24148.35,24151.55,0
2026-06-22 04:46:00+00:00,24151.45,24155.0,24148.0,24154.25,0
2026-06-22 04:47:00+00:00,24154.0,24154.1,24148.3,24151.2,0
2026-06-22 04:48:00+00:00,24151.05,24154.75,24146.4,24147.15,0
2026-06-22 04:49:00+00:00,24146.75,24152.8,24146.55,24149.9,0
2026-06-22 04:50:00+00:00,24150.35,24155.15,24149.25,24152.9,0
2026-06-22 04:51:00+00:00,24152.9,24156.1,24152.05,24153.35,0
2026-06-22 04:52:00+00:00,24153.85,24155.3,24149.75,24152.4,0
2026-06-22 04:53:00+00:00,24152.35,24154.6,24148.45,24152.4,0
2026-06-22 04:54:00+00:00,24151.95,24154.55,24146.6,24146.85,0
2026-06-22 04:55:00+00:00,24147.45,24152.95,24144.25,24147.55,0
2026-06-22 04:56:00+00:00,24147.85,24153.95,24146.0,24152.1,0
2026-06-22 04:57:00+00:00,24152.05,24154.2,24149.8,24151.75,0
2026-06-22 04:58:00+00:00,24151.55,24154.75,24149.7,24153.85,0
2026-06-22 04:59:00+00:00,24154.3,24156.2,24150.2,24152.8,0
2026-06-22 05:00:00+00:00,24153.85,24158.35,24151.9,24157.55,0
2026-06-22 05:01:00+00:00,24156.9,24159.1,24149.25,24149.95,0
2026-06-22 05:02:00+00:00,24150.65,24151.95,24146.1,24146.7,0
2026-06-22 05:03:00+00:00,24146.65,24148.2,24142.9,24144.15,0
2026-06-22 05:04:00+00:00,24144.6,24145.6,24137.75,24138.45,0
2026-06-22 05:05:00+00:00,24138.55,24143.2,24136.55,24141.4,0
2026-06-22 05:06:00+00:00,24140.7,24148.05,24140.7,24147.5,0
2026-06-22 05:07:00+00:00,24145.2,24155.0,24144.15,24152.55,0
2026-06-22 05:08:00+00:00,24151.75,24157.35,24151.5,24154.25,0
2026-06-22 05:09:00+00:00,24153.7,24156.55,24150.1,24153.2,0
2026-06-22 05:10:00+00:00,24153.4,24156.15,24151.8,24153.65,0
2026-06-22 05:11:00+00:00,24153.95,24155.2,24149.85,24152.4,0
2026-06-22 05:12:00+00:00,24152.3,24155.15,24150.5,24152.05,0
2026-06-22 05:13:00+00:00,24151.95,24155.6,24150.0,24153.5,0
2026-06-22 05:14:00+00:00,24152.3,24154.85,24149.4,24152.9,0
2026-06-22 05:15:00+00:00,24152.75,24157.55,24149.95,24156.5,0
2026-06-22 05:16:00+00:00,24156.4,24159.35,24154.25,24155.7,0
2026-06-22 05:17:00+00:00,24156.65,24159.5,24151.1,24152.85,0
2026-06-22 05:18:00+00:00,24152.8,24155.0,24147.8,24149.15,0
2026-06-22 05:19:00+00:00,24149.05,24152.95,24148.15,24151.1,0
2026-06-22 05:20:00+00:00,24150.4,24155.15,24148.9,24153.8,0
2026-06-22 05:21:00+00:00,24153.55,24160.6,24152.8,24158.85,0
2026-06-22 05:22:00+00:00,24158.85,24162.4,24157.0,24158.55,0
2026-06-22 05:23:00+00:00,24158.0,24160.9,24155.55,24157.8,0
2026-06-22 05:24:00+00:00,24158.15,24161.25,24151.65,24155.55,0
2026-06-22 05:25:00+00:00,24154.8,24163.6,24154.0,24161.0,0
2026-06-22 05:26:00+00:00,24161.5,24167.05,24158.55,24164.7,0
2026-06-22 05:27:00+00:00,24164.05,24168.05,24163.65,24165.9,0
2026-06-22 05:28:00+00:00,24165.4,24167.4,24160.75,24162.35,0
2026-06-22 05:29:00+00:00,24162.05,24165.45,24158.25,24162.85,0
2026-06-22 05:30:00+00:00,24162.75,24165.1,24158.2,24162.4,0
2026-06-22 05:31:00+00:00,24162.4,24164.3,24158.85,24160.95,0
2026-06-22 05:32:00+00:00,24161.55,24162.35,24154.0,24156.4,0
2026-06-22 05:33:00+00:00,24156.85,24158.15,24153.35,24155.05,0
2026-06-22 05:34:00+00:00,24155.7,24163.2,24154.2,24158.95,0
2026-06-22 05:35:00+00:00,24159.0,24163.9,24156.3,24162.25,0
2026-06-22 05:36:00+00:00,24162.0,24164.9,24158.0,24161.7,0
2026-06-22 05:37:00+00:00,24161.8,24164.25,24158.0,24158.3,0
2026-06-22 05:38:00+00:00,24159.15,24163.9,24157.3,24162.1,0
2026-06-22 05:39:00+00:00,24161.9,24165.3,24160.1,24161.95,0
2026-06-22 05:40:00+00:00,24160.95,24164.2,24157.25,24159.15,0
2026-06-22 05:41:00+00:00,24159.05,24161.7,24154.25,24157.5,0
2026-06-22 05:42:00+00:00,24156.8,24160.1,24155.5,24158.25,0
2026-06-22 05:43:00+00:00,24158.55,24160.95,24156.65,24157.95,0
2026-06-22 05:44:00+00:00,24157.75,24161.6,24154.05,24157.3,0
2026-06-22 05:45:00+00:00,24156.65,24162.8,24152.0,24158.1,0
2026-06-22 05:46:00+00:00,24157.25,24159.7,24153.85,24155.8,0
2026-06-22 05:47:00+00:00,24155.9,24158.5,24150.85,24153.1,0
2026-06-22 05:48:00+00:00,24153.0,24158.1,24152.0,24153.25,0
2026-06-22 05:49:00+00:00,24152.9,24155.45,24150.2,24152.05,0
2026-06-22 05:50:00+00:00,24152.0,24155.0,24150.3,24151.4,0
2026-06-22 05:51:00+00:00,24151.45,24154.0,24147.55,24147.55,0
2026-06-22 05:52:00+00:00,24147.6,24149.25,24141.4,24142.85,0
2026-06-22 05:53:00+00:00,24143.55,24149.1,24142.55,24147.7,0
2026-06-22 05:54:00+00:00,24147.85,24153.4,24146.8,24152.2,0
2026-06-22 05:55:00+00:00,24151.4,24155.2,24149.45,24154.7,0
2026-06-22 05:56:00+00:00,24154.6,24157.9,24153.45,24157.0,0
2026-06-22 05:57:00+00:00,24156.5,24160.6,24154.85,24159.45,0
2026-06-22 05:58:00+00:00,24159.9,24163.1,24157.3,24159.9,0
2026-06-22 05:59:00+00:00,24159.1,24162.25,24156.75,24160.65,0
2026-06-22 06:00:00+00:00,24160.65,24163.75,24158.45,24161.3,0
2026-06-22 06:01:00+00:00,24161.3,24164.05,24160.15,24161.6,0
2026-06-22 06:02:00+00:00,24161.25,24164.4,24159.8,24161.7,0
2026-06-22 06:03:00+00:00,24161.5,24166.05,24160.45,24162.85,0
2026-06-22 06:04:00+00:00,24162.05,24165.6,24161.25,24161.85,0
2026-06-22 06:05:00+00:00,24161.9,24164.7,24160.55,24163.8,0
2026-06-22 06:06:00+00:00,24163.65,24165.1,24160.1,24161.15,0
2026-06-22 06:07:00+00:00,24161.2,24162.45,24157.55,24159.0,0
2026-06-22 06:08:00+00:00,24159.05,24161.1,24156.6,24158.05,0
2026-06-22 06:09:00+00:00,24158.1,24159.85,24155.6,24158.4,0
2026-06-22 06:10:00+00:00,24158.15,24159.35,24154.6,24157.3,0
2026-06-22 06:11:00+00:00,24157.15,24157.9,24149.35,24150.6,0
2026-06-22 06:12:00+00:00,24150.45,24153.3,24147.4,24148.85,0
2026-06-22 06:13:00+00:00,24148.4,24152.85,24145.7,24150.2,0
2026-06-22 06:14:00+00:00,24150.55,24154.2,24148.2,24148.35,0
2026-06-22 06:15:00+00:00,24148.15,24151.0,24146.1,24148.1,0
2026-06-22 06:16:00+00:00,24148.4,24149.9,24145.1,24147.25,0
2026-06-22 06:17:00+00:00,24147.85,24151.95,24147.25,24149.45,0
2026-06-22 06:18:00+00:00,24149.25,24152.55,24147.45,24149.9,0
2026-06-22 06:19:00+00:00,24149.75,24151.8,24145.6,24147.6,0
2026-06-22 06:20:00+00:00,24146.15,24148.9,24142.4,24145.5,0
2026-06-22 06:21:00+00:00,24146.0,24147.7,24138.9,24139.85,0
2026-06-22 06:22:00+00:00,24139.95,24143.55,24137.1,24139.65,0
2026-06-22 06:23:00+00:00,24139.8,24141.55,24137.65,24139.3,0
2026-06-22 06:24:00+00:00,24139.3,24141.3,24133.4,24134.1,0
2026-06-22 06:25:00+00:00,24134.45,24136.45,24132.65,24133.1,0
2026-06-22 06:26:00+00:00,24133.15,24135.75,24132.15,24134.95,0
2026-06-22 06:27:00+00:00,24134.05,24135.55,24129.65,24130.6,0
2026-06-22 06:28:00+00:00,24131.2,24136.75,24131.2,24135.85,0
2026-06-22 06:29:00+00:00,24135.65,24141.6,24135.45,24140.4,0
2026-06-22 06:30:00+00:00,24140.45,24142.15,24137.65,24137.75,0
2026-06-22 06:31:00+00:00,24137.55,24139.15,24131.6,24132.65,0
2026-06-22 06:32:00+00:00,24132.1,24133.55,24126.4,24127.45,0
2026-06-22 06:33:00+00:00,24127.5,24130.85,24126.05,24128.0,0
2026-06-22 06:34:00+00:00,24128.1,24129.5,24123.1,24124.15,0
2026-06-22 06:35:00+00:00,24125.05,24127.55,24121.8,24124.3,0
2026-06-22 06:36:00+00:00,24124.15,24126.3,24121.0,24123.75,0
2026-06-22 06:37:00+00:00,24124.3,24126.4,24122.2,24126.4,0
2026-06-22 06:38:00+00:00,24125.7,24128.2,24123.1,24126.2,0
2026-06-22 06:39:00+00:00,24125.8,24126.45,24122.25,24123.7,0
2026-06-22 06:40:00+00:00,24124.05,24125.6,24121.55,24124.5,0
2026-06-22 06:41:00+00:00,24124.2,24125.2,24121.2,24123.0,0
2026-06-22 06:42:00+00:00,24121.9,24125.0,24120.45,24123.05,0
2026-06-22 06:43:00+00:00,24122.3,24125.05,24119.75,24122.3,0
2026-06-22 06:44:00+00:00,24121.35,24122.6,24117.85,24118.2,0
2026-06-22 06:45:00+00:00,24117.65,24120.4,24116.75,24118.45,0
2026-06-22 06:46:00+00:00,24118.05,24120.45,24116.15,24118.6,0
2026-06-22 06:47:00+00:00,24118.45,24122.15,24117.5,24121.05,0
2026-06-22 06:48:00+00:00,24120.5,24124.45,24119.2,24123.1,0
2026-06-22 06:49:00+00:00,24123.45,24127.25,24120.25,24122.7,0
2026-06-22 06:50:00+00:00,24123.05,24123.85,24120.25,24123.05,0
2026-06-22 06:51:00+00:00,24122.65,24124.45,24118.4,24124.45,0
2026-06-22 06:52:00+00:00,24124.05,24128.6,24122.75,24126.6,0
2026-06-22 06:53:00+00:00,24126.45,24128.8,24124.45,24127.5,0
2026-06-22 06:54:00+00:00,24127.9,24129.15,24125.35,24125.6,0
2026-06-22 06:55:00+00:00,24125.55,24127.4,24123.1,24125.1,0
2026-06-22 06:56:00+00:00,24124.85,24126.35,24121.25,24122.35,0
2026-06-22 06:57:00+00:00,24121.2,24123.6,24114.35,24114.8,0
2026-06-22 06:58:00+00:00,24115.0,24117.1,24112.35,24115.65,0
2026-06-22 06:59:00+00:00,24115.55,24120.15,24114.25,24119.85,0
2026-06-22 07:00:00+00:00,24119.65,24126.25,24118.4,24123.0,0
2026-06-22 07:01:00+00:00,24122.9,24123.85,24117.1,24117.1,0
2026-06-22 07:02:00+00:00,24117.1,24118.55,24109.8,24113.75,0
2026-06-22 07:03:00+00:00,24113.95,24122.45,24113.85,24121.95,0
2026-06-22 07:04:00+00:00,24121.95,24125.1,24120.85,24122.75,0
2026-06-22 07:05:00+00:00,24123.2,24125.25,24121.1,24123.55,0
2026-06-22 07:06:00+00:00,24123.75,24124.3,24121.4,24122.5,0
2026-06-22 07:07:00+00:00,24122.5,24123.4,24118.9,24120.7,0
2026-06-22 07:08:00+00:00,24120.7,24121.75,24115.95,24117.95,0
2026-06-22 07:09:00+00:00,24118.2,24120.75,24117.1,24119.6,0
2026-06-22 07:10:00+00:00,24119.5,24120.65,24117.5,24119.65,0
2026-06-22 07:11:00+00:00,24119.65,24120.6,24116.05,24118.45,0
2026-06-22 07:12:00+00:00,24118.35,24118.4,24115.35,24118.15,0
2026-06-22 07:13:00+00:00,24118.85,24120.55,24116.75,24118.9,0
2026-06-22 07:14:00+00:00,24118.6,24120.45,24115.45,24118.75,0
2026-06-22 07:15:00+00:00,24118.6,24120.3,24113.55,24117.45,0
2026-06-22 07:16:00+00:00,24117.05,24117.7,24114.3,24115.85,0
2026-06-22 07:17:00+00:00,24115.95,24117.6,24113.35,24114.2,0
2026-06-22 07:18:00+00:00,24114.55,24120.0,24112.25,24118.65,0
2026-06-22 07:19:00+00:00,24118.8,24120.95,24117.5,24119.4,0
2026-06-22 07:20:00+00:00,24119.2,24127.05,24119.2,24125.15,0
2026-06-22 07:21:00+00:00,24125.9,24126.75,24121.4,24123.1,0
2026-06-22 07:22:00+00:00,24122.9,24126.05,24122.9,24124.35,0
2026-06-22 07:23:00+00:00,24124.25,24125.0,24119.3,24119.5,0
2026-06-22 07:24:00+00:00,24119.4,24121.4,24117.05,24120.3,0
2026-06-22 07:25:00+00:00,24120.15,24124.55,24119.5,24120.2,0
2026-06-22 07:26:00+00:00,24120.3,24123.0,24119.85,24121.85,0
2026-06-22 07:27:00+00:00,24121.75,24124.6,24119.75,24121.2,0
2026-06-22 07:28:00+00:00,24121.5,24122.3,24119.15,24120.5,0
2026-06-22 07:29:00+00:00,24120.4,24123.9,24119.85,24123.5,0
2026-06-22 07:30:00+00:00,24123.3,24123.85,24119.0,24123.15,0
2026-06-22 07:31:00+00:00,24122.7,24123.55,24118.75,24121.1,0
2026-06-22 07:32:00+00:00,24120.95,24122.8,24119.0,24119.65,0
2026-06-22 07:33:00+00:00,24119.65,24120.95,24114.9,24116.2,0
2026-06-22 07:34:00+00:00,24115.8,24117.55,24113.75,24116.65,0
2026-06-22 07:35:00+00:00,24116.3,24116.7,24111.5,24112.35,0
2026-06-22 07:36:00+00:00,24112.15,24119.75,24111.85,24117.9,0
2026-06-22 07:37:00+00:00,24117.8,24120.7,24117.8,24118.65,0
2026-06-22 07:38:00+00:00,24118.4,24119.2,24115.0,24115.95,0
2026-06-22 07:39:00+00:00,24115.85,24117.8,24110.65,24112.5,0
2026-06-22 07:40:00+00:00,24112.6,24112.95,24105.65,24106.6,0
2026-06-22 07:41:00+00:00,24106.3,24109.85,24105.4,24108.5,0
2026-06-22 07:42:00+00:00,24108.4,24110.65,24105.1,24107.0,0
2026-06-22 07:43:00+00:00,24106.5,24109.0,24105.15,24108.7,0
2026-06-22 07:44:00+00:00,24108.65,24113.0,24108.65,24112.8,0
2026-06-22 07:45:00+00:00,24112.8,24116.55,24111.55,24116.1,0
2026-06-22 07:46:00+00:00,24116.4,24120.1,24116.15,24120.05,0
2026-06-22 07:47:00+00:00,24120.15,24126.3,24119.35,24125.95,0
2026-06-22 07:48:00+00:00,24126.1,24127.2,24122.65,24122.7,0
2026-06-22 07:49:00+00:00,24123.05,24124.95,24122.6,24123.2,0
2026-06-22 07:50:00+00:00,24123.3,24123.9,24119.4,24119.45,0
2026-06-22 07:51:00+00:00,24119.3,24125.15,24118.5,24119.3,0
2026-06-22 07:52:00+00:00,24119.5,24120.4,24114.9,24118.45,0
2026-06-22 07:53:00+00:00,24118.25,24121.75,24117.2,24120.8,0
2026-06-22 07:54:00+00:00,24120.85,24122.65,24118.9,24122.5,0
2026-06-22 07:55:00+00:00,24122.25,24123.95,24120.45,24122.35,0
2026-06-22 07:56:00+00:00,24121.95,24125.05,24120.85,24122.1,0
2026-06-22 07:57:00+00:00,24121.95,24123.65,24118.5,24120.7,0
2026-06-22 07:58:00+00:00,24120.5,24122.7,24118.2,24119.1,0
2026-06-22 07:59:00+00:00,24118.4,24120.5,24115.75,24118.7,0
2026-06-22 08:00:00+00:00,24118.3,24122.6,24116.65,24118.2,0
2026-06-22 08:01:00+00:00,24117.85,24123.55,24117.4,24122.6,0
2026-06-22 08:02:00+00:00,24121.9,24124.4,24120.7,24121.9,0
2026-06-22 08:03:00+00:00,24121.85,24123.8,24119.3,24121.7,0
2026-06-22 08:04:00+00:00,24121.25,24122.8,24117.9,24119.7,0
2026-06-22 08:05:00+00:00,24119.6,24122.05,24118.65,24120.05,0
2026-06-22 08:06:00+00:00,24120.7,24124.7,24119.45,24124.6,0
2026-06-22 08:07:00+00:00,24124.1,24125.45,24121.1,24122.0,0
2026-06-22 08:08:00+00:00,24122.0,24122.95,24118.25,24118.85,0
2026-06-22 08:09:00+00:00,24119.25,24120.05,24113.4,24115.5,0
2026-06-22 08:10:00+00:00,24115.75,24116.45,24099.15,24103.55,0
2026-06-22 08:11:00+00:00,24103.45,24107.85,24097.15,24101.7,0
2026-06-22 08:12:00+00:00,24101.75,24115.3,24101.75,24113.65,0
2026-06-22 08:13:00+00:00,24112.65,24127.7,24112.65,24121.25,0
2026-06-22 08:14:00+00:00,24120.7,24122.1,24118.7,24119.45,0
2026-06-22 08:15:00+00:00,24119.65,24123.6,24117.2,24123.6,0
2026-06-22 08:16:00+00:00,24123.8,24124.1,24120.25,24121.8,0
2026-06-22 08:17:00+00:00,24121.7,24123.25,24118.65,24118.65,0
2026-06-22 08:18:00+00:00,24118.7,24120.5,24115.85,24118.85,0
2026-06-22 08:19:00+00:00,24119.0,24120.85,24117.35,24119.05,0
2026-06-22 08:20:00+00:00,24118.85,24122.35,24118.85,24119.6,0
2026-06-22 08:21:00+00:00,24119.3,24124.8,24118.45,24123.7,0
2026-06-22 08:22:00+00:00,24122.9,24126.75,24121.3,24121.3,0
2026-06-22 08:23:00+00:00,24121.3,24123.35,24118.15,24122.25,0
2026-06-22 08:24:00+00:00,24121.95,24125.85,24121.75,24124.9,0
2026-06-22 08:25:00+00:00,24125.3,24129.9,24120.4,24129.5,0
2026-06-22 08:26:00+00:00,24128.95,24132.75,24125.05,24129.25,0
2026-06-22 08:27:00+00:00,24128.35,24135.5,24128.35,24135.0,0
2026-06-22 08:28:00+00:00,24134.75,24135.9,24132.95,24134.8,0
2026-06-22 08:29:00+00:00,24135.35,24136.5,24122.75,24126.0,0
2026-06-22 08:30:00+00:00,24126.2,24132.25,24123.2,24130.35,0
2026-06-22 08:31:00+00:00,24130.55,24131.85,24121.75,24125.55,0
2026-06-22 08:32:00+00:00,24126.05,24129.85,24125.85,24129.1,0
2026-06-22 08:33:00+00:00,24129.1,24129.25,24123.15,24126.35,0
2026-06-22 08:34:00+00:00,24126.05,24128.05,24123.4,24127.0,0
2026-06-22 08:35:00+00:00,24127.4,24133.15,24127.4,24129.9,0
2026-06-22 08:36:00+00:00,24131.05,24131.75,24125.55,24126.95,0
2026-06-22 08:37:00+00:00,24126.35,24128.35,24124.0,24126.65,0
2026-06-22 08:38:00+00:00,24126.1,24127.35,24124.45,24125.6,0
2026-06-22 08:39:00+00:00,24125.5,24125.65,24119.0,24119.0,0
2026-06-22 08:40:00+00:00,24119.2,24127.9,24119.1,24126.55,0
2026-06-22 08:41:00+00:00,24126.35,24131.25,24125.2,24129.35,0
2026-06-22 08:42:00+00:00,24128.7,24129.5,24123.9,24125.65,0
2026-06-22 08:43:00+00:00,24125.4,24127.2,24123.7,24123.7,0
2026-06-22 08:44:00+00:00,24123.6,24125.35,24117.15,24118.45,0
2026-06-22 08:45:00+00:00,24118.0,24123.75,24117.0,24117.35,0
2026-06-22 08:46:00+00:00,24118.1,24118.85,24112.95,24116.1,0
2026-06-22 08:47:00+00:00,24115.9,24119.95,24113.4,24118.35,0
2026-06-22 08:48:00+00:00,24118.25,24125.65,24117.55,24120.7,0
2026-06-22 08:49:00+00:00,24120.4,24124.75,24119.45,24122.65,0
2026-06-22 08:50:00+00:00,24122.7,24127.45,24122.4,24125.2,0
2026-06-22 08:51:00+00:00,24125.1,24126.55,24121.4,24122.95,0
2026-06-22 08:52:00+00:00,24122.2,24124.95,24120.25,24122.65,0
2026-06-22 08:53:00+00:00,24122.4,24126.9,24122.35,24123.6,0
2026-06-22 08:54:00+00:00,24123.35,24126.25,24122.2,24124.75,0
2026-06-22 08:55:00+00:00,24124.2,24127.5,24122.55,24124.6,0
2026-06-22 08:56:00+00:00,24124.5,24132.8,24124.5,24130.25,0
2026-06-22 08:57:00+00:00,24130.75,24134.0,24128.45,24132.35,0
2026-06-22 08:58:00+00:00,24132.75,24141.55,24132.3,24138.2,0
2026-06-22 08:59:00+00:00,24138.05,24139.95,24133.95,24138.8,0
2026-06-22 09:00:00+00:00,24138.7,24145.45,24134.95,24135.55,0
2026-06-22 09:01:00+00:00,24135.3,24137.2,24132.35,24135.5,0
2026-06-22 09:02:00+00:00,24135.65,24137.5,24129.4,24130.85,0
2026-06-22 09:03:00+00:00,24131.5,24131.5,24125.7,24129.4,0
2026-06-22 09:04:00+00:00,24129.7,24134.55,24128.2,24132.8,0
2026-06-22 09:05:00+00:00,24132.5,24139.15,24130.75,24135.85,0
2026-06-22 09:06:00+00:00,24135.55,24138.25,24134.35,24136.5,0
2026-06-22 09:07:00+00:00,24136.9,24138.65,24134.65,24136.2,0
2026-06-22 09:08:00+00:00,24136.2,24143.65,24135.45,24141.05,0
2026-06-22 09:09:00+00:00,24141.2,24143.4,24135.25,24136.3,0
2026-06-22 09:10:00+00:00,24136.65,24139.1,24134.25,24137.05,0
2026-06-22 09:11:00+00:00,24137.25,24138.25,24135.0,24136.15,0
2026-06-22 09:12:00+00:00,24136.8,24139.2,24133.95,24134.3,0
2026-06-22 09:13:00+00:00,24134.25,24136.55,24130.55,24133.5,0
2026-06-22 09:14:00+00:00,24132.8,24136.9,24131.85,24134.65,0
2026-06-22 09:15:00+00:00,24136.35,24138.2,24133.55,24137.0,0
2026-06-22 09:16:00+00:00,24137.6,24143.1,24137.0,24141.85,0
2026-06-22 09:17:00+00:00,24142.1,24144.85,24140.35,24141.85,0
2026-06-22 09:18:00+00:00,24142.0,24144.0,24139.1,24140.4,0
2026-06-22 09:19:00+00:00,24139.95,24142.15,24137.7,24141.35,0
2026-06-22 09:20:00+00:00,24142.0,24143.7,24139.3,24143.0,0
2026-06-22 09:21:00+00:00,24143.1,24145.15,24140.0,24141.4,0
2026-06-22 09:22:00+00:00,24142.5,24144.45,24136.85,24137.3,0
2026-06-22 09:23:00+00:00,24135.55,24138.7,24133.75,24136.7,0
2026-06-22 09:24:00+00:00,24136.85,24138.75,24134.3,24136.05,0
2026-06-22 09:25:00+00:00,24136.25,24137.6,24130.85,24131.6,0
2026-06-22 09:26:00+00:00,24131.25,24134.2,24130.4,24131.6,0
2026-06-22 09:27:00+00:00,24132.05,24135.35,24129.2,24133.4,0
2026-06-22 09:28:00+00:00,24134.1,24136.3,24130.8,24132.1,0
2026-06-22 09:29:00+00:00,24132.0,24141.5,24132.0,24132.55,0
2026-06-22 09:30:00+00:00,24133.6,24143.0,24114.9,24116.6,0
2026-06-22 09:31:00+00:00,24118.4,24125.8,24115.8,24122.3,0
2026-06-22 09:32:00+00:00,24123.0,24124.4,24114.0,24114.15,0
2026-06-22 09:33:00+00:00,24114.65,24119.5,24114.1,24119.5,0
2026-06-22 09:34:00+00:00,24120.4,24121.3,24115.95,24117.2,0
2026-06-22 09:35:00+00:00,24117.8,24119.65,24113.65,24114.05,0
2026-06-22 09:36:00+00:00,24115.5,24115.5,24108.15,24108.7,0
2026-06-22 09:37:00+00:00,24109.0,24110.4,24107.05,24109.35,0
2026-06-22 09:38:00+00:00,24110.05,24110.05,24103.3,24104.6,0
2026-06-22 09:39:00+00:00,24104.8,24106.3,24103.1,24103.35,0
2026-06-22 09:40:00+00:00,24104.95,24104.95,24099.85,24103.55,0
2026-06-22 09:41:00+00:00,24104.4,24106.95,24102.5,24106.55,0
2026-06-22 09:42:00+00:00,24107.2,24107.55,24104.05,24105.75,0
2026-06-22 09:43:00+00:00,24106.05,24113.3,24105.75,24112.15,0
2026-06-22 09:44:00+00:00,24111.45,24113.8,24105.65,24105.65,0
2026-06-22 09:45:00+00:00,24105.5,24109.45,24103.95,24108.05,0
2026-06-22 09:46:00+00:00,24108.65,24111.15,24105.6,24105.65,0
2026-06-22 09:47:00+00:00,24106.1,24107.95,24103.05,24103.3,0
2026-06-22 09:48:00+00:00,24103.8,24104.55,24097.0,24097.05,0
2026-06-22 09:49:00+00:00,24097.3,24098.25,24091.85,24093.8,0
2026-06-22 09:50:00+00:00,24094.8,24097.85,24093.15,24093.55,0
2026-06-22 09:51:00+00:00,24094.65,24096.5,24091.7,24094.65,0
2026-06-22 09:52:00+00:00,24094.35,24095.8,24090.2,24092.7,0
2026-06-22 09:53:00+00:00,24093.0,24094.15,24089.65,24089.65,0
2026-06-22 09:54:00+00:00,24089.75,24091.4,24084.05,24085.6,0
2026-06-22 09:55:00+00:00,24085.3,24089.35,24080.1,24083.45,0
2026-06-22 09:56:00+00:00,24086.9,24088.65,24082.7,24083.7,0
2026-06-22 09:57:00+00:00,24085.65,24087.35,24082.8,24084.9,0
2026-06-22 09:58:00+00:00,24085.3,24088.55,24081.6,24084.55,0
2026-06-22 09:59:00+00:00,24086.5,24092.2,24083.95,24086.85,0
2026-06-23 03:45:00+00:00,24071.3,24081.7,24052.35,24056.45,0
2026-06-23 03:46:00+00:00,24054.85,24056.8,24040.05,24052.6,0
2026-06-23 03:47:00+00:00,24051.45,24062.9,24051.35,24055.8,0
2026-06-23 03:48:00+00:00,24055.05,24067.05,24053.45,24066.95,0
2026-06-23 03:49:00+00:00,24067.3,24077.95,24066.9,24076.3,0
2026-06-23 03:50:00+00:00,24077.1,24091.8,24075.75,24090.6,0
2026-06-23 03:51:00+00:00,24091.25,24095.55,24083.7,24083.7,0
2026-06-23 03:52:00+00:00,24084.5,24086.7,24081.25,24084.65,0
2026-06-23 03:53:00+00:00,24084.8,24091.95,24081.6,24089.85,0
2026-06-23 03:54:00+00:00,24090.45,24092.6,24085.35,24087.0,0
2026-06-23 03:55:00+00:00,24087.7,24088.45,24082.5,24087.95,0
2026-06-23 03:56:00+00:00,24087.35,24090.65,24080.6,24083.9,0
2026-06-23 03:57:00+00:00,24086.1,24089.1,24083.9,24089.1,0
2026-06-23 03:58:00+00:00,24089.1,24093.1,24085.1,24085.1,0
2026-06-23 03:59:00+00:00,24086.55,24089.75,24082.55,24088.95,0
2026-06-23 04:00:00+00:00,24090.05,24098.2,24088.2,24098.05,0
2026-06-23 04:01:00+00:00,24097.65,24103.3,24094.6,24102.7,0
2026-06-23 04:02:00+00:00,24102.6,24102.75,24097.4,24097.75,0
2026-06-23 04:03:00+00:00,24099.05,24102.65,24094.75,24102.05,0
2026-06-23 04:04:00+00:00,24102.4,24103.45,24097.9,24101.9,0
2026-06-23 04:05:00+00:00,24103.45,24108.4,24100.6,24107.45,0
2026-06-23 04:06:00+00:00,24109.75,24114.25,24106.85,24108.1,0
2026-06-23 04:07:00+00:00,24108.3,24118.35,24106.65,24116.1,0
2026-06-23 04:08:00+00:00,24116.45,24120.75,24114.4,24117.95,0
2026-06-23 04:09:00+00:00,24117.9,24125.55,24114.7,24124.9,0
2026-06-23 04:10:00+00:00,24126.4,24133.05,24118.75,24118.95,0
2026-06-23 04:11:00+00:00,24119.2,24119.65,24110.3,24112.8,0
2026-06-23 04:12:00+00:00,24114.15,24119.7,24113.3,24116.2,0
2026-06-23 04:13:00+00:00,24117.3,24117.4,24109.45,24113.85,0
2026-06-23 04:14:00+00:00,24113.85,24116.45,24110.7,24115.5,0
2026-06-23 04:15:00+00:00,24115.25,24116.85,24110.05,24110.05,0
2026-06-23 04:16:00+00:00,24110.45,24114.85,24107.35,24113.05,0
2026-06-23 04:17:00+00:00,24113.95,24120.9,24111.9,24118.35,0
2026-06-23 04:18:00+00:00,24120.25,24120.25,24115.7,24118.95,0
2026-06-23 04:19:00+00:00,24119.3,24122.75,24117.7,24120.3,0
2026-06-23 04:20:00+00:00,24121.6,24126.25,24118.3,24125.2,0
2026-06-23 04:21:00+00:00,24126.2,24129.75,24122.35,24123.35,0
2026-06-23 04:22:00+00:00,24124.85,24124.95,24117.7,24118.3,0
2026-06-23 04:23:00+00:00,24118.95,24121.35,24116.5,24119.45,0
2026-06-23 04:24:00+00:00,24120.85,24126.25,24118.7,24125.65,0
2026-06-23 04:25:00+00:00,24126.3,24127.5,24122.45,24127.15,0
2026-06-23 04:26:00+00:00,24128.2,24130.65,24121.75,24129.75,0
2026-06-23 04:27:00+00:00,24130.0,24133.2,24125.75,24130.65,0
2026-06-23 04:28:00+00:00,24131.6,24131.6,24126.2,24128.85,0
2026-06-23 04:29:00+00:00,24130.45,24132.95,24126.95,24131.3,0
2026-06-23 04:30:00+00:00,24131.25,24135.5,24127.55,24127.55,0
2026-06-23 04:31:00+00:00,24128.6,24129.7,24124.95,24125.6,0
2026-06-23 04:32:00+00:00,24127.3,24127.3,24118.6,24119.85,0
2026-06-23 04:33:00+00:00,24121.35,24126.8,24120.3,24125.75,0
2026-06-23 04:34:00+00:00,24126.2,24130.5,24124.15,24124.9,0
2026-06-23 04:35:00+00:00,24125.05,24126.5,24121.6,24126.5,0
2026-06-23 04:36:00+00:00,24126.7,24128.3,24120.3,24120.7,0
2026-06-23 04:37:00+00:00,24120.35,24121.15,24115.25,24116.9,0
2026-06-23 04:38:00+00:00,24117.1,24119.0,24113.85,24118.15,0
2026-06-23 04:39:00+00:00,24119.05,24127.4,24117.55,24125.65,0
2026-06-23 04:40:00+00:00,24127.1,24131.4,24125.45,24127.0,0
2026-06-23 04:41:00+00:00,24127.95,24127.95,24124.25,24126.25,0
2026-06-23 04:42:00+00:00,24126.4,24126.6,24122.65,24124.85,0
2026-06-23 04:43:00+00:00,24125.2,24126.2,24122.55,24123.05,0
2026-06-23 04:44:00+00:00,24123.5,24125.5,24121.75,24123.45,0
2026-06-23 04:45:00+00:00,24124.45,24125.45,24120.35,24121.15,0
2026-06-23 04:46:00+00:00,24121.9,24121.9,24118.5,24119.0,0
2026-06-23 04:47:00+00:00,24120.05,24121.4,24114.9,24115.95,0
2026-06-23 04:48:00+00:00,24115.7,24118.55,24113.15,24116.25,0
2026-06-23 04:49:00+00:00,24116.7,24127.35,24116.3,24125.9,0
2026-06-23 04:50:00+00:00,24127.0,24127.8,24122.45,24124.8,0
2026-06-23 04:51:00+00:00,24125.8,24128.35,24123.2,24127.8,0
2026-06-23 04:52:00+00:00,24128.35,24130.1,24123.1,24123.5,0
2026-06-23 04:53:00+00:00,24124.75,24124.95,24118.4,24122.05,0
2026-06-23 04:54:00+00:00,24122.05,24122.45,24117.5,24120.1,0
2026-06-23 04:55:00+00:00,24120.35,24120.4,24115.9,24116.15,0
2026-06-23 04:56:00+00:00,24116.05,24117.4,24112.9,24114.9,0
2026-06-23 04:57:00+00:00,24115.1,24115.2,24108.9,24111.15,0
2026-06-23 04:58:00+00:00,24110.75,24113.95,24108.7,24110.15,0
2026-06-23 04:59:00+00:00,24111.6,24114.0,24106.1,24112.45,0
2026-06-23 05:00:00+00:00,24112.8,24114.05,24108.75,24111.5,0
2026-06-23 05:01:00+00:00,24112.15,24112.55,24107.4,24108.2,0
2026-06-23 05:02:00+00:00,24109.5,24109.5,24105.3,24108.5,0
2026-06-23 05:03:00+00:00,24109.1,24110.25,24104.0,24105.7,0
2026-06-23 05:04:00+00:00,24106.65,24111.9,24104.35,24110.2,0
2026-06-23 05:05:00+00:00,24111.75,24117.95,24109.9,24117.05,0
2026-06-23 05:06:00+00:00,24118.05,24119.2,24115.05,24116.6,0
2026-06-23 05:07:00+00:00,24118.25,24119.3,24116.1,24116.15,0
2026-06-23 05:08:00+00:00,24117.1,24117.75,24106.25,24107.15,0
2026-06-23 05:09:00+00:00,24108.4,24116.5,24106.6,24113.45,0
2026-06-23 05:10:00+00:00,24114.35,24117.55,24113.05,24114.05,0
2026-06-23 05:11:00+00:00,24115.8,24117.35,24112.9,24114.7,0
2026-06-23 05:12:00+00:00,24115.6,24117.55,24111.55,24115.1,0
2026-06-23 05:13:00+00:00,24115.25,24116.95,24111.65,24111.7,0
2026-06-23 05:14:00+00:00,24111.35,24112.75,24105.65,24105.65,0
2026-06-23 05:15:00+00:00,24106.9,24107.05,24099.05,24099.15,0
2026-06-23 05:16:00+00:00,24100.85,24101.5,24098.95,24100.0,0
2026-06-23 05:17:00+00:00,24101.15,24106.9,24098.95,24105.0,0
2026-06-23 05:18:00+00:00,24105.7,24106.6,24094.35,24094.95,0
2026-06-23 05:19:00+00:00,24097.55,24101.05,24093.3,24099.8,0
2026-06-23 05:20:00+00:00,24100.9,24106.1,24099.8,24104.85,0
2026-06-23 05:21:00+00:00,24105.55,24105.95,24095.6,24098.1,0
2026-06-23 05:22:00+00:00,24098.9,24100.25,24094.3,24095.7,0
2026-06-23 05:23:00+00:00,24095.85,24099.95,24094.55,24099.15,0
2026-06-23 05:24:00+00:00,24099.4,24101.35,24096.9,24098.55,0
2026-06-23 05:25:00+00:00,24098.95,24099.8,24096.2,24097.25,0
2026-06-23 05:26:00+00:00,24098.3,24098.45,24094.4,24094.65,0
2026-06-23 05:27:00+00:00,24095.6,24096.15,24091.3,24091.9,0
2026-06-23 05:28:00+00:00,24092.7,24094.1,24090.9,24092.3,0
2026-06-23 05:29:00+00:00,24094.1,24095.7,24091.0,24093.85,0
2026-06-23 05:30:00+00:00,24093.6,24095.0,24089.05,24089.4,0
2026-06-23 05:31:00+00:00,24089.55,24090.15,24083.55,24084.45,0
2026-06-23 05:32:00+00:00,24085.7,24091.8,24083.85,24089.8,0
2026-06-23 05:33:00+00:00,24090.6,24099.9,24089.6,24098.85,0
2026-06-23 05:34:00+00:00,24099.6,24099.8,24095.75,24096.55,0
2026-06-23 05:35:00+00:00,24097.15,24100.1,24095.9,24099.0,0
2026-06-23 05:36:00+00:00,24099.65,24102.15,24097.7,24101.4,0
2026-06-23 05:37:00+00:00,24102.85,24109.0,24102.55,24106.0,0
2026-06-23 05:38:00+00:00,24106.2,24108.75,24102.5,24105.05,0
2026-06-23 05:39:00+00:00,24105.25,24105.6,24099.9,24101.85,0
2026-06-23 05:40:00+00:00,24102.85,24107.75,24100.55,24104.15,0
2026-06-23 05:41:00+00:00,24106.2,24109.6,24104.15,24108.7,0
2026-06-23 05:42:00+00:00,24108.35,24111.7,24106.25,24110.95,0
2026-06-23 05:43:00+00:00,24111.1,24115.45,24109.15,24111.55,0
2026-06-23 05:44:00+00:00,24112.55,24115.25,24109.75,24114.4,0
2026-06-23 05:45:00+00:00,24112.95,24121.0,24112.45,24116.75,0
2026-06-23 05:46:00+00:00,24116.45,24121.55,24115.55,24120.55,0
2026-06-23 05:47:00+00:00,24121.05,24123.85,24120.05,24123.3,0
2026-06-23 05:48:00+00:00,24123.15,24130.45,24122.7,24126.8,0
2026-06-23 05:49:00+00:00,24126.0,24127.1,24123.5,24126.0,0
2026-06-23 05:50:00+00:00,24126.3,24128.7,24125.0,24126.9,0
2026-06-23 05:51:00+00:00,24127.05,24127.8,24119.95,24119.95,0
2026-06-23 05:52:00+00:00,24120.05,24120.1,24113.8,24116.1,0
2026-06-23 05:53:00+00:00,24117.8,24126.65,24115.55,24124.4,0
2026-06-23 05:54:00+00:00,24124.9,24125.85,24120.8,24122.1,0
2026-06-23 05:55:00+00:00,24122.45,24123.0,24117.85,24118.0,0
2026-06-23 05:56:00+00:00,24118.6,24122.15,24117.4,24117.85,0
2026-06-23 05:57:00+00:00,24118.7,24122.25,24115.65,24119.05,0
2026-06-23 05:58:00+00:00,24119.35,24120.2,24113.25,24114.55,0
2026-06-23 05:59:00+00:00,24115.35,24116.3,24112.45,24112.95,0
2026-06-23 06:00:00+00:00,24114.25,24114.75,24108.25,24109.9,0
2026-06-23 06:01:00+00:00,24111.15,24111.35,24102.95,24103.55,0
2026-06-23 06:02:00+00:00,24105.2,24110.15,24102.75,24103.95,0
2026-06-23 06:03:00+00:00,24104.9,24106.8,24099.85,24102.75,0
2026-06-23 06:04:00+00:00,24104.5,24106.4,24101.2,24101.75,0
2026-06-23 06:05:00+00:00,24102.8,24103.9,24099.35,24101.3,0
2026-06-23 06:06:00+00:00,24101.55,24104.1,24097.85,24102.95,0
2026-06-23 06:07:00+00:00,24102.6,24103.3,24097.75,24099.45,0
2026-06-23 06:08:00+00:00,24098.95,24100.8,24095.2,24098.3,0
2026-06-23 06:09:00+00:00,24099.8,24104.1,24096.35,24098.35,0
2026-06-23 06:10:00+00:00,24099.4,24099.45,24090.55,24092.5,0
2026-06-23 06:11:00+00:00,24093.55,24093.95,24088.7,24090.1,0
2026-06-23 06:12:00+00:00,24090.95,24092.35,24087.2,24087.2,0
2026-06-23 06:13:00+00:00,24089.2,24089.25,24079.05,24081.8,0
2026-06-23 06:14:00+00:00,24083.15,24087.55,24081.2,24083.1,0
2026-06-23 06:15:00+00:00,24082.5,24083.4,24042.95,24042.95,0
2026-06-23 06:16:00+00:00,24045.85,24045.85,24035.95,24037.25,0
2026-06-23 06:17:00+00:00,24038.55,24048.75,24037.95,24046.25,0
2026-06-23 06:18:00+00:00,24047.9,24047.9,24027.15,24028.5,0
2026-06-23 06:19:00+00:00,24029.15,24029.8,24018.1,24021.85,0
2026-06-23 06:20:00+00:00,24022.55,24023.1,24012.5,24014.8,0
2026-06-23 06:21:00+00:00,24015.35,24025.0,24009.7,24022.1,0
2026-06-23 06:22:00+00:00,24022.55,24025.05,24017.45,24021.5,0
2026-06-23 06:23:00+00:00,24022.55,24023.0,24012.85,24019.85,0
2026-06-23 06:24:00+00:00,24019.25,24020.3,24013.6,24014.8,0
2026-06-23 06:25:00+00:00,24016.05,24017.2,23994.7,23995.25,0
2026-06-23 06:26:00+00:00,23996.3,23999.2,23982.45,23990.85,0
2026-06-23 06:27:00+00:00,23991.6,23992.55,23985.9,23989.2,0
2026-06-23 06:28:00+00:00,23988.65,23989.6,23973.55,23974.5,0
2026-06-23 06:29:00+00:00,23975.9,23985.05,23972.2,23982.65,0
2026-06-23 06:30:00+00:00,23982.6,23987.1,23969.3,23983.3,0
2026-06-23 06:31:00+00:00,23984.1,23987.25,23978.65,23985.65,0
2026-06-23 06:32:00+00:00,23986.25,23990.9,23984.5,23985.3,0
2026-06-23 06:33:00+00:00,23986.75,23987.35,23972.75,23972.75,0
2026-06-23 06:34:00+00:00,23975.2,23975.8,23967.5,23970.35,0
2026-06-23 06:35:00+00:00,23970.95,23973.0,23968.0,23970.45,0
2026-06-23 06:36:00+00:00,23971.15,23972.25,23968.8,23971.65,0
2026-06-23 06:37:00+00:00,23971.7,23973.0,23964.35,23966.2,0
2026-06-23 06:38:00+00:00,23966.75,23966.75,23957.45,23964.3,0
2026-06-23 06:39:00+00:00,23965.0,23968.3,23957.85,23966.2,0
2026-06-23 06:40:00+00:00,23967.35,23967.45,23960.55,23961.0,0
2026-06-23 06:41:00+00:00,23962.25,23963.3,23955.1,23956.65,0
2026-06-23 06:42:00+00:00,23957.05,23961.95,23953.6,23955.65,0
2026-06-23 06:43:00+00:00,23958.5,23966.05,23954.6,23961.7,0
2026-06-23 06:44:00+00:00,23962.95,23965.5,23958.95,23965.0,0
2026-06-23 06:45:00+00:00,23965.95,23965.95,23957.3,23963.7,0
2026-06-23 06:46:00+00:00,23964.0,23968.25,23962.65,23967.9,0
2026-06-23 06:47:00+00:00,23968.0,23973.25,23963.85,23966.25,0
2026-06-23 06:48:00+00:00,23967.65,23968.9,23960.85,23963.75,0
2026-06-23 06:49:00+00:00,23964.5,23966.65,23962.5,23965.15,0
2026-06-23 06:50:00+00:00,23965.95,23967.3,23946.85,23948.65,0
2026-06-23 06:51:00+00:00,23948.55,23948.8,23932.4,23933.75,0
2026-06-23 06:52:00+00:00,23935.25,23935.25,23917.3,23919.9,0
2026-06-23 06:53:00+00:00,23921.05,23928.85,23920.55,23925.55,0
2026-06-23 06:54:00+00:00,23925.7,23925.7,23920.1,23921.95,0
2026-06-23 06:55:00+00:00,23923.6,23939.4,23922.6,23937.65,0
2026-06-23 06:56:00+00:00,23938.35,23949.3,23932.45,23946.0,0
2026-06-23 06:57:00+00:00,23947.25,23954.5,23944.2,23951.6,0
2026-06-23 06:58:00+00:00,23952.45,23953.9,23945.6,23946.15,0
2026-06-23 06:59:00+00:00,23947.95,23951.5,23946.0,23948.85,0
2026-06-23 07:00:00+00:00,23949.65,23949.65,23942.8,23947.55,0
2026-06-23 07:01:00+00:00,23949.1,23949.65,23942.65,23944.25,0
2026-06-23 07:02:00+00:00,23944.5,23945.15,23935.95,23936.0,0
2026-06-23 07:03:00+00:00,23936.65,23938.2,23932.95,23936.7,0
2026-06-23 07:04:00+00:00,23938.55,23938.8,23934.4,23936.9,0
2026-06-23 07:05:00+00:00,23937.35,23941.65,23935.0,23938.25,0
2026-06-23 07:06:00+00:00,23939.1,23941.85,23931.9,23935.4,0
2026-06-23 07:07:00+00:00,23936.4,23948.3,23934.35,23943.25,0
2026-06-23 07:08:00+00:00,23944.9,23954.4,23941.7,23953.15,0
2026-06-23 07:09:00+00:00,23954.6,23958.95,23952.0,23953.65,0
2026-06-23 07:10:00+00:00,23954.25,23955.4,23943.25,23945.95,0
2026-06-23 07:11:00+00:00,23947.6,23956.45,23945.3,23956.4,0
2026-06-23 07:12:00+00:00,23956.25,23957.85,23949.85,23956.5,0
2026-06-23 07:13:00+00:00,23956.05,23956.2,23945.7,23948.1,0
2026-06-23 07:14:00+00:00,23949.4,23951.65,23945.95,23948.45,0
2026-06-23 07:15:00+00:00,23949.2,23950.7,23946.4,23948.6,0
2026-06-23 07:16:00+00:00,23948.9,23949.75,23944.35,23945.25,0
2026-06-23 07:17:00+00:00,23946.5,23948.65,23936.05,23936.65,0
2026-06-23 07:18:00+00:00,23937.35,23938.25,23929.3,23929.3,0
2026-06-23 07:19:00+00:00,23930.25,23933.05,23924.8,23927.6,0
2026-06-23 07:20:00+00:00,23929.55,23931.35,23926.8,23929.05,0
2026-06-23 07:21:00+00:00,23930.7,23933.1,23928.65,23930.0,0
2026-06-23 07:22:00+00:00,23930.65,23931.9,23928.6,23930.35,0
2026-06-23 07:23:00+00:00,23931.95,23935.4,23929.95,23932.05,0
2026-06-23 07:24:00+00:00,23932.25,23933.0,23927.15,23930.9,0
2026-06-23 07:25:00+00:00,23931.25,23931.25,23925.0,23925.55,0
2026-06-23 07:26:00+00:00,23926.95,23930.65,23923.6,23928.9,0
2026-06-23 07:27:00+00:00,23930.15,23934.25,23928.05,23931.3,0
2026-06-23 07:28:00+00:00,23932.55,23933.95,23929.8,23929.8,0
2026-06-23 07:29:00+00:00,23931.0,23935.0,23929.85,23930.65,0
2026-06-23 07:30:00+00:00,23931.15,23933.05,23924.65,23925.2,0
2026-06-23 07:31:00+00:00,23925.9,23926.6,23913.85,23916.65,0
2026-06-23 07:32:00+00:00,23917.2,23917.2,23910.7,23911.75,0
2026-06-23 07:33:00+00:00,23912.4,23916.9,23908.85,23915.65,0
2026-06-23 07:34:00+00:00,23917.1,23920.2,23914.7,23919.0,0
2026-06-23 07:35:00+00:00,23920.65,23932.75,23917.9,23932.35,0
2026-06-23 07:36:00+00:00,23933.95,23937.8,23927.05,23931.25,0
2026-06-23 07:37:00+00:00,23932.15,23932.75,23924.55,23926.3,0
2026-06-23 07:38:00+00:00,23927.15,23932.6,23924.4,23932.25,0
2026-06-23 07:39:00+00:00,23933.2,23936.8,23932.8,23936.0,0
2026-06-23 07:40:00+00:00,23936.15,23937.15,23930.9,23931.35,0
2026-06-23 07:41:00+00:00,23931.9,23934.3,23928.95,23928.95,0
2026-06-23 07:42:00+00:00,23930.4,23936.05,23930.3,23934.45,0
2026-06-23 07:43:00+00:00,23934.75,23934.75,23927.1,23930.4,0
2026-06-23 07:44:00+00:00,23931.65,23932.25,23922.55,23922.6,0
2026-06-23 07:45:00+00:00,23923.8,23923.8,23911.15,23911.4,0
2026-06-23 07:46:00+00:00,23911.45,23915.8,23906.55,23915.7,0
2026-06-23 07:47:00+00:00,23916.6,23923.0,23916.45,23919.6,0
2026-06-23 07:48:00+00:00,23920.75,23925.2,23918.9,23923.0,0
2026-06-23 07:49:00+00:00,23924.0,23925.85,23922.45,23923.15,0
2026-06-23 07:50:00+00:00,23924.4,23929.65,23922.95,23927.3,0
2026-06-23 07:51:00+00:00,23928.5,23931.35,23924.85,23925.6,0
2026-06-23 07:52:00+00:00,23925.1,23926.55,23923.4,23925.35,0
2026-06-23 07:53:00+00:00,23926.25,23928.2,23922.5,23922.9,0
2026-06-23 07:54:00+00:00,23923.4,23924.9,23919.4,23923.0,0
2026-06-23 07:55:00+00:00,23923.5,23924.05,23912.35,23912.9,0
2026-06-23 07:56:00+00:00,23913.85,23913.85,23908.6,23909.35,0
2026-06-23 07:57:00+00:00,23910.1,23910.1,23902.25,23905.85,0
2026-06-23 07:58:00+00:00,23906.45,23907.95,23902.7,23905.6,0
2026-06-23 07:59:00+00:00,23906.55,23909.2,23902.55,23907.4,0
2026-06-23 08:00:00+00:00,23908.35,23910.35,23877.8,23880.55,0
2026-06-23 08:01:00+00:00,23881.7,23888.75,23879.2,23879.3,0
2026-06-23 08:02:00+00:00,23881.2,23886.9,23875.7,23877.0,0
2026-06-23 08:03:00+00:00,23878.7,23881.15,23876.05,23876.6,0
2026-06-23 08:04:00+00:00,23878.35,23878.35,23867.95,23869.95,0
2026-06-23 08:05:00+00:00,23870.95,23872.45,23862.65,23870.8,0
2026-06-23 08:06:00+00:00,23871.85,23879.55,23871.5,23878.65,0
2026-06-23 08:07:00+00:00,23879.15,23881.05,23876.45,23877.0,0
2026-06-23 08:08:00+00:00,23877.25,23880.3,23873.5,23876.05,0
2026-06-23 08:09:00+00:00,23877.4,23880.6,23875.7,23877.8,0
2026-06-23 08:10:00+00:00,23879.7,23887.35,23877.4,23885.75,0
2026-06-23 08:11:00+00:00,23886.7,23889.2,23882.0,23885.45,0
2026-06-23 08:12:00+00:00,23885.65,23888.3,23882.9,23885.45,0
2026-06-23 08:13:00+00:00,23886.45,23893.6,23884.7,23892.9,0
2026-06-23 08:14:00+00:00,23893.5,23895.95,23887.75,23893.2,0
2026-06-23 08:15:00+00:00,23893.85,23893.85,23887.6,23890.7,0
2026-06-23 08:16:00+00:00,23891.7,23891.8,23887.9,23889.6,0
2026-06-23 08:17:00+00:00,23890.35,23893.2,23883.2,23889.15,0
2026-06-23 08:18:00+00:00,23890.5,23892.7,23886.9,23890.4,0
2026-06-23 08:19:00+00:00,23892.4,23898.3,23890.4,23892.6,0
2026-06-23 08:20:00+00:00,23893.5,23893.8,23878.4,23878.4,0
2026-06-23 08:21:00+00:00,23879.65,23879.65,23871.6,23873.35,0
2026-06-23 08:22:00+00:00,23874.8,23874.95,23865.15,23869.65,0
2026-06-23 08:23:00+00:00,23870.75,23878.15,23868.1,23876.5,0
2026-06-23 08:24:00+00:00,23876.35,23879.15,23870.85,23875.85,0
2026-06-23 08:25:00+00:00,23876.6,23876.6,23869.2,23869.4,0
2026-06-23 08:26:00+00:00,23870.05,23870.45,23864.25,23869.35,0
2026-06-23 08:27:00+00:00,23870.5,23876.25,23869.05,23871.5,0
2026-06-23 08:28:00+00:00,23872.05,23875.65,23870.2,23874.8,0
2026-06-23 08:29:00+00:00,23875.5,23875.5,23866.55,23869.15,0
2026-06-23 08:30:00+00:00,23870.15,23873.05,23867.5,23869.15,0
2026-06-23 08:31:00+00:00,23870.35,23876.3,23865.15,23869.95,0
2026-06-23 08:32:00+00:00,23871.7,23873.15,23864.3,23871.0,0
2026-06-23 08:33:00+00:00,23871.95,23883.15,23869.75,23882.55,0
2026-06-23 08:34:00+00:00,23883.3,23894.2,23883.3,23894.2,0
2026-06-23 08:35:00+00:00,23894.9,23897.65,23891.95,23897.65,0
2026-06-23 08:36:00+00:00,23898.45,23899.95,23888.4,23890.9,0
2026-06-23 08:37:00+00:00,23891.2,23891.45,23875.95,23878.5,0
2026-06-23 08:38:00+00:00,23880.35,23890.7,23878.55,23890.5,0
2026-06-23 08:39:00+00:00,23891.25,23891.35,23883.6,23889.3,0
2026-06-23 08:40:00+00:00,23890.2,23895.25,23887.85,23895.25,0
2026-06-23 08:41:00+00:00,23896.05,23905.95,23893.85,23905.55,0
2026-06-23 08:42:00+00:00,23906.9,23916.25,23905.2,23916.25,0
2026-06-23 08:43:00+00:00,23916.95,23916.95,23911.35,23914.15,0
2026-06-23 08:44:00+00:00,23915.25,23915.25,23909.3,23910.85,0
2026-06-23 08:45:00+00:00,23912.55,23912.55,23905.65,23910.2,0
2026-06-23 08:46:00+00:00,23911.65,23918.45,23907.3,23915.3,0
2026-06-23 08:47:00+00:00,23917.5,23918.85,23915.0,23918.15,0
2026-06-23 08:48:00+00:00,23919.15,23919.15,23910.1,23910.9,0
2026-06-23 08:49:00+00:00,23912.05,23912.7,23896.7,23897.45,0
2026-06-23 08:50:00+00:00,23897.8,23901.25,23893.6,23899.35,0
2026-06-23 08:51:00+00:00,23900.45,23917.15,23898.25,23917.15,0
2026-06-23 08:52:00+00:00,23917.05,23917.3,23913.15,23914.25,0
2026-06-23 08:53:00+00:00,23916.65,23916.65,23911.65,23914.3,0
2026-06-23 08:54:00+00:00,23915.3,23918.3,23912.55,23917.95,0
2026-06-23 08:55:00+00:00,23919.05,23919.05,23910.1,23917.2,0
2026-06-23 08:56:00+00:00,23917.6,23919.85,23914.8,23917.85,0
2026-06-23 08:57:00+00:00,23918.0,23921.15,23917.25,23917.95,0
2026-06-23 08:58:00+00:00,23919.05,23919.2,23910.75,23910.8,0
2026-06-23 08:59:00+00:00,23912.3,23916.45,23909.3,23915.8,0
2026-06-23 09:00:00+00:00,23916.95,23920.7,23915.9,23918.25,0
2026-06-23 09:01:00+00:00,23917.85,23917.85,23912.35,23913.6,0
2026-06-23 09:02:00+00:00,23914.9,23916.5,23910.7,23912.9,0
2026-06-23 09:03:00+00:00,23913.5,23915.75,23911.95,23915.75,0
2026-06-23 09:04:00+00:00,23916.25,23917.6,23913.2,23914.5,0
2026-06-23 09:05:00+00:00,23914.95,23915.4,23904.95,23909.1,0
2026-06-23 09:06:00+00:00,23909.5,23917.15,23908.25,23916.3,0
2026-06-23 09:07:00+00:00,23916.9,23917.4,23905.95,23909.25,0
2026-06-23 09:08:00+00:00,23910.25,23914.55,23908.4,23913.35,0
2026-06-23 09:09:00+00:00,23914.15,23914.15,23905.95,23911.0,0
2026-06-23 09:10:00+00:00,23911.8,23911.95,23897.15,23902.5,0
2026-06-23 09:11:00+00:00,23902.05,23918.2,23901.65,23918.2,0
2026-06-23 09:12:00+00:00,23919.2,23929.35,23917.8,23928.65,0
2026-06-23 09:13:00+00:00,23929.8,23934.05,23927.6,23931.95,0
2026-06-23 09:14:00+00:00,23932.2,23932.2,23926.45,23927.25,0
2026-06-23 09:15:00+00:00,23927.85,23934.65,23926.3,23933.1,0
2026-06-23 09:16:00+00:00,23934.05,23935.2,23918.45,23918.95,0
2026-06-23 09:17:00+00:00,23920.8,23924.05,23917.05,23920.1,0
2026-06-23 09:18:00+00:00,23920.9,23922.1,23909.4,23910.35,0
2026-06-23 09:19:00+00:00,23912.2,23925.9,23908.4,23921.25,0
2026-06-23 09:20:00+00:00,23921.8,23928.05,23920.25,23921.1,0
2026-06-23 09:21:00+00:00,23922.55,23922.55,23909.5,23913.25,0
2026-06-23 09:22:00+00:00,23915.5,23920.6,23915.1,23918.7,0
2026-06-23 09:23:00+00:00,23919.4,23919.5,23909.2,23913.65,0
2026-06-23 09:24:00+00:00,23914.6,23925.85,23914.15,23921.2,0
2026-06-23 09:25:00+00:00,23922.7,23926.65,23920.55,23923.65,0
2026-06-23 09:26:00+00:00,23925.1,23927.15,23920.15,23923.9,0
2026-06-23 09:27:00+00:00,23925.35,23928.2,23923.9,23925.95,0
2026-06-23 09:28:00+00:00,23927.95,23927.95,23919.7,23922.55,0
2026-06-23 09:29:00+00:00,23923.4,23933.8,23907.5,23914.3,0
2026-06-23 09:30:00+00:00,23916.35,23919.1,23842.3,23842.7,0
2026-06-23 09:31:00+00:00,23843.45,23843.45,23823.85,23833.3,0
2026-06-23 09:32:00+00:00,23833.2,23838.2,23830.75,23832.3,0
2026-06-23 09:33:00+00:00,23833.55,23833.55,23826.05,23826.6,0
2026-06-23 09:34:00+00:00,23827.2,23833.95,23815.6,23833.45,0
2026-06-23 09:35:00+00:00,23832.75,23847.2,23831.9,23846.15,0
2026-06-23 09:36:00+00:00,23846.5,23855.7,23845.55,23846.4,0
2026-06-23 09:37:00+00:00,23847.25,23849.4,23844.55,23846.4,0
2026-06-23 09:38:00+00:00,23847.9,23851.85,23845.65,23847.05,0
2026-06-23 09:39:00+00:00,23847.75,23849.6,23843.55,23843.75,0
2026-06-23 09:40:00+00:00,23844.05,23845.8,23835.15,23836.7,0
2026-06-23 09:41:00+00:00,23836.7,23857.65,23836.35,23844.7,0
2026-06-23 09:42:00+00:00,23845.65,23846.15,23828.9,23831.05,0
2026-06-23 09:43:00+00:00,23831.85,23835.85,23830.9,23831.25,0
2026-06-23 09:44:00+00:00,23832.45,23834.1,23827.5,23827.7,0
2026-06-23 09:45:00+00:00,23828.7,23829.5,23825.1,23826.95,0
2026-06-23 09:46:00+00:00,23826.65,23827.05,23817.9,23817.9,0
2026-06-23 09:47:00+00:00,23819.35,23821.2,23815.5,23816.6,0
2026-06-23 09:48:00+00:00,23816.4,23816.95,23804.15,23804.8,0
2026-06-23 09:49:00+00:00,23805.55,23808.55,23798.9,23808.15,0
2026-06-23 09:50:00+00:00,23808.6,23811.9,23801.55,23804.7,0
2026-06-23 09:51:00+00:00,23805.15,23813.05,23803.4,23805.0,0
2026-06-23 09:52:00+00:00,23806.05,23807.95,23798.4,23807.35,0
2026-06-23 09:53:00+00:00,23808.25,23812.85,23795.5,23797.0,0
2026-06-23 09:54:00+00:00,23799.0,23799.0,23791.7,23796.15,0
2026-06-23 09:55:00+00:00,23796.15,23796.75,23784.95,23788.35,0
2026-06-23 09:56:00+00:00,23788.65,23792.2,23787.6,23791.1,0
2026-06-23 09:57:00+00:00,23792.3,23792.3,23785.3,23787.05,0
2026-06-23 09:58:00+00:00,23787.3,23794.1,23786.25,23794.1,0
2026-06-23 09:59:00+00:00,23793.55,23797.5,23789.2,23795.25,0
2026-06-24 03:45:00+00:00,23795.8,23842.0,23789.25,23841.4,0
2026-06-24 03:46:00+00:00,23840.55,23859.95,23839.95,23858.4,0
2026-06-24 03:47:00+00:00,23859.0,23863.65,23844.5,23862.65,0
2026-06-24 03:48:00+00:00,23862.05,23870.35,23856.65,23864.4,0
2026-06-24 03:49:00+00:00,23865.15,23868.5,23847.9,23848.45,0
2026-06-24 03:50:00+00:00,23848.65,23856.0,23840.7,23842.95,0
2026-06-24 03:51:00+00:00,23843.7,23862.5,23843.25,23861.65,0
2026-06-24 03:52:00+00:00,23862.15,23868.25,23853.75,23867.3,0
2026-06-24 03:53:00+00:00,23868.3,23875.35,23862.7,23864.1,0
2026-06-24 03:54:00+00:00,23863.75,23868.05,23856.1,23863.25,0
2026-06-24 03:55:00+00:00,23865.2,23869.85,23861.35,23869.5,0
2026-06-24 03:56:00+00:00,23869.45,23884.85,23867.55,23881.9,0
2026-06-24 03:57:00+00:00,23881.15,23881.5,23874.15,23878.5,0
2026-06-24 03:58:00+00:00,23878.2,23885.3,23876.0,23878.85,0
2026-06-24 03:59:00+00:00,23877.55,23880.85,23869.45,23879.4,0
2026-06-24 04:00:00+00:00,23879.65,23888.3,23877.5,23881.75,0
2026-06-24 04:01:00+00:00,23881.4,23885.75,23879.4,23883.85,0
2026-06-24 04:02:00+00:00,23884.8,23888.1,23882.0,23886.2,0
2026-06-24 04:03:00+00:00,23886.55,23888.9,23877.7,23877.7,0
2026-06-24 04:04:00+00:00,23877.8,23879.35,23867.25,23870.1,0
2026-06-24 04:05:00+00:00,23870.35,23873.15,23865.6,23871.45,0
2026-06-24 04:06:00+00:00,23869.45,23885.5,23869.45,23876.95,0
2026-06-24 04:07:00+00:00,23876.75,23879.1,23865.8,23871.75,0
2026-06-24 04:08:00+00:00,23871.35,23875.3,23863.95,23866.3,0
2026-06-24 04:09:00+00:00,23865.65,23882.4,23861.5,23879.45,0
2026-06-24 04:10:00+00:00,23878.75,23893.45,23876.1,23892.25,0
2026-06-24 04:11:00+00:00,23892.75,23895.3,23877.5,23881.0,0
2026-06-24 04:12:00+00:00,23880.35,23885.8,23872.65,23881.05,0
2026-06-24 04:13:00+00:00,23880.25,23882.75,23867.7,23867.7,0
2026-06-24 04:14:00+00:00,23866.95,23870.1,23862.05,23867.4,0
2026-06-24 04:15:00+00:00,23866.85,23873.75,23857.2,23859.8,0
2026-06-24 04:16:00+00:00,23860.4,23872.9,23860.2,23868.8,0
2026-06-24 04:17:00+00:00,23868.65,23869.9,23846.15,23846.6,0
2026-06-24 04:18:00+00:00,23845.7,23848.7,23838.95,23840.5,0
2026-06-24 04:19:00+00:00,23841.4,23842.45,23818.55,23819.35,0
2026-06-24 04:20:00+00:00,23818.35,23830.3,23816.05,23822.5,0
2026-06-24 04:21:00+00:00,23822.4,23827.1,23816.55,23818.15,0
2026-06-24 04:22:00+00:00,23816.8,23822.2,23810.65,23820.75,0
2026-06-24 04:23:00+00:00,23820.95,23823.35,23811.35,23814.1,0
2026-06-24 04:24:00+00:00,23813.75,23826.45,23813.75,23826.4,0
2026-06-24 04:25:00+00:00,23826.1,23839.15,23826.1,23838.45,0
2026-06-24 04:26:00+00:00,23838.3,23852.45,23836.55,23850.6,0
2026-06-24 04:27:00+00:00,23850.65,23854.95,23840.75,23840.75,0
2026-06-24 04:28:00+00:00,23841.0,23847.55,23839.2,23844.95,0
2026-06-24 04:29:00+00:00,23845.2,23850.5,23841.4,23841.65,0
2026-06-24 04:30:00+00:00,23841.75,23866.85,23841.75,23865.9,0
2026-06-24 04:31:00+00:00,23865.15,23872.2,23865.15,23871.4,0
2026-06-24 04:32:00+00:00,23870.35,23892.25,23870.35,23892.05,0
2026-06-24 04:33:00+00:00,23890.8,23904.35,23890.8,23897.55,0
2026-06-24 04:34:00+00:00,23897.8,23898.6,23891.45,23894.0,0
2026-06-24 04:35:00+00:00,23893.55,23897.6,23885.9,23889.2,0
2026-06-24 04:36:00+00:00,23890.05,23894.0,23885.25,23889.65,0
2026-06-24 04:37:00+00:00,23889.8,23897.7,23885.95,23896.4,0
2026-06-24 04:38:00+00:00,23897.7,23903.35,23895.05,23900.15,0
2026-06-24 04:39:00+00:00,23899.75,23909.15,23897.1,23909.15,0
2026-06-24 04:40:00+00:00,23909.95,23910.8,23904.75,23910.05,0
2026-06-24 04:41:00+00:00,23910.7,23911.95,23907.55,23908.2,0
2026-06-24 04:42:00+00:00,23908.65,23914.6,23904.75,23914.6,0
2026-06-24 04:43:00+00:00,23914.6,23918.0,23910.9,23915.9,0
2026-06-24 04:44:00+00:00,23916.1,23919.2,23914.45,23917.85,0
2026-06-24 04:45:00+00:00,23917.75,23922.75,23914.25,23916.0,0
2026-06-24 04:46:00+00:00,23916.6,23920.55,23910.9,23920.3,0
2026-06-24 04:47:00+00:00,23921.1,23930.95,23920.95,23928.7,0
2026-06-24 04:48:00+00:00,23928.9,23930.1,23925.8,23929.1,0
2026-06-24 04:49:00+00:00,23928.9,23930.4,23915.5,23915.75,0
2026-06-24 04:50:00+00:00,23915.8,23923.0,23915.8,23921.5,0
2026-06-24 04:51:00+00:00,23921.45,23928.6,23920.2,23928.6,0
2026-06-24 04:52:00+00:00,23928.9,23935.25,23928.55,23931.85,0
2026-06-24 04:53:00+00:00,23931.8,23940.7,23931.8,23939.4,0
2026-06-24 04:54:00+00:00,23939.05,23948.2,23938.9,23945.8,0
2026-06-24 04:55:00+00:00,23945.5,23949.9,23941.7,23945.7,0
2026-06-24 04:56:00+00:00,23945.75,23955.55,23945.75,23954.15,0
2026-06-24 04:57:00+00:00,23953.75,23970.3,23953.75,23969.05,0
2026-06-24 04:58:00+00:00,23969.7,23970.0,23953.15,23955.55,0
2026-06-24 04:59:00+00:00,23953.95,23956.9,23947.05,23947.75,0
2026-06-24 05:00:00+00:00,23950.05,23961.9,23950.05,23954.9,0
2026-06-24 05:01:00+00:00,23955.4,23956.2,23946.65,23948.45,0
2026-06-24 05:02:00+00:00,23948.85,23951.15,23943.7,23948.3,0
2026-06-24 05:03:00+00:00,23948.4,23954.6,23948.4,23954.6,0
2026-06-24 05:04:00+00:00,23954.85,23955.75,23951.6,23952.35,0
2026-06-24 05:05:00+00:00,23952.7,23954.0,23946.95,23950.85,0
2026-06-24 05:06:00+00:00,23950.65,23952.95,23943.9,23945.95,0
2026-06-24 05:07:00+00:00,23946.1,23948.1,23937.9,23939.2,0
2026-06-24 05:08:00+00:00,23939.85,23949.0,23939.45,23946.15,0
2026-06-24 05:09:00+00:00,23945.25,23949.45,23941.4,23946.35,0
2026-06-24 05:10:00+00:00,23946.65,23955.75,23945.95,23955.4,0
2026-06-24 05:11:00+00:00,23955.25,23955.25,23947.75,23952.2,0
2026-06-24 05:12:00+00:00,23951.95,23955.2,23948.15,23954.25,0
2026-06-24 05:13:00+00:00,23953.85,23956.75,23942.85,23944.7,0
2026-06-24 05:14:00+00:00,23944.1,23946.8,23932.15,23934.3,0
2026-06-24 05:15:00+00:00,23933.8,23952.15,23932.85,23951.6,0
2026-06-24 05:16:00+00:00,23952.15,23957.65,23948.5,23955.0,0
2026-06-24 05:17:00+00:00,23955.0,23960.4,23952.3,23955.45,0
2026-06-24 05:18:00+00:00,23956.0,23959.0,23949.15,23949.15,0
2026-06-24 05:19:00+00:00,23949.75,23952.7,23947.55,23947.9,0
2026-06-24 05:20:00+00:00,23947.85,23950.65,23944.2,23947.1,0
2026-06-24 05:21:00+00:00,23946.25,23951.1,23945.6,23950.95,0
2026-06-24 05:22:00+00:00,23950.55,23952.8,23947.65,23952.05,0
2026-06-24 05:23:00+00:00,23952.3,23956.1,23946.85,23947.25,0
2026-06-24 05:24:00+00:00,23947.7,23950.55,23941.15,23944.1,0
2026-06-24 05:25:00+00:00,23943.8,23951.15,23942.65,23946.35,0
2026-06-24 05:26:00+00:00,23946.5,23947.7,23936.85,23938.7,0
2026-06-24 05:27:00+00:00,23937.55,23946.0,23937.55,23945.8,0
2026-06-24 05:28:00+00:00,23945.05,23958.7,23945.05,23957.6,0
2026-06-24 05:29:00+00:00,23958.2,23959.65,23950.4,23952.45,0
2026-06-24 05:30:00+00:00,23952.0,23965.65,23952.0,23963.65,0
2026-06-24 05:31:00+00:00,23963.05,23966.45,23959.4,23966.25,0
2026-06-24 05:32:00+00:00,23966.6,23971.75,23966.25,23970.35,0
2026-06-24 05:33:00+00:00,23969.9,23972.25,23962.5,23963.85,0
2026-06-24 05:34:00+00:00,23962.0,23966.75,23962.0,23963.7,0
2026-06-24 05:35:00+00:00,23963.2,23968.45,23960.65,23968.0,0
2026-06-24 05:36:00+00:00,23968.0,23975.7,23968.0,23972.6,0
2026-06-24 05:37:00+00:00,23973.4,23977.5,23967.8,23977.1,0
2026-06-24 05:38:00+00:00,23975.55,23980.55,23974.8,23979.75,0
2026-06-24 05:39:00+00:00,23979.5,23988.75,23979.25,23987.55,0
2026-06-24 05:40:00+00:00,23987.2,23991.15,23981.2,23982.95,0
2026-06-24 05:41:00+00:00,23983.8,23984.8,23977.45,23978.3,0
2026-06-24 05:42:00+00:00,23978.3,23982.1,23974.45,23981.2,0
2026-06-24 05:43:00+00:00,23981.45,23984.0,23976.75,23982.95,0
2026-06-24 05:44:00+00:00,23982.85,23991.6,23982.85,23985.85,0
2026-06-24 05:45:00+00:00,23986.05,23988.9,23982.7,23983.4,0
2026-06-24 05:46:00+00:00,23983.65,23986.05,23978.15,23981.1,0
2026-06-24 05:47:00+00:00,23979.5,23983.35,23976.95,23983.3,0
2026-06-24 05:48:00+00:00,23982.8,23984.75,23975.8,23976.95,0
2026-06-24 05:49:00+00:00,23976.8,23978.55,23967.1,23970.0,0
2026-06-24 05:50:00+00:00,23970.65,23982.35,23970.05,23978.85,0
2026-06-24 05:51:00+00:00,23978.35,23979.6,23970.2,23973.25,0
2026-06-24 05:52:00+00:00,23973.1,23977.4,23969.65,23974.4,0
2026-06-24 05:53:00+00:00,23974.5,23983.2,23974.2,23975.55,0
2026-06-24 05:54:00+00:00,23975.85,23981.65,23972.4,23976.2,0
2026-06-24 05:55:00+00:00,23975.95,23980.25,23968.3,23970.0,0
2026-06-24 05:56:00+00:00,23970.45,23977.95,23969.2,23974.85,0
2026-06-24 05:57:00+00:00,23975.95,23981.65,23973.7,23977.35,0
2026-06-24 05:58:00+00:00,23977.5,23979.4,23974.45,23975.2,0
2026-06-24 05:59:00+00:00,23975.55,23978.35,23971.5,23974.95,0
2026-06-24 06:00:00+00:00,23976.05,23977.1,23959.6,23960.6,0
2026-06-24 06:01:00+00:00,23959.2,23961.95,23958.0,23959.15,0
2026-06-24 06:02:00+00:00,23959.35,23968.1,23958.45,23966.95,0
2026-06-24 06:03:00+00:00,23967.0,23974.9,23964.7,23974.15,0
2026-06-24 06:04:00+00:00,23974.95,23977.35,23968.3,23976.3,0
2026-06-24 06:05:00+00:00,23977.25,23979.9,23974.15,23975.75,0
2026-06-24 06:06:00+00:00,23976.85,23982.2,23974.2,23975.7,0
2026-06-24 06:07:00+00:00,23977.65,23980.2,23971.6,23976.65,0
2026-06-24 06:08:00+00:00,23977.45,23985.9,23974.75,23985.3,0
2026-06-24 06:09:00+00:00,23984.55,23989.25,23983.0,23983.35,0
2026-06-24 06:10:00+00:00,23983.55,23993.25,23983.25,23991.7,0
2026-06-24 06:11:00+00:00,23992.75,23995.0,23987.8,23989.65,0
2026-06-24 06:12:00+00:00,23990.15,23993.45,23987.4,23987.8,0
2026-06-24 06:13:00+00:00,23989.45,23997.8,23988.35,23996.5,0
2026-06-24 06:14:00+00:00,23996.9,24007.9,23995.1,24006.9,0
2026-06-24 06:15:00+00:00,24006.45,24013.85,24003.75,24007.2,0
2026-06-24 06:16:00+00:00,24007.1,24008.85,23998.3,24002.75,0
2026-06-24 06:17:00+00:00,24002.7,24006.0,24000.65,24003.25,0
2026-06-24 06:18:00+00:00,24003.2,24007.9,24000.85,24002.45,0
2026-06-24 06:19:00+00:00,24003.45,24008.2,24003.35,24006.45,0
2026-06-24 06:20:00+00:00,24006.7,24008.2,24003.65,24004.25,0
2026-06-24 06:21:00+00:00,24005.45,24010.45,24004.4,24008.65,0
2026-06-24 06:22:00+00:00,24007.85,24013.1,24004.9,24006.4,0
2026-06-24 06:23:00+00:00,24006.5,24011.05,24002.3,24007.65,0
2026-06-24 06:24:00+00:00,24007.55,24007.75,24000.55,24001.7,0
2026-06-24 06:25:00+00:00,24001.8,24005.2,24000.85,24004.35,0
2026-06-24 06:26:00+00:00,24003.3,24007.7,24003.05,24006.9,0
2026-06-24 06:27:00+00:00,24006.7,24009.75,24003.1,24004.65,0
2026-06-24 06:28:00+00:00,24003.9,24007.35,24001.55,24002.4,0
2026-06-24 06:29:00+00:00,24002.55,24004.9,23994.95,23996.9,0
2026-06-24 06:30:00+00:00,23996.55,23999.05,23993.0,23996.25,0
2026-06-24 06:31:00+00:00,23996.0,24001.15,23994.65,23998.1,0
2026-06-24 06:32:00+00:00,23999.05,24006.25,23999.05,24002.5,0
2026-06-24 06:33:00+00:00,24001.85,24003.95,23998.8,24002.35,0
2026-06-24 06:34:00+00:00,24003.65,24008.05,24001.75,24006.1,0
2026-06-24 06:35:00+00:00,24006.1,24007.5,23998.2,23999.3,0
2026-06-24 06:36:00+00:00,23999.85,24006.65,23998.0,23998.7,0
2026-06-24 06:37:00+00:00,23999.3,24001.0,23993.7,23996.6,0
2026-06-24 06:38:00+00:00,23996.35,23997.75,23992.4,23995.2,0
2026-06-24 06:39:00+00:00,23994.65,23997.6,23987.75,23987.75,0
2026-06-24 06:40:00+00:00,23988.65,23990.25,23982.5,23983.6,0
2026-06-24 06:41:00+00:00,23983.35,23985.9,23979.0,23979.0,0
2026-06-24 06:42:00+00:00,23979.55,23990.3,23979.55,23980.35,0
2026-06-24 06:43:00+00:00,23981.4,23987.55,23979.35,23986.05,0
2026-06-24 06:44:00+00:00,23986.2,23988.85,23980.8,23980.95,0
2026-06-24 06:45:00+00:00,23982.25,23988.8,23981.0,23987.65,0
2026-06-24 06:46:00+00:00,23987.3,23995.9,23987.3,23993.55,0
2026-06-24 06:47:00+00:00,23993.5,23997.4,23991.85,23996.4,0
2026-06-24 06:48:00+00:00,23996.85,23999.25,23994.15,23994.9,0
2026-06-24 06:49:00+00:00,23994.5,24001.75,23994.25,23997.85,0
2026-06-24 06:50:00+00:00,23997.6,23999.2,23994.75,23996.9,0
2026-06-24 06:51:00+00:00,23997.05,24000.3,23994.55,23998.5,0
2026-06-24 06:52:00+00:00,23998.8,24002.65,23997.65,23997.65,0
2026-06-24 06:53:00+00:00,23997.7,24007.15,23997.7,24004.0,0
2026-06-24 06:54:00+00:00,24003.15,24007.2,24002.8,24005.4,0
2026-06-24 06:55:00+00:00,24005.8,24007.1,24000.0,24002.6,0
2026-06-24 06:56:00+00:00,24002.95,24004.25,24000.8,24001.65,0
2026-06-24 06:57:00+00:00,24002.45,24005.45,23999.55,24001.2,0
2026-06-24 06:58:00+00:00,24000.9,24006.2,23997.25,23998.3,0
2026-06-24 06:59:00+00:00,23998.55,23999.6,23988.5,23995.65,0
2026-06-24 07:00:00+00:00,23995.7,23997.3,23982.45,23985.15,0
2026-06-24 07:01:00+00:00,23984.4,23986.1,23971.15,23971.15,0
2026-06-24 07:02:00+00:00,23971.95,23974.8,23967.0,23969.5,0
2026-06-24 07:03:00+00:00,23969.9,23975.65,23969.6,23970.5,0
2026-06-24 07:04:00+00:00,23970.1,23979.4,23970.1,23977.7,0
2026-06-24 07:05:00+00:00,23977.7,23979.4,23973.25,23977.0,0
2026-06-24 07:06:00+00:00,23976.55,23979.75,23973.95,23975.55,0
2026-06-24 07:07:00+00:00,23976.0,23977.8,23971.9,23972.1,0
2026-06-24 07:08:00+00:00,23973.1,23974.15,23968.65,23971.4,0
2026-06-24 07:09:00+00:00,23971.1,23979.1,23971.1,23979.1,0
2026-06-24 07:10:00+00:00,23980.6,23982.85,23976.4,23979.4,0
2026-06-24 07:11:00+00:00,23979.8,23982.3,23978.85,23980.85,0
2026-06-24 07:12:00+00:00,23980.7,23982.55,23975.5,23976.6,0
2026-06-24 07:13:00+00:00,23976.8,23983.1,23976.3,23982.4,0
2026-06-24 07:14:00+00:00,23982.85,23991.9,23982.65,23991.35,0
2026-06-24 07:15:00+00:00,23991.35,23993.05,23986.35,23986.95,0
2026-06-24 07:16:00+00:00,23987.35,23989.35,23985.0,23987.7,0
2026-06-24 07:17:00+00:00,23987.75,23990.7,23986.0,23990.0,0
2026-06-24 07:18:00+00:00,23990.1,23992.05,23987.7,23988.2,0
2026-06-24 07:19:00+00:00,23987.95,23989.8,23984.05,23985.1,0
2026-06-24 07:20:00+00:00,23984.95,23986.85,23979.55,23979.55,0
2026-06-24 07:21:00+00:00,23979.6,23987.25,23979.15,23985.65,0
2026-06-24 07:22:00+00:00,23986.05,23994.9,23984.85,23994.65,0
2026-06-24 07:23:00+00:00,23994.6,23999.8,23993.2,23997.75,0
2026-06-24 07:24:00+00:00,23997.75,23998.5,23993.65,23995.0,0
2026-06-24 07:25:00+00:00,23995.7,23997.8,23994.55,23995.5,0
2026-06-24 07:26:00+00:00,23995.6,24001.3,23995.6,24001.0,0
2026-06-24 07:27:00+00:00,24000.75,24005.25,23998.6,24003.75,0
2026-06-24 07:28:00+00:00,24004.15,24012.6,24004.15,24007.85,0
2026-06-24 07:29:00+00:00,24007.9,24009.3,24001.85,24004.35,0
2026-06-24 07:30:00+00:00,24004.35,24009.3,24003.3,24007.25,0
2026-06-24 07:31:00+00:00,24007.3,24009.4,23997.25,23997.45,0
2026-06-24 07:32:00+00:00,23998.4,24003.35,23994.1,24000.8,0
2026-06-24 07:33:00+00:00,24001.0,24005.55,23999.15,24005.05,0
2026-06-24 07:34:00+00:00,24005.1,24005.6,23996.15,23996.4,0
2026-06-24 07:35:00+00:00,23996.4,24002.05,23994.65,23998.3,0
2026-06-24 07:36:00+00:00,23998.8,24002.05,23997.65,24001.6,0
2026-06-24 07:37:00+00:00,24001.2,24003.25,23998.35,24002.6,0
2026-06-24 07:38:00+00:00,24003.05,24015.1,24002.5,24013.35,0
2026-06-24 07:39:00+00:00,24011.45,24020.8,24007.35,24020.0,0
2026-06-24 07:40:00+00:00,24020.1,24020.6,24015.25,24016.5,0
2026-06-24 07:41:00+00:00,24016.8,24020.0,24014.2,24019.05,0
2026-06-24 07:42:00+00:00,24019.0,24024.3,24018.35,24022.85,0
2026-06-24 07:43:00+00:00,24022.55,24026.8,24022.15,24025.15,0
2026-06-24 07:44:00+00:00,24025.25,24032.85,24023.3,24031.1,0
2026-06-24 07:45:00+00:00,24030.5,24036.65,24028.15,24036.65,0
2026-06-24 07:46:00+00:00,24036.7,24038.4,24033.55,24036.45,0
2026-06-24 07:47:00+00:00,24037.3,24045.55,24037.0,24044.5,0
2026-06-24 07:48:00+00:00,24045.15,24048.95,24042.45,24044.25,0
2026-06-24 07:49:00+00:00,24044.45,24046.8,24041.45,24046.8,0
2026-06-24 07:50:00+00:00,24046.5,24051.25,24046.25,24050.65,0
2026-06-24 07:51:00+00:00,24050.7,24055.4,24048.5,24052.0,0
2026-06-24 07:52:00+00:00,24052.85,24056.1,24051.45,24052.25,0
2026-06-24 07:53:00+00:00,24052.5,24053.35,24045.1,24045.65,0
2026-06-24 07:54:00+00:00,24045.65,24047.55,24038.2,24039.7,0
2026-06-24 07:55:00+00:00,24039.75,24044.8,24038.3,24043.25,0
2026-06-24 07:56:00+00:00,24043.45,24049.15,24041.2,24049.15,0
2026-06-24 07:57:00+00:00,24048.45,24051.65,24047.65,24049.75,0
2026-06-24 07:58:00+00:00,24049.95,24053.55,24048.8,24050.95,0
2026-06-24 07:59:00+00:00,24052.0,24053.9,24050.5,24052.45,0
2026-06-24 08:00:00+00:00,24052.85,24058.2,24052.85,24057.3,0
2026-06-24 08:01:00+00:00,24056.7,24059.25,24051.55,24054.45,0
2026-06-24 08:02:00+00:00,24055.3,24064.9,24054.5,24063.85,0
2026-06-24 08:03:00+00:00,24063.65,24068.7,24063.0,24065.1,0
2026-06-24 08:04:00+00:00,24064.8,24073.7,24064.65,24072.3,0
2026-06-24 08:05:00+00:00,24072.85,24085.95,24072.35,24084.6,0
2026-06-24 08:06:00+00:00,24083.65,24090.05,24083.65,24087.8,0
2026-06-24 08:07:00+00:00,24088.15,24089.7,24082.85,24084.15,0
2026-06-24 08:08:00+00:00,24084.55,24085.1,24078.2,24081.6,0
2026-06-24 08:09:00+00:00,24081.55,24083.25,24069.7,24070.45,0
2026-06-24 08:10:00+00:00,24070.6,24074.15,24068.7,24072.2,0
2026-06-24 08:11:00+00:00,24072.35,24077.7,24068.95,24074.05,0
2026-06-24 08:12:00+00:00,24073.95,24075.0,24065.85,24068.1,0
2026-06-24 08:13:00+00:00,24068.0,24072.25,24066.05,24071.2,0
2026-06-24 08:14:00+00:00,24071.25,24073.95,24067.9,24071.5,0
2026-06-24 08:15:00+00:00,24071.85,24078.2,24071.55,24077.35,0
2026-06-24 08:16:00+00:00,24077.15,24083.3,24077.15,24079.75,0
2026-06-24 08:17:00+00:00,24080.4,24085.85,24078.85,24078.85,0
2026-06-24 08:18:00+00:00,24079.45,24083.45,24078.15,24081.4,0
2026-06-24 08:19:00+00:00,24080.85,24081.95,24070.7,24070.95,0
2026-06-24 08:20:00+00:00,24071.65,24074.8,24067.5,24068.8,0
2026-06-24 08:21:00+00:00,24068.45,24070.9,24063.35,24064.2,0
2026-06-24 08:22:00+00:00,24065.0,24070.05,24063.15,24067.05,0
2026-06-24 08:23:00+00:00,24067.1,24070.65,24064.45,24065.3,0
2026-06-24 08:24:00+00:00,24065.45,24068.35,24060.1,24066.5,0
2026-06-24 08:25:00+00:00,24066.6,24067.5,24057.95,24058.9,0
2026-06-24 08:26:00+00:00,24059.5,24063.75,24057.4,24061.4,0
2026-06-24 08:27:00+00:00,24061.0,24063.15,24058.85,24061.35,0
2026-06-24 08:28:00+00:00,24061.65,24063.25,24047.45,24048.2,0
2026-06-24 08:29:00+00:00,24048.3,24056.25,24047.85,24055.8,0
2026-06-24 08:30:00+00:00,24055.65,24057.0,24042.35,24044.05,0
2026-06-24 08:31:00+00:00,24044.15,24049.35,24042.0,24043.5,0
2026-06-24 08:32:00+00:00,24043.2,24047.75,24040.4,24046.55,0
2026-06-24 08:33:00+00:00,24046.65,24048.6,24040.0,24040.15,0
2026-06-24 08:34:00+00:00,24040.1,24043.95,24036.7,24042.15,0
2026-06-24 08:35:00+00:00,24042.65,24045.9,24033.45,24033.5,0
2026-06-24 08:36:00+00:00,24033.65,24035.35,24026.5,24029.3,0
2026-06-24 08:37:00+00:00,24031.45,24041.35,24027.2,24040.4,0
2026-06-24 08:38:00+00:00,24040.45,24041.3,24033.05,24037.3,0
2026-06-24 08:39:00+00:00,24036.85,24043.45,24033.0,24043.0,0
2026-06-24 08:40:00+00:00,24043.0,24050.1,24039.65,24048.55,0
2026-06-24 08:41:00+00:00,24049.35,24057.0,24048.4,24050.5,0
2026-06-24 08:42:00+00:00,24050.05,24051.35,24045.35,24049.3,0
2026-06-24 08:43:00+00:00,24048.95,24059.45,24048.95,24052.55,0
2026-06-24 08:44:00+00:00,24051.75,24057.4,24047.0,24056.65,0
2026-06-24 08:45:00+00:00,24056.75,24058.75,24051.1,24054.4,0
2026-06-24 08:46:00+00:00,24055.0,24059.25,24051.15,24057.35,0
2026-06-24 08:47:00+00:00,24058.0,24062.65,24056.65,24056.75,0
2026-06-24 08:48:00+00:00,24056.45,24059.85,24051.15,24054.95,0
2026-06-24 08:49:00+00:00,24055.35,24059.6,24055.3,24058.1,0
2026-06-24 08:50:00+00:00,24058.05,24061.95,24056.25,24061.8,0
2026-06-24 08:51:00+00:00,24062.4,24063.75,24053.8,24056.05,0
2026-06-24 08:52:00+00:00,24056.05,24057.95,24053.7,24056.85,0
2026-06-24 08:53:00+00:00,24056.85,24058.85,24043.9,24048.2,0
2026-06-24 08:54:00+00:00,24048.25,24055.2,24046.95,24054.3,0
2026-06-24 08:55:00+00:00,24054.8,24055.65,24050.3,24051.45,0
2026-06-24 08:56:00+00:00,24051.75,24056.5,24046.2,24056.45,0
2026-06-24 08:57:00+00:00,24056.65,24058.45,24055.3,24056.95,0
2026-06-24 08:58:00+00:00,24057.45,24062.45,24056.25,24061.3,0
2026-06-24 08:59:00+00:00,24061.2,24062.7,24053.75,24054.85,0
2026-06-24 09:00:00+00:00,24054.8,24058.05,24052.25,24052.65,0
2026-06-24 09:01:00+00:00,24052.65,24055.65,24047.15,24051.2,0
2026-06-24 09:02:00+00:00,24050.95,24052.2,24039.45,24046.85,0
2026-06-24 09:03:00+00:00,24046.95,24050.35,24041.6,24048.8,0
2026-06-24 09:04:00+00:00,24048.6,24051.9,24045.75,24049.35,0
2026-06-24 09:05:00+00:00,24049.2,24052.0,24041.65,24045.2,0
2026-06-24 09:06:00+00:00,24045.2,24052.3,24042.7,24044.8,0
2026-06-24 09:07:00+00:00,24044.35,24046.95,24035.9,24037.8,0
2026-06-24 09:08:00+00:00,24038.7,24044.5,24034.95,24044.4,0
2026-06-24 09:09:00+00:00,24045.0,24046.65,24038.0,24039.95,0
2026-06-24 09:10:00+00:00,24040.2,24048.05,24038.4,24046.95,0
2026-06-24 09:11:00+00:00,24046.5,24050.1,24043.8,24046.0,0
2026-06-24 09:12:00+00:00,24046.15,24058.75,24043.15,24058.3,0
2026-06-24 09:13:00+00:00,24057.75,24059.4,24047.8,24049.0,0
2026-06-24 09:14:00+00:00,24049.15,24061.25,24048.95,24053.1,0
2026-06-24 09:15:00+00:00,24053.65,24058.95,24050.75,24051.45,0
2026-06-24 09:16:00+00:00,24051.5,24053.85,24038.35,24040.4,0
2026-06-24 09:17:00+00:00,24040.6,24043.35,24037.85,24041.05,0
2026-06-24 09:18:00+00:00,24041.45,24046.15,24040.3,24044.55,0
2026-06-24 09:19:00+00:00,24045.05,24048.55,24042.85,24046.95,0
2026-06-24 09:20:00+00:00,24047.15,24057.95,24047.15,24056.75,0
2026-06-24 09:21:00+00:00,24056.45,24067.0,24056.45,24058.85,0
2026-06-24 09:22:00+00:00,24059.55,24063.75,24057.0,24063.4,0
2026-06-24 09:23:00+00:00,24062.75,24066.5,24059.7,24061.2,0
2026-06-24 09:24:00+00:00,24060.45,24063.65,24059.2,24060.9,0
2026-06-24 09:25:00+00:00,24060.6,24068.3,24060.6,24065.8,0
2026-06-24 09:26:00+00:00,24066.35,24068.75,24055.65,24056.7,0
2026-06-24 09:27:00+00:00,24056.05,24058.7,24044.15,24051.85,0
2026-06-24 09:28:00+00:00,24051.75,24054.85,24047.65,24053.85,0
2026-06-24 09:29:00+00:00,24053.25,24055.25,24047.25,24050.75,0
2026-06-24 09:30:00+00:00,24050.85,24050.85,24017.8,24043.3,0
2026-06-24 09:31:00+00:00,24043.5,24047.3,24038.8,24038.9,0
2026-06-24 09:32:00+00:00,24038.6,24040.5,24023.1,24029.05,0
2026-06-24 09:33:00+00:00,24029.75,24036.35,24027.8,24034.75,0
2026-06-24 09:34:00+00:00,24035.6,24038.65,24031.9,24035.2,0
2026-06-24 09:35:00+00:00,24035.3,24036.6,24028.65,24033.9,0
2026-06-24 09:36:00+00:00,24033.2,24034.2,24024.2,24030.1,0
2026-06-24 09:37:00+00:00,24028.45,24030.15,24019.65,24020.75,0
2026-06-24 09:38:00+00:00,24021.45,24022.65,24016.55,24022.65,0
2026-06-24 09:39:00+00:00,24022.6,24028.1,24021.8,24027.55,0
2026-06-24 09:40:00+00:00,24026.7,24027.8,24019.3,24021.5,0
2026-06-24 09:41:00+00:00,24021.65,24025.05,24015.1,24017.85,0
2026-06-24 09:42:00+00:00,24018.2,24018.2,24009.85,24009.85,0
2026-06-24 09:43:00+00:00,24011.15,24011.6,24005.45,24007.3,0
2026-06-24 09:44:00+00:00,24008.6,24009.3,24003.25,24006.45,0
2026-06-24 09:45:00+00:00,24006.0,24031.3,24003.6,24031.3,0
2026-06-24 09:46:00+00:00,24029.65,24031.45,24026.85,24028.35,0
2026-06-24 09:47:00+00:00,24028.9,24028.95,24017.0,24018.25,0
2026-06-24 09:48:00+00:00,24018.25,24019.25,24011.75,24013.65,0
2026-06-24 09:49:00+00:00,24013.75,24015.2,24007.1,24010.5,0
2026-06-24 09:50:00+00:00,24010.6,24013.5,24006.9,24011.05,0
2026-06-24 09:51:00+00:00,24012.05,24016.15,24009.7,24012.9,0
2026-06-24 09:52:00+00:00,24013.75,24014.5,24011.15,24013.5,0
2026-06-24 09:53:00+00:00,24012.5,24018.2,24012.4,24017.5,0
2026-06-24 09:54:00+00:00,24017.85,24018.95,24014.2,24018.95,0
2026-06-24 09:55:00+00:00,24018.0,24022.5,24014.3,24016.0,0
2026-06-24 09:56:00+00:00,24016.3,24016.95,24010.9,24011.65,0
2026-06-24 09:57:00+00:00,24013.85,24015.8,24012.3,24015.8,0
2026-06-24 09:58:00+00:00,24015.2,24021.8,24012.5,24016.7,0
2026-06-24 09:59:00+00:00,24016.4,24021.2,24006.7,24013.15,0
2026-06-25 03:45:00+00:00,24125.85,24154.5,24122.55,24134.2,0
2026-06-25 03:46:00+00:00,24137.45,24137.45,24112.35,24113.2,0
2026-06-25 03:47:00+00:00,24117.05,24118.65,24107.8,24113.55,0
2026-06-25 03:48:00+00:00,24115.85,24132.95,24111.85,24131.35,0
2026-06-25 03:49:00+00:00,24133.45,24134.85,24124.35,24129.85,0
2026-06-25 03:50:00+00:00,24132.65,24141.1,24128.3,24135.6,0
2026-06-25 03:51:00+00:00,24136.85,24146.8,24132.8,24145.55,0
2026-06-25 03:52:00+00:00,24147.75,24151.8,24142.0,24143.05,0
2026-06-25 03:53:00+00:00,24145.15,24145.55,24139.8,24141.65,0
2026-06-25 03:54:00+00:00,24143.95,24157.5,24141.2,24157.1,0
2026-06-25 03:55:00+00:00,24154.95,24169.7,24154.95,24166.75,0
2026-06-25 03:56:00+00:00,24166.3,24166.3,24158.65,24160.75,0
2026-06-25 03:57:00+00:00,24162.2,24164.45,24156.05,24157.5,0
2026-06-25 03:58:00+00:00,24159.5,24162.0,24145.2,24146.75,0
2026-06-25 03:59:00+00:00,24147.05,24151.25,24144.2,24147.15,0
2026-06-25 04:00:00+00:00,24149.15,24152.15,24140.7,24147.5,0
2026-06-25 04:01:00+00:00,24148.4,24149.1,24130.95,24130.95,0
2026-06-25 04:02:00+00:00,24132.95,24137.15,24130.5,24133.65,0
2026-06-25 04:03:00+00:00,24135.45,24139.05,24132.6,24136.55,0
2026-06-25 04:04:00+00:00,24137.95,24147.15,24135.75,24142.8,0
2026-06-25 04:05:00+00:00,24144.05,24146.25,24139.05,24140.4,0
2026-06-25 04:06:00+00:00,24140.65,24143.15,24134.15,24134.9,0
2026-06-25 04:07:00+00:00,24136.55,24148.85,24135.8,24147.4,0
2026-06-25 04:08:00+00:00,24148.15,24148.3,24141.6,24141.8,0
2026-06-25 04:09:00+00:00,24143.5,24147.0,24139.8,24145.5,0
2026-06-25 04:10:00+00:00,24146.35,24146.35,24133.3,24133.4,0
2026-06-25 04:11:00+00:00,24136.0,24138.35,24131.7,24132.45,0
2026-06-25 04:12:00+00:00,24134.1,24140.0,24131.4,24139.6,0
2026-06-25 04:13:00+00:00,24140.65,24147.55,24138.2,24143.75,0
2026-06-25 04:14:00+00:00,24144.35,24144.5,24139.55,24141.65,0
2026-06-25 04:15:00+00:00,24141.65,24153.65,24140.15,24152.9,0
2026-06-25 04:16:00+00:00,24154.0,24159.85,24150.7,24158.45,0
2026-06-25 04:17:00+00:00,24158.65,24164.1,24153.65,24161.5,0
2026-06-25 04:18:00+00:00,24162.0,24164.55,24154.6,24159.3,0
2026-06-25 04:19:00+00:00,24161.05,24167.65,24158.1,24165.45,0
2026-06-25 04:20:00+00:00,24167.05,24170.9,24162.65,24169.65,0
2026-06-25 04:21:00+00:00,24171.8,24177.0,24169.3,24174.45,0
2026-06-25 04:22:00+00:00,24175.55,24185.35,24172.2,24183.4,0
2026-06-25 04:23:00+00:00,24184.5,24184.5,24177.35,24179.4,0
2026-06-25 04:24:00+00:00,24180.4,24180.4,24169.35,24172.3,0
2026-06-25 04:25:00+00:00,24172.95,24174.55,24169.4,24173.45,0
2026-06-25 04:26:00+00:00,24174.75,24179.15,24169.9,24179.15,0
2026-06-25 04:27:00+00:00,24179.1,24183.8,24176.6,24181.1,0
2026-06-25 04:28:00+00:00,24182.75,24182.75,24173.2,24175.85,0
2026-06-25 04:29:00+00:00,24176.35,24179.15,24174.6,24176.65,0
2026-06-25 04:30:00+00:00,24178.65,24179.4,24170.95,24170.95,0
2026-06-25 04:31:00+00:00,24174.4,24174.4,24168.75,24170.2,0
2026-06-25 04:32:00+00:00,24172.5,24174.9,24169.2,24171.0,0
2026-06-25 04:33:00+00:00,24174.2,24176.2,24166.45,24168.9,0
2026-06-25 04:34:00+00:00,24169.75,24179.25,24165.45,24177.35,0
2026-06-25 04:35:00+00:00,24178.7,24182.15,24171.75,24171.8,0
2026-06-25 04:36:00+00:00,24172.7,24173.2,24163.55,24168.1,0
2026-06-25 04:37:00+00:00,24170.9,24170.9,24161.9,24162.8,0
2026-06-25 04:38:00+00:00,24164.85,24166.95,24162.25,24164.75,0
2026-06-25 04:39:00+00:00,24166.05,24168.65,24163.6,24166.55,0
2026-06-25 04:40:00+00:00,24167.9,24171.15,24162.6,24168.3,0
2026-06-25 04:41:00+00:00,24169.15,24169.15,24162.05,24164.1,0
2026-06-25 04:42:00+00:00,24166.15,24167.05,24160.3,24162.6,0
2026-06-25 04:43:00+00:00,24164.45,24174.35,24162.8,24173.1,0
2026-06-25 04:44:00+00:00,24174.35,24186.05,24171.4,24184.5,0
2026-06-25 04:45:00+00:00,24185.3,24190.25,24180.8,24187.85,0
2026-06-25 04:46:00+00:00,24189.35,24189.35,24179.55,24179.55,0
2026-06-25 04:47:00+00:00,24181.15,24181.15,24174.05,24174.65,0
2026-06-25 04:48:00+00:00,24175.85,24175.9,24169.9,24175.35,0
2026-06-25 04:49:00+00:00,24175.9,24184.3,24172.65,24178.9,0
2026-06-25 04:50:00+00:00,24180.2,24180.2,24173.7,24174.55,0
2026-06-25 04:51:00+00:00,24175.75,24176.95,24172.0,24176.55,0
2026-06-25 04:52:00+00:00,24177.05,24177.1,24171.3,24175.1,0
2026-06-25 04:53:00+00:00,24176.9,24177.25,24168.9,24169.7,0
2026-06-25 04:54:00+00:00,24170.95,24171.75,24166.75,24168.85,0
2026-06-25 04:55:00+00:00,24171.2,24175.45,24165.85,24174.6,0
2026-06-25 04:56:00+00:00,24175.0,24179.35,24171.7,24177.7,0
2026-06-25 04:57:00+00:00,24179.7,24179.7,24170.05,24170.05,0
2026-06-25 04:58:00+00:00,24173.15,24173.15,24166.05,24169.35,0
2026-06-25 04:59:00+00:00,24171.2,24174.05,24169.4,24172.1,0
2026-06-25 05:00:00+00:00,24173.35,24178.75,24169.05,24174.45,0
2026-06-25 05:01:00+00:00,24177.25,24179.1,24172.85,24176.55,0
2026-06-25 05:02:00+00:00,24179.75,24181.75,24175.65,24176.15,0
2026-06-25 05:03:00+00:00,24179.3,24179.3,24170.65,24173.1,0
2026-06-25 05:04:00+00:00,24173.3,24175.4,24167.75,24172.6,0
2026-06-25 05:05:00+00:00,24175.1,24176.8,24171.45,24173.7,0
2026-06-25 05:06:00+00:00,24175.75,24177.8,24172.7,24177.2,0
2026-06-25 05:07:00+00:00,24178.25,24182.65,24175.95,24179.75,0
2026-06-25 05:08:00+00:00,24181.25,24181.25,24173.45,24173.95,0
2026-06-25 05:09:00+00:00,24175.5,24175.5,24169.4,24169.45,0
2026-06-25 05:10:00+00:00,24172.45,24172.45,24166.9,24168.5,0
2026-06-25 05:11:00+00:00,24171.05,24175.55,24168.35,24175.15,0
2026-06-25 05:12:00+00:00,24175.25,24184.45,24172.5,24183.7,0
2026-06-25 05:13:00+00:00,24183.9,24184.85,24173.3,24177.95,0
2026-06-25 05:14:00+00:00,24178.15,24185.0,24177.65,24182.8,0
2026-06-25 05:15:00+00:00,24184.1,24189.15,24181.7,24189.15,0
2026-06-25 05:16:00+00:00,24189.45,24193.5,24186.5,24192.35,0
2026-06-25 05:17:00+00:00,24188.9,24195.85,24188.0,24191.65,0
2026-06-25 05:18:00+00:00,24195.3,24198.25,24191.1,24193.35,0
2026-06-25 05:19:00+00:00,24195.4,24200.55,24191.1,24199.2,0
2026-06-25 05:20:00+00:00,24200.05,24200.05,24190.65,24192.6,0
2026-06-25 05:21:00+00:00,24193.35,24193.35,24187.75,24189.0,0
2026-06-25 05:22:00+00:00,24190.7,24190.7,24185.3,24186.05,0
2026-06-25 05:23:00+00:00,24187.55,24189.4,24183.3,24184.65,0
2026-06-25 05:24:00+00:00,24185.45,24186.65,24180.5,24180.8,0
2026-06-25 05:25:00+00:00,24181.6,24185.85,24177.0,24184.65,0
2026-06-25 05:26:00+00:00,24186.0,24189.5,24181.85,24188.35,0
2026-06-25 05:27:00+00:00,24188.85,24190.8,24184.2,24189.5,0
2026-06-25 05:28:00+00:00,24189.2,24191.8,24187.25,24190.05,0
2026-06-25 05:29:00+00:00,24191.05,24198.85,24188.05,24197.6,0
2026-06-25 05:30:00+00:00,24198.55,24200.35,24186.05,24187.85,0
2026-06-25 05:31:00+00:00,24188.5,24188.5,24182.2,24182.95,0
2026-06-25 05:32:00+00:00,24184.6,24188.65,24181.15,24185.75,0
2026-06-25 05:33:00+00:00,24186.5,24186.5,24180.6,24183.85,0
2026-06-25 05:34:00+00:00,24185.2,24185.4,24180.45,24180.65,0
2026-06-25 05:35:00+00:00,24183.55,24183.55,24175.3,24176.95,0
2026-06-25 05:36:00+00:00,24177.6,24181.3,24175.95,24180.6,0
2026-06-25 05:37:00+00:00,24181.4,24182.75,24178.2,24182.15,0
2026-06-25 05:38:00+00:00,24183.45,24188.3,24180.6,24184.35,0
2026-06-25 05:39:00+00:00,24185.75,24189.95,24183.3,24189.95,0
2026-06-25 05:40:00+00:00,24189.5,24189.5,24184.1,24186.4,0
2026-06-25 05:41:00+00:00,24187.7,24193.7,24186.1,24192.1,0
2026-06-25 05:42:00+00:00,24192.45,24197.05,24189.35,24191.85,0
2026-06-25 05:43:00+00:00,24192.7,24196.45,24189.0,24196.05,0
2026-06-25 05:44:00+00:00,24196.95,24197.65,24192.35,24196.05,0
2026-06-25 05:45:00+00:00,24197.75,24201.6,24195.2,24198.9,0
2026-06-25 05:46:00+00:00,24201.8,24205.65,24197.5,24201.5,0
2026-06-25 05:47:00+00:00,24203.5,24203.5,24195.0,24198.5,0
2026-06-25 05:48:00+00:00,24199.8,24203.2,24195.15,24195.4,0
2026-06-25 05:49:00+00:00,24196.85,24199.5,24192.85,24196.15,0
2026-06-25 05:50:00+00:00,24197.75,24199.0,24194.95,24197.05,0
2026-06-25 05:51:00+00:00,24199.05,24199.35,24195.75,24198.5,0
2026-06-25 05:52:00+00:00,24196.6,24201.7,24196.4,24197.05,0
2026-06-25 05:53:00+00:00,24197.85,24199.1,24191.8,24192.85,0
2026-06-25 05:54:00+00:00,24193.35,24195.4,24189.95,24192.45,0
2026-06-25 05:55:00+00:00,24191.7,24193.3,24188.05,24190.35,0
2026-06-25 05:56:00+00:00,24191.95,24194.7,24188.1,24193.5,0
2026-06-25 05:57:00+00:00,24194.05,24195.3,24189.5,24191.95,0
2026-06-25 05:58:00+00:00,24192.6,24194.3,24188.4,24190.2,0
2026-06-25 05:59:00+00:00,24191.35,24191.35,24186.5,24190.55,0
2026-06-25 06:00:00+00:00,24191.05,24193.9,24181.7,24182.45,0
2026-06-25 06:01:00+00:00,24184.75,24187.8,24181.55,24184.45,0
2026-06-25 06:02:00+00:00,24185.65,24186.1,24182.25,24185.65,0
2026-06-25 06:03:00+00:00,24186.15,24187.15,24183.1,24185.85,0
2026-06-25 06:04:00+00:00,24187.65,24191.8,24184.4,24190.8,0
2026-06-25 06:05:00+00:00,24191.0,24192.15,24187.4,24190.4,0
2026-06-25 06:06:00+00:00,24191.75,24191.95,24184.05,24185.3,0
2026-06-25 06:07:00+00:00,24186.65,24187.1,24181.05,24185.5,0
2026-06-25 06:08:00+00:00,24186.25,24193.85,24185.45,24192.8,0
2026-06-25 06:09:00+00:00,24194.1,24197.1,24191.8,24195.15,0
2026-06-25 06:10:00+00:00,24195.45,24198.4,24193.45,24194.2,0
2026-06-25 06:11:00+00:00,24195.3,24195.3,24187.5,24192.9,0
2026-06-25 06:12:00+00:00,24192.95,24197.4,24191.9,24196.3,0
2026-06-25 06:13:00+00:00,24197.05,24200.25,24194.9,24196.4,0
2026-06-25 06:14:00+00:00,24199.15,24199.15,24188.4,24195.6,0
2026-06-25 06:15:00+00:00,24197.1,24198.1,24193.3,24194.8,0
2026-06-25 06:16:00+00:00,24195.45,24198.3,24193.5,24198.15,0
2026-06-25 06:17:00+00:00,24197.55,24203.55,24196.5,24203.25,0
2026-06-25 06:18:00+00:00,24203.85,24205.75,24199.7,24200.7,0
2026-06-25 06:19:00+00:00,24201.2,24206.85,24197.7,24204.2,0
2026-06-25 06:20:00+00:00,24205.35,24210.7,24202.5,24208.65,0
2026-06-25 06:21:00+00:00,24208.7,24210.05,24200.15,24200.75,0
2026-06-25 06:22:00+00:00,24202.35,24205.15,24197.15,24203.85,0
2026-06-25 06:23:00+00:00,24204.6,24209.25,24201.4,24208.45,0
2026-06-25 06:24:00+00:00,24209.25,24209.85,24203.0,24208.4,0
2026-06-25 06:25:00+00:00,24209.25,24212.55,24205.9,24210.4,0
2026-06-25 06:26:00+00:00,24211.1,24215.6,24208.35,24214.8,0
2026-06-25 06:27:00+00:00,24216.6,24230.9,24215.3,24230.75,0
2026-06-25 06:28:00+00:00,24232.15,24238.3,24226.45,24235.75,0
2026-06-25 06:29:00+00:00,24235.8,24238.75,24230.15,24236.55,0
2026-06-25 06:30:00+00:00,24238.75,24247.8,24236.7,24246.05,0
2026-06-25 06:31:00+00:00,24245.0,24251.35,24239.35,24242.85,0
2026-06-25 06:32:00+00:00,24243.3,24244.0,24236.15,24240.15,0
2026-06-25 06:33:00+00:00,24241.2,24244.9,24238.1,24242.25,0
2026-06-25 06:34:00+00:00,24241.85,24247.65,24238.65,24247.2,0
2026-06-25 06:35:00+00:00,24247.85,24249.5,24245.1,24246.9,0
2026-06-25 06:36:00+00:00,24247.7,24248.6,24242.85,24247.15,0
2026-06-25 06:37:00+00:00,24247.4,24249.1,24244.05,24248.75,0
2026-06-25 06:38:00+00:00,24248.7,24250.2,24245.15,24249.3,0
2026-06-25 06:39:00+00:00,24250.1,24253.5,24247.95,24249.5,0
2026-06-25 06:40:00+00:00,24250.95,24253.05,24247.65,24251.65,0
2026-06-25 06:41:00+00:00,24253.0,24259.2,24250.9,24255.5,0
2026-06-25 06:42:00+00:00,24256.0,24261.6,24253.65,24254.15,0
2026-06-25 06:43:00+00:00,24256.05,24256.2,24246.2,24249.25,0
2026-06-25 06:44:00+00:00,24250.55,24250.55,24242.75,24243.5,0
2026-06-25 06:45:00+00:00,24244.2,24250.65,24243.0,24249.7,0
2026-06-25 06:46:00+00:00,24251.5,24251.5,24245.0,24246.6,0
2026-06-25 06:47:00+00:00,24248.3,24248.3,24241.4,24242.6,0
2026-06-25 06:48:00+00:00,24242.55,24245.3,24241.05,24244.15,0
2026-06-25 06:49:00+00:00,24245.45,24245.5,24239.7,24243.9,0
2026-06-25 06:50:00+00:00,24245.6,24247.3,24241.1,24242.85,0
2026-06-25 06:51:00+00:00,24244.95,24248.1,24240.75,24240.75,0
2026-06-25 06:52:00+00:00,24241.75,24243.2,24229.2,24235.55,0
2026-06-25 06:53:00+00:00,24237.45,24237.7,24223.5,24224.95,0
2026-06-25 06:54:00+00:00,24226.5,24228.9,24223.15,24226.05,0
2026-06-25 06:55:00+00:00,24227.65,24227.65,24218.95,24220.95,0
2026-06-25 06:56:00+00:00,24220.95,24224.35,24218.15,24219.95,0
2026-06-25 06:57:00+00:00,24220.7,24221.45,24213.3,24214.1,0
2026-06-25 06:58:00+00:00,24215.25,24215.25,24206.6,24207.75,0
2026-06-25 06:59:00+00:00,24208.55,24208.55,24199.3,24201.9,0
2026-06-25 07:00:00+00:00,24203.6,24210.0,24201.7,24208.7,0
2026-06-25 07:01:00+00:00,24210.6,24210.6,24185.85,24187.45,0
2026-06-25 07:02:00+00:00,24189.1,24189.1,24176.85,24186.1,0
2026-06-25 07:03:00+00:00,24186.65,24191.3,24184.6,24190.05,0
2026-06-25 07:04:00+00:00,24190.55,24191.45,24188.3,24189.85,0
2026-06-25 07:05:00+00:00,24190.55,24198.25,24186.65,24197.25,0
2026-06-25 07:06:00+00:00,24198.8,24203.65,24195.7,24202.8,0
2026-06-25 07:07:00+00:00,24203.55,24204.0,24196.35,24200.05,0
2026-06-25 07:08:00+00:00,24200.95,24205.7,24198.75,24203.5,0
2026-06-25 07:09:00+00:00,24204.05,24209.3,24201.95,24207.3,0
2026-06-25 07:10:00+00:00,24209.65,24209.65,24199.9,24202.6,0
2026-06-25 07:11:00+00:00,24202.6,24204.2,24197.3,24199.2,0
2026-06-25 07:12:00+00:00,24199.3,24202.75,24195.4,24198.15,0
2026-06-25 07:13:00+00:00,24198.1,24198.6,24191.95,24197.9,0
2026-06-25 07:14:00+00:00,24197.0,24197.85,24189.5,24192.85,0
2026-06-25 07:15:00+00:00,24193.3,24195.0,24186.55,24186.55,0
2026-06-25 07:16:00+00:00,24186.4,24191.8,24181.65,24190.0,0
2026-06-25 07:17:00+00:00,24191.7,24191.7,24186.8,24188.5,0
2026-06-25 07:18:00+00:00,24190.15,24195.45,24187.75,24192.2,0
2026-06-25 07:19:00+00:00,24192.6,24194.05,24189.45,24193.4,0
2026-06-25 07:20:00+00:00,24193.7,24196.7,24189.25,24192.25,0
2026-06-25 07:21:00+00:00,24191.9,24194.75,24189.0,24193.1,0
2026-06-25 07:22:00+00:00,24193.4,24194.65,24187.5,24194.3,0
2026-06-25 07:23:00+00:00,24194.35,24197.85,24192.8,24197.05,0
2026-06-25 07:24:00+00:00,24198.0,24201.7,24197.0,24198.9,0
2026-06-25 07:25:00+00:00,24199.35,24202.6,24196.65,24197.35,0
2026-06-25 07:26:00+00:00,24198.15,24198.15,24192.65,24194.1,0
2026-06-25 07:27:00+00:00,24194.3,24197.65,24192.05,24196.15,0
2026-06-25 07:28:00+00:00,24197.55,24197.55,24188.3,24191.6,0
2026-06-25 07:29:00+00:00,24192.2,24196.95,24187.8,24196.85,0
2026-06-25 07:30:00+00:00,24197.4,24197.4,24190.45,24192.1,0
2026-06-25 07:31:00+00:00,24192.5,24197.25,24188.3,24195.65,0
2026-06-25 07:32:00+00:00,24196.8,24206.2,24195.45,24204.0,0
2026-06-25 07:33:00+00:00,24206.3,24210.85,24199.25,24208.75,0
2026-06-25 07:34:00+00:00,24211.0,24214.5,24198.95,24203.05,0
2026-06-25 07:35:00+00:00,24205.05,24210.2,24199.85,24202.15,0
2026-06-25 07:36:00+00:00,24202.7,24204.65,24198.95,24200.9,0
2026-06-25 07:37:00+00:00,24200.6,24203.2,24194.5,24195.9,0
2026-06-25 07:38:00+00:00,24195.6,24195.7,24190.95,24193.05,0
2026-06-25 07:39:00+00:00,24194.2,24197.1,24190.4,24195.75,0
2026-06-25 07:40:00+00:00,24194.7,24199.55,24191.0,24198.3,0
2026-06-25 07:41:00+00:00,24199.0,24200.6,24192.75,24193.3,0
2026-06-25 07:42:00+00:00,24195.6,24195.6,24183.55,24187.75,0
2026-06-25 07:43:00+00:00,24188.3,24189.55,24179.85,24182.9,0
2026-06-25 07:44:00+00:00,24183.9,24186.05,24169.3,24172.8,0
2026-06-25 07:45:00+00:00,24172.45,24176.3,24170.6,24175.05,0
2026-06-25 07:46:00+00:00,24175.95,24178.55,24172.0,24177.0,0
2026-06-25 07:47:00+00:00,24177.95,24185.55,24175.85,24180.9,0
2026-06-25 07:48:00+00:00,24182.35,24188.0,24179.6,24186.15,0
2026-06-25 07:49:00+00:00,24186.45,24198.45,24184.05,24196.8,0
2026-06-25 07:50:00+00:00,24197.2,24198.7,24191.15,24195.4,0
2026-06-25 07:51:00+00:00,24195.9,24196.5,24189.2,24190.7,0
2026-06-25 07:52:00+00:00,24193.15,24193.15,24184.65,24191.5,0
2026-06-25 07:53:00+00:00,24192.45,24194.25,24190.35,24193.4,0
2026-06-25 07:54:00+00:00,24193.8,24193.95,24184.7,24189.05,0
2026-06-25 07:55:00+00:00,24190.65,24190.65,24181.4,24184.35,0
2026-06-25 07:56:00+00:00,24185.95,24185.95,24176.95,24183.7,0
2026-06-25 07:57:00+00:00,24184.95,24185.75,24177.65,24177.65,0
2026-06-25 07:58:00+00:00,24180.25,24184.9,24176.45,24183.05,0
2026-06-25 07:59:00+00:00,24184.2,24187.8,24180.95,24181.5,0
2026-06-25 08:00:00+00:00,24181.8,24182.8,24173.8,24177.9,0
2026-06-25 08:01:00+00:00,24179.25,24183.35,24175.15,24181.3,0
2026-06-25 08:02:00+00:00,24181.6,24186.3,24179.55,24184.7,0
2026-06-25 08:03:00+00:00,24186.3,24191.45,24184.2,24189.45,0
2026-06-25 08:04:00+00:00,24191.35,24192.6,24188.6,24191.95,0
2026-06-25 08:05:00+00:00,24193.2,24197.0,24191.55,24193.95,0
2026-06-25 08:06:00+00:00,24195.2,24195.35,24189.65,24192.0,0
2026-06-25 08:07:00+00:00,24194.65,24196.3,24190.55,24193.2,0
2026-06-25 08:08:00+00:00,24195.1,24195.1,24188.15,24191.75,0
2026-06-25 08:09:00+00:00,24193.75,24201.7,24190.95,24199.9,0
2026-06-25 08:10:00+00:00,24201.95,24209.6,24197.8,24207.35,0
2026-06-25 08:11:00+00:00,24209.45,24210.7,24206.0,24209.2,0
2026-06-25 08:12:00+00:00,24211.2,24211.2,24205.9,24206.05,0
2026-06-25 08:13:00+00:00,24208.0,24208.25,24200.0,24202.8,0
2026-06-25 08:14:00+00:00,24203.4,24206.45,24200.3,24200.35,0
2026-06-25 08:15:00+00:00,24202.35,24204.05,24196.35,24200.1,0
2026-06-25 08:16:00+00:00,24201.15,24201.9,24195.6,24198.45,0
2026-06-25 08:17:00+00:00,24200.1,24209.45,24196.95,24207.05,0
2026-06-25 08:18:00+00:00,24208.4,24208.9,24202.45,24205.4,0
2026-06-25 08:19:00+00:00,24206.45,24207.55,24201.55,24202.5,0
2026-06-25 08:20:00+00:00,24203.7,24207.7,24199.55,24200.25,0
2026-06-25 08:21:00+00:00,24202.0,24202.45,24197.85,24199.7,0
2026-06-25 08:22:00+00:00,24202.4,24205.35,24197.7,24203.35,0
2026-06-25 08:23:00+00:00,24204.6,24204.6,24195.15,24195.6,0
2026-06-25 08:24:00+00:00,24195.9,24197.0,24188.45,24190.35,0
2026-06-25 08:25:00+00:00,24189.4,24197.1,24181.65,24186.55,0
2026-06-25 08:26:00+00:00,24187.0,24192.35,24185.2,24187.1,0
2026-06-25 08:27:00+00:00,24189.05,24189.05,24173.05,24176.45,0
2026-06-25 08:28:00+00:00,24179.9,24186.7,24176.1,24185.3,0
2026-06-25 08:29:00+00:00,24186.0,24187.15,24178.4,24178.4,0
2026-06-25 08:30:00+00:00,24180.25,24180.25,24170.35,24176.7,0
2026-06-25 08:31:00+00:00,24179.6,24183.2,24176.0,24178.85,0
2026-06-25 08:32:00+00:00,24180.35,24181.35,24172.4,24177.8,0
2026-06-25 08:33:00+00:00,24180.05,24185.6,24175.35,24185.25,0
2026-06-25 08:34:00+00:00,24185.85,24187.85,24177.35,24183.3,0
2026-06-25 08:35:00+00:00,24185.1,24185.15,24177.7,24180.4,0
2026-06-25 08:36:00+00:00,24181.5,24185.25,24179.6,24182.0,0
2026-06-25 08:37:00+00:00,24184.7,24184.8,24177.25,24178.65,0
2026-06-25 08:38:00+00:00,24179.35,24184.15,24174.05,24179.4,0
2026-06-25 08:39:00+00:00,24180.4,24180.95,24171.65,24171.9,0
2026-06-25 08:40:00+00:00,24173.0,24173.6,24159.85,24161.25,0
2026-06-25 08:41:00+00:00,24162.25,24168.35,24154.5,24165.4,0
2026-06-25 08:42:00+00:00,24167.2,24167.2,24154.25,24155.1,0
2026-06-25 08:43:00+00:00,24156.8,24156.8,24138.55,24139.2,0
2026-06-25 08:44:00+00:00,24139.65,24142.55,24130.65,24139.15,0
2026-06-25 08:45:00+00:00,24139.35,24139.35,24114.1,24116.1,0
2026-06-25 08:46:00+00:00,24115.75,24122.15,24111.9,24118.95,0
2026-06-25 08:47:00+00:00,24120.75,24134.5,24119.95,24132.2,0
2026-06-25 08:48:00+00:00,24133.5,24133.5,24118.3,24120.55,0
2026-06-25 08:49:00+00:00,24121.55,24123.05,24117.05,24119.75,0
2026-06-25 08:50:00+00:00,24118.75,24125.5,24118.6,24118.8,0
2026-06-25 08:51:00+00:00,24120.15,24120.15,24111.4,24118.8,0
2026-06-25 08:52:00+00:00,24120.05,24123.8,24116.05,24122.25,0
2026-06-25 08:53:00+00:00,24123.3,24125.9,24094.3,24098.2,0
2026-06-25 08:54:00+00:00,24100.15,24112.7,24098.3,24110.5,0
2026-06-25 08:55:00+00:00,24111.9,24111.9,24097.75,24098.3,0
2026-06-25 08:56:00+00:00,24099.25,24101.15,24095.35,24099.4,0
2026-06-25 08:57:00+00:00,24101.45,24103.75,24098.8,24101.4,0
2026-06-25 08:58:00+00:00,24101.95,24102.2,24093.65,24096.95,0
2026-06-25 08:59:00+00:00,24096.15,24111.6,24088.95,24108.2,0
2026-06-25 09:00:00+00:00,24110.05,24118.35,24105.6,24116.9,0
2026-06-25 09:01:00+00:00,24117.3,24117.3,24105.65,24108.95,0
2026-06-25 09:02:00+00:00,24110.45,24113.1,24105.55,24107.3,0
2026-06-25 09:03:00+00:00,24108.0,24114.0,24104.15,24104.15,0
2026-06-25 09:04:00+00:00,24106.0,24110.9,24102.7,24105.9,0
2026-06-25 09:05:00+00:00,24107.3,24127.5,24102.2,24125.05,0
2026-06-25 09:06:00+00:00,24126.85,24128.9,24113.25,24113.85,0
2026-06-25 09:07:00+00:00,24114.45,24118.35,24102.95,24111.7,0
2026-06-25 09:08:00+00:00,24114.3,24114.4,24103.6,24105.45,0
2026-06-25 09:09:00+00:00,24107.9,24112.1,24100.8,24101.15,0
2026-06-25 09:10:00+00:00,24102.4,24108.75,24095.45,24106.75,0
2026-06-25 09:11:00+00:00,24108.55,24112.4,24099.35,24100.95,0
2026-06-25 09:12:00+00:00,24100.9,24106.15,24078.9,24082.6,0
2026-06-25 09:13:00+00:00,24081.9,24084.7,24068.85,24070.3,0
2026-06-25 09:14:00+00:00,24071.55,24077.6,24070.0,24071.05,0
2026-06-25 09:15:00+00:00,24072.75,24082.8,24066.55,24082.8,0
2026-06-25 09:16:00+00:00,24082.15,24095.5,24074.75,24083.9,0
2026-06-25 09:17:00+00:00,24083.3,24092.55,24077.6,24089.15,0
2026-06-25 09:18:00+00:00,24088.6,24089.75,24080.45,24088.45,0
2026-06-25 09:19:00+00:00,24086.75,24089.4,24071.65,24071.85,0
2026-06-25 09:20:00+00:00,24073.5,24081.8,24072.65,24080.1,0
2026-06-25 09:21:00+00:00,24079.5,24086.5,24078.0,24083.7,0
2026-06-25 09:22:00+00:00,24082.5,24093.5,24079.65,24091.5,0
2026-06-25 09:23:00+00:00,24091.85,24113.7,24090.85,24113.7,0
2026-06-25 09:24:00+00:00,24109.75,24117.5,24102.7,24103.05,0
2026-06-25 09:25:00+00:00,24103.9,24111.15,24098.3,24103.35,0
2026-06-25 09:26:00+00:00,24104.0,24105.2,24097.35,24100.3,0
2026-06-25 09:27:00+00:00,24100.8,24100.85,24095.2,24095.75,0
2026-06-25 09:28:00+00:00,24097.1,24099.8,24094.0,24096.4,0
2026-06-25 09:29:00+00:00,24096.4,24096.9,24079.7,24090.4,0
2026-06-25 09:30:00+00:00,24091.0,24091.3,24053.4,24061.85,0
2026-06-25 09:31:00+00:00,24061.35,24073.25,24059.65,24060.55,0
2026-06-25 09:32:00+00:00,24061.2,24061.2,24041.65,24056.3,0
2026-06-25 09:33:00+00:00,24055.45,24070.25,24052.7,24053.8,0
2026-06-25 09:34:00+00:00,24053.35,24063.35,24051.75,24060.9,0
2026-06-25 09:35:00+00:00,24060.2,24067.6,24041.45,24063.2,0
2026-06-25 09:36:00+00:00,24061.45,24073.3,24061.35,24071.7,0
2026-06-25 09:37:00+00:00,24072.1,24077.8,24067.5,24068.7,0
2026-06-25 09:38:00+00:00,24069.0,24076.7,24067.65,24069.55,0
2026-06-25 09:39:00+00:00,24071.25,24072.15,24053.7,24059.7,0
2026-06-25 09:40:00+00:00,24061.8,24070.75,24059.65,24069.4,0
2026-06-25 09:41:00+00:00,24068.9,24074.0,24055.75,24055.75,0
2026-06-25 09:42:00+00:00,24056.35,24059.85,24055.15,24057.7,0
2026-06-25 09:43:00+00:00,24057.5,24062.8,24052.5,24061.45,0
2026-06-25 09:44:00+00:00,24060.45,24063.9,24054.45,24056.0,0
2026-06-25 09:45:00+00:00,24056.95,24060.2,24043.45,24047.85,0
2026-06-25 09:46:00+00:00,24048.1,24065.35,24048.1,24065.35,0
2026-06-25 09:47:00+00:00,24062.2,24065.5,24052.75,24053.4,0
2026-06-25 09:48:00+00:00,24053.25,24055.35,24050.95,24053.25,0
2026-06-25 09:49:00+00:00,24053.9,24059.6,24044.9,24058.3,0
2026-06-25 09:50:00+00:00,24058.8,24059.2,24048.35,24048.75,0
2026-06-25 09:51:00+00:00,24048.95,24048.95,24040.05,24040.55,0
2026-06-25 09:52:00+00:00,24040.95,24044.95,24040.35,24040.7,0
2026-06-25 09:53:00+00:00,24042.05,24047.05,24040.0,24044.9,0
2026-06-25 09:54:00+00:00,24045.2,24049.3,24043.35,24046.25,0
2026-06-25 09:55:00+00:00,24049.65,24049.65,24039.0,24042.35,0
2026-06-25 09:56:00+00:00,24044.2,24047.0,24042.6,24044.3,0
2026-06-25 09:57:00+00:00,24045.65,24053.35,24043.8,24052.5,0
2026-06-25 09:58:00+00:00,24051.2,24058.3,24048.25,24048.4,0
2026-06-25 09:59:00+00:00,24052.0,24057.1,24048.65,24052.95,0
