datetime,open,high,low,close,volume
2026-07-03 03:45:00+00:00,24375.65,24378.15,24310.75,24317.3,0
2026-07-03 03:46:00+00:00,24318.3,24323.8,24305.6,24316.5,0
2026-07-03 03:47:00+00:00,24317.75,24319.8,24308.4,24311.85,0
2026-07-03 03:48:00+00:00,24310.7,24316.4,24300.85,24301.3,0
2026-07-03 03:49:00+00:00,24303.45,24306.5,24295.15,24302.6,0
2026-07-03 03:50:00+00:00,24302.9,24316.75,24299.45,24311.8,0
2026-07-03 03:51:00+00:00,24316.45,24324.75,24311.8,24324.75,0
2026-07-03 03:52:00+00:00,24326.9,24333.9,24325.05,24331.8,0
2026-07-03 03:53:00+00:00,24333.7,24339.55,24329.15,24330.6,0
2026-07-03 03:54:00+00:00,24332.25,24336.0,24327.75,24335.05,0
2026-07-03 03:55:00+00:00,24335.95,24348.85,24334.15,24347.75,0
2026-07-03 03:56:00+00:00,24348.8,24350.25,24343.4,24346.8,0
2026-07-03 03:57:00+00:00,24348.8,24350.95,24342.4,24347.8,0
2026-07-03 03:58:00+00:00,24348.4,24350.2,24343.5,24344.7,0
2026-07-03 03:59:00+00:00,24346.7,24350.4,24344.1,24347.75,0
2026-07-03 04:00:00+00:00,24349.0,24356.0,24348.4,24350.45,0
2026-07-03 04:01:00+00:00,24351.65,24356.15,24348.8,24353.3,0
2026-07-03 04:02:00+00:00,24354.95,24363.55,24353.85,24363.0,0
2026-07-03 04:03:00+00:00,24366.35,24366.8,24356.2,24359.0,0
2026-07-03 04:04:00+00:00,24360.4,24360.4,24351.05,24355.65,0
2026-07-03 04:05:00+00:00,24357.85,24360.2,24346.5,24348.75,0
2026-07-03 04:06:00+00:00,24349.65,24357.9,24349.45,24357.9,0
2026-07-03 04:07:00+00:00,24360.25,24360.25,24353.95,24353.95,0
2026-07-03 04:08:00+00:00,24356.25,24360.9,24352.0,24360.6,0
2026-07-03 04:09:00+00:00,24360.75,24365.2,24357.4,24359.5,0
2026-07-03 04:10:00+00:00,24361.8,24361.8,24351.9,24356.05,0
2026-07-03 04:11:00+00:00,24357.95,24358.65,24348.5,24349.45,0
2026-07-03 04:12:00+00:00,24352.7,24357.7,24350.25,24352.25,0
2026-07-03 04:13:00+00:00,24355.1,24356.5,24343.55,24345.2,0
2026-07-03 04:14:00+00:00,24345.75,24346.95,24334.5,24336.8,0
2026-07-03 04:15:00+00:00,24338.5,24342.75,24330.95,24340.7,0
2026-07-03 04:16:00+00:00,24343.4,24344.75,24334.2,24335.15,0
2026-07-03 04:17:00+00:00,24335.65,24336.25,24329.45,24331.4,0
2026-07-03 04:18:00+00:00,24332.4,24333.05,24324.75,24329.45,0
2026-07-03 04:19:00+00:00,24329.65,24333.3,24327.15,24329.9,0
2026-07-03 04:20:00+00:00,24331.45,24337.0,24330.2,24335.5,0
2026-07-03 04:21:00+00:00,24337.15,24344.35,24330.0,24342.85,0
2026-07-03 04:22:00+00:00,24344.25,24344.35,24336.8,24340.0,0
2026-07-03 04:23:00+00:00,24340.35,24342.6,24335.9,24335.9,0
2026-07-03 04:24:00+00:00,24338.0,24341.0,24334.9,24337.0,0
2026-07-03 04:25:00+00:00,24337.0,24337.2,24326.6,24327.1,0
2026-07-03 04:26:00+00:00,24327.65,24332.0,24323.0,24329.85,0
2026-07-03 04:27:00+00:00,24330.4,24341.95,24330.4,24340.5,0
2026-07-03 04:28:00+00:00,24340.8,24341.4,24334.3,24335.15,0
2026-07-03 04:29:00+00:00,24336.2,24339.35,24332.45,24333.2,0
2026-07-03 04:30:00+00:00,24335.3,24341.95,24334.5,24339.7,0
2026-07-03 04:31:00+00:00,24340.95,24341.0,24335.6,24337.2,0
2026-07-03 04:32:00+00:00,24339.55,24339.55,24327.3,24329.8,0
2026-07-03 04:33:00+00:00,24330.65,24332.05,24324.1,24329.4,0
2026-07-03 04:34:00+00:00,24331.3,24331.45,24313.1,24315.15,0
2026-07-03 04:35:00+00:00,24315.2,24324.45,24311.85,24318.65,0
2026-07-03 04:36:00+00:00,24318.9,24325.85,24318.55,24325.85,0
2026-07-03 04:37:00+00:00,24327.55,24340.5,24325.6,24340.45,0
2026-07-03 04:38:00+00:00,24341.75,24341.75,24336.05,24339.3,0
2026-07-03 04:39:00+00:00,24340.25,24341.65,24336.0,24337.5,0
2026-07-03 04:40:00+00:00,24338.5,24342.25,24336.2,24339.7,0
2026-07-03 04:41:00+00:00,24340.25,24340.95,24332.8,24337.9,0
2026-07-03 04:42:00+00:00,24338.4,24338.4,24331.9,24333.4,0
2026-07-03 04:43:00+00:00,24335.95,24336.7,24328.4,24329.1,0
2026-07-03 04:44:00+00:00,24330.65,24335.05,24328.65,24330.6,0
2026-07-03 04:45:00+00:00,24332.0,24335.55,24329.4,24331.0,0
2026-07-03 04:46:00+00:00,24332.55,24332.6,24320.9,24322.7,0
2026-07-03 04:47:00+00:00,24324.3,24324.4,24317.75,24321.65,0
2026-07-03 04:48:00+00:00,24322.8,24329.75,24319.3,24329.7,0
2026-07-03 04:49:00+00:00,24330.55,24330.55,24326.25,24326.65,0
2026-07-03 04:50:00+00:00,24325.75,24326.45,24315.4,24321.2,0
2026-07-03 04:51:00+00:00,24322.0,24343.9,24320.5,24341.05,0
2026-07-03 04:52:00+00:00,24342.1,24343.85,24336.45,24342.6,0
2026-07-03 04:53:00+00:00,24342.9,24343.55,24338.9,24340.3,0
2026-07-03 04:54:00+00:00,24341.75,24344.45,24339.35,24339.4,0
2026-07-03 04:55:00+00:00,24340.65,24347.45,24339.8,24345.6,0
2026-07-03 04:56:00+00:00,24347.55,24352.65,24344.85,24347.8,0
2026-07-03 04:57:00+00:00,24349.4,24349.85,24342.5,24345.65,0
2026-07-03 04:58:00+00:00,24346.95,24347.4,24339.35,24341.5,0
2026-07-03 04:59:00+00:00,24342.9,24348.15,24340.15,24345.1,0
2026-07-03 05:00:00+00:00,24347.1,24349.7,24342.85,24348.75,0
2026-07-03 05:01:00+00:00,24350.55,24350.55,24342.55,24345.35,0
2026-07-03 05:02:00+00:00,24346.85,24347.15,24342.2,24343.4,0
2026-07-03 05:03:00+00:00,24344.45,24345.85,24341.4,24343.75,0
2026-07-03 05:04:00+00:00,24343.65,24345.6,24340.65,24344.7,0
2026-07-03 05:05:00+00:00,24346.45,24347.7,24341.2,24342.55,0
2026-07-03 05:06:00+00:00,24343.75,24350.9,24343.05,24347.75,0
2026-07-03 05:07:00+00:00,24349.25,24351.5,24346.85,24349.45,0
2026-07-03 05:08:00+00:00,24350.2,24350.55,24342.35,24344.95,0
2026-07-03 05:09:00+00:00,24345.45,24346.45,24339.3,24340.15,0
2026-07-03 05:10:00+00:00,24341.95,24341.95,24335.55,24338.6,0
2026-07-03 05:11:00+00:00,24340.15,24340.3,24336.75,24338.45,0
2026-07-03 05:12:00+00:00,24339.55,24341.05,24336.4,24339.35,0
2026-07-03 05:13:00+00:00,24340.75,24342.7,24336.7,24339.25,0
2026-07-03 05:14:00+00:00,24339.05,24341.95,24336.25,24340.35,0
2026-07-03 05:15:00+00:00,24342.1,24342.35,24338.55,24340.1,0
2026-07-03 05:16:00+00:00,24341.25,24344.4,24339.4,24342.4,0
2026-07-03 05:17:00+00:00,24344.0,24345.15,24336.8,24340.2,0
2026-07-03 05:18:00+00:00,24341.55,24347.7,24339.95,24347.05,0
2026-07-03 05:19:00+00:00,24348.7,24349.5,24345.5,24347.1,0
2026-07-03 05:20:00+00:00,24348.45,24349.45,24343.95,24344.95,0
2026-07-03 05:21:00+00:00,24347.0,24347.4,24342.5,24344.7,0
2026-07-03 05:22:00+00:00,24346.85,24348.0,24342.9,24344.7,0
2026-07-03 05:23:00+00:00,24347.25,24347.25,24341.9,24345.85,0
2026-07-03 05:24:00+00:00,24347.4,24349.4,24345.15,24346.85,0
2026-07-03 05:25:00+00:00,24347.2,24347.2,24340.3,24341.7,0
2026-07-03 05:26:00+00:00,24343.9,24344.55,24339.75,24344.55,0
2026-07-03 05:27:00+00:00,24348.55,24348.55,24342.9,24344.7,0
2026-07-03 05:28:00+00:00,24346.45,24346.95,24341.0,24343.25,0
2026-07-03 05:29:00+00:00,24345.1,24346.1,24339.55,24340.75,0
2026-07-03 05:30:00+00:00,24342.05,24344.2,24337.55,24342.35,0
2026-07-03 05:31:00+00:00,24345.05,24345.5,24339.95,24343.65,0
2026-07-03 05:32:00+00:00,24345.65,24346.1,24341.95,24345.85,0
2026-07-03 05:33:00+00:00,24347.65,24352.15,24344.7,24351.2,0
2026-07-03 05:34:00+00:00,24353.7,24354.0,24345.9,24346.5,0
2026-07-03 05:35:00+00:00,24348.75,24351.8,24343.6,24343.6,0
2026-07-03 05:36:00+00:00,24346.1,24346.6,24340.9,24344.75,0
2026-07-03 05:37:00+00:00,24346.45,24346.45,24339.3,24342.2,0
2026-07-03 05:38:00+00:00,24344.1,24344.1,24335.65,24337.2,0
2026-07-03 05:39:00+00:00,24339.2,24339.3,24331.05,24332.4,0
2026-07-03 05:40:00+00:00,24334.05,24334.15,24328.65,24329.7,0
2026-07-03 05:41:00+00:00,24330.4,24331.75,24327.25,24329.55,0
2026-07-03 05:42:00+00:00,24331.45,24331.45,24322.25,24325.15,0
2026-07-03 05:43:00+00:00,24326.65,24326.95,24320.85,24321.6,0
2026-07-03 05:44:00+00:00,24323.8,24324.85,24320.65,24322.7,0
2026-07-03 05:45:00+00:00,24324.7,24330.95,24324.0,24330.25,0
2026-07-03 05:46:00+00:00,24330.9,24332.0,24325.2,24326.45,0
2026-07-03 05:47:00+00:00,24328.05,24329.3,24323.4,24327.3,0
2026-07-03 05:48:00+00:00,24328.55,24329.7,24324.7,24327.0,0
2026-07-03 05:49:00+00:00,24329.6,24331.55,24326.75,24330.15,0
2026-07-03 05:50:00+00:00,24331.55,24333.5,24328.75,24329.4,0
2026-07-03 05:51:00+00:00,24330.25,24331.85,24325.5,24328.9,0
2026-07-03 05:52:00+00:00,24331.55,24331.55,24321.95,24323.0,0
2026-07-03 05:53:00+00:00,24325.0,24325.0,24320.85,24320.85,0
2026-07-03 05:54:00+00:00,24321.9,24327.3,24319.1,24324.6,0
2026-07-03 05:55:00+00:00,24326.95,24326.95,24321.25,24324.6,0
2026-07-03 05:56:00+00:00,24325.45,24329.25,24324.5,24327.4,0
2026-07-03 05:57:00+00:00,24329.2,24329.75,24325.45,24326.95,0
2026-07-03 05:58:00+00:00,24328.85,24331.7,24326.0,24327.25,0
2026-07-03 05:59:00+00:00,24328.55,24329.0,24324.55,24328.35,0
2026-07-03 06:00:00+00:00,24329.75,24333.15,24327.8,24330.9,0
2026-07-03 06:01:00+00:00,24332.15,24332.15,24324.95,24327.75,0
2026-07-03 06:02:00+00:00,24329.2,24329.2,24322.9,24325.6,0
2026-07-03 06:03:00+00:00,24327.05,24331.85,24323.2,24329.95,0
2026-07-03 06:04:00+00:00,24331.5,24332.55,24326.45,24327.75,0
2026-07-03 06:05:00+00:00,24329.15,24329.55,24323.75,24326.6,0
2026-07-03 06:06:00+00:00,24328.5,24329.55,24325.2,24326.05,0
2026-07-03 06:07:00+00:00,24328.0,24331.65,24323.5,24330.65,0
2026-07-03 06:08:00+00:00,24332.9,24333.65,24328.8,24330.65,0
2026-07-03 06:09:00+00:00,24333.0,24335.85,24329.0,24335.7,0
2026-07-03 06:10:00+00:00,24337.6,24339.0,24335.35,24336.95,0
2026-07-03 06:11:00+00:00,24339.05,24345.8,24337.55,24340.25,0
2026-07-03 06:12:00+00:00,24343.25,24343.25,24337.15,24341.95,0
2026-07-03 06:13:00+00:00,24343.45,24344.15,24340.3,24342.05,0
2026-07-03 06:14:00+00:00,24343.15,24343.75,24333.5,24338.25,0
2026-07-03 06:15:00+00:00,24338.4,24339.15,24334.65,24336.25,0
2026-07-03 06:16:00+00:00,24338.65,24342.0,24336.45,24340.4,0
2026-07-03 06:17:00+00:00,24342.25,24344.8,24339.6,24339.95,0
2026-07-03 06:18:00+00:00,24341.9,24341.9,24336.85,24337.3,0
2026-07-03 06:19:00+00:00,24337.35,24338.6,24335.45,24337.6,0
2026-07-03 06:20:00+00:00,24339.35,24342.15,24337.15,24341.35,0
2026-07-03 06:21:00+00:00,24342.55,24342.55,24336.95,24340.45,0
2026-07-03 06:22:00+00:00,24340.8,24347.4,24339.65,24345.25,0
2026-07-03 06:23:00+00:00,24347.75,24350.0,24344.7,24349.1,0
2026-07-03 06:24:00+00:00,24349.3,24349.3,24343.85,24347.2,0
2026-07-03 06:25:00+00:00,24348.95,24351.7,24347.25,24350.3,0
2026-07-03 06:26:00+00:00,24350.45,24350.45,24346.2,24348.35,0
2026-07-03 06:27:00+00:00,24349.4,24352.9,24347.3,24349.9,0
2026-07-03 06:28:00+00:00,24350.85,24351.0,24344.25,24350.65,0
2026-07-03 06:29:00+00:00,24351.05,24356.8,24349.7,24353.4,0
2026-07-03 06:30:00+00:00,24357.15,24359.7,24355.05,24358.6,0
2026-07-03 06:31:00+00:00,24360.2,24360.45,24350.8,24353.4,0
2026-07-03 06:32:00+00:00,24353.75,24357.15,24351.35,24354.05,0
2026-07-03 06:33:00+00:00,24355.65,24357.8,24352.35,24355.3,0
2026-07-03 06:34:00+00:00,24355.5,24358.6,24352.35,24357.85,0
2026-07-03 06:35:00+00:00,24357.8,24360.25,24354.45,24359.15,0
2026-07-03 06:36:00+00:00,24359.85,24361.5,24354.4,24359.65,0
2026-07-03 06:37:00+00:00,24362.25,24368.35,24359.65,24368.05,0
2026-07-03 06:38:00+00:00,24367.9,24370.7,24363.75,24364.55,0
2026-07-03 06:39:00+00:00,24365.4,24365.4,24359.95,24364.4,0
2026-07-03 06:40:00+00:00,24364.3,24364.9,24359.25,24362.05,0
2026-07-03 06:41:00+00:00,24363.1,24365.0,24359.8,24364.95,0
2026-07-03 06:42:00+00:00,24365.4,24367.4,24361.85,24366.3,0
2026-07-03 06:43:00+00:00,24366.55,24372.65,24362.55,24372.65,0
2026-07-03 06:44:00+00:00,24373.25,24373.25,24367.0,24369.65,0
2026-07-03 06:45:00+00:00,24370.0,24373.35,24367.15,24368.8,0
2026-07-03 06:46:00+00:00,24369.65,24369.8,24363.05,24366.0,0
2026-07-03 06:47:00+00:00,24366.05,24366.85,24361.6,24363.65,0
2026-07-03 06:48:00+00:00,24364.3,24367.1,24362.25,24366.0,0
2026-07-03 06:49:00+00:00,24366.4,24368.6,24363.7,24366.95,0
2026-07-03 06:50:00+00:00,24368.8,24369.0,24363.55,24364.7,0
2026-07-03 06:51:00+00:00,24364.95,24365.65,24358.1,24358.95,0
2026-07-03 06:52:00+00:00,24359.85,24362.95,24356.8,24358.9,0
2026-07-03 06:53:00+00:00,24359.0,24360.5,24354.8,24359.65,0
2026-07-03 06:54:00+00:00,24360.75,24360.9,24357.15,24360.85,0
2026-07-03 06:55:00+00:00,24361.5,24363.6,24358.6,24362.35,0
2026-07-03 06:56:00+00:00,24363.25,24364.65,24359.45,24361.2,0
2026-07-03 06:57:00+00:00,24361.45,24365.55,24358.8,24364.15,0
2026-07-03 06:58:00+00:00,24364.95,24365.5,24353.6,24356.25,0
2026-07-03 06:59:00+00:00,24355.75,24362.15,24352.95,24362.15,0
2026-07-03 07:00:00+00:00,24362.4,24365.0,24360.15,24363.5,0
2026-07-03 07:01:00+00:00,24364.25,24364.55,24357.25,24359.0,0
2026-07-03 07:02:00+00:00,24358.8,24359.5,24354.2,24355.7,0
2026-07-03 07:03:00+00:00,24355.8,24356.1,24350.3,24353.75,0
2026-07-03 07:04:00+00:00,24354.7,24355.4,24350.4,24351.95,0
2026-07-03 07:05:00+00:00,24352.5,24354.7,24349.65,24353.25,0
2026-07-03 07:06:00+00:00,24353.25,24354.1,24347.3,24350.5,0
2026-07-03 07:07:00+00:00,24351.05,24357.0,24347.95,24357.0,0
2026-07-03 07:08:00+00:00,24356.9,24356.9,24344.2,24347.25,0
2026-07-03 07:09:00+00:00,24347.05,24351.1,24344.55,24349.65,0
2026-07-03 07:10:00+00:00,24350.55,24351.9,24346.8,24348.6,0
2026-07-03 07:11:00+00:00,24349.85,24349.85,24344.0,24346.5,0
2026-07-03 07:12:00+00:00,24346.3,24346.45,24341.75,24344.6,0
2026-07-03 07:13:00+00:00,24345.55,24346.75,24339.4,24343.5,0
2026-07-03 07:14:00+00:00,24343.5,24345.55,24340.0,24345.55,0
2026-07-03 07:15:00+00:00,24346.9,24346.9,24341.7,24346.1,0
2026-07-03 07:16:00+00:00,24346.1,24352.95,24343.7,24352.85,0
2026-07-03 07:17:00+00:00,24352.75,24354.3,24346.55,24350.15,0
2026-07-03 07:18:00+00:00,24350.75,24352.8,24346.8,24352.3,0
2026-07-03 07:19:00+00:00,24352.4,24354.85,24350.35,24354.25,0
2026-07-03 07:20:00+00:00,24354.5,24361.25,24353.35,24359.35,0
2026-07-03 07:21:00+00:00,24359.95,24360.05,24355.45,24357.55,0
2026-07-03 07:22:00+00:00,24357.75,24357.95,24354.7,24355.9,0
2026-07-03 07:23:00+00:00,24356.2,24356.2,24350.1,24354.3,0
2026-07-03 07:24:00+00:00,24354.25,24355.9,24352.0,24354.85,0
2026-07-03 07:25:00+00:00,24355.8,24357.95,24352.6,24357.6,0
2026-07-03 07:26:00+00:00,24357.8,24359.45,24353.85,24356.1,0
2026-07-03 07:27:00+00:00,24357.75,24359.45,24351.45,24351.8,0
2026-07-03 07:28:00+00:00,24352.45,24353.15,24349.45,24351.3,0
2026-07-03 07:29:00+00:00,24352.85,24355.35,24350.55,24353.45,0
2026-07-03 07:30:00+00:00,24355.05,24355.45,24350.95,24352.2,0
2026-07-03 07:31:00+00:00,24352.85,24353.4,24343.8,24345.4,0
2026-07-03 07:32:00+00:00,24345.5,24346.0,24338.5,24341.95,0
2026-07-03 07:33:00+00:00,24342.8,24345.8,24341.05,24343.1,0
2026-07-03 07:34:00+00:00,24344.5,24344.5,24336.75,24336.9,0
2026-07-03 07:35:00+00:00,24338.45,24338.45,24329.6,24330.7,0
2026-07-03 07:36:00+00:00,24331.7,24331.7,24317.1,24318.55,0
2026-07-03 07:37:00+00:00,24319.9,24330.45,24317.95,24326.35,0
2026-07-03 07:38:00+00:00,24326.6,24327.55,24319.15,24321.15,0
2026-07-03 07:39:00+00:00,24322.2,24323.2,24315.3,24319.15,0
2026-07-03 07:40:00+00:00,24320.25,24323.05,24317.75,24317.75,0
2026-07-03 07:41:00+00:00,24321.3,24322.15,24315.9,24317.1,0
2026-07-03 07:42:00+00:00,24318.25,24318.7,24311.4,24313.35,0
2026-07-03 07:43:00+00:00,24315.4,24321.3,24309.95,24319.75,0
2026-07-03 07:44:00+00:00,24321.4,24328.2,24320.35,24324.3,0
2026-07-03 07:45:00+00:00,24325.8,24325.8,24315.45,24316.6,0
2026-07-03 07:46:00+00:00,24318.7,24320.45,24315.6,24319.55,0
2026-07-03 07:47:00+00:00,24320.0,24320.75,24311.7,24312.1,0
2026-07-03 07:48:00+00:00,24312.3,24313.85,24310.7,24312.65,0
2026-07-03 07:49:00+00:00,24314.0,24317.8,24311.75,24315.65,0
2026-07-03 07:50:00+00:00,24317.25,24320.95,24314.65,24319.35,0
2026-07-03 07:51:00+00:00,24320.8,24321.95,24315.9,24318.05,0
2026-07-03 07:52:00+00:00,24319.6,24321.2,24314.35,24318.75,0
2026-07-03 07:53:00+00:00,24319.5,24319.5,24314.5,24315.85,0
2026-07-03 07:54:00+00:00,24317.05,24317.95,24310.35,24311.2,0
2026-07-03 07:55:00+00:00,24312.3,24312.65,24307.15,24307.15,0
2026-07-03 07:56:00+00:00,24308.9,24313.0,24304.6,24308.45,0
2026-07-03 07:57:00+00:00,24309.7,24309.8,24306.25,24306.8,0
2026-07-03 07:58:00+00:00,24307.3,24307.5,24302.85,24303.4,0
2026-07-03 07:59:00+00:00,24305.05,24306.9,24302.95,24305.95,0
2026-07-03 08:00:00+00:00,24306.35,24308.65,24303.75,24304.6,0
2026-07-03 08:01:00+00:00,24305.8,24306.1,24301.1,24302.3,0
2026-07-03 08:02:00+00:00,24302.85,24304.9,24296.2,24296.55,0
2026-07-03 08:03:00+00:00,24297.9,24297.9,24286.9,24290.55,0
2026-07-03 08:04:00+00:00,24291.65,24293.65,24289.0,24291.8,0
2026-07-03 08:05:00+00:00,24293.2,24293.2,24280.65,24282.15,0
2026-07-03 08:06:00+00:00,24282.45,24283.8,24272.65,24274.1,0
2026-07-03 08:07:00+00:00,24275.6,24290.1,24273.85,24289.65,0
2026-07-03 08:08:00+00:00,24290.9,24291.35,24284.55,24286.45,0
2026-07-03 08:09:00+00:00,24288.25,24291.6,24286.8,24289.85,0
2026-07-03 08:10:00+00:00,24290.75,24295.75,24288.7,24295.55,0
2026-07-03 08:11:00+00:00,24296.85,24298.9,24293.3,24295.6,0
2026-07-03 08:12:00+00:00,24295.95,24297.25,24287.5,24287.6,0
2026-07-03 08:13:00+00:00,24289.45,24294.0,24288.05,24294.0,0
2026-07-03 08:14:00+00:00,24294.85,24295.45,24286.9,24288.9,0
2026-07-03 08:15:00+00:00,24289.05,24290.15,24281.7,24283.15,0
2026-07-03 08:16:00+00:00,24284.8,24285.2,24279.1,24280.2,0
2026-07-03 08:17:00+00:00,24281.35,24283.1,24278.9,24280.5,0
2026-07-03 08:18:00+00:00,24282.05,24284.8,24280.6,24284.1,0
2026-07-03 08:19:00+00:00,24283.75,24292.7,24281.85,24292.35,0
2026-07-03 08:20:00+00:00,24292.15,24298.1,24290.75,24295.3,0
2026-07-03 08:21:00+00:00,24296.8,24297.05,24289.95,24294.1,0
2026-07-03 08:22:00+00:00,24295.85,24296.95,24293.3,24293.95,0
2026-07-03 08:23:00+00:00,24295.3,24295.55,24291.2,24292.15,0
2026-07-03 08:24:00+00:00,24293.5,24296.15,24291.25,24295.1,0
2026-07-03 08:25:00+00:00,24296.75,24296.95,24291.05,24293.0,0
2026-07-03 08:26:00+00:00,24293.6,24294.45,24290.2,24292.2,0
2026-07-03 08:27:00+00:00,24293.25,24293.25,24284.15,24287.15,0
2026-07-03 08:28:00+00:00,24288.05,24289.7,24285.35,24289.1,0
2026-07-03 08:29:00+00:00,24290.3,24290.95,24283.7,24285.45,0
2026-07-03 08:30:00+00:00,24285.95,24287.7,24281.25,24281.9,0
2026-07-03 08:31:00+00:00,24283.7,24284.45,24280.4,24284.35,0
2026-07-03 08:32:00+00:00,24285.45,24291.3,24283.15,24291.15,0
2026-07-03 08:33:00+00:00,24292.85,24292.9,24287.75,24289.35,0
2026-07-03 08:34:00+00:00,24290.5,24290.5,24278.55,24279.7,0
2026-07-03 08:35:00+00:00,24281.0,24292.65,24280.75,24292.65,0
2026-07-03 08:36:00+00:00,24292.9,24297.25,24291.55,24293.55,0
2026-07-03 08:37:00+00:00,24295.3,24295.3,24290.2,24291.0,0
2026-07-03 08:38:00+00:00,24291.95,24295.65,24290.4,24291.5,0
2026-07-03 08:39:00+00:00,24291.95,24292.9,24288.3,24291.2,0
2026-07-03 08:40:00+00:00,24292.95,24293.3,24286.3,24289.65,0
2026-07-03 08:41:00+00:00,24291.2,24292.65,24287.6,24291.95,0
2026-07-03 08:42:00+00:00,24293.5,24294.95,24289.75,24294.95,0
2026-07-03 08:43:00+00:00,24295.55,24295.85,24287.2,24289.0,0
2026-07-03 08:44:00+00:00,24289.95,24289.95,24285.3,24287.4,0
2026-07-03 08:45:00+00:00,24288.4,24288.5,24275.9,24276.5,0
2026-07-03 08:46:00+00:00,24279.45,24283.3,24277.55,24281.85,0
2026-07-03 08:47:00+00:00,24283.35,24285.3,24280.65,24284.25,0
2026-07-03 08:48:00+00:00,24285.25,24285.7,24277.7,24280.0,0
2026-07-03 08:49:00+00:00,24280.95,24281.4,24276.25,24276.9,0
2026-07-03 08:50:00+00:00,24277.9,24277.9,24266.8,24270.3,0
2026-07-03 08:51:00+00:00,24271.85,24272.5,24267.65,24268.65,0
2026-07-03 08:52:00+00:00,24269.8,24271.95,24267.5,24270.7,0
2026-07-03 08:53:00+00:00,24271.8,24272.35,24268.6,24270.05,0
2026-07-03 08:54:00+00:00,24270.3,24276.45,24267.15,24271.5,0
2026-07-03 08:55:00+00:00,24273.6,24273.6,24270.55,24272.95,0
2026-07-03 08:56:00+00:00,24274.0,24274.0,24268.55,24271.45,0
2026-07-03 08:57:00+00:00,24271.9,24273.55,24269.4,24273.55,0
2026-07-03 08:58:00+00:00,24273.6,24273.95,24266.5,24271.45,0
2026-07-03 08:59:00+00:00,24272.1,24272.2,24264.8,24267.85,0
2026-07-03 09:00:00+00:00,24268.5,24271.5,24265.3,24269.75,0
2026-07-03 09:01:00+00:00,24270.75,24275.7,24268.85,24273.0,0
2026-07-03 09:02:00+00:00,24273.75,24276.5,24271.45,24274.85,0
2026-07-03 09:03:00+00:00,24275.75,24283.7,24273.55,24282.85,0
2026-07-03 09:04:00+00:00,24284.0,24286.85,24279.5,24279.8,0
2026-07-03 09:05:00+00:00,24281.15,24285.9,24278.2,24283.2,0
2026-07-03 09:06:00+00:00,24284.4,24287.55,24278.85,24279.45,0
2026-07-03 09:07:00+00:00,24279.7,24281.05,24275.2,24277.35,0
2026-07-03 09:08:00+00:00,24279.2,24281.55,24276.1,24280.65,0
2026-07-03 09:09:00+00:00,24281.0,24281.75,24276.15,24279.1,0
2026-07-03 09:10:00+00:00,24279.85,24280.65,24276.9,24277.0,0
2026-07-03 09:11:00+00:00,24279.55,24279.6,24270.4,24272.45,0
2026-07-03 09:12:00+00:00,24273.55,24273.6,24268.45,24272.05,0
2026-07-03 09:13:00+00:00,24273.45,24273.95,24268.3,24269.7,0
2026-07-03 09:14:00+00:00,24270.25,24272.85,24268.3,24271.65,0
2026-07-03 09:15:00+00:00,24272.65,24275.2,24267.9,24268.05,0
2026-07-03 09:16:00+00:00,24270.0,24270.0,24261.05,24263.55,0
2026-07-03 09:17:00+00:00,24265.15,24270.95,24261.2,24269.4,0
2026-07-03 09:18:00+00:00,24271.4,24276.75,24269.95,24274.2,0
2026-07-03 09:19:00+00:00,24275.05,24278.95,24272.8,24278.95,0
2026-07-03 09:20:00+00:00,24280.05,24280.05,24269.15,24271.6,0
2026-07-03 09:21:00+00:00,24272.8,24273.5,24267.8,24269.35,0
2026-07-03 09:22:00+00:00,24270.4,24270.4,24256.35,24256.6,0
2026-07-03 09:23:00+00:00,24259.3,24261.3,24256.3,24259.25,0
2026-07-03 09:24:00+00:00,24261.05,24263.2,24259.35,24261.7,0
2026-07-03 09:25:00+00:00,24262.9,24264.15,24259.7,24262.9,0
2026-07-03 09:26:00+00:00,24264.5,24264.5,24260.35,24261.8,0
2026-07-03 09:27:00+00:00,24263.15,24263.15,24260.15,24262.65,0
2026-07-03 09:28:00+00:00,24263.3,24263.5,24254.5,24257.35,0
2026-07-03 09:29:00+00:00,24258.65,24258.65,24252.35,24256.15,0
2026-07-03 09:30:00+00:00,24257.85,24277.15,24257.85,24269.55,0
2026-07-03 09:31:00+00:00,24271.25,24275.6,24270.3,24275.6,0
2026-07-03 09:32:00+00:00,24276.85,24282.2,24275.1,24280.6,0
2026-07-03 09:33:00+00:00,24282.8,24282.8,24276.35,24279.2,0
2026-07-03 09:34:00+00:00,24280.3,24280.45,24273.6,24273.65,0
2026-07-03 09:35:00+00:00,24274.75,24281.05,24274.4,24280.25,0
2026-07-03 09:36:00+00:00,24281.2,24282.6,24277.35,24277.65,0
2026-07-03 09:37:00+00:00,24278.65,24278.7,24267.55,24273.5,0
2026-07-03 09:38:00+00:00,24273.8,24280.3,24272.75,24279.95,0
2026-07-03 09:39:00+00:00,24280.9,24282.8,24276.55,24279.35,0
2026-07-03 09:40:00+00:00,24280.25,24282.25,24276.8,24279.9,0
2026-07-03 09:41:00+00:00,24280.55,24281.35,24276.15,24278.65,0
2026-07-03 09:42:00+00:00,24280.2,24280.2,24273.25,24274.3,0
2026-07-03 09:43:00+00:00,24275.35,24277.65,24273.15,24274.25,0
2026-07-03 09:44:00+00:00,24275.4,24275.6,24270.15,24272.1,0
2026-07-03 09:45:00+00:00,24273.4,24274.25,24268.15,24268.15,0
2026-07-03 09:46:00+00:00,24269.6,24270.65,24266.3,24266.8,0
2026-07-03 09:47:00+00:00,24268.75,24269.05,24265.0,24267.1,0
2026-07-03 09:48:00+00:00,24268.5,24271.0,24264.7,24268.3,0
2026-07-03 09:49:00+00:00,24270.95,24271.55,24267.6,24268.05,0
2026-07-03 09:50:00+00:00,24269.8,24275.9,24268.2,24272.7,0
2026-07-03 09:51:00+00:00,24275.25,24275.5,24268.15,24269.9,0
2026-07-03 09:52:00+00:00,24272.25,24272.55,24266.0,24268.6,0
2026-07-03 09:53:00+00:00,24270.25,24270.25,24263.0,24264.65,0
2026-07-03 09:54:00+00:00,24266.75,24267.45,24263.35,24264.25,0
2026-07-03 09:55:00+00:00,24267.05,24272.05,24261.4,24263.6,0
2026-07-03 09:56:00+00:00,24265.85,24265.85,24258.75,24264.35,0
2026-07-03 09:57:00+00:00,24265.1,24268.3,24262.8,24264.55,0
2026-07-03 09:58:00+00:00,24264.55,24271.75,24263.3,24268.05,0
2026-07-03 09:59:00+00:00,24268.45,24272.05,24265.8,24271.2,0
2026-07-06 03:45:00+00:00,24306.85,24339.8,24287.1,24337.3,0
2026-07-06 03:46:00+00:00,24339.35,24357.1,24329.25,24350.95,0
2026-07-06 03:47:00+00:00,24351.25,24355.05,24345.2,24350.4,0
2026-07-06 03:48:00+00:00,24353.35,24359.45,24347.7,24354.7,0
2026-07-06 03:49:00+00:00,24354.85,24357.7,24349.35,24354.35,0
2026-07-06 03:50:00+00:00,24355.85,24360.15,24340.85,24341.45,0
2026-07-06 03:51:00+00:00,24343.4,24351.05,24342.2,24345.9,0
2026-07-06 03:52:00+00:00,24346.45,24354.9,24342.1,24345.45,0
2026-07-06 03:53:00+00:00,24347.1,24349.6,24342.75,24348.95,0
2026-07-06 03:54:00+00:00,24349.55,24353.55,24343.15,24344.25,0
2026-07-06 03:55:00+00:00,24346.8,24351.0,24344.1,24351.0,0
2026-07-06 03:56:00+00:00,24351.25,24351.35,24339.05,24340.7,0
2026-07-06 03:57:00+00:00,24341.1,24349.7,24337.25,24347.05,0
2026-07-06 03:58:00+00:00,24348.1,24353.6,24347.25,24348.45,0
2026-07-06 03:59:00+00:00,24350.0,24353.55,24344.15,24352.5,0
2026-07-06 04:00:00+00:00,24353.15,24362.3,24351.4,24360.45,0
2026-07-06 04:01:00+00:00,24361.55,24364.0,24356.25,24360.4,0
2026-07-06 04:02:00+00:00,24361.1,24369.05,24359.7,24361.25,0
2026-07-06 04:03:00+00:00,24361.75,24364.25,24358.1,24360.1,0
2026-07-06 04:04:00+00:00,24361.9,24369.95,24361.2,24369.35,0
2026-07-06 04:05:00+00:00,24370.05,24378.75,24366.25,24377.55,0
2026-07-06 04:06:00+00:00,24378.05,24379.9,24373.5,24375.15,0
2026-07-06 04:07:00+00:00,24375.25,24376.15,24362.95,24364.95,0
2026-07-06 04:08:00+00:00,24366.65,24377.6,24365.35,24373.75,0
2026-07-06 04:09:00+00:00,24373.95,24373.95,24368.35,24372.3,0
2026-07-06 04:10:00+00:00,24373.95,24376.45,24368.35,24374.4,0
2026-07-06 04:11:00+00:00,24376.2,24376.95,24368.5,24370.05,0
2026-07-06 04:12:00+00:00,24370.8,24375.05,24369.55,24373.85,0
2026-07-06 04:13:00+00:00,24374.7,24375.6,24369.3,24374.3,0
2026-07-06 04:14:00+00:00,24374.95,24374.95,24366.45,24368.9,0
2026-07-06 04:15:00+00:00,24369.3,24380.75,24366.0,24377.7,0
2026-07-06 04:16:00+00:00,24379.7,24388.7,24377.05,24385.55,0
2026-07-06 04:17:00+00:00,24387.1,24394.4,24385.55,24392.4,0
2026-07-06 04:18:00+00:00,24392.75,24393.55,24386.95,24389.75,0
2026-07-06 04:19:00+00:00,24391.45,24391.5,24378.85,24382.0,0
2026-07-06 04:20:00+00:00,24383.4,24392.05,24382.0,24389.25,0
2026-07-06 04:21:00+00:00,24390.05,24392.35,24386.4,24390.1,0
2026-07-06 04:22:00+00:00,24390.9,24392.9,24386.95,24387.15,0
2026-07-06 04:23:00+00:00,24388.5,24388.65,24381.7,24382.15,0
2026-07-06 04:24:00+00:00,24383.45,24385.9,24380.25,24382.0,0
2026-07-06 04:25:00+00:00,24383.65,24386.45,24379.45,24380.85,0
2026-07-06 04:26:00+00:00,24381.85,24384.6,24379.25,24380.9,0
2026-07-06 04:27:00+00:00,24381.4,24381.5,24376.6,24378.35,0
2026-07-06 04:28:00+00:00,24379.55,24386.25,24377.55,24381.7,0
2026-07-06 04:29:00+00:00,24382.65,24387.15,24380.1,24384.65,0
2026-07-06 04:30:00+00:00,24385.25,24390.7,24384.85,24386.75,0
2026-07-06 04:31:00+00:00,24387.8,24395.8,24386.6,24388.9,0
2026-07-06 04:32:00+00:00,24389.35,24389.35,24378.15,24379.5,0
2026-07-06 04:33:00+00:00,24380.5,24385.95,24379.05,24380.3,0
2026-07-06 04:34:00+00:00,24383.1,24385.75,24379.55,24382.75,0
2026-07-06 04:35:00+00:00,24383.25,24384.45,24379.95,24382.35,0
2026-07-06 04:36:00+00:00,24382.8,24382.95,24374.45,24378.35,0
2026-07-06 04:37:00+00:00,24379.25,24380.1,24374.05,24374.7,0
2026-07-06 04:38:00+00:00,24374.8,24383.1,24373.05,24381.45,0
2026-07-06 04:39:00+00:00,24382.0,24384.0,24377.65,24382.7,0
2026-07-06 04:40:00+00:00,24383.65,24387.5,24380.95,24382.45,0
2026-07-06 04:41:00+00:00,24383.05,24383.7,24377.3,24378.7,0
2026-07-06 04:42:00+00:00,24379.75,24380.8,24373.95,24376.3,0
2026-07-06 04:43:00+00:00,24376.65,24376.65,24370.3,24372.5,0
2026-07-06 04:44:00+00:00,24373.85,24373.85,24366.3,24370.15,0
2026-07-06 04:45:00+00:00,24370.6,24381.75,24368.45,24379.7,0
2026-07-06 04:46:00+00:00,24380.9,24380.9,24373.6,24377.25,0
2026-07-06 04:47:00+00:00,24378.0,24383.3,24375.6,24381.3,0
2026-07-06 04:48:00+00:00,24382.9,24386.75,24380.15,24385.55,0
2026-07-06 04:49:00+00:00,24386.25,24391.6,24384.6,24390.45,0
2026-07-06 04:50:00+00:00,24389.3,24398.0,24387.15,24395.5,0
2026-07-06 04:51:00+00:00,24395.95,24398.4,24393.3,24395.8,0
2026-07-06 04:52:00+00:00,24397.25,24403.05,24396.05,24401.45,0
2026-07-06 04:53:00+00:00,24402.05,24402.05,24394.55,24398.85,0
2026-07-06 04:54:00+00:00,24398.35,24399.35,24394.8,24397.15,0
2026-07-06 04:55:00+00:00,24398.65,24401.45,24396.9,24398.7,0
2026-07-06 04:56:00+00:00,24399.35,24401.65,24395.15,24399.9,0
2026-07-06 04:57:00+00:00,24401.05,24406.05,24397.1,24404.85,0
2026-07-06 04:58:00+00:00,24405.85,24414.65,24403.65,24408.25,0
2026-07-06 04:59:00+00:00,24410.0,24410.0,24398.95,24405.95,0
2026-07-06 05:00:00+00:00,24406.35,24410.9,24405.75,24409.05,0
2026-07-06 05:01:00+00:00,24410.6,24410.6,24404.75,24407.8,0
2026-07-06 05:02:00+00:00,24408.6,24414.25,24405.75,24411.05,0
2026-07-06 05:03:00+00:00,24411.95,24413.2,24408.55,24410.35,0
2026-07-06 05:04:00+00:00,24411.3,24411.3,24401.5,24402.15,0
2026-07-06 05:05:00+00:00,24404.2,24406.0,24397.85,24400.7,0
2026-07-06 05:06:00+00:00,24401.7,24402.75,24395.5,24395.5,0
2026-07-06 05:07:00+00:00,24397.0,24400.0,24394.35,24396.2,0
2026-07-06 05:08:00+00:00,24398.15,24401.05,24392.65,24394.35,0
2026-07-06 05:09:00+00:00,24394.65,24394.65,24390.5,24393.7,0
2026-07-06 05:10:00+00:00,24395.0,24397.2,24390.2,24393.35,0
2026-07-06 05:11:00+00:00,24394.8,24404.15,24393.15,24403.85,0
2026-07-06 05:12:00+00:00,24404.4,24404.8,24399.65,24401.35,0
2026-07-06 05:13:00+00:00,24401.3,24404.4,24397.3,24398.4,0
2026-07-06 05:14:00+00:00,24400.5,24403.6,24395.75,24403.05,0
2026-07-06 05:15:00+00:00,24404.15,24407.1,24402.55,24403.15,0
2026-07-06 05:16:00+00:00,24404.0,24411.3,24400.95,24410.15,0
2026-07-06 05:17:00+00:00,24411.6,24413.1,24406.8,24410.95,0
2026-07-06 05:18:00+00:00,24411.5,24417.95,24410.0,24415.55,0
2026-07-06 05:19:00+00:00,24415.8,24418.6,24413.0,24416.25,0
2026-07-06 05:20:00+00:00,24417.45,24423.35,24415.3,24421.4,0
2026-07-06 05:21:00+00:00,24422.9,24424.95,24413.25,24413.65,0
2026-07-06 05:22:00+00:00,24414.65,24416.3,24409.45,24414.2,0
2026-07-06 05:23:00+00:00,24415.4,24419.8,24412.5,24417.05,0
2026-07-06 05:24:00+00:00,24417.85,24418.25,24411.2,24413.5,0
2026-07-06 05:25:00+00:00,24414.15,24415.2,24406.15,24411.65,0
2026-07-06 05:26:00+00:00,24412.0,24416.35,24408.4,24415.8,0
2026-07-06 05:27:00+00:00,24416.15,24422.4,24414.2,24420.8,0
2026-07-06 05:28:00+00:00,24421.5,24426.9,24415.85,24423.9,0
2026-07-06 05:29:00+00:00,24424.85,24425.4,24418.55,24424.0,0
2026-07-06 05:30:00+00:00,24424.95,24427.45,24421.8,24424.8,0
2026-07-06 05:31:00+00:00,24425.9,24428.05,24417.15,24421.3,0
2026-07-06 05:32:00+00:00,24421.8,24423.45,24416.25,24416.4,0
2026-07-06 05:33:00+00:00,24417.25,24420.05,24413.95,24414.5,0
2026-07-06 05:34:00+00:00,24415.4,24420.25,24412.4,24417.9,0
2026-07-06 05:35:00+00:00,24418.95,24421.6,24417.85,24421.4,0
2026-07-06 05:36:00+00:00,24422.25,24422.85,24417.15,24417.15,0
2026-07-06 05:37:00+00:00,24418.9,24419.65,24415.65,24415.7,0
2026-07-06 05:38:00+00:00,24417.2,24417.65,24412.65,24416.25,0
2026-07-06 05:39:00+00:00,24416.0,24417.85,24412.35,24414.5,0
2026-07-06 05:40:00+00:00,24414.45,24418.8,24413.15,24417.5,0
2026-07-06 05:41:00+00:00,24418.95,24419.8,24415.15,24417.75,0
2026-07-06 05:42:00+00:00,24419.7,24419.7,24414.1,24415.0,0
2026-07-06 05:43:00+00:00,24416.35,24418.25,24411.4,24416.85,0
2026-07-06 05:44:00+00:00,24418.1,24418.1,24413.7,24415.85,0
2026-07-06 05:45:00+00:00,24416.05,24416.5,24407.05,24407.7,0
2026-07-06 05:46:00+00:00,24408.7,24408.7,24403.6,24405.6,0
2026-07-06 05:47:00+00:00,24407.0,24412.4,24404.6,24410.15,0
2026-07-06 05:48:00+00:00,24410.35,24410.75,24406.8,24407.95,0
2026-07-06 05:49:00+00:00,24409.3,24409.3,24403.95,24405.55,0
2026-07-06 05:50:00+00:00,24407.35,24408.0,24403.1,24403.65,0
2026-07-06 05:51:00+00:00,24406.0,24416.5,24403.65,24415.7,0
2026-07-06 05:52:00+00:00,24416.3,24417.75,24411.85,24413.0,0
2026-07-06 05:53:00+00:00,24415.95,24422.05,24413.8,24420.7,0
2026-07-06 05:54:00+00:00,24421.05,24426.2,24416.15,24423.25,0
2026-07-06 05:55:00+00:00,24425.05,24427.05,24421.9,24422.0,0
2026-07-06 05:56:00+00:00,24423.7,24423.8,24414.2,24417.05,0
2026-07-06 05:57:00+00:00,24417.75,24421.45,24415.5,24419.8,0
2026-07-06 05:58:00+00:00,24421.0,24421.2,24414.05,24416.25,0
2026-07-06 05:59:00+00:00,24417.95,24420.55,24415.8,24419.2,0
2026-07-06 06:00:00+00:00,24419.85,24420.35,24415.55,24417.25,0
2026-07-06 06:01:00+00:00,24418.4,24421.5,24416.75,24418.9,0
2026-07-06 06:02:00+00:00,24419.55,24420.95,24415.6,24420.55,0
2026-07-06 06:03:00+00:00,24419.8,24422.6,24415.4,24419.65,0
2026-07-06 06:04:00+00:00,24421.5,24421.55,24415.35,24418.8,0
2026-07-06 06:05:00+00:00,24419.0,24422.7,24417.6,24418.15,0
2026-07-06 06:06:00+00:00,24418.5,24421.65,24412.85,24413.35,0
2026-07-06 06:07:00+00:00,24412.5,24420.9,24412.35,24420.15,0
2026-07-06 06:08:00+00:00,24420.6,24421.25,24414.8,24418.9,0
2026-07-06 06:09:00+00:00,24418.05,24420.95,24417.25,24418.3,0
2026-07-06 06:10:00+00:00,24418.5,24419.6,24413.35,24414.75,0
2026-07-06 06:11:00+00:00,24414.6,24417.55,24410.65,24414.95,0
2026-07-06 06:12:00+00:00,24415.85,24420.75,24414.65,24417.9,0
2026-07-06 06:13:00+00:00,24417.55,24420.75,24415.25,24419.55,0
2026-07-06 06:14:00+00:00,24419.55,24420.85,24415.6,24417.3,0
2026-07-06 06:15:00+00:00,24416.85,24421.2,24415.15,24421.2,0
2026-07-06 06:16:00+00:00,24421.0,24423.2,24417.6,24422.45,0
2026-07-06 06:17:00+00:00,24422.7,24423.35,24418.1,24421.5,0
2026-07-06 06:18:00+00:00,24421.6,24423.8,24419.0,24422.35,0
2026-07-06 06:19:00+00:00,24422.75,24425.6,24419.35,24420.5,0
2026-07-06 06:20:00+00:00,24419.6,24422.15,24417.1,24419.5,0
2026-07-06 06:21:00+00:00,24418.9,24422.1,24416.45,24419.3,0
2026-07-06 06:22:00+00:00,24419.85,24421.35,24411.05,24412.35,0
2026-07-06 06:23:00+00:00,24412.65,24413.35,24407.9,24411.4,0
2026-07-06 06:24:00+00:00,24411.65,24416.0,24407.85,24415.3,0
2026-07-06 06:25:00+00:00,24414.9,24421.35,24414.75,24420.3,0
2026-07-06 06:26:00+00:00,24420.7,24423.35,24419.15,24420.25,0
2026-07-06 06:27:00+00:00,24420.15,24424.65,24417.1,24424.25,0
2026-07-06 06:28:00+00:00,24424.1,24425.7,24419.55,24422.6,0
2026-07-06 06:29:00+00:00,24421.75,24425.4,24418.2,24425.2,0
2026-07-06 06:30:00+00:00,24424.75,24430.35,24420.1,24430.2,0
2026-07-06 06:31:00+00:00,24429.75,24431.55,24427.3,24429.15,0
2026-07-06 06:32:00+00:00,24429.45,24431.2,24426.15,24428.8,0
2026-07-06 06:33:00+00:00,24429.0,24429.0,24424.65,24426.4,0
2026-07-06 06:34:00+00:00,24425.45,24430.1,24423.95,24427.65,0
2026-07-06 06:35:00+00:00,24427.05,24429.0,24425.2,24426.6,0
2026-07-06 06:36:00+00:00,24426.7,24428.6,24421.45,24425.3,0
2026-07-06 06:37:00+00:00,24425.25,24430.55,24423.15,24430.55,0
2026-07-06 06:38:00+00:00,24430.05,24431.2,24424.5,24426.7,0
2026-07-06 06:39:00+00:00,24426.4,24430.85,24424.4,24430.3,0
2026-07-06 06:40:00+00:00,24430.5,24431.35,24426.7,24428.8,0
2026-07-06 06:41:00+00:00,24428.65,24430.2,24425.25,24426.65,0
2026-07-06 06:42:00+00:00,24427.1,24435.7,24425.8,24435.55,0
2026-07-06 06:43:00+00:00,24434.7,24443.3,24434.15,24440.8,0
2026-07-06 06:44:00+00:00,24441.5,24443.75,24437.75,24443.25,0
2026-07-06 06:45:00+00:00,24443.1,24446.05,24440.45,24445.4,0
2026-07-06 06:46:00+00:00,24444.35,24446.55,24441.05,24445.4,0
2026-07-06 06:47:00+00:00,24444.5,24445.85,24441.9,24444.15,0
2026-07-06 06:48:00+00:00,24443.05,24444.75,24438.75,24442.9,0
2026-07-06 06:49:00+00:00,24442.25,24443.2,24438.4,24442.45,0
2026-07-06 06:50:00+00:00,24441.15,24444.15,24438.1,24440.7,0
2026-07-06 06:51:00+00:00,24440.1,24442.4,24436.4,24438.9,0
2026-07-06 06:52:00+00:00,24438.0,24441.6,24436.7,24439.15,0
2026-07-06 06:53:00+00:00,24439.0,24442.75,24437.75,24441.2,0
2026-07-06 06:54:00+00:00,24440.15,24441.35,24438.1,24441.05,0
2026-07-06 06:55:00+00:00,24440.25,24441.5,24437.2,24439.55,0
2026-07-06 06:56:00+00:00,24440.3,24440.5,24434.85,24440.5,0
2026-07-06 06:57:00+00:00,24440.4,24443.05,24438.15,24442.05,0
2026-07-06 06:58:00+00:00,24442.6,24443.15,24434.5,24437.6,0
2026-07-06 06:59:00+00:00,24438.6,24441.6,24436.15,24441.25,0
2026-07-06 07:00:00+00:00,24440.9,24442.95,24437.45,24441.0,0
2026-07-06 07:01:00+00:00,24440.45,24449.5,24439.15,24447.8,0
2026-07-06 07:02:00+00:00,24448.0,24449.65,24444.15,24448.95,0
2026-07-06 07:03:00+00:00,24449.3,24451.25,24446.1,24449.4,0
2026-07-06 07:04:00+00:00,24448.65,24451.65,24444.1,24450.85,0
2026-07-06 07:05:00+00:00,24450.8,24453.5,24447.3,24451.35,0
2026-07-06 07:06:00+00:00,24450.7,24452.95,24447.6,24449.7,0
2026-07-06 07:07:00+00:00,24449.55,24450.6,24445.85,24448.7,0
2026-07-06 07:08:00+00:00,24449.55,24451.0,24445.1,24448.55,0
2026-07-06 07:09:00+00:00,24447.75,24449.75,24439.4,24440.5,0
2026-07-06 07:10:00+00:00,24439.85,24442.3,24437.65,24438.55,0
2026-07-06 07:11:00+00:00,24438.75,24443.75,24438.6,24438.6,0
2026-07-06 07:12:00+00:00,24438.7,24444.6,24438.7,24442.65,0
2026-07-06 07:13:00+00:00,24442.4,24443.7,24437.0,24443.3,0
2026-07-06 07:14:00+00:00,24443.7,24447.0,24441.3,24444.3,0
2026-07-06 07:15:00+00:00,24443.9,24445.95,24439.25,24444.85,0
2026-07-06 07:16:00+00:00,24444.9,24445.3,24435.95,24437.1,0
2026-07-06 07:17:00+00:00,24437.2,24440.2,24434.8,24436.9,0
2026-07-06 07:18:00+00:00,24436.7,24438.3,24433.2,24435.8,0
2026-07-06 07:19:00+00:00,24435.95,24437.0,24430.15,24436.8,0
2026-07-06 07:20:00+00:00,24437.25,24446.0,24435.7,24445.15,0
2026-07-06 07:21:00+00:00,24443.75,24445.75,24430.75,24430.75,0
2026-07-06 07:22:00+00:00,24431.0,24432.6,24426.0,24432.05,0
2026-07-06 07:23:00+00:00,24432.5,24434.15,24426.35,24430.4,0
2026-07-06 07:24:00+00:00,24430.6,24432.55,24428.05,24430.5,0
2026-07-06 07:25:00+00:00,24430.15,24437.6,24428.4,24435.55,0
2026-07-06 07:26:00+00:00,24436.25,24438.25,24433.2,24436.85,0
2026-07-06 07:27:00+00:00,24436.9,24440.05,24429.15,24431.25,0
2026-07-06 07:28:00+00:00,24431.3,24438.3,24425.6,24436.8,0
2026-07-06 07:29:00+00:00,24438.9,24440.3,24435.35,24439.25,0
2026-07-06 07:30:00+00:00,24439.0,24440.35,24434.35,24437.15,0
2026-07-06 07:31:00+00:00,24437.75,24438.6,24434.6,24434.8,0
2026-07-06 07:32:00+00:00,24435.05,24436.85,24431.15,24434.35,0
2026-07-06 07:33:00+00:00,24434.25,24440.85,24433.35,24439.7,0
2026-07-06 07:34:00+00:00,24440.1,24443.5,24438.05,24442.55,0
2026-07-06 07:35:00+00:00,24442.45,24444.35,24439.3,24443.45,0
2026-07-06 07:36:00+00:00,24443.9,24447.5,24442.2,24444.3,0
2026-07-06 07:37:00+00:00,24444.8,24445.3,24439.35,24443.6,0
2026-07-06 07:38:00+00:00,24443.95,24445.4,24441.4,24442.85,0
2026-07-06 07:39:00+00:00,24442.85,24450.1,24442.5,24448.95,0
2026-07-06 07:40:00+00:00,24448.4,24455.4,24446.0,24449.7,0
2026-07-06 07:41:00+00:00,24450.0,24451.2,24445.3,24449.05,0
2026-07-06 07:42:00+00:00,24448.7,24449.9,24444.55,24447.6,0
2026-07-06 07:43:00+00:00,24447.0,24450.05,24446.35,24448.5,0
2026-07-06 07:44:00+00:00,24449.55,24451.0,24447.9,24449.25,0
2026-07-06 07:45:00+00:00,24449.25,24451.15,24447.55,24448.4,0
2026-07-06 07:46:00+00:00,24447.8,24449.1,24444.3,24446.3,0
2026-07-06 07:47:00+00:00,24446.85,24447.15,24442.5,24444.8,0
2026-07-06 07:48:00+00:00,24444.7,24451.1,24442.7,24447.0,0
2026-07-06 07:49:00+00:00,24447.6,24448.25,24440.4,24440.4,0
2026-07-06 07:50:00+00:00,24440.6,24441.95,24435.75,24439.0,0
2026-07-06 07:51:00+00:00,24439.2,24443.6,24436.5,24442.45,0
2026-07-06 07:52:00+00:00,24442.6,24443.75,24440.15,24442.2,0
2026-07-06 07:53:00+00:00,24442.55,24444.6,24440.5,24444.6,0
2026-07-06 07:54:00+00:00,24443.95,24446.95,24441.2,24442.6,0
2026-07-06 07:55:00+00:00,24442.75,24443.35,24437.95,24438.45,0
2026-07-06 07:56:00+00:00,24439.55,24441.6,24435.75,24438.4,0
2026-07-06 07:57:00+00:00,24435.85,24442.95,24434.95,24442.35,0
2026-07-06 07:58:00+00:00,24441.45,24443.35,24439.35,24441.6,0
2026-07-06 07:59:00+00:00,24441.35,24443.75,24437.45,24442.85,0
2026-07-06 08:00:00+00:00,24442.45,24444.25,24439.5,24443.1,0
2026-07-06 08:01:00+00:00,24442.15,24447.15,24440.35,24447.15,0
2026-07-06 08:02:00+00:00,24446.25,24448.5,24443.95,24446.3,0
2026-07-06 08:03:00+00:00,24446.45,24447.75,24437.3,24438.3,0
2026-07-06 08:04:00+00:00,24437.4,24439.4,24434.0,24438.5,0
2026-07-06 08:05:00+00:00,24440.1,24445.75,24437.3,24444.2,0
2026-07-06 08:06:00+00:00,24444.35,24448.2,24442.45,24447.35,0
2026-07-06 08:07:00+00:00,24447.1,24448.7,24443.45,24448.1,0
2026-07-06 08:08:00+00:00,24449.3,24458.65,24447.15,24455.85,0
2026-07-06 08:09:00+00:00,24455.75,24456.65,24451.9,24451.9,0
2026-07-06 08:10:00+00:00,24452.15,24454.45,24449.45,24452.75,0
2026-07-06 08:11:00+00:00,24452.65,24454.85,24449.85,24450.4,0
2026-07-06 08:12:00+00:00,24450.7,24451.35,24440.9,24442.35,0
2026-07-06 08:13:00+00:00,24439.75,24443.25,24438.8,24441.45,0
2026-07-06 08:14:00+00:00,24439.4,24442.95,24436.0,24437.55,0
2026-07-06 08:15:00+00:00,24437.7,24439.75,24436.45,24438.5,0
2026-07-06 08:16:00+00:00,24437.35,24438.9,24433.1,24434.05,0
2026-07-06 08:17:00+00:00,24433.95,24437.3,24431.85,24434.75,0
2026-07-06 08:18:00+00:00,24433.75,24435.25,24428.35,24429.4,0
2026-07-06 08:19:00+00:00,24429.35,24434.2,24427.95,24430.9,0
2026-07-06 08:20:00+00:00,24431.2,24434.25,24428.9,24430.7,0
2026-07-06 08:21:00+00:00,24432.95,24432.95,24427.95,24432.0,0
2026-07-06 08:22:00+00:00,24432.0,24432.0,24417.75,24421.25,0
2026-07-06 08:23:00+00:00,24420.15,24423.1,24417.15,24421.05,0
2026-07-06 08:24:00+00:00,24421.05,24423.25,24414.85,24416.5,0
2026-07-06 08:25:00+00:00,24416.5,24417.3,24409.3,24413.4,0
2026-07-06 08:26:00+00:00,24413.05,24415.95,24411.15,24412.55,0
2026-07-06 08:27:00+00:00,24412.1,24415.4,24409.25,24415.3,0
2026-07-06 08:28:00+00:00,24415.15,24416.2,24410.65,24412.2,0
2026-07-06 08:29:00+00:00,24412.35,24412.35,24406.1,24409.15,0
2026-07-06 08:30:00+00:00,24410.1,24411.95,24407.05,24411.6,0
2026-07-06 08:31:00+00:00,24412.25,24413.3,24408.85,24410.65,0
2026-07-06 08:32:00+00:00,24410.45,24413.65,24409.2,24411.9,0
2026-07-06 08:33:00+00:00,24412.4,24416.1,24409.9,24413.0,0
2026-07-06 08:34:00+00:00,24413.0,24417.75,24409.4,24417.15,0
2026-07-06 08:35:00+00:00,24417.15,24423.6,24416.4,24420.5,0
2026-07-06 08:36:00+00:00,24420.1,24421.0,24406.85,24410.65,0
2026-07-06 08:37:00+00:00,24411.25,24412.0,24406.5,24406.5,0
2026-07-06 08:38:00+00:00,24407.1,24410.3,24403.05,24408.45,0
2026-07-06 08:39:00+00:00,24408.3,24409.6,24405.25,24408.15,0
2026-07-06 08:40:00+00:00,24408.25,24415.15,24406.65,24412.5,0
2026-07-06 08:41:00+00:00,24412.45,24414.1,24408.4,24413.3,0
2026-07-06 08:42:00+00:00,24413.7,24414.15,24408.45,24410.25,0
2026-07-06 08:43:00+00:00,24410.3,24411.3,24406.85,24408.8,0
2026-07-06 08:44:00+00:00,24408.9,24409.55,24399.15,24400.85,0
2026-07-06 08:45:00+00:00,24401.1,24402.8,24398.0,24402.0,0
2026-07-06 08:46:00+00:00,24401.8,24404.75,24398.7,24403.45,0
2026-07-06 08:47:00+00:00,24403.65,24407.55,24401.9,24404.8,0
2026-07-06 08:48:00+00:00,24404.75,24406.45,24403.05,24405.3,0
2026-07-06 08:49:00+00:00,24404.85,24405.75,24400.05,24401.4,0
2026-07-06 08:50:00+00:00,24401.9,24402.75,24396.35,24398.4,0
2026-07-06 08:51:00+00:00,24398.75,24407.95,24397.2,24402.9,0
2026-07-06 08:52:00+00:00,24403.7,24405.3,24401.55,24403.05,0
2026-07-06 08:53:00+00:00,24403.65,24410.1,24402.75,24406.2,0
2026-07-06 08:54:00+00:00,24406.25,24411.0,24405.05,24410.45,0
2026-07-06 08:55:00+00:00,24410.25,24411.45,24404.9,24410.75,0
2026-07-06 08:56:00+00:00,24411.1,24414.35,24407.9,24412.4,0
2026-07-06 08:57:00+00:00,24412.4,24416.2,24409.8,24412.45,0
2026-07-06 08:58:00+00:00,24412.9,24413.3,24401.5,24406.35,0
2026-07-06 08:59:00+00:00,24406.5,24407.4,24400.9,24405.6,0
2026-07-06 09:00:00+00:00,24405.75,24408.0,24402.4,24404.7,0
2026-07-06 09:01:00+00:00,24405.2,24407.95,24402.65,24407.25,0
2026-07-06 09:02:00+00:00,24407.5,24409.1,24404.95,24407.1,0
2026-07-06 09:03:00+00:00,24407.15,24408.55,24403.65,24406.5,0
2026-07-06 09:04:00+00:00,24406.75,24410.8,24405.75,24409.4,0
2026-07-06 09:05:00+00:00,24409.5,24412.2,24407.25,24411.6,0
2026-07-06 09:06:00+00:00,24411.35,24416.9,24408.85,24414.0,0
2026-07-06 09:07:00+00:00,24413.7,24417.9,24410.6,24416.7,0
2026-07-06 09:08:00+00:00,24416.65,24420.4,24414.85,24416.4,0
2026-07-06 09:09:00+00:00,24416.65,24417.45,24409.3,24410.3,0
2026-07-06 09:10:00+00:00,24410.7,24412.45,24406.9,24408.75,0
2026-07-06 09:11:00+00:00,24409.0,24410.55,24404.8,24407.45,0
2026-07-06 09:12:00+00:00,24407.25,24408.6,24403.3,24404.45,0
2026-07-06 09:13:00+00:00,24404.85,24407.05,24398.0,24399.95,0
2026-07-06 09:14:00+00:00,24400.0,24402.3,24395.1,24397.1,0
2026-07-06 09:15:00+00:00,24397.3,24403.15,24396.55,24402.35,0
2026-07-06 09:16:00+00:00,24402.4,24402.4,24396.25,24399.2,0
2026-07-06 09:17:00+00:00,24399.15,24400.55,24394.25,24394.95,0
2026-07-06 09:18:00+00:00,24394.7,24395.25,24385.85,24389.25,0
2026-07-06 09:19:00+00:00,24389.0,24390.95,24382.4,24384.35,0
2026-07-06 09:20:00+00:00,24384.4,24395.2,24382.85,24394.7,0
2026-07-06 09:21:00+00:00,24394.65,24404.8,24393.25,24402.1,0
2026-07-06 09:22:00+00:00,24402.0,24402.55,24392.75,24394.05,0
2026-07-06 09:23:00+00:00,24393.6,24408.85,24392.55,24408.1,0
2026-07-06 09:24:00+00:00,24407.9,24410.95,24405.4,24409.95,0
2026-07-06 09:25:00+00:00,24410.25,24410.9,24404.3,24405.8,0
2026-07-06 09:26:00+00:00,24405.5,24415.45,24404.85,24415.25,0
2026-07-06 09:27:00+00:00,24415.65,24417.1,24412.35,24415.35,0
2026-07-06 09:28:00+00:00,24414.65,24416.3,24409.05,24410.65,0
2026-07-06 09:29:00+00:00,24410.1,24411.7,24401.45,24404.6,0
2026-07-06 09:30:00+00:00,24405.8,24423.25,24405.8,24422.9,0
2026-07-06 09:31:00+00:00,24423.2,24424.9,24418.55,24420.6,0
2026-07-06 09:32:00+00:00,24421.1,24422.1,24416.8,24420.15,0
2026-07-06 09:33:00+00:00,24420.0,24425.65,24418.85,24422.05,0
2026-07-06 09:34:00+00:00,24422.9,24429.55,24420.9,24428.35,0
2026-07-06 09:35:00+00:00,24428.45,24432.05,24426.9,24431.15,0
2026-07-06 09:36:00+00:00,24432.3,24436.1,24431.05,24434.15,0
2026-07-06 09:37:00+00:00,24434.8,24440.15,24433.55,24439.85,0
2026-07-06 09:38:00+00:00,24439.95,24447.45,24438.75,24446.1,0
2026-07-06 09:39:00+00:00,24446.1,24447.65,24440.55,24440.55,0
2026-07-06 09:40:00+00:00,24440.45,24442.95,24437.6,24440.3,0
2026-07-06 09:41:00+00:00,24440.7,24441.65,24437.85,24439.85,0
2026-07-06 09:42:00+00:00,24440.1,24442.3,24437.7,24440.9,0
2026-07-06 09:43:00+00:00,24440.3,24442.8,24436.25,24438.0,0
2026-07-06 09:44:00+00:00,24438.2,24438.65,24435.6,24437.2,0
2026-07-06 09:45:00+00:00,24438.2,24438.2,24430.15,24433.8,0
2026-07-06 09:46:00+00:00,24434.65,24435.4,24431.25,24434.45,0
2026-07-06 09:47:00+00:00,24434.1,24435.35,24431.05,24433.85,0
2026-07-06 09:48:00+00:00,24434.0,24436.2,24429.8,24434.55,0
2026-07-06 09:49:00+00:00,24434.1,24436.0,24430.9,24433.1,0
2026-07-06 09:50:00+00:00,24432.75,24436.55,24431.95,24435.2,0
2026-07-06 09:51:00+00:00,24436.05,24436.6,24430.7,24433.15,0
2026-07-06 09:52:00+00:00,24433.9,24435.5,24431.05,24432.7,0
2026-07-06 09:53:00+00:00,24434.1,24435.05,24430.6,24433.2,0
2026-07-06 09:54:00+00:00,24434.35,24438.3,24431.5,24437.5,0
2026-07-06 09:55:00+00:00,24436.9,24441.4,24435.3,24437.95,0
2026-07-06 09:56:00+00:00,24439.25,24440.1,24433.5,24434.05,0
2026-07-06 09:57:00+00:00,24436.4,24436.4,24426.7,24427.45,0
2026-07-06 09:58:00+00:00,24430.35,24432.85,24422.35,24427.4,0
2026-07-06 09:59:00+00:00,24427.05,24428.05,24417.95,24423.95,0
2026-07-07 03:45:00+00:00,24464.45,24488.45,24430.65,24464.4,0
2026-07-07 03:46:00+00:00,24466.05,24469.6,24445.2,24451.65,0
2026-07-07 03:47:00+00:00,24451.05,24474.75,24451.05,24474.75,0
2026-07-07 03:48:00+00:00,24474.6,24476.65,24458.6,24459.8,0
2026-07-07 03:49:00+00:00,24458.5,24463.45,24451.95,24460.65,0
2026-07-07 03:50:00+00:00,24460.2,24474.8,24458.15,24466.55,0
2026-07-07 03:51:00+00:00,24465.6,24474.9,24460.75,24462.1,0
2026-07-07 03:52:00+00:00,24462.7,24467.0,24449.1,24451.9,0
2026-07-07 03:53:00+00:00,24452.2,24455.5,24446.0,24454.45,0
2026-07-07 03:54:00+00:00,24455.2,24460.2,24452.3,24458.05,0
2026-07-07 03:55:00+00:00,24458.0,24459.45,24448.65,24454.25,0
2026-07-07 03:56:00+00:00,24454.05,24455.4,24439.0,24441.5,0
2026-07-07 03:57:00+00:00,24439.6,24442.0,24427.0,24436.3,0
2026-07-07 03:58:00+00:00,24435.7,24452.7,24435.25,24452.65,0
2026-07-07 03:59:00+00:00,24453.05,24460.95,24448.35,24455.85,0
2026-07-07 04:00:00+00:00,24456.8,24458.15,24442.55,24443.05,0
2026-07-07 04:01:00+00:00,24442.95,24446.9,24440.4,24443.2,0
2026-07-07 04:02:00+00:00,24442.45,24443.05,24432.45,24433.55,0
2026-07-07 04:03:00+00:00,24433.55,24438.65,24431.35,24434.4,0
2026-07-07 04:04:00+00:00,24435.4,24440.15,24426.15,24427.05,0
2026-07-07 04:05:00+00:00,24427.6,24446.55,24423.5,24444.4,0
2026-07-07 04:06:00+00:00,24444.05,24458.85,24443.75,24456.7,0
2026-07-07 04:07:00+00:00,24456.45,24459.95,24447.15,24449.5,0
2026-07-07 04:08:00+00:00,24450.45,24454.15,24444.6,24444.6,0
2026-07-07 04:09:00+00:00,24444.9,24444.9,24436.1,24439.25,0
2026-07-07 04:10:00+00:00,24439.8,24452.7,24439.75,24449.7,0
2026-07-07 04:11:00+00:00,24449.2,24455.55,24447.0,24454.15,0
2026-07-07 04:12:00+00:00,24454.9,24462.3,24452.45,24460.05,0
2026-07-07 04:13:00+00:00,24460.15,24462.7,24455.75,24460.2,0
2026-07-07 04:14:00+00:00,24460.65,24461.15,24454.1,24459.2,0
2026-07-07 04:15:00+00:00,24458.9,24461.8,24455.7,24459.25,0
2026-07-07 04:16:00+00:00,24460.15,24471.6,24457.35,24469.3,0
2026-07-07 04:17:00+00:00,24469.0,24469.8,24453.45,24453.45,0
2026-07-07 04:18:00+00:00,24452.5,24461.45,24450.45,24461.3,0
2026-07-07 04:19:00+00:00,24461.15,24467.5,24460.2,24465.55,0
2026-07-07 04:20:00+00:00,24465.55,24472.6,24458.9,24458.9,0
2026-07-07 04:21:00+00:00,24459.65,24473.85,24459.65,24472.5,0
2026-07-07 04:22:00+00:00,24471.95,24472.1,24460.55,24464.85,0
2026-07-07 04:23:00+00:00,24465.0,24468.5,24462.75,24466.1,0
2026-07-07 04:24:00+00:00,24466.0,24468.65,24462.7,24464.0,0
2026-07-07 04:25:00+00:00,24463.95,24471.9,24463.9,24469.1,0
2026-07-07 04:26:00+00:00,24468.6,24473.3,24465.15,24469.85,0
2026-07-07 04:27:00+00:00,24469.05,24472.0,24465.7,24470.0,0
2026-07-07 04:28:00+00:00,24469.95,24474.85,24468.15,24474.55,0
2026-07-07 04:29:00+00:00,24474.5,24476.8,24471.25,24475.55,0
2026-07-07 04:30:00+00:00,24474.9,24477.3,24471.8,24474.45,0
2026-07-07 04:31:00+00:00,24474.15,24482.6,24473.7,24480.2,0
2026-07-07 04:32:00+00:00,24480.1,24486.1,24477.15,24483.55,0
2026-07-07 04:33:00+00:00,24483.25,24487.25,24482.65,24485.9,0
2026-07-07 04:34:00+00:00,24485.9,24486.65,24476.55,24479.0,0
2026-07-07 04:35:00+00:00,24478.55,24479.95,24472.9,24474.0,0
2026-07-07 04:36:00+00:00,24474.7,24477.75,24467.75,24471.1,0
2026-07-07 04:37:00+00:00,24470.05,24485.05,24469.5,24484.15,0
2026-07-07 04:38:00+00:00,24484.25,24488.65,24480.7,24485.45,0
2026-07-07 04:39:00+00:00,24485.2,24489.8,24484.15,24489.15,0
2026-07-07 04:40:00+00:00,24488.9,24492.7,24482.45,24490.8,0
2026-07-07 04:41:00+00:00,24490.6,24492.05,24488.15,24489.5,0
2026-07-07 04:42:00+00:00,24489.1,24491.8,24485.3,24490.6,0
2026-07-07 04:43:00+00:00,24490.6,24495.7,24488.65,24491.15,0
2026-07-07 04:44:00+00:00,24489.5,24493.65,24482.35,24483.25,0
2026-07-07 04:45:00+00:00,24483.35,24487.65,24482.15,24482.35,0
2026-07-07 04:46:00+00:00,24482.3,24492.45,24481.4,24490.3,0
2026-07-07 04:47:00+00:00,24490.45,24494.4,24488.25,24493.5,0
2026-07-07 04:48:00+00:00,24494.1,24496.85,24488.1,24490.65,0
2026-07-07 04:49:00+00:00,24490.4,24497.15,24489.65,24494.85,0
2026-07-07 04:50:00+00:00,24494.15,24495.9,24491.45,24492.05,0
2026-07-07 04:51:00+00:00,24492.55,24503.45,24490.2,24498.95,0
2026-07-07 04:52:00+00:00,24499.25,24505.1,24495.05,24502.55,0
2026-07-07 04:53:00+00:00,24502.8,24504.45,24496.75,24500.75,0
2026-07-07 04:54:00+00:00,24501.2,24501.2,24491.95,24493.45,0
2026-07-07 04:55:00+00:00,24493.8,24498.65,24490.6,24491.6,0
2026-07-07 04:56:00+00:00,24490.95,24492.8,24485.8,24492.35,0
2026-07-07 04:57:00+00:00,24491.75,24501.85,24491.75,24497.25,0
2026-07-07 04:58:00+00:00,24497.5,24498.3,24489.75,24490.35,0
2026-07-07 04:59:00+00:00,24490.35,24493.45,24487.95,24490.45,0
2026-07-07 05:00:00+00:00,24490.7,24497.6,24490.0,24492.35,0
2026-07-07 05:01:00+00:00,24492.45,24493.95,24487.85,24488.1,0
2026-07-07 05:02:00+00:00,24488.35,24490.4,24484.45,24490.0,0
2026-07-07 05:03:00+00:00,24489.75,24494.1,24486.95,24489.55,0
2026-07-07 05:04:00+00:00,24489.8,24495.1,24487.75,24490.85,0
2026-07-07 05:05:00+00:00,24490.35,24492.5,24486.0,24488.9,0
2026-07-07 05:06:00+00:00,24489.4,24493.15,24487.85,24492.65,0
2026-07-07 05:07:00+00:00,24492.75,24493.45,24488.7,24492.8,0
2026-07-07 05:08:00+00:00,24492.3,24496.4,24491.7,24496.3,0
2026-07-07 05:09:00+00:00,24496.0,24497.05,24482.9,24484.8,0
2026-07-07 05:10:00+00:00,24485.1,24486.5,24474.75,24477.45,0
2026-07-07 05:11:00+00:00,24475.75,24478.95,24471.2,24475.3,0
2026-07-07 05:12:00+00:00,24475.05,24490.35,24474.6,24488.5,0
2026-07-07 05:13:00+00:00,24488.75,24492.4,24482.3,24484.95,0
2026-07-07 05:14:00+00:00,24485.0,24486.25,24469.1,24470.15,0
2026-07-07 05:15:00+00:00,24470.7,24475.7,24465.35,24473.3,0
2026-07-07 05:16:00+00:00,24473.05,24482.15,24471.05,24479.3,0
2026-07-07 05:17:00+00:00,24478.95,24479.65,24473.0,24476.25,0
2026-07-07 05:18:00+00:00,24474.7,24488.7,24474.7,24488.7,0
2026-07-07 05:19:00+00:00,24488.75,24491.1,24484.15,24488.9,0
2026-07-07 05:20:00+00:00,24488.15,24489.5,24472.55,24474.65,0
2026-07-07 05:21:00+00:00,24474.45,24483.3,24474.45,24481.1,0
2026-07-07 05:22:00+00:00,24480.65,24483.95,24475.25,24476.75,0
2026-07-07 05:23:00+00:00,24475.1,24476.8,24469.85,24476.25,0
2026-07-07 05:24:00+00:00,24477.15,24482.2,24473.8,24479.75,0
2026-07-07 05:25:00+00:00,24479.5,24480.6,24471.5,24471.95,0
2026-07-07 05:26:00+00:00,24472.15,24477.05,24470.9,24472.25,0
2026-07-07 05:27:00+00:00,24472.35,24479.1,24472.35,24478.65,0
2026-07-07 05:28:00+00:00,24479.15,24479.15,24472.3,24473.3,0
2026-07-07 05:29:00+00:00,24473.6,24482.75,24472.4,24480.75,0
2026-07-07 05:30:00+00:00,24480.85,24493.65,24480.05,24490.5,0
2026-07-07 05:31:00+00:00,24490.25,24491.95,24483.5,24484.55,0
2026-07-07 05:32:00+00:00,24483.95,24490.75,24483.25,24489.9,0
2026-07-07 05:33:00+00:00,24490.2,24495.35,24489.65,24494.65,0
2026-07-07 05:34:00+00:00,24494.15,24499.25,24491.95,24493.8,0
2026-07-07 05:35:00+00:00,24494.4,24505.85,24493.2,24505.1,0
2026-07-07 05:36:00+00:00,24505.1,24509.05,24504.6,24506.15,0
2026-07-07 05:37:00+00:00,24506.2,24507.4,24498.2,24499.15,0
2026-07-07 05:38:00+00:00,24499.75,24508.45,24499.5,24504.95,0
2026-07-07 05:39:00+00:00,24504.6,24506.05,24501.6,24504.55,0
2026-07-07 05:40:00+00:00,24504.4,24506.15,24501.7,24505.3,0
2026-07-07 05:41:00+00:00,24504.7,24510.45,24502.5,24509.7,0
2026-07-07 05:42:00+00:00,24509.5,24513.0,24506.6,24511.5,0
2026-07-07 05:43:00+00:00,24511.9,24514.85,24511.15,24512.8,0
2026-07-07 05:44:00+00:00,24513.15,24518.1,24509.9,24512.6,0
2026-07-07 05:45:00+00:00,24512.55,24513.5,24507.85,24511.6,0
2026-07-07 05:46:00+00:00,24511.1,24512.1,24507.1,24508.85,0
2026-07-07 05:47:00+00:00,24508.45,24512.2,24505.8,24508.95,0
2026-07-07 05:48:00+00:00,24509.05,24509.4,24503.95,24504.9,0
2026-07-07 05:49:00+00:00,24505.55,24508.4,24502.25,24506.5,0
2026-07-07 05:50:00+00:00,24506.5,24512.75,24503.75,24509.25,0
2026-07-07 05:51:00+00:00,24510.1,24515.15,24507.0,24513.3,0
2026-07-07 05:52:00+00:00,24512.95,24519.9,24512.8,24518.2,0
2026-07-07 05:53:00+00:00,24517.35,24519.05,24506.7,24510.2,0
2026-07-07 05:54:00+00:00,24510.0,24512.95,24507.25,24510.1,0
2026-07-07 05:55:00+00:00,24509.7,24521.15,24509.7,24520.05,0
2026-07-07 05:56:00+00:00,24520.2,24525.75,24519.3,24523.85,0
2026-07-07 05:57:00+00:00,24522.7,24524.3,24516.65,24519.5,0
2026-07-07 05:58:00+00:00,24519.0,24520.85,24513.1,24517.15,0
2026-07-07 05:59:00+00:00,24516.75,24520.25,24513.8,24519.55,0
2026-07-07 06:00:00+00:00,24519.4,24523.2,24516.35,24517.85,0
2026-07-07 06:01:00+00:00,24517.6,24520.2,24515.9,24519.1,0
2026-07-07 06:02:00+00:00,24518.75,24524.3,24515.95,24517.15,0
2026-07-07 06:03:00+00:00,24517.75,24521.7,24517.0,24519.45,0
2026-07-07 06:04:00+00:00,24519.15,24520.05,24514.2,24515.05,0
2026-07-07 06:05:00+00:00,24514.65,24518.55,24511.55,24513.75,0
2026-07-07 06:06:00+00:00,24513.75,24517.05,24513.15,24513.65,0
2026-07-07 06:07:00+00:00,24512.95,24514.85,24510.15,24514.1,0
2026-07-07 06:08:00+00:00,24513.95,24517.15,24511.65,24511.65,0
2026-07-07 06:09:00+00:00,24511.75,24517.2,24510.45,24516.0,0
2026-07-07 06:10:00+00:00,24516.15,24518.35,24512.65,24514.05,0
2026-07-07 06:11:00+00:00,24513.3,24515.15,24511.55,24513.45,0
2026-07-07 06:12:00+00:00,24514.85,24516.2,24508.55,24509.05,0
2026-07-07 06:13:00+00:00,24509.05,24512.5,24507.85,24510.85,0
2026-07-07 06:14:00+00:00,24510.8,24514.25,24509.1,24510.4,0
2026-07-07 06:15:00+00:00,24510.45,24515.55,24508.7,24514.5,0
2026-07-07 06:16:00+00:00,24514.5,24516.2,24511.5,24512.45,0
2026-07-07 06:17:00+00:00,24511.5,24514.2,24505.5,24507.9,0
2026-07-07 06:18:00+00:00,24507.25,24511.45,24503.45,24509.25,0
2026-07-07 06:19:00+00:00,24509.25,24511.15,24503.05,24506.1,0
2026-07-07 06:20:00+00:00,24505.95,24518.9,24503.65,24517.25,0
2026-07-07 06:21:00+00:00,24517.1,24517.85,24510.95,24514.75,0
2026-07-07 06:22:00+00:00,24514.35,24515.45,24509.65,24514.3,0
2026-07-07 06:23:00+00:00,24514.5,24519.65,24513.45,24517.5,0
2026-07-07 06:24:00+00:00,24516.35,24521.75,24515.25,24520.6,0
2026-07-07 06:25:00+00:00,24520.9,24526.85,24519.4,24521.8,0
2026-07-07 06:26:00+00:00,24522.25,24525.5,24519.15,24522.2,0
2026-07-07 06:27:00+00:00,24522.2,24525.3,24520.4,24520.55,0
2026-07-07 06:28:00+00:00,24520.7,24525.3,24518.95,24524.25,0
2026-07-07 06:29:00+00:00,24524.45,24528.0,24523.15,24524.6,0
2026-07-07 06:30:00+00:00,24525.15,24530.9,24524.05,24525.55,0
2026-07-07 06:31:00+00:00,24526.15,24529.9,24523.55,24524.0,0
2026-07-07 06:32:00+00:00,24523.35,24526.2,24518.15,24518.15,0
2026-07-07 06:33:00+00:00,24520.35,24523.0,24518.35,24520.2,0
2026-07-07 06:34:00+00:00,24519.85,24522.8,24519.5,24521.2,0
2026-07-07 06:35:00+00:00,24521.15,24525.65,24521.0,24524.95,0
2026-07-07 06:36:00+00:00,24524.65,24526.7,24519.65,24521.15,0
2026-07-07 06:37:00+00:00,24521.0,24523.8,24519.2,24520.15,0
2026-07-07 06:38:00+00:00,24520.45,24522.0,24514.0,24519.7,0
2026-07-07 06:39:00+00:00,24519.7,24523.6,24518.15,24518.95,0
2026-07-07 06:40:00+00:00,24519.25,24522.1,24515.0,24516.55,0
2026-07-07 06:41:00+00:00,24517.1,24519.75,24513.9,24514.25,0
2026-07-07 06:42:00+00:00,24514.45,24515.4,24507.75,24512.5,0
2026-07-07 06:43:00+00:00,24511.95,24512.65,24500.8,24502.4,0
2026-07-07 06:44:00+00:00,24502.4,24505.6,24499.3,24504.8,0
2026-07-07 06:45:00+00:00,24504.7,24511.8,24504.3,24507.05,0
2026-07-07 06:46:00+00:00,24507.35,24508.2,24490.35,24491.7,0
2026-07-07 06:47:00+00:00,24490.95,24497.95,24490.5,24494.25,0
2026-07-07 06:48:00+00:00,24494.05,24495.8,24488.7,24489.55,0
2026-07-07 06:49:00+00:00,24489.3,24490.1,24485.9,24486.7,0
2026-07-07 06:50:00+00:00,24486.65,24496.85,24486.65,24496.85,0
2026-07-07 06:51:00+00:00,24496.05,24500.5,24492.8,24495.4,0
2026-07-07 06:52:00+00:00,24495.9,24499.55,24494.7,24499.55,0
2026-07-07 06:53:00+00:00,24499.35,24503.1,24493.55,24498.2,0
2026-07-07 06:54:00+00:00,24497.55,24498.35,24488.95,24493.65,0
2026-07-07 06:55:00+00:00,24494.45,24499.5,24491.25,24495.6,0
2026-07-07 06:56:00+00:00,24495.05,24497.15,24493.15,24496.75,0
2026-07-07 06:57:00+00:00,24496.7,24498.15,24491.1,24497.2,0
2026-07-07 06:58:00+00:00,24497.5,24500.45,24495.3,24498.0,0
2026-07-07 06:59:00+00:00,24498.0,24499.1,24492.05,24493.1,0
2026-07-07 07:00:00+00:00,24492.95,24495.0,24487.55,24489.25,0
2026-07-07 07:01:00+00:00,24489.15,24490.05,24478.6,24478.8,0
2026-07-07 07:02:00+00:00,24479.0,24480.0,24467.7,24474.8,0
2026-07-07 07:03:00+00:00,24474.8,24474.95,24461.65,24465.1,0
2026-07-07 07:04:00+00:00,24465.65,24474.45,24465.0,24474.0,0
2026-07-07 07:05:00+00:00,24473.65,24474.1,24465.9,24466.3,0
2026-07-07 07:06:00+00:00,24465.95,24473.65,24462.2,24463.25,0
2026-07-07 07:07:00+00:00,24463.05,24466.9,24458.7,24464.6,0
2026-07-07 07:08:00+00:00,24466.2,24466.2,24452.3,24454.0,0
2026-07-07 07:09:00+00:00,24453.15,24465.35,24446.05,24464.55,0
2026-07-07 07:10:00+00:00,24464.25,24464.7,24458.6,24459.5,0
2026-07-07 07:11:00+00:00,24460.55,24463.05,24458.8,24461.1,0
2026-07-07 07:12:00+00:00,24461.3,24464.05,24459.75,24463.4,0
2026-07-07 07:13:00+00:00,24463.7,24471.9,24462.65,24470.05,0
2026-07-07 07:14:00+00:00,24469.9,24475.7,24469.45,24472.4,0
2026-07-07 07:15:00+00:00,24473.2,24479.15,24460.2,24462.4,0
2026-07-07 07:16:00+00:00,24460.85,24466.2,24460.6,24465.55,0
2026-07-07 07:17:00+00:00,24465.35,24471.25,24464.65,24470.8,0
2026-07-07 07:18:00+00:00,24470.55,24472.65,24467.1,24469.55,0
2026-07-07 07:19:00+00:00,24468.95,24472.7,24465.15,24468.6,0
2026-07-07 07:20:00+00:00,24469.15,24479.65,24464.9,24473.65,0
2026-07-07 07:21:00+00:00,24473.95,24478.3,24468.8,24471.9,0
2026-07-07 07:22:00+00:00,24471.4,24472.55,24460.1,24460.9,0
2026-07-07 07:23:00+00:00,24459.85,24467.55,24457.25,24459.0,0
2026-07-07 07:24:00+00:00,24458.95,24463.85,24457.15,24463.65,0
2026-07-07 07:25:00+00:00,24462.9,24464.4,24451.1,24452.15,0
2026-07-07 07:26:00+00:00,24451.2,24463.0,24448.5,24458.4,0
2026-07-07 07:27:00+00:00,24458.15,24460.7,24450.7,24455.4,0
2026-07-07 07:28:00+00:00,24455.25,24469.4,24453.75,24461.7,0
2026-07-07 07:29:00+00:00,24462.1,24469.65,24458.8,24468.55,0
2026-07-07 07:30:00+00:00,24467.7,24468.45,24459.0,24463.75,0
2026-07-07 07:31:00+00:00,24464.85,24465.75,24459.2,24459.45,0
2026-07-07 07:32:00+00:00,24460.2,24463.6,24457.4,24461.5,0
2026-07-07 07:33:00+00:00,24462.05,24462.95,24455.15,24456.15,0
2026-07-07 07:34:00+00:00,24455.45,24462.6,24455.45,24460.65,0
2026-07-07 07:35:00+00:00,24460.5,24462.1,24455.0,24455.95,0
2026-07-07 07:36:00+00:00,24455.05,24457.9,24453.45,24456.25,0
2026-07-07 07:37:00+00:00,24456.05,24457.65,24453.45,24455.1,0
2026-07-07 07:38:00+00:00,24455.8,24456.15,24448.95,24450.15,0
2026-07-07 07:39:00+00:00,24449.35,24450.15,24446.3,24449.15,0
2026-07-07 07:40:00+00:00,24448.95,24452.9,24446.85,24447.6,0
2026-07-07 07:41:00+00:00,24447.15,24449.25,24432.8,24433.6,0
2026-07-07 07:42:00+00:00,24435.05,24435.55,24426.2,24426.95,0
2026-07-07 07:43:00+00:00,24425.6,24431.75,24425.45,24429.8,0
2026-07-07 07:44:00+00:00,24429.55,24440.45,24429.55,24436.45,0
2026-07-07 07:45:00+00:00,24436.2,24438.9,24430.3,24431.8,0
2026-07-07 07:46:00+00:00,24430.9,24435.1,24427.25,24429.45,0
2026-07-07 07:47:00+00:00,24429.25,24432.3,24426.35,24428.65,0
2026-07-07 07:48:00+00:00,24428.15,24430.45,24425.2,24425.75,0
2026-07-07 07:49:00+00:00,24425.8,24428.25,24419.6,24424.75,0
2026-07-07 07:50:00+00:00,24424.85,24425.8,24420.25,24423.45,0
2026-07-07 07:51:00+00:00,24423.3,24428.9,24421.25,24427.65,0
2026-07-07 07:52:00+00:00,24427.9,24429.15,24425.0,24426.1,0
2026-07-07 07:53:00+00:00,24425.75,24427.9,24422.35,24427.65,0
2026-07-07 07:54:00+00:00,24427.4,24429.6,24425.5,24426.1,0
2026-07-07 07:55:00+00:00,24426.25,24436.25,24426.25,24435.3,0
2026-07-07 07:56:00+00:00,24434.6,24439.4,24433.0,24436.65,0
2026-07-07 07:57:00+00:00,24436.75,24443.1,24436.1,24440.4,0
2026-07-07 07:58:00+00:00,24440.9,24445.15,24439.35,24439.6,0
2026-07-07 07:59:00+00:00,24439.35,24445.0,24438.5,24443.1,0
2026-07-07 08:00:00+00:00,24442.65,24445.6,24435.15,24435.6,0
2026-07-07 08:01:00+00:00,24435.5,24438.65,24433.1,24434.0,0
2026-07-07 08:02:00+00:00,24432.95,24440.2,24430.9,24438.8,0
2026-07-07 08:03:00+00:00,24440.1,24440.85,24435.4,24436.55,0
2026-07-07 08:04:00+00:00,24436.35,24437.75,24430.3,24431.15,0
2026-07-07 08:05:00+00:00,24431.0,24437.25,24430.75,24434.4,0
2026-07-07 08:06:00+00:00,24433.65,24435.7,24426.95,24427.7,0
2026-07-07 08:07:00+00:00,24428.3,24432.45,24425.7,24427.15,0
2026-07-07 08:08:00+00:00,24425.9,24430.95,24422.1,24423.05,0
2026-07-07 08:09:00+00:00,24423.45,24426.6,24418.45,24426.45,0
2026-07-07 08:10:00+00:00,24426.5,24433.1,24425.3,24426.0,0
2026-07-07 08:11:00+00:00,24424.95,24431.8,24424.55,24429.0,0
2026-07-07 08:12:00+00:00,24429.3,24438.15,24428.95,24437.2,0
2026-07-07 08:13:00+00:00,24437.35,24443.35,24436.65,24442.25,0
2026-07-07 08:14:00+00:00,24441.45,24446.05,24437.8,24438.2,0
2026-07-07 08:15:00+00:00,24439.0,24442.1,24437.75,24439.1,0
2026-07-07 08:16:00+00:00,24439.15,24453.7,24439.15,24443.3,0
2026-07-07 08:17:00+00:00,24443.5,24444.65,24437.3,24439.25,0
2026-07-07 08:18:00+00:00,24439.75,24444.8,24438.7,24439.95,0
2026-07-07 08:19:00+00:00,24439.8,24444.15,24435.1,24435.6,0
2026-07-07 08:20:00+00:00,24434.3,24439.75,24433.4,24437.55,0
2026-07-07 08:21:00+00:00,24437.6,24443.3,24437.15,24438.3,0
2026-07-07 08:22:00+00:00,24438.4,24445.4,24437.65,24443.05,0
2026-07-07 08:23:00+00:00,24442.45,24444.6,24438.4,24441.6,0
2026-07-07 08:24:00+00:00,24442.7,24444.25,24435.15,24435.4,0
2026-07-07 08:25:00+00:00,24434.65,24444.25,24433.75,24442.95,0
2026-07-07 08:26:00+00:00,24442.95,24445.65,24440.2,24441.0,0
2026-07-07 08:27:00+00:00,24439.7,24446.05,24439.7,24445.55,0
2026-07-07 08:28:00+00:00,24445.3,24453.65,24440.8,24451.1,0
2026-07-07 08:29:00+00:00,24450.4,24457.05,24450.0,24452.2,0
2026-07-07 08:30:00+00:00,24451.85,24453.4,24444.0,24445.65,0
2026-07-07 08:31:00+00:00,24446.2,24451.85,24443.05,24450.7,0
2026-07-07 08:32:00+00:00,24450.95,24452.9,24446.45,24448.55,0
2026-07-07 08:33:00+00:00,24448.5,24455.85,24447.6,24455.0,0
2026-07-07 08:34:00+00:00,24454.75,24456.25,24449.2,24453.4,0
2026-07-07 08:35:00+00:00,24452.95,24459.5,24450.95,24457.85,0
2026-07-07 08:36:00+00:00,24457.35,24459.1,24452.2,24456.65,0
2026-07-07 08:37:00+00:00,24455.85,24460.35,24449.15,24453.15,0
2026-07-07 08:38:00+00:00,24452.4,24463.3,24452.2,24459.85,0
2026-07-07 08:39:00+00:00,24459.85,24464.9,24459.1,24463.65,0
2026-07-07 08:40:00+00:00,24463.7,24467.65,24461.65,24462.5,0
2026-07-07 08:41:00+00:00,24462.45,24463.4,24459.75,24460.05,0
2026-07-07 08:42:00+00:00,24460.2,24463.15,24458.25,24459.7,0
2026-07-07 08:43:00+00:00,24458.4,24463.0,24457.95,24461.55,0
2026-07-07 08:44:00+00:00,24461.25,24464.55,24460.55,24461.4,0
2026-07-07 08:45:00+00:00,24461.5,24465.45,24459.55,24461.2,0
2026-07-07 08:46:00+00:00,24461.25,24462.35,24454.3,24456.85,0
2026-07-07 08:47:00+00:00,24455.5,24458.1,24451.85,24454.55,0
2026-07-07 08:48:00+00:00,24454.65,24456.85,24453.35,24455.3,0
2026-07-07 08:49:00+00:00,24455.4,24459.6,24455.15,24456.45,0
2026-07-07 08:50:00+00:00,24456.6,24458.55,24453.5,24453.5,0
2026-07-07 08:51:00+00:00,24454.3,24455.6,24448.95,24450.15,0
2026-07-07 08:52:00+00:00,24449.75,24455.8,24448.25,24452.5,0
2026-07-07 08:53:00+00:00,24452.45,24458.15,24451.4,24454.25,0
2026-07-07 08:54:00+00:00,24454.15,24454.5,24448.05,24448.35,0
2026-07-07 08:55:00+00:00,24448.75,24453.15,24446.95,24452.0,0
2026-07-07 08:56:00+00:00,24451.35,24453.95,24450.85,24452.45,0
2026-07-07 08:57:00+00:00,24452.2,24456.45,24450.85,24454.8,0
2026-07-07 08:58:00+00:00,24453.35,24458.2,24451.8,24455.1,0
2026-07-07 08:59:00+00:00,24454.8,24457.25,24453.2,24453.55,0
2026-07-07 09:00:00+00:00,24453.9,24458.65,24453.9,24457.65,0
2026-07-07 09:01:00+00:00,24457.65,24461.0,24456.25,24459.1,0
2026-07-07 09:02:00+00:00,24459.35,24462.8,24456.85,24458.15,0
2026-07-07 09:03:00+00:00,24458.35,24463.55,24457.85,24462.55,0
2026-07-07 09:04:00+00:00,24462.75,24463.25,24455.9,24459.0,0
2026-07-07 09:05:00+00:00,24459.0,24465.55,24458.55,24461.9,0
2026-07-07 09:06:00+00:00,24462.6,24470.5,24460.9,24469.5,0
2026-07-07 09:07:00+00:00,24469.5,24473.05,24464.75,24466.4,0
2026-07-07 09:08:00+00:00,24467.1,24468.4,24463.9,24465.2,0
2026-07-07 09:09:00+00:00,24465.15,24469.6,24463.4,24465.8,0
2026-07-07 09:10:00+00:00,24465.9,24467.65,24454.95,24455.55,0
2026-07-07 09:11:00+00:00,24456.5,24460.15,24455.15,24457.6,0
2026-07-07 09:12:00+00:00,24458.15,24468.1,24458.15,24466.1,0
2026-07-07 09:13:00+00:00,24466.0,24468.3,24462.4,24465.9,0
2026-07-07 09:14:00+00:00,24466.15,24467.0,24462.25,24465.6,0
2026-07-07 09:15:00+00:00,24465.55,24468.7,24464.35,24465.4,0
2026-07-07 09:16:00+00:00,24465.3,24469.8,24464.35,24466.3,0
2026-07-07 09:17:00+00:00,24466.15,24470.9,24465.25,24465.75,0
2026-07-07 09:18:00+00:00,24466.15,24468.7,24455.6,24459.1,0
2026-07-07 09:19:00+00:00,24459.05,24468.3,24459.05,24466.0,0
2026-07-07 09:20:00+00:00,24466.2,24468.5,24463.6,24465.6,0
2026-07-07 09:21:00+00:00,24465.75,24467.9,24462.45,24467.15,0
2026-07-07 09:22:00+00:00,24466.95,24469.4,24464.7,24465.9,0
2026-07-07 09:23:00+00:00,24466.75,24468.4,24462.4,24462.5,0
2026-07-07 09:24:00+00:00,24462.0,24467.25,24462.0,24464.4,0
2026-07-07 09:25:00+00:00,24464.6,24470.05,24464.3,24466.45,0
2026-07-07 09:26:00+00:00,24465.7,24467.7,24461.1,24465.3,0
2026-07-07 09:27:00+00:00,24465.85,24471.4,24461.1,24462.8,0
2026-07-07 09:28:00+00:00,24464.0,24467.1,24459.3,24461.3,0
2026-07-07 09:29:00+00:00,24461.65,24461.65,24453.85,24456.1,0
2026-07-07 09:30:00+00:00,24456.4,24459.35,24434.5,24437.25,0
2026-07-07 09:31:00+00:00,24437.5,24439.95,24430.45,24430.5,0
2026-07-07 09:32:00+00:00,24430.8,24430.8,24412.35,24417.85,0
2026-07-07 09:33:00+00:00,24418.6,24429.95,24417.25,24429.05,0
2026-07-07 09:34:00+00:00,24429.3,24429.75,24421.35,24426.9,0
2026-07-07 09:35:00+00:00,24426.5,24426.95,24412.4,24412.85,0
2026-07-07 09:36:00+00:00,24413.6,24421.0,24412.65,24418.85,0
2026-07-07 09:37:00+00:00,24419.0,24419.6,24410.2,24417.25,0
2026-07-07 09:38:00+00:00,24416.95,24424.4,24405.85,24406.65,0
2026-07-07 09:39:00+00:00,24407.45,24416.65,24404.85,24405.05,0
2026-07-07 09:40:00+00:00,24405.7,24406.05,24398.45,24398.85,0
2026-07-07 09:41:00+00:00,24399.45,24399.45,24390.15,24395.85,0
2026-07-07 09:42:00+00:00,24395.5,24397.35,24391.5,24392.2,0
2026-07-07 09:43:00+00:00,24392.75,24397.35,24391.25,24395.9,0
2026-07-07 09:44:00+00:00,24396.45,24399.15,24394.7,24397.85,0
2026-07-07 09:45:00+00:00,24398.5,24401.75,24397.55,24399.9,0
2026-07-07 09:46:00+00:00,24400.65,24400.65,24391.0,24391.9,0
2026-07-07 09:47:00+00:00,24391.8,24392.6,24385.2,24388.05,0
2026-07-07 09:48:00+00:00,24387.95,24389.1,24383.35,24386.15,0
2026-07-07 09:49:00+00:00,24386.2,24391.35,24382.65,24389.0,0
2026-07-07 09:50:00+00:00,24389.05,24389.35,24380.4,24381.65,0
2026-07-07 09:51:00+00:00,24381.25,24383.5,24376.4,24377.45,0
2026-07-07 09:52:00+00:00,24377.05,24377.4,24368.55,24370.9,0
2026-07-07 09:53:00+00:00,24370.0,24372.5,24367.6,24370.65,0
2026-07-07 09:54:00+00:00,24369.85,24370.4,24366.8,24368.7,0
2026-07-07 09:55:00+00:00,24368.6,24371.85,24362.1,24362.75,0
2026-07-07 09:56:00+00:00,24362.75,24363.2,24354.9,24356.45,0
2026-07-07 09:57:00+00:00,24356.5,24364.95,24356.1,24360.0,0
2026-07-07 09:58:00+00:00,24359.7,24362.05,24351.35,24352.7,0
2026-07-07 09:59:00+00:00,24351.25,24359.15,24348.95,24355.1,0
2026-07-08 03:45:00+00:00,24259.55,24283.25,24229.9,24273.5,0
2026-07-08 03:46:00+00:00,24276.15,24281.05,24255.0,24277.35,0
2026-07-08 03:47:00+00:00,24277.85,24282.8,24270.4,24274.55,0
2026-07-08 03:48:00+00:00,24275.0,24285.3,24273.45,24276.4,0
2026-07-08 03:49:00+00:00,24277.5,24288.75,24274.9,24284.45,0
2026-07-08 03:50:00+00:00,24285.5,24295.25,24279.25,24284.95,0
2026-07-08 03:51:00+00:00,24287.25,24288.55,24275.65,24279.8,0
2026-07-08 03:52:00+00:00,24281.35,24282.0,24259.65,24259.65,0
2026-07-08 03:53:00+00:00,24264.3,24264.65,24253.7,24257.95,0
2026-07-08 03:54:00+00:00,24259.45,24263.25,24246.0,24246.0,0
2026-07-08 03:55:00+00:00,24246.5,24248.25,24234.95,24245.9,0
2026-07-08 03:56:00+00:00,24246.85,24247.85,24237.7,24242.25,0
2026-07-08 03:57:00+00:00,24244.4,24245.4,24236.45,24239.65,0
2026-07-08 03:58:00+00:00,24239.3,24239.75,24233.45,24235.65,0
2026-07-08 03:59:00+00:00,24237.75,24240.9,24232.05,24239.2,0
2026-07-08 04:00:00+00:00,24239.6,24240.9,24218.45,24224.55,0
2026-07-08 04:01:00+00:00,24226.9,24229.15,24219.75,24227.2,0
2026-07-08 04:02:00+00:00,24227.85,24230.4,24224.65,24229.85,0
2026-07-08 04:03:00+00:00,24230.8,24233.95,24219.4,24222.15,0
2026-07-08 04:04:00+00:00,24222.5,24223.2,24215.3,24220.05,0
2026-07-08 04:05:00+00:00,24221.45,24224.8,24213.45,24223.45,0
2026-07-08 04:06:00+00:00,24224.0,24224.0,24211.65,24213.25,0
2026-07-08 04:07:00+00:00,24215.0,24216.35,24208.45,24212.65,0
2026-07-08 04:08:00+00:00,24212.35,24220.45,24207.2,24219.6,0
2026-07-08 04:09:00+00:00,24221.15,24221.45,24214.6,24217.15,0
2026-07-08 04:10:00+00:00,24217.65,24223.2,24213.15,24220.2,0
2026-07-08 04:11:00+00:00,24221.15,24235.45,24217.6,24233.4,0
2026-07-08 04:12:00+00:00,24233.15,24234.05,24220.3,24225.25,0
2026-07-08 04:13:00+00:00,24225.65,24231.25,24222.35,24228.05,0
2026-07-08 04:14:00+00:00,24228.65,24229.1,24223.8,24226.15,0
2026-07-08 04:15:00+00:00,24227.45,24233.2,24223.35,24229.85,0
2026-07-08 04:16:00+00:00,24230.85,24242.3,24229.85,24241.05,0
2026-07-08 04:17:00+00:00,24242.2,24242.2,24234.25,24240.3,0
2026-07-08 04:18:00+00:00,24240.95,24244.55,24234.75,24243.4,0
2026-07-08 04:19:00+00:00,24243.35,24250.4,24241.5,24248.9,0
2026-07-08 04:20:00+00:00,24250.5,24256.2,24243.8,24250.95,0
2026-07-08 04:21:00+00:00,24251.55,24251.55,24242.6,24246.75,0
2026-07-08 04:22:00+00:00,24247.4,24262.4,24246.6,24260.45,0
2026-07-08 04:23:00+00:00,24261.7,24267.15,24255.9,24265.55,0
2026-07-08 04:24:00+00:00,24265.1,24266.95,24249.1,24251.1,0
2026-07-08 04:25:00+00:00,24252.45,24263.75,24246.95,24262.9,0
2026-07-08 04:26:00+00:00,24261.85,24262.15,24256.0,24259.7,0
2026-07-08 04:27:00+00:00,24260.3,24260.55,24247.6,24248.25,0
2026-07-08 04:28:00+00:00,24247.8,24252.0,24244.25,24250.35,0
2026-07-08 04:29:00+00:00,24250.95,24259.7,24249.55,24251.75,0
2026-07-08 04:30:00+00:00,24250.85,24254.25,24245.55,24245.7,0
2026-07-08 04:31:00+00:00,24245.2,24247.85,24241.1,24245.9,0
2026-07-08 04:32:00+00:00,24247.2,24250.65,24245.0,24249.05,0
2026-07-08 04:33:00+00:00,24249.4,24249.4,24241.0,24244.35,0
2026-07-08 04:34:00+00:00,24244.75,24247.15,24238.25,24241.3,0
2026-07-08 04:35:00+00:00,24240.85,24243.25,24235.8,24239.2,0
2026-07-08 04:36:00+00:00,24239.1,24245.9,24233.0,24245.05,0
2026-07-08 04:37:00+00:00,24244.2,24247.3,24240.0,24246.2,0
2026-07-08 04:38:00+00:00,24245.35,24246.2,24233.2,24236.4,0
2026-07-08 04:39:00+00:00,24236.7,24242.5,24233.8,24240.7,0
2026-07-08 04:40:00+00:00,24240.65,24253.45,24236.9,24253.2,0
2026-07-08 04:41:00+00:00,24253.45,24254.75,24249.25,24250.4,0
2026-07-08 04:42:00+00:00,24250.85,24258.1,24244.7,24249.5,0
2026-07-08 04:43:00+00:00,24250.75,24250.75,24234.9,24239.5,0
2026-07-08 04:44:00+00:00,24238.2,24241.05,24235.65,24238.2,0
2026-07-08 04:45:00+00:00,24236.2,24236.2,24229.1,24232.05,0
2026-07-08 04:46:00+00:00,24232.3,24238.75,24229.6,24233.4,0
2026-07-08 04:47:00+00:00,24234.25,24238.0,24231.1,24233.05,0
2026-07-08 04:48:00+00:00,24232.3,24236.85,24228.3,24236.2,0
2026-07-08 04:49:00+00:00,24235.7,24250.8,24233.85,24250.8,0
2026-07-08 04:50:00+00:00,24249.8,24251.5,24240.25,24241.65,0
2026-07-08 04:51:00+00:00,24241.25,24244.2,24238.55,24241.65,0
2026-07-08 04:52:00+00:00,24241.5,24242.55,24236.75,24239.1,0
2026-07-08 04:53:00+00:00,24239.3,24241.55,24233.25,24234.95,0
2026-07-08 04:54:00+00:00,24233.75,24235.4,24223.15,24224.15,0
2026-07-08 04:55:00+00:00,24224.5,24225.05,24219.25,24224.4,0
2026-07-08 04:56:00+00:00,24224.5,24232.1,24222.6,24230.95,0
2026-07-08 04:57:00+00:00,24231.65,24239.5,24230.05,24237.25,0
2026-07-08 04:58:00+00:00,24236.9,24247.2,24234.9,24245.1,0
2026-07-08 04:59:00+00:00,24246.1,24247.65,24240.85,24245.2,0
2026-07-08 05:00:00+00:00,24246.1,24257.7,24245.75,24255.35,0
2026-07-08 05:01:00+00:00,24257.35,24265.35,24255.0,24262.15,0
2026-07-08 05:02:00+00:00,24263.15,24265.0,24254.15,24257.05,0
2026-07-08 05:03:00+00:00,24257.8,24260.4,24250.35,24255.05,0
2026-07-08 05:04:00+00:00,24256.75,24259.1,24252.15,24254.25,0
2026-07-08 05:05:00+00:00,24254.9,24261.65,24253.0,24261.25,0
2026-07-08 05:06:00+00:00,24260.5,24266.8,24257.75,24265.5,0
2026-07-08 05:07:00+00:00,24266.55,24277.65,24262.55,24276.95,0
2026-07-08 05:08:00+00:00,24277.65,24283.1,24270.85,24279.85,0
2026-07-08 05:09:00+00:00,24280.3,24283.7,24277.4,24283.3,0
2026-07-08 05:10:00+00:00,24283.65,24284.35,24277.9,24281.15,0
2026-07-08 05:11:00+00:00,24281.15,24289.5,24278.0,24287.55,0
2026-07-08 05:12:00+00:00,24288.75,24293.2,24284.8,24291.0,0
2026-07-08 05:13:00+00:00,24293.1,24294.2,24287.35,24293.5,0
2026-07-08 05:14:00+00:00,24292.95,24293.35,24279.25,24279.25,0
2026-07-08 05:15:00+00:00,24281.45,24283.15,24274.25,24281.05,0
2026-07-08 05:16:00+00:00,24282.85,24282.85,24275.7,24276.55,0
2026-07-08 05:17:00+00:00,24276.2,24280.05,24269.15,24270.0,0
2026-07-08 05:18:00+00:00,24271.25,24275.15,24268.75,24274.45,0
2026-07-08 05:19:00+00:00,24274.15,24278.25,24272.0,24277.4,0
2026-07-08 05:20:00+00:00,24278.1,24279.85,24273.35,24276.95,0
2026-07-08 05:21:00+00:00,24278.15,24283.25,24273.6,24277.4,0
2026-07-08 05:22:00+00:00,24278.3,24282.0,24273.2,24276.3,0
2026-07-08 05:23:00+00:00,24277.5,24278.9,24273.35,24275.0,0
2026-07-08 05:24:00+00:00,24276.05,24276.45,24270.6,24273.25,0
2026-07-08 05:25:00+00:00,24273.85,24278.3,24269.2,24276.4,0
2026-07-08 05:26:00+00:00,24277.5,24286.35,24275.55,24285.05,0
2026-07-08 05:27:00+00:00,24286.05,24289.05,24279.95,24288.4,0
2026-07-08 05:28:00+00:00,24288.65,24291.55,24284.3,24290.55,0
2026-07-08 05:29:00+00:00,24291.9,24294.3,24287.2,24293.5,0
2026-07-08 05:30:00+00:00,24294.55,24294.55,24288.0,24289.65,0
2026-07-08 05:31:00+00:00,24291.45,24293.9,24288.1,24292.75,0
2026-07-08 05:32:00+00:00,24293.0,24298.3,24292.3,24294.85,0
2026-07-08 05:33:00+00:00,24295.85,24298.15,24284.55,24288.0,0
2026-07-08 05:34:00+00:00,24288.6,24289.2,24285.45,24288.75,0
2026-07-08 05:35:00+00:00,24289.55,24295.7,24288.2,24288.9,0
2026-07-08 05:36:00+00:00,24289.05,24290.45,24281.6,24283.05,0
2026-07-08 05:37:00+00:00,24283.7,24286.8,24280.9,24285.65,0
2026-07-08 05:38:00+00:00,24285.55,24288.5,24282.65,24288.4,0
2026-07-08 05:39:00+00:00,24288.65,24291.85,24287.15,24290.2,0
2026-07-08 05:40:00+00:00,24290.95,24290.95,24281.15,24283.55,0
2026-07-08 05:41:00+00:00,24284.5,24288.4,24281.5,24286.95,0
2026-07-08 05:42:00+00:00,24287.7,24297.5,24286.5,24296.8,0
2026-07-08 05:43:00+00:00,24297.35,24300.0,24292.35,24294.3,0
2026-07-08 05:44:00+00:00,24295.1,24296.3,24288.6,24290.55,0
2026-07-08 05:45:00+00:00,24290.8,24291.0,24283.85,24285.45,0
2026-07-08 05:46:00+00:00,24286.1,24286.1,24280.05,24285.1,0
2026-07-08 05:47:00+00:00,24285.5,24288.2,24282.25,24285.5,0
2026-07-08 05:48:00+00:00,24287.1,24287.95,24277.75,24279.5,0
2026-07-08 05:49:00+00:00,24280.15,24283.85,24278.4,24282.65,0
2026-07-08 05:50:00+00:00,24283.8,24286.35,24276.9,24284.3,0
2026-07-08 05:51:00+00:00,24284.75,24284.75,24276.45,24277.7,0
2026-07-08 05:52:00+00:00,24277.85,24280.0,24274.75,24276.8,0
2026-07-08 05:53:00+00:00,24277.65,24278.7,24274.8,24276.1,0
2026-07-08 05:54:00+00:00,24276.2,24289.05,24275.0,24286.5,0
2026-07-08 05:55:00+00:00,24287.9,24294.4,24286.8,24292.1,0
2026-07-08 05:56:00+00:00,24291.6,24291.95,24283.05,24283.45,0
2026-07-08 05:57:00+00:00,24284.75,24290.75,24282.15,24290.0,0
2026-07-08 05:58:00+00:00,24290.95,24290.95,24283.7,24286.65,0
2026-07-08 05:59:00+00:00,24287.25,24287.25,24278.4,24285.15,0
2026-07-08 06:00:00+00:00,24286.2,24286.2,24275.4,24278.55,0
2026-07-08 06:01:00+00:00,24279.15,24282.75,24276.85,24280.95,0
2026-07-08 06:02:00+00:00,24281.1,24281.1,24274.05,24275.7,0
2026-07-08 06:03:00+00:00,24275.2,24276.55,24268.95,24268.95,0
2026-07-08 06:04:00+00:00,24269.75,24270.8,24263.65,24269.5,0
2026-07-08 06:05:00+00:00,24270.25,24270.25,24257.6,24261.35,0
2026-07-08 06:06:00+00:00,24261.05,24270.4,24259.2,24268.75,0
2026-07-08 06:07:00+00:00,24269.75,24269.75,24261.3,24266.4,0
2026-07-08 06:08:00+00:00,24266.95,24268.65,24261.6,24263.65,0
2026-07-08 06:09:00+00:00,24264.2,24267.75,24261.15,24267.25,0
2026-07-08 06:10:00+00:00,24267.25,24270.25,24264.75,24266.25,0
2026-07-08 06:11:00+00:00,24265.5,24267.7,24258.45,24261.7,0
2026-07-08 06:12:00+00:00,24262.2,24263.7,24259.5,24261.75,0
2026-07-08 06:13:00+00:00,24262.1,24263.7,24258.8,24259.75,0
2026-07-08 06:14:00+00:00,24260.75,24260.75,24252.55,24259.0,0
2026-07-08 06:15:00+00:00,24259.6,24261.5,24257.65,24260.4,0
2026-07-08 06:16:00+00:00,24261.55,24261.55,24252.15,24253.75,0
2026-07-08 06:17:00+00:00,24254.05,24258.7,24252.7,24257.65,0
2026-07-08 06:18:00+00:00,24258.95,24260.75,24255.25,24259.7,0
2026-07-08 06:19:00+00:00,24259.2,24260.0,24248.85,24251.2,0
2026-07-08 06:20:00+00:00,24252.3,24254.05,24249.6,24252.85,0
2026-07-08 06:21:00+00:00,24254.0,24254.0,24244.0,24251.15,0
2026-07-08 06:22:00+00:00,24251.55,24251.55,24245.3,24247.5,0
2026-07-08 06:23:00+00:00,24249.0,24255.35,24246.5,24254.1,0
2026-07-08 06:24:00+00:00,24254.65,24255.75,24248.85,24252.85,0
2026-07-08 06:25:00+00:00,24254.85,24259.45,24251.6,24256.35,0
2026-07-08 06:26:00+00:00,24256.95,24256.95,24236.1,24236.6,0
2026-07-08 06:27:00+00:00,24236.45,24238.2,24233.6,24237.1,0
2026-07-08 06:28:00+00:00,24238.45,24249.25,24236.2,24249.0,0
2026-07-08 06:29:00+00:00,24249.75,24250.05,24242.65,24248.95,0
2026-07-08 06:30:00+00:00,24249.65,24252.35,24242.35,24246.15,0
2026-07-08 06:31:00+00:00,24247.0,24247.0,24238.1,24240.9,0
2026-07-08 06:32:00+00:00,24240.25,24245.8,24237.2,24237.95,0
2026-07-08 06:33:00+00:00,24239.25,24244.2,24235.7,24235.85,0
2026-07-08 06:34:00+00:00,24237.3,24239.65,24233.85,24234.95,0
2026-07-08 06:35:00+00:00,24235.4,24241.2,24234.1,24240.3,0
2026-07-08 06:36:00+00:00,24241.0,24243.9,24237.5,24238.15,0
2026-07-08 06:37:00+00:00,24240.0,24242.2,24235.3,24238.35,0
2026-07-08 06:38:00+00:00,24238.35,24239.1,24229.3,24230.9,0
2026-07-08 06:39:00+00:00,24232.5,24233.5,24225.6,24226.95,0
2026-07-08 06:40:00+00:00,24229.0,24229.2,24218.4,24223.5,0
2026-07-08 06:41:00+00:00,24224.8,24233.85,24222.25,24231.4,0
2026-07-08 06:42:00+00:00,24231.35,24232.95,24225.55,24228.0,0
2026-07-08 06:43:00+00:00,24229.25,24229.45,24222.45,24223.95,0
2026-07-08 06:44:00+00:00,24226.0,24226.15,24222.0,24222.4,0
2026-07-08 06:45:00+00:00,24224.05,24224.05,24216.2,24217.25,0
2026-07-08 06:46:00+00:00,24219.6,24219.6,24208.4,24209.4,0
2026-07-08 06:47:00+00:00,24211.5,24224.3,24210.6,24223.4,0
2026-07-08 06:48:00+00:00,24225.6,24231.25,24218.85,24230.4,0
2026-07-08 06:49:00+00:00,24232.25,24233.95,24227.8,24230.5,0
2026-07-08 06:50:00+00:00,24231.7,24234.25,24224.7,24225.45,0
2026-07-08 06:51:00+00:00,24226.55,24227.0,24223.75,24224.55,0
2026-07-08 06:52:00+00:00,24226.35,24226.35,24220.7,24222.0,0
2026-07-08 06:53:00+00:00,24222.65,24222.65,24214.4,24216.0,0
2026-07-08 06:54:00+00:00,24216.55,24217.35,24205.0,24206.0,0
2026-07-08 06:55:00+00:00,24207.65,24213.45,24203.4,24209.9,0
2026-07-08 06:56:00+00:00,24211.2,24216.15,24206.55,24213.95,0
2026-07-08 06:57:00+00:00,24215.45,24215.45,24209.7,24211.0,0
2026-07-08 06:58:00+00:00,24212.0,24212.2,24204.6,24206.55,0
2026-07-08 06:59:00+00:00,24208.4,24210.0,24202.55,24206.55,0
2026-07-08 07:00:00+00:00,24207.6,24208.4,24203.05,24203.6,0
2026-07-08 07:01:00+00:00,24204.85,24204.85,24189.2,24192.05,0
2026-07-08 07:02:00+00:00,24193.7,24202.7,24192.9,24201.5,0
2026-07-08 07:03:00+00:00,24201.5,24204.7,24195.85,24197.25,0
2026-07-08 07:04:00+00:00,24198.65,24198.65,24191.9,24195.4,0
2026-07-08 07:05:00+00:00,24196.15,24197.55,24192.8,24196.25,0
2026-07-08 07:06:00+00:00,24197.4,24197.5,24194.05,24195.95,0
2026-07-08 07:07:00+00:00,24196.85,24198.35,24193.05,24196.95,0
2026-07-08 07:08:00+00:00,24198.05,24199.4,24191.75,24192.1,0
2026-07-08 07:09:00+00:00,24193.5,24193.5,24184.0,24191.85,0
2026-07-08 07:10:00+00:00,24191.9,24192.55,24189.0,24192.0,0
2026-07-08 07:11:00+00:00,24192.35,24196.95,24189.45,24195.25,0
2026-07-08 07:12:00+00:00,24196.85,24196.85,24187.35,24189.85,0
2026-07-08 07:13:00+00:00,24191.6,24193.0,24186.95,24191.7,0
2026-07-08 07:14:00+00:00,24192.35,24206.35,24190.8,24204.7,0
2026-07-08 07:15:00+00:00,24206.1,24209.35,24197.85,24199.45,0
2026-07-08 07:16:00+00:00,24201.4,24205.85,24198.6,24203.05,0
2026-07-08 07:17:00+00:00,24203.95,24210.3,24200.1,24205.25,0
2026-07-08 07:18:00+00:00,24206.05,24206.5,24200.5,24201.75,0
2026-07-08 07:19:00+00:00,24202.5,24206.15,24200.3,24204.55,0
2026-07-08 07:20:00+00:00,24205.9,24214.95,24203.95,24214.05,0
2026-07-08 07:21:00+00:00,24215.35,24219.05,24209.7,24215.9,0
2026-07-08 07:22:00+00:00,24216.55,24216.65,24208.15,24209.3,0
2026-07-08 07:23:00+00:00,24210.95,24213.05,24206.5,24211.85,0
2026-07-08 07:24:00+00:00,24213.0,24221.35,24211.25,24219.3,0
2026-07-08 07:25:00+00:00,24220.75,24225.3,24213.15,24213.9,0
2026-07-08 07:26:00+00:00,24215.15,24216.2,24210.6,24214.65,0
2026-07-08 07:27:00+00:00,24215.4,24217.85,24213.4,24216.8,0
2026-07-08 07:28:00+00:00,24216.95,24220.75,24215.5,24218.6,0
2026-07-08 07:29:00+00:00,24220.65,24220.65,24213.2,24215.9,0
2026-07-08 07:30:00+00:00,24217.15,24222.4,24214.8,24222.0,0
2026-07-08 07:31:00+00:00,24223.1,24225.1,24217.7,24222.2,0
2026-07-08 07:32:00+00:00,24223.9,24228.25,24220.7,24227.7,0
2026-07-08 07:33:00+00:00,24228.55,24232.6,24225.5,24232.3,0
2026-07-08 07:34:00+00:00,24233.35,24233.35,24224.0,24225.25,0
2026-07-08 07:35:00+00:00,24226.55,24229.35,24223.95,24226.1,0
2026-07-08 07:36:00+00:00,24227.2,24234.05,24225.75,24233.95,0
2026-07-08 07:37:00+00:00,24234.45,24235.8,24230.1,24230.65,0
2026-07-08 07:38:00+00:00,24231.8,24231.9,24224.25,24224.95,0
2026-07-08 07:39:00+00:00,24226.7,24226.7,24216.2,24218.8,0
2026-07-08 07:40:00+00:00,24219.95,24219.95,24214.95,24218.95,0
2026-07-08 07:41:00+00:00,24219.75,24223.95,24217.85,24219.9,0
2026-07-08 07:42:00+00:00,24221.25,24222.8,24217.7,24218.0,0
2026-07-08 07:43:00+00:00,24220.35,24220.75,24216.4,24219.3,0
2026-07-08 07:44:00+00:00,24221.4,24221.4,24215.3,24216.95,0
2026-07-08 07:45:00+00:00,24217.95,24221.15,24213.8,24214.0,0
2026-07-08 07:46:00+00:00,24215.2,24217.65,24210.0,24214.6,0
2026-07-08 07:47:00+00:00,24217.05,24219.3,24209.5,24217.9,0
2026-07-08 07:48:00+00:00,24219.15,24221.9,24217.5,24218.3,0
2026-07-08 07:49:00+00:00,24218.9,24225.7,24215.0,24224.45,0
2026-07-08 07:50:00+00:00,24225.45,24230.1,24217.4,24221.7,0
2026-07-08 07:51:00+00:00,24222.75,24225.55,24217.25,24221.15,0
2026-07-08 07:52:00+00:00,24221.25,24222.45,24217.25,24219.9,0
2026-07-08 07:53:00+00:00,24220.8,24222.4,24214.4,24221.2,0
2026-07-08 07:54:00+00:00,24222.0,24226.25,24218.7,24225.65,0
2026-07-08 07:55:00+00:00,24228.2,24228.2,24219.35,24219.75,0
2026-07-08 07:56:00+00:00,24221.0,24226.9,24219.0,24223.05,0
2026-07-08 07:57:00+00:00,24224.2,24224.2,24216.4,24216.8,0
2026-07-08 07:58:00+00:00,24218.35,24220.9,24214.0,24214.55,0
2026-07-08 07:59:00+00:00,24215.7,24219.8,24214.6,24216.3,0
2026-07-08 08:00:00+00:00,24217.55,24220.4,24215.05,24215.2,0
2026-07-08 08:01:00+00:00,24216.2,24216.2,24208.75,24211.2,0
2026-07-08 08:02:00+00:00,24210.65,24215.15,24207.9,24214.9,0
2026-07-08 08:03:00+00:00,24215.85,24215.85,24208.05,24210.35,0
2026-07-08 08:04:00+00:00,24211.0,24211.0,24205.7,24208.8,0
2026-07-08 08:05:00+00:00,24209.7,24214.45,24207.2,24214.45,0
2026-07-08 08:06:00+00:00,24214.7,24214.75,24210.6,24212.8,0
2026-07-08 08:07:00+00:00,24214.1,24214.1,24205.4,24206.9,0
2026-07-08 08:08:00+00:00,24207.3,24210.7,24205.1,24210.4,0
2026-07-08 08:09:00+00:00,24210.85,24220.5,24210.25,24214.25,0
2026-07-08 08:10:00+00:00,24215.05,24215.5,24209.45,24215.0,0
2026-07-08 08:11:00+00:00,24215.0,24215.45,24211.0,24213.6,0
2026-07-08 08:12:00+00:00,24215.55,24216.6,24206.05,24207.1,0
2026-07-08 08:13:00+00:00,24207.4,24211.7,24200.1,24202.4,0
2026-07-08 08:14:00+00:00,24203.1,24205.9,24200.4,24205.15,0
2026-07-08 08:15:00+00:00,24206.1,24209.05,24205.0,24207.8,0
2026-07-08 08:16:00+00:00,24207.85,24208.25,24170.6,24170.6,0
2026-07-08 08:17:00+00:00,24171.6,24171.6,24120.5,24120.65,0
2026-07-08 08:18:00+00:00,24121.55,24132.9,24106.95,24128.85,0
2026-07-08 08:19:00+00:00,24130.8,24130.8,24113.6,24120.2,0
2026-07-08 08:20:00+00:00,24120.75,24121.75,24097.4,24098.0,0
2026-07-08 08:21:00+00:00,24098.2,24103.5,24088.6,24100.8,0
2026-07-08 08:22:00+00:00,24101.0,24101.2,24085.45,24093.1,0
2026-07-08 08:23:00+00:00,24093.65,24093.65,24076.5,24076.95,0
2026-07-08 08:24:00+00:00,24078.65,24078.65,24057.3,24064.25,0
2026-07-08 08:25:00+00:00,24064.5,24065.4,24053.1,24056.8,0
2026-07-08 08:26:00+00:00,24056.65,24081.55,24052.3,24074.2,0
2026-07-08 08:27:00+00:00,24076.7,24076.7,24048.35,24049.9,0
2026-07-08 08:28:00+00:00,24050.6,24051.8,24022.1,24027.0,0
2026-07-08 08:29:00+00:00,24028.6,24028.6,24007.9,24009.55,0
2026-07-08 08:30:00+00:00,24012.05,24026.9,24006.65,24010.45,0
2026-07-08 08:31:00+00:00,24011.15,24011.15,23993.75,24001.3,0
2026-07-08 08:32:00+00:00,24001.9,24001.9,23980.9,23988.55,0
2026-07-08 08:33:00+00:00,23988.9,23993.65,23978.5,23981.6,0
2026-07-08 08:34:00+00:00,23982.25,23990.35,23969.25,23976.4,0
2026-07-08 08:35:00+00:00,23975.95,23982.55,23938.85,23940.2,0
2026-07-08 08:36:00+00:00,23942.05,23951.55,23933.55,23950.6,0
2026-07-08 08:37:00+00:00,23950.9,23972.4,23948.25,23966.4,0
2026-07-08 08:38:00+00:00,23967.9,23969.15,23951.75,23951.75,0
2026-07-08 08:39:00+00:00,23953.05,23953.05,23915.7,23923.85,0
2026-07-08 08:40:00+00:00,23926.5,23926.5,23901.95,23908.3,0
2026-07-08 08:41:00+00:00,23909.8,23934.5,23901.6,23907.05,0
2026-07-08 08:42:00+00:00,23909.05,23910.45,23891.55,23895.25,0
2026-07-08 08:43:00+00:00,23899.75,23908.35,23892.15,23899.3,0
2026-07-08 08:44:00+00:00,23899.6,23906.05,23877.5,23897.6,0
2026-07-08 08:45:00+00:00,23898.95,23900.35,23888.0,23892.7,0
2026-07-08 08:46:00+00:00,23895.3,23926.35,23890.5,23926.35,0
2026-07-08 08:47:00+00:00,23927.8,23956.6,23924.2,23937.1,0
2026-07-08 08:48:00+00:00,23937.6,23937.6,23918.8,23929.05,0
2026-07-08 08:49:00+00:00,23930.6,23930.6,23894.5,23912.4,0
2026-07-08 08:50:00+00:00,23912.55,23926.8,23908.7,23920.4,0
2026-07-08 08:51:00+00:00,23920.2,23920.35,23899.7,23902.55,0
2026-07-08 08:52:00+00:00,23903.85,23905.65,23889.85,23894.15,0
2026-07-08 08:53:00+00:00,23896.65,23926.9,23894.45,23922.75,0
2026-07-08 08:54:00+00:00,23923.9,23923.9,23900.65,23905.3,0
2026-07-08 08:55:00+00:00,23906.45,23916.9,23898.45,23900.55,0
2026-07-08 08:56:00+00:00,23899.9,23901.15,23892.3,23895.2,0
2026-07-08 08:57:00+00:00,23896.0,23896.0,23880.45,23883.6,0
2026-07-08 08:58:00+00:00,23885.9,23901.95,23882.6,23898.2,0
2026-07-08 08:59:00+00:00,23898.95,23898.95,23872.15,23874.45,0
2026-07-08 09:00:00+00:00,23875.65,23900.4,23868.65,23899.5,0
2026-07-08 09:01:00+00:00,23900.7,23918.0,23890.95,23911.9,0
2026-07-08 09:02:00+00:00,23912.05,23914.6,23899.6,23899.95,0
2026-07-08 09:03:00+00:00,23901.1,23901.1,23880.5,23881.05,0
2026-07-08 09:04:00+00:00,23881.55,23885.7,23877.6,23882.65,0
2026-07-08 09:05:00+00:00,23884.2,23894.4,23879.9,23879.9,0
2026-07-08 09:06:00+00:00,23881.35,23884.0,23852.2,23854.95,0
2026-07-08 09:07:00+00:00,23856.65,23859.4,23845.0,23855.4,0
2026-07-08 09:08:00+00:00,23856.25,23879.75,23854.4,23867.6,0
2026-07-08 09:09:00+00:00,23868.45,23868.45,23853.25,23859.3,0
2026-07-08 09:10:00+00:00,23860.3,23865.95,23851.95,23853.75,0
2026-07-08 09:11:00+00:00,23854.35,23868.65,23852.55,23857.75,0
2026-07-08 09:12:00+00:00,23858.7,23862.7,23844.5,23861.0,0
2026-07-08 09:13:00+00:00,23862.4,23868.95,23852.6,23868.7,0
2026-07-08 09:14:00+00:00,23870.4,23870.4,23857.15,23863.25,0
2026-07-08 09:15:00+00:00,23864.5,23864.5,23839.8,23841.8,0
2026-07-08 09:16:00+00:00,23843.45,23861.35,23839.75,23851.4,0
2026-07-08 09:17:00+00:00,23851.35,23851.7,23831.1,23839.35,0
2026-07-08 09:18:00+00:00,23839.95,23846.8,23829.8,23846.8,0
2026-07-08 09:19:00+00:00,23848.45,23848.45,23836.55,23840.6,0
2026-07-08 09:20:00+00:00,23842.45,23848.75,23829.5,23832.95,0
2026-07-08 09:21:00+00:00,23833.85,23834.2,23805.2,23813.85,0
2026-07-08 09:22:00+00:00,23815.15,23820.7,23811.25,23812.7,0
2026-07-08 09:23:00+00:00,23813.0,23837.15,23811.5,23836.9,0
2026-07-08 09:24:00+00:00,23838.0,23840.1,23820.65,23820.65,0
2026-07-08 09:25:00+00:00,23821.9,23822.25,23816.1,23818.95,0
2026-07-08 09:26:00+00:00,23820.2,23834.25,23816.95,23833.0,0
2026-07-08 09:27:00+00:00,23833.65,23834.0,23822.2,23822.6,0
2026-07-08 09:28:00+00:00,23823.5,23823.5,23811.4,23821.3,0
2026-07-08 09:29:00+00:00,23821.3,23845.05,23812.3,23828.65,0
2026-07-08 09:30:00+00:00,23826.55,23875.55,23826.55,23871.25,0
2026-07-08 09:31:00+00:00,23870.25,23870.45,23845.15,23848.25,0
2026-07-08 09:32:00+00:00,23848.05,23877.2,23848.05,23875.8,0
2026-07-08 09:33:00+00:00,23876.9,23883.3,23872.0,23872.25,0
2026-07-08 09:34:00+00:00,23873.3,23880.5,23853.8,23854.25,0
2026-07-08 09:35:00+00:00,23855.55,23860.0,23847.8,23850.0,0
2026-07-08 09:36:00+00:00,23850.2,23855.25,23843.0,23843.25,0
2026-07-08 09:37:00+00:00,23843.85,23852.95,23843.55,23847.85,0
2026-07-08 09:38:00+00:00,23848.0,23863.35,23847.05,23861.1,0
2026-07-08 09:39:00+00:00,23860.7,23866.1,23859.65,23861.5,0
2026-07-08 09:40:00+00:00,23862.8,23864.9,23858.9,23859.45,0
2026-07-08 09:41:00+00:00,23859.0,23878.65,23857.25,23876.95,0
2026-07-08 09:42:00+00:00,23877.6,23885.05,23876.9,23879.7,0
2026-07-08 09:43:00+00:00,23880.1,23882.25,23872.05,23872.2,0
2026-07-08 09:44:00+00:00,23872.8,23884.05,23872.8,23883.35,0
2026-07-08 09:45:00+00:00,23882.2,23901.25,23882.2,23900.5,0
2026-07-08 09:46:00+00:00,23900.4,23904.0,23893.9,23895.5,0
2026-07-08 09:47:00+00:00,23896.05,23897.45,23891.65,23897.35,0
2026-07-08 09:48:00+00:00,23896.5,23912.9,23896.5,23910.95,0
2026-07-08 09:49:00+00:00,23910.4,23913.5,23902.25,23903.0,0
2026-07-08 09:50:00+00:00,23902.6,23917.75,23902.05,23917.2,0
2026-07-08 09:51:00+00:00,23917.9,23919.55,23907.55,23912.55,0
2026-07-08 09:52:00+00:00,23911.1,23913.75,23910.0,23912.3,0
2026-07-08 09:53:00+00:00,23911.5,23913.7,23910.15,23911.35,0
2026-07-08 09:54:00+00:00,23910.9,23911.85,23899.6,23900.95,0
2026-07-08 09:55:00+00:00,23900.35,23901.1,23882.75,23888.1,0
2026-07-08 09:56:00+00:00,23889.0,23895.6,23887.25,23894.2,0
2026-07-08 09:57:00+00:00,23893.05,23898.2,23892.3,23896.25,0
2026-07-08 09:58:00+00:00,23895.7,23900.7,23892.9,23896.35,0
2026-07-08 09:59:00+00:00,23894.8,23903.05,23892.85,23895.7,0
2026-07-09 03:45:00+00:00,23928.95,23970.05,23927.7,23959.1,0
2026-07-09 03:46:00+00:00,23958.45,23971.15,23951.7,23965.05,0
2026-07-09 03:47:00+00:00,23965.8,23995.85,23959.4,23991.8,0
2026-07-09 03:48:00+00:00,23991.55,24003.2,23984.5,23985.2,0
2026-07-09 03:49:00+00:00,23986.05,23997.25,23982.15,23993.4,0
2026-07-09 03:50:00+00:00,23992.8,24000.55,23989.7,23995.8,0
2026-07-09 03:51:00+00:00,23994.45,24001.9,23991.9,23993.25,0
2026-07-09 03:52:00+00:00,23993.9,23994.4,23984.2,23987.55,0
2026-07-09 03:53:00+00:00,23988.05,24005.7,23987.85,24004.2,0
2026-07-09 03:54:00+00:00,24003.2,24025.85,24003.2,24024.3,0
2026-07-09 03:55:00+00:00,24024.6,24026.65,24012.85,24013.75,0
2026-07-09 03:56:00+00:00,24013.8,24017.75,24010.35,24011.95,0
2026-07-09 03:57:00+00:00,24011.5,24015.65,24009.35,24013.25,0
2026-07-09 03:58:00+00:00,24013.2,24038.3,24010.05,24037.3,0
2026-07-09 03:59:00+00:00,24037.05,24038.5,24023.05,24024.15,0
2026-07-09 04:00:00+00:00,24022.65,24040.75,24018.2,24035.9,0
2026-07-09 04:01:00+00:00,24036.05,24039.6,24021.85,24023.35,0
2026-07-09 04:02:00+00:00,24023.85,24024.9,24004.2,24014.95,0
2026-07-09 04:03:00+00:00,24015.35,24024.05,24011.3,24020.15,0
2026-07-09 04:04:00+00:00,24020.0,24039.45,24020.0,24037.8,0
2026-07-09 04:05:00+00:00,24037.7,24041.95,24029.6,24030.65,0
2026-07-09 04:06:00+00:00,24029.85,24035.05,24021.6,24029.8,0
2026-07-09 04:07:00+00:00,24030.85,24031.3,24016.7,24019.25,0
2026-07-09 04:08:00+00:00,24019.6,24031.5,24019.6,24030.8,0
2026-07-09 04:09:00+00:00,24030.7,24051.1,24030.4,24050.7,0
2026-07-09 04:10:00+00:00,24051.0,24061.75,24049.75,24054.2,0
2026-07-09 04:11:00+00:00,24054.4,24055.15,24036.35,24037.35,0
2026-07-09 04:12:00+00:00,24037.85,24042.0,24034.05,24039.75,0
2026-07-09 04:13:00+00:00,24040.8,24047.5,24036.15,24046.65,0
2026-07-09 04:14:00+00:00,24046.55,24050.45,24045.35,24047.2,0
2026-07-09 04:15:00+00:00,24048.25,24051.75,24037.55,24042.9,0
2026-07-09 04:16:00+00:00,24043.0,24057.3,24040.85,24056.3,0
2026-07-09 04:17:00+00:00,24056.75,24063.45,24048.7,24058.6,0
2026-07-09 04:18:00+00:00,24058.4,24067.4,24045.45,24050.25,0
2026-07-09 04:19:00+00:00,24049.35,24051.85,24042.2,24044.35,0
2026-07-09 04:20:00+00:00,24045.05,24055.0,24043.9,24049.9,0
2026-07-09 04:21:00+00:00,24049.15,24057.1,24045.4,24055.3,0
2026-07-09 04:22:00+00:00,24055.05,24056.75,24046.0,24047.15,0
2026-07-09 04:23:00+00:00,24048.5,24054.1,24046.4,24049.6,0
2026-07-09 04:24:00+00:00,24049.3,24055.15,24046.2,24049.3,0
2026-07-09 04:25:00+00:00,24050.45,24057.5,24049.45,24055.0,0
2026-07-09 04:26:00+00:00,24055.35,24063.5,24046.95,24047.75,0
2026-07-09 04:27:00+00:00,24048.25,24053.55,24038.4,24040.5,0
2026-07-09 04:28:00+00:00,24041.2,24044.45,24031.15,24032.3,0
2026-07-09 04:29:00+00:00,24033.45,24048.95,24033.45,24044.65,0
2026-07-09 04:30:00+00:00,24044.7,24063.65,24042.1,24059.65,0
2026-07-09 04:31:00+00:00,24060.3,24076.8,24059.4,24066.0,0
2026-07-09 04:32:00+00:00,24067.0,24067.05,24056.05,24057.1,0
2026-07-09 04:33:00+00:00,24057.2,24066.25,24054.5,24065.15,0
2026-07-09 04:34:00+00:00,24064.9,24064.9,24050.0,24052.3,0
2026-07-09 04:35:00+00:00,24051.7,24057.1,24047.95,24056.25,0
2026-07-09 04:36:00+00:00,24056.0,24061.45,24050.4,24053.6,0
2026-07-09 04:37:00+00:00,24054.0,24066.15,24051.55,24064.95,0
2026-07-09 04:38:00+00:00,24064.85,24070.95,24063.95,24065.15,0
2026-07-09 04:39:00+00:00,24065.25,24068.2,24061.9,24065.6,0
2026-07-09 04:40:00+00:00,24065.3,24069.95,24054.95,24061.75,0
2026-07-09 04:41:00+00:00,24063.05,24063.05,24054.3,24060.2,0
2026-07-09 04:42:00+00:00,24060.9,24063.4,24053.8,24054.4,0
2026-07-09 04:43:00+00:00,24054.5,24059.35,24051.5,24053.7,0
2026-07-09 04:44:00+00:00,24053.35,24053.4,24041.8,24044.25,0
2026-07-09 04:45:00+00:00,24045.05,24052.0,24043.9,24048.9,0
2026-07-09 04:46:00+00:00,24050.0,24053.7,24045.8,24048.1,0
2026-07-09 04:47:00+00:00,24046.1,24050.3,24040.5,24043.3,0
2026-07-09 04:48:00+00:00,24043.3,24050.45,24042.65,24043.7,0
2026-07-09 04:49:00+00:00,24044.55,24044.55,24033.35,24034.05,0
2026-07-09 04:50:00+00:00,24034.2,24045.3,24029.65,24042.6,0
2026-07-09 04:51:00+00:00,24043.0,24055.65,24038.0,24041.6,0
2026-07-09 04:52:00+00:00,24042.65,24050.55,24037.95,24044.55,0
2026-07-09 04:53:00+00:00,24044.85,24054.45,24042.75,24048.1,0
2026-07-09 04:54:00+00:00,24047.65,24055.55,24038.7,24055.35,0
2026-07-09 04:55:00+00:00,24055.2,24058.35,24050.55,24052.15,0
2026-07-09 04:56:00+00:00,24053.0,24053.1,24045.9,24050.4,0
2026-07-09 04:57:00+00:00,24050.25,24050.75,24043.75,24043.75,0
2026-07-09 04:58:00+00:00,24043.55,24045.8,24033.85,24035.85,0
2026-07-09 04:59:00+00:00,24034.6,24046.2,24034.6,24042.85,0
2026-07-09 05:00:00+00:00,24042.9,24049.05,24039.0,24044.85,0
2026-07-09 05:01:00+00:00,24046.1,24048.95,24041.7,24045.7,0
2026-07-09 05:02:00+00:00,24045.2,24045.95,24031.65,24033.15,0
2026-07-09 05:03:00+00:00,24033.65,24045.5,24032.95,24041.8,0
2026-07-09 05:04:00+00:00,24042.0,24042.7,24033.05,24040.15,0
2026-07-09 05:05:00+00:00,24040.3,24042.25,24021.5,24026.15,0
2026-07-09 05:06:00+00:00,24025.8,24034.1,24014.3,24020.6,0
2026-07-09 05:07:00+00:00,24021.0,24022.6,23998.9,24014.15,0
2026-07-09 05:08:00+00:00,24014.15,24023.6,24008.5,24021.8,0
2026-07-09 05:09:00+00:00,24021.95,24039.4,24018.9,24039.4,0
2026-07-09 05:10:00+00:00,24037.85,24046.45,24032.5,24043.05,0
2026-07-09 05:11:00+00:00,24043.45,24106.25,24041.35,24104.25,0
2026-07-09 05:12:00+00:00,24106.5,24134.7,24106.5,24112.05,0
2026-07-09 05:13:00+00:00,24113.0,24113.5,24083.7,24084.35,0
2026-07-09 05:14:00+00:00,24083.4,24085.3,24070.35,24077.4,0
2026-07-09 05:15:00+00:00,24078.1,24082.85,24068.5,24071.8,0
2026-07-09 05:16:00+00:00,24072.05,24073.0,24040.65,24040.65,0
2026-07-09 05:17:00+00:00,24041.0,24057.2,24037.05,24050.15,0
2026-07-09 05:18:00+00:00,24050.65,24053.7,24033.7,24039.0,0
2026-07-09 05:19:00+00:00,24039.3,24039.3,24011.15,24015.6,0
2026-07-09 05:20:00+00:00,24015.8,24023.85,24013.35,24022.0,0
2026-07-09 05:21:00+00:00,24022.55,24030.4,24017.65,24026.55,0
2026-07-09 05:22:00+00:00,24026.2,24027.4,24001.15,24003.0,0
2026-07-09 05:23:00+00:00,24003.65,24024.35,24002.8,24022.8,0
2026-07-09 05:24:00+00:00,24023.8,24033.9,24020.5,24033.05,0
2026-07-09 05:25:00+00:00,24032.25,24032.25,24021.3,24022.5,0
2026-07-09 05:26:00+00:00,24024.5,24024.6,24013.1,24014.75,0
2026-07-09 05:27:00+00:00,24015.1,24028.45,24012.0,24019.25,0
2026-07-09 05:28:00+00:00,24018.55,24031.35,24017.05,24022.6,0
2026-07-09 05:29:00+00:00,24022.2,24025.6,24013.9,24013.9,0
2026-07-09 05:30:00+00:00,24014.85,24016.3,23997.4,23998.5,0
2026-07-09 05:31:00+00:00,23999.2,23999.2,23988.35,23993.9,0
2026-07-09 05:32:00+00:00,23994.85,24006.05,23988.65,24002.3,0
2026-07-09 05:33:00+00:00,24004.2,24015.0,24003.0,24013.85,0
2026-07-09 05:34:00+00:00,24014.05,24019.65,24009.6,24019.3,0
2026-07-09 05:35:00+00:00,24019.5,24023.35,24013.8,24021.15,0
2026-07-09 05:36:00+00:00,24021.3,24022.0,24005.6,24010.8,0
2026-07-09 05:37:00+00:00,24011.45,24014.75,24005.65,24010.1,0
2026-07-09 05:38:00+00:00,24011.35,24017.35,24005.65,24012.1,0
2026-07-09 05:39:00+00:00,24012.7,24012.85,24004.95,24010.75,0
2026-07-09 05:40:00+00:00,24011.35,24017.4,24008.85,24017.25,0
2026-07-09 05:41:00+00:00,24016.4,24017.3,24010.25,24011.7,0
2026-07-09 05:42:00+00:00,24011.55,24014.95,24005.55,24006.2,0
2026-07-09 05:43:00+00:00,24007.4,24017.0,24004.85,24016.45,0
2026-07-09 05:44:00+00:00,24016.55,24021.2,24011.35,24015.25,0
2026-07-09 05:45:00+00:00,24014.85,24025.6,24014.6,24018.8,0
2026-07-09 05:46:00+00:00,24019.05,24020.15,24013.75,24016.35,0
2026-07-09 05:47:00+00:00,24016.1,24021.25,24012.75,24013.5,0
2026-07-09 05:48:00+00:00,24014.2,24018.45,24008.85,24015.45,0
2026-07-09 05:49:00+00:00,24015.75,24029.85,24011.6,24027.65,0
2026-07-09 05:50:00+00:00,24028.65,24032.45,24015.85,24018.25,0
2026-07-09 05:51:00+00:00,24019.75,24030.9,24019.45,24025.45,0
2026-07-09 05:52:00+00:00,24025.15,24031.65,24022.2,24027.05,0
2026-07-09 05:53:00+00:00,24026.75,24029.45,24021.6,24029.1,0
2026-07-09 05:54:00+00:00,24029.1,24043.75,24027.5,24039.7,0
2026-07-09 05:55:00+00:00,24037.95,24053.75,24034.6,24049.85,0
2026-07-09 05:56:00+00:00,24050.15,24071.95,24044.65,24069.35,0
2026-07-09 05:57:00+00:00,24068.5,24076.85,24068.5,24071.7,0
2026-07-09 05:58:00+00:00,24072.65,24087.25,24072.05,24086.15,0
2026-07-09 05:59:00+00:00,24087.2,24090.5,24079.0,24079.8,0
2026-07-09 06:00:00+00:00,24079.8,24081.55,24072.95,24075.75,0
2026-07-09 06:01:00+00:00,24076.45,24078.1,24057.25,24067.45,0
2026-07-09 06:02:00+00:00,24067.0,24070.55,24055.45,24065.45,0
2026-07-09 06:03:00+00:00,24066.0,24067.2,24055.8,24060.85,0
2026-07-09 06:04:00+00:00,24059.95,24063.45,24054.95,24061.4,0
2026-07-09 06:05:00+00:00,24062.1,24062.1,24051.25,24056.4,0
2026-07-09 06:06:00+00:00,24056.5,24056.5,24047.65,24047.65,0
2026-07-09 06:07:00+00:00,24049.65,24054.1,24047.75,24051.65,0
2026-07-09 06:08:00+00:00,24051.55,24059.65,24047.4,24058.2,0
2026-07-09 06:09:00+00:00,24058.05,24058.05,24045.9,24053.35,0
2026-07-09 06:10:00+00:00,24052.9,24054.55,24041.2,24041.2,0
2026-07-09 06:11:00+00:00,24042.45,24052.2,24039.7,24051.1,0
2026-07-09 06:12:00+00:00,24050.95,24059.8,24049.4,24051.85,0
2026-07-09 06:13:00+00:00,24053.0,24059.05,24050.65,24055.9,0
2026-07-09 06:14:00+00:00,24055.55,24064.9,24050.55,24056.45,0
2026-07-09 06:15:00+00:00,24057.95,24059.3,24051.05,24053.5,0
2026-07-09 06:16:00+00:00,24052.75,24056.2,24044.5,24049.15,0
2026-07-09 06:17:00+00:00,24049.35,24049.35,24037.6,24039.25,0
2026-07-09 06:18:00+00:00,24042.55,24051.35,24042.55,24048.4,0
2026-07-09 06:19:00+00:00,24047.0,24053.55,24045.0,24048.55,0
2026-07-09 06:20:00+00:00,24049.5,24054.35,24047.25,24050.9,0
2026-07-09 06:21:00+00:00,24051.25,24051.7,24041.2,24044.1,0
2026-07-09 06:22:00+00:00,24045.85,24049.65,24042.7,24046.55,0
2026-07-09 06:23:00+00:00,24046.35,24049.25,24043.1,24044.8,0
2026-07-09 06:24:00+00:00,24045.75,24051.3,24044.95,24047.05,0
2026-07-09 06:25:00+00:00,24047.6,24052.55,24045.7,24048.6,0
2026-07-09 06:26:00+00:00,24050.05,24054.0,24045.35,24045.7,0
2026-07-09 06:27:00+00:00,24046.5,24052.6,24046.5,24050.25,0
2026-07-09 06:28:00+00:00,24050.9,24052.4,24045.85,24050.7,0
2026-07-09 06:29:00+00:00,24050.2,24053.25,24044.5,24047.65,0
2026-07-09 06:30:00+00:00,24047.65,24055.3,24044.05,24045.0,0
2026-07-09 06:31:00+00:00,24044.9,24052.2,24042.15,24047.2,0
2026-07-09 06:32:00+00:00,24049.05,24058.2,24047.1,24055.3,0
2026-07-09 06:33:00+00:00,24055.9,24071.45,24053.85,24068.3,0
2026-07-09 06:34:00+00:00,24067.55,24073.9,24063.35,24073.9,0
2026-07-09 06:35:00+00:00,24073.55,24076.55,24067.0,24072.05,0
2026-07-09 06:36:00+00:00,24071.8,24075.25,24059.45,24060.5,0
2026-07-09 06:37:00+00:00,24060.6,24067.5,24060.6,24063.5,0
2026-07-09 06:38:00+00:00,24064.75,24068.85,24060.05,24065.65,0
2026-07-09 06:39:00+00:00,24065.75,24069.4,24062.75,24065.7,0
2026-07-09 06:40:00+00:00,24066.2,24072.25,24063.15,24064.25,0
2026-07-09 06:41:00+00:00,24063.95,24066.05,24056.75,24059.35,0
2026-07-09 06:42:00+00:00,24060.45,24063.65,24057.9,24059.55,0
2026-07-09 06:43:00+00:00,24060.4,24068.35,24060.35,24067.1,0
2026-07-09 06:44:00+00:00,24067.55,24069.0,24057.25,24060.4,0
2026-07-09 06:45:00+00:00,24062.7,24063.0,24056.6,24059.1,0
2026-07-09 06:46:00+00:00,24059.1,24071.0,24058.65,24067.25,0
2026-07-09 06:47:00+00:00,24068.2,24069.35,24058.5,24064.35,0
2026-07-09 06:48:00+00:00,24065.0,24065.0,24057.25,24060.85,0
2026-07-09 06:49:00+00:00,24061.6,24066.05,24056.55,24057.25,0
2026-07-09 06:50:00+00:00,24057.35,24059.0,24050.3,24055.75,0
2026-07-09 06:51:00+00:00,24058.1,24060.1,24053.85,24059.05,0
2026-07-09 06:52:00+00:00,24059.05,24064.2,24054.0,24061.55,0
2026-07-09 06:53:00+00:00,24062.65,24067.3,24060.75,24065.3,0
2026-07-09 06:54:00+00:00,24065.0,24067.1,24061.1,24065.2,0
2026-07-09 06:55:00+00:00,24065.9,24066.95,24059.55,24061.55,0
2026-07-09 06:56:00+00:00,24062.6,24071.55,24062.15,24066.0,0
2026-07-09 06:57:00+00:00,24067.0,24069.6,24062.85,24065.05,0
2026-07-09 06:58:00+00:00,24064.85,24069.95,24057.35,24063.45,0
2026-07-09 06:59:00+00:00,24063.35,24065.0,24058.0,24063.3,0
2026-07-09 07:00:00+00:00,24063.9,24067.8,24059.0,24059.0,0
2026-07-09 07:01:00+00:00,24059.35,24065.95,24058.35,24064.45,0
2026-07-09 07:02:00+00:00,24065.25,24068.45,24062.95,24067.2,0
2026-07-09 07:03:00+00:00,24067.6,24067.75,24054.9,24057.3,0
2026-07-09 07:04:00+00:00,24058.15,24061.35,24043.6,24044.1,0
2026-07-09 07:05:00+00:00,24045.2,24046.65,24041.1,24042.6,0
2026-07-09 07:06:00+00:00,24043.35,24045.7,24041.7,24044.6,0
2026-07-09 07:07:00+00:00,24045.1,24047.0,24042.15,24044.0,0
2026-07-09 07:08:00+00:00,24044.25,24046.1,24040.45,24042.15,0
2026-07-09 07:09:00+00:00,24042.25,24043.35,24034.95,24038.1,0
2026-07-09 07:10:00+00:00,24038.4,24040.0,24019.85,24028.0,0
2026-07-09 07:11:00+00:00,24028.05,24028.15,24015.85,24016.35,0
2026-07-09 07:12:00+00:00,24016.7,24029.15,24016.7,24024.65,0
2026-07-09 07:13:00+00:00,24025.05,24025.5,24017.9,24020.35,0
2026-07-09 07:14:00+00:00,24021.8,24025.2,24018.7,24023.35,0
2026-07-09 07:15:00+00:00,24023.6,24026.95,24020.8,24024.25,0
2026-07-09 07:16:00+00:00,24024.0,24028.55,24019.1,24026.35,0
2026-07-09 07:17:00+00:00,24027.55,24037.25,24026.05,24034.45,0
2026-07-09 07:18:00+00:00,24035.05,24035.1,24025.8,24031.15,0
2026-07-09 07:19:00+00:00,24031.2,24038.9,24027.8,24035.55,0
2026-07-09 07:20:00+00:00,24035.7,24037.65,24027.55,24032.65,0
2026-07-09 07:21:00+00:00,24032.4,24035.35,24028.5,24031.0,0
2026-07-09 07:22:00+00:00,24030.8,24034.35,24028.5,24032.3,0
2026-07-09 07:23:00+00:00,24032.6,24045.25,24032.6,24044.25,0
2026-07-09 07:24:00+00:00,24045.3,24052.4,24042.65,24049.5,0
2026-07-09 07:25:00+00:00,24050.7,24054.4,24047.75,24052.75,0
2026-07-09 07:26:00+00:00,24053.15,24054.1,24043.25,24048.65,0
2026-07-09 07:27:00+00:00,24049.05,24050.85,24042.2,24047.55,0
2026-07-09 07:28:00+00:00,24046.65,24051.5,24044.1,24046.75,0
2026-07-09 07:29:00+00:00,24046.9,24046.9,24038.1,24038.4,0
2026-07-09 07:30:00+00:00,24038.95,24039.3,24028.7,24029.8,0
2026-07-09 07:31:00+00:00,24030.0,24040.55,24027.75,24037.5,0
2026-07-09 07:32:00+00:00,24038.3,24044.75,24037.55,24043.75,0
2026-07-09 07:33:00+00:00,24043.85,24050.55,24042.85,24049.15,0
2026-07-09 07:34:00+00:00,24048.5,24049.75,24041.65,24046.0,0
2026-07-09 07:35:00+00:00,24046.7,24050.5,24039.55,24046.4,0
2026-07-09 07:36:00+00:00,24047.2,24047.45,24031.25,24031.65,0
2026-07-09 07:37:00+00:00,24031.15,24036.55,24029.8,24032.9,0
2026-07-09 07:38:00+00:00,24033.05,24045.05,24033.05,24043.3,0
2026-07-09 07:39:00+00:00,24043.75,24050.2,24037.7,24047.35,0
2026-07-09 07:40:00+00:00,24048.3,24050.55,24043.35,24047.35,0
2026-07-09 07:41:00+00:00,24048.0,24055.55,24046.85,24050.4,0
2026-07-09 07:42:00+00:00,24050.2,24050.25,24043.35,24046.3,0
2026-07-09 07:43:00+00:00,24045.8,24047.25,24039.35,24042.9,0
2026-07-09 07:44:00+00:00,24042.1,24053.4,24041.3,24051.65,0
2026-07-09 07:45:00+00:00,24051.85,24055.45,24047.35,24050.8,0
2026-07-09 07:46:00+00:00,24051.2,24056.35,24049.4,24051.25,0
2026-07-09 07:47:00+00:00,24051.8,24058.45,24051.2,24053.5,0
2026-07-09 07:48:00+00:00,24053.8,24055.4,24050.4,24053.0,0
2026-07-09 07:49:00+00:00,24053.6,24054.6,24046.8,24052.3,0
2026-07-09 07:50:00+00:00,24053.5,24055.75,24049.05,24052.65,0
2026-07-09 07:51:00+00:00,24051.9,24057.25,24051.15,24053.35,0
2026-07-09 07:52:00+00:00,24053.5,24055.7,24050.1,24051.8,0
2026-07-09 07:53:00+00:00,24051.9,24051.9,24039.85,24041.4,0
2026-07-09 07:54:00+00:00,24041.85,24042.55,24034.35,24037.4,0
2026-07-09 07:55:00+00:00,24036.75,24039.15,24025.1,24038.75,0
2026-07-09 07:56:00+00:00,24037.4,24040.85,24032.75,24036.75,0
2026-07-09 07:57:00+00:00,24036.95,24041.85,24035.05,24038.5,0
2026-07-09 07:58:00+00:00,24038.4,24039.45,24031.3,24032.85,0
2026-07-09 07:59:00+00:00,24032.55,24036.35,24031.55,24035.55,0
2026-07-09 08:00:00+00:00,24035.35,24044.3,24034.15,24040.65,0
2026-07-09 08:01:00+00:00,24039.95,24045.35,24036.05,24043.75,0
2026-07-09 08:02:00+00:00,24044.05,24057.95,24044.05,24057.2,0
2026-07-09 08:03:00+00:00,24056.8,24060.45,24053.4,24058.75,0
2026-07-09 08:04:00+00:00,24058.3,24065.75,24056.45,24060.75,0
2026-07-09 08:05:00+00:00,24059.9,24069.85,24056.25,24069.85,0
2026-07-09 08:06:00+00:00,24072.15,24074.55,24058.4,24063.95,0
2026-07-09 08:07:00+00:00,24063.75,24072.05,24058.9,24070.05,0
2026-07-09 08:08:00+00:00,24070.2,24082.35,24062.85,24079.0,0
2026-07-09 08:09:00+00:00,24079.4,24080.0,24073.5,24074.05,0
2026-07-09 08:10:00+00:00,24073.6,24077.0,24065.15,24068.75,0
2026-07-09 08:11:00+00:00,24067.85,24070.75,24062.3,24066.9,0
2026-07-09 08:12:00+00:00,24064.85,24071.65,24062.2,24062.85,0
2026-07-09 08:13:00+00:00,24063.25,24070.8,24062.95,24070.45,0
2026-07-09 08:14:00+00:00,24069.25,24071.85,24066.2,24069.35,0
2026-07-09 08:15:00+00:00,24068.8,24074.75,24067.9,24067.9,0
2026-07-09 08:16:00+00:00,24069.85,24072.85,24061.7,24072.85,0
2026-07-09 08:17:00+00:00,24072.15,24076.85,24067.25,24073.4,0
2026-07-09 08:18:00+00:00,24073.65,24073.9,24063.85,24064.9,0
2026-07-09 08:19:00+00:00,24064.8,24069.75,24056.55,24065.3,0
2026-07-09 08:20:00+00:00,24065.55,24066.1,24053.35,24057.1,0
2026-07-09 08:21:00+00:00,24058.0,24060.95,24055.8,24058.9,0
2026-07-09 08:22:00+00:00,24058.7,24064.2,24055.05,24056.65,0
2026-07-09 08:23:00+00:00,24058.45,24061.45,24053.55,24060.65,0
2026-07-09 08:24:00+00:00,24060.1,24061.15,24052.9,24054.1,0
2026-07-09 08:25:00+00:00,24054.65,24056.45,24048.35,24048.9,0
2026-07-09 08:26:00+00:00,24049.4,24054.55,24048.1,24049.35,0
2026-07-09 08:27:00+00:00,24050.6,24056.2,24049.7,24052.05,0
2026-07-09 08:28:00+00:00,24051.45,24057.6,24050.55,24053.55,0
2026-07-09 08:29:00+00:00,24053.6,24058.65,24049.75,24050.05,0
2026-07-09 08:30:00+00:00,24050.85,24057.95,24050.0,24056.4,0
2026-07-09 08:31:00+00:00,24057.3,24058.5,24042.0,24042.55,0
2026-07-09 08:32:00+00:00,24043.55,24051.25,24041.9,24051.25,0
2026-07-09 08:33:00+00:00,24050.95,24054.55,24044.9,24048.85,0
2026-07-09 08:34:00+00:00,24048.75,24050.1,24040.8,24046.7,0
2026-07-09 08:35:00+00:00,24047.35,24049.75,24041.85,24043.85,0
2026-07-09 08:36:00+00:00,24046.15,24049.75,24041.2,24047.05,0
2026-07-09 08:37:00+00:00,24046.05,24052.0,24041.85,24046.9,0
2026-07-09 08:38:00+00:00,24046.2,24051.2,24043.5,24050.65,0
2026-07-09 08:39:00+00:00,24050.8,24053.45,24038.7,24038.7,0
2026-07-09 08:40:00+00:00,24039.2,24039.2,24024.35,24030.45,0
2026-07-09 08:41:00+00:00,24030.3,24053.25,24030.2,24047.45,0
2026-07-09 08:42:00+00:00,24047.45,24047.55,24036.5,24041.15,0
2026-07-09 08:43:00+00:00,24041.3,24050.25,24040.15,24040.9,0
2026-07-09 08:44:00+00:00,24041.85,24050.3,24034.6,24049.0,0
2026-07-09 08:45:00+00:00,24049.2,24062.6,24048.05,24050.0,0
2026-07-09 08:46:00+00:00,24049.0,24049.15,24040.65,24042.45,0
2026-07-09 08:47:00+00:00,24041.35,24043.5,24035.2,24035.25,0
2026-07-09 08:48:00+00:00,24036.25,24045.75,24032.5,24045.75,0
2026-07-09 08:49:00+00:00,24045.55,24046.6,24036.85,24041.2,0
2026-07-09 08:50:00+00:00,24040.4,24044.4,24039.5,24042.2,0
2026-07-09 08:51:00+00:00,24042.4,24048.0,24030.45,24030.45,0
2026-07-09 08:52:00+00:00,24029.2,24042.45,24027.5,24038.0,0
2026-07-09 08:53:00+00:00,24037.95,24047.0,24037.85,24045.1,0
2026-07-09 08:54:00+00:00,24044.65,24053.6,24044.05,24051.3,0
2026-07-09 08:55:00+00:00,24051.9,24059.7,24049.3,24058.45,0
2026-07-09 08:56:00+00:00,24056.9,24059.05,24047.8,24048.95,0
2026-07-09 08:57:00+00:00,24048.65,24053.4,24039.4,24043.4,0
2026-07-09 08:58:00+00:00,24043.05,24051.4,24041.7,24044.45,0
2026-07-09 08:59:00+00:00,24044.15,24062.55,24040.65,24058.85,0
2026-07-09 09:00:00+00:00,24057.95,24064.75,24053.5,24056.35,0
2026-07-09 09:01:00+00:00,24055.35,24061.5,24050.85,24057.05,0
2026-07-09 09:02:00+00:00,24057.35,24068.2,24056.25,24060.25,0
2026-07-09 09:03:00+00:00,24061.15,24078.6,24060.75,24076.1,0
2026-07-09 09:04:00+00:00,24076.05,24077.85,24066.25,24067.75,0
2026-07-09 09:05:00+00:00,24067.65,24070.6,24062.85,24065.05,0
2026-07-09 09:06:00+00:00,24063.55,24066.85,24051.6,24054.95,0
2026-07-09 09:07:00+00:00,24055.85,24062.45,24047.75,24048.15,0
2026-07-09 09:08:00+00:00,24048.65,24055.15,24045.8,24047.45,0
2026-07-09 09:09:00+00:00,24046.75,24048.6,24035.85,24043.1,0
2026-07-09 09:10:00+00:00,24043.7,24047.45,24001.95,24003.6,0
2026-07-09 09:11:00+00:00,24003.5,24043.7,24002.0,24039.95,0
2026-07-09 09:12:00+00:00,24040.0,24041.4,24028.65,24033.35,0
2026-07-09 09:13:00+00:00,24032.7,24036.25,24022.15,24022.4,0
2026-07-09 09:14:00+00:00,24024.7,24031.9,24023.15,24026.15,0
2026-07-09 09:15:00+00:00,24026.5,24033.7,24015.15,24015.5,0
2026-07-09 09:16:00+00:00,24015.95,24024.7,24015.95,24023.2,0
2026-07-09 09:17:00+00:00,24021.8,24025.5,24018.8,24024.75,0
2026-07-09 09:18:00+00:00,24024.4,24029.65,24023.2,24025.1,0
2026-07-09 09:19:00+00:00,24025.7,24028.45,24018.3,24018.3,0
2026-07-09 09:20:00+00:00,24018.9,24028.0,24016.0,24023.2,0
2026-07-09 09:21:00+00:00,24023.4,24034.85,24022.4,24033.8,0
2026-07-09 09:22:00+00:00,24032.45,24035.8,24025.1,24032.85,0
2026-07-09 09:23:00+00:00,24033.05,24039.5,24031.4,24034.55,0
2026-07-09 09:24:00+00:00,24033.45,24038.1,24028.7,24033.2,0
2026-07-09 09:25:00+00:00,24033.05,24040.0,24030.25,24033.4,0
2026-07-09 09:26:00+00:00,24034.5,24036.95,24023.55,24034.15,0
2026-07-09 09:27:00+00:00,24033.3,24036.9,24027.55,24034.2,0
2026-07-09 09:28:00+00:00,24033.55,24044.3,24031.7,24036.15,0
2026-07-09 09:29:00+00:00,24036.45,24044.05,24034.9,24039.65,0
2026-07-09 09:30:00+00:00,24037.85,24037.85,23996.7,23998.85,0
2026-07-09 09:31:00+00:00,23996.55,24000.7,23989.05,23995.5,0
2026-07-09 09:32:00+00:00,23993.8,23998.6,23974.95,23976.1,0
2026-07-09 09:33:00+00:00,23975.5,23984.55,23967.2,23980.3,0
2026-07-09 09:34:00+00:00,23979.2,23982.0,23968.45,23968.7,0
2026-07-09 09:35:00+00:00,23967.5,23975.6,23965.05,23965.4,0
2026-07-09 09:36:00+00:00,23965.4,23971.6,23936.8,23937.35,0
2026-07-09 09:37:00+00:00,23936.25,23936.4,23925.7,23931.2,0
2026-07-09 09:38:00+00:00,23932.1,23948.2,23930.8,23939.2,0
2026-07-09 09:39:00+00:00,23940.2,23956.5,23938.95,23956.0,0
2026-07-09 09:40:00+00:00,23953.65,23956.1,23937.7,23939.3,0
2026-07-09 09:41:00+00:00,23938.9,23953.15,23938.1,23951.85,0
2026-07-09 09:42:00+00:00,23950.45,23953.15,23946.1,23946.1,0
2026-07-09 09:43:00+00:00,23945.6,23948.05,23940.65,23946.2,0
2026-07-09 09:44:00+00:00,23945.85,23946.95,23937.65,23940.5,0
2026-07-09 09:45:00+00:00,23940.3,23949.8,23938.75,23948.6,0
2026-07-09 09:46:00+00:00,23946.95,23957.65,23943.15,23953.7,0
2026-07-09 09:47:00+00:00,23954.1,23957.8,23948.0,23950.15,0
2026-07-09 09:48:00+00:00,23950.25,23955.1,23947.2,23953.95,0
2026-07-09 09:49:00+00:00,23952.75,23958.05,23949.9,23958.05,0
2026-07-09 09:50:00+00:00,23956.05,23962.55,23953.8,23961.1,0
2026-07-09 09:51:00+00:00,23959.5,23971.5,23956.9,23969.95,0
2026-07-09 09:52:00+00:00,23967.8,23975.05,23967.8,23971.15,0
2026-07-09 09:53:00+00:00,23970.2,23980.4,23969.7,23973.3,0
2026-07-09 09:54:00+00:00,23974.1,23974.3,23966.95,23969.65,0
2026-07-09 09:55:00+00:00,23968.6,23976.45,23967.3,23973.0,0
2026-07-09 09:56:00+00:00,23971.95,23983.4,23970.6,23981.85,0
2026-07-09 09:57:00+00:00,23980.95,23981.65,23975.3,23975.3,0
2026-07-09 09:58:00+00:00,23977.1,23980.25,23973.3,23976.75,0
2026-07-09 09:59:00+00:00,23970.85,23982.45,23968.15,23981.9,0
