datetime,open,high,low,close,volume
2026-02-06 03:45:00+00:00,25605.8,25621.0,25553.55,25602.45,0
2026-02-06 03:46:00+00:00,25598.0,25606.75,25581.1,25588.3,0
2026-02-06 03:47:00+00:00,25585.6,25619.75,25582.45,25618.5,0
2026-02-06 03:48:00+00:00,25617.85,25628.65,25617.1,25627.45,0
2026-02-06 03:49:00+00:00,25626.5,25630.8,25603.0,25603.5,0
2026-02-06 03:50:00+00:00,25600.65,25600.7,25578.45,25590.6,0
2026-02-06 03:51:00+00:00,25590.2,25601.85,25587.75,25598.0,0
2026-02-06 03:52:00+00:00,25599.5,25600.3,25589.7,25590.55,0
2026-02-06 03:53:00+00:00,25590.85,25590.85,25578.7,25583.7,0
2026-02-06 03:54:00+00:00,25582.95,25594.15,25580.2,25587.85,0
2026-02-06 03:55:00+00:00,25588.1,25592.6,25578.95,25582.8,0
2026-02-06 03:56:00+00:00,25583.75,25586.1,25574.9,25575.3,0
2026-02-06 03:57:00+00:00,25575.15,25589.85,25574.15,25587.35,0
2026-02-06 03:58:00+00:00,25587.5,25596.95,25579.95,25580.55,0
2026-02-06 03:59:00+00:00,25580.85,25581.15,25570.5,25574.35,0
2026-02-06 04:00:00+00:00,25574.6,25574.6,25564.5,25565.9,0
2026-02-06 04:01:00+00:00,25567.6,25569.85,25561.45,25561.5,0
2026-02-06 04:02:00+00:00,25561.0,25564.4,25554.5,25564.4,0
2026-02-06 04:03:00+00:00,25564.05,25573.95,25562.5,25563.15,0
2026-02-06 04:04:00+00:00,25562.6,25566.25,25558.0,25563.6,0
2026-02-06 04:05:00+00:00,25563.65,25565.8,25555.15,25556.2,0
2026-02-06 04:06:00+00:00,25556.3,25559.95,25549.8,25556.85,0
2026-02-06 04:07:00+00:00,25556.0,25556.45,25545.8,25547.9,0
2026-02-06 04:08:00+00:00,25547.0,25547.5,25534.2,25534.55,0
2026-02-06 04:09:00+00:00,25537.15,25548.15,25534.4,25544.3,0
2026-02-06 04:10:00+00:00,25543.45,25547.7,25539.85,25543.35,0
2026-02-06 04:11:00+00:00,25543.9,25544.75,25537.95,25540.25,0
2026-02-06 04:12:00+00:00,25540.9,25542.8,25535.8,25537.35,0
2026-02-06 04:13:00+00:00,25536.3,25538.55,25525.45,25525.75,0
2026-02-06 04:14:00+00:00,25525.35,25529.35,25522.25,25526.3,0
2026-02-06 04:15:00+00:00,25527.2,25552.2,25527.2,25551.3,0
2026-02-06 04:16:00+00:00,25552.15,25559.35,25549.25,25552.95,0
2026-02-06 04:17:00+00:00,25553.0,25562.15,25550.95,25561.65,0
2026-02-06 04:18:00+00:00,25561.45,25564.95,25558.2,25564.0,0
2026-02-06 04:19:00+00:00,25563.2,25569.0,25559.2,25569.0,0
2026-02-06 04:20:00+00:00,25569.25,25570.8,25556.85,25560.3,0
2026-02-06 04:21:00+00:00,25560.95,25566.2,25558.65,25565.75,0
2026-02-06 04:22:00+00:00,25565.55,25566.25,25558.15,25560.75,0
2026-02-06 04:23:00+00:00,25561.45,25562.45,25555.1,25559.15,0
2026-02-06 04:24:00+00:00,25559.5,25560.55,25553.0,25554.25,0
2026-02-06 04:25:00+00:00,25554.2,25554.6,25543.3,25545.85,0
2026-02-06 04:26:00+00:00,25545.5,25547.4,25542.3,25543.1,0
2026-02-06 04:27:00+00:00,25542.25,25544.6,25538.05,25541.1,0
2026-02-06 04:28:00+00:00,25541.1,25545.1,25538.7,25540.0,0
2026-02-06 04:29:00+00:00,25539.3,25553.1,25539.0,25552.35,0
2026-02-06 04:30:00+00:00,25552.35,25560.45,25547.05,25550.45,0
2026-02-06 04:31:00+00:00,25550.65,25550.65,25542.1,25542.6,0
2026-02-06 04:32:00+00:00,25542.9,25546.65,25527.7,25531.3,0
2026-02-06 04:33:00+00:00,25530.5,25533.3,25519.15,25523.1,0
2026-02-06 04:34:00+00:00,25522.6,25539.3,25522.6,25535.55,0
2026-02-06 04:35:00+00:00,25534.85,25542.15,25532.85,25540.9,0
2026-02-06 04:36:00+00:00,25540.45,25541.2,25526.55,25526.55,0
2026-02-06 04:37:00+00:00,25526.3,25528.7,25520.8,25528.7,0
2026-02-06 04:38:00+00:00,25527.7,25534.8,25526.6,25534.8,0
2026-02-06 04:39:00+00:00,25533.5,25536.3,25531.4,25531.75,0
2026-02-06 04:40:00+00:00,25531.55,25533.5,25523.15,25524.8,0
2026-02-06 04:41:00+00:00,25524.05,25524.2,25508.3,25509.75,0
2026-02-06 04:42:00+00:00,25509.6,25522.3,25504.6,25522.3,0
2026-02-06 04:43:00+00:00,25519.8,25521.75,25512.75,25514.9,0
2026-02-06 04:44:00+00:00,25515.2,25517.5,25511.85,25515.8,0
2026-02-06 04:45:00+00:00,25515.8,25522.65,25513.85,25518.5,0
2026-02-06 04:46:00+00:00,25518.35,25518.85,25511.6,25516.2,0
2026-02-06 04:47:00+00:00,25515.75,25528.0,25515.75,25526.85,0
2026-02-06 04:48:00+00:00,25527.4,25553.1,25526.75,25551.7,0
2026-02-06 04:49:00+00:00,25552.1,25553.2,25543.85,25544.85,0
2026-02-06 04:50:00+00:00,25543.95,25550.8,25543.95,25546.7,0
2026-02-06 04:51:00+00:00,25546.45,25549.05,25539.45,25547.55,0
2026-02-06 04:52:00+00:00,25546.3,25554.85,25545.75,25554.85,0
2026-02-06 04:53:00+00:00,25553.85,25558.8,25552.5,25553.6,0
2026-02-06 04:54:00+00:00,25553.15,25556.15,25544.7,25544.7,0
2026-02-06 04:55:00+00:00,25543.95,25546.4,25532.15,25533.8,0
2026-02-06 04:56:00+00:00,25532.85,25542.05,25530.3,25540.2,0
2026-02-06 04:57:00+00:00,25539.7,25541.0,25531.15,25533.45,0
2026-02-06 04:58:00+00:00,25533.05,25533.05,25523.65,25524.7,0
2026-02-06 04:59:00+00:00,25525.35,25525.35,25506.65,25506.65,0
2026-02-06 05:00:00+00:00,25507.1,25507.6,25497.1,25504.6,0
2026-02-06 05:01:00+00:00,25504.95,25512.0,25498.9,25505.95,0
2026-02-06 05:02:00+00:00,25506.15,25514.15,25505.75,25509.85,0
2026-02-06 05:03:00+00:00,25509.5,25511.3,25504.0,25505.35,0
2026-02-06 05:04:00+00:00,25504.0,25506.25,25496.1,25504.8,0
2026-02-06 05:05:00+00:00,25504.85,25510.35,25502.4,25509.45,0
2026-02-06 05:06:00+00:00,25509.65,25520.55,25508.9,25520.55,0
2026-02-06 05:07:00+00:00,25519.35,25520.85,25503.75,25504.8,0
2026-02-06 05:08:00+00:00,25503.95,25520.45,25503.95,25518.2,0
2026-02-06 05:09:00+00:00,25518.8,25525.85,25518.0,25522.45,0
2026-02-06 05:10:00+00:00,25521.6,25523.65,25513.8,25514.35,0
2026-02-06 05:11:00+00:00,25513.5,25514.25,25503.6,25506.75,0
2026-02-06 05:12:00+00:00,25506.0,25510.7,25500.55,25507.2,0
2026-02-06 05:13:00+00:00,25507.1,25508.0,25500.7,25501.25,0
2026-02-06 05:14:00+00:00,25501.4,25505.4,25497.9,25502.4,0
2026-02-06 05:15:00+00:00,25501.7,25504.55,25496.95,25504.55,0
2026-02-06 05:16:00+00:00,25504.45,25517.95,25503.5,25517.0,0
2026-02-06 05:17:00+00:00,25516.15,25518.05,25511.05,25512.15,0
2026-02-06 05:18:00+00:00,25512.5,25512.6,25499.2,25503.45,0
2026-02-06 05:19:00+00:00,25502.8,25513.4,25502.8,25507.8,0
2026-02-06 05:20:00+00:00,25507.55,25510.55,25500.9,25502.3,0
2026-02-06 05:21:00+00:00,25502.3,25504.35,25500.3,25504.35,0
2026-02-06 05:22:00+00:00,25504.05,25505.6,25492.4,25504.9,0
2026-02-06 05:23:00+00:00,25502.7,25513.5,25502.15,25505.65,0
2026-02-06 05:24:00+00:00,25504.95,25505.5,25496.6,25498.25,0
2026-02-06 05:25:00+00:00,25498.2,25500.0,25491.9,25496.45,0
2026-02-06 05:26:00+00:00,25496.4,25508.15,25496.0,25506.15,0
2026-02-06 05:27:00+00:00,25506.1,25512.1,25502.4,25511.35,0
2026-02-06 05:28:00+00:00,25511.6,25516.3,25510.7,25514.7,0
2026-02-06 05:29:00+00:00,25514.6,25524.2,25514.05,25522.5,0
2026-02-06 05:30:00+00:00,25522.75,25532.45,25522.75,25531.05,0
2026-02-06 05:31:00+00:00,25531.85,25537.35,25530.25,25537.35,0
2026-02-06 05:32:00+00:00,25537.45,25546.5,25536.45,25540.7,0
2026-02-06 05:33:00+00:00,25540.05,25541.65,25536.45,25538.15,0
2026-02-06 05:34:00+00:00,25538.15,25548.15,25538.15,25546.75,0
2026-02-06 05:35:00+00:00,25546.25,25552.5,25543.25,25549.55,0
2026-02-06 05:36:00+00:00,25549.7,25554.9,25546.0,25550.0,0
2026-02-06 05:37:00+00:00,25550.65,25553.4,25546.75,25551.15,0
2026-02-06 05:38:00+00:00,25551.1,25558.1,25548.1,25556.45,0
2026-02-06 05:39:00+00:00,25557.2,25559.55,25550.35,25559.1,0
2026-02-06 05:40:00+00:00,25558.6,25567.15,25554.85,25567.15,0
2026-02-06 05:41:00+00:00,25567.05,25567.6,25560.35,25563.6,0
2026-02-06 05:42:00+00:00,25563.9,25568.6,25559.8,25560.8,0
2026-02-06 05:43:00+00:00,25560.55,25569.15,25559.65,25568.2,0
2026-02-06 05:44:00+00:00,25567.35,25576.4,25562.3,25576.4,0
2026-02-06 05:45:00+00:00,25577.8,25581.2,25570.15,25571.05,0
2026-02-06 05:46:00+00:00,25571.65,25571.65,25564.6,25566.45,0
2026-02-06 05:47:00+00:00,25565.9,25576.75,25565.45,25575.45,0
2026-02-06 05:48:00+00:00,25574.95,25576.5,25568.9,25571.2,0
2026-02-06 05:49:00+00:00,25571.85,25579.8,25571.5,25578.2,0
2026-02-06 05:50:00+00:00,25577.6,25588.15,25575.55,25586.95,0
2026-02-06 05:51:00+00:00,25587.75,25594.25,25587.5,25590.7,0
2026-02-06 05:52:00+00:00,25590.05,25595.95,25588.05,25593.2,0
2026-02-06 05:53:00+00:00,25593.2,25597.55,25588.1,25588.65,0
2026-02-06 05:54:00+00:00,25589.1,25593.95,25584.35,25593.0,0
2026-02-06 05:55:00+00:00,25592.9,25598.2,25591.9,25595.65,0
2026-02-06 05:56:00+00:00,25595.65,25597.05,25592.5,25595.0,0
2026-02-06 05:57:00+00:00,25594.3,25596.95,25587.0,25591.35,0
2026-02-06 05:58:00+00:00,25591.15,25594.85,25587.7,25588.15,0
2026-02-06 05:59:00+00:00,25587.15,25592.3,25583.35,25588.55,0
2026-02-06 06:00:00+00:00,25588.5,25589.65,25582.95,25585.7,0
2026-02-06 06:01:00+00:00,25584.75,25589.5,25584.4,25587.8,0
2026-02-06 06:02:00+00:00,25587.6,25590.5,25584.7,25585.6,0
2026-02-06 06:03:00+00:00,25585.25,25592.15,25584.7,25590.65,0
2026-02-06 06:04:00+00:00,25591.4,25609.8,25591.2,25607.8,0
2026-02-06 06:05:00+00:00,25607.8,25608.7,25600.2,25600.5,0
2026-02-06 06:06:00+00:00,25600.75,25611.15,25599.85,25608.65,0
2026-02-06 06:07:00+00:00,25608.7,25615.6,25608.2,25614.55,0
2026-02-06 06:08:00+00:00,25614.2,25629.0,25614.2,25629.0,0
2026-02-06 06:09:00+00:00,25629.3,25631.65,25620.2,25627.85,0
2026-02-06 06:10:00+00:00,25627.6,25635.5,25625.65,25632.95,0
2026-02-06 06:11:00+00:00,25633.25,25644.5,25632.25,25637.55,0
2026-02-06 06:12:00+00:00,25636.9,25641.6,25635.6,25637.55,0
2026-02-06 06:13:00+00:00,25636.75,25637.5,25629.85,25634.35,0
2026-02-06 06:14:00+00:00,25633.6,25634.9,25623.45,25623.8,0
2026-02-06 06:15:00+00:00,25623.85,25623.85,25613.2,25614.5,0
2026-02-06 06:16:00+00:00,25615.3,25627.9,25614.8,25627.45,0
2026-02-06 06:17:00+00:00,25626.15,25635.65,25626.15,25633.15,0
2026-02-06 06:18:00+00:00,25632.85,25633.5,25629.0,25631.75,0
2026-02-06 06:19:00+00:00,25631.25,25641.8,25629.5,25636.85,0
2026-02-06 06:20:00+00:00,25636.65,25638.0,25632.6,25638.0,0
2026-02-06 06:21:00+00:00,25637.9,25639.55,25629.5,25631.2,0
2026-02-06 06:22:00+00:00,25630.85,25632.95,25626.45,25627.25,0
2026-02-06 06:23:00+00:00,25626.55,25626.85,25620.75,25626.8,0
2026-02-06 06:24:00+00:00,25626.9,25628.6,25622.0,25625.65,0
2026-02-06 06:25:00+00:00,25625.5,25631.55,25625.05,25627.75,0
2026-02-06 06:26:00+00:00,25627.5,25628.6,25618.1,25618.45,0
2026-02-06 06:27:00+00:00,25618.45,25624.95,25616.65,25622.85,0
2026-02-06 06:28:00+00:00,25623.8,25629.5,25619.1,25628.7,0
2026-02-06 06:29:00+00:00,25629.0,25632.55,25626.0,25632.25,0
2026-02-06 06:30:00+00:00,25631.35,25649.35,25631.35,25648.35,0
2026-02-06 06:31:00+00:00,25647.45,25657.9,25646.7,25648.0,0
2026-02-06 06:32:00+00:00,25647.2,25647.35,25631.75,25634.75,0
2026-02-06 06:33:00+00:00,25634.9,25636.2,25626.8,25628.4,0
2026-02-06 06:34:00+00:00,25628.3,25629.7,25620.8,25621.25,0
2026-02-06 06:35:00+00:00,25621.15,25621.3,25605.85,25606.2,0
2026-02-06 06:36:00+00:00,25606.45,25608.3,25598.45,25598.45,0
2026-02-06 06:37:00+00:00,25598.6,25601.75,25594.75,25599.5,0
2026-02-06 06:38:00+00:00,25599.3,25599.3,25594.15,25597.0,0
2026-02-06 06:39:00+00:00,25597.1,25598.5,25592.6,25593.95,0
2026-02-06 06:40:00+00:00,25593.45,25594.5,25588.45,25593.15,0
2026-02-06 06:41:00+00:00,25593.35,25595.95,25591.6,25593.65,0
2026-02-06 06:42:00+00:00,25594.0,25596.85,25591.3,25595.65,0
2026-02-06 06:43:00+00:00,25596.05,25606.45,25596.05,25606.15,0
2026-02-06 06:44:00+00:00,25604.6,25611.65,25604.0,25611.05,0
2026-02-06 06:45:00+00:00,25611.7,25614.35,25601.4,25601.4,0
2026-02-06 06:46:00+00:00,25602.0,25603.7,25596.5,25596.5,0
2026-02-06 06:47:00+00:00,25596.5,25600.45,25592.7,25592.7,0
2026-02-06 06:48:00+00:00,25592.45,25602.75,25592.0,25601.6,0
2026-02-06 06:49:00+00:00,25601.45,25606.15,25599.45,25603.4,0
2026-02-06 06:50:00+00:00,25602.75,25602.75,25593.45,25593.45,0
2026-02-06 06:51:00+00:00,25594.05,25594.25,25580.65,25581.15,0
2026-02-06 06:52:00+00:00,25581.55,25582.35,25577.25,25577.95,0
2026-02-06 06:53:00+00:00,25578.55,25582.15,25577.55,25578.1,0
2026-02-06 06:54:00+00:00,25578.15,25578.95,25570.3,25570.3,0
2026-02-06 06:55:00+00:00,25570.45,25571.85,25567.4,25567.6,0
2026-02-06 06:56:00+00:00,25567.5,25569.3,25561.35,25563.7,0
2026-02-06 06:57:00+00:00,25563.9,25579.1,25563.9,25573.2,0
2026-02-06 06:58:00+00:00,25573.05,25577.15,25569.7,25571.8,0
2026-02-06 06:59:00+00:00,25571.5,25575.5,25569.7,25573.75,0
2026-02-06 07:00:00+00:00,25573.25,25573.5,25562.05,25562.8,0
2026-02-06 07:01:00+00:00,25562.05,25565.85,25552.95,25553.2,0
2026-02-06 07:02:00+00:00,25553.55,25556.55,25550.1,25551.15,0
2026-02-06 07:03:00+00:00,25550.9,25553.65,25537.7,25538.3,0
2026-02-06 07:04:00+00:00,25538.4,25544.0,25536.7,25543.3,0
2026-02-06 07:05:00+00:00,25542.95,25554.15,25542.95,25548.05,0
2026-02-06 07:06:00+00:00,25548.65,25556.1,25548.4,25556.1,0
2026-02-06 07:07:00+00:00,25555.95,25562.6,25553.4,25554.75,0
2026-02-06 07:08:00+00:00,25553.65,25553.8,25547.35,25548.6,0
2026-02-06 07:09:00+00:00,25549.35,25555.85,25548.65,25552.25,0
2026-02-06 07:10:00+00:00,25552.4,25558.15,25549.4,25556.6,0
2026-02-06 07:11:00+00:00,25556.45,25556.85,25546.4,25548.65,0
2026-02-06 07:12:00+00:00,25549.5,25549.55,25540.3,25541.1,0
2026-02-06 07:13:00+00:00,25540.95,25544.25,25536.95,25540.9,0
2026-02-06 07:14:00+00:00,25541.3,25544.1,25537.4,25543.45,0
2026-02-06 07:15:00+00:00,25542.8,25550.4,25537.5,25549.3,0
2026-02-06 07:16:00+00:00,25549.8,25565.0,25549.15,25563.25,0
2026-02-06 07:17:00+00:00,25562.5,25570.35,25562.5,25566.2,0
2026-02-06 07:18:00+00:00,25566.95,25567.8,25551.15,25551.15,0
2026-02-06 07:19:00+00:00,25550.55,25550.55,25542.0,25542.05,0
2026-02-06 07:20:00+00:00,25541.35,25547.85,25538.3,25541.7,0
2026-02-06 07:21:00+00:00,25542.7,25547.2,25541.15,25541.55,0
2026-02-06 07:22:00+00:00,25542.15,25547.0,25538.2,25547.0,0
2026-02-06 07:23:00+00:00,25546.7,25547.8,25541.1,25542.2,0
2026-02-06 07:24:00+00:00,25542.35,25544.45,25531.85,25532.0,0
2026-02-06 07:25:00+00:00,25532.3,25540.95,25527.5,25538.35,0
2026-02-06 07:26:00+00:00,25539.0,25539.0,25526.65,25526.95,0
2026-02-06 07:27:00+00:00,25527.4,25542.0,25527.0,25542.0,0
2026-02-06 07:28:00+00:00,25541.45,25555.3,25540.7,25554.85,0
2026-02-06 07:29:00+00:00,25554.6,25563.15,25553.5,25556.7,0
2026-02-06 07:30:00+00:00,25556.15,25557.8,25549.9,25550.95,0
2026-02-06 07:31:00+00:00,25551.9,25551.9,25541.5,25543.35,0
2026-02-06 07:32:00+00:00,25543.85,25544.75,25540.2,25541.3,0
2026-02-06 07:33:00+00:00,25540.95,25547.6,25540.95,25546.9,0
2026-02-06 07:34:00+00:00,25547.4,25557.2,25546.75,25557.15,0
2026-02-06 07:35:00+00:00,25557.6,25568.0,25557.4,25568.0,0
2026-02-06 07:36:00+00:00,25567.5,25572.55,25562.65,25571.95,0
2026-02-06 07:37:00+00:00,25572.95,25573.15,25561.9,25563.85,0
2026-02-06 07:38:00+00:00,25564.15,25566.8,25558.15,25558.75,0
2026-02-06 07:39:00+00:00,25558.05,25558.15,25545.3,25553.85,0
2026-02-06 07:40:00+00:00,25554.3,25562.55,25553.25,25561.55,0
2026-02-06 07:41:00+00:00,25561.55,25565.55,25557.65,25560.0,0
2026-02-06 07:42:00+00:00,25559.15,25561.8,25554.0,25560.8,0
2026-02-06 07:43:00+00:00,25561.5,25562.0,25553.95,25556.45,0
2026-02-06 07:44:00+00:00,25555.55,25563.25,25555.55,25561.45,0
2026-02-06 07:45:00+00:00,25562.1,25571.35,25561.45,25569.25,0
2026-02-06 07:46:00+00:00,25569.2,25573.65,25565.95,25565.95,0
2026-02-06 07:47:00+00:00,25566.05,25568.95,25562.6,25562.9,0
2026-02-06 07:48:00+00:00,25562.15,25568.5,25559.7,25565.9,0
2026-02-06 07:49:00+00:00,25565.05,25571.75,25563.65,25569.65,0
2026-02-06 07:50:00+00:00,25569.15,25570.75,25562.75,25563.2,0
2026-02-06 07:51:00+00:00,25563.1,25567.75,25562.85,25567.1,0
2026-02-06 07:52:00+00:00,25566.05,25567.75,25563.3,25565.0,0
2026-02-06 07:53:00+00:00,25565.0,25571.65,25564.5,25571.65,0
2026-02-06 07:54:00+00:00,25571.6,25576.65,25567.85,25569.4,0
2026-02-06 07:55:00+00:00,25570.5,25571.4,25567.65,25570.05,0
2026-02-06 07:56:00+00:00,25569.8,25572.7,25567.95,25571.25,0
2026-02-06 07:57:00+00:00,25571.2,25574.65,25568.8,25569.65,0
2026-02-06 07:58:00+00:00,25570.15,25573.2,25567.25,25567.25,0
2026-02-06 07:59:00+00:00,25566.6,25570.4,25563.9,25569.0,0
2026-02-06 08:00:00+00:00,25569.4,25576.45,25567.85,25570.6,0
2026-02-06 08:01:00+00:00,25570.45,25572.7,25564.05,25564.05,0
2026-02-06 08:02:00+00:00,25564.3,25564.3,25552.05,25552.8,0
2026-02-06 08:03:00+00:00,25552.65,25559.5,25549.1,25557.85,0
2026-02-06 08:04:00+00:00,25559.2,25566.25,25558.4,25562.85,0
2026-02-06 08:05:00+00:00,25563.55,25569.05,25560.95,25568.5,0
2026-02-06 08:06:00+00:00,25568.15,25577.1,25566.45,25575.35,0
2026-02-06 08:07:00+00:00,25574.9,25581.95,25573.55,25580.4,0
2026-02-06 08:08:00+00:00,25580.5,25589.8,25580.15,25588.4,0
2026-02-06 08:09:00+00:00,25588.2,25589.2,25583.8,25585.85,0
2026-02-06 08:10:00+00:00,25586.6,25598.75,25585.55,25597.6,0
2026-02-06 08:11:00+00:00,25596.85,25597.75,25589.45,25590.45,0
2026-02-06 08:12:00+00:00,25590.8,25595.95,25584.9,25584.9,0
2026-02-06 08:13:00+00:00,25583.95,25585.55,25577.45,25577.8,0
2026-02-06 08:14:00+00:00,25577.6,25580.85,25575.7,25578.45,0
2026-02-06 08:15:00+00:00,25578.3,25580.6,25575.0,25577.25,0
2026-02-06 08:16:00+00:00,25577.45,25580.6,25575.75,25577.8,0
2026-02-06 08:17:00+00:00,25577.65,25580.45,25573.8,25574.05,0
2026-02-06 08:18:00+00:00,25575.05,25583.85,25572.05,25582.65,0
2026-02-06 08:19:00+00:00,25582.4,25592.65,25582.4,25588.75,0
2026-02-06 08:20:00+00:00,25588.9,25594.15,25587.15,25593.7,0
2026-02-06 08:21:00+00:00,25592.95,25604.1,25592.95,25602.6,0
2026-02-06 08:22:00+00:00,25602.55,25614.6,25601.2,25614.5,0
2026-02-06 08:23:00+00:00,25614.35,25619.85,25611.15,25611.65,0
2026-02-06 08:24:00+00:00,25611.4,25620.65,25611.05,25618.6,0
2026-02-06 08:25:00+00:00,25618.25,25622.95,25617.75,25622.95,0
2026-02-06 08:26:00+00:00,25622.65,25624.6,25620.95,25623.7,0
2026-02-06 08:27:00+00:00,25622.65,25626.1,25614.75,25615.5,0
2026-02-06 08:28:00+00:00,25615.55,25615.55,25602.0,25605.05,0
2026-02-06 08:29:00+00:00,25604.2,25618.95,25604.2,25617.6,0
2026-02-06 08:30:00+00:00,25617.4,25621.1,25616.05,25619.4,0
2026-02-06 08:31:00+00:00,25620.85,25633.3,25620.65,25631.15,0
2026-02-06 08:32:00+00:00,25630.1,25630.75,25624.5,25629.4,0
2026-02-06 08:33:00+00:00,25629.8,25632.3,25618.5,25618.5,0
2026-02-06 08:34:00+00:00,25618.55,25623.6,25615.75,25618.85,0
2026-02-06 08:35:00+00:00,25618.6,25624.15,25618.0,25622.3,0
2026-02-06 08:36:00+00:00,25622.9,25626.25,25619.1,25620.2,0
2026-02-06 08:37:00+00:00,25620.5,25628.15,25619.35,25627.05,0
2026-02-06 08:38:00+00:00,25627.05,25630.9,25627.05,25628.5,0
2026-02-06 08:39:00+00:00,25628.9,25629.5,25624.65,25625.3,0
2026-02-06 08:40:00+00:00,25625.5,25626.0,25612.35,25612.45,0
2026-02-06 08:41:00+00:00,25611.85,25612.7,25607.15,25609.25,0
2026-02-06 08:42:00+00:00,25609.45,25616.3,25607.45,25614.45,0
2026-02-06 08:43:00+00:00,25614.95,25618.3,25613.1,25613.6,0
2026-02-06 08:44:00+00:00,25613.75,25615.05,25611.5,25612.3,0
2026-02-06 08:45:00+00:00,25612.15,25618.5,25611.25,25618.0,0
2026-02-06 08:46:00+00:00,25617.3,25618.1,25606.65,25606.65,0
2026-02-06 08:47:00+00:00,25605.15,25607.95,25601.9,25607.1,0
2026-02-06 08:48:00+00:00,25607.1,25612.35,25606.1,25610.9,0
2026-02-06 08:49:00+00:00,25611.4,25622.2,25611.4,25619.7,0
2026-02-06 08:50:00+00:00,25620.35,25628.15,25619.7,25627.0,0
2026-02-06 08:51:00+00:00,25626.7,25630.65,25626.35,25626.35,0
2026-02-06 08:52:00+00:00,25626.7,25628.35,25619.4,25620.0,0
2026-02-06 08:53:00+00:00,25619.35,25620.4,25612.65,25614.05,0
2026-02-06 08:54:00+00:00,25613.75,25614.85,25603.75,25604.75,0
2026-02-06 08:55:00+00:00,25604.7,25612.75,25604.25,25611.9,0
2026-02-06 08:56:00+00:00,25611.5,25616.55,25606.9,25607.55,0
2026-02-06 08:57:00+00:00,25607.1,25611.7,25604.6,25610.15,0
2026-02-06 08:58:00+00:00,25610.4,25612.5,25609.25,25612.35,0
2026-02-06 08:59:00+00:00,25611.75,25617.45,25610.5,25610.9,0
2026-02-06 09:00:00+00:00,25611.1,25611.4,25606.5,25608.8,0
2026-02-06 09:01:00+00:00,25608.6,25618.75,25608.2,25618.65,0
2026-02-06 09:02:00+00:00,25618.65,25618.65,25610.3,25611.35,0
2026-02-06 09:03:00+00:00,25611.0,25611.85,25608.2,25610.85,0
2026-02-06 09:04:00+00:00,25611.15,25623.35,25611.1,25622.1,0
2026-02-06 09:05:00+00:00,25622.35,25626.3,25619.35,25621.3,0
2026-02-06 09:06:00+00:00,25621.3,25626.1,25620.9,25625.8,0
2026-02-06 09:07:00+00:00,25625.35,25630.05,25623.7,25629.45,0
2026-02-06 09:08:00+00:00,25629.25,25637.45,25628.5,25628.5,0
2026-02-06 09:09:00+00:00,25629.55,25632.4,25627.15,25631.55,0
2026-02-06 09:10:00+00:00,25632.1,25646.05,25631.7,25646.05,0
2026-02-06 09:11:00+00:00,25645.5,25648.4,25637.55,25639.7,0
2026-02-06 09:12:00+00:00,25639.95,25647.25,25639.95,25644.75,0
2026-02-06 09:13:00+00:00,25645.6,25652.4,25644.15,25650.0,0
2026-02-06 09:14:00+00:00,25649.65,25652.4,25648.55,25651.85,0
2026-02-06 09:15:00+00:00,25651.8,25660.7,25650.9,25659.3,0
2026-02-06 09:16:00+00:00,25658.95,25661.05,25645.5,25647.2,0
2026-02-06 09:17:00+00:00,25647.0,25648.1,25639.2,25639.95,0
2026-02-06 09:18:00+00:00,25640.2,25643.35,25636.9,25638.85,0
2026-02-06 09:19:00+00:00,25637.65,25638.75,25633.65,25636.6,0
2026-02-06 09:20:00+00:00,25636.9,25642.3,25636.1,25642.3,0
2026-02-06 09:21:00+00:00,25641.55,25647.95,25641.2,25641.8,0
2026-02-06 09:22:00+00:00,25642.15,25643.55,25635.5,25636.3,0
2026-02-06 09:23:00+00:00,25636.85,25650.4,25636.25,25648.25,0
2026-02-06 09:24:00+00:00,25647.35,25651.75,25646.9,25651.3,0
2026-02-06 09:25:00+00:00,25651.8,25661.1,25651.8,25659.1,0
2026-02-06 09:26:00+00:00,25659.05,25662.8,25656.9,25662.15,0
2026-02-06 09:27:00+00:00,25663.95,25670.55,25663.7,25666.6,0
2026-02-06 09:28:00+00:00,25666.3,25671.05,25663.1,25663.45,0
2026-02-06 09:29:00+00:00,25662.55,25671.85,25659.0,25670.3,0
2026-02-06 09:30:00+00:00,25671.2,25687.9,25671.2,25685.8,0
2026-02-06 09:31:00+00:00,25684.1,25688.25,25678.25,25687.35,0
2026-02-06 09:32:00+00:00,25686.1,25690.25,25682.55,25682.7,0
2026-02-06 09:33:00+00:00,25680.35,25682.65,25675.0,25682.4,0
2026-02-06 09:34:00+00:00,25680.05,25686.4,25680.05,25685.45,0
2026-02-06 09:35:00+00:00,25683.05,25690.6,25681.75,25688.5,0
2026-02-06 09:36:00+00:00,25687.2,25690.05,25682.4,25682.4,0
2026-02-06 09:37:00+00:00,25681.9,25699.4,25681.9,25697.4,0
2026-02-06 09:38:00+00:00,25696.15,25696.15,25686.75,25692.75,0
2026-02-06 09:39:00+00:00,25691.15,25693.65,25686.95,25692.55,0
2026-02-06 09:40:00+00:00,25690.45,25694.75,25687.3,25693.25,0
2026-02-06 09:41:00+00:00,25691.9,25700.0,25691.7,25698.25,0
2026-02-06 09:42:00+00:00,25695.95,25701.25,25692.0,25695.4,0
2026-02-06 09:43:00+00:00,25692.45,25703.8,25692.45,25701.2,0
2026-02-06 09:44:00+00:00,25700.45,25703.45,25695.35,25698.5,0
2026-02-06 09:45:00+00:00,25697.75,25698.2,25693.45,25696.0,0
2026-02-06 09:46:00+00:00,25695.6,25703.95,25695.3,25701.3,0
2026-02-06 09:47:00+00:00,25699.7,25701.65,25697.45,25700.55,0
2026-02-06 09:48:00+00:00,25699.95,25700.45,25694.0,25696.25,0
2026-02-06 09:49:00+00:00,25695.05,25697.7,25693.0,25695.2,0
2026-02-06 09:50:00+00:00,25693.55,25696.2,25692.95,25695.75,0
2026-02-06 09:51:00+00:00,25695.6,25698.4,25693.1,25696.4,0
2026-02-06 09:52:00+00:00,25695.75,25701.25,25695.6,25699.9,0
2026-02-06 09:53:00+00:00,25699.3,25701.5,25697.9,25699.6,0
2026-02-06 09:54:00+00:00,25698.8,25700.95,25695.8,25700.95,0
2026-02-06 09:55:00+00:00,25698.5,25700.05,25683.9,25688.35,0
2026-02-06 09:56:00+00:00,25687.75,25691.0,25685.9,25690.6,0
2026-02-06 09:57:00+00:00,25688.25,25688.85,25681.9,25681.9,0
2026-02-06 09:58:00+00:00,25683.6,25688.2,25680.0,25683.45,0
2026-02-06 09:59:00+00:00,25686.0,25686.0,25660.2,25673.6,0
2026-02-09 03:45:00+00:00,25888.7,25922.25,25795.95,25832.65,0
2026-02-09 03:46:00+00:00,25828.1,25841.45,25826.2,25830.2,0
2026-02-09 03:47:00+00:00,25827.95,25828.35,25810.9,25818.05,0
2026-02-09 03:48:00+00:00,25818.2,25822.2,25809.15,25811.05,0
2026-02-09 03:49:00+00:00,25807.5,25817.4,25804.3,25815.55,0
2026-02-09 03:50:00+00:00,25814.3,25818.55,25807.35,25811.9,0
2026-02-09 03:51:00+00:00,25810.65,25826.05,25807.5,25824.9,0
2026-02-09 03:52:00+00:00,25824.25,25824.25,25804.9,25808.75,0
2026-02-09 03:53:00+00:00,25808.8,25808.8,25793.3,25806.85,0
2026-02-09 03:54:00+00:00,25807.6,25822.1,25805.6,25821.85,0
2026-02-09 03:55:00+00:00,25821.2,25821.8,25814.55,25817.4,0
2026-02-09 03:56:00+00:00,25817.25,25818.85,25805.55,25808.25,0
2026-02-09 03:57:00+00:00,25807.8,25817.6,25801.75,25812.45,0
2026-02-09 03:58:00+00:00,25812.1,25818.45,25805.45,25817.65,0
2026-02-09 03:59:00+00:00,25816.6,25823.8,25813.4,25822.9,0
2026-02-09 04:00:00+00:00,25822.0,25832.75,25821.15,25830.65,0
2026-02-09 04:01:00+00:00,25831.05,25835.5,25820.1,25821.15,0
2026-02-09 04:02:00+00:00,25822.95,25823.7,25813.8,25817.2,0
2026-02-09 04:03:00+00:00,25815.95,25815.95,25801.45,25802.3,0
2026-02-09 04:04:00+00:00,25801.05,25802.7,25791.75,25802.2,0
2026-02-09 04:05:00+00:00,25802.55,25803.85,25796.65,25803.3,0
2026-02-09 04:06:00+00:00,25803.95,25807.15,25797.4,25798.1,0
2026-02-09 04:07:00+00:00,25797.55,25798.05,25789.85,25796.25,0
2026-02-09 04:08:00+00:00,25795.9,25797.75,25788.45,25788.8,0
2026-02-09 04:09:00+00:00,25788.15,25794.95,25781.65,25782.45,0
2026-02-09 04:10:00+00:00,25781.95,25791.35,25780.9,25791.35,0
2026-02-09 04:11:00+00:00,25791.7,25797.45,25784.4,25794.85,0
2026-02-09 04:12:00+00:00,25794.7,25803.95,25791.1,25803.7,0
2026-02-09 04:13:00+00:00,25802.65,25803.75,25791.25,25796.25,0
2026-02-09 04:14:00+00:00,25795.85,25798.3,25787.65,25793.05,0
2026-02-09 04:15:00+00:00,25792.9,25799.3,25790.35,25798.45,0
2026-02-09 04:16:00+00:00,25797.8,25805.85,25795.2,25804.0,0
2026-02-09 04:17:00+00:00,25805.45,25807.95,25802.65,25807.95,0
2026-02-09 04:18:00+00:00,25809.05,25815.15,25808.75,25810.8,0
2026-02-09 04:19:00+00:00,25811.2,25813.55,25805.05,25812.0,0
2026-02-09 04:20:00+00:00,25812.55,25819.2,25810.95,25815.9,0
2026-02-09 04:21:00+00:00,25816.1,25816.1,25806.65,25808.45,0
2026-02-09 04:22:00+00:00,25807.5,25815.9,25807.5,25811.9,0
2026-02-09 04:23:00+00:00,25812.15,25819.25,25810.8,25815.95,0
2026-02-09 04:24:00+00:00,25816.65,25817.25,25811.3,25812.8,0
2026-02-09 04:25:00+00:00,25812.85,25813.1,25808.8,25809.75,0
2026-02-09 04:26:00+00:00,25809.4,25811.65,25806.05,25810.6,0
2026-02-09 04:27:00+00:00,25810.55,25815.55,25809.5,25814.05,0
2026-02-09 04:28:00+00:00,25814.3,25815.95,25810.6,25812.2,0
2026-02-09 04:29:00+00:00,25811.85,25818.1,25811.85,25814.1,0
2026-02-09 04:30:00+00:00,25814.8,25824.85,25814.15,25823.6,0
2026-02-09 04:31:00+00:00,25823.25,25824.95,25820.45,25821.3,0
2026-02-09 04:32:00+00:00,25820.85,25823.45,25819.9,25822.5,0
2026-02-09 04:33:00+00:00,25823.2,25826.1,25820.85,25823.15,0
2026-02-09 04:34:00+00:00,25822.9,25824.75,25816.8,25824.75,0
2026-02-09 04:35:00+00:00,25824.1,25831.1,25822.5,25827.5,0
2026-02-09 04:36:00+00:00,25828.05,25828.05,25813.4,25815.15,0
2026-02-09 04:37:00+00:00,25814.85,25819.9,25814.45,25816.5,0
2026-02-09 04:38:00+00:00,25816.3,25817.65,25807.55,25808.9,0
2026-02-09 04:39:00+00:00,25808.6,25810.65,25803.55,25810.0,0
2026-02-09 04:40:00+00:00,25810.2,25812.65,25803.15,25809.35,0
2026-02-09 04:41:00+00:00,25808.6,25811.25,25803.85,25804.1,0
2026-02-09 04:42:00+00:00,25804.95,25805.2,25799.0,25799.45,0
2026-02-09 04:43:00+00:00,25800.2,25801.9,25797.2,25799.25,0
2026-02-09 04:44:00+00:00,25798.7,25802.5,25796.15,25801.6,0
2026-02-09 04:45:00+00:00,25800.1,25801.4,25794.0,25799.6,0
2026-02-09 04:46:00+00:00,25799.2,25806.7,25799.2,25805.75,0
2026-02-09 04:47:00+00:00,25806.3,25812.25,25803.9,25811.35,0
2026-02-09 04:48:00+00:00,25811.1,25815.65,25809.35,25813.15,0
2026-02-09 04:49:00+00:00,25812.95,25817.95,25812.9,25816.65,0
2026-02-09 04:50:00+00:00,25816.15,25822.75,25815.4,25820.5,0
2026-02-09 04:51:00+00:00,25820.05,25826.35,25819.65,25826.05,0
2026-02-09 04:52:00+00:00,25826.25,25829.95,25821.15,25822.5,0
2026-02-09 04:53:00+00:00,25822.6,25822.85,25809.05,25811.7,0
2026-02-09 04:54:00+00:00,25811.45,25819.95,25810.1,25817.85,0
2026-02-09 04:55:00+00:00,25818.1,25825.6,25817.15,25820.7,0
2026-02-09 04:56:00+00:00,25821.25,25821.95,25814.9,25818.6,0
2026-02-09 04:57:00+00:00,25818.6,25819.1,25810.6,25812.85,0
2026-02-09 04:58:00+00:00,25812.7,25817.6,25812.05,25815.75,0
2026-02-09 04:59:00+00:00,25815.7,25818.55,25810.45,25812.8,0
2026-02-09 05:00:00+00:00,25812.3,25818.2,25810.1,25818.2,0
2026-02-09 05:01:00+00:00,25815.95,25820.2,25813.95,25818.75,0
2026-02-09 05:02:00+00:00,25818.1,25828.1,25818.1,25826.3,0
2026-02-09 05:03:00+00:00,25826.2,25829.2,25823.55,25825.3,0
2026-02-09 05:04:00+00:00,25825.1,25827.2,25823.85,25826.25,0
2026-02-09 05:05:00+00:00,25824.9,25828.85,25823.6,25828.35,0
2026-02-09 05:06:00+00:00,25828.7,25833.0,25824.85,25832.55,0
2026-02-09 05:07:00+00:00,25832.55,25834.2,25829.05,25834.2,0
2026-02-09 05:08:00+00:00,25833.9,25843.35,25833.1,25842.5,0
2026-02-09 05:09:00+00:00,25844.7,25846.7,25840.25,25842.65,0
2026-02-09 05:10:00+00:00,25843.4,25849.65,25842.25,25847.05,0
2026-02-09 05:11:00+00:00,25847.45,25848.2,25842.05,25842.2,0
2026-02-09 05:12:00+00:00,25842.9,25845.65,25841.65,25844.3,0
2026-02-09 05:13:00+00:00,25844.65,25849.3,25842.65,25846.45,0
2026-02-09 05:14:00+00:00,25846.75,25852.35,25845.2,25852.35,0
2026-02-09 05:15:00+00:00,25852.8,25854.25,25847.7,25852.8,0
2026-02-09 05:16:00+00:00,25853.35,25854.05,25851.1,25851.75,0
2026-02-09 05:17:00+00:00,25852.7,25854.35,25851.15,25852.65,0
2026-02-09 05:18:00+00:00,25853.05,25859.75,25852.55,25856.65,0
2026-02-09 05:19:00+00:00,25856.7,25858.85,25844.5,25846.3,0
2026-02-09 05:20:00+00:00,25847.2,25856.0,25845.8,25854.8,0
2026-02-09 05:21:00+00:00,25854.0,25856.2,25852.75,25854.15,0
2026-02-09 05:22:00+00:00,25854.05,25854.55,25846.2,25847.3,0
2026-02-09 05:23:00+00:00,25847.4,25857.5,25846.4,25856.8,0
2026-02-09 05:24:00+00:00,25856.35,25861.1,25855.35,25860.15,0
2026-02-09 05:25:00+00:00,25859.5,25861.5,25856.0,25861.0,0
2026-02-09 05:26:00+00:00,25861.05,25864.15,25857.55,25859.3,0
2026-02-09 05:27:00+00:00,25860.2,25864.85,25860.1,25862.55,0
2026-02-09 05:28:00+00:00,25863.1,25864.1,25858.2,25860.3,0
2026-02-09 05:29:00+00:00,25860.45,25866.4,25859.65,25864.6,0
2026-02-09 05:30:00+00:00,25865.2,25870.05,25862.6,25863.45,0
2026-02-09 05:31:00+00:00,25863.05,25865.7,25860.9,25862.0,0
2026-02-09 05:32:00+00:00,25862.5,25863.75,25859.4,25860.7,0
2026-02-09 05:33:00+00:00,25860.2,25861.95,25858.65,25860.5,0
2026-02-09 05:34:00+00:00,25860.4,25861.3,25855.25,25856.45,0
2026-02-09 05:35:00+00:00,25856.4,25866.6,25856.1,25864.9,0
2026-02-09 05:36:00+00:00,25864.5,25864.9,25861.25,25862.35,0
2026-02-09 05:37:00+00:00,25862.45,25865.65,25861.0,25862.3,0
2026-02-09 05:38:00+00:00,25862.85,25863.4,25855.75,25856.3,0
2026-02-09 05:39:00+00:00,25856.35,25858.55,25853.45,25855.15,0
2026-02-09 05:40:00+00:00,25855.65,25863.55,25855.0,25861.85,0
2026-02-09 05:41:00+00:00,25863.15,25864.0,25856.3,25858.7,0
2026-02-09 05:42:00+00:00,25858.6,25861.05,25856.7,25860.05,0
2026-02-09 05:43:00+00:00,25859.7,25862.85,25858.95,25858.95,0
2026-02-09 05:44:00+00:00,25859.15,25860.3,25853.9,25857.95,0
2026-02-09 05:45:00+00:00,25858.15,25858.55,25852.3,25852.85,0
2026-02-09 05:46:00+00:00,25853.55,25857.35,25853.55,25856.4,0
2026-02-09 05:47:00+00:00,25856.1,25858.9,25851.75,25857.75,0
2026-02-09 05:48:00+00:00,25857.45,25860.05,25855.15,25859.25,0
2026-02-09 05:49:00+00:00,25859.55,25862.0,25858.35,25860.65,0
2026-02-09 05:50:00+00:00,25860.75,25864.85,25859.4,25859.8,0
2026-02-09 05:51:00+00:00,25858.45,25860.3,25854.15,25857.8,0
2026-02-09 05:52:00+00:00,25857.85,25862.55,25856.6,25861.5,0
2026-02-09 05:53:00+00:00,25861.35,25864.5,25858.9,25861.9,0
2026-02-09 05:54:00+00:00,25862.6,25865.35,25858.55,25863.55,0
2026-02-09 05:55:00+00:00,25863.3,25868.35,25862.15,25863.35,0
2026-02-09 05:56:00+00:00,25864.25,25864.85,25856.75,25859.8,0
2026-02-09 05:57:00+00:00,25860.4,25863.5,25858.35,25860.65,0
2026-02-09 05:58:00+00:00,25860.2,25861.75,25853.9,25858.75,0
2026-02-09 05:59:00+00:00,25858.2,25861.5,25854.7,25858.4,0
2026-02-09 06:00:00+00:00,25858.85,25860.05,25851.4,25851.4,0
2026-02-09 06:01:00+00:00,25851.4,25853.05,25845.8,25851.6,0
2026-02-09 06:02:00+00:00,25850.65,25852.4,25842.0,25842.9,0
2026-02-09 06:03:00+00:00,25843.1,25845.75,25842.05,25845.6,0
2026-02-09 06:04:00+00:00,25844.9,25849.6,25844.9,25848.4,0
2026-02-09 06:05:00+00:00,25849.05,25851.75,25846.8,25848.75,0
2026-02-09 06:06:00+00:00,25848.15,25849.65,25845.55,25848.0,0
2026-02-09 06:07:00+00:00,25848.2,25852.8,25845.8,25851.2,0
2026-02-09 06:08:00+00:00,25851.6,25859.5,25851.05,25858.05,0
2026-02-09 06:09:00+00:00,25858.1,25862.0,25857.75,25860.0,0
2026-02-09 06:10:00+00:00,25860.0,25862.4,25857.95,25860.45,0
2026-02-09 06:11:00+00:00,25860.7,25866.55,25857.15,25861.7,0
2026-02-09 06:12:00+00:00,25861.7,25863.35,25856.25,25856.25,0
2026-02-09 06:13:00+00:00,25856.65,25864.7,25854.25,25858.2,0
2026-02-09 06:14:00+00:00,25858.05,25859.15,25850.4,25851.0,0
2026-02-09 06:15:00+00:00,25850.45,25852.3,25844.65,25848.55,0
2026-02-09 06:16:00+00:00,25848.75,25849.7,25835.75,25842.15,0
2026-02-09 06:17:00+00:00,25842.75,25845.15,25840.4,25843.9,0
2026-02-09 06:18:00+00:00,25843.1,25849.55,25843.1,25845.1,0
2026-02-09 06:19:00+00:00,25845.65,25848.15,25843.15,25847.1,0
2026-02-09 06:20:00+00:00,25846.5,25847.8,25842.9,25843.45,0
2026-02-09 06:21:00+00:00,25843.3,25843.3,25836.35,25837.1,0
2026-02-09 06:22:00+00:00,25837.45,25841.7,25837.3,25838.85,0
2026-02-09 06:23:00+00:00,25838.55,25838.65,25832.4,25834.95,0
2026-02-09 06:24:00+00:00,25834.9,25837.7,25832.2,25832.2,0
2026-02-09 06:25:00+00:00,25832.05,25836.8,25831.95,25832.4,0
2026-02-09 06:26:00+00:00,25835.4,25835.4,25831.85,25832.8,0
2026-02-09 06:27:00+00:00,25832.45,25834.8,25830.5,25834.2,0
2026-02-09 06:28:00+00:00,25834.7,25837.5,25833.4,25836.55,0
2026-02-09 06:29:00+00:00,25836.7,25838.6,25834.05,25834.75,0
2026-02-09 06:30:00+00:00,25834.3,25840.45,25834.15,25837.05,0
2026-02-09 06:31:00+00:00,25836.2,25841.95,25835.45,25839.75,0
2026-02-09 06:32:00+00:00,25840.05,25841.55,25833.9,25836.65,0
2026-02-09 06:33:00+00:00,25836.8,25840.35,25836.45,25839.0,0
2026-02-09 06:34:00+00:00,25839.3,25842.9,25837.65,25842.7,0
2026-02-09 06:35:00+00:00,25842.65,25844.0,25840.3,25841.25,0
2026-02-09 06:36:00+00:00,25840.7,25843.5,25839.25,25841.5,0
2026-02-09 06:37:00+00:00,25841.2,25847.6,25841.2,25845.6,0
2026-02-09 06:38:00+00:00,25845.95,25848.95,25844.25,25847.9,0
2026-02-09 06:39:00+00:00,25848.7,25856.0,25847.8,25855.2,0
2026-02-09 06:40:00+00:00,25855.2,25856.75,25853.05,25854.15,0
2026-02-09 06:41:00+00:00,25854.2,25856.95,25853.15,25854.35,0
2026-02-09 06:42:00+00:00,25855.2,25861.15,25854.3,25858.05,0
2026-02-09 06:43:00+00:00,25858.15,25861.25,25850.7,25853.4,0
2026-02-09 06:44:00+00:00,25854.35,25856.95,25852.75,25856.25,0
2026-02-09 06:45:00+00:00,25856.6,25857.9,25853.75,25854.8,0
2026-02-09 06:46:00+00:00,25854.7,25856.35,25850.35,25853.4,0
2026-02-09 06:47:00+00:00,25853.15,25856.0,25850.0,25854.75,0
2026-02-09 06:48:00+00:00,25854.05,25856.2,25851.9,25854.3,0
2026-02-09 06:49:00+00:00,25854.3,25856.25,25851.5,25852.85,0
2026-02-09 06:50:00+00:00,25852.15,25857.55,25851.55,25857.45,0
2026-02-09 06:51:00+00:00,25857.4,25859.2,25855.15,25857.95,0
2026-02-09 06:52:00+00:00,25857.8,25860.85,25856.2,25857.15,0
2026-02-09 06:53:00+00:00,25857.2,25861.1,25856.75,25858.25,0
2026-02-09 06:54:00+00:00,25858.1,25860.6,25856.35,25858.5,0
2026-02-09 06:55:00+00:00,25858.95,25861.45,25857.55,25859.2,0
2026-02-09 06:56:00+00:00,25860.15,25860.3,25855.65,25856.45,0
2026-02-09 06:57:00+00:00,25856.05,25857.0,25853.15,25856.65,0
2026-02-09 06:58:00+00:00,25856.1,25857.15,25853.75,25855.4,0
2026-02-09 06:59:00+00:00,25855.3,25856.0,25848.5,25849.3,0
2026-02-09 07:00:00+00:00,25850.55,25850.9,25836.6,25837.0,0
2026-02-09 07:01:00+00:00,25838.95,25838.95,25831.55,25833.75,0
2026-02-09 07:02:00+00:00,25834.4,25837.2,25832.6,25836.3,0
2026-02-09 07:03:00+00:00,25836.7,25841.05,25834.5,25839.6,0
2026-02-09 07:04:00+00:00,25840.5,25841.4,25838.35,25839.65,0
2026-02-09 07:05:00+00:00,25841.55,25850.2,25840.15,25846.25,0
2026-02-09 07:06:00+00:00,25846.45,25848.2,25838.6,25841.75,0
2026-02-09 07:07:00+00:00,25842.35,25848.7,25839.7,25845.3,0
2026-02-09 07:08:00+00:00,25845.4,25845.95,25841.0,25841.2,0
2026-02-09 07:09:00+00:00,25841.2,25842.25,25836.45,25836.45,0
2026-02-09 07:10:00+00:00,25837.35,25840.8,25835.7,25837.55,0
2026-02-09 07:11:00+00:00,25838.4,25842.5,25836.65,25840.65,0
2026-02-09 07:12:00+00:00,25840.75,25841.05,25836.7,25838.0,0
2026-02-09 07:13:00+00:00,25838.35,25839.0,25833.0,25833.35,0
2026-02-09 07:14:00+00:00,25835.75,25837.85,25832.5,25835.95,0
2026-02-09 07:15:00+00:00,25836.0,25837.25,25832.6,25836.35,0
2026-02-09 07:16:00+00:00,25837.1,25839.8,25835.55,25838.5,0
2026-02-09 07:17:00+00:00,25838.25,25838.3,25833.45,25834.45,0
2026-02-09 07:18:00+00:00,25834.75,25836.05,25831.7,25831.7,0
2026-02-09 07:19:00+00:00,25832.1,25834.85,25830.15,25832.9,0
2026-02-09 07:20:00+00:00,25833.35,25837.45,25832.3,25835.05,0
2026-02-09 07:21:00+00:00,25835.6,25838.65,25833.8,25835.4,0
2026-02-09 07:22:00+00:00,25836.6,25838.0,25827.05,25827.25,0
2026-02-09 07:23:00+00:00,25829.8,25830.75,25823.1,25823.4,0
2026-02-09 07:24:00+00:00,25824.8,25826.9,25821.65,25822.35,0
2026-02-09 07:25:00+00:00,25822.8,25824.75,25819.95,25823.6,0
2026-02-09 07:26:00+00:00,25824.45,25826.25,25821.5,25823.55,0
2026-02-09 07:27:00+00:00,25824.45,25827.3,25823.05,25826.5,0
2026-02-09 07:28:00+00:00,25827.45,25833.8,25826.6,25832.15,0
2026-02-09 07:29:00+00:00,25832.8,25838.75,25831.8,25837.25,0
2026-02-09 07:30:00+00:00,25838.4,25841.85,25835.9,25840.75,0
2026-02-09 07:31:00+00:00,25840.9,25843.5,25839.5,25842.1,0
2026-02-09 07:32:00+00:00,25842.45,25846.1,25840.65,25844.25,0
2026-02-09 07:33:00+00:00,25845.1,25846.25,25841.65,25844.25,0
2026-02-09 07:34:00+00:00,25843.9,25845.25,25840.75,25843.25,0
2026-02-09 07:35:00+00:00,25844.55,25845.9,25842.95,25845.1,0
2026-02-09 07:36:00+00:00,25845.5,25846.0,25841.9,25843.55,0
2026-02-09 07:37:00+00:00,25844.6,25846.75,25842.1,25845.55,0
2026-02-09 07:38:00+00:00,25846.1,25852.35,25843.85,25851.15,0
2026-02-09 07:39:00+00:00,25851.7,25855.2,25850.9,25853.4,0
2026-02-09 07:40:00+00:00,25854.4,25860.3,25853.65,25858.25,0
2026-02-09 07:41:00+00:00,25859.1,25859.6,25851.65,25851.8,0
2026-02-09 07:42:00+00:00,25853.45,25854.3,25847.45,25849.1,0
2026-02-09 07:43:00+00:00,25850.25,25853.2,25847.95,25851.2,0
2026-02-09 07:44:00+00:00,25851.6,25852.5,25847.65,25849.95,0
2026-02-09 07:45:00+00:00,25850.75,25856.25,25850.25,25855.0,0
2026-02-09 07:46:00+00:00,25855.25,25858.0,25853.4,25856.0,0
2026-02-09 07:47:00+00:00,25856.2,25856.85,25851.8,25852.95,0
2026-02-09 07:48:00+00:00,25853.5,25858.4,25852.2,25857.0,0
2026-02-09 07:49:00+00:00,25857.75,25859.1,25856.0,25857.35,0
2026-02-09 07:50:00+00:00,25859.4,25860.0,25855.45,25855.45,0
2026-02-09 07:51:00+00:00,25857.15,25857.3,25848.9,25850.0,0
2026-02-09 07:52:00+00:00,25851.85,25851.85,25846.8,25850.75,0
2026-02-09 07:53:00+00:00,25851.1,25851.1,25845.2,25846.6,0
2026-02-09 07:54:00+00:00,25848.05,25848.7,25845.85,25846.3,0
2026-02-09 07:55:00+00:00,25847.25,25848.5,25842.0,25842.5,0
2026-02-09 07:56:00+00:00,25844.15,25845.75,25841.7,25844.5,0
2026-02-09 07:57:00+00:00,25846.4,25851.9,25844.3,25846.6,0
2026-02-09 07:58:00+00:00,25847.35,25847.75,25841.7,25841.7,0
2026-02-09 07:59:00+00:00,25843.45,25843.45,25836.85,25838.15,0
2026-02-09 08:00:00+00:00,25840.35,25844.1,25838.3,25844.1,0
2026-02-09 08:01:00+00:00,25844.65,25846.05,25842.15,25842.8,0
2026-02-09 08:02:00+00:00,25843.85,25843.85,25835.85,25842.35,0
2026-02-09 08:03:00+00:00,25842.85,25851.75,25841.7,25851.25,0
2026-02-09 08:04:00+00:00,25852.2,25852.95,25849.75,25849.85,0
2026-02-09 08:05:00+00:00,25851.8,25854.5,25849.95,25850.85,0
2026-02-09 08:06:00+00:00,25851.85,25854.3,25850.75,25852.85,0
2026-02-09 08:07:00+00:00,25854.3,25854.9,25851.05,25852.3,0
2026-02-09 08:08:00+00:00,25852.95,25854.0,25849.85,25852.7,0
2026-02-09 08:09:00+00:00,25853.45,25854.75,25849.6,25850.05,0
2026-02-09 08:10:00+00:00,25851.5,25855.65,25849.65,25852.85,0
2026-02-09 08:11:00+00:00,25854.65,25856.1,25852.4,25854.6,0
2026-02-09 08:12:00+00:00,25855.1,25855.3,25851.25,25851.75,0
2026-02-09 08:13:00+00:00,25852.8,25855.45,25851.25,25852.6,0
2026-02-09 08:14:00+00:00,25853.45,25854.65,25849.95,25853.3,0
2026-02-09 08:15:00+00:00,25854.05,25857.3,25852.35,25852.95,0
2026-02-09 08:16:00+00:00,25854.9,25854.9,25848.2,25850.0,0
2026-02-09 08:17:00+00:00,25850.9,25851.55,25847.4,25850.2,0
2026-02-09 08:18:00+00:00,25850.85,25853.75,25847.7,25848.1,0
2026-02-09 08:19:00+00:00,25850.15,25850.9,25846.0,25847.15,0
2026-02-09 08:20:00+00:00,25848.65,25848.85,25844.9,25847.0,0
2026-02-09 08:21:00+00:00,25848.85,25849.45,25843.1,25844.6,0
2026-02-09 08:22:00+00:00,25846.05,25848.5,25843.45,25846.8,0
2026-02-09 08:23:00+00:00,25847.15,25850.3,25845.5,25848.75,0
2026-02-09 08:24:00+00:00,25849.3,25850.95,25843.45,25846.65,0
2026-02-09 08:25:00+00:00,25846.9,25852.6,25844.6,25849.85,0
2026-02-09 08:26:00+00:00,25851.1,25852.75,25847.7,25851.65,0
2026-02-09 08:27:00+00:00,25852.7,25855.3,25850.65,25852.8,0
2026-02-09 08:28:00+00:00,25854.0,25854.25,25849.25,25850.25,0
2026-02-09 08:29:00+00:00,25851.35,25852.2,25843.75,25845.65,0
2026-02-09 08:30:00+00:00,25846.1,25850.0,25844.4,25848.25,0
2026-02-09 08:31:00+00:00,25849.85,25853.8,25847.9,25848.8,0
2026-02-09 08:32:00+00:00,25850.25,25851.5,25844.95,25849.05,0
2026-02-09 08:33:00+00:00,25851.65,25852.95,25841.0,25841.65,0
2026-02-09 08:34:00+00:00,25843.1,25845.0,25839.95,25842.35,0
2026-02-09 08:35:00+00:00,25843.95,25844.65,25837.35,25839.2,0
2026-02-09 08:36:00+00:00,25840.35,25844.45,25835.5,25843.5,0
2026-02-09 08:37:00+00:00,25843.85,25846.7,25841.75,25843.5,0
2026-02-09 08:38:00+00:00,25845.85,25846.5,25841.7,25842.4,0
2026-02-09 08:39:00+00:00,25843.8,25846.6,25840.1,25846.25,0
2026-02-09 08:40:00+00:00,25847.8,25850.0,25845.75,25847.9,0
2026-02-09 08:41:00+00:00,25848.6,25850.2,25846.2,25848.4,0
2026-02-09 08:42:00+00:00,25849.7,25852.75,25843.4,25844.1,0
2026-02-09 08:43:00+00:00,25846.55,25846.7,25842.2,25842.2,0
2026-02-09 08:44:00+00:00,25844.4,25846.3,25842.8,25844.4,0
2026-02-09 08:45:00+00:00,25845.25,25846.5,25842.2,25844.35,0
2026-02-09 08:46:00+00:00,25846.05,25850.2,25844.1,25849.2,0
2026-02-09 08:47:00+00:00,25849.75,25852.6,25844.5,25844.5,0
2026-02-09 08:48:00+00:00,25846.35,25847.75,25844.15,25845.95,0
2026-02-09 08:49:00+00:00,25846.85,25851.8,25845.2,25850.3,0
2026-02-09 08:50:00+00:00,25852.25,25854.65,25850.0,25853.55,0
2026-02-09 08:51:00+00:00,25854.7,25856.1,25851.6,25853.95,0
2026-02-09 08:52:00+00:00,25854.95,25859.05,25853.45,25858.75,0
2026-02-09 08:53:00+00:00,25859.85,25864.4,25856.85,25861.4,0
2026-02-09 08:54:00+00:00,25862.55,25864.05,25857.85,25858.55,0
2026-02-09 08:55:00+00:00,25860.0,25862.05,25856.65,25859.8,0
2026-02-09 08:56:00+00:00,25861.7,25862.95,25857.55,25858.2,0
2026-02-09 08:57:00+00:00,25859.1,25862.05,25854.95,25858.1,0
2026-02-09 08:58:00+00:00,25859.55,25860.95,25857.5,25858.95,0
2026-02-09 08:59:00+00:00,25860.05,25860.3,25856.8,25858.7,0
2026-02-09 09:00:00+00:00,25860.05,25861.0,25856.8,25856.8,0
2026-02-09 09:01:00+00:00,25858.0,25858.55,25852.95,25854.65,0
2026-02-09 09:02:00+00:00,25855.25,25855.95,25851.25,25853.05,0
2026-02-09 09:03:00+00:00,25853.55,25856.0,25849.45,25854.55,0
2026-02-09 09:04:00+00:00,25855.8,25857.3,25850.8,25852.35,0
2026-02-09 09:05:00+00:00,25852.4,25856.55,25851.55,25854.3,0
2026-02-09 09:06:00+00:00,25855.25,25856.65,25852.95,25854.9,0
2026-02-09 09:07:00+00:00,25856.6,25856.85,25851.25,25851.25,0
2026-02-09 09:08:00+00:00,25852.55,25852.55,25847.2,25850.75,0
2026-02-09 09:09:00+00:00,25851.2,25852.6,25848.4,25850.0,0
2026-02-09 09:10:00+00:00,25850.15,25851.15,25847.95,25848.05,0
2026-02-09 09:11:00+00:00,25848.9,25849.6,25840.4,25841.1,0
2026-02-09 09:12:00+00:00,25842.85,25845.55,25840.35,25843.85,0
2026-02-09 09:13:00+00:00,25845.05,25848.05,25843.2,25845.1,0
2026-02-09 09:14:00+00:00,25846.4,25846.55,25843.0,25843.8,0
2026-02-09 09:15:00+00:00,25844.95,25847.05,25843.1,25846.0,0
2026-02-09 09:16:00+00:00,25847.2,25847.95,25844.55,25846.4,0
2026-02-09 09:17:00+00:00,25847.5,25851.3,25845.9,25850.0,0
2026-02-09 09:18:00+00:00,25851.2,25857.8,25850.8,25856.8,0
2026-02-09 09:19:00+00:00,25857.95,25858.2,25851.25,25851.55,0
2026-02-09 09:20:00+00:00,25853.05,25856.6,25851.8,25855.25,0
2026-02-09 09:21:00+00:00,25856.5,25858.15,25851.4,25852.3,0
2026-02-09 09:22:00+00:00,25853.2,25855.95,25848.8,25848.8,0
2026-02-09 09:23:00+00:00,25850.7,25851.0,25836.25,25842.25,0
2026-02-09 09:24:00+00:00,25843.9,25851.0,25841.85,25848.5,0
2026-02-09 09:25:00+00:00,25850.25,25854.25,25849.45,25850.3,0
2026-02-09 09:26:00+00:00,25851.4,25855.3,25848.35,25853.85,0
2026-02-09 09:27:00+00:00,25855.15,25860.1,25854.45,25859.55,0
2026-02-09 09:28:00+00:00,25861.3,25861.3,25854.25,25856.3,0
2026-02-09 09:29:00+00:00,25857.25,25859.25,25854.95,25858.05,0
2026-02-09 09:30:00+00:00,25860.5,25865.25,25859.35,25861.7,0
2026-02-09 09:31:00+00:00,25863.4,25867.1,25860.75,25866.25,0
2026-02-09 09:32:00+00:00,25866.85,25868.15,25861.7,25862.05,0
2026-02-09 09:33:00+00:00,25862.85,25865.85,25860.25,25865.4,0
2026-02-09 09:34:00+00:00,25866.2,25869.85,25864.65,25868.85,0
2026-02-09 09:35:00+00:00,25869.45,25871.9,25867.75,25870.45,0
2026-02-09 09:36:00+00:00,25870.7,25875.4,25869.65,25871.9,0
2026-02-09 09:37:00+00:00,25872.3,25874.15,25867.95,25871.65,0
2026-02-09 09:38:00+00:00,25872.35,25872.75,25867.55,25870.45,0
2026-02-09 09:39:00+00:00,25871.7,25873.3,25869.85,25870.25,0
2026-02-09 09:40:00+00:00,25870.85,25875.85,25869.0,25870.1,0
2026-02-09 09:41:00+00:00,25870.6,25870.95,25862.5,25864.05,0
2026-02-09 09:42:00+00:00,25864.5,25866.15,25863.5,25863.65,0
2026-02-09 09:43:00+00:00,25864.45,25866.0,25863.05,25863.7,0
2026-02-09 09:44:00+00:00,25865.75,25867.85,25863.8,25866.3,0
2026-02-09 09:45:00+00:00,25866.55,25867.7,25863.85,25867.55,0
2026-02-09 09:46:00+00:00,25867.0,25868.5,25863.45,25867.75,0
2026-02-09 09:47:00+00:00,25867.55,25870.1,25866.6,25869.5,0
2026-02-09 09:48:00+00:00,25869.15,25870.25,25865.0,25867.15,0
2026-02-09 09:49:00+00:00,25866.75,25869.15,25865.8,25868.65,0
2026-02-09 09:50:00+00:00,25869.55,25870.05,25866.55,25869.85,0
2026-02-09 09:51:00+00:00,25869.15,25870.55,25865.6,25868.1,0
2026-02-09 09:52:00+00:00,25869.1,25870.4,25865.85,25868.65,0
2026-02-09 09:53:00+00:00,25868.95,25869.65,25865.6,25868.5,0
2026-02-09 09:54:00+00:00,25867.35,25869.5,25861.15,25864.0,0
2026-02-09 09:55:00+00:00,25864.85,25866.65,25857.75,25859.65,0
2026-02-09 09:56:00+00:00,25861.2,25864.65,25859.0,25861.7,0
2026-02-09 09:57:00+00:00,25862.45,25870.1,25859.7,25866.85,0
2026-02-09 09:58:00+00:00,25866.2,25868.6,25861.45,25867.35,0
2026-02-09 09:59:00+00:00,25866.85,25867.45,25856.85,25863.3,0
2026-02-10 03:45:00+00:00,25922.65,25928.2,25870.45,25910.1,0
2026-02-10 03:46:00+00:00,25909.85,25934.95,25906.4,25931.0,0
2026-02-10 03:47:00+00:00,25928.55,25932.05,25919.25,25919.25,0
2026-02-10 03:48:00+00:00,25918.55,25928.45,25918.55,25926.6,0
2026-02-10 03:49:00+00:00,25926.3,25930.0,25915.7,25918.05,0
2026-02-10 03:50:00+00:00,25918.1,25922.1,25909.5,25910.5,0
2026-02-10 03:51:00+00:00,25911.25,25911.25,25903.4,25905.25,0
2026-02-10 03:52:00+00:00,25905.65,25910.85,25904.15,25904.15,0
2026-02-10 03:53:00+00:00,25904.85,25905.05,25894.15,25904.1,0
2026-02-10 03:54:00+00:00,25903.7,25915.9,25903.5,25915.55,0
2026-02-10 03:55:00+00:00,25914.9,25915.1,25910.0,25912.1,0
2026-02-10 03:56:00+00:00,25912.15,25921.6,25907.7,25918.55,0
2026-02-10 03:57:00+00:00,25919.05,25921.2,25913.95,25918.1,0
2026-02-10 03:58:00+00:00,25919.0,25924.75,25917.45,25920.1,0
2026-02-10 03:59:00+00:00,25918.7,25920.2,25912.15,25917.6,0
2026-02-10 04:00:00+00:00,25918.2,25922.3,25916.85,25917.5,0
2026-02-10 04:01:00+00:00,25918.1,25921.5,25910.3,25911.4,0
2026-02-10 04:02:00+00:00,25912.0,25921.6,25909.65,25921.6,0
2026-02-10 04:03:00+00:00,25921.8,25936.55,25918.85,25936.55,0
2026-02-10 04:04:00+00:00,25936.1,25943.75,25935.4,25943.75,0
2026-02-10 04:05:00+00:00,25943.3,25949.0,25942.35,25947.55,0
2026-02-10 04:06:00+00:00,25946.8,25948.35,25943.4,25947.0,0
2026-02-10 04:07:00+00:00,25946.55,25946.55,25937.95,25940.3,0
2026-02-10 04:08:00+00:00,25940.2,25944.0,25938.15,25943.05,0
2026-02-10 04:09:00+00:00,25942.6,25943.5,25936.7,25941.05,0
2026-02-10 04:10:00+00:00,25941.15,25944.5,25939.8,25944.5,0
2026-02-10 04:11:00+00:00,25944.75,25949.05,25942.0,25948.5,0
2026-02-10 04:12:00+00:00,25948.8,25953.2,25945.25,25950.45,0
2026-02-10 04:13:00+00:00,25950.0,25951.35,25945.95,25949.05,0
2026-02-10 04:14:00+00:00,25948.45,25950.4,25946.6,25949.4,0
2026-02-10 04:15:00+00:00,25949.65,25952.3,25947.35,25949.7,0
2026-02-10 04:16:00+00:00,25949.45,25956.85,25947.95,25954.55,0
2026-02-10 04:17:00+00:00,25954.15,25959.9,25952.95,25959.5,0
2026-02-10 04:18:00+00:00,25959.0,25962.3,25956.45,25957.65,0
2026-02-10 04:19:00+00:00,25957.7,25959.8,25947.05,25948.2,0
2026-02-10 04:20:00+00:00,25948.15,25948.25,25941.2,25943.05,0
2026-02-10 04:21:00+00:00,25943.55,25950.8,25943.05,25950.6,0
2026-02-10 04:22:00+00:00,25951.0,25952.0,25948.4,25950.25,0
2026-02-10 04:23:00+00:00,25949.9,25950.2,25939.3,25942.0,0
2026-02-10 04:24:00+00:00,25940.6,25941.2,25929.95,25932.6,0
2026-02-10 04:25:00+00:00,25932.2,25936.8,25928.8,25936.8,0
2026-02-10 04:26:00+00:00,25936.6,25949.1,25935.2,25949.1,0
2026-02-10 04:27:00+00:00,25948.5,25949.45,25942.55,25944.65,0
2026-02-10 04:28:00+00:00,25943.95,25947.8,25942.35,25947.7,0
2026-02-10 04:29:00+00:00,25947.6,25951.05,25944.0,25949.5,0
2026-02-10 04:30:00+00:00,25948.7,25955.95,25948.7,25955.45,0
2026-02-10 04:31:00+00:00,25954.9,25955.85,25945.7,25946.6,0
2026-02-10 04:32:00+00:00,25946.5,25955.95,25943.95,25955.6,0
2026-02-10 04:33:00+00:00,25955.25,25958.45,25953.15,25956.85,0
2026-02-10 04:34:00+00:00,25956.0,25957.25,25953.75,25954.9,0
2026-02-10 04:35:00+00:00,25954.95,25957.7,25952.65,25954.5,0
2026-02-10 04:36:00+00:00,25954.3,25963.45,25952.15,25961.55,0
2026-02-10 04:37:00+00:00,25961.7,25965.7,25958.95,25959.85,0
2026-02-10 04:38:00+00:00,25959.55,25959.75,25951.7,25955.25,0
2026-02-10 04:39:00+00:00,25955.2,25955.2,25948.2,25952.0,0
2026-02-10 04:40:00+00:00,25951.6,25953.2,25948.7,25950.9,0
2026-02-10 04:41:00+00:00,25949.65,25949.95,25945.95,25947.7,0
2026-02-10 04:42:00+00:00,25947.1,25952.8,25940.25,25952.8,0
2026-02-10 04:43:00+00:00,25952.25,25953.75,25941.95,25945.8,0
2026-02-10 04:44:00+00:00,25944.85,25947.25,25941.3,25944.35,0
2026-02-10 04:45:00+00:00,25944.4,25953.0,25942.0,25952.75,0
2026-02-10 04:46:00+00:00,25952.8,25963.65,25952.05,25963.65,0
2026-02-10 04:47:00+00:00,25963.8,25964.95,25958.8,25962.25,0
2026-02-10 04:48:00+00:00,25961.4,25967.6,25961.35,25967.25,0
2026-02-10 04:49:00+00:00,25967.45,25971.85,25965.15,25966.0,0
2026-02-10 04:50:00+00:00,25965.7,25966.15,25959.05,25960.95,0
2026-02-10 04:51:00+00:00,25960.8,25964.8,25959.15,25960.2,0
2026-02-10 04:52:00+00:00,25960.4,25965.05,25958.8,25963.75,0
2026-02-10 04:53:00+00:00,25963.6,25964.35,25961.1,25963.75,0
2026-02-10 04:54:00+00:00,25963.3,25964.25,25958.75,25964.25,0
2026-02-10 04:55:00+00:00,25963.95,25966.3,25961.65,25966.15,0
2026-02-10 04:56:00+00:00,25965.8,25968.75,25964.3,25966.2,0
2026-02-10 04:57:00+00:00,25966.5,25968.0,25962.6,25964.1,0
2026-02-10 04:58:00+00:00,25963.7,25966.5,25961.75,25966.15,0
2026-02-10 04:59:00+00:00,25965.45,25965.95,25962.05,25963.4,0
2026-02-10 05:00:00+00:00,25963.5,25965.95,25962.05,25965.95,0
2026-02-10 05:01:00+00:00,25964.65,25970.9,25963.3,25966.45,0
2026-02-10 05:02:00+00:00,25966.55,25970.1,25964.8,25970.1,0
2026-02-10 05:03:00+00:00,25970.1,25976.15,25968.1,25976.05,0
2026-02-10 05:04:00+00:00,25975.3,25978.9,25973.95,25976.75,0
2026-02-10 05:05:00+00:00,25976.2,25978.15,25973.25,25974.45,0
2026-02-10 05:06:00+00:00,25973.95,25975.15,25971.25,25974.85,0
2026-02-10 05:07:00+00:00,25975.0,25976.7,25972.5,25976.1,0
2026-02-10 05:08:00+00:00,25975.7,25976.5,25968.4,25971.15,0
2026-02-10 05:09:00+00:00,25970.35,25974.25,25968.4,25969.15,0
2026-02-10 05:10:00+00:00,25969.7,25970.95,25958.4,25959.85,0
2026-02-10 05:11:00+00:00,25959.1,25960.45,25951.35,25957.55,0
2026-02-10 05:12:00+00:00,25958.35,25963.4,25957.65,25960.3,0
2026-02-10 05:13:00+00:00,25960.85,25961.5,25956.55,25960.4,0
2026-02-10 05:14:00+00:00,25961.15,25962.6,25956.9,25960.7,0
2026-02-10 05:15:00+00:00,25960.15,25964.0,25954.35,25961.65,0
2026-02-10 05:16:00+00:00,25961.75,25967.85,25960.5,25967.4,0
2026-02-10 05:17:00+00:00,25967.15,25971.7,25965.05,25971.7,0
2026-02-10 05:18:00+00:00,25971.25,25971.7,25967.4,25968.25,0
2026-02-10 05:19:00+00:00,25968.0,25968.0,25957.1,25959.4,0
2026-02-10 05:20:00+00:00,25960.0,25969.5,25958.5,25968.6,0
2026-02-10 05:21:00+00:00,25968.8,25969.3,25960.35,25960.55,0
2026-02-10 05:22:00+00:00,25960.65,25961.3,25955.95,25956.7,0
2026-02-10 05:23:00+00:00,25956.5,25960.15,25954.8,25958.65,0
2026-02-10 05:24:00+00:00,25959.7,25960.65,25956.55,25957.85,0
2026-02-10 05:25:00+00:00,25958.3,25961.0,25956.9,25960.05,0
2026-02-10 05:26:00+00:00,25960.0,25964.3,25958.4,25963.7,0
2026-02-10 05:27:00+00:00,25963.75,25963.75,25955.3,25958.65,0
2026-02-10 05:28:00+00:00,25958.0,25958.75,25955.4,25958.15,0
2026-02-10 05:29:00+00:00,25958.2,25963.25,25957.4,25959.6,0
2026-02-10 05:30:00+00:00,25959.3,25961.0,25955.1,25960.25,0
2026-02-10 05:31:00+00:00,25960.3,25963.95,25960.1,25963.4,0
2026-02-10 05:32:00+00:00,25962.9,25968.4,25962.0,25967.3,0
2026-02-10 05:33:00+00:00,25967.0,25969.3,25964.55,25966.8,0
2026-02-10 05:34:00+00:00,25966.15,25967.7,25962.45,25964.6,0
2026-02-10 05:35:00+00:00,25964.6,25967.4,25963.45,25965.35,0
2026-02-10 05:36:00+00:00,25965.7,25969.8,25964.4,25969.15,0
2026-02-10 05:37:00+00:00,25969.1,25969.9,25962.85,25966.0,0
2026-02-10 05:38:00+00:00,25965.75,25967.15,25964.35,25967.15,0
2026-02-10 05:39:00+00:00,25966.9,25966.9,25960.25,25961.9,0
2026-02-10 05:40:00+00:00,25961.55,25963.8,25959.15,25962.25,0
2026-02-10 05:41:00+00:00,25961.45,25962.55,25958.3,25962.35,0
2026-02-10 05:42:00+00:00,25962.65,25963.5,25955.75,25957.4,0
2026-02-10 05:43:00+00:00,25957.5,25961.2,25956.35,25960.15,0
2026-02-10 05:44:00+00:00,25960.35,25961.65,25957.15,25959.65,0
2026-02-10 05:45:00+00:00,25960.05,25964.4,25959.55,25962.85,0
2026-02-10 05:46:00+00:00,25962.7,25963.65,25960.75,25962.35,0
2026-02-10 05:47:00+00:00,25962.3,25962.35,25956.55,25959.05,0
2026-02-10 05:48:00+00:00,25959.95,25961.35,25956.55,25957.05,0
2026-02-10 05:49:00+00:00,25957.1,25959.55,25954.6,25959.15,0
2026-02-10 05:50:00+00:00,25959.25,25959.9,25956.05,25956.85,0
2026-02-10 05:51:00+00:00,25957.1,25960.35,25955.4,25958.65,0
2026-02-10 05:52:00+00:00,25958.9,25961.9,25956.95,25959.4,0
2026-02-10 05:53:00+00:00,25959.0,25959.0,25952.3,25953.8,0
2026-02-10 05:54:00+00:00,25954.15,25956.1,25951.3,25952.45,0
2026-02-10 05:55:00+00:00,25952.45,25953.4,25947.7,25950.9,0
2026-02-10 05:56:00+00:00,25950.6,25954.4,25947.3,25954.4,0
2026-02-10 05:57:00+00:00,25954.95,25959.65,25953.0,25957.2,0
2026-02-10 05:58:00+00:00,25956.95,25959.2,25954.75,25956.1,0
2026-02-10 05:59:00+00:00,25956.15,25957.75,25949.8,25954.05,0
2026-02-10 06:00:00+00:00,25953.95,25958.8,25952.9,25958.6,0
2026-02-10 06:01:00+00:00,25958.05,25959.3,25955.85,25958.7,0
2026-02-10 06:02:00+00:00,25959.05,25960.0,25956.4,25958.35,0
2026-02-10 06:03:00+00:00,25959.4,25961.2,25954.55,25956.05,0
2026-02-10 06:04:00+00:00,25955.2,25957.75,25954.0,25956.35,0
2026-02-10 06:05:00+00:00,25956.45,25960.95,25954.6,25958.35,0
2026-02-10 06:06:00+00:00,25958.75,25960.45,25948.3,25950.8,0
2026-02-10 06:07:00+00:00,25950.3,25950.6,25941.9,25943.6,0
2026-02-10 06:08:00+00:00,25942.95,25951.65,25942.45,25950.95,0
2026-02-10 06:09:00+00:00,25950.85,25954.55,25950.0,25953.3,0
2026-02-10 06:10:00+00:00,25953.45,25954.55,25951.1,25952.25,0
2026-02-10 06:11:00+00:00,25952.65,25954.5,25949.1,25951.45,0
2026-02-10 06:12:00+00:00,25950.35,25951.5,25945.55,25948.15,0
2026-02-10 06:13:00+00:00,25948.0,25951.9,25943.7,25950.35,0
2026-02-10 06:14:00+00:00,25950.45,25951.0,25947.35,25950.9,0
2026-02-10 06:15:00+00:00,25951.35,25952.45,25947.25,25951.15,0
2026-02-10 06:16:00+00:00,25950.85,25955.3,25950.45,25951.1,0
2026-02-10 06:17:00+00:00,25951.1,25951.45,25946.15,25946.15,0
2026-02-10 06:18:00+00:00,25946.3,25949.1,25943.95,25948.15,0
2026-02-10 06:19:00+00:00,25947.9,25950.75,25946.75,25949.3,0
2026-02-10 06:20:00+00:00,25949.05,25949.5,25944.95,25946.2,0
2026-02-10 06:21:00+00:00,25946.1,25947.4,25944.25,25945.8,0
2026-02-10 06:22:00+00:00,25946.0,25951.8,25945.35,25951.35,0
2026-02-10 06:23:00+00:00,25951.55,25958.85,25950.9,25958.85,0
2026-02-10 06:24:00+00:00,25958.9,25961.2,25957.6,25960.05,0
2026-02-10 06:25:00+00:00,25960.1,25960.1,25956.25,25956.6,0
2026-02-10 06:26:00+00:00,25956.3,25958.3,25952.7,25956.65,0
2026-02-10 06:27:00+00:00,25956.25,25958.35,25953.0,25957.65,0
2026-02-10 06:28:00+00:00,25957.35,25959.5,25955.05,25957.5,0
2026-02-10 06:29:00+00:00,25957.45,25963.7,25957.4,25961.75,0
2026-02-10 06:30:00+00:00,25961.9,25965.4,25959.9,25963.5,0
2026-02-10 06:31:00+00:00,25962.95,25963.4,25960.15,25961.8,0
2026-02-10 06:32:00+00:00,25961.65,25963.65,25958.15,25960.7,0
2026-02-10 06:33:00+00:00,25958.9,25962.8,25958.9,25961.85,0
2026-02-10 06:34:00+00:00,25959.15,25964.45,25958.45,25964.35,0
2026-02-10 06:35:00+00:00,25963.35,25963.95,25960.3,25960.6,0
2026-02-10 06:36:00+00:00,25960.4,25962.1,25955.65,25957.55,0
2026-02-10 06:37:00+00:00,25956.05,25959.15,25955.75,25957.55,0
2026-02-10 06:38:00+00:00,25956.65,25960.35,25956.3,25960.05,0
2026-02-10 06:39:00+00:00,25958.2,25958.6,25950.65,25954.4,0
2026-02-10 06:40:00+00:00,25953.95,25955.8,25952.25,25955.3,0
2026-02-10 06:41:00+00:00,25955.45,25956.0,25952.75,25955.6,0
2026-02-10 06:42:00+00:00,25954.3,25960.0,25954.3,25958.3,0
2026-02-10 06:43:00+00:00,25956.85,25964.15,25956.75,25963.45,0
2026-02-10 06:44:00+00:00,25961.05,25964.2,25960.85,25963.65,0
2026-02-10 06:45:00+00:00,25964.35,25964.55,25961.3,25962.6,0
2026-02-10 06:46:00+00:00,25962.25,25966.55,25960.9,25965.75,0
2026-02-10 06:47:00+00:00,25964.65,25969.55,25964.25,25969.3,0
2026-02-10 06:48:00+00:00,25967.15,25969.8,25966.25,25967.45,0
2026-02-10 06:49:00+00:00,25966.1,25968.35,25965.25,25968.0,0
2026-02-10 06:50:00+00:00,25967.55,25968.6,25962.85,25964.65,0
2026-02-10 06:51:00+00:00,25964.0,25965.3,25956.45,25958.45,0
2026-02-10 06:52:00+00:00,25956.75,25964.0,25956.75,25962.05,0
2026-02-10 06:53:00+00:00,25959.85,25962.7,25957.3,25960.35,0
2026-02-10 06:54:00+00:00,25958.0,25960.15,25956.0,25959.65,0
2026-02-10 06:55:00+00:00,25959.2,25959.8,25955.05,25957.2,0
2026-02-10 06:56:00+00:00,25956.65,25957.65,25952.65,25956.4,0
2026-02-10 06:57:00+00:00,25955.1,25958.55,25954.25,25955.85,0
2026-02-10 06:58:00+00:00,25955.15,25958.5,25954.45,25958.3,0
2026-02-10 06:59:00+00:00,25956.85,25958.95,25955.25,25956.8,0
2026-02-10 07:00:00+00:00,25956.4,25958.45,25954.0,25955.85,0
2026-02-10 07:01:00+00:00,25956.25,25957.75,25952.2,25957.75,0
2026-02-10 07:02:00+00:00,25956.55,25959.35,25954.55,25955.85,0
2026-02-10 07:03:00+00:00,25954.75,25958.05,25953.9,25956.15,0
2026-02-10 07:04:00+00:00,25954.25,25957.5,25954.15,25956.25,0
2026-02-10 07:05:00+00:00,25956.05,25957.75,25954.5,25955.8,0
2026-02-10 07:06:00+00:00,25955.65,25957.55,25952.8,25954.65,0
2026-02-10 07:07:00+00:00,25952.2,25956.6,25952.2,25954.1,0
2026-02-10 07:08:00+00:00,25952.8,25955.2,25951.0,25953.15,0
2026-02-10 07:09:00+00:00,25950.85,25957.95,25950.85,25957.95,0
2026-02-10 07:10:00+00:00,25958.0,25958.45,25955.5,25957.15,0
2026-02-10 07:11:00+00:00,25958.1,25960.35,25956.5,25960.25,0
2026-02-10 07:12:00+00:00,25959.0,25961.9,25958.65,25961.9,0
2026-02-10 07:13:00+00:00,25960.95,25961.75,25956.3,25961.15,0
2026-02-10 07:14:00+00:00,25960.5,25965.0,25960.05,25964.7,0
2026-02-10 07:15:00+00:00,25964.55,25970.0,25963.7,25970.0,0
2026-02-10 07:16:00+00:00,25969.8,25972.2,25968.05,25971.95,0
2026-02-10 07:17:00+00:00,25970.3,25975.05,25969.8,25974.8,0
2026-02-10 07:18:00+00:00,25973.35,25985.3,25972.15,25984.6,0
2026-02-10 07:19:00+00:00,25983.35,25984.9,25980.3,25984.15,0
2026-02-10 07:20:00+00:00,25983.15,25985.55,25982.15,25984.5,0
2026-02-10 07:21:00+00:00,25984.2,25989.35,25983.25,25987.85,0
2026-02-10 07:22:00+00:00,25987.4,25989.45,25981.8,25983.05,0
2026-02-10 07:23:00+00:00,25982.05,25983.6,25977.95,25980.3,0
2026-02-10 07:24:00+00:00,25978.25,25982.35,25977.05,25979.05,0
2026-02-10 07:25:00+00:00,25979.4,25981.35,25976.4,25978.25,0
2026-02-10 07:26:00+00:00,25980.65,25984.05,25976.15,25982.5,0
2026-02-10 07:27:00+00:00,25980.75,25983.4,25978.95,25982.35,0
2026-02-10 07:28:00+00:00,25980.7,25985.7,25979.6,25981.0,0
2026-02-10 07:29:00+00:00,25979.4,25981.1,25972.15,25973.45,0
2026-02-10 07:30:00+00:00,25972.45,25974.85,25962.2,25964.7,0
2026-02-10 07:31:00+00:00,25964.9,25968.0,25961.3,25961.9,0
2026-02-10 07:32:00+00:00,25961.6,25965.05,25956.8,25961.0,0
2026-02-10 07:33:00+00:00,25960.15,25961.9,25958.95,25961.9,0
2026-02-10 07:34:00+00:00,25959.75,25966.2,25959.5,25966.2,0
2026-02-10 07:35:00+00:00,25965.3,25971.1,25962.45,25971.05,0
2026-02-10 07:36:00+00:00,25971.25,25977.4,25970.15,25977.4,0
2026-02-10 07:37:00+00:00,25977.2,25978.75,25972.05,25974.15,0
2026-02-10 07:38:00+00:00,25973.5,25979.5,25973.5,25977.85,0
2026-02-10 07:39:00+00:00,25976.9,25981.0,25974.85,25978.75,0
2026-02-10 07:40:00+00:00,25978.7,25980.3,25970.8,25976.45,0
2026-02-10 07:41:00+00:00,25976.15,25977.8,25973.8,25975.35,0
2026-02-10 07:42:00+00:00,25975.75,25980.1,25975.75,25979.25,0
2026-02-10 07:43:00+00:00,25977.8,25979.85,25973.75,25977.35,0
2026-02-10 07:44:00+00:00,25974.8,25978.2,25974.8,25977.75,0
2026-02-10 07:45:00+00:00,25978.0,25981.45,25976.4,25980.6,0
2026-02-10 07:46:00+00:00,25980.5,25982.25,25976.0,25977.75,0
2026-02-10 07:47:00+00:00,25976.45,25976.75,25964.45,25965.95,0
2026-02-10 07:48:00+00:00,25964.65,25965.7,25957.3,25958.6,0
2026-02-10 07:49:00+00:00,25956.85,25956.85,25947.5,25948.4,0
2026-02-10 07:50:00+00:00,25948.6,25951.05,25946.05,25949.15,0
2026-02-10 07:51:00+00:00,25949.0,25951.25,25946.05,25948.25,0
2026-02-10 07:52:00+00:00,25946.85,25948.0,25934.9,25936.3,0
2026-02-10 07:53:00+00:00,25935.1,25936.65,25927.45,25933.25,0
2026-02-10 07:54:00+00:00,25931.65,25933.8,25928.85,25931.85,0
2026-02-10 07:55:00+00:00,25932.1,25939.8,25929.9,25939.6,0
2026-02-10 07:56:00+00:00,25939.5,25946.6,25937.85,25946.6,0
2026-02-10 07:57:00+00:00,25945.15,25951.95,25944.6,25951.65,0
2026-02-10 07:58:00+00:00,25949.85,25950.4,25946.1,25947.65,0
2026-02-10 07:59:00+00:00,25945.6,25947.85,25936.15,25938.1,0
2026-02-10 08:00:00+00:00,25935.05,25935.65,25919.3,25919.3,0
2026-02-10 08:01:00+00:00,25919.05,25919.1,25911.55,25913.15,0
2026-02-10 08:02:00+00:00,25912.0,25924.9,25908.85,25920.2,0
2026-02-10 08:03:00+00:00,25919.1,25922.6,25915.9,25922.2,0
2026-02-10 08:04:00+00:00,25920.55,25923.6,25919.45,25922.9,0
2026-02-10 08:05:00+00:00,25921.7,25922.9,25915.85,25917.85,0
2026-02-10 08:06:00+00:00,25918.3,25920.2,25916.4,25919.05,0
2026-02-10 08:07:00+00:00,25917.75,25923.5,25915.9,25916.55,0
2026-02-10 08:08:00+00:00,25915.85,25922.4,25915.4,25922.4,0
2026-02-10 08:09:00+00:00,25919.8,25924.85,25918.5,25924.85,0
2026-02-10 08:10:00+00:00,25922.75,25929.1,25922.5,25927.9,0
2026-02-10 08:11:00+00:00,25928.1,25929.3,25925.05,25925.8,0
2026-02-10 08:12:00+00:00,25924.05,25924.6,25920.65,25922.6,0
2026-02-10 08:13:00+00:00,25921.1,25924.9,25919.9,25924.6,0
2026-02-10 08:14:00+00:00,25922.9,25927.25,25922.15,25927.2,0
2026-02-10 08:15:00+00:00,25925.05,25932.25,25924.85,25932.05,0
2026-02-10 08:16:00+00:00,25931.4,25932.2,25926.75,25927.8,0
2026-02-10 08:17:00+00:00,25927.0,25927.0,25918.35,25921.1,0
2026-02-10 08:18:00+00:00,25919.35,25923.4,25916.5,25917.9,0
2026-02-10 08:19:00+00:00,25915.95,25921.9,25915.95,25921.9,0
2026-02-10 08:20:00+00:00,25920.6,25925.5,25920.3,25924.3,0
2026-02-10 08:21:00+00:00,25924.2,25932.6,25922.25,25932.2,0
2026-02-10 08:22:00+00:00,25931.05,25934.65,25929.65,25933.0,0
2026-02-10 08:23:00+00:00,25931.6,25935.3,25930.15,25931.9,0
2026-02-10 08:24:00+00:00,25930.6,25936.05,25930.3,25934.1,0
2026-02-10 08:25:00+00:00,25933.1,25934.4,25924.95,25926.85,0
2026-02-10 08:26:00+00:00,25925.9,25926.55,25914.85,25917.1,0
2026-02-10 08:27:00+00:00,25915.1,25921.0,25912.55,25915.45,0
2026-02-10 08:28:00+00:00,25913.55,25918.55,25913.4,25916.55,0
2026-02-10 08:29:00+00:00,25914.15,25915.7,25909.6,25910.85,0
2026-02-10 08:30:00+00:00,25910.35,25910.55,25903.3,25905.65,0
2026-02-10 08:31:00+00:00,25905.95,25906.75,25901.45,25903.1,0
2026-02-10 08:32:00+00:00,25901.0,25903.4,25894.65,25898.75,0
2026-02-10 08:33:00+00:00,25897.35,25898.4,25893.2,25896.3,0
2026-02-10 08:34:00+00:00,25894.65,25902.95,25894.15,25901.7,0
2026-02-10 08:35:00+00:00,25900.7,25908.8,25898.3,25908.8,0
2026-02-10 08:36:00+00:00,25908.5,25914.5,25905.75,25910.8,0
2026-02-10 08:37:00+00:00,25909.15,25921.3,25909.15,25919.9,0
2026-02-10 08:38:00+00:00,25918.95,25923.4,25911.25,25911.85,0
2026-02-10 08:39:00+00:00,25910.4,25915.65,25909.8,25911.75,0
2026-02-10 08:40:00+00:00,25909.65,25911.2,25906.15,25908.15,0
2026-02-10 08:41:00+00:00,25908.5,25908.5,25899.65,25901.85,0
2026-02-10 08:42:00+00:00,25900.2,25907.95,25900.2,25907.1,0
2026-02-10 08:43:00+00:00,25905.95,25912.2,25905.8,25912.2,0
2026-02-10 08:44:00+00:00,25911.35,25918.7,25909.8,25918.7,0
2026-02-10 08:45:00+00:00,25918.15,25924.65,25918.15,25924.65,0
2026-02-10 08:46:00+00:00,25924.7,25929.7,25923.7,25929.3,0
2026-02-10 08:47:00+00:00,25928.75,25938.15,25928.35,25937.8,0
2026-02-10 08:48:00+00:00,25937.2,25938.95,25935.85,25938.9,0
2026-02-10 08:49:00+00:00,25938.0,25943.0,25937.25,25943.0,0
2026-02-10 08:50:00+00:00,25941.85,25943.8,25929.15,25931.3,0
2026-02-10 08:51:00+00:00,25931.0,25933.5,25929.0,25932.65,0
2026-02-10 08:52:00+00:00,25932.55,25932.55,25926.3,25928.15,0
2026-02-10 08:53:00+00:00,25926.8,25929.3,25919.4,25923.5,0
2026-02-10 08:54:00+00:00,25921.7,25927.3,25921.7,25924.65,0
2026-02-10 08:55:00+00:00,25923.25,25926.05,25920.95,25926.05,0
2026-02-10 08:56:00+00:00,25926.1,25928.9,25924.45,25927.15,0
2026-02-10 08:57:00+00:00,25927.6,25927.6,25919.55,25920.7,0
2026-02-10 08:58:00+00:00,25919.85,25923.85,25915.85,25923.85,0
2026-02-10 08:59:00+00:00,25922.2,25924.6,25919.6,25921.3,0
2026-02-10 09:00:00+00:00,25919.15,25925.9,25919.15,25924.6,0
2026-02-10 09:01:00+00:00,25925.35,25925.35,25918.6,25921.3,0
2026-02-10 09:02:00+00:00,25921.0,25927.85,25919.3,25927.25,0
2026-02-10 09:03:00+00:00,25927.15,25929.0,25923.35,25926.15,0
2026-02-10 09:04:00+00:00,25924.15,25929.0,25922.55,25924.15,0
2026-02-10 09:05:00+00:00,25922.7,25926.35,25919.45,25926.35,0
2026-02-10 09:06:00+00:00,25925.95,25929.65,25924.45,25928.3,0
2026-02-10 09:07:00+00:00,25928.4,25930.6,25924.9,25927.45,0
2026-02-10 09:08:00+00:00,25926.3,25927.0,25918.45,25922.15,0
2026-02-10 09:09:00+00:00,25920.65,25922.85,25916.2,25916.85,0
2026-02-10 09:10:00+00:00,25915.3,25917.45,25912.1,25914.25,0
2026-02-10 09:11:00+00:00,25914.4,25915.45,25909.85,25911.8,0
2026-02-10 09:12:00+00:00,25912.15,25912.65,25907.6,25909.1,0
2026-02-10 09:13:00+00:00,25907.8,25907.9,25903.85,25906.2,0
2026-02-10 09:14:00+00:00,25904.85,25913.3,25904.85,25912.7,0
2026-02-10 09:15:00+00:00,25911.4,25924.55,25911.2,25923.75,0
2026-02-10 09:16:00+00:00,25923.6,25928.5,25921.0,25927.85,0
2026-02-10 09:17:00+00:00,25927.6,25931.8,25925.5,25926.9,0
2026-02-10 09:18:00+00:00,25928.9,25932.4,25922.55,25926.1,0
2026-02-10 09:19:00+00:00,25925.85,25929.25,25923.05,25928.7,0
2026-02-10 09:20:00+00:00,25927.75,25929.25,25925.5,25927.0,0
2026-02-10 09:21:00+00:00,25927.15,25932.45,25923.7,25932.45,0
2026-02-10 09:22:00+00:00,25931.85,25935.25,25929.75,25933.65,0
2026-02-10 09:23:00+00:00,25933.25,25937.85,25930.85,25934.35,0
2026-02-10 09:24:00+00:00,25933.65,25937.3,25931.6,25935.35,0
2026-02-10 09:25:00+00:00,25935.75,25936.8,25932.7,25933.8,0
2026-02-10 09:26:00+00:00,25933.55,25936.7,25930.9,25936.15,0
2026-02-10 09:27:00+00:00,25935.9,25939.85,25934.75,25938.2,0
2026-02-10 09:28:00+00:00,25938.0,25939.8,25936.75,25939.55,0
2026-02-10 09:29:00+00:00,25939.45,25944.4,25938.35,25941.45,0
2026-02-10 09:30:00+00:00,25943.0,25952.5,25939.95,25943.0,0
2026-02-10 09:31:00+00:00,25943.8,25964.9,25943.15,25964.1,0
2026-02-10 09:32:00+00:00,25965.0,25967.4,25951.45,25953.4,0
2026-02-10 09:33:00+00:00,25952.25,25953.6,25940.85,25951.7,0
2026-02-10 09:34:00+00:00,25951.75,25953.5,25948.3,25951.4,0
2026-02-10 09:35:00+00:00,25953.25,25957.6,25947.3,25950.65,0
2026-02-10 09:36:00+00:00,25951.3,25951.8,25931.35,25931.8,0
2026-02-10 09:37:00+00:00,25934.5,25945.55,25930.85,25942.45,0
2026-02-10 09:38:00+00:00,25943.7,25962.3,25942.7,25962.3,0
2026-02-10 09:39:00+00:00,25961.9,25963.25,25956.95,25958.1,0
2026-02-10 09:40:00+00:00,25958.85,25960.2,25939.55,25941.2,0
2026-02-10 09:41:00+00:00,25941.05,25942.35,25933.6,25942.35,0
2026-02-10 09:42:00+00:00,25943.05,25945.1,25936.25,25937.85,0
2026-02-10 09:43:00+00:00,25937.9,25937.9,25931.5,25933.8,0
2026-02-10 09:44:00+00:00,25933.8,25934.8,25931.65,25933.95,0
2026-02-10 09:45:00+00:00,25934.3,25934.3,25927.2,25927.75,0
2026-02-10 09:46:00+00:00,25929.05,25936.15,25925.35,25933.65,0
2026-02-10 09:47:00+00:00,25936.0,25937.05,25919.8,25920.8,0
2026-02-10 09:48:00+00:00,25922.75,25922.75,25914.55,25917.6,0
2026-02-10 09:49:00+00:00,25918.3,25921.65,25916.3,25919.3,0
2026-02-10 09:50:00+00:00,25919.15,25919.15,25914.1,25916.1,0
2026-02-10 09:51:00+00:00,25916.55,25917.55,25913.05,25915.95,0
2026-02-10 09:52:00+00:00,25916.9,25922.0,25914.0,25914.3,0
2026-02-10 09:53:00+00:00,25915.65,25916.05,25912.65,25914.4,0
2026-02-10 09:54:00+00:00,25914.75,25914.85,25909.75,25911.55,0
2026-02-10 09:55:00+00:00,25911.55,25913.45,25906.05,25910.9,0
2026-02-10 09:56:00+00:00,25911.2,25915.2,25907.6,25915.15,0
2026-02-10 09:57:00+00:00,25915.45,25919.25,25913.6,25915.8,0
2026-02-10 09:58:00+00:00,25911.45,25918.05,25910.15,25915.05,0
2026-02-10 09:59:00+00:00,25915.75,25918.6,25909.35,25916.8,0
2026-02-11 03:45:00+00:00,25997.45,26009.4,25942.45,25976.05,0
2026-02-11 03:46:00+00:00,25976.85,25985.05,25971.9,25983.25,0
2026-02-11 03:47:00+00:00,25981.1,25998.45,25981.1,25994.45,0
2026-02-11 03:48:00+00:00,25996.8,25999.9,25988.6,25994.6,0
2026-02-11 03:49:00+00:00,25994.65,25994.95,25982.05,25985.0,0
2026-02-11 03:50:00+00:00,25984.95,25988.6,25975.8,25977.85,0
2026-02-11 03:51:00+00:00,25978.9,25990.3,25978.9,25989.2,0
2026-02-11 03:52:00+00:00,25989.4,25993.2,25986.2,25987.55,0
2026-02-11 03:53:00+00:00,25987.35,25988.15,25982.15,25984.3,0
2026-02-11 03:54:00+00:00,25984.25,25986.7,25978.45,25980.7,0
2026-02-11 03:55:00+00:00,25980.85,25988.1,25975.6,25983.75,0
2026-02-11 03:56:00+00:00,25982.2,25986.9,25980.6,25982.15,0
2026-02-11 03:57:00+00:00,25982.15,25984.5,25978.25,25980.95,0
2026-02-11 03:58:00+00:00,25981.25,25982.5,25977.65,25981.3,0
2026-02-11 03:59:00+00:00,25981.45,25984.4,25979.2,25980.6,0
2026-02-11 04:00:00+00:00,25980.1,25984.55,25974.3,25977.2,0
2026-02-11 04:01:00+00:00,25975.9,25977.0,25970.8,25971.65,0
2026-02-11 04:02:00+00:00,25971.95,25973.55,25961.8,25966.85,0
2026-02-11 04:03:00+00:00,25965.75,25967.1,25955.15,25957.95,0
2026-02-11 04:04:00+00:00,25957.4,25961.0,25954.75,25955.35,0
2026-02-11 04:05:00+00:00,25955.15,25960.75,25952.05,25953.0,0
2026-02-11 04:06:00+00:00,25952.55,25953.85,25945.55,25950.35,0
2026-02-11 04:07:00+00:00,25950.8,25954.0,25947.35,25948.35,0
2026-02-11 04:08:00+00:00,25948.5,25948.8,25932.75,25941.6,0
2026-02-11 04:09:00+00:00,25941.75,25942.15,25932.15,25933.6,0
2026-02-11 04:10:00+00:00,25932.4,25934.8,25923.7,25924.0,0
2026-02-11 04:11:00+00:00,25924.45,25933.55,25923.5,25931.85,0
2026-02-11 04:12:00+00:00,25930.65,25936.0,25926.4,25931.5,0
2026-02-11 04:13:00+00:00,25932.6,25934.25,25928.6,25931.8,0
2026-02-11 04:14:00+00:00,25930.85,25939.4,25930.85,25937.85,0
2026-02-11 04:15:00+00:00,25937.8,25938.95,25933.6,25934.75,0
2026-02-11 04:16:00+00:00,25934.8,25945.25,25934.8,25939.9,0
2026-02-11 04:17:00+00:00,25939.6,25942.6,25935.45,25939.0,0
2026-02-11 04:18:00+00:00,25938.15,25943.4,25935.1,25935.45,0
2026-02-11 04:19:00+00:00,25935.95,25937.7,25929.85,25929.85,0
2026-02-11 04:20:00+00:00,25930.4,25933.9,25925.75,25927.9,0
2026-02-11 04:21:00+00:00,25928.0,25931.2,25926.8,25930.25,0
2026-02-11 04:22:00+00:00,25929.75,25934.25,25927.5,25933.2,0
2026-02-11 04:23:00+00:00,25933.7,25948.85,25933.05,25948.7,0
2026-02-11 04:24:00+00:00,25948.0,25952.7,25946.7,25950.1,0
2026-02-11 04:25:00+00:00,25949.05,25954.4,25948.6,25951.75,0
2026-02-11 04:26:00+00:00,25952.0,25955.95,25949.75,25951.45,0
2026-02-11 04:27:00+00:00,25951.4,25956.3,25950.35,25956.3,0
2026-02-11 04:28:00+00:00,25955.05,25956.0,25946.15,25948.05,0
2026-02-11 04:29:00+00:00,25948.05,25951.5,25943.05,25943.05,0
2026-02-11 04:30:00+00:00,25943.2,25943.4,25928.9,25929.65,0
2026-02-11 04:31:00+00:00,25929.95,25930.85,25922.9,25924.15,0
2026-02-11 04:32:00+00:00,25924.1,25924.1,25911.9,25919.15,0
2026-02-11 04:33:00+00:00,25919.55,25926.2,25915.8,25917.55,0
2026-02-11 04:34:00+00:00,25916.3,25922.6,25912.6,25915.8,0
2026-02-11 04:35:00+00:00,25914.35,25921.15,25913.65,25916.6,0
2026-02-11 04:36:00+00:00,25916.65,25921.1,25913.55,25914.9,0
2026-02-11 04:37:00+00:00,25914.7,25920.2,25914.7,25918.85,0
2026-02-11 04:38:00+00:00,25918.95,25926.95,25918.95,25922.75,0
2026-02-11 04:39:00+00:00,25922.2,25926.5,25919.55,25925.8,0
2026-02-11 04:40:00+00:00,25925.6,25938.55,25925.6,25933.55,0
2026-02-11 04:41:00+00:00,25934.45,25934.55,25924.55,25926.8,0
2026-02-11 04:42:00+00:00,25927.45,25928.3,25921.65,25921.8,0
2026-02-11 04:43:00+00:00,25921.3,25923.0,25909.85,25916.35,0
2026-02-11 04:44:00+00:00,25916.15,25919.05,25914.55,25917.9,0
2026-02-11 04:45:00+00:00,25918.05,25926.0,25916.9,25925.3,0
2026-02-11 04:46:00+00:00,25925.0,25934.1,25922.7,25933.95,0
2026-02-11 04:47:00+00:00,25934.5,25941.1,25933.75,25939.4,0
2026-02-11 04:48:00+00:00,25940.05,25948.5,25939.85,25948.5,0
2026-02-11 04:49:00+00:00,25948.7,25954.9,25948.6,25954.15,0
2026-02-11 04:50:00+00:00,25954.8,25956.1,25951.55,25953.85,0
2026-02-11 04:51:00+00:00,25953.4,25958.15,25951.55,25952.5,0
2026-02-11 04:52:00+00:00,25952.65,25955.4,25948.2,25955.4,0
2026-02-11 04:53:00+00:00,25955.55,25962.8,25954.95,25959.95,0
2026-02-11 04:54:00+00:00,25959.65,25962.6,25959.35,25961.65,0
2026-02-11 04:55:00+00:00,25961.05,25962.25,25957.35,25957.9,0
2026-02-11 04:56:00+00:00,25957.95,25963.55,25955.9,25958.2,0
2026-02-11 04:57:00+00:00,25958.35,25963.3,25956.5,25958.65,0
2026-02-11 04:58:00+00:00,25958.2,25962.85,25956.7,25960.25,0
2026-02-11 04:59:00+00:00,25961.8,25967.75,25961.8,25964.8,0
2026-02-11 05:00:00+00:00,25964.2,25969.3,25962.75,25968.1,0
2026-02-11 05:01:00+00:00,25968.15,25973.2,25967.35,25972.05,0
2026-02-11 05:02:00+00:00,25972.1,25973.15,25962.9,25970.25,0
2026-02-11 05:03:00+00:00,25968.65,25970.3,25964.8,25967.15,0
2026-02-11 05:04:00+00:00,25967.7,25968.85,25963.2,25964.2,0
2026-02-11 05:05:00+00:00,25963.95,25966.85,25958.2,25963.05,0
2026-02-11 05:06:00+00:00,25963.15,25968.35,25961.95,25966.1,0
2026-02-11 05:07:00+00:00,25965.9,25973.3,25965.05,25973.25,0
2026-02-11 05:08:00+00:00,25973.7,25978.45,25972.5,25976.3,0
2026-02-11 05:09:00+00:00,25976.0,25980.6,25975.4,25977.4,0
2026-02-11 05:10:00+00:00,25978.3,25979.3,25973.65,25977.15,0
2026-02-11 05:11:00+00:00,25976.85,25979.75,25973.25,25976.85,0
2026-02-11 05:12:00+00:00,25976.95,25981.3,25976.95,25977.9,0
2026-02-11 05:13:00+00:00,25977.55,25978.05,25970.75,25974.05,0
2026-02-11 05:14:00+00:00,25973.25,25975.8,25966.65,25969.05,0
2026-02-11 05:15:00+00:00,25968.0,25970.8,25964.8,25970.55,0
2026-02-11 05:16:00+00:00,25971.05,25971.8,25965.15,25969.35,0
2026-02-11 05:17:00+00:00,25969.6,25975.7,25967.05,25975.15,0
2026-02-11 05:18:00+00:00,25975.25,25976.1,25968.15,25968.15,0
2026-02-11 05:19:00+00:00,25969.1,25976.85,25969.1,25976.55,0
2026-02-11 05:20:00+00:00,25975.75,25977.9,25973.6,25975.15,0
2026-02-11 05:21:00+00:00,25974.8,25978.6,25972.55,25975.65,0
2026-02-11 05:22:00+00:00,25975.05,25976.9,25967.65,25971.5,0
2026-02-11 05:23:00+00:00,25970.9,25971.5,25963.4,25966.85,0
2026-02-11 05:24:00+00:00,25967.05,25969.45,25959.85,25960.9,0
2026-02-11 05:25:00+00:00,25960.7,25962.6,25957.65,25961.15,0
2026-02-11 05:26:00+00:00,25961.4,25964.7,25960.95,25961.85,0
2026-02-11 05:27:00+00:00,25961.3,25963.0,25958.65,25958.65,0
2026-02-11 05:28:00+00:00,25959.0,25960.5,25955.8,25959.8,0
2026-02-11 05:29:00+00:00,25959.9,25962.3,25959.6,25961.25,0
2026-02-11 05:30:00+00:00,25961.95,25963.25,25956.15,25960.2,0
2026-02-11 05:31:00+00:00,25960.45,25963.0,25955.0,25958.3,0
2026-02-11 05:32:00+00:00,25958.5,25962.45,25954.2,25956.3,0
2026-02-11 05:33:00+00:00,25956.65,25960.15,25955.45,25958.2,0
2026-02-11 05:34:00+00:00,25957.9,25966.65,25957.9,25966.65,0
2026-02-11 05:35:00+00:00,25966.75,25970.55,25966.75,25968.4,0
2026-02-11 05:36:00+00:00,25968.5,25971.65,25963.55,25965.1,0
2026-02-11 05:37:00+00:00,25964.3,25968.45,25952.05,25952.15,0
2026-02-11 05:38:00+00:00,25952.65,25953.4,25943.3,25944.2,0
2026-02-11 05:39:00+00:00,25944.2,25945.85,25938.9,25942.55,0
2026-02-11 05:40:00+00:00,25941.9,25952.15,25941.9,25946.45,0
2026-02-11 05:41:00+00:00,25947.5,25950.0,25942.6,25943.55,0
2026-02-11 05:42:00+00:00,25943.0,25947.5,25940.7,25947.3,0
2026-02-11 05:43:00+00:00,25947.2,25957.0,25945.5,25957.0,0
2026-02-11 05:44:00+00:00,25957.3,25959.3,25955.15,25956.95,0
2026-02-11 05:45:00+00:00,25957.4,25961.55,25953.75,25960.1,0
2026-02-11 05:46:00+00:00,25960.2,25967.9,25960.2,25965.35,0
2026-02-11 05:47:00+00:00,25964.65,25967.15,25961.45,25961.85,0
2026-02-11 05:48:00+00:00,25961.95,25965.55,25961.95,25963.5,0
2026-02-11 05:49:00+00:00,25963.45,25964.0,25953.6,25955.9,0
2026-02-11 05:50:00+00:00,25955.2,25959.7,25950.7,25951.85,0
2026-02-11 05:51:00+00:00,25951.45,25952.0,25947.4,25950.25,0
2026-02-11 05:52:00+00:00,25950.8,25953.5,25949.8,25952.65,0
2026-02-11 05:53:00+00:00,25953.25,25963.25,25952.2,25961.45,0
2026-02-11 05:54:00+00:00,25961.45,25963.6,25957.85,25959.9,0
2026-02-11 05:55:00+00:00,25960.25,25961.4,25957.65,25957.65,0
2026-02-11 05:56:00+00:00,25958.8,25961.45,25957.0,25960.0,0
2026-02-11 05:57:00+00:00,25960.2,25964.4,25959.95,25960.35,0
2026-02-11 05:58:00+00:00,25959.8,25964.6,25958.05,25963.6,0
2026-02-11 05:59:00+00:00,25962.9,25964.6,25955.5,25957.7,0
2026-02-11 06:00:00+00:00,25957.7,25958.8,25953.65,25957.25,0
2026-02-11 06:01:00+00:00,25957.8,25961.85,25957.45,25960.2,0
2026-02-11 06:02:00+00:00,25960.85,25966.7,25958.65,25966.25,0
2026-02-11 06:03:00+00:00,25965.75,25977.85,25965.75,25976.7,0
2026-02-11 06:04:00+00:00,25977.05,25977.55,25970.65,25972.25,0
2026-02-11 06:05:00+00:00,25972.6,25978.3,25972.2,25976.6,0
2026-02-11 06:06:00+00:00,25976.5,25979.05,25972.65,25972.65,0
2026-02-11 06:07:00+00:00,25974.1,25974.95,25970.3,25972.3,0
2026-02-11 06:08:00+00:00,25972.05,25974.3,25968.05,25968.95,0
2026-02-11 06:09:00+00:00,25969.7,25971.5,25967.25,25967.9,0
2026-02-11 06:10:00+00:00,25967.85,25970.3,25966.4,25967.05,0
2026-02-11 06:11:00+00:00,25967.05,25967.6,25961.75,25963.3,0
2026-02-11 06:12:00+00:00,25963.9,25968.05,25963.05,25963.05,0
2026-02-11 06:13:00+00:00,25963.5,25968.1,25963.45,25964.75,0
2026-02-11 06:14:00+00:00,25965.2,25966.55,25955.6,25956.15,0
2026-02-11 06:15:00+00:00,25956.45,25961.0,25956.3,25957.1,0
2026-02-11 06:16:00+00:00,25957.15,25961.05,25953.3,25957.8,0
2026-02-11 06:17:00+00:00,25958.3,25964.15,25957.8,25962.05,0
2026-02-11 06:18:00+00:00,25961.9,25963.2,25957.3,25960.35,0
2026-02-11 06:19:00+00:00,25960.75,25963.35,25956.85,25961.35,0
2026-02-11 06:20:00+00:00,25961.85,25963.75,25959.7,25960.85,0
2026-02-11 06:21:00+00:00,25961.6,25964.35,25960.15,25961.7,0
2026-02-11 06:22:00+00:00,25961.7,25964.3,25949.6,25952.7,0
2026-02-11 06:23:00+00:00,25952.7,25958.65,25951.5,25958.65,0
2026-02-11 06:24:00+00:00,25958.45,25962.85,25955.85,25958.05,0
2026-02-11 06:25:00+00:00,25958.65,25960.25,25951.75,25958.65,0
2026-02-11 06:26:00+00:00,25959.25,25961.7,25952.75,25960.7,0
2026-02-11 06:27:00+00:00,25962.9,25966.45,25959.2,25965.5,0
2026-02-11 06:28:00+00:00,25966.15,25969.35,25963.35,25963.8,0
2026-02-11 06:29:00+00:00,25963.75,25964.8,25945.5,25946.75,0
2026-02-11 06:30:00+00:00,25947.55,25956.8,25944.9,25950.1,0
2026-02-11 06:31:00+00:00,25950.75,25958.5,25950.65,25956.85,0
2026-02-11 06:32:00+00:00,25957.65,25960.9,25953.65,25960.35,0
2026-02-11 06:33:00+00:00,25959.95,25960.95,25954.35,25954.45,0
2026-02-11 06:34:00+00:00,25954.5,25958.55,25953.6,25955.7,0
2026-02-11 06:35:00+00:00,25955.9,25956.9,25950.05,25951.6,0
2026-02-11 06:36:00+00:00,25951.3,25955.35,25946.35,25947.5,0
2026-02-11 06:37:00+00:00,25948.1,25952.65,25945.45,25946.3,0
2026-02-11 06:38:00+00:00,25947.45,25949.65,25933.95,25940.05,0
2026-02-11 06:39:00+00:00,25939.2,25942.45,25936.85,25942.45,0
2026-02-11 06:40:00+00:00,25942.35,25953.15,25942.35,25952.55,0
2026-02-11 06:41:00+00:00,25951.8,25954.3,25948.75,25952.95,0
2026-02-11 06:42:00+00:00,25953.6,25960.05,25950.4,25957.9,0
2026-02-11 06:43:00+00:00,25957.6,25959.6,25954.95,25957.6,0
2026-02-11 06:44:00+00:00,25957.6,25959.8,25953.1,25953.95,0
2026-02-11 06:45:00+00:00,25954.45,25955.45,25951.2,25951.2,0
2026-02-11 06:46:00+00:00,25951.3,25951.3,25943.95,25947.45,0
2026-02-11 06:47:00+00:00,25947.55,25949.2,25941.4,25942.8,0
2026-02-11 06:48:00+00:00,25942.7,25945.15,25941.0,25942.95,0
2026-02-11 06:49:00+00:00,25943.6,25945.15,25940.0,25942.85,0
2026-02-11 06:50:00+00:00,25942.8,25944.95,25940.55,25942.1,0
2026-02-11 06:51:00+00:00,25941.55,25945.55,25939.3,25940.1,0
2026-02-11 06:52:00+00:00,25940.75,25942.75,25938.2,25940.2,0
2026-02-11 06:53:00+00:00,25939.5,25940.95,25936.05,25937.35,0
2026-02-11 06:54:00+00:00,25937.9,25939.5,25936.15,25937.65,0
2026-02-11 06:55:00+00:00,25938.1,25943.05,25936.8,25937.15,0
2026-02-11 06:56:00+00:00,25937.95,25940.75,25936.25,25937.25,0
2026-02-11 06:57:00+00:00,25936.75,25942.85,25935.8,25942.05,0
2026-02-11 06:58:00+00:00,25941.8,25942.65,25937.35,25939.4,0
2026-02-11 06:59:00+00:00,25939.2,25941.8,25938.2,25939.7,0
2026-02-11 07:00:00+00:00,25940.05,25942.65,25935.85,25941.85,0
2026-02-11 07:01:00+00:00,25942.15,25945.1,25942.1,25943.0,0
2026-02-11 07:02:00+00:00,25943.15,25944.6,25934.15,25935.9,0
2026-02-11 07:03:00+00:00,25936.3,25938.55,25932.9,25933.1,0
2026-02-11 07:04:00+00:00,25933.25,25934.55,25926.05,25926.25,0
2026-02-11 07:05:00+00:00,25926.8,25936.15,25926.4,25933.85,0
2026-02-11 07:06:00+00:00,25933.4,25934.65,25929.4,25930.75,0
2026-02-11 07:07:00+00:00,25930.95,25932.35,25919.75,25920.65,0
2026-02-11 07:08:00+00:00,25920.9,25922.5,25919.45,25921.85,0
2026-02-11 07:09:00+00:00,25921.1,25921.15,25914.8,25917.05,0
2026-02-11 07:10:00+00:00,25916.55,25918.3,25913.65,25917.05,0
2026-02-11 07:11:00+00:00,25916.85,25925.35,25916.85,25923.3,0
2026-02-11 07:12:00+00:00,25923.4,25924.95,25899.8,25902.45,0
2026-02-11 07:13:00+00:00,25902.85,25908.6,25902.3,25903.7,0
2026-02-11 07:14:00+00:00,25905.15,25911.35,25905.15,25911.2,0
2026-02-11 07:15:00+00:00,25911.2,25911.2,25903.25,25903.25,0
2026-02-11 07:16:00+00:00,25903.1,25907.35,25900.9,25904.6,0
2026-02-11 07:17:00+00:00,25905.2,25909.9,25904.1,25908.95,0
2026-02-11 07:18:00+00:00,25907.95,25917.65,25907.9,25911.2,0
2026-02-11 07:19:00+00:00,25910.85,25916.0,25907.75,25916.0,0
2026-02-11 07:20:00+00:00,25915.7,25924.75,25915.55,25923.9,0
2026-02-11 07:21:00+00:00,25923.6,25925.5,25917.3,25917.3,0
2026-02-11 07:22:00+00:00,25918.55,25919.4,25911.7,25915.0,0
2026-02-11 07:23:00+00:00,25914.85,25919.25,25911.65,25919.05,0
2026-02-11 07:24:00+00:00,25918.5,25927.4,25918.5,25926.2,0
2026-02-11 07:25:00+00:00,25925.9,25928.35,25920.05,25924.4,0
2026-02-11 07:26:00+00:00,25925.65,25927.95,25920.95,25926.4,0
2026-02-11 07:27:00+00:00,25927.65,25936.45,25925.2,25932.7,0
2026-02-11 07:28:00+00:00,25933.05,25935.7,25928.15,25931.1,0
2026-02-11 07:29:00+00:00,25931.9,25935.5,25925.5,25927.4,0
2026-02-11 07:30:00+00:00,25928.2,25928.2,25919.45,25923.1,0
2026-02-11 07:31:00+00:00,25922.6,25924.15,25911.4,25914.35,0
2026-02-11 07:32:00+00:00,25915.25,25916.6,25907.6,25909.15,0
2026-02-11 07:33:00+00:00,25908.95,25916.95,25907.9,25915.85,0
2026-02-11 07:34:00+00:00,25915.8,25916.2,25911.65,25914.25,0
2026-02-11 07:35:00+00:00,25913.35,25918.7,25912.9,25918.1,0
2026-02-11 07:36:00+00:00,25918.15,25925.1,25917.1,25925.0,0
2026-02-11 07:37:00+00:00,25924.75,25929.35,25923.65,25927.45,0
2026-02-11 07:38:00+00:00,25927.7,25929.6,25924.55,25925.95,0
2026-02-11 07:39:00+00:00,25925.55,25926.9,25923.3,25926.1,0
2026-02-11 07:40:00+00:00,25925.15,25927.2,25922.65,25925.6,0
2026-02-11 07:41:00+00:00,25925.85,25927.7,25921.5,25923.95,0
2026-02-11 07:42:00+00:00,25923.7,25929.65,25923.4,25929.35,0
2026-02-11 07:43:00+00:00,25928.9,25931.1,25923.1,25924.45,0
2026-02-11 07:44:00+00:00,25924.4,25924.95,25917.8,25923.75,0
2026-02-11 07:45:00+00:00,25923.95,25928.4,25922.4,25928.35,0
2026-02-11 07:46:00+00:00,25928.25,25928.85,25920.1,25922.55,0
2026-02-11 07:47:00+00:00,25922.7,25926.25,25921.8,25926.1,0
2026-02-11 07:48:00+00:00,25925.6,25926.95,25922.3,25926.7,0
2026-02-11 07:49:00+00:00,25926.35,25930.3,25926.25,25928.9,0
2026-02-11 07:50:00+00:00,25928.9,25937.15,25928.9,25937.15,0
2026-02-11 07:51:00+00:00,25937.6,25939.3,25935.65,25937.55,0
2026-02-11 07:52:00+00:00,25937.3,25938.5,25932.2,25932.8,0
2026-02-11 07:53:00+00:00,25934.35,25935.45,25926.5,25926.5,0
2026-02-11 07:54:00+00:00,25926.5,25931.25,25923.2,25931.25,0
2026-02-11 07:55:00+00:00,25931.7,25936.8,25931.7,25934.85,0
2026-02-11 07:56:00+00:00,25934.75,25935.7,25933.5,25934.5,0
2026-02-11 07:57:00+00:00,25934.45,25940.3,25934.45,25938.7,0
2026-02-11 07:58:00+00:00,25938.45,25943.3,25938.0,25942.3,0
2026-02-11 07:59:00+00:00,25942.95,25945.65,25941.85,25945.05,0
2026-02-11 08:00:00+00:00,25944.7,25951.0,25943.8,25946.3,0
2026-02-11 08:01:00+00:00,25946.8,25947.95,25944.15,25945.65,0
2026-02-11 08:02:00+00:00,25945.35,25945.4,25939.9,25944.9,0
2026-02-11 08:03:00+00:00,25944.2,25947.75,25942.8,25947.45,0
2026-02-11 08:04:00+00:00,25947.05,25952.1,25947.05,25949.2,0
2026-02-11 08:05:00+00:00,25949.65,25953.25,25948.35,25952.3,0
2026-02-11 08:06:00+00:00,25952.65,25952.7,25945.1,25947.0,0
2026-02-11 08:07:00+00:00,25947.0,25950.6,25945.85,25950.2,0
2026-02-11 08:08:00+00:00,25950.55,25958.65,25949.05,25956.2,0
2026-02-11 08:09:00+00:00,25956.45,25959.75,25955.7,25957.35,0
2026-02-11 08:10:00+00:00,25958.1,25960.95,25956.0,25960.85,0
2026-02-11 08:11:00+00:00,25960.3,25964.75,25959.8,25962.25,0
2026-02-11 08:12:00+00:00,25962.65,25968.6,25960.75,25968.6,0
2026-02-11 08:13:00+00:00,25968.6,25969.2,25961.95,25962.0,0
2026-02-11 08:14:00+00:00,25961.3,25963.2,25954.3,25955.35,0
2026-02-11 08:15:00+00:00,25955.1,25956.3,25949.2,25950.0,0
2026-02-11 08:16:00+00:00,25949.95,25955.85,25949.4,25953.5,0
2026-02-11 08:17:00+00:00,25954.05,25954.4,25944.6,25947.85,0
2026-02-11 08:18:00+00:00,25948.0,25950.05,25944.05,25947.15,0
2026-02-11 08:19:00+00:00,25946.4,25948.4,25939.0,25939.3,0
2026-02-11 08:20:00+00:00,25938.25,25940.2,25932.15,25933.45,0
2026-02-11 08:21:00+00:00,25934.1,25936.5,25927.75,25928.05,0
2026-02-11 08:22:00+00:00,25928.15,25933.7,25927.5,25933.2,0
2026-02-11 08:23:00+00:00,25933.2,25935.95,25931.4,25932.9,0
2026-02-11 08:24:00+00:00,25933.45,25934.85,25931.05,25932.05,0
2026-02-11 08:25:00+00:00,25931.65,25936.15,25931.4,25933.35,0
2026-02-11 08:26:00+00:00,25934.05,25936.8,25930.2,25936.45,0
2026-02-11 08:27:00+00:00,25936.45,25939.95,25935.2,25937.6,0
2026-02-11 08:28:00+00:00,25937.55,25937.55,25931.8,25932.8,0
2026-02-11 08:29:00+00:00,25932.8,25935.15,25931.0,25932.6,0
2026-02-11 08:30:00+00:00,25932.05,25932.7,25925.55,25926.75,0
2026-02-11 08:31:00+00:00,25927.6,25932.4,25925.6,25931.0,0
2026-02-11 08:32:00+00:00,25930.95,25943.3,25929.5,25943.3,0
2026-02-11 08:33:00+00:00,25942.2,25942.2,25936.1,25938.6,0
2026-02-11 08:34:00+00:00,25938.75,25939.95,25935.35,25938.5,0
2026-02-11 08:35:00+00:00,25938.2,25940.2,25937.1,25938.0,0
2026-02-11 08:36:00+00:00,25938.55,25944.35,25937.2,25939.35,0
2026-02-11 08:37:00+00:00,25938.25,25939.9,25934.45,25936.95,0
2026-02-11 08:38:00+00:00,25936.05,25937.95,25934.5,25937.75,0
2026-02-11 08:39:00+00:00,25936.9,25939.15,25934.8,25937.5,0
2026-02-11 08:40:00+00:00,25936.8,25950.05,25936.7,25949.6,0
2026-02-11 08:41:00+00:00,25949.9,25950.75,25946.2,25947.5,0
2026-02-11 08:42:00+00:00,25947.45,25949.95,25945.55,25947.75,0
2026-02-11 08:43:00+00:00,25947.85,25950.4,25946.9,25950.4,0
2026-02-11 08:44:00+00:00,25950.65,25956.8,25950.5,25956.2,0
2026-02-11 08:45:00+00:00,25955.95,25962.75,25955.45,25962.1,0
2026-02-11 08:46:00+00:00,25962.2,25963.05,25958.85,25960.3,0
2026-02-11 08:47:00+00:00,25960.75,25962.9,25958.05,25961.0,0
2026-02-11 08:48:00+00:00,25960.8,25964.1,25960.5,25962.3,0
2026-02-11 08:49:00+00:00,25963.0,25964.05,25956.3,25958.4,0
2026-02-11 08:50:00+00:00,25958.05,25960.2,25954.35,25954.9,0
2026-02-11 08:51:00+00:00,25955.0,25955.9,25949.3,25952.2,0
2026-02-11 08:52:00+00:00,25952.5,25953.9,25946.25,25946.45,0
2026-02-11 08:53:00+00:00,25945.8,25946.1,25939.7,25944.2,0
2026-02-11 08:54:00+00:00,25944.75,25946.65,25942.6,25945.0,0
2026-02-11 08:55:00+00:00,25944.9,25947.05,25942.8,25944.2,0
2026-02-11 08:56:00+00:00,25944.25,25947.3,25943.15,25947.25,0
2026-02-11 08:57:00+00:00,25946.95,25950.7,25946.15,25948.85,0
2026-02-11 08:58:00+00:00,25949.0,25954.05,25946.5,25953.25,0
2026-02-11 08:59:00+00:00,25953.4,25954.55,25944.85,25944.85,0
2026-02-11 09:00:00+00:00,25944.4,25947.2,25937.25,25938.45,0
2026-02-11 09:01:00+00:00,25938.1,25944.95,25937.2,25943.0,0
2026-02-11 09:02:00+00:00,25943.65,25950.05,25943.35,25947.65,0
2026-02-11 09:03:00+00:00,25947.3,25950.4,25945.7,25946.35,0
2026-02-11 09:04:00+00:00,25946.2,25952.45,25945.05,25952.45,0
2026-02-11 09:05:00+00:00,25951.85,25953.35,25947.05,25952.5,0
2026-02-11 09:06:00+00:00,25952.2,25954.05,25948.3,25949.4,0
2026-02-11 09:07:00+00:00,25949.05,25951.85,25946.7,25949.95,0
2026-02-11 09:08:00+00:00,25950.1,25951.35,25946.6,25949.25,0
2026-02-11 09:09:00+00:00,25948.65,25948.75,25943.5,25944.8,0
2026-02-11 09:10:00+00:00,25944.65,25946.45,25941.75,25944.8,0
2026-02-11 09:11:00+00:00,25943.85,25944.65,25940.65,25940.8,0
2026-02-11 09:12:00+00:00,25940.65,25942.2,25938.85,25940.45,0
2026-02-11 09:13:00+00:00,25940.2,25947.85,25939.35,25944.45,0
2026-02-11 09:14:00+00:00,25944.2,25946.5,25941.7,25944.9,0
2026-02-11 09:15:00+00:00,25945.45,25949.5,25944.3,25948.6,0
2026-02-11 09:16:00+00:00,25948.8,25952.25,25945.45,25951.7,0
2026-02-11 09:17:00+00:00,25952.1,25952.1,25940.7,25942.6,0
2026-02-11 09:18:00+00:00,25942.4,25945.65,25941.15,25945.65,0
2026-02-11 09:19:00+00:00,25944.7,25945.5,25940.3,25943.3,0
2026-02-11 09:20:00+00:00,25942.85,25946.9,25940.6,25946.4,0
2026-02-11 09:21:00+00:00,25948.45,25949.9,25944.8,25948.2,0
2026-02-11 09:22:00+00:00,25948.05,25951.75,25946.95,25947.45,0
2026-02-11 09:23:00+00:00,25947.75,25950.55,25946.35,25948.4,0
2026-02-11 09:24:00+00:00,25948.0,25948.55,25942.1,25946.3,0
2026-02-11 09:25:00+00:00,25946.3,25951.4,25946.1,25949.95,0
2026-02-11 09:26:00+00:00,25950.55,25953.7,25947.6,25950.5,0
2026-02-11 09:27:00+00:00,25950.8,25955.95,25950.05,25955.25,0
2026-02-11 09:28:00+00:00,25955.3,25955.3,25946.85,25947.3,0
2026-02-11 09:29:00+00:00,25947.9,25949.5,25943.6,25944.95,0
2026-02-11 09:30:00+00:00,25944.65,25970.75,25944.65,25967.05,0
2026-02-11 09:31:00+00:00,25966.35,25969.0,25964.8,25967.1,0
2026-02-11 09:32:00+00:00,25967.3,25967.45,25959.2,25960.2,0
2026-02-11 09:33:00+00:00,25960.8,25961.9,25954.6,25957.05,0
2026-02-11 09:34:00+00:00,25957.65,25960.5,25955.25,25956.1,0
2026-02-11 09:35:00+00:00,25956.8,25957.75,25954.1,25956.3,0
2026-02-11 09:36:00+00:00,25956.75,25958.75,25955.35,25956.7,0
2026-02-11 09:37:00+00:00,25957.55,25958.0,25948.95,25951.35,0
2026-02-11 09:38:00+00:00,25952.3,25954.9,25948.7,25954.9,0
2026-02-11 09:39:00+00:00,25954.15,25955.6,25950.2,25951.75,0
2026-02-11 09:40:00+00:00,25952.95,25954.85,25950.95,25951.85,0
2026-02-11 09:41:00+00:00,25951.9,25952.15,25948.9,25950.8,0
2026-02-11 09:42:00+00:00,25951.35,25953.0,25949.25,25951.2,0
2026-02-11 09:43:00+00:00,25951.7,25954.0,25950.15,25950.75,0
2026-02-11 09:44:00+00:00,25951.85,25958.15,25949.9,25955.9,0
2026-02-11 09:45:00+00:00,25957.95,25958.5,25952.45,25957.55,0
2026-02-11 09:46:00+00:00,25958.65,25958.65,25953.8,25957.2,0
2026-02-11 09:47:00+00:00,25958.1,25958.1,25953.2,25954.0,0
2026-02-11 09:48:00+00:00,25955.25,25955.25,25950.9,25952.7,0
2026-02-11 09:49:00+00:00,25954.05,25955.95,25951.85,25955.25,0
2026-02-11 09:50:00+00:00,25956.9,25956.9,25953.55,25954.3,0
2026-02-11 09:51:00+00:00,25955.45,25955.45,25950.85,25950.85,0
2026-02-11 09:52:00+00:00,25952.25,25953.1,25949.8,25950.9,0
2026-02-11 09:53:00+00:00,25952.1,25952.7,25950.0,25951.0,0
2026-02-11 09:54:00+00:00,25952.4,25952.4,25946.4,25949.0,0
2026-02-11 09:55:00+00:00,25950.45,25951.0,25942.95,25946.5,0
2026-02-11 09:56:00+00:00,25946.5,25946.5,25942.85,25942.95,0
2026-02-11 09:57:00+00:00,25945.35,25951.1,25944.25,25950.15,0
2026-02-11 09:58:00+00:00,25949.6,25952.85,25943.35,25946.8,0
2026-02-11 09:59:00+00:00,25948.45,25949.45,25939.75,25945.35,0
2026-02-12 03:45:00+00:00,25906.7,25906.7,25854.45,25877.05,0
2026-02-12 03:46:00+00:00,25876.2,25879.15,25859.35,25862.3,0
2026-02-12 03:47:00+00:00,25864.9,25866.55,25853.25,25860.25,0
2026-02-12 03:48:00+00:00,25861.15,25861.15,25847.25,25857.35,0
2026-02-12 03:49:00+00:00,25860.45,25861.45,25854.6,25855.25,0
2026-02-12 03:50:00+00:00,25857.7,25857.7,25844.6,25853.8,0
2026-02-12 03:51:00+00:00,25855.6,25856.6,25848.55,25854.85,0
2026-02-12 03:52:00+00:00,25856.1,25861.05,25844.25,25844.95,0
2026-02-12 03:53:00+00:00,25847.4,25851.95,25836.6,25840.4,0
2026-02-12 03:54:00+00:00,25840.75,25847.85,25838.4,25843.9,0
2026-02-12 03:55:00+00:00,25845.25,25850.8,25837.25,25848.95,0
2026-02-12 03:56:00+00:00,25850.95,25850.95,25833.25,25835.5,0
2026-02-12 03:57:00+00:00,25836.75,25843.0,25831.25,25838.5,0
2026-02-12 03:58:00+00:00,25840.05,25842.8,25835.05,25842.4,0
2026-02-12 03:59:00+00:00,25843.05,25843.2,25833.7,25833.75,0
2026-02-12 04:00:00+00:00,25835.8,25836.05,25827.85,25829.8,0
2026-02-12 04:01:00+00:00,25831.45,25833.2,25822.3,25825.95,0
2026-02-12 04:02:00+00:00,25828.65,25831.1,25824.1,25828.4,0
2026-02-12 04:03:00+00:00,25829.75,25839.45,25826.85,25839.45,0
2026-02-12 04:04:00+00:00,25840.75,25841.35,25830.9,25838.35,0
2026-02-12 04:05:00+00:00,25839.6,25843.35,25835.85,25837.55,0
2026-02-12 04:06:00+00:00,25839.0,25847.95,25834.45,25844.4,0
2026-02-12 04:07:00+00:00,25846.5,25846.5,25833.0,25836.05,0
2026-02-12 04:08:00+00:00,25837.0,25838.8,25829.8,25838.7,0
2026-02-12 04:09:00+00:00,25840.0,25843.8,25835.95,25842.25,0
2026-02-12 04:10:00+00:00,25842.55,25845.35,25835.45,25845.25,0
2026-02-12 04:11:00+00:00,25844.7,25847.2,25837.95,25840.4,0
2026-02-12 04:12:00+00:00,25842.4,25842.85,25834.05,25837.85,0
2026-02-12 04:13:00+00:00,25838.0,25838.35,25830.4,25836.65,0
2026-02-12 04:14:00+00:00,25837.8,25845.95,25835.9,25844.65,0
2026-02-12 04:15:00+00:00,25844.85,25850.25,25839.85,25849.5,0
2026-02-12 04:16:00+00:00,25849.0,25850.1,25834.05,25834.3,0
2026-02-12 04:17:00+00:00,25835.65,25835.65,25828.4,25828.45,0
2026-02-12 04:18:00+00:00,25831.35,25852.8,25830.75,25852.3,0
2026-02-12 04:19:00+00:00,25853.4,25862.75,25851.7,25854.7,0
2026-02-12 04:20:00+00:00,25859.0,25863.6,25856.3,25859.25,0
2026-02-12 04:21:00+00:00,25859.2,25861.05,25851.45,25859.2,0
2026-02-12 04:22:00+00:00,25861.05,25865.95,25859.15,25860.7,0
2026-02-12 04:23:00+00:00,25860.55,25865.7,25859.1,25861.9,0
2026-02-12 04:24:00+00:00,25862.15,25864.85,25857.15,25860.4,0
2026-02-12 04:25:00+00:00,25861.1,25862.85,25857.65,25859.25,0
2026-02-12 04:26:00+00:00,25861.0,25872.35,25860.1,25868.5,0
2026-02-12 04:27:00+00:00,25869.2,25870.9,25864.25,25868.15,0
2026-02-12 04:28:00+00:00,25869.6,25869.6,25862.05,25863.85,0
2026-02-12 04:29:00+00:00,25864.3,25870.1,25861.55,25865.1,0
2026-02-12 04:30:00+00:00,25867.5,25869.95,25864.9,25867.5,0
2026-02-12 04:31:00+00:00,25867.2,25867.2,25860.05,25864.65,0
2026-02-12 04:32:00+00:00,25865.55,25865.55,25857.85,25861.55,0
2026-02-12 04:33:00+00:00,25863.6,25874.65,25860.4,25871.25,0
2026-02-12 04:34:00+00:00,25871.9,25875.75,25868.55,25871.1,0
2026-02-12 04:35:00+00:00,25871.55,25875.25,25866.75,25866.75,0
2026-02-12 04:36:00+00:00,25870.5,25872.7,25864.7,25865.65,0
2026-02-12 04:37:00+00:00,25866.2,25866.2,25857.2,25857.4,0
2026-02-12 04:38:00+00:00,25859.3,25859.3,25849.9,25849.9,0
2026-02-12 04:39:00+00:00,25853.35,25865.05,25851.25,25865.0,0
2026-02-12 04:40:00+00:00,25866.4,25866.4,25854.8,25862.95,0
2026-02-12 04:41:00+00:00,25863.8,25865.8,25860.8,25863.2,0
2026-02-12 04:42:00+00:00,25864.25,25870.65,25862.25,25870.65,0
2026-02-12 04:43:00+00:00,25871.4,25878.95,25870.3,25878.9,0
2026-02-12 04:44:00+00:00,25878.9,25880.9,25875.4,25880.85,0
2026-02-12 04:45:00+00:00,25881.8,25882.6,25878.95,25880.75,0
2026-02-12 04:46:00+00:00,25881.6,25881.6,25873.75,25874.95,0
2026-02-12 04:47:00+00:00,25876.45,25876.45,25868.55,25868.9,0
2026-02-12 04:48:00+00:00,25869.35,25872.55,25865.25,25871.75,0
2026-02-12 04:49:00+00:00,25872.0,25877.2,25867.75,25876.3,0
2026-02-12 04:50:00+00:00,25876.45,25880.15,25870.85,25879.85,0
2026-02-12 04:51:00+00:00,25880.6,25881.65,25873.2,25876.55,0
2026-02-12 04:52:00+00:00,25877.65,25880.0,25873.8,25876.1,0
2026-02-12 04:53:00+00:00,25877.7,25877.85,25871.25,25876.3,0
2026-02-12 04:54:00+00:00,25879.25,25880.65,25873.1,25875.3,0
2026-02-12 04:55:00+00:00,25876.05,25876.05,25860.75,25861.85,0
2026-02-12 04:56:00+00:00,25862.75,25868.1,25859.85,25865.45,0
2026-02-12 04:57:00+00:00,25865.75,25867.25,25859.4,25865.55,0
2026-02-12 04:58:00+00:00,25866.9,25868.9,25859.55,25862.65,0
2026-02-12 04:59:00+00:00,25862.3,25868.95,25860.55,25867.2,0
2026-02-12 05:00:00+00:00,25867.35,25874.15,25863.6,25865.9,0
2026-02-12 05:01:00+00:00,25866.55,25867.35,25861.95,25866.7,0
2026-02-12 05:02:00+00:00,25866.75,25871.45,25864.05,25865.3,0
2026-02-12 05:03:00+00:00,25865.95,25870.9,25860.95,25868.55,0
2026-02-12 05:04:00+00:00,25869.7,25873.8,25868.2,25872.8,0
2026-02-12 05:05:00+00:00,25873.5,25876.0,25867.1,25867.2,0
2026-02-12 05:06:00+00:00,25867.65,25867.9,25860.75,25860.8,0
2026-02-12 05:07:00+00:00,25861.7,25863.85,25855.65,25856.7,0
2026-02-12 05:08:00+00:00,25858.4,25859.15,25850.6,25856.8,0
2026-02-12 05:09:00+00:00,25857.5,25861.3,25852.4,25859.75,0
2026-02-12 05:10:00+00:00,25861.25,25861.6,25856.5,25857.35,0
2026-02-12 05:11:00+00:00,25858.75,25863.25,25855.7,25860.65,0
2026-02-12 05:12:00+00:00,25861.65,25864.95,25859.7,25862.75,0
2026-02-12 05:13:00+00:00,25863.6,25865.8,25858.0,25859.85,0
2026-02-12 05:14:00+00:00,25859.25,25860.15,25856.15,25859.3,0
2026-02-12 05:15:00+00:00,25859.3,25864.35,25856.4,25864.35,0
2026-02-12 05:16:00+00:00,25865.55,25865.55,25858.35,25858.7,0
2026-02-12 05:17:00+00:00,25860.05,25861.3,25854.5,25857.9,0
2026-02-12 05:18:00+00:00,25858.4,25861.95,25852.75,25858.4,0
2026-02-12 05:19:00+00:00,25859.05,25859.85,25854.25,25856.8,0
2026-02-12 05:20:00+00:00,25857.9,25857.9,25849.3,25851.05,0
2026-02-12 05:21:00+00:00,25852.2,25853.3,25848.7,25852.65,0
2026-02-12 05:22:00+00:00,25853.75,25855.75,25850.4,25851.3,0
2026-02-12 05:23:00+00:00,25852.85,25855.5,25850.55,25852.25,0
2026-02-12 05:24:00+00:00,25853.55,25854.2,25849.6,25853.1,0
2026-02-12 05:25:00+00:00,25853.4,25858.15,25853.4,25855.75,0
2026-02-12 05:26:00+00:00,25855.95,25857.05,25852.65,25856.2,0
2026-02-12 05:27:00+00:00,25857.75,25859.75,25854.85,25858.35,0
2026-02-12 05:28:00+00:00,25859.75,25861.9,25853.1,25856.3,0
2026-02-12 05:29:00+00:00,25857.05,25857.55,25853.0,25853.6,0
2026-02-12 05:30:00+00:00,25853.6,25858.45,25851.2,25858.05,0
2026-02-12 05:31:00+00:00,25858.8,25860.5,25854.75,25857.2,0
2026-02-12 05:32:00+00:00,25858.35,25860.9,25854.95,25858.5,0
2026-02-12 05:33:00+00:00,25859.7,25859.7,25856.0,25856.85,0
2026-02-12 05:34:00+00:00,25858.5,25858.5,25853.9,25856.7,0
2026-02-12 05:35:00+00:00,25857.25,25860.25,25855.55,25860.2,0
2026-02-12 05:36:00+00:00,25861.05,25861.8,25855.6,25856.9,0
2026-02-12 05:37:00+00:00,25856.05,25856.05,25843.15,25845.15,0
2026-02-12 05:38:00+00:00,25846.75,25856.9,25845.4,25855.5,0
2026-02-12 05:39:00+00:00,25856.0,25856.65,25852.65,25853.9,0
2026-02-12 05:40:00+00:00,25854.5,25857.4,25849.0,25851.55,0
2026-02-12 05:41:00+00:00,25852.45,25856.1,25846.85,25855.15,0
2026-02-12 05:42:00+00:00,25855.85,25856.35,25850.45,25854.3,0
2026-02-12 05:43:00+00:00,25855.95,25857.15,25848.65,25848.65,0
2026-02-12 05:44:00+00:00,25852.05,25852.05,25847.4,25849.15,0
2026-02-12 05:45:00+00:00,25849.55,25849.55,25842.5,25844.65,0
2026-02-12 05:46:00+00:00,25845.55,25845.55,25837.25,25839.25,0
2026-02-12 05:47:00+00:00,25840.05,25840.8,25836.25,25837.3,0
2026-02-12 05:48:00+00:00,25837.5,25837.7,25833.35,25836.5,0
2026-02-12 05:49:00+00:00,25836.8,25840.2,25834.8,25840.1,0
2026-02-12 05:50:00+00:00,25840.85,25840.85,25832.35,25833.65,0
2026-02-12 05:51:00+00:00,25833.95,25837.65,25831.9,25836.55,0
2026-02-12 05:52:00+00:00,25837.4,25837.4,25824.2,25827.9,0
2026-02-12 05:53:00+00:00,25829.0,25832.2,25825.0,25830.3,0
2026-02-12 05:54:00+00:00,25831.35,25838.4,25828.3,25833.5,0
2026-02-12 05:55:00+00:00,25834.6,25837.05,25831.1,25835.95,0
2026-02-12 05:56:00+00:00,25837.35,25838.1,25830.8,25831.95,0
2026-02-12 05:57:00+00:00,25833.7,25834.55,25830.85,25831.85,0
2026-02-12 05:58:00+00:00,25832.65,25832.65,25827.05,25830.05,0
2026-02-12 05:59:00+00:00,25832.0,25834.85,25829.9,25831.1,0
2026-02-12 06:00:00+00:00,25833.9,25833.9,25827.2,25827.2,0
2026-02-12 06:01:00+00:00,25828.4,25829.45,25819.15,25820.2,0
2026-02-12 06:02:00+00:00,25820.4,25826.25,25816.55,25825.95,0
2026-02-12 06:03:00+00:00,25826.25,25826.25,25818.4,25823.3,0
2026-02-12 06:04:00+00:00,25824.95,25824.95,25816.25,25821.15,0
2026-02-12 06:05:00+00:00,25822.25,25826.0,25819.35,25824.3,0
2026-02-12 06:06:00+00:00,25825.9,25826.1,25818.65,25818.85,0
2026-02-12 06:07:00+00:00,25820.9,25821.35,25813.05,25817.75,0
2026-02-12 06:08:00+00:00,25818.95,25821.2,25814.55,25814.85,0
2026-02-12 06:09:00+00:00,25818.35,25822.05,25814.45,25817.6,0
2026-02-12 06:10:00+00:00,25820.6,25823.65,25815.7,25821.75,0
2026-02-12 06:11:00+00:00,25822.35,25827.05,25819.85,25826.15,0
2026-02-12 06:12:00+00:00,25827.45,25827.95,25821.55,25826.4,0
2026-02-12 06:13:00+00:00,25827.8,25831.85,25825.15,25829.45,0
2026-02-12 06:14:00+00:00,25830.45,25831.15,25825.65,25828.4,0
2026-02-12 06:15:00+00:00,25828.15,25832.55,25826.4,25831.1,0
2026-02-12 06:16:00+00:00,25831.8,25836.1,25829.35,25831.5,0
2026-02-12 06:17:00+00:00,25833.25,25833.25,25827.5,25828.4,0
2026-02-12 06:18:00+00:00,25830.45,25830.45,25826.2,25827.95,0
2026-02-12 06:19:00+00:00,25829.85,25830.6,25826.95,25827.1,0
2026-02-12 06:20:00+00:00,25827.9,25828.2,25818.35,25818.9,0
2026-02-12 06:21:00+00:00,25819.7,25819.7,25811.5,25812.4,0
2026-02-12 06:22:00+00:00,25814.05,25814.25,25808.45,25808.85,0
2026-02-12 06:23:00+00:00,25810.3,25816.9,25808.05,25816.8,0
2026-02-12 06:24:00+00:00,25817.55,25817.65,25813.3,25814.75,0
2026-02-12 06:25:00+00:00,25815.9,25817.8,25812.7,25815.4,0
2026-02-12 06:26:00+00:00,25817.1,25817.1,25810.75,25814.9,0
2026-02-12 06:27:00+00:00,25815.75,25817.55,25812.25,25814.7,0
2026-02-12 06:28:00+00:00,25815.55,25823.3,25813.4,25822.7,0
2026-02-12 06:29:00+00:00,25823.55,25827.85,25822.3,25826.3,0
2026-02-12 06:30:00+00:00,25827.05,25829.6,25824.1,25829.6,0
2026-02-12 06:31:00+00:00,25830.45,25830.45,25821.8,25821.8,0
2026-02-12 06:32:00+00:00,25823.55,25823.55,25816.75,25816.75,0
2026-02-12 06:33:00+00:00,25818.45,25818.45,25807.45,25810.15,0
2026-02-12 06:34:00+00:00,25810.8,25816.3,25806.5,25815.15,0
2026-02-12 06:35:00+00:00,25816.1,25819.05,25812.4,25818.0,0
2026-02-12 06:36:00+00:00,25818.4,25821.1,25816.0,25820.05,0
2026-02-12 06:37:00+00:00,25820.6,25822.6,25818.1,25819.4,0
2026-02-12 06:38:00+00:00,25820.25,25823.0,25818.55,25822.15,0
2026-02-12 06:39:00+00:00,25823.4,25828.0,25820.3,25828.0,0
2026-02-12 06:40:00+00:00,25828.35,25828.8,25823.35,25825.8,0
2026-02-12 06:41:00+00:00,25826.55,25831.75,25824.4,25829.3,0
2026-02-12 06:42:00+00:00,25829.65,25831.15,25824.35,25827.0,0
2026-02-12 06:43:00+00:00,25827.45,25832.4,25825.35,25829.6,0
2026-02-12 06:44:00+00:00,25830.95,25830.95,25825.85,25828.9,0
2026-02-12 06:45:00+00:00,25829.8,25835.1,25828.25,25833.9,0
2026-02-12 06:46:00+00:00,25835.35,25836.55,25831.95,25832.8,0
2026-02-12 06:47:00+00:00,25834.35,25836.45,25827.95,25835.0,0
2026-02-12 06:48:00+00:00,25836.6,25838.45,25832.65,25836.35,0
2026-02-12 06:49:00+00:00,25837.15,25838.05,25831.7,25836.25,0
2026-02-12 06:50:00+00:00,25838.35,25838.35,25831.95,25832.6,0
2026-02-12 06:51:00+00:00,25834.9,25837.2,25831.2,25834.3,0
2026-02-12 06:52:00+00:00,25836.8,25839.7,25834.85,25835.75,0
2026-02-12 06:53:00+00:00,25838.9,25838.9,25833.6,25835.75,0
2026-02-12 06:54:00+00:00,25836.55,25837.85,25834.8,25836.6,0
2026-02-12 06:55:00+00:00,25836.8,25837.4,25832.65,25834.25,0
2026-02-12 06:56:00+00:00,25835.05,25835.05,25831.3,25832.7,0
2026-02-12 06:57:00+00:00,25834.2,25837.0,25830.95,25834.7,0
2026-02-12 06:58:00+00:00,25836.55,25837.7,25832.2,25835.55,0
2026-02-12 06:59:00+00:00,25837.05,25837.25,25831.6,25832.15,0
2026-02-12 07:00:00+00:00,25834.9,25839.15,25831.85,25836.2,0
2026-02-12 07:01:00+00:00,25837.45,25838.25,25834.15,25835.8,0
2026-02-12 07:02:00+00:00,25836.75,25844.7,25834.95,25842.65,0
2026-02-12 07:03:00+00:00,25843.45,25845.35,25839.7,25839.7,0
2026-02-12 07:04:00+00:00,25841.2,25846.65,25839.55,25842.35,0
2026-02-12 07:05:00+00:00,25843.05,25843.05,25835.4,25841.7,0
2026-02-12 07:06:00+00:00,25841.9,25842.2,25837.05,25841.45,0
2026-02-12 07:07:00+00:00,25841.55,25843.5,25836.15,25838.95,0
2026-02-12 07:08:00+00:00,25839.7,25839.85,25837.05,25837.9,0
2026-02-12 07:09:00+00:00,25838.55,25840.65,25837.15,25838.1,0
2026-02-12 07:10:00+00:00,25839.7,25840.65,25834.4,25835.45,0
2026-02-12 07:11:00+00:00,25835.9,25839.2,25834.05,25835.85,0
2026-02-12 07:12:00+00:00,25837.1,25843.35,25834.55,25842.05,0
2026-02-12 07:13:00+00:00,25842.95,25843.35,25839.65,25841.0,0
2026-02-12 07:14:00+00:00,25841.6,25847.05,25839.4,25844.45,0
2026-02-12 07:15:00+00:00,25845.6,25849.1,25845.05,25847.35,0
2026-02-12 07:16:00+00:00,25849.3,25852.25,25842.55,25844.7,0
2026-02-12 07:17:00+00:00,25845.95,25846.9,25841.75,25843.45,0
2026-02-12 07:18:00+00:00,25845.1,25848.1,25842.15,25844.1,0
2026-02-12 07:19:00+00:00,25844.35,25845.8,25839.95,25844.8,0
2026-02-12 07:20:00+00:00,25845.65,25848.25,25843.4,25845.85,0
2026-02-12 07:21:00+00:00,25846.95,25849.85,25844.6,25847.45,0
2026-02-12 07:22:00+00:00,25847.75,25851.15,25846.45,25847.6,0
2026-02-12 07:23:00+00:00,25848.9,25852.0,25846.8,25850.75,0
2026-02-12 07:24:00+00:00,25851.25,25854.0,25849.3,25853.5,0
2026-02-12 07:25:00+00:00,25854.15,25854.6,25849.35,25851.15,0
2026-02-12 07:26:00+00:00,25851.35,25855.0,25849.15,25854.2,0
2026-02-12 07:27:00+00:00,25855.2,25858.0,25853.6,25856.4,0
2026-02-12 07:28:00+00:00,25857.25,25859.5,25854.5,25858.65,0
2026-02-12 07:29:00+00:00,25858.85,25858.85,25852.45,25853.75,0
2026-02-12 07:30:00+00:00,25854.55,25859.85,25853.2,25855.0,0
2026-02-12 07:31:00+00:00,25855.3,25856.35,25849.65,25849.65,0
2026-02-12 07:32:00+00:00,25852.9,25855.75,25847.85,25853.4,0
2026-02-12 07:33:00+00:00,25854.8,25858.95,25853.0,25857.15,0
2026-02-12 07:34:00+00:00,25858.05,25858.4,25852.4,25853.5,0
2026-02-12 07:35:00+00:00,25854.95,25856.2,25849.9,25851.9,0
2026-02-12 07:36:00+00:00,25853.0,25853.0,25843.7,25845.8,0
2026-02-12 07:37:00+00:00,25846.45,25849.15,25840.95,25840.95,0
2026-02-12 07:38:00+00:00,25843.0,25845.5,25838.3,25840.3,0
2026-02-12 07:39:00+00:00,25840.3,25841.35,25835.35,25839.35,0
2026-02-12 07:40:00+00:00,25841.35,25843.7,25838.65,25842.0,0
2026-02-12 07:41:00+00:00,25843.65,25843.65,25833.35,25833.35,0
2026-02-12 07:42:00+00:00,25834.75,25837.65,25831.85,25832.3,0
2026-02-12 07:43:00+00:00,25833.45,25837.0,25830.85,25832.35,0
2026-02-12 07:44:00+00:00,25831.85,25836.8,25830.0,25835.75,0
2026-02-12 07:45:00+00:00,25836.45,25837.25,25831.55,25834.85,0
2026-02-12 07:46:00+00:00,25836.05,25842.6,25833.4,25841.85,0
2026-02-12 07:47:00+00:00,25842.45,25844.0,25838.25,25843.9,0
2026-02-12 07:48:00+00:00,25843.85,25862.4,25841.5,25861.85,0
2026-02-12 07:49:00+00:00,25861.75,25863.55,25851.6,25851.6,0
2026-02-12 07:50:00+00:00,25853.2,25853.2,25836.15,25837.05,0
2026-02-12 07:51:00+00:00,25837.2,25838.05,25830.75,25838.05,0
2026-02-12 07:52:00+00:00,25838.6,25843.9,25836.6,25843.9,0
2026-02-12 07:53:00+00:00,25844.55,25853.45,25843.35,25853.15,0
2026-02-12 07:54:00+00:00,25853.45,25861.75,25852.4,25860.45,0
2026-02-12 07:55:00+00:00,25861.05,25869.7,25860.3,25869.7,0
2026-02-12 07:56:00+00:00,25869.55,25874.65,25868.65,25872.55,0
2026-02-12 07:57:00+00:00,25873.95,25879.3,25873.7,25876.8,0
2026-02-12 07:58:00+00:00,25878.05,25878.05,25865.3,25865.3,0
2026-02-12 07:59:00+00:00,25867.75,25867.95,25853.45,25855.45,0
2026-02-12 08:00:00+00:00,25857.4,25859.45,25850.95,25851.35,0
2026-02-12 08:01:00+00:00,25852.25,25853.0,25843.25,25843.25,0
2026-02-12 08:02:00+00:00,25845.6,25855.15,25842.85,25849.6,0
2026-02-12 08:03:00+00:00,25851.45,25852.5,25846.3,25850.05,0
2026-02-12 08:04:00+00:00,25851.15,25852.75,25848.0,25849.45,0
2026-02-12 08:05:00+00:00,25850.1,25851.45,25846.8,25848.1,0
2026-02-12 08:06:00+00:00,25848.2,25849.35,25845.6,25845.7,0
2026-02-12 08:07:00+00:00,25847.4,25857.6,25845.35,25857.6,0
2026-02-12 08:08:00+00:00,25858.2,25860.0,25853.75,25854.9,0
2026-02-12 08:09:00+00:00,25855.75,25861.75,25854.15,25859.8,0
2026-02-12 08:10:00+00:00,25862.0,25862.0,25857.7,25860.15,0
2026-02-12 08:11:00+00:00,25860.6,25860.7,25844.2,25848.15,0
2026-02-12 08:12:00+00:00,25847.6,25851.8,25843.8,25848.25,0
2026-02-12 08:13:00+00:00,25849.8,25849.8,25841.55,25842.75,0
2026-02-12 08:14:00+00:00,25843.75,25848.1,25841.3,25844.85,0
2026-02-12 08:15:00+00:00,25845.05,25847.35,25839.9,25844.25,0
2026-02-12 08:16:00+00:00,25844.7,25844.75,25841.65,25844.1,0
2026-02-12 08:17:00+00:00,25845.55,25845.55,25838.85,25843.8,0
2026-02-12 08:18:00+00:00,25844.15,25846.2,25826.45,25826.95,0
2026-02-12 08:19:00+00:00,25827.35,25827.35,25817.0,25817.5,0
2026-02-12 08:20:00+00:00,25817.75,25820.4,25812.75,25817.0,0
2026-02-12 08:21:00+00:00,25817.25,25817.65,25813.4,25816.45,0
2026-02-12 08:22:00+00:00,25817.15,25817.15,25807.75,25811.35,0
2026-02-12 08:23:00+00:00,25812.0,25812.0,25807.05,25807.8,0
2026-02-12 08:24:00+00:00,25807.85,25821.65,25805.65,25821.65,0
2026-02-12 08:25:00+00:00,25822.4,25822.4,25816.7,25816.7,0
2026-02-12 08:26:00+00:00,25817.85,25824.55,25815.35,25819.15,0
2026-02-12 08:27:00+00:00,25820.85,25822.4,25818.3,25820.55,0
2026-02-12 08:28:00+00:00,25820.1,25821.85,25816.9,25819.75,0
2026-02-12 08:29:00+00:00,25821.45,25821.45,25816.2,25816.95,0
2026-02-12 08:30:00+00:00,25817.2,25820.85,25815.5,25816.05,0
2026-02-12 08:31:00+00:00,25817.95,25817.95,25811.4,25813.45,0
2026-02-12 08:32:00+00:00,25813.95,25815.0,25809.65,25810.2,0
2026-02-12 08:33:00+00:00,25812.1,25812.35,25807.25,25811.95,0
2026-02-12 08:34:00+00:00,25812.25,25820.0,25810.7,25817.8,0
2026-02-12 08:35:00+00:00,25817.9,25821.8,25814.2,25816.4,0
2026-02-12 08:36:00+00:00,25816.55,25821.95,25815.45,25819.05,0
2026-02-12 08:37:00+00:00,25819.3,25820.6,25814.5,25817.8,0
2026-02-12 08:38:00+00:00,25819.75,25822.5,25818.25,25820.75,0
2026-02-12 08:39:00+00:00,25820.95,25820.95,25814.15,25817.7,0
2026-02-12 08:40:00+00:00,25817.8,25818.1,25812.65,25815.85,0
2026-02-12 08:41:00+00:00,25816.6,25820.55,25815.35,25818.55,0
2026-02-12 08:42:00+00:00,25820.05,25821.6,25817.7,25820.3,0
2026-02-12 08:43:00+00:00,25819.9,25820.2,25813.45,25816.4,0
2026-02-12 08:44:00+00:00,25818.1,25818.55,25814.85,25817.55,0
2026-02-12 08:45:00+00:00,25818.2,25818.35,25813.8,25814.55,0
2026-02-12 08:46:00+00:00,25815.15,25815.85,25811.6,25815.05,0
2026-02-12 08:47:00+00:00,25814.6,25815.0,25809.7,25812.1,0
2026-02-12 08:48:00+00:00,25811.95,25812.9,25808.15,25811.05,0
2026-02-12 08:49:00+00:00,25810.75,25811.1,25803.25,25807.9,0
2026-02-12 08:50:00+00:00,25807.95,25821.4,25806.75,25820.65,0
2026-02-12 08:51:00+00:00,25821.15,25823.8,25819.45,25823.75,0
2026-02-12 08:52:00+00:00,25823.85,25830.2,25823.45,25828.45,0
2026-02-12 08:53:00+00:00,25828.7,25834.7,25828.0,25832.1,0
2026-02-12 08:54:00+00:00,25832.7,25836.35,25831.55,25833.35,0
2026-02-12 08:55:00+00:00,25833.75,25837.85,25832.35,25833.55,0
2026-02-12 08:56:00+00:00,25834.45,25835.8,25826.55,25826.55,0
2026-02-12 08:57:00+00:00,25826.65,25827.3,25821.45,25823.55,0
2026-02-12 08:58:00+00:00,25823.8,25826.5,25820.65,25823.5,0
2026-02-12 08:59:00+00:00,25825.3,25827.7,25820.3,25823.7,0
2026-02-12 09:00:00+00:00,25823.4,25825.5,25818.5,25825.5,0
2026-02-12 09:01:00+00:00,25825.05,25829.55,25824.2,25826.75,0
2026-02-12 09:02:00+00:00,25827.0,25828.95,25822.45,25825.8,0
2026-02-12 09:03:00+00:00,25826.85,25829.0,25824.25,25826.95,0
2026-02-12 09:04:00+00:00,25825.7,25828.8,25821.85,25823.9,0
2026-02-12 09:05:00+00:00,25823.45,25827.95,25821.3,25825.0,0
2026-02-12 09:06:00+00:00,25826.2,25829.65,25824.1,25826.35,0
2026-02-12 09:07:00+00:00,25826.2,25826.2,25813.5,25816.5,0
2026-02-12 09:08:00+00:00,25817.7,25817.95,25805.8,25806.25,0
2026-02-12 09:09:00+00:00,25807.05,25809.65,25804.0,25808.2,0
2026-02-12 09:10:00+00:00,25808.75,25816.0,25807.75,25815.65,0
2026-02-12 09:11:00+00:00,25815.8,25817.8,25811.9,25817.75,0
2026-02-12 09:12:00+00:00,25818.25,25819.5,25811.5,25811.9,0
2026-02-12 09:13:00+00:00,25812.1,25814.3,25804.75,25804.75,0
2026-02-12 09:14:00+00:00,25805.75,25806.15,25794.55,25797.3,0
2026-02-12 09:15:00+00:00,25796.95,25798.75,25789.75,25790.8,0
2026-02-12 09:16:00+00:00,25791.2,25792.55,25781.1,25782.25,0
2026-02-12 09:17:00+00:00,25781.95,25781.95,25767.4,25768.25,0
2026-02-12 09:18:00+00:00,25767.75,25769.5,25757.8,25761.35,0
2026-02-12 09:19:00+00:00,25762.3,25763.3,25752.4,25759.0,0
2026-02-12 09:20:00+00:00,25760.6,25774.55,25754.9,25771.5,0
2026-02-12 09:21:00+00:00,25771.5,25773.3,25757.6,25767.0,0
2026-02-12 09:22:00+00:00,25766.95,25774.2,25765.1,25771.9,0
2026-02-12 09:23:00+00:00,25772.3,25775.65,25764.9,25773.1,0
2026-02-12 09:24:00+00:00,25772.95,25776.7,25771.1,25775.4,0
2026-02-12 09:25:00+00:00,25776.35,25782.85,25775.1,25776.55,0
2026-02-12 09:26:00+00:00,25776.95,25784.15,25776.95,25779.45,0
2026-02-12 09:27:00+00:00,25780.6,25784.7,25778.75,25780.75,0
2026-02-12 09:28:00+00:00,25780.5,25784.35,25779.75,25781.9,0
2026-02-12 09:29:00+00:00,25781.9,25788.15,25781.7,25785.5,0
2026-02-12 09:30:00+00:00,25788.95,25800.35,25788.4,25800.35,0
2026-02-12 09:31:00+00:00,25800.55,25807.5,25799.8,25806.2,0
2026-02-12 09:32:00+00:00,25807.15,25818.25,25807.15,25817.35,0
2026-02-12 09:33:00+00:00,25817.75,25839.4,25817.75,25839.05,0
2026-02-12 09:34:00+00:00,25838.65,25840.7,25821.95,25823.95,0
2026-02-12 09:35:00+00:00,25823.2,25824.25,25800.6,25800.6,0
2026-02-12 09:36:00+00:00,25801.35,25802.65,25796.1,25802.15,0
2026-02-12 09:37:00+00:00,25801.45,25802.1,25791.15,25791.5,0
2026-02-12 09:38:00+00:00,25792.7,25817.7,25792.65,25817.7,0
2026-02-12 09:39:00+00:00,25817.55,25826.9,25815.75,25821.4,0
2026-02-12 09:40:00+00:00,25820.9,25821.7,25812.0,25814.95,0
2026-02-12 09:41:00+00:00,25813.45,25817.15,25809.4,25812.3,0
2026-02-12 09:42:00+00:00,25813.0,25815.45,25809.2,25813.05,0
2026-02-12 09:43:00+00:00,25811.7,25819.65,25808.3,25810.95,0
2026-02-12 09:44:00+00:00,25807.8,25810.05,25802.4,25807.45,0
2026-02-12 09:45:00+00:00,25805.35,25811.05,25805.35,25809.2,0
2026-02-12 09:46:00+00:00,25807.45,25811.45,25797.45,25811.35,0
2026-02-12 09:47:00+00:00,25809.35,25814.8,25804.35,25805.85,0
2026-02-12 09:48:00+00:00,25804.3,25807.1,25801.2,25807.1,0
2026-02-12 09:49:00+00:00,25805.3,25810.55,25805.3,25810.55,0
2026-02-12 09:50:00+00:00,25809.4,25811.6,25805.0,25807.3,0
2026-02-12 09:51:00+00:00,25804.35,25807.55,25803.85,25807.55,0
2026-02-12 09:52:00+00:00,25805.1,25807.5,25803.9,25806.25,0
2026-02-12 09:53:00+00:00,25804.75,25805.65,25799.75,25801.3,0
2026-02-12 09:54:00+00:00,25799.9,25801.85,25795.5,25799.5,0
2026-02-12 09:55:00+00:00,25796.35,25803.55,25793.65,25800.5,0
2026-02-12 09:56:00+00:00,25797.15,25800.5,25794.75,25798.05,0
2026-02-12 09:57:00+00:00,25795.7,25798.95,25794.75,25797.85,0
2026-02-12 09:58:00+00:00,25798.5,25803.65,25795.3,25802.2,0
2026-02-12 09:59:00+00:00,25801.8,25802.95,25790.4,25796.15,0
