datetime,open,high,low,close,volume
2026-06-12 03:45:00+00:00,23412.55,23455.45,23405.0,23425.4,0
2026-06-12 03:46:00+00:00,23427.65,23445.4,23426.0,23442.35,0
2026-06-12 03:47:00+00:00,23445.0,23455.95,23432.6,23449.4,0
2026-06-12 03:48:00+00:00,23450.8,23453.95,23434.5,23440.95,0
2026-06-12 03:49:00+00:00,23440.9,23446.0,23433.3,23444.65,0
2026-06-12 03:50:00+00:00,23447.05,23451.9,23436.85,23438.7,0
2026-06-12 03:51:00+00:00,23441.2,23442.65,23431.8,23437.0,0
2026-06-12 03:52:00+00:00,23439.0,23444.95,23426.15,23428.6,0
2026-06-12 03:53:00+00:00,23431.2,23438.1,23429.7,23431.15,0
2026-06-12 03:54:00+00:00,23432.7,23432.7,23423.0,23423.35,0
2026-06-12 03:55:00+00:00,23423.8,23431.55,23416.5,23416.55,0
2026-06-12 03:56:00+00:00,23418.8,23418.8,23410.8,23414.05,0
2026-06-12 03:57:00+00:00,23415.6,23417.6,23408.15,23417.6,0
2026-06-12 03:58:00+00:00,23420.15,23421.1,23406.3,23409.0,0
2026-06-12 03:59:00+00:00,23410.4,23410.4,23400.55,23401.2,0
2026-06-12 04:00:00+00:00,23402.85,23410.15,23402.85,23408.2,0
2026-06-12 04:01:00+00:00,23410.15,23410.15,23385.65,23402.0,0
2026-06-12 04:02:00+00:00,23403.4,23403.4,23394.75,23395.3,0
2026-06-12 04:03:00+00:00,23396.55,23397.8,23390.8,23395.25,0
2026-06-12 04:04:00+00:00,23397.45,23408.75,23396.25,23407.95,0
2026-06-12 04:05:00+00:00,23409.35,23410.65,23398.7,23401.65,0
2026-06-12 04:06:00+00:00,23402.65,23402.65,23388.3,23389.4,0
2026-06-12 04:07:00+00:00,23392.4,23401.15,23392.35,23399.1,0
2026-06-12 04:08:00+00:00,23400.2,23405.55,23397.1,23403.25,0
2026-06-12 04:09:00+00:00,23404.1,23405.5,23396.1,23396.1,0
2026-06-12 04:10:00+00:00,23396.9,23397.7,23387.15,23390.95,0
2026-06-12 04:11:00+00:00,23393.0,23394.8,23378.15,23379.85,0
2026-06-12 04:12:00+00:00,23380.5,23381.45,23374.1,23375.35,0
2026-06-12 04:13:00+00:00,23375.8,23378.1,23364.25,23366.9,0
2026-06-12 04:14:00+00:00,23368.85,23375.45,23367.15,23370.1,0
2026-06-12 04:15:00+00:00,23370.6,23378.35,23367.35,23369.65,0
2026-06-12 04:16:00+00:00,23371.25,23371.25,23357.05,23366.0,0
2026-06-12 04:17:00+00:00,23368.75,23375.05,23366.6,23372.4,0
2026-06-12 04:18:00+00:00,23372.95,23373.5,23365.0,23373.3,0
2026-06-12 04:19:00+00:00,23374.4,23379.85,23372.9,23379.35,0
2026-06-12 04:20:00+00:00,23380.75,23380.75,23375.1,23378.8,0
2026-06-12 04:21:00+00:00,23379.45,23380.25,23375.05,23376.9,0
2026-06-12 04:22:00+00:00,23377.75,23379.55,23373.9,23376.15,0
2026-06-12 04:23:00+00:00,23376.75,23376.75,23367.5,23367.5,0
2026-06-12 04:24:00+00:00,23368.65,23368.65,23355.25,23358.15,0
2026-06-12 04:25:00+00:00,23361.45,23361.45,23353.6,23355.65,0
2026-06-12 04:26:00+00:00,23356.95,23361.3,23355.3,23356.6,0
2026-06-12 04:27:00+00:00,23357.3,23358.5,23352.45,23356.25,0
2026-06-12 04:28:00+00:00,23358.25,23359.3,23352.2,23352.2,0
2026-06-12 04:29:00+00:00,23353.55,23356.25,23345.95,23346.55,0
2026-06-12 04:30:00+00:00,23348.7,23349.85,23341.8,23343.85,0
2026-06-12 04:31:00+00:00,23345.85,23346.25,23338.75,23340.7,0
2026-06-12 04:32:00+00:00,23343.05,23344.1,23337.75,23342.5,0
2026-06-12 04:33:00+00:00,23342.75,23344.15,23335.65,23335.7,0
2026-06-12 04:34:00+00:00,23337.9,23342.95,23327.65,23342.55,0
2026-06-12 04:35:00+00:00,23343.4,23356.6,23341.1,23355.5,0
2026-06-12 04:36:00+00:00,23356.1,23359.15,23353.05,23357.5,0
2026-06-12 04:37:00+00:00,23358.05,23358.05,23345.95,23348.45,0
2026-06-12 04:38:00+00:00,23349.6,23352.05,23345.85,23350.9,0
2026-06-12 04:39:00+00:00,23351.75,23351.75,23346.75,23347.55,0
2026-06-12 04:40:00+00:00,23349.05,23349.7,23341.4,23342.55,0
2026-06-12 04:41:00+00:00,23344.15,23344.15,23339.4,23342.7,0
2026-06-12 04:42:00+00:00,23344.65,23353.6,23342.15,23346.2,0
2026-06-12 04:43:00+00:00,23347.85,23348.05,23341.6,23345.45,0
2026-06-12 04:44:00+00:00,23346.95,23349.0,23341.55,23342.65,0
2026-06-12 04:45:00+00:00,23345.15,23349.1,23343.35,23343.8,0
2026-06-12 04:46:00+00:00,23345.5,23345.95,23333.85,23333.85,0
2026-06-12 04:47:00+00:00,23336.65,23336.65,23327.75,23330.95,0
2026-06-12 04:48:00+00:00,23333.0,23333.7,23324.85,23327.4,0
2026-06-12 04:49:00+00:00,23328.6,23329.5,23323.9,23326.85,0
2026-06-12 04:50:00+00:00,23328.2,23339.7,23322.65,23338.55,0
2026-06-12 04:51:00+00:00,23340.45,23343.1,23338.0,23342.1,0
2026-06-12 04:52:00+00:00,23343.45,23348.85,23340.85,23348.85,0
2026-06-12 04:53:00+00:00,23350.3,23353.65,23348.95,23349.6,0
2026-06-12 04:54:00+00:00,23349.95,23355.2,23347.3,23355.2,0
2026-06-12 04:55:00+00:00,23356.35,23360.65,23352.2,23359.9,0
2026-06-12 04:56:00+00:00,23360.4,23360.9,23356.2,23357.35,0
2026-06-12 04:57:00+00:00,23358.6,23362.9,23356.35,23360.25,0
2026-06-12 04:58:00+00:00,23361.45,23362.5,23345.85,23347.55,0
2026-06-12 04:59:00+00:00,23348.45,23348.45,23342.4,23345.85,0
2026-06-12 05:00:00+00:00,23346.75,23351.75,23342.8,23350.75,0
2026-06-12 05:01:00+00:00,23351.2,23356.6,23348.25,23355.0,0
2026-06-12 05:02:00+00:00,23356.2,23356.8,23350.65,23351.55,0
2026-06-12 05:03:00+00:00,23352.75,23352.75,23343.65,23346.65,0
2026-06-12 05:04:00+00:00,23348.0,23353.45,23345.7,23349.85,0
2026-06-12 05:05:00+00:00,23351.05,23351.05,23344.55,23346.35,0
2026-06-12 05:06:00+00:00,23347.0,23347.0,23341.55,23344.5,0
2026-06-12 05:07:00+00:00,23346.4,23348.1,23343.35,23345.7,0
2026-06-12 05:08:00+00:00,23347.3,23349.55,23344.4,23348.5,0
2026-06-12 05:09:00+00:00,23349.15,23355.1,23345.65,23354.25,0
2026-06-12 05:10:00+00:00,23355.55,23357.5,23351.7,23352.85,0
2026-06-12 05:11:00+00:00,23354.3,23355.05,23349.75,23352.5,0
2026-06-12 05:12:00+00:00,23353.9,23355.9,23349.7,23351.95,0
2026-06-12 05:13:00+00:00,23353.0,23354.15,23347.2,23348.05,0
2026-06-12 05:14:00+00:00,23348.8,23351.75,23347.25,23349.7,0
2026-06-12 05:15:00+00:00,23350.95,23352.7,23349.2,23350.65,0
2026-06-12 05:16:00+00:00,23351.5,23354.8,23346.7,23348.15,0
2026-06-12 05:17:00+00:00,23349.1,23349.1,23329.95,23332.65,0
2026-06-12 05:18:00+00:00,23335.8,23341.75,23333.55,23340.6,0
2026-06-12 05:19:00+00:00,23342.65,23351.25,23341.55,23345.5,0
2026-06-12 05:20:00+00:00,23346.5,23346.5,23336.75,23341.45,0
2026-06-12 05:21:00+00:00,23342.9,23345.65,23338.55,23343.55,0
2026-06-12 05:22:00+00:00,23344.8,23345.1,23340.1,23341.5,0
2026-06-12 05:23:00+00:00,23342.4,23348.65,23341.55,23346.85,0
2026-06-12 05:24:00+00:00,23347.7,23354.55,23346.85,23354.1,0
2026-06-12 05:25:00+00:00,23355.4,23356.85,23353.5,23354.2,0
2026-06-12 05:26:00+00:00,23355.7,23359.85,23354.45,23355.95,0
2026-06-12 05:27:00+00:00,23356.4,23357.4,23353.55,23356.1,0
2026-06-12 05:28:00+00:00,23357.4,23358.55,23354.1,23354.1,0
2026-06-12 05:29:00+00:00,23355.4,23359.4,23352.3,23358.25,0
2026-06-12 05:30:00+00:00,23359.2,23359.2,23352.4,23352.4,0
2026-06-12 05:31:00+00:00,23353.15,23354.2,23347.25,23353.35,0
2026-06-12 05:32:00+00:00,23354.15,23354.65,23345.7,23346.7,0
2026-06-12 05:33:00+00:00,23348.0,23352.5,23347.0,23350.55,0
2026-06-12 05:34:00+00:00,23352.35,23355.2,23350.5,23353.35,0
2026-06-12 05:35:00+00:00,23355.05,23357.4,23352.1,23353.4,0
2026-06-12 05:36:00+00:00,23354.7,23356.3,23348.35,23352.0,0
2026-06-12 05:37:00+00:00,23353.3,23353.45,23344.45,23349.3,0
2026-06-12 05:38:00+00:00,23350.15,23357.0,23349.0,23356.1,0
2026-06-12 05:39:00+00:00,23356.75,23357.35,23351.05,23355.35,0
2026-06-12 05:40:00+00:00,23356.25,23362.0,23352.4,23361.4,0
2026-06-12 05:41:00+00:00,23362.8,23369.2,23361.75,23368.45,0
2026-06-12 05:42:00+00:00,23369.65,23371.65,23368.45,23370.35,0
2026-06-12 05:43:00+00:00,23371.6,23374.15,23370.25,23372.9,0
2026-06-12 05:44:00+00:00,23374.95,23378.35,23372.35,23378.05,0
2026-06-12 05:45:00+00:00,23379.1,23380.65,23373.5,23378.1,0
2026-06-12 05:46:00+00:00,23379.1,23379.1,23371.75,23372.55,0
2026-06-12 05:47:00+00:00,23373.5,23375.45,23370.1,23372.2,0
2026-06-12 05:48:00+00:00,23373.35,23373.35,23367.7,23371.65,0
2026-06-12 05:49:00+00:00,23373.2,23373.2,23360.05,23361.45,0
2026-06-12 05:50:00+00:00,23363.1,23363.1,23352.6,23353.85,0
2026-06-12 05:51:00+00:00,23354.95,23356.5,23349.7,23354.2,0
2026-06-12 05:52:00+00:00,23355.8,23360.85,23354.25,23359.8,0
2026-06-12 05:53:00+00:00,23361.35,23362.85,23357.75,23360.1,0
2026-06-12 05:54:00+00:00,23361.2,23365.75,23358.8,23365.45,0
2026-06-12 05:55:00+00:00,23366.5,23366.95,23362.6,23364.35,0
2026-06-12 05:56:00+00:00,23364.9,23364.9,23353.0,23359.8,0
2026-06-12 05:57:00+00:00,23361.4,23362.6,23355.5,23358.65,0
2026-06-12 05:58:00+00:00,23359.6,23359.6,23354.15,23358.15,0
2026-06-12 05:59:00+00:00,23359.45,23359.45,23353.75,23357.4,0
2026-06-12 06:00:00+00:00,23358.9,23365.6,23357.6,23358.65,0
2026-06-12 06:01:00+00:00,23359.8,23361.5,23357.5,23361.5,0
2026-06-12 06:02:00+00:00,23362.4,23367.75,23361.45,23367.7,0
2026-06-12 06:03:00+00:00,23368.7,23372.6,23366.7,23368.0,0
2026-06-12 06:04:00+00:00,23369.45,23369.45,23366.1,23366.7,0
2026-06-12 06:05:00+00:00,23367.25,23367.25,23362.15,23365.6,0
2026-06-12 06:06:00+00:00,23366.15,23367.65,23361.1,23363.4,0
2026-06-12 06:07:00+00:00,23364.75,23367.5,23362.8,23365.35,0
2026-06-12 06:08:00+00:00,23366.8,23368.5,23362.45,23368.45,0
2026-06-12 06:09:00+00:00,23370.15,23371.8,23367.6,23368.95,0
2026-06-12 06:10:00+00:00,23371.0,23371.95,23368.45,23370.5,0
2026-06-12 06:11:00+00:00,23372.15,23376.35,23370.8,23374.55,0
2026-06-12 06:12:00+00:00,23375.7,23376.5,23373.1,23374.2,0
2026-06-12 06:13:00+00:00,23374.65,23376.0,23371.85,23372.75,0
2026-06-12 06:14:00+00:00,23373.95,23377.9,23372.45,23374.8,0
2026-06-12 06:15:00+00:00,23375.5,23375.5,23368.35,23374.75,0
2026-06-12 06:16:00+00:00,23375.35,23378.95,23372.9,23378.9,0
2026-06-12 06:17:00+00:00,23379.8,23385.25,23378.55,23385.0,0
2026-06-12 06:18:00+00:00,23385.7,23388.65,23382.15,23385.25,0
2026-06-12 06:19:00+00:00,23386.15,23387.3,23383.9,23385.45,0
2026-06-12 06:20:00+00:00,23386.7,23386.75,23382.35,23383.4,0
2026-06-12 06:21:00+00:00,23384.15,23384.15,23379.8,23380.6,0
2026-06-12 06:22:00+00:00,23381.15,23382.5,23377.9,23379.2,0
2026-06-12 06:23:00+00:00,23380.2,23380.3,23372.0,23378.45,0
2026-06-12 06:24:00+00:00,23379.75,23384.7,23379.2,23381.8,0
2026-06-12 06:25:00+00:00,23382.75,23383.8,23381.05,23382.6,0
2026-06-12 06:26:00+00:00,23383.95,23389.3,23381.75,23387.45,0
2026-06-12 06:27:00+00:00,23388.35,23388.4,23384.2,23385.9,0
2026-06-12 06:28:00+00:00,23387.35,23388.25,23383.1,23384.05,0
2026-06-12 06:29:00+00:00,23385.25,23385.25,23376.75,23378.2,0
2026-06-12 06:30:00+00:00,23380.1,23380.1,23372.05,23372.35,0
2026-06-12 06:31:00+00:00,23374.2,23379.1,23371.85,23377.35,0
2026-06-12 06:32:00+00:00,23378.5,23380.4,23376.7,23378.7,0
2026-06-12 06:33:00+00:00,23379.75,23381.05,23375.35,23376.05,0
2026-06-12 06:34:00+00:00,23377.0,23383.55,23375.55,23379.25,0
2026-06-12 06:35:00+00:00,23380.5,23381.2,23376.3,23377.4,0
2026-06-12 06:36:00+00:00,23378.05,23380.5,23375.6,23376.5,0
2026-06-12 06:37:00+00:00,23377.2,23379.95,23373.5,23373.9,0
2026-06-12 06:38:00+00:00,23375.5,23375.5,23366.15,23370.5,0
2026-06-12 06:39:00+00:00,23370.85,23371.85,23362.9,23363.45,0
2026-06-12 06:40:00+00:00,23365.35,23365.5,23356.95,23357.55,0
2026-06-12 06:41:00+00:00,23358.1,23358.5,23351.0,23355.9,0
2026-06-12 06:42:00+00:00,23357.35,23357.35,23350.2,23351.45,0
2026-06-12 06:43:00+00:00,23352.3,23352.3,23344.1,23345.55,0
2026-06-12 06:44:00+00:00,23346.6,23348.1,23343.35,23347.4,0
2026-06-12 06:45:00+00:00,23349.45,23351.85,23347.25,23348.85,0
2026-06-12 06:46:00+00:00,23349.7,23352.3,23348.25,23350.25,0
2026-06-12 06:47:00+00:00,23351.4,23353.15,23350.05,23352.3,0
2026-06-12 06:48:00+00:00,23353.5,23353.85,23344.15,23346.5,0
2026-06-12 06:49:00+00:00,23348.25,23348.4,23343.5,23346.2,0
2026-06-12 06:50:00+00:00,23346.9,23357.65,23345.85,23356.05,0
2026-06-12 06:51:00+00:00,23357.45,23360.9,23355.4,23360.25,0
2026-06-12 06:52:00+00:00,23361.15,23364.3,23357.45,23362.85,0
2026-06-12 06:53:00+00:00,23364.6,23365.55,23361.35,23363.45,0
2026-06-12 06:54:00+00:00,23364.6,23365.75,23361.6,23365.3,0
2026-06-12 06:55:00+00:00,23366.75,23368.1,23364.0,23368.1,0
2026-06-12 06:56:00+00:00,23368.95,23369.9,23364.6,23365.5,0
2026-06-12 06:57:00+00:00,23366.0,23368.8,23365.3,23366.65,0
2026-06-12 06:58:00+00:00,23368.3,23368.6,23364.15,23366.7,0
2026-06-12 06:59:00+00:00,23367.65,23367.65,23363.5,23365.3,0
2026-06-12 07:00:00+00:00,23365.9,23365.9,23354.3,23356.5,0
2026-06-12 07:01:00+00:00,23357.95,23359.0,23353.3,23353.85,0
2026-06-12 07:02:00+00:00,23354.7,23356.4,23352.35,23353.1,0
2026-06-12 07:03:00+00:00,23354.15,23354.8,23343.45,23344.45,0
2026-06-12 07:04:00+00:00,23346.5,23352.1,23343.7,23350.65,0
2026-06-12 07:05:00+00:00,23351.9,23351.9,23346.7,23347.3,0
2026-06-12 07:06:00+00:00,23348.8,23348.8,23343.75,23346.4,0
2026-06-12 07:07:00+00:00,23347.45,23347.8,23343.3,23345.65,0
2026-06-12 07:08:00+00:00,23346.65,23346.65,23342.55,23343.75,0
2026-06-12 07:09:00+00:00,23344.6,23345.65,23338.05,23342.65,0
2026-06-12 07:10:00+00:00,23343.75,23345.55,23337.8,23339.6,0
2026-06-12 07:11:00+00:00,23339.9,23340.3,23332.15,23333.45,0
2026-06-12 07:12:00+00:00,23334.4,23334.4,23329.4,23330.35,0
2026-06-12 07:13:00+00:00,23332.0,23332.0,23322.5,23323.25,0
2026-06-12 07:14:00+00:00,23324.0,23324.7,23320.3,23321.55,0
2026-06-12 07:15:00+00:00,23323.0,23323.35,23313.9,23319.85,0
2026-06-12 07:16:00+00:00,23321.65,23322.8,23316.15,23322.7,0
2026-06-12 07:17:00+00:00,23323.25,23325.85,23320.2,23320.3,0
2026-06-12 07:18:00+00:00,23321.7,23323.2,23318.2,23319.3,0
2026-06-12 07:19:00+00:00,23320.65,23320.65,23315.5,23317.15,0
2026-06-12 07:20:00+00:00,23318.05,23319.1,23314.55,23319.1,0
2026-06-12 07:21:00+00:00,23319.95,23325.0,23318.8,23324.55,0
2026-06-12 07:22:00+00:00,23325.45,23326.15,23321.15,23321.75,0
2026-06-12 07:23:00+00:00,23322.7,23324.15,23317.55,23324.0,0
2026-06-12 07:24:00+00:00,23324.65,23327.8,23319.9,23327.55,0
2026-06-12 07:25:00+00:00,23328.1,23328.1,23323.5,23324.55,0
2026-06-12 07:26:00+00:00,23325.85,23329.1,23322.6,23328.1,0
2026-06-12 07:27:00+00:00,23329.65,23329.9,23322.25,23322.75,0
2026-06-12 07:28:00+00:00,23323.95,23324.8,23319.75,23323.9,0
2026-06-12 07:29:00+00:00,23325.15,23325.8,23321.9,23325.3,0
2026-06-12 07:30:00+00:00,23326.75,23326.75,23322.25,23324.35,0
2026-06-12 07:31:00+00:00,23325.05,23328.75,23323.9,23327.55,0
2026-06-12 07:32:00+00:00,23328.95,23328.95,23324.15,23325.3,0
2026-06-12 07:33:00+00:00,23326.2,23333.6,23324.95,23332.1,0
2026-06-12 07:34:00+00:00,23333.35,23334.1,23329.85,23331.3,0
2026-06-12 07:35:00+00:00,23331.65,23338.85,23330.45,23338.45,0
2026-06-12 07:36:00+00:00,23340.3,23340.7,23336.45,23337.6,0
2026-06-12 07:37:00+00:00,23338.6,23338.6,23329.1,23330.05,0
2026-06-12 07:38:00+00:00,23330.75,23331.55,23328.75,23329.55,0
2026-06-12 07:39:00+00:00,23330.55,23334.3,23328.95,23334.25,0
2026-06-12 07:40:00+00:00,23335.0,23336.75,23333.7,23335.75,0
2026-06-12 07:41:00+00:00,23336.25,23339.6,23334.85,23339.05,0
2026-06-12 07:42:00+00:00,23340.15,23344.05,23335.9,23335.95,0
2026-06-12 07:43:00+00:00,23336.8,23336.9,23331.7,23332.65,0
2026-06-12 07:44:00+00:00,23333.25,23336.75,23329.1,23336.25,0
2026-06-12 07:45:00+00:00,23336.95,23340.85,23334.55,23340.75,0
2026-06-12 07:46:00+00:00,23341.1,23342.8,23338.4,23339.55,0
2026-06-12 07:47:00+00:00,23339.9,23342.7,23336.1,23342.1,0
2026-06-12 07:48:00+00:00,23343.85,23347.2,23339.9,23345.75,0
2026-06-12 07:49:00+00:00,23346.65,23348.0,23342.7,23343.2,0
2026-06-12 07:50:00+00:00,23344.4,23345.75,23342.1,23343.15,0
2026-06-12 07:51:00+00:00,23344.2,23345.45,23341.3,23342.15,0
2026-06-12 07:52:00+00:00,23342.9,23345.15,23342.25,23344.2,0
2026-06-12 07:53:00+00:00,23345.15,23347.1,23343.0,23343.2,0
2026-06-12 07:54:00+00:00,23345.1,23345.1,23330.0,23331.05,0
2026-06-12 07:55:00+00:00,23332.05,23332.05,23321.6,23323.4,0
2026-06-12 07:56:00+00:00,23324.0,23355.35,23322.8,23355.35,0
2026-06-12 07:57:00+00:00,23357.3,23390.5,23357.3,23372.3,0
2026-06-12 07:58:00+00:00,23373.05,23383.95,23372.1,23383.3,0
2026-06-12 07:59:00+00:00,23384.75,23392.5,23383.85,23388.95,0
2026-06-12 08:00:00+00:00,23390.4,23403.2,23389.05,23394.8,0
2026-06-12 08:01:00+00:00,23396.4,23407.7,23391.6,23404.9,0
2026-06-12 08:02:00+00:00,23406.95,23420.35,23405.5,23420.35,0
2026-06-12 08:03:00+00:00,23421.4,23427.2,23421.25,23423.75,0
2026-06-12 08:04:00+00:00,23426.0,23429.85,23419.4,23426.55,0
2026-06-12 08:05:00+00:00,23426.7,23431.65,23424.35,23431.55,0
2026-06-12 08:06:00+00:00,23432.8,23444.25,23430.1,23442.65,0
2026-06-12 08:07:00+00:00,23444.05,23453.3,23443.15,23453.3,0
2026-06-12 08:08:00+00:00,23455.05,23459.35,23452.05,23456.1,0
2026-06-12 08:09:00+00:00,23457.4,23463.85,23454.7,23461.7,0
2026-06-12 08:10:00+00:00,23463.45,23476.6,23461.55,23475.7,0
2026-06-12 08:11:00+00:00,23477.05,23480.25,23460.9,23467.6,0
2026-06-12 08:12:00+00:00,23468.9,23468.9,23459.5,23460.45,0
2026-06-12 08:13:00+00:00,23459.75,23468.35,23459.1,23468.35,0
2026-06-12 08:14:00+00:00,23469.6,23475.75,23467.2,23474.6,0
2026-06-12 08:15:00+00:00,23476.15,23478.55,23468.45,23470.9,0
2026-06-12 08:16:00+00:00,23473.7,23484.4,23471.0,23482.15,0
2026-06-12 08:17:00+00:00,23483.45,23495.6,23480.55,23494.95,0
2026-06-12 08:18:00+00:00,23496.1,23496.3,23486.75,23494.05,0
2026-06-12 08:19:00+00:00,23494.95,23498.4,23491.05,23492.0,0
2026-06-12 08:20:00+00:00,23494.55,23494.55,23475.3,23478.55,0
2026-06-12 08:21:00+00:00,23479.95,23490.7,23477.7,23490.45,0
2026-06-12 08:22:00+00:00,23491.1,23496.95,23489.75,23492.05,0
2026-06-12 08:23:00+00:00,23492.75,23492.75,23488.05,23491.15,0
2026-06-12 08:24:00+00:00,23491.95,23493.7,23485.65,23489.05,0
2026-06-12 08:25:00+00:00,23489.85,23495.75,23487.8,23491.85,0
2026-06-12 08:26:00+00:00,23493.45,23493.5,23486.05,23492.0,0
2026-06-12 08:27:00+00:00,23493.65,23505.5,23491.5,23504.85,0
2026-06-12 08:28:00+00:00,23506.15,23506.15,23496.95,23504.45,0
2026-06-12 08:29:00+00:00,23505.8,23511.25,23502.6,23507.45,0
2026-06-12 08:30:00+00:00,23509.7,23512.0,23503.95,23507.4,0
2026-06-12 08:31:00+00:00,23508.0,23508.4,23496.6,23497.35,0
2026-06-12 08:32:00+00:00,23498.8,23504.15,23496.7,23502.5,0
2026-06-12 08:33:00+00:00,23504.0,23514.85,23501.85,23512.4,0
2026-06-12 08:34:00+00:00,23514.35,23519.35,23510.2,23519.2,0
2026-06-12 08:35:00+00:00,23520.25,23523.4,23510.55,23512.45,0
2026-06-12 08:36:00+00:00,23513.65,23516.05,23506.5,23511.95,0
2026-06-12 08:37:00+00:00,23513.15,23513.15,23507.7,23511.95,0
2026-06-12 08:38:00+00:00,23512.6,23512.6,23507.55,23509.65,0
2026-06-12 08:39:00+00:00,23510.45,23511.3,23506.35,23509.35,0
2026-06-12 08:40:00+00:00,23510.15,23511.0,23497.2,23498.3,0
2026-06-12 08:41:00+00:00,23499.5,23512.3,23496.55,23511.3,0
2026-06-12 08:42:00+00:00,23512.9,23517.25,23509.2,23513.9,0
2026-06-12 08:43:00+00:00,23515.4,23521.6,23512.25,23520.85,0
2026-06-12 08:44:00+00:00,23521.8,23531.6,23520.5,23527.5,0
2026-06-12 08:45:00+00:00,23528.2,23535.15,23527.25,23533.9,0
2026-06-12 08:46:00+00:00,23536.25,23536.95,23525.9,23530.15,0
2026-06-12 08:47:00+00:00,23532.25,23536.05,23528.65,23529.05,0
2026-06-12 08:48:00+00:00,23530.4,23532.85,23524.6,23532.85,0
2026-06-12 08:49:00+00:00,23533.7,23537.9,23531.55,23535.75,0
2026-06-12 08:50:00+00:00,23536.7,23538.8,23526.95,23532.4,0
2026-06-12 08:51:00+00:00,23533.0,23535.5,23527.1,23535.5,0
2026-06-12 08:52:00+00:00,23535.65,23536.05,23530.9,23534.4,0
2026-06-12 08:53:00+00:00,23534.6,23535.7,23530.45,23534.9,0
2026-06-12 08:54:00+00:00,23536.2,23539.75,23532.7,23534.1,0
2026-06-12 08:55:00+00:00,23535.15,23536.85,23527.65,23528.55,0
2026-06-12 08:56:00+00:00,23529.85,23531.7,23525.3,23526.5,0
2026-06-12 08:57:00+00:00,23527.45,23535.3,23525.5,23532.9,0
2026-06-12 08:58:00+00:00,23533.55,23543.35,23530.2,23543.0,0
2026-06-12 08:59:00+00:00,23543.85,23550.3,23541.75,23547.8,0
2026-06-12 09:00:00+00:00,23549.3,23551.25,23542.5,23549.75,0
2026-06-12 09:01:00+00:00,23551.4,23557.1,23549.75,23550.55,0
2026-06-12 09:02:00+00:00,23552.45,23557.6,23548.85,23553.9,0
2026-06-12 09:03:00+00:00,23554.55,23555.85,23550.8,23553.1,0
2026-06-12 09:04:00+00:00,23553.9,23553.9,23546.8,23548.7,0
2026-06-12 09:05:00+00:00,23550.05,23550.05,23537.05,23537.05,0
2026-06-12 09:06:00+00:00,23539.3,23539.55,23532.9,23538.2,0
2026-06-12 09:07:00+00:00,23538.85,23542.7,23536.85,23541.75,0
2026-06-12 09:08:00+00:00,23542.95,23546.2,23541.3,23545.5,0
2026-06-12 09:09:00+00:00,23546.8,23568.6,23544.15,23568.1,0
2026-06-12 09:10:00+00:00,23569.4,23576.95,23568.9,23576.9,0
2026-06-12 09:11:00+00:00,23577.1,23577.3,23554.05,23555.4,0
2026-06-12 09:12:00+00:00,23557.6,23560.85,23554.95,23558.5,0
2026-06-12 09:13:00+00:00,23559.6,23564.85,23558.05,23564.05,0
2026-06-12 09:14:00+00:00,23565.9,23571.7,23561.95,23569.75,0
2026-06-12 09:15:00+00:00,23571.85,23572.75,23568.35,23570.7,0
2026-06-12 09:16:00+00:00,23572.15,23582.3,23569.9,23580.7,0
2026-06-12 09:17:00+00:00,23581.4,23582.6,23576.65,23580.65,0
2026-06-12 09:18:00+00:00,23581.15,23588.05,23579.55,23587.6,0
2026-06-12 09:19:00+00:00,23587.95,23589.65,23584.45,23588.8,0
2026-06-12 09:20:00+00:00,23589.85,23596.3,23588.0,23594.85,0
2026-06-12 09:21:00+00:00,23594.9,23597.8,23590.2,23592.2,0
2026-06-12 09:22:00+00:00,23593.15,23599.8,23588.5,23599.0,0
2026-06-12 09:23:00+00:00,23599.65,23602.35,23594.3,23602.35,0
2026-06-12 09:24:00+00:00,23602.8,23607.55,23600.6,23605.5,0
2026-06-12 09:25:00+00:00,23605.45,23606.4,23599.95,23605.7,0
2026-06-12 09:26:00+00:00,23606.1,23607.5,23600.4,23602.1,0
2026-06-12 09:27:00+00:00,23602.5,23609.85,23600.7,23606.25,0
2026-06-12 09:28:00+00:00,23607.05,23612.45,23603.35,23611.4,0
2026-06-12 09:29:00+00:00,23612.1,23616.95,23606.95,23608.15,0
2026-06-12 09:30:00+00:00,23607.95,23607.95,23584.55,23595.3,0
2026-06-12 09:31:00+00:00,23595.55,23595.55,23581.65,23585.15,0
2026-06-12 09:32:00+00:00,23585.7,23617.75,23584.9,23617.05,0
2026-06-12 09:33:00+00:00,23617.55,23639.4,23617.4,23631.95,0
2026-06-12 09:34:00+00:00,23632.35,23636.65,23625.2,23635.9,0
2026-06-12 09:35:00+00:00,23636.05,23641.75,23630.35,23641.5,0
2026-06-12 09:36:00+00:00,23642.15,23645.35,23639.1,23643.1,0
2026-06-12 09:37:00+00:00,23643.25,23644.8,23632.85,23634.85,0
2026-06-12 09:38:00+00:00,23636.65,23636.65,23625.45,23632.05,0
2026-06-12 09:39:00+00:00,23630.6,23631.1,23619.05,23620.05,0
2026-06-12 09:40:00+00:00,23621.2,23621.2,23607.5,23612.4,0
2026-06-12 09:41:00+00:00,23612.75,23618.2,23607.4,23618.0,0
2026-06-12 09:42:00+00:00,23618.55,23623.55,23615.55,23620.85,0
2026-06-12 09:43:00+00:00,23620.0,23622.2,23617.05,23619.85,0
2026-06-12 09:44:00+00:00,23621.35,23624.1,23618.2,23621.8,0
2026-06-12 09:45:00+00:00,23620.95,23621.25,23612.15,23616.85,0
2026-06-12 09:46:00+00:00,23617.35,23624.0,23616.65,23622.3,0
2026-06-12 09:47:00+00:00,23623.15,23626.15,23618.8,23625.5,0
2026-06-12 09:48:00+00:00,23625.9,23636.7,23624.3,23631.95,0
2026-06-12 09:49:00+00:00,23632.5,23632.5,23624.1,23629.1,0
2026-06-12 09:50:00+00:00,23630.25,23630.25,23620.1,23621.9,0
2026-06-12 09:51:00+00:00,23623.55,23629.45,23622.15,23626.05,0
2026-06-12 09:52:00+00:00,23626.8,23628.6,23623.25,23624.4,0
2026-06-12 09:53:00+00:00,23625.45,23626.25,23620.75,23621.95,0
2026-06-12 09:54:00+00:00,23622.4,23623.55,23614.6,23622.55,0
2026-06-12 09:55:00+00:00,23623.35,23627.4,23620.2,23626.45,0
2026-06-12 09:56:00+00:00,23627.5,23633.8,23626.0,23630.4,0
2026-06-12 09:57:00+00:00,23630.15,23634.45,23626.85,23629.4,0
2026-06-12 09:58:00+00:00,23635.15,23635.15,23625.2,23629.7,0
2026-06-12 09:59:00+00:00,23629.5,23639.35,23622.75,23631.75,0
2026-06-15 03:45:00+00:00,23984.85,24011.4,23943.45,23962.15,0
2026-06-15 03:46:00+00:00,23963.8,23972.8,23949.35,23961.75,0
2026-06-15 03:47:00+00:00,23963.7,23969.3,23958.4,23961.6,0
2026-06-15 03:48:00+00:00,23963.2,23977.5,23958.5,23959.55,0
2026-06-15 03:49:00+00:00,23960.7,23960.7,23934.1,23946.2,0
2026-06-15 03:50:00+00:00,23948.15,23958.3,23943.9,23949.7,0
2026-06-15 03:51:00+00:00,23951.05,23958.2,23944.8,23947.2,0
2026-06-15 03:52:00+00:00,23951.1,23960.15,23947.2,23960.15,0
2026-06-15 03:53:00+00:00,23959.15,23961.3,23952.8,23959.85,0
2026-06-15 03:54:00+00:00,23960.7,23962.3,23951.55,23956.75,0
2026-06-15 03:55:00+00:00,23960.05,23962.3,23943.25,23947.3,0
2026-06-15 03:56:00+00:00,23949.35,23950.4,23941.3,23949.05,0
2026-06-15 03:57:00+00:00,23949.35,23954.65,23938.45,23939.95,0
2026-06-15 03:58:00+00:00,23940.3,23950.6,23939.55,23943.2,0
2026-06-15 03:59:00+00:00,23947.6,23949.9,23940.35,23946.15,0
2026-06-15 04:00:00+00:00,23947.05,23952.1,23943.0,23948.1,0
2026-06-15 04:01:00+00:00,23948.45,23951.75,23943.85,23945.5,0
2026-06-15 04:02:00+00:00,23946.9,23947.25,23927.35,23932.35,0
2026-06-15 04:03:00+00:00,23934.1,23942.0,23930.65,23941.2,0
2026-06-15 04:04:00+00:00,23941.2,23950.6,23939.45,23946.7,0
2026-06-15 04:05:00+00:00,23948.65,23950.4,23934.15,23937.65,0
2026-06-15 04:06:00+00:00,23939.3,23947.0,23935.8,23947.0,0
2026-06-15 04:07:00+00:00,23949.5,23949.5,23935.65,23938.2,0
2026-06-15 04:08:00+00:00,23939.2,23940.3,23931.85,23937.4,0
2026-06-15 04:09:00+00:00,23939.5,23945.4,23935.85,23937.9,0
2026-06-15 04:10:00+00:00,23938.85,23950.4,23938.6,23948.75,0
2026-06-15 04:11:00+00:00,23949.45,23951.45,23943.75,23950.6,0
2026-06-15 04:12:00+00:00,23952.7,23958.85,23948.85,23951.9,0
2026-06-15 04:13:00+00:00,23953.8,23959.55,23949.9,23958.8,0
2026-06-15 04:14:00+00:00,23961.75,23965.9,23954.8,23965.7,0
2026-06-15 04:15:00+00:00,23966.55,23972.25,23963.25,23969.55,0
2026-06-15 04:16:00+00:00,23971.4,23975.7,23968.45,23973.55,0
2026-06-15 04:17:00+00:00,23974.75,23980.45,23971.5,23972.55,0
2026-06-15 04:18:00+00:00,23974.35,23977.6,23968.25,23976.3,0
2026-06-15 04:19:00+00:00,23977.45,23977.75,23967.95,23972.15,0
2026-06-15 04:20:00+00:00,23971.35,23975.15,23966.05,23967.25,0
2026-06-15 04:21:00+00:00,23967.1,23968.8,23963.95,23965.0,0
2026-06-15 04:22:00+00:00,23966.05,23973.05,23962.9,23966.2,0
2026-06-15 04:23:00+00:00,23965.6,23967.75,23957.95,23960.8,0
2026-06-15 04:24:00+00:00,23962.95,23962.95,23955.25,23958.1,0
2026-06-15 04:25:00+00:00,23959.15,23960.85,23953.1,23954.1,0
2026-06-15 04:26:00+00:00,23955.5,23958.0,23950.25,23953.25,0
2026-06-15 04:27:00+00:00,23955.1,23955.1,23947.5,23951.6,0
2026-06-15 04:28:00+00:00,23954.25,23955.5,23940.1,23943.45,0
2026-06-15 04:29:00+00:00,23944.3,23949.45,23939.75,23945.95,0
2026-06-15 04:30:00+00:00,23946.9,23957.3,23945.9,23957.3,0
2026-06-15 04:31:00+00:00,23959.1,23967.95,23954.65,23967.7,0
2026-06-15 04:32:00+00:00,23968.2,23968.2,23960.9,23964.1,0
2026-06-15 04:33:00+00:00,23963.75,23964.0,23951.95,23958.85,0
2026-06-15 04:34:00+00:00,23960.15,23962.1,23955.4,23958.25,0
2026-06-15 04:35:00+00:00,23959.0,23960.5,23955.95,23956.75,0
2026-06-15 04:36:00+00:00,23958.1,23958.1,23947.6,23951.8,0
2026-06-15 04:37:00+00:00,23952.7,23952.7,23941.85,23944.85,0
2026-06-15 04:38:00+00:00,23945.75,23946.6,23940.65,23945.55,0
2026-06-15 04:39:00+00:00,23946.1,23949.4,23944.75,23946.35,0
2026-06-15 04:40:00+00:00,23947.25,23952.6,23944.85,23950.2,0
2026-06-15 04:41:00+00:00,23951.2,23951.2,23944.15,23945.25,0
2026-06-15 04:42:00+00:00,23946.4,23946.4,23935.6,23935.6,0
2026-06-15 04:43:00+00:00,23937.8,23942.2,23933.55,23938.85,0
2026-06-15 04:44:00+00:00,23940.0,23946.7,23938.4,23945.05,0
2026-06-15 04:45:00+00:00,23946.0,23948.45,23940.65,23943.25,0
2026-06-15 04:46:00+00:00,23944.35,23944.35,23938.0,23940.3,0
2026-06-15 04:47:00+00:00,23942.35,23943.45,23936.55,23939.35,0
2026-06-15 04:48:00+00:00,23940.85,23941.2,23936.55,23938.65,0
2026-06-15 04:49:00+00:00,23941.4,23943.75,23938.85,23941.65,0
2026-06-15 04:50:00+00:00,23943.15,23943.15,23935.6,23940.3,0
2026-06-15 04:51:00+00:00,23941.75,23954.3,23939.75,23948.9,0
2026-06-15 04:52:00+00:00,23950.35,23955.0,23948.25,23952.55,0
2026-06-15 04:53:00+00:00,23954.1,23954.1,23947.85,23949.1,0
2026-06-15 04:54:00+00:00,23950.1,23952.95,23948.05,23948.85,0
2026-06-15 04:55:00+00:00,23950.7,23951.55,23943.85,23948.2,0
2026-06-15 04:56:00+00:00,23949.05,23954.45,23946.3,23951.8,0
2026-06-15 04:57:00+00:00,23952.9,23954.8,23950.6,23952.4,0
2026-06-15 04:58:00+00:00,23954.25,23959.15,23950.3,23957.9,0
2026-06-15 04:59:00+00:00,23959.25,23968.65,23956.45,23962.55,0
2026-06-15 05:00:00+00:00,23964.9,23970.1,23962.55,23969.05,0
2026-06-15 05:01:00+00:00,23970.65,23973.25,23966.15,23970.55,0
2026-06-15 05:02:00+00:00,23972.55,23972.55,23961.95,23965.55,0
2026-06-15 05:03:00+00:00,23966.25,23973.0,23964.3,23971.25,0
2026-06-15 05:04:00+00:00,23973.5,23973.5,23967.4,23972.6,0
2026-06-15 05:05:00+00:00,23973.05,23973.15,23969.25,23969.5,0
2026-06-15 05:06:00+00:00,23970.6,23972.5,23966.85,23970.0,0
2026-06-15 05:07:00+00:00,23971.3,23972.15,23967.15,23971.1,0
2026-06-15 05:08:00+00:00,23972.15,23977.05,23970.1,23973.85,0
2026-06-15 05:09:00+00:00,23976.6,23976.6,23969.15,23973.6,0
2026-06-15 05:10:00+00:00,23974.7,23976.3,23969.65,23976.3,0
2026-06-15 05:11:00+00:00,23976.9,23981.8,23975.25,23979.0,0
2026-06-15 05:12:00+00:00,23978.65,23982.15,23976.4,23981.0,0
2026-06-15 05:13:00+00:00,23981.7,23982.1,23977.4,23980.45,0
2026-06-15 05:14:00+00:00,23982.0,23982.0,23976.1,23978.45,0
2026-06-15 05:15:00+00:00,23979.65,23983.2,23974.75,23981.85,0
2026-06-15 05:16:00+00:00,23983.1,23983.75,23978.7,23981.65,0
2026-06-15 05:17:00+00:00,23983.1,23991.2,23981.2,23987.4,0
2026-06-15 05:18:00+00:00,23988.3,23988.8,23982.75,23983.1,0
2026-06-15 05:19:00+00:00,23984.3,23989.45,23981.1,23989.15,0
2026-06-15 05:20:00+00:00,23989.6,23999.45,23989.6,23997.1,0
2026-06-15 05:21:00+00:00,23999.1,24004.55,23994.8,24002.95,0
2026-06-15 05:22:00+00:00,24005.4,24008.3,24002.05,24006.85,0
2026-06-15 05:23:00+00:00,24008.9,24008.9,24000.35,24000.85,0
2026-06-15 05:24:00+00:00,24001.4,24001.4,23993.05,23995.5,0
2026-06-15 05:25:00+00:00,23997.35,24001.2,23995.25,24000.55,0
2026-06-15 05:26:00+00:00,24001.85,24003.55,23996.85,24002.2,0
2026-06-15 05:27:00+00:00,24002.55,24009.1,23998.65,24006.5,0
2026-06-15 05:28:00+00:00,24007.0,24007.35,24000.3,24002.4,0
2026-06-15 05:29:00+00:00,24003.35,24007.6,24000.95,24002.1,0
2026-06-15 05:30:00+00:00,24001.4,24003.6,23995.35,23997.15,0
2026-06-15 05:31:00+00:00,23997.05,23997.7,23985.5,23987.85,0
2026-06-15 05:32:00+00:00,23989.15,23989.15,23977.6,23977.6,0
2026-06-15 05:33:00+00:00,23978.5,23979.15,23971.55,23977.0,0
2026-06-15 05:34:00+00:00,23980.15,23982.6,23976.6,23982.1,0
2026-06-15 05:35:00+00:00,23983.25,23983.5,23973.9,23977.0,0
2026-06-15 05:36:00+00:00,23978.25,23978.25,23971.55,23973.85,0
2026-06-15 05:37:00+00:00,23974.2,23982.4,23970.9,23982.0,0
2026-06-15 05:38:00+00:00,23982.95,23984.05,23980.2,23980.75,0
2026-06-15 05:39:00+00:00,23981.15,23983.65,23978.95,23979.35,0
2026-06-15 05:40:00+00:00,23980.7,23984.3,23975.8,23982.05,0
2026-06-15 05:41:00+00:00,23983.65,23984.4,23973.5,23976.0,0
2026-06-15 05:42:00+00:00,23976.2,23980.05,23970.8,23974.7,0
2026-06-15 05:43:00+00:00,23975.75,23975.75,23969.35,23969.75,0
2026-06-15 05:44:00+00:00,23971.5,23973.4,23966.3,23967.85,0
2026-06-15 05:45:00+00:00,23968.2,23972.4,23964.3,23965.55,0
2026-06-15 05:46:00+00:00,23966.95,23968.55,23962.5,23965.6,0
2026-06-15 05:47:00+00:00,23966.8,23967.1,23962.6,23966.3,0
2026-06-15 05:48:00+00:00,23966.55,23973.5,23965.3,23973.5,0
2026-06-15 05:49:00+00:00,23973.35,23973.35,23967.05,23971.3,0
2026-06-15 05:50:00+00:00,23972.3,23974.65,23967.35,23968.4,0
2026-06-15 05:51:00+00:00,23971.2,23972.0,23967.9,23968.5,0
2026-06-15 05:52:00+00:00,23969.95,23969.95,23962.2,23965.4,0
2026-06-15 05:53:00+00:00,23966.8,23967.2,23963.4,23965.8,0
2026-06-15 05:54:00+00:00,23965.85,23968.0,23963.05,23964.75,0
2026-06-15 05:55:00+00:00,23965.1,23968.75,23964.8,23967.55,0
2026-06-15 05:56:00+00:00,23968.8,23971.65,23967.1,23970.4,0
2026-06-15 05:57:00+00:00,23971.5,23974.4,23970.55,23972.55,0
2026-06-15 05:58:00+00:00,23972.9,23982.95,23972.0,23979.0,0
2026-06-15 05:59:00+00:00,23979.05,23980.45,23974.85,23978.45,0
2026-06-15 06:00:00+00:00,23977.95,23979.8,23975.1,23975.55,0
2026-06-15 06:01:00+00:00,23974.15,23976.95,23968.25,23968.9,0
2026-06-15 06:02:00+00:00,23969.0,23973.4,23968.2,23972.6,0
2026-06-15 06:03:00+00:00,23972.5,23972.7,23961.95,23963.75,0
2026-06-15 06:04:00+00:00,23961.4,23965.95,23961.15,23965.3,0
2026-06-15 06:05:00+00:00,23963.25,23967.4,23963.25,23965.65,0
2026-06-15 06:06:00+00:00,23966.7,23967.25,23963.25,23965.0,0
2026-06-15 06:07:00+00:00,23965.9,23967.95,23963.8,23967.15,0
2026-06-15 06:08:00+00:00,23968.25,23969.55,23961.45,23965.7,0
2026-06-15 06:09:00+00:00,23965.55,23968.45,23962.6,23966.8,0
2026-06-15 06:10:00+00:00,23967.6,23970.15,23965.4,23969.15,0
2026-06-15 06:11:00+00:00,23969.5,23971.2,23964.3,23965.5,0
2026-06-15 06:12:00+00:00,23967.3,23970.3,23963.25,23965.55,0
2026-06-15 06:13:00+00:00,23965.0,23967.35,23963.7,23965.1,0
2026-06-15 06:14:00+00:00,23965.25,23965.55,23957.25,23957.25,0
2026-06-15 06:15:00+00:00,23958.1,23958.4,23950.7,23952.05,0
2026-06-15 06:16:00+00:00,23952.65,23955.55,23950.1,23953.4,0
2026-06-15 06:17:00+00:00,23951.05,23959.4,23950.0,23959.15,0
2026-06-15 06:18:00+00:00,23957.95,23959.05,23953.4,23956.1,0
2026-06-15 06:19:00+00:00,23958.2,23963.1,23952.8,23961.25,0
2026-06-15 06:20:00+00:00,23961.45,23961.45,23955.65,23959.6,0
2026-06-15 06:21:00+00:00,23959.0,23963.65,23958.95,23962.6,0
2026-06-15 06:22:00+00:00,23963.2,23965.25,23961.7,23963.65,0
2026-06-15 06:23:00+00:00,23963.75,23970.55,23962.65,23968.65,0
2026-06-15 06:24:00+00:00,23970.1,23970.15,23965.4,23966.85,0
2026-06-15 06:25:00+00:00,23967.6,23969.9,23966.4,23969.05,0
2026-06-15 06:26:00+00:00,23969.15,23970.05,23962.4,23964.85,0
2026-06-15 06:27:00+00:00,23964.8,23966.7,23962.7,23965.3,0
2026-06-15 06:28:00+00:00,23965.85,23965.85,23956.7,23960.8,0
2026-06-15 06:29:00+00:00,23960.6,23961.6,23957.05,23961.35,0
2026-06-15 06:30:00+00:00,23961.65,23965.75,23959.3,23960.85,0
2026-06-15 06:31:00+00:00,23961.55,23961.85,23955.95,23958.0,0
2026-06-15 06:32:00+00:00,23958.9,23960.5,23953.35,23954.55,0
2026-06-15 06:33:00+00:00,23954.35,23957.0,23950.15,23953.75,0
2026-06-15 06:34:00+00:00,23953.85,23954.95,23949.1,23949.9,0
2026-06-15 06:35:00+00:00,23951.55,23951.7,23941.25,23941.65,0
2026-06-15 06:36:00+00:00,23941.95,23947.5,23938.25,23946.0,0
2026-06-15 06:37:00+00:00,23947.25,23947.25,23940.9,23940.9,0
2026-06-15 06:38:00+00:00,23940.8,23943.8,23937.9,23938.7,0
2026-06-15 06:39:00+00:00,23939.95,23941.0,23933.25,23935.45,0
2026-06-15 06:40:00+00:00,23935.75,23935.75,23930.05,23934.3,0
2026-06-15 06:41:00+00:00,23934.35,23938.1,23933.95,23936.8,0
2026-06-15 06:42:00+00:00,23936.65,23940.8,23935.3,23936.3,0
2026-06-15 06:43:00+00:00,23935.95,23938.7,23933.6,23934.6,0
2026-06-15 06:44:00+00:00,23934.95,23935.45,23930.2,23931.8,0
2026-06-15 06:45:00+00:00,23930.7,23932.95,23923.4,23923.4,0
2026-06-15 06:46:00+00:00,23924.0,23924.85,23909.9,23911.5,0
2026-06-15 06:47:00+00:00,23910.3,23913.25,23905.8,23906.5,0
2026-06-15 06:48:00+00:00,23908.05,23915.5,23907.4,23914.4,0
2026-06-15 06:49:00+00:00,23916.0,23916.3,23906.6,23907.45,0
2026-06-15 06:50:00+00:00,23908.65,23909.65,23903.05,23907.85,0
2026-06-15 06:51:00+00:00,23909.35,23914.4,23909.05,23912.7,0
2026-06-15 06:52:00+00:00,23913.75,23919.7,23913.5,23917.0,0
2026-06-15 06:53:00+00:00,23915.6,23918.55,23914.0,23916.65,0
2026-06-15 06:54:00+00:00,23916.4,23916.9,23911.3,23913.15,0
2026-06-15 06:55:00+00:00,23914.2,23915.2,23906.85,23908.55,0
2026-06-15 06:56:00+00:00,23907.8,23908.3,23903.7,23905.6,0
2026-06-15 06:57:00+00:00,23905.85,23908.95,23903.6,23908.1,0
2026-06-15 06:58:00+00:00,23908.05,23909.9,23900.85,23900.9,0
2026-06-15 06:59:00+00:00,23901.6,23901.95,23893.8,23894.75,0
2026-06-15 07:00:00+00:00,23896.0,23900.55,23892.35,23897.75,0
2026-06-15 07:01:00+00:00,23897.8,23901.3,23894.7,23895.15,0
2026-06-15 07:02:00+00:00,23896.65,23900.55,23895.2,23898.7,0
2026-06-15 07:03:00+00:00,23898.85,23900.5,23896.3,23898.05,0
2026-06-15 07:04:00+00:00,23898.75,23907.1,23895.3,23906.3,0
2026-06-15 07:05:00+00:00,23906.7,23916.55,23905.8,23915.65,0
2026-06-15 07:06:00+00:00,23915.7,23917.8,23913.85,23915.7,0
2026-06-15 07:07:00+00:00,23916.2,23916.2,23911.25,23912.2,0
2026-06-15 07:08:00+00:00,23912.35,23914.75,23910.45,23913.25,0
2026-06-15 07:09:00+00:00,23914.45,23914.45,23905.05,23906.85,0
2026-06-15 07:10:00+00:00,23907.0,23907.9,23900.1,23902.15,0
2026-06-15 07:11:00+00:00,23902.35,23903.0,23898.55,23899.35,0
2026-06-15 07:12:00+00:00,23899.4,23904.6,23897.35,23904.3,0
2026-06-15 07:13:00+00:00,23905.2,23909.9,23904.05,23907.7,0
2026-06-15 07:14:00+00:00,23908.45,23913.35,23908.1,23912.85,0
2026-06-15 07:15:00+00:00,23913.55,23913.75,23909.9,23913.05,0
2026-06-15 07:16:00+00:00,23912.95,23913.95,23907.7,23908.2,0
2026-06-15 07:17:00+00:00,23909.35,23910.0,23905.95,23908.85,0
2026-06-15 07:18:00+00:00,23908.55,23908.6,23900.9,23901.75,0
2026-06-15 07:19:00+00:00,23902.7,23902.7,23898.1,23899.6,0
2026-06-15 07:20:00+00:00,23900.1,23906.25,23896.65,23905.8,0
2026-06-15 07:21:00+00:00,23907.5,23907.95,23901.95,23903.15,0
2026-06-15 07:22:00+00:00,23903.45,23904.05,23899.65,23903.65,0
2026-06-15 07:23:00+00:00,23903.45,23904.45,23900.0,23901.5,0
2026-06-15 07:24:00+00:00,23901.8,23906.3,23901.4,23903.4,0
2026-06-15 07:25:00+00:00,23903.7,23908.3,23903.15,23907.15,0
2026-06-15 07:26:00+00:00,23906.95,23912.5,23905.2,23906.75,0
2026-06-15 07:27:00+00:00,23906.3,23910.5,23904.9,23907.9,0
2026-06-15 07:28:00+00:00,23908.0,23909.65,23907.0,23908.7,0
2026-06-15 07:29:00+00:00,23909.1,23911.95,23905.4,23906.95,0
2026-06-15 07:30:00+00:00,23907.85,23908.25,23900.05,23900.4,0
2026-06-15 07:31:00+00:00,23901.3,23901.5,23896.3,23898.05,0
2026-06-15 07:32:00+00:00,23898.1,23903.65,23896.55,23901.15,0
2026-06-15 07:33:00+00:00,23900.8,23901.5,23892.8,23896.9,0
2026-06-15 07:34:00+00:00,23896.9,23898.7,23894.95,23897.6,0
2026-06-15 07:35:00+00:00,23897.15,23900.9,23897.15,23898.35,0
2026-06-15 07:36:00+00:00,23898.5,23901.1,23893.95,23901.05,0
2026-06-15 07:37:00+00:00,23902.3,23905.05,23899.15,23903.65,0
2026-06-15 07:38:00+00:00,23903.7,23906.0,23901.4,23905.25,0
2026-06-15 07:39:00+00:00,23905.35,23912.7,23904.35,23912.5,0
2026-06-15 07:40:00+00:00,23913.65,23930.95,23912.0,23930.35,0
2026-06-15 07:41:00+00:00,23930.5,23932.65,23926.05,23931.35,0
2026-06-15 07:42:00+00:00,23932.7,23935.0,23931.4,23932.9,0
2026-06-15 07:43:00+00:00,23933.4,23933.4,23918.65,23921.4,0
2026-06-15 07:44:00+00:00,23920.9,23922.2,23915.3,23916.1,0
2026-06-15 07:45:00+00:00,23916.55,23916.65,23905.15,23907.25,0
2026-06-15 07:46:00+00:00,23907.05,23911.8,23905.25,23909.6,0
2026-06-15 07:47:00+00:00,23910.2,23917.9,23909.65,23914.05,0
2026-06-15 07:48:00+00:00,23914.1,23915.1,23906.75,23907.9,0
2026-06-15 07:49:00+00:00,23907.95,23908.55,23897.2,23899.05,0
2026-06-15 07:50:00+00:00,23899.75,23903.7,23897.9,23900.55,0
2026-06-15 07:51:00+00:00,23900.1,23903.7,23899.3,23901.7,0
2026-06-15 07:52:00+00:00,23900.95,23904.75,23900.2,23904.65,0
2026-06-15 07:53:00+00:00,23904.9,23909.05,23903.95,23908.0,0
2026-06-15 07:54:00+00:00,23908.8,23916.35,23908.3,23913.35,0
2026-06-15 07:55:00+00:00,23912.9,23915.15,23907.2,23911.7,0
2026-06-15 07:56:00+00:00,23912.65,23916.35,23910.7,23910.7,0
2026-06-15 07:57:00+00:00,23911.9,23913.1,23904.95,23904.95,0
2026-06-15 07:58:00+00:00,23906.55,23907.95,23903.2,23903.85,0
2026-06-15 07:59:00+00:00,23905.85,23909.95,23903.7,23906.65,0
2026-06-15 08:00:00+00:00,23907.5,23909.0,23904.5,23906.6,0
2026-06-15 08:01:00+00:00,23906.85,23906.85,23903.2,23904.45,0
2026-06-15 08:02:00+00:00,23905.4,23905.55,23900.4,23901.9,0
2026-06-15 08:03:00+00:00,23903.7,23908.65,23902.65,23907.4,0
2026-06-15 08:04:00+00:00,23907.6,23913.1,23906.0,23907.85,0
2026-06-15 08:05:00+00:00,23908.4,23911.8,23907.0,23908.8,0
2026-06-15 08:06:00+00:00,23909.95,23912.05,23907.6,23910.75,0
2026-06-15 08:07:00+00:00,23910.95,23911.7,23905.35,23905.55,0
2026-06-15 08:08:00+00:00,23906.3,23906.3,23902.25,23902.25,0
2026-06-15 08:09:00+00:00,23904.05,23904.55,23895.35,23902.6,0
2026-06-15 08:10:00+00:00,23902.75,23903.45,23891.45,23892.5,0
2026-06-15 08:11:00+00:00,23892.95,23898.05,23883.8,23897.45,0
2026-06-15 08:12:00+00:00,23898.15,23898.45,23890.95,23898.25,0
2026-06-15 08:13:00+00:00,23898.5,23906.7,23892.7,23899.85,0
2026-06-15 08:14:00+00:00,23901.95,23901.95,23893.15,23893.95,0
2026-06-15 08:15:00+00:00,23895.1,23897.35,23893.0,23894.9,0
2026-06-15 08:16:00+00:00,23895.6,23901.35,23894.3,23898.05,0
2026-06-15 08:17:00+00:00,23900.4,23906.2,23898.65,23902.85,0
2026-06-15 08:18:00+00:00,23902.9,23903.4,23897.9,23898.65,0
2026-06-15 08:19:00+00:00,23900.85,23900.85,23892.65,23896.35,0
2026-06-15 08:20:00+00:00,23897.3,23900.2,23895.55,23895.65,0
2026-06-15 08:21:00+00:00,23896.5,23896.8,23877.6,23878.35,0
2026-06-15 08:22:00+00:00,23879.35,23879.35,23865.85,23873.85,0
2026-06-15 08:23:00+00:00,23873.95,23878.8,23869.2,23874.75,0
2026-06-15 08:24:00+00:00,23876.6,23888.95,23873.75,23886.85,0
2026-06-15 08:25:00+00:00,23887.2,23888.8,23882.65,23885.35,0
2026-06-15 08:26:00+00:00,23886.05,23894.3,23884.6,23893.25,0
2026-06-15 08:27:00+00:00,23894.05,23906.55,23893.15,23904.55,0
2026-06-15 08:28:00+00:00,23904.75,23910.7,23901.55,23905.05,0
2026-06-15 08:29:00+00:00,23905.7,23908.6,23899.3,23905.65,0
2026-06-15 08:30:00+00:00,23907.75,23913.9,23904.8,23911.85,0
2026-06-15 08:31:00+00:00,23912.8,23912.95,23906.95,23909.0,0
2026-06-15 08:32:00+00:00,23911.05,23911.05,23901.1,23901.1,0
2026-06-15 08:33:00+00:00,23902.55,23906.65,23900.5,23904.05,0
2026-06-15 08:34:00+00:00,23905.3,23907.0,23895.7,23895.75,0
2026-06-15 08:35:00+00:00,23896.7,23898.2,23891.2,23893.85,0
2026-06-15 08:36:00+00:00,23894.85,23894.85,23888.85,23891.05,0
2026-06-15 08:37:00+00:00,23892.25,23892.7,23884.75,23890.15,0
2026-06-15 08:38:00+00:00,23891.3,23896.0,23889.45,23890.2,0
2026-06-15 08:39:00+00:00,23891.7,23891.7,23882.6,23887.6,0
2026-06-15 08:40:00+00:00,23889.95,23893.2,23887.2,23891.3,0
2026-06-15 08:41:00+00:00,23892.0,23896.35,23890.0,23894.15,0
2026-06-15 08:42:00+00:00,23895.5,23900.3,23893.35,23895.9,0
2026-06-15 08:43:00+00:00,23896.1,23899.4,23891.15,23891.15,0
2026-06-15 08:44:00+00:00,23892.3,23893.2,23887.5,23889.3,0
2026-06-15 08:45:00+00:00,23891.1,23893.85,23889.45,23891.3,0
2026-06-15 08:46:00+00:00,23892.85,23892.85,23887.4,23889.95,0
2026-06-15 08:47:00+00:00,23890.8,23896.55,23889.9,23894.75,0
2026-06-15 08:48:00+00:00,23896.15,23904.15,23892.8,23901.1,0
2026-06-15 08:49:00+00:00,23902.5,23908.3,23898.65,23900.5,0
2026-06-15 08:50:00+00:00,23900.75,23905.0,23897.6,23903.35,0
2026-06-15 08:51:00+00:00,23904.35,23911.15,23902.55,23903.35,0
2026-06-15 08:52:00+00:00,23904.1,23907.45,23898.35,23899.75,0
2026-06-15 08:53:00+00:00,23900.2,23902.45,23896.75,23901.6,0
2026-06-15 08:54:00+00:00,23902.35,23915.35,23900.8,23909.75,0
2026-06-15 08:55:00+00:00,23911.2,23916.75,23907.9,23913.75,0
2026-06-15 08:56:00+00:00,23914.35,23914.35,23907.5,23911.05,0
2026-06-15 08:57:00+00:00,23912.3,23914.45,23907.7,23911.15,0
2026-06-15 08:58:00+00:00,23911.45,23914.45,23906.35,23906.4,0
2026-06-15 08:59:00+00:00,23908.45,23908.45,23902.4,23906.8,0
2026-06-15 09:00:00+00:00,23908.15,23917.75,23907.45,23916.8,0
2026-06-15 09:01:00+00:00,23917.75,23925.75,23915.05,23920.05,0
2026-06-15 09:02:00+00:00,23921.1,23929.9,23918.3,23927.4,0
2026-06-15 09:03:00+00:00,23928.1,23928.1,23917.3,23921.15,0
2026-06-15 09:04:00+00:00,23922.6,23927.05,23920.85,23924.0,0
2026-06-15 09:05:00+00:00,23925.75,23942.6,23925.4,23941.1,0
2026-06-15 09:06:00+00:00,23942.25,23942.25,23932.95,23934.9,0
2026-06-15 09:07:00+00:00,23934.2,23937.4,23928.2,23935.05,0
2026-06-15 09:08:00+00:00,23935.2,23935.45,23928.3,23931.7,0
2026-06-15 09:09:00+00:00,23932.9,23939.45,23930.7,23932.45,0
2026-06-15 09:10:00+00:00,23934.35,23935.75,23930.95,23933.7,0
2026-06-15 09:11:00+00:00,23934.5,23934.5,23924.45,23924.45,0
2026-06-15 09:12:00+00:00,23925.7,23926.7,23916.5,23919.05,0
2026-06-15 09:13:00+00:00,23919.35,23928.3,23917.8,23926.5,0
2026-06-15 09:14:00+00:00,23926.8,23927.1,23923.15,23924.2,0
2026-06-15 09:15:00+00:00,23923.95,23924.4,23917.3,23922.0,0
2026-06-15 09:16:00+00:00,23921.55,23921.7,23911.1,23914.8,0
2026-06-15 09:17:00+00:00,23916.95,23921.1,23915.25,23916.7,0
2026-06-15 09:18:00+00:00,23918.4,23931.55,23916.8,23928.45,0
2026-06-15 09:19:00+00:00,23929.75,23930.5,23917.8,23919.2,0
2026-06-15 09:20:00+00:00,23920.8,23925.45,23908.2,23909.6,0
2026-06-15 09:21:00+00:00,23908.8,23909.7,23890.45,23891.1,0
2026-06-15 09:22:00+00:00,23892.95,23908.0,23892.35,23904.25,0
2026-06-15 09:23:00+00:00,23906.4,23906.5,23894.9,23900.8,0
2026-06-15 09:24:00+00:00,23900.65,23904.4,23896.6,23896.95,0
2026-06-15 09:25:00+00:00,23898.3,23902.3,23895.35,23897.05,0
2026-06-15 09:26:00+00:00,23897.8,23901.95,23893.45,23897.6,0
2026-06-15 09:27:00+00:00,23898.65,23899.85,23894.9,23898.1,0
2026-06-15 09:28:00+00:00,23899.4,23899.4,23895.55,23897.2,0
2026-06-15 09:29:00+00:00,23898.2,23898.2,23888.1,23894.6,0
2026-06-15 09:30:00+00:00,23897.65,23904.05,23859.15,23859.25,0
2026-06-15 09:31:00+00:00,23860.25,23867.15,23850.35,23865.65,0
2026-06-15 09:32:00+00:00,23868.7,23877.65,23862.4,23865.6,0
2026-06-15 09:33:00+00:00,23867.85,23874.6,23860.4,23872.65,0
2026-06-15 09:34:00+00:00,23873.8,23875.1,23864.95,23866.5,0
2026-06-15 09:35:00+00:00,23867.95,23867.95,23856.5,23863.1,0
2026-06-15 09:36:00+00:00,23864.6,23864.6,23852.0,23852.0,0
2026-06-15 09:37:00+00:00,23854.85,23856.2,23846.95,23853.1,0
2026-06-15 09:38:00+00:00,23854.2,23856.9,23850.15,23852.15,0
2026-06-15 09:39:00+00:00,23854.35,23854.35,23844.45,23847.4,0
2026-06-15 09:40:00+00:00,23848.7,23849.95,23842.4,23842.95,0
2026-06-15 09:41:00+00:00,23843.7,23845.45,23831.6,23833.55,0
2026-06-15 09:42:00+00:00,23834.95,23835.0,23817.8,23823.6,0
2026-06-15 09:43:00+00:00,23824.5,23837.3,23818.05,23835.1,0
2026-06-15 09:44:00+00:00,23836.95,23845.7,23831.45,23843.6,0
2026-06-15 09:45:00+00:00,23845.1,23854.35,23843.5,23853.0,0
2026-06-15 09:46:00+00:00,23854.1,23862.6,23850.15,23860.3,0
2026-06-15 09:47:00+00:00,23860.9,23865.95,23857.25,23865.25,0
2026-06-15 09:48:00+00:00,23865.35,23867.3,23860.25,23866.5,0
2026-06-15 09:49:00+00:00,23866.4,23867.55,23860.4,23860.4,0
2026-06-15 09:50:00+00:00,23862.4,23867.85,23861.6,23866.05,0
2026-06-15 09:51:00+00:00,23866.6,23866.75,23855.1,23856.8,0
2026-06-15 09:52:00+00:00,23858.25,23863.85,23853.45,23859.75,0
2026-06-15 09:53:00+00:00,23860.6,23862.3,23857.65,23861.0,0
2026-06-15 09:54:00+00:00,23860.95,23862.15,23854.75,23856.85,0
2026-06-15 09:55:00+00:00,23857.1,23858.35,23845.9,23846.05,0
2026-06-15 09:56:00+00:00,23847.7,23848.4,23842.85,23846.6,0
2026-06-15 09:57:00+00:00,23846.95,23850.1,23842.9,23849.05,0
2026-06-15 09:58:00+00:00,23849.85,23854.35,23847.3,23852.0,0
2026-06-15 09:59:00+00:00,23851.0,23857.4,23846.05,23856.55,0
2026-06-16 03:45:00+00:00,23923.9,23931.1,23888.2,23909.35,0
2026-06-16 03:46:00+00:00,23910.85,23923.15,23900.75,23923.15,0
2026-06-16 03:47:00+00:00,23922.8,23930.15,23915.05,23920.65,0
2026-06-16 03:48:00+00:00,23920.85,23934.4,23920.85,23930.35,0
2026-06-16 03:49:00+00:00,23930.65,23941.1,23930.5,23933.05,0
2026-06-16 03:50:00+00:00,23932.8,23936.25,23916.5,23919.15,0
2026-06-16 03:51:00+00:00,23919.6,23925.5,23910.4,23910.4,0
2026-06-16 03:52:00+00:00,23910.1,23934.0,23910.1,23931.3,0
2026-06-16 03:53:00+00:00,23931.1,23937.45,23919.1,23924.05,0
2026-06-16 03:54:00+00:00,23923.75,23925.25,23914.1,23914.45,0
2026-06-16 03:55:00+00:00,23914.95,23927.3,23914.95,23922.9,0
2026-06-16 03:56:00+00:00,23923.65,23929.5,23917.05,23920.1,0
2026-06-16 03:57:00+00:00,23919.65,23927.75,23919.5,23927.75,0
2026-06-16 03:58:00+00:00,23928.05,23936.45,23926.9,23930.95,0
2026-06-16 03:59:00+00:00,23931.7,23939.5,23931.7,23938.1,0
2026-06-16 04:00:00+00:00,23938.2,23944.85,23938.2,23941.05,0
2026-06-16 04:01:00+00:00,23941.45,23943.35,23932.7,23935.25,0
2026-06-16 04:02:00+00:00,23935.6,23951.05,23935.15,23949.15,0
2026-06-16 04:03:00+00:00,23950.35,23954.3,23949.25,23952.35,0
2026-06-16 04:04:00+00:00,23951.8,23954.75,23939.5,23943.05,0
2026-06-16 04:05:00+00:00,23943.5,23948.1,23940.1,23940.75,0
2026-06-16 04:06:00+00:00,23940.85,23943.9,23932.1,23936.15,0
2026-06-16 04:07:00+00:00,23935.3,23949.25,23935.3,23944.55,0
2026-06-16 04:08:00+00:00,23944.3,23946.15,23939.4,23939.7,0
2026-06-16 04:09:00+00:00,23939.95,23941.3,23931.8,23934.4,0
2026-06-16 04:10:00+00:00,23934.4,23936.75,23929.65,23930.05,0
2026-06-16 04:11:00+00:00,23930.3,23932.0,23922.85,23924.65,0
2026-06-16 04:12:00+00:00,23924.35,23931.45,23924.0,23924.15,0
2026-06-16 04:13:00+00:00,23924.05,23927.45,23917.05,23919.65,0
2026-06-16 04:14:00+00:00,23919.9,23924.6,23917.55,23917.8,0
2026-06-16 04:15:00+00:00,23917.9,23925.8,23916.2,23924.0,0
2026-06-16 04:16:00+00:00,23923.75,23937.85,23923.1,23935.0,0
2026-06-16 04:17:00+00:00,23934.4,23939.1,23930.25,23937.5,0
2026-06-16 04:18:00+00:00,23937.3,23942.7,23936.15,23937.6,0
2026-06-16 04:19:00+00:00,23937.25,23940.8,23932.3,23935.05,0
2026-06-16 04:20:00+00:00,23934.7,23937.25,23916.3,23917.55,0
2026-06-16 04:21:00+00:00,23917.85,23923.45,23916.6,23921.8,0
2026-06-16 04:22:00+00:00,23922.3,23935.2,23921.8,23933.6,0
2026-06-16 04:23:00+00:00,23934.65,23938.15,23932.85,23935.7,0
2026-06-16 04:24:00+00:00,23936.55,23940.75,23934.9,23936.6,0
2026-06-16 04:25:00+00:00,23937.0,23938.55,23931.2,23932.25,0
2026-06-16 04:26:00+00:00,23932.15,23940.8,23932.15,23938.25,0
2026-06-16 04:27:00+00:00,23938.25,23941.3,23935.5,23936.9,0
2026-06-16 04:28:00+00:00,23937.15,23940.4,23935.95,23938.05,0
2026-06-16 04:29:00+00:00,23937.55,23941.9,23937.55,23939.7,0
2026-06-16 04:30:00+00:00,23941.0,23947.35,23940.25,23943.85,0
2026-06-16 04:31:00+00:00,23943.7,23944.65,23928.4,23928.95,0
2026-06-16 04:32:00+00:00,23927.95,23930.3,23918.15,23918.85,0
2026-06-16 04:33:00+00:00,23918.65,23919.2,23907.4,23910.05,0
2026-06-16 04:34:00+00:00,23910.1,23913.15,23904.7,23905.7,0
2026-06-16 04:35:00+00:00,23906.2,23917.3,23903.7,23917.2,0
2026-06-16 04:36:00+00:00,23917.1,23918.1,23911.15,23912.35,0
2026-06-16 04:37:00+00:00,23912.6,23912.6,23900.6,23900.65,0
2026-06-16 04:38:00+00:00,23900.6,23901.65,23895.65,23901.1,0
2026-06-16 04:39:00+00:00,23900.4,23905.7,23900.4,23900.65,0
2026-06-16 04:40:00+00:00,23900.7,23901.3,23897.05,23899.05,0
2026-06-16 04:41:00+00:00,23899.15,23903.45,23897.35,23900.9,0
2026-06-16 04:42:00+00:00,23901.4,23908.25,23900.65,23907.55,0
2026-06-16 04:43:00+00:00,23908.05,23908.65,23900.9,23905.1,0
2026-06-16 04:44:00+00:00,23905.45,23911.4,23903.1,23910.05,0
2026-06-16 04:45:00+00:00,23910.45,23913.95,23909.7,23911.05,0
2026-06-16 04:46:00+00:00,23910.9,23924.3,23909.65,23921.95,0
2026-06-16 04:47:00+00:00,23922.7,23928.55,23920.8,23928.05,0
2026-06-16 04:48:00+00:00,23927.3,23931.1,23925.35,23926.9,0
2026-06-16 04:49:00+00:00,23927.1,23929.5,23922.25,23927.9,0
2026-06-16 04:50:00+00:00,23928.15,23939.9,23926.75,23938.35,0
2026-06-16 04:51:00+00:00,23939.4,23951.65,23936.6,23950.95,0
2026-06-16 04:52:00+00:00,23950.6,23953.85,23947.1,23947.25,0
2026-06-16 04:53:00+00:00,23947.7,23948.95,23942.65,23947.8,0
2026-06-16 04:54:00+00:00,23947.85,23948.55,23938.15,23940.75,0
2026-06-16 04:55:00+00:00,23940.9,23943.95,23938.75,23943.2,0
2026-06-16 04:56:00+00:00,23943.45,23946.55,23942.9,23945.6,0
2026-06-16 04:57:00+00:00,23945.85,23945.9,23933.45,23934.5,0
2026-06-16 04:58:00+00:00,23934.9,23939.8,23932.8,23938.9,0
2026-06-16 04:59:00+00:00,23939.1,23945.4,23937.95,23943.35,0
2026-06-16 05:00:00+00:00,23943.5,23953.2,23941.65,23953.2,0
2026-06-16 05:01:00+00:00,23952.95,23954.55,23950.3,23952.75,0
2026-06-16 05:02:00+00:00,23952.55,23953.2,23949.15,23950.15,0
2026-06-16 05:03:00+00:00,23949.05,23951.2,23946.6,23950.5,0
2026-06-16 05:04:00+00:00,23950.4,23953.7,23949.1,23952.7,0
2026-06-16 05:05:00+00:00,23952.25,23960.0,23950.2,23959.45,0
2026-06-16 05:06:00+00:00,23959.4,23964.9,23958.4,23963.55,0
2026-06-16 05:07:00+00:00,23963.95,23972.75,23963.25,23968.25,0
2026-06-16 05:08:00+00:00,23968.2,23971.2,23968.1,23969.6,0
2026-06-16 05:09:00+00:00,23969.95,23972.0,23964.15,23964.2,0
2026-06-16 05:10:00+00:00,23964.3,23969.45,23963.6,23967.3,0
2026-06-16 05:11:00+00:00,23966.8,23971.3,23961.5,23961.75,0
2026-06-16 05:12:00+00:00,23962.15,23963.15,23956.8,23959.35,0
2026-06-16 05:13:00+00:00,23959.1,23960.5,23954.9,23957.65,0
2026-06-16 05:14:00+00:00,23957.75,23963.65,23956.6,23962.1,0
2026-06-16 05:15:00+00:00,23962.2,23969.35,23959.6,23964.6,0
2026-06-16 05:16:00+00:00,23965.25,23972.3,23963.75,23970.05,0
2026-06-16 05:17:00+00:00,23971.1,23972.9,23967.2,23968.75,0
2026-06-16 05:18:00+00:00,23969.6,23976.65,23969.1,23974.5,0
2026-06-16 05:19:00+00:00,23975.15,23977.3,23972.0,23976.35,0
2026-06-16 05:20:00+00:00,23976.4,23977.8,23968.85,23969.9,0
2026-06-16 05:21:00+00:00,23968.25,23971.35,23965.05,23969.5,0
2026-06-16 05:22:00+00:00,23969.95,23975.0,23967.15,23973.05,0
2026-06-16 05:23:00+00:00,23973.75,23975.05,23970.9,23973.45,0
2026-06-16 05:24:00+00:00,23973.6,23975.55,23968.75,23969.55,0
2026-06-16 05:25:00+00:00,23969.45,23977.3,23969.25,23975.5,0
2026-06-16 05:26:00+00:00,23975.2,23977.0,23967.85,23968.55,0
2026-06-16 05:27:00+00:00,23969.15,23972.8,23968.4,23969.3,0
2026-06-16 05:28:00+00:00,23969.15,23975.35,23966.5,23972.05,0
2026-06-16 05:29:00+00:00,23972.5,23973.15,23964.05,23966.65,0
2026-06-16 05:30:00+00:00,23967.55,23970.2,23961.1,23963.0,0
2026-06-16 05:31:00+00:00,23963.3,23963.3,23955.6,23958.65,0
2026-06-16 05:32:00+00:00,23958.1,23960.5,23955.75,23956.4,0
2026-06-16 05:33:00+00:00,23956.55,23959.6,23953.5,23954.85,0
2026-06-16 05:34:00+00:00,23955.4,23955.5,23946.7,23946.7,0
2026-06-16 05:35:00+00:00,23946.65,23952.45,23943.15,23952.45,0
2026-06-16 05:36:00+00:00,23952.95,23957.75,23952.05,23955.65,0
2026-06-16 05:37:00+00:00,23954.9,23959.65,23952.0,23953.05,0
2026-06-16 05:38:00+00:00,23953.0,23953.55,23943.3,23945.0,0
2026-06-16 05:39:00+00:00,23945.35,23947.85,23941.9,23943.15,0
2026-06-16 05:40:00+00:00,23942.85,23945.75,23936.25,23940.6,0
2026-06-16 05:41:00+00:00,23940.2,23943.1,23939.05,23941.25,0
2026-06-16 05:42:00+00:00,23941.55,23942.7,23933.4,23933.75,0
2026-06-16 05:43:00+00:00,23934.35,23936.65,23931.8,23932.8,0
2026-06-16 05:44:00+00:00,23936.7,23941.05,23934.85,23940.55,0
2026-06-16 05:45:00+00:00,23940.4,23949.85,23937.65,23949.4,0
2026-06-16 05:46:00+00:00,23948.85,23951.4,23946.05,23946.35,0
2026-06-16 05:47:00+00:00,23947.5,23947.75,23938.25,23939.95,0
2026-06-16 05:48:00+00:00,23940.1,23940.35,23933.4,23936.05,0
2026-06-16 05:49:00+00:00,23936.0,23936.6,23929.7,23930.05,0
2026-06-16 05:50:00+00:00,23930.35,23930.9,23924.1,23926.8,0
2026-06-16 05:51:00+00:00,23926.95,23930.5,23924.55,23929.15,0
2026-06-16 05:52:00+00:00,23928.75,23931.3,23923.95,23924.65,0
2026-06-16 05:53:00+00:00,23925.15,23937.85,23924.15,23936.3,0
2026-06-16 05:54:00+00:00,23935.95,23945.4,23935.75,23944.8,0
2026-06-16 05:55:00+00:00,23944.8,23947.55,23942.4,23943.9,0
2026-06-16 05:56:00+00:00,23943.8,23944.95,23934.95,23935.55,0
2026-06-16 05:57:00+00:00,23935.15,23937.3,23932.55,23933.25,0
2026-06-16 05:58:00+00:00,23933.6,23933.6,23926.9,23929.4,0
2026-06-16 05:59:00+00:00,23929.4,23931.65,23927.45,23929.45,0
2026-06-16 06:00:00+00:00,23929.7,23933.35,23927.25,23928.6,0
2026-06-16 06:01:00+00:00,23928.65,23929.45,23924.7,23926.05,0
2026-06-16 06:02:00+00:00,23926.3,23927.0,23921.2,23922.9,0
2026-06-16 06:03:00+00:00,23923.65,23927.05,23923.1,23924.35,0
2026-06-16 06:04:00+00:00,23924.05,23934.35,23922.75,23929.65,0
2026-06-16 06:05:00+00:00,23932.45,23934.2,23923.55,23925.6,0
2026-06-16 06:06:00+00:00,23924.65,23927.3,23921.25,23924.85,0
2026-06-16 06:07:00+00:00,23924.5,23925.3,23919.15,23924.1,0
2026-06-16 06:08:00+00:00,23923.5,23925.3,23911.45,23915.8,0
2026-06-16 06:09:00+00:00,23915.95,23922.7,23915.95,23922.55,0
2026-06-16 06:10:00+00:00,23922.45,23922.95,23914.8,23918.7,0
2026-06-16 06:11:00+00:00,23918.8,23920.95,23915.2,23920.2,0
2026-06-16 06:12:00+00:00,23921.1,23929.35,23919.55,23926.65,0
2026-06-16 06:13:00+00:00,23926.8,23929.45,23923.0,23924.45,0
2026-06-16 06:14:00+00:00,23924.8,23928.45,23922.05,23927.6,0
2026-06-16 06:15:00+00:00,23924.7,23929.8,23922.15,23922.15,0
2026-06-16 06:16:00+00:00,23922.2,23934.45,23920.45,23933.25,0
2026-06-16 06:17:00+00:00,23933.25,23935.35,23928.3,23933.35,0
2026-06-16 06:18:00+00:00,23932.6,23937.9,23931.3,23934.8,0
2026-06-16 06:19:00+00:00,23934.9,23936.2,23927.0,23933.4,0
2026-06-16 06:20:00+00:00,23932.7,23949.75,23931.85,23939.05,0
2026-06-16 06:21:00+00:00,23938.95,23941.1,23932.7,23938.45,0
2026-06-16 06:22:00+00:00,23939.3,23945.4,23934.45,23937.8,0
2026-06-16 06:23:00+00:00,23937.7,23943.6,23934.95,23938.4,0
2026-06-16 06:24:00+00:00,23938.4,23940.8,23933.95,23936.7,0
2026-06-16 06:25:00+00:00,23938.2,23938.2,23920.6,23922.7,0
2026-06-16 06:26:00+00:00,23922.85,23927.3,23921.0,23923.35,0
2026-06-16 06:27:00+00:00,23922.95,23928.25,23921.3,23927.05,0
2026-06-16 06:28:00+00:00,23927.35,23941.85,23926.75,23938.75,0
2026-06-16 06:29:00+00:00,23938.9,23940.6,23934.85,23938.5,0
2026-06-16 06:30:00+00:00,23938.45,23941.95,23936.25,23937.4,0
2026-06-16 06:31:00+00:00,23937.5,23943.65,23934.35,23934.35,0
2026-06-16 06:32:00+00:00,23934.35,23936.95,23926.6,23926.85,0
2026-06-16 06:33:00+00:00,23927.3,23927.5,23919.1,23921.55,0
2026-06-16 06:34:00+00:00,23921.35,23933.7,23920.45,23929.35,0
2026-06-16 06:35:00+00:00,23929.95,23931.55,23925.35,23925.35,0
2026-06-16 06:36:00+00:00,23926.05,23934.1,23925.1,23932.75,0
2026-06-16 06:37:00+00:00,23932.85,23936.1,23927.55,23931.6,0
2026-06-16 06:38:00+00:00,23931.95,23937.3,23930.6,23935.35,0
2026-06-16 06:39:00+00:00,23935.4,23936.8,23929.5,23932.8,0
2026-06-16 06:40:00+00:00,23932.1,23937.65,23929.55,23934.35,0
2026-06-16 06:41:00+00:00,23934.3,23934.9,23928.2,23932.6,0
2026-06-16 06:42:00+00:00,23932.7,23938.75,23928.55,23931.15,0
2026-06-16 06:43:00+00:00,23931.8,23937.0,23930.8,23935.55,0
2026-06-16 06:44:00+00:00,23935.35,23936.8,23927.0,23928.05,0
2026-06-16 06:45:00+00:00,23928.0,23928.8,23920.45,23920.6,0
2026-06-16 06:46:00+00:00,23920.8,23927.0,23919.55,23922.35,0
2026-06-16 06:47:00+00:00,23923.4,23927.6,23922.2,23923.0,0
2026-06-16 06:48:00+00:00,23923.2,23925.15,23917.4,23923.0,0
2026-06-16 06:49:00+00:00,23923.9,23924.4,23913.35,23915.45,0
2026-06-16 06:50:00+00:00,23914.05,23916.6,23912.2,23914.7,0
2026-06-16 06:51:00+00:00,23914.0,23916.95,23912.8,23914.8,0
2026-06-16 06:52:00+00:00,23915.65,23917.6,23912.65,23916.45,0
2026-06-16 06:53:00+00:00,23917.25,23918.45,23903.35,23914.7,0
2026-06-16 06:54:00+00:00,23913.95,23926.55,23913.7,23918.65,0
2026-06-16 06:55:00+00:00,23917.25,23929.9,23914.95,23929.7,0
2026-06-16 06:56:00+00:00,23929.15,23930.85,23925.15,23928.4,0
2026-06-16 06:57:00+00:00,23927.7,23933.6,23925.95,23933.0,0
2026-06-16 06:58:00+00:00,23933.5,23942.05,23932.65,23940.25,0
2026-06-16 06:59:00+00:00,23940.25,23943.2,23938.05,23940.15,0
2026-06-16 07:00:00+00:00,23940.8,23944.95,23940.45,23944.05,0
2026-06-16 07:01:00+00:00,23944.65,23947.1,23940.5,23940.55,0
2026-06-16 07:02:00+00:00,23940.75,23941.2,23931.75,23933.95,0
2026-06-16 07:03:00+00:00,23933.7,23937.15,23925.7,23926.4,0
2026-06-16 07:04:00+00:00,23927.25,23928.85,23922.2,23923.55,0
2026-06-16 07:05:00+00:00,23924.25,23927.9,23922.5,23926.55,0
2026-06-16 07:06:00+00:00,23926.45,23933.6,23923.5,23928.25,0
2026-06-16 07:07:00+00:00,23928.65,23932.4,23925.9,23928.95,0
2026-06-16 07:08:00+00:00,23929.0,23932.75,23923.8,23931.3,0
2026-06-16 07:09:00+00:00,23931.65,23939.75,23931.5,23936.1,0
2026-06-16 07:10:00+00:00,23935.75,23936.7,23929.6,23929.6,0
2026-06-16 07:11:00+00:00,23930.0,23931.8,23926.7,23928.0,0
2026-06-16 07:12:00+00:00,23928.7,23930.95,23926.6,23926.6,0
2026-06-16 07:13:00+00:00,23926.75,23927.25,23920.7,23923.95,0
2026-06-16 07:14:00+00:00,23924.2,23928.1,23919.0,23927.25,0
2026-06-16 07:15:00+00:00,23928.0,23929.2,23924.5,23926.75,0
2026-06-16 07:16:00+00:00,23927.05,23927.9,23922.0,23923.75,0
2026-06-16 07:17:00+00:00,23924.15,23929.55,23924.15,23928.35,0
2026-06-16 07:18:00+00:00,23928.6,23931.9,23927.8,23930.8,0
2026-06-16 07:19:00+00:00,23930.95,23935.4,23928.2,23934.35,0
2026-06-16 07:20:00+00:00,23934.7,23935.9,23930.2,23930.7,0
2026-06-16 07:21:00+00:00,23931.25,23934.35,23930.25,23933.0,0
2026-06-16 07:22:00+00:00,23933.05,23934.05,23926.4,23926.7,0
2026-06-16 07:23:00+00:00,23926.9,23927.95,23919.45,23921.95,0
2026-06-16 07:24:00+00:00,23921.75,23925.55,23915.5,23924.95,0
2026-06-16 07:25:00+00:00,23924.8,23924.8,23917.4,23921.75,0
2026-06-16 07:26:00+00:00,23921.15,23929.35,23920.1,23926.5,0
2026-06-16 07:27:00+00:00,23927.75,23935.5,23927.75,23934.5,0
2026-06-16 07:28:00+00:00,23935.2,23936.65,23927.75,23932.4,0
2026-06-16 07:29:00+00:00,23931.7,23938.75,23930.8,23935.65,0
2026-06-16 07:30:00+00:00,23935.85,23940.2,23934.55,23936.8,0
2026-06-16 07:31:00+00:00,23936.8,23937.4,23929.2,23929.7,0
2026-06-16 07:32:00+00:00,23929.35,23932.5,23928.25,23929.1,0
2026-06-16 07:33:00+00:00,23929.0,23929.7,23923.45,23924.2,0
2026-06-16 07:34:00+00:00,23924.4,23931.05,23923.8,23929.1,0
2026-06-16 07:35:00+00:00,23928.95,23932.4,23926.0,23931.15,0
2026-06-16 07:36:00+00:00,23931.8,23935.35,23927.4,23929.2,0
2026-06-16 07:37:00+00:00,23928.6,23931.35,23925.65,23928.75,0
2026-06-16 07:38:00+00:00,23929.9,23933.55,23928.2,23931.35,0
2026-06-16 07:39:00+00:00,23932.15,23939.25,23930.1,23938.15,0
2026-06-16 07:40:00+00:00,23938.8,23943.45,23936.55,23940.25,0
2026-06-16 07:41:00+00:00,23941.05,23944.25,23940.05,23941.25,0
2026-06-16 07:42:00+00:00,23941.3,23947.4,23940.85,23947.35,0
2026-06-16 07:43:00+00:00,23947.15,23950.65,23938.35,23939.35,0
2026-06-16 07:44:00+00:00,23940.2,23947.9,23940.15,23946.85,0
2026-06-16 07:45:00+00:00,23946.65,23948.75,23941.85,23946.4,0
2026-06-16 07:46:00+00:00,23946.8,23948.95,23944.25,23945.0,0
2026-06-16 07:47:00+00:00,23945.6,23950.55,23942.2,23945.05,0
2026-06-16 07:48:00+00:00,23944.1,23947.7,23941.45,23943.45,0
2026-06-16 07:49:00+00:00,23943.75,23946.1,23935.5,23939.7,0
2026-06-16 07:50:00+00:00,23941.6,23942.9,23937.15,23940.6,0
2026-06-16 07:51:00+00:00,23940.5,23948.05,23938.45,23948.05,0
2026-06-16 07:52:00+00:00,23948.35,23958.2,23948.35,23956.25,0
2026-06-16 07:53:00+00:00,23955.6,23961.95,23954.0,23956.5,0
2026-06-16 07:54:00+00:00,23956.5,23958.85,23955.15,23956.35,0
2026-06-16 07:55:00+00:00,23956.8,23962.0,23954.9,23958.65,0
2026-06-16 07:56:00+00:00,23958.85,23968.25,23956.45,23965.95,0
2026-06-16 07:57:00+00:00,23965.75,23969.8,23958.7,23960.1,0
2026-06-16 07:58:00+00:00,23960.05,23965.15,23959.1,23964.6,0
2026-06-16 07:59:00+00:00,23964.15,23969.2,23962.6,23966.8,0
2026-06-16 08:00:00+00:00,23967.15,23969.15,23963.75,23964.1,0
2026-06-16 08:01:00+00:00,23964.55,23965.95,23961.0,23961.35,0
2026-06-16 08:02:00+00:00,23961.55,23964.5,23959.65,23961.85,0
2026-06-16 08:03:00+00:00,23962.05,23964.95,23960.75,23962.75,0
2026-06-16 08:04:00+00:00,23963.5,23968.85,23962.25,23967.35,0
2026-06-16 08:05:00+00:00,23967.8,23969.35,23963.4,23966.5,0
2026-06-16 08:06:00+00:00,23966.3,23974.85,23965.8,23973.65,0
2026-06-16 08:07:00+00:00,23973.8,23976.5,23971.9,23974.65,0
2026-06-16 08:08:00+00:00,23975.1,23975.6,23970.1,23972.15,0
2026-06-16 08:09:00+00:00,23972.25,23976.95,23968.65,23968.95,0
2026-06-16 08:10:00+00:00,23968.75,23972.7,23968.3,23968.45,0
2026-06-16 08:11:00+00:00,23968.45,23971.5,23962.75,23963.55,0
2026-06-16 08:12:00+00:00,23963.7,23973.55,23961.75,23970.2,0
2026-06-16 08:13:00+00:00,23971.4,23974.0,23964.1,23968.65,0
2026-06-16 08:14:00+00:00,23968.65,23970.1,23963.2,23964.85,0
2026-06-16 08:15:00+00:00,23964.65,23971.65,23964.5,23970.65,0
2026-06-16 08:16:00+00:00,23970.25,23972.6,23965.15,23966.9,0
2026-06-16 08:17:00+00:00,23966.65,23969.2,23964.1,23965.7,0
2026-06-16 08:18:00+00:00,23965.75,23968.1,23964.2,23965.75,0
2026-06-16 08:19:00+00:00,23966.05,23974.05,23965.9,23971.9,0
2026-06-16 08:20:00+00:00,23972.65,23973.55,23965.7,23966.7,0
2026-06-16 08:21:00+00:00,23966.6,23967.45,23960.4,23961.6,0
2026-06-16 08:22:00+00:00,23962.15,23965.85,23961.0,23964.8,0
2026-06-16 08:23:00+00:00,23965.05,23966.65,23956.5,23957.55,0
2026-06-16 08:24:00+00:00,23957.95,23962.15,23955.75,23961.65,0
2026-06-16 08:25:00+00:00,23962.4,23967.3,23961.45,23965.8,0
2026-06-16 08:26:00+00:00,23965.1,23974.25,23964.9,23972.35,0
2026-06-16 08:27:00+00:00,23972.9,23976.9,23971.95,23974.0,0
2026-06-16 08:28:00+00:00,23974.1,23975.2,23967.2,23970.7,0
2026-06-16 08:29:00+00:00,23970.3,23971.3,23966.25,23967.05,0
2026-06-16 08:30:00+00:00,23967.05,23978.65,23964.95,23975.8,0
2026-06-16 08:31:00+00:00,23976.15,23976.95,23969.6,23970.05,0
2026-06-16 08:32:00+00:00,23970.05,23973.95,23964.05,23964.8,0
2026-06-16 08:33:00+00:00,23964.2,23977.4,23963.45,23975.95,0
2026-06-16 08:34:00+00:00,23975.55,23977.3,23973.7,23973.7,0
2026-06-16 08:35:00+00:00,23974.35,23981.6,23972.85,23979.15,0
2026-06-16 08:36:00+00:00,23979.35,23980.45,23976.0,23976.25,0
2026-06-16 08:37:00+00:00,23976.3,23977.85,23971.7,23976.3,0
2026-06-16 08:38:00+00:00,23976.85,23982.15,23975.5,23977.55,0
2026-06-16 08:39:00+00:00,23978.1,23984.15,23976.05,23982.05,0
2026-06-16 08:40:00+00:00,23982.05,23992.95,23982.05,23991.65,0
2026-06-16 08:41:00+00:00,23992.05,23995.05,23986.2,23987.6,0
2026-06-16 08:42:00+00:00,23987.25,23995.35,23985.6,23991.85,0
2026-06-16 08:43:00+00:00,23992.0,23994.3,23989.2,23993.55,0
2026-06-16 08:44:00+00:00,23993.4,23997.8,23992.9,23994.35,0
2026-06-16 08:45:00+00:00,23994.0,23999.0,23993.6,23996.5,0
2026-06-16 08:46:00+00:00,23995.95,24000.1,23993.95,23993.95,0
2026-06-16 08:47:00+00:00,23994.25,24000.3,23990.05,23996.05,0
2026-06-16 08:48:00+00:00,23995.85,23997.6,23993.4,23994.0,0
2026-06-16 08:49:00+00:00,23994.3,23995.55,23991.4,23992.35,0
2026-06-16 08:50:00+00:00,23991.2,23993.65,23986.4,23989.85,0
2026-06-16 08:51:00+00:00,23990.05,23990.8,23981.85,23985.35,0
2026-06-16 08:52:00+00:00,23985.4,23987.85,23983.45,23983.45,0
2026-06-16 08:53:00+00:00,23983.75,23985.7,23981.25,23982.6,0
2026-06-16 08:54:00+00:00,23983.4,23990.95,23978.1,23989.75,0
2026-06-16 08:55:00+00:00,23991.05,23991.95,23986.1,23987.7,0
2026-06-16 08:56:00+00:00,23987.9,23992.0,23985.6,23988.8,0
2026-06-16 08:57:00+00:00,23989.45,23990.55,23983.65,23987.1,0
2026-06-16 08:58:00+00:00,23987.3,23990.3,23985.05,23988.45,0
2026-06-16 08:59:00+00:00,23988.55,23990.05,23982.1,23984.2,0
2026-06-16 09:00:00+00:00,23985.15,23994.75,23985.15,23992.9,0
2026-06-16 09:01:00+00:00,23993.45,23996.6,23990.8,23993.5,0
2026-06-16 09:02:00+00:00,23992.8,23993.35,23986.0,23987.7,0
2026-06-16 09:03:00+00:00,23987.95,23992.05,23987.4,23989.75,0
2026-06-16 09:04:00+00:00,23990.95,23999.85,23990.95,23995.05,0
2026-06-16 09:05:00+00:00,23995.35,23996.0,23988.85,23993.7,0
2026-06-16 09:06:00+00:00,23993.95,23999.1,23990.75,23992.65,0
2026-06-16 09:07:00+00:00,23992.15,23994.65,23985.3,23987.7,0
2026-06-16 09:08:00+00:00,23987.6,23989.3,23986.05,23986.75,0
2026-06-16 09:09:00+00:00,23987.05,24001.6,23985.5,24001.0,0
2026-06-16 09:10:00+00:00,24000.8,24002.4,23991.35,23994.95,0
2026-06-16 09:11:00+00:00,23994.85,23997.75,23992.45,23994.75,0
2026-06-16 09:12:00+00:00,23994.95,23996.1,23988.45,23989.35,0
2026-06-16 09:13:00+00:00,23989.3,23991.75,23978.4,23978.9,0
2026-06-16 09:14:00+00:00,23978.95,23982.8,23963.45,23963.45,0
2026-06-16 09:15:00+00:00,23962.95,23974.7,23962.7,23972.8,0
2026-06-16 09:16:00+00:00,23974.3,23980.05,23971.15,23974.9,0
2026-06-16 09:17:00+00:00,23974.7,23980.65,23974.7,23977.1,0
2026-06-16 09:18:00+00:00,23976.55,23987.25,23976.55,23984.25,0
2026-06-16 09:19:00+00:00,23983.6,23985.2,23970.25,23980.75,0
2026-06-16 09:20:00+00:00,23980.65,23982.0,23973.05,23976.05,0
2026-06-16 09:21:00+00:00,23976.35,23979.3,23970.3,23974.25,0
2026-06-16 09:22:00+00:00,23974.45,23979.85,23973.65,23977.7,0
2026-06-16 09:23:00+00:00,23977.9,23993.4,23977.5,23992.8,0
2026-06-16 09:24:00+00:00,23993.0,23997.2,23991.8,23993.7,0
2026-06-16 09:25:00+00:00,23994.15,23997.1,23991.65,23996.35,0
2026-06-16 09:26:00+00:00,23996.4,23998.8,23983.3,23988.3,0
2026-06-16 09:27:00+00:00,23988.65,23989.2,23980.15,23985.05,0
2026-06-16 09:28:00+00:00,23985.5,23990.75,23983.75,23988.75,0
2026-06-16 09:29:00+00:00,23985.65,23988.45,23981.4,23986.45,0
2026-06-16 09:30:00+00:00,23988.4,23991.75,23978.65,23978.85,0
2026-06-16 09:31:00+00:00,23978.9,23990.8,23978.55,23989.5,0
2026-06-16 09:32:00+00:00,23990.05,23997.3,23987.15,23997.3,0
2026-06-16 09:33:00+00:00,23998.4,24002.6,23989.15,23989.3,0
2026-06-16 09:34:00+00:00,23989.8,23990.8,23980.45,23981.75,0
2026-06-16 09:35:00+00:00,23982.25,23986.85,23976.6,23983.6,0
2026-06-16 09:36:00+00:00,23986.1,23995.05,23984.2,23993.15,0
2026-06-16 09:37:00+00:00,23993.55,23996.15,23990.2,23990.55,0
2026-06-16 09:38:00+00:00,23991.1,23992.05,23984.65,23986.3,0
2026-06-16 09:39:00+00:00,23988.0,23990.95,23986.25,23989.55,0
2026-06-16 09:40:00+00:00,23989.9,23991.3,23985.2,23985.8,0
2026-06-16 09:41:00+00:00,23986.15,23992.5,23985.1,23986.95,0
2026-06-16 09:42:00+00:00,23988.95,23988.95,23983.6,23985.75,0
2026-06-16 09:43:00+00:00,23986.3,23988.7,23984.75,23986.9,0
2026-06-16 09:44:00+00:00,23986.95,23990.3,23986.35,23986.8,0
2026-06-16 09:45:00+00:00,23987.75,23988.8,23980.1,23982.45,0
2026-06-16 09:46:00+00:00,23981.95,23991.55,23981.3,23987.3,0
2026-06-16 09:47:00+00:00,23988.75,23989.4,23984.75,23987.65,0
2026-06-16 09:48:00+00:00,23987.6,23988.45,23982.2,23983.4,0
2026-06-16 09:49:00+00:00,23983.9,23985.25,23981.5,23983.45,0
2026-06-16 09:50:00+00:00,23982.6,23987.55,23981.65,23986.85,0
2026-06-16 09:51:00+00:00,23985.8,23990.85,23985.6,23988.2,0
2026-06-16 09:52:00+00:00,23987.7,23990.4,23984.9,23987.15,0
2026-06-16 09:53:00+00:00,23987.15,23990.7,23984.55,23988.95,0
2026-06-16 09:54:00+00:00,23989.7,23991.25,23983.1,23985.2,0
2026-06-16 09:55:00+00:00,23986.1,23992.8,23982.75,23984.3,0
2026-06-16 09:56:00+00:00,23985.0,23988.3,23982.65,23987.05,0
2026-06-16 09:57:00+00:00,23987.65,23989.55,23983.85,23986.05,0
2026-06-16 09:58:00+00:00,23988.4,23993.35,23984.7,23988.3,0
2026-06-16 09:59:00+00:00,23987.75,23997.4,23985.4,23995.0,0
2026-06-17 03:45:00+00:00,24044.5,24048.05,23996.25,24006.9,0
2026-06-17 03:46:00+00:00,24008.9,24013.0,23999.9,24003.65,0
2026-06-17 03:47:00+00:00,24005.9,24015.2,24000.25,24009.9,0
2026-06-17 03:48:00+00:00,24012.85,24012.85,23991.35,23992.25,0
2026-06-17 03:49:00+00:00,23993.1,23995.4,23969.7,23979.35,0
2026-06-17 03:50:00+00:00,23982.3,23996.95,23973.95,23993.9,0
2026-06-17 03:51:00+00:00,23996.6,23996.6,23982.35,23986.1,0
2026-06-17 03:52:00+00:00,23987.0,23989.3,23980.95,23986.9,0
2026-06-17 03:53:00+00:00,23987.7,23990.5,23981.5,23988.3,0
2026-06-17 03:54:00+00:00,23990.25,23994.1,23985.05,23987.6,0
2026-06-17 03:55:00+00:00,23989.65,23994.9,23985.6,23992.5,0
2026-06-17 03:56:00+00:00,23994.85,24000.9,23991.6,23999.45,0
2026-06-17 03:57:00+00:00,24001.65,24010.5,23999.35,24002.15,0
2026-06-17 03:58:00+00:00,24004.25,24012.85,24000.1,24009.35,0
2026-06-17 03:59:00+00:00,24011.4,24021.95,24010.2,24020.7,0
2026-06-17 04:00:00+00:00,24022.75,24027.2,24017.7,24024.5,0
2026-06-17 04:01:00+00:00,24024.95,24032.8,24022.95,24031.4,0
2026-06-17 04:02:00+00:00,24031.7,24038.65,24030.75,24038.25,0
2026-06-17 04:03:00+00:00,24040.15,24042.25,24036.35,24042.0,0
2026-06-17 04:04:00+00:00,24042.2,24043.3,24031.6,24032.1,0
2026-06-17 04:05:00+00:00,24033.15,24036.9,24026.6,24033.75,0
2026-06-17 04:06:00+00:00,24037.95,24038.3,24033.05,24034.3,0
2026-06-17 04:07:00+00:00,24036.65,24042.75,24034.3,24040.6,0
2026-06-17 04:08:00+00:00,24042.25,24049.35,24040.35,24048.7,0
2026-06-17 04:09:00+00:00,24050.1,24052.85,24048.15,24050.9,0
2026-06-17 04:10:00+00:00,24051.6,24055.45,24045.5,24046.9,0
2026-06-17 04:11:00+00:00,24047.0,24054.9,24045.2,24053.0,0
2026-06-17 04:12:00+00:00,24055.05,24057.05,24051.3,24054.6,0
2026-06-17 04:13:00+00:00,24056.1,24059.7,24051.85,24057.85,0
2026-06-17 04:14:00+00:00,24059.15,24063.8,24057.1,24061.55,0
2026-06-17 04:15:00+00:00,24063.8,24065.5,24059.85,24064.85,0
2026-06-17 04:16:00+00:00,24061.25,24067.0,24061.25,24064.05,0
2026-06-17 04:17:00+00:00,24065.9,24066.0,24054.8,24054.8,0
2026-06-17 04:18:00+00:00,24056.2,24061.75,24053.8,24061.45,0
2026-06-17 04:19:00+00:00,24061.7,24067.55,24059.95,24064.05,0
2026-06-17 04:20:00+00:00,24064.9,24065.45,24054.65,24057.65,0
2026-06-17 04:21:00+00:00,24059.3,24062.05,24055.75,24060.25,0
2026-06-17 04:22:00+00:00,24060.4,24064.15,24057.95,24063.0,0
2026-06-17 04:23:00+00:00,24065.2,24065.65,24061.15,24062.5,0
2026-06-17 04:24:00+00:00,24065.05,24066.3,24061.45,24063.8,0
2026-06-17 04:25:00+00:00,24065.8,24066.4,24057.6,24059.4,0
2026-06-17 04:26:00+00:00,24059.8,24063.35,24056.65,24061.5,0
2026-06-17 04:27:00+00:00,24062.75,24064.6,24059.4,24062.35,0
2026-06-17 04:28:00+00:00,24063.95,24071.65,24062.75,24067.6,0
2026-06-17 04:29:00+00:00,24070.05,24071.05,24064.5,24065.85,0
2026-06-17 04:30:00+00:00,24067.9,24069.2,24058.6,24058.9,0
2026-06-17 04:31:00+00:00,24060.1,24060.75,24054.4,24056.95,0
2026-06-17 04:32:00+00:00,24058.65,24059.3,24052.3,24055.55,0
2026-06-17 04:33:00+00:00,24057.1,24057.65,24047.85,24047.95,0
2026-06-17 04:34:00+00:00,24049.5,24050.6,24045.5,24046.05,0
2026-06-17 04:35:00+00:00,24047.7,24048.75,24043.15,24045.55,0
2026-06-17 04:36:00+00:00,24046.25,24050.0,24043.7,24049.45,0
2026-06-17 04:37:00+00:00,24050.5,24054.9,24047.5,24052.9,0
2026-06-17 04:38:00+00:00,24054.05,24061.7,24053.2,24060.2,0
2026-06-17 04:39:00+00:00,24061.25,24064.55,24059.9,24061.15,0
2026-06-17 04:40:00+00:00,24062.2,24064.3,24060.0,24060.65,0
2026-06-17 04:41:00+00:00,24062.2,24066.75,24059.25,24063.1,0
2026-06-17 04:42:00+00:00,24064.3,24064.6,24057.45,24057.45,0
2026-06-17 04:43:00+00:00,24059.2,24059.2,24051.0,24052.85,0
2026-06-17 04:44:00+00:00,24054.05,24056.85,24046.55,24047.7,0
2026-06-17 04:45:00+00:00,24048.25,24054.15,24046.45,24054.05,0
2026-06-17 04:46:00+00:00,24054.8,24061.35,24053.05,24057.05,0
2026-06-17 04:47:00+00:00,24058.6,24061.4,24054.6,24059.45,0
2026-06-17 04:48:00+00:00,24061.95,24064.85,24059.9,24063.8,0
2026-06-17 04:49:00+00:00,24062.6,24067.3,24062.6,24066.95,0
2026-06-17 04:50:00+00:00,24067.6,24071.9,24065.6,24069.15,0
2026-06-17 04:51:00+00:00,24070.55,24073.95,24066.25,24067.25,0
2026-06-17 04:52:00+00:00,24070.1,24071.6,24066.15,24069.8,0
2026-06-17 04:53:00+00:00,24070.85,24075.65,24069.25,24074.15,0
2026-06-17 04:54:00+00:00,24074.8,24080.65,24072.9,24078.7,0
2026-06-17 04:55:00+00:00,24080.55,24082.8,24078.8,24081.4,0
2026-06-17 04:56:00+00:00,24081.9,24082.65,24075.05,24076.05,0
2026-06-17 04:57:00+00:00,24078.45,24078.65,24073.2,24076.3,0
2026-06-17 04:58:00+00:00,24077.2,24078.0,24070.75,24071.35,0
2026-06-17 04:59:00+00:00,24072.6,24075.35,24065.55,24066.9,0
2026-06-17 05:00:00+00:00,24067.8,24074.5,24066.65,24070.35,0
2026-06-17 05:01:00+00:00,24071.35,24071.75,24065.65,24067.65,0
2026-06-17 05:02:00+00:00,24068.85,24069.85,24065.6,24067.6,0
2026-06-17 05:03:00+00:00,24069.65,24070.3,24062.5,24063.0,0
2026-06-17 05:04:00+00:00,24065.25,24075.75,24062.95,24075.7,0
2026-06-17 05:05:00+00:00,24077.05,24082.35,24075.25,24080.8,0
2026-06-17 05:06:00+00:00,24081.05,24083.8,24077.3,24080.05,0
2026-06-17 05:07:00+00:00,24081.45,24085.6,24076.8,24085.25,0
2026-06-17 05:08:00+00:00,24086.4,24087.95,24081.15,24081.4,0
2026-06-17 05:09:00+00:00,24083.2,24083.35,24077.05,24078.75,0
2026-06-17 05:10:00+00:00,24080.15,24084.7,24077.0,24083.95,0
2026-06-17 05:11:00+00:00,24084.8,24087.45,24082.75,24087.15,0
2026-06-17 05:12:00+00:00,24088.0,24088.6,24081.0,24086.4,0
2026-06-17 05:13:00+00:00,24087.25,24087.55,24081.7,24085.45,0
2026-06-17 05:14:00+00:00,24087.1,24087.65,24082.7,24085.75,0
2026-06-17 05:15:00+00:00,24086.35,24088.7,24083.85,24085.7,0
2026-06-17 05:16:00+00:00,24086.7,24088.05,24083.65,24085.7,0
2026-06-17 05:17:00+00:00,24086.65,24087.85,24080.75,24081.65,0
2026-06-17 05:18:00+00:00,24082.75,24082.95,24073.95,24076.8,0
2026-06-17 05:19:00+00:00,24078.85,24079.3,24074.55,24076.55,0
2026-06-17 05:20:00+00:00,24078.65,24079.4,24074.75,24076.25,0
2026-06-17 05:21:00+00:00,24077.85,24080.2,24075.65,24078.0,0
2026-06-17 05:22:00+00:00,24079.3,24084.65,24075.75,24084.25,0
2026-06-17 05:23:00+00:00,24085.25,24085.6,24080.0,24081.0,0
2026-06-17 05:24:00+00:00,24082.6,24083.45,24078.3,24083.45,0
2026-06-17 05:25:00+00:00,24084.25,24095.95,24083.9,24094.5,0
2026-06-17 05:26:00+00:00,24094.05,24097.4,24085.95,24089.2,0
2026-06-17 05:27:00+00:00,24091.15,24093.05,24086.3,24086.8,0
2026-06-17 05:28:00+00:00,24088.95,24090.05,24078.45,24080.35,0
2026-06-17 05:29:00+00:00,24081.95,24083.85,24077.7,24080.0,0
2026-06-17 05:30:00+00:00,24081.7,24082.5,24077.5,24077.7,0
2026-06-17 05:31:00+00:00,24078.6,24079.05,24071.85,24073.9,0
2026-06-17 05:32:00+00:00,24074.9,24075.65,24072.1,24073.45,0
2026-06-17 05:33:00+00:00,24074.75,24076.45,24072.4,24075.2,0
2026-06-17 05:34:00+00:00,24075.95,24076.5,24071.4,24073.15,0
2026-06-17 05:35:00+00:00,24074.9,24075.1,24070.6,24072.0,0
2026-06-17 05:36:00+00:00,24073.85,24076.0,24071.55,24074.25,0
2026-06-17 05:37:00+00:00,24075.8,24078.55,24073.55,24075.1,0
2026-06-17 05:38:00+00:00,24076.8,24076.8,24070.3,24071.7,0
2026-06-17 05:39:00+00:00,24073.0,24073.25,24068.7,24069.05,0
2026-06-17 05:40:00+00:00,24070.45,24072.2,24062.05,24068.65,0
2026-06-17 05:41:00+00:00,24070.15,24070.15,24064.95,24068.95,0
2026-06-17 05:42:00+00:00,24070.55,24074.5,24067.75,24072.45,0
2026-06-17 05:43:00+00:00,24073.8,24075.5,24070.9,24073.7,0
2026-06-17 05:44:00+00:00,24074.9,24083.1,24073.45,24081.7,0
2026-06-17 05:45:00+00:00,24082.0,24086.95,24078.55,24082.7,0
2026-06-17 05:46:00+00:00,24083.75,24084.0,24073.05,24080.25,0
2026-06-17 05:47:00+00:00,24081.15,24081.35,24076.3,24079.1,0
2026-06-17 05:48:00+00:00,24080.65,24081.75,24077.6,24080.25,0
2026-06-17 05:49:00+00:00,24081.3,24088.15,24079.0,24087.5,0
2026-06-17 05:50:00+00:00,24088.55,24089.8,24085.15,24086.25,0
2026-06-17 05:51:00+00:00,24087.75,24090.1,24084.85,24088.7,0
2026-06-17 05:52:00+00:00,24089.65,24090.75,24086.8,24089.55,0
2026-06-17 05:53:00+00:00,24091.2,24091.45,24086.35,24087.25,0
2026-06-17 05:54:00+00:00,24088.95,24089.3,24083.9,24084.55,0
2026-06-17 05:55:00+00:00,24085.85,24087.95,24082.3,24084.25,0
2026-06-17 05:56:00+00:00,24085.95,24088.9,24082.3,24082.3,0
2026-06-17 05:57:00+00:00,24083.7,24087.2,24080.65,24084.45,0
2026-06-17 05:58:00+00:00,24085.45,24088.9,24083.5,24086.25,0
2026-06-17 05:59:00+00:00,24086.85,24090.4,24081.75,24088.95,0
2026-06-17 06:00:00+00:00,24089.9,24093.05,24087.3,24091.5,0
2026-06-17 06:01:00+00:00,24092.3,24099.85,24089.8,24098.15,0
2026-06-17 06:02:00+00:00,24099.45,24107.15,24096.3,24106.05,0
2026-06-17 06:03:00+00:00,24107.85,24108.2,24097.65,24099.0,0
2026-06-17 06:04:00+00:00,24100.55,24100.55,24095.75,24098.65,0
2026-06-17 06:05:00+00:00,24099.45,24099.45,24090.55,24092.65,0
2026-06-17 06:06:00+00:00,24093.75,24094.35,24087.9,24087.9,0
2026-06-17 06:07:00+00:00,24089.7,24090.8,24083.2,24086.1,0
2026-06-17 06:08:00+00:00,24087.35,24087.4,24079.25,24080.95,0
2026-06-17 06:09:00+00:00,24080.95,24082.1,24073.6,24074.2,0
2026-06-17 06:10:00+00:00,24075.6,24076.15,24066.9,24071.65,0
2026-06-17 06:11:00+00:00,24072.55,24080.5,24070.95,24079.75,0
2026-06-17 06:12:00+00:00,24080.55,24086.25,24077.0,24084.7,0
2026-06-17 06:13:00+00:00,24085.85,24089.3,24081.8,24082.75,0
2026-06-17 06:14:00+00:00,24084.55,24085.15,24081.1,24083.3,0
2026-06-17 06:15:00+00:00,24084.15,24084.75,24080.1,24082.0,0
2026-06-17 06:16:00+00:00,24083.35,24085.6,24080.0,24080.75,0
2026-06-17 06:17:00+00:00,24081.95,24082.55,24074.9,24076.3,0
2026-06-17 06:18:00+00:00,24077.25,24077.35,24074.1,24074.45,0
2026-06-17 06:19:00+00:00,24075.9,24076.15,24071.7,24074.3,0
2026-06-17 06:20:00+00:00,24075.2,24075.55,24071.45,24071.65,0
2026-06-17 06:21:00+00:00,24074.3,24074.3,24068.9,24069.8,0
2026-06-17 06:22:00+00:00,24070.05,24073.05,24068.75,24072.45,0
2026-06-17 06:23:00+00:00,24073.5,24073.5,24067.55,24070.3,0
2026-06-17 06:24:00+00:00,24070.85,24071.55,24066.9,24068.55,0
2026-06-17 06:25:00+00:00,24068.8,24076.6,24065.95,24074.55,0
2026-06-17 06:26:00+00:00,24075.2,24076.9,24069.45,24072.75,0
2026-06-17 06:27:00+00:00,24074.3,24074.8,24064.25,24064.25,0
2026-06-17 06:28:00+00:00,24066.0,24066.4,24059.65,24060.95,0
2026-06-17 06:29:00+00:00,24061.6,24062.05,24054.7,24055.1,0
2026-06-17 06:30:00+00:00,24056.7,24058.0,24048.55,24049.85,0
2026-06-17 06:31:00+00:00,24050.9,24055.65,24049.05,24053.9,0
2026-06-17 06:32:00+00:00,24054.65,24055.4,24047.7,24051.95,0
2026-06-17 06:33:00+00:00,24052.45,24054.4,24048.65,24051.9,0
2026-06-17 06:34:00+00:00,24053.8,24065.35,24052.5,24063.35,0
2026-06-17 06:35:00+00:00,24062.75,24063.85,24057.6,24059.25,0
2026-06-17 06:36:00+00:00,24060.8,24063.3,24056.7,24059.5,0
2026-06-17 06:37:00+00:00,24060.6,24062.0,24053.45,24060.1,0
2026-06-17 06:38:00+00:00,24061.75,24065.05,24059.0,24060.85,0
2026-06-17 06:39:00+00:00,24061.75,24062.05,24056.35,24058.15,0
2026-06-17 06:40:00+00:00,24059.0,24061.75,24057.3,24059.3,0
2026-06-17 06:41:00+00:00,24060.5,24060.75,24054.5,24054.7,0
2026-06-17 06:42:00+00:00,24055.7,24057.3,24052.15,24053.25,0
2026-06-17 06:43:00+00:00,24054.6,24055.75,24050.65,24053.6,0
2026-06-17 06:44:00+00:00,24054.2,24054.75,24050.3,24050.3,0
2026-06-17 06:45:00+00:00,24051.75,24053.45,24049.2,24051.45,0
2026-06-17 06:46:00+00:00,24052.5,24053.1,24043.85,24044.7,0
2026-06-17 06:47:00+00:00,24045.65,24049.2,24042.05,24048.55,0
2026-06-17 06:48:00+00:00,24049.35,24051.65,24047.9,24050.9,0
2026-06-17 06:49:00+00:00,24052.0,24056.8,24050.8,24055.4,0
2026-06-17 06:50:00+00:00,24056.3,24056.9,24051.95,24054.2,0
2026-06-17 06:51:00+00:00,24055.45,24055.45,24048.9,24051.1,0
2026-06-17 06:52:00+00:00,24051.5,24052.55,24047.15,24050.1,0
2026-06-17 06:53:00+00:00,24052.0,24052.7,24048.9,24051.4,0
2026-06-17 06:54:00+00:00,24052.75,24053.15,24042.4,24044.1,0
2026-06-17 06:55:00+00:00,24044.8,24045.85,24033.0,24034.85,0
2026-06-17 06:56:00+00:00,24036.7,24037.55,24033.5,24035.2,0
2026-06-17 06:57:00+00:00,24036.4,24039.8,24033.6,24038.5,0
2026-06-17 06:58:00+00:00,24039.9,24044.8,24038.85,24043.7,0
2026-06-17 06:59:00+00:00,24044.6,24050.05,24039.45,24045.5,0
2026-06-17 07:00:00+00:00,24045.85,24046.8,24039.6,24040.35,0
2026-06-17 07:01:00+00:00,24042.3,24042.75,24036.55,24040.05,0
2026-06-17 07:02:00+00:00,24040.3,24041.0,24034.6,24037.7,0
2026-06-17 07:03:00+00:00,24039.35,24042.55,24038.45,24041.4,0
2026-06-17 07:04:00+00:00,24042.15,24042.65,24038.25,24040.15,0
2026-06-17 07:05:00+00:00,24041.3,24043.65,24038.75,24040.8,0
2026-06-17 07:06:00+00:00,24043.05,24043.05,24033.75,24034.65,0
2026-06-17 07:07:00+00:00,24036.45,24038.2,24032.35,24035.05,0
2026-06-17 07:08:00+00:00,24036.25,24037.0,24033.2,24034.85,0
2026-06-17 07:09:00+00:00,24036.0,24036.95,24033.95,24035.85,0
2026-06-17 07:10:00+00:00,24036.65,24038.0,24033.25,24037.45,0
2026-06-17 07:11:00+00:00,24036.9,24043.5,24036.65,24043.25,0
2026-06-17 07:12:00+00:00,24043.7,24047.4,24043.2,24045.35,0
2026-06-17 07:13:00+00:00,24046.7,24050.3,24044.5,24047.6,0
2026-06-17 07:14:00+00:00,24049.25,24051.2,24043.45,24044.25,0
2026-06-17 07:15:00+00:00,24044.9,24050.5,24042.6,24049.4,0
2026-06-17 07:16:00+00:00,24049.7,24053.95,24048.1,24050.2,0
2026-06-17 07:17:00+00:00,24051.6,24051.7,24043.35,24044.7,0
2026-06-17 07:18:00+00:00,24047.3,24047.5,24041.7,24041.7,0
2026-06-17 07:19:00+00:00,24043.65,24047.8,24042.5,24045.6,0
2026-06-17 07:20:00+00:00,24046.15,24047.4,24042.85,24043.15,0
2026-06-17 07:21:00+00:00,24044.65,24044.8,24039.55,24041.1,0
2026-06-17 07:22:00+00:00,24042.4,24045.0,24037.15,24038.6,0
2026-06-17 07:23:00+00:00,24039.65,24039.65,24035.45,24036.35,0
2026-06-17 07:24:00+00:00,24038.15,24038.4,24028.6,24028.6,0
2026-06-17 07:25:00+00:00,24030.05,24034.55,24027.35,24030.15,0
2026-06-17 07:26:00+00:00,24031.15,24033.7,24029.0,24031.85,0
2026-06-17 07:27:00+00:00,24033.5,24036.25,24030.75,24032.75,0
2026-06-17 07:28:00+00:00,24033.75,24034.8,24029.9,24033.1,0
2026-06-17 07:29:00+00:00,24033.95,24034.25,24029.1,24029.5,0
2026-06-17 07:30:00+00:00,24030.0,24030.95,24023.6,24026.6,0
2026-06-17 07:31:00+00:00,24027.05,24030.7,24024.3,24029.95,0
2026-06-17 07:32:00+00:00,24030.6,24032.45,24027.8,24031.6,0
2026-06-17 07:33:00+00:00,24032.3,24035.85,24030.65,24035.85,0
2026-06-17 07:34:00+00:00,24036.55,24038.6,24034.6,24037.65,0
2026-06-17 07:35:00+00:00,24038.6,24040.4,24034.9,24035.15,0
2026-06-17 07:36:00+00:00,24036.85,24037.3,24032.1,24032.25,0
2026-06-17 07:37:00+00:00,24034.55,24035.0,24028.3,24029.1,0
2026-06-17 07:38:00+00:00,24030.25,24030.25,24021.4,24022.05,0
2026-06-17 07:39:00+00:00,24023.75,24023.75,24016.0,24017.05,0
2026-06-17 07:40:00+00:00,24017.55,24022.15,24013.9,24018.45,0
2026-06-17 07:41:00+00:00,24020.95,24021.45,24015.4,24018.75,0
2026-06-17 07:42:00+00:00,24021.2,24021.3,24016.15,24017.15,0
2026-06-17 07:43:00+00:00,24018.25,24018.45,24012.9,24012.9,0
2026-06-17 07:44:00+00:00,24014.35,24015.35,24009.75,24009.75,0
2026-06-17 07:45:00+00:00,24010.6,24014.65,24005.85,24014.1,0
2026-06-17 07:46:00+00:00,24015.35,24025.6,24013.6,24025.25,0
2026-06-17 07:47:00+00:00,24026.4,24031.8,24022.15,24025.5,0
2026-06-17 07:48:00+00:00,24028.95,24029.85,24025.6,24027.5,0
2026-06-17 07:49:00+00:00,24027.9,24028.35,24022.8,24024.15,0
2026-06-17 07:50:00+00:00,24026.0,24032.15,24024.4,24029.75,0
2026-06-17 07:51:00+00:00,24031.2,24035.1,24029.3,24032.95,0
2026-06-17 07:52:00+00:00,24035.3,24036.75,24032.4,24035.55,0
2026-06-17 07:53:00+00:00,24037.1,24037.6,24034.05,24035.95,0
2026-06-17 07:54:00+00:00,24037.25,24037.4,24032.75,24033.55,0
2026-06-17 07:55:00+00:00,24034.45,24035.1,24032.1,24033.35,0
2026-06-17 07:56:00+00:00,24034.15,24039.1,24032.95,24035.75,0
2026-06-17 07:57:00+00:00,24036.9,24039.25,24034.75,24035.65,0
2026-06-17 07:58:00+00:00,24036.5,24039.3,24034.4,24036.45,0
2026-06-17 07:59:00+00:00,24037.65,24037.9,24033.4,24034.25,0
2026-06-17 08:00:00+00:00,24035.1,24036.0,24032.05,24035.3,0
2026-06-17 08:01:00+00:00,24036.4,24036.85,24032.3,24033.5,0
2026-06-17 08:02:00+00:00,24034.8,24036.25,24032.45,24034.2,0
2026-06-17 08:03:00+00:00,24035.95,24036.65,24033.5,24035.65,0
2026-06-17 08:04:00+00:00,24036.5,24044.65,24034.9,24044.05,0
2026-06-17 08:05:00+00:00,24045.55,24049.15,24041.0,24049.15,0
2026-06-17 08:06:00+00:00,24050.2,24051.35,24045.85,24048.7,0
2026-06-17 08:07:00+00:00,24050.45,24050.9,24046.25,24049.0,0
2026-06-17 08:08:00+00:00,24050.05,24053.75,24049.2,24052.55,0
2026-06-17 08:09:00+00:00,24053.65,24061.85,24052.7,24053.35,0
2026-06-17 08:10:00+00:00,24054.3,24055.45,24050.25,24050.9,0
2026-06-17 08:11:00+00:00,24051.85,24054.15,24047.8,24050.6,0
2026-06-17 08:12:00+00:00,24051.3,24056.1,24049.8,24055.55,0
2026-06-17 08:13:00+00:00,24056.75,24058.85,24055.15,24058.15,0
2026-06-17 08:14:00+00:00,24059.0,24059.3,24055.05,24055.7,0
2026-06-17 08:15:00+00:00,24057.15,24058.55,24053.35,24056.45,0
2026-06-17 08:16:00+00:00,24057.3,24058.05,24053.45,24054.0,0
2026-06-17 08:17:00+00:00,24054.75,24056.3,24053.0,24054.25,0
2026-06-17 08:18:00+00:00,24055.45,24056.15,24048.15,24048.15,0
2026-06-17 08:19:00+00:00,24048.75,24053.6,24044.75,24052.75,0
2026-06-17 08:20:00+00:00,24052.95,24053.15,24041.05,24041.6,0
2026-06-17 08:21:00+00:00,24042.35,24042.4,24033.5,24034.4,0
2026-06-17 08:22:00+00:00,24035.7,24040.65,24029.45,24039.95,0
2026-06-17 08:23:00+00:00,24041.15,24046.35,24039.6,24046.05,0
2026-06-17 08:24:00+00:00,24046.5,24046.5,24042.5,24045.45,0
2026-06-17 08:25:00+00:00,24046.55,24046.55,24040.15,24041.35,0
2026-06-17 08:26:00+00:00,24042.85,24048.15,24042.1,24047.15,0
2026-06-17 08:27:00+00:00,24048.3,24050.05,24045.5,24049.55,0
2026-06-17 08:28:00+00:00,24050.5,24051.1,24047.15,24048.85,0
2026-06-17 08:29:00+00:00,24050.05,24051.05,24046.55,24048.85,0
2026-06-17 08:30:00+00:00,24049.85,24053.3,24047.6,24051.15,0
2026-06-17 08:31:00+00:00,24052.75,24052.95,24045.15,24047.5,0
2026-06-17 08:32:00+00:00,24048.6,24050.4,24045.7,24049.5,0
2026-06-17 08:33:00+00:00,24050.95,24053.45,24046.3,24051.45,0
2026-06-17 08:34:00+00:00,24051.6,24052.95,24043.25,24049.2,0
2026-06-17 08:35:00+00:00,24049.9,24051.25,24041.6,24043.3,0
2026-06-17 08:36:00+00:00,24044.4,24045.9,24040.05,24042.35,0
2026-06-17 08:37:00+00:00,24044.6,24046.6,24041.1,24044.25,0
2026-06-17 08:38:00+00:00,24046.75,24047.3,24043.0,24046.4,0
2026-06-17 08:39:00+00:00,24047.65,24048.85,24041.05,24041.05,0
2026-06-17 08:40:00+00:00,24042.5,24043.8,24039.65,24042.3,0
2026-06-17 08:41:00+00:00,24043.15,24044.55,24036.35,24038.6,0
2026-06-17 08:42:00+00:00,24040.4,24047.95,24039.6,24046.65,0
2026-06-17 08:43:00+00:00,24047.05,24052.05,24047.05,24050.0,0
2026-06-17 08:44:00+00:00,24051.5,24052.35,24046.95,24047.85,0
2026-06-17 08:45:00+00:00,24049.1,24050.85,24043.9,24050.7,0
2026-06-17 08:46:00+00:00,24051.75,24052.3,24039.9,24039.9,0
2026-06-17 08:47:00+00:00,24041.1,24044.8,24035.5,24041.35,0
2026-06-17 08:48:00+00:00,24042.35,24047.6,24040.75,24047.15,0
2026-06-17 08:49:00+00:00,24047.7,24051.3,24046.3,24050.55,0
2026-06-17 08:50:00+00:00,24050.65,24050.65,24041.95,24046.35,0
2026-06-17 08:51:00+00:00,24047.25,24047.9,24040.4,24042.45,0
2026-06-17 08:52:00+00:00,24044.3,24046.3,24041.8,24044.65,0
2026-06-17 08:53:00+00:00,24045.4,24047.3,24037.6,24040.85,0
2026-06-17 08:54:00+00:00,24042.7,24044.4,24038.2,24040.55,0
2026-06-17 08:55:00+00:00,24041.8,24041.8,24031.15,24033.35,0
2026-06-17 08:56:00+00:00,24033.8,24035.15,24021.85,24027.8,0
2026-06-17 08:57:00+00:00,24028.0,24031.1,24023.95,24024.6,0
2026-06-17 08:58:00+00:00,24026.45,24027.55,24021.4,24025.75,0
2026-06-17 08:59:00+00:00,24026.55,24028.85,24024.15,24024.3,0
2026-06-17 09:00:00+00:00,24025.8,24025.8,24015.8,24016.0,0
2026-06-17 09:01:00+00:00,24017.2,24032.9,24016.35,24031.35,0
2026-06-17 09:02:00+00:00,24032.15,24032.25,24027.0,24027.95,0
2026-06-17 09:03:00+00:00,24029.05,24029.25,24024.85,24027.4,0
2026-06-17 09:04:00+00:00,24028.5,24030.75,24026.15,24028.25,0
2026-06-17 09:05:00+00:00,24029.7,24032.9,24025.95,24031.6,0
2026-06-17 09:06:00+00:00,24032.65,24038.0,24030.4,24035.7,0
2026-06-17 09:07:00+00:00,24037.1,24045.95,24034.9,24045.95,0
2026-06-17 09:08:00+00:00,24048.1,24048.1,24042.0,24046.6,0
2026-06-17 09:09:00+00:00,24047.85,24048.25,24040.95,24043.35,0
2026-06-17 09:10:00+00:00,24044.65,24045.4,24038.75,24039.1,0
2026-06-17 09:11:00+00:00,24041.15,24042.55,24037.9,24038.9,0
2026-06-17 09:12:00+00:00,24040.65,24041.3,24036.0,24037.0,0
2026-06-17 09:13:00+00:00,24039.65,24040.65,24036.95,24038.45,0
2026-06-17 09:14:00+00:00,24040.15,24043.15,24037.8,24041.25,0
2026-06-17 09:15:00+00:00,24043.25,24043.95,24038.3,24042.7,0
2026-06-17 09:16:00+00:00,24044.55,24047.55,24042.95,24043.55,0
2026-06-17 09:17:00+00:00,24045.3,24047.2,24043.25,24045.0,0
2026-06-17 09:18:00+00:00,24047.5,24047.5,24041.35,24042.35,0
2026-06-17 09:19:00+00:00,24044.6,24044.6,24038.2,24038.95,0
2026-06-17 09:20:00+00:00,24042.9,24045.5,24040.15,24043.75,0
2026-06-17 09:21:00+00:00,24045.05,24045.05,24038.6,24038.6,0
2026-06-17 09:22:00+00:00,24042.05,24042.05,24033.45,24034.45,0
2026-06-17 09:23:00+00:00,24037.2,24038.65,24026.95,24038.35,0
2026-06-17 09:24:00+00:00,24039.7,24050.9,24038.4,24050.6,0
2026-06-17 09:25:00+00:00,24052.0,24052.0,24044.6,24044.6,0
2026-06-17 09:26:00+00:00,24047.45,24048.95,24044.1,24045.8,0
2026-06-17 09:27:00+00:00,24047.65,24057.4,24045.35,24057.4,0
2026-06-17 09:28:00+00:00,24059.35,24068.1,24057.35,24068.1,0
2026-06-17 09:29:00+00:00,24068.4,24077.3,24066.9,24076.9,0
2026-06-17 09:30:00+00:00,24076.8,24085.4,24070.45,24084.25,0
2026-06-17 09:31:00+00:00,24085.6,24091.35,24085.2,24089.85,0
2026-06-17 09:32:00+00:00,24091.05,24095.6,24090.6,24095.3,0
2026-06-17 09:33:00+00:00,24096.25,24098.75,24090.65,24091.5,0
2026-06-17 09:34:00+00:00,24092.4,24094.9,24086.2,24087.65,0
2026-06-17 09:35:00+00:00,24088.1,24094.65,24087.35,24089.75,0
2026-06-17 09:36:00+00:00,24090.45,24091.9,24082.65,24085.3,0
2026-06-17 09:37:00+00:00,24086.8,24088.0,24084.4,24087.75,0
2026-06-17 09:38:00+00:00,24088.85,24095.05,24088.15,24091.3,0
2026-06-17 09:39:00+00:00,24090.6,24095.4,24089.5,24091.35,0
2026-06-17 09:40:00+00:00,24091.1,24092.15,24085.35,24087.7,0
2026-06-17 09:41:00+00:00,24088.75,24092.95,24088.55,24089.25,0
2026-06-17 09:42:00+00:00,24089.6,24090.6,24085.55,24086.15,0
2026-06-17 09:43:00+00:00,24087.55,24088.35,24085.25,24086.65,0
2026-06-17 09:44:00+00:00,24088.2,24089.35,24082.05,24083.6,0
2026-06-17 09:45:00+00:00,24083.6,24085.8,24082.35,24084.25,0
2026-06-17 09:46:00+00:00,24084.05,24084.4,24078.25,24080.35,0
2026-06-17 09:47:00+00:00,24081.0,24085.15,24079.2,24083.2,0
2026-06-17 09:48:00+00:00,24083.65,24085.75,24081.95,24084.55,0
2026-06-17 09:49:00+00:00,24084.6,24088.8,24083.9,24088.05,0
2026-06-17 09:50:00+00:00,24087.65,24090.0,24085.7,24087.4,0
2026-06-17 09:51:00+00:00,24087.35,24089.3,24084.1,24085.9,0
2026-06-17 09:52:00+00:00,24085.5,24087.15,24081.6,24085.6,0
2026-06-17 09:53:00+00:00,24086.6,24089.45,24083.3,24084.2,0
2026-06-17 09:54:00+00:00,24084.4,24085.0,24079.95,24081.45,0
2026-06-17 09:55:00+00:00,24081.25,24087.15,24077.8,24082.65,0
2026-06-17 09:56:00+00:00,24082.35,24084.2,24078.95,24079.25,0
2026-06-17 09:57:00+00:00,24079.85,24080.85,24073.1,24075.9,0
2026-06-17 09:58:00+00:00,24076.2,24080.35,24074.55,24076.6,0
2026-06-17 09:59:00+00:00,24074.8,24083.0,24073.2,24081.95,0
2026-06-18 03:45:00+00:00,24073.8,24133.35,24062.8,24077.15,0
2026-06-18 03:46:00+00:00,24078.25,24078.25,24058.85,24063.15,0
2026-06-18 03:47:00+00:00,24066.1,24079.2,24060.7,24076.4,0
2026-06-18 03:48:00+00:00,24079.6,24092.85,24072.9,24091.15,0
2026-06-18 03:49:00+00:00,24092.3,24092.75,24081.55,24082.65,0
2026-06-18 03:50:00+00:00,24085.1,24088.6,24081.55,24085.8,0
2026-06-18 03:51:00+00:00,24087.7,24088.25,24080.1,24081.1,0
2026-06-18 03:52:00+00:00,24082.15,24099.75,24079.1,24096.3,0
2026-06-18 03:53:00+00:00,24097.7,24098.25,24091.15,24092.9,0
2026-06-18 03:54:00+00:00,24094.1,24098.6,24090.5,24092.7,0
2026-06-18 03:55:00+00:00,24094.7,24094.7,24083.95,24088.2,0
2026-06-18 03:56:00+00:00,24089.2,24093.35,24086.55,24093.35,0
2026-06-18 03:57:00+00:00,24096.0,24096.0,24090.85,24091.3,0
2026-06-18 03:58:00+00:00,24094.55,24094.75,24083.55,24086.3,0
2026-06-18 03:59:00+00:00,24088.0,24091.3,24085.0,24090.25,0
2026-06-18 04:00:00+00:00,24092.2,24100.9,24089.35,24093.0,0
2026-06-18 04:01:00+00:00,24096.05,24096.35,24084.65,24084.85,0
2026-06-18 04:02:00+00:00,24087.4,24093.5,24080.2,24092.6,0
2026-06-18 04:03:00+00:00,24094.5,24094.5,24087.55,24088.7,0
2026-06-18 04:04:00+00:00,24091.25,24091.85,24082.55,24085.1,0
2026-06-18 04:05:00+00:00,24088.05,24088.05,24073.35,24075.6,0
2026-06-18 04:06:00+00:00,24077.65,24078.65,24071.95,24074.05,0
2026-06-18 04:07:00+00:00,24075.1,24076.25,24066.85,24076.15,0
2026-06-18 04:08:00+00:00,24079.7,24083.85,24073.15,24081.8,0
2026-06-18 04:09:00+00:00,24084.5,24086.85,24077.9,24085.65,0
2026-06-18 04:10:00+00:00,24088.45,24097.85,24085.75,24095.75,0
2026-06-18 04:11:00+00:00,24097.6,24104.3,24093.25,24104.2,0
2026-06-18 04:12:00+00:00,24106.4,24119.65,24102.45,24118.25,0
2026-06-18 04:13:00+00:00,24120.55,24121.05,24113.6,24114.4,0
2026-06-18 04:14:00+00:00,24117.45,24118.25,24108.45,24108.9,0
2026-06-18 04:15:00+00:00,24112.0,24119.05,24107.4,24113.8,0
2026-06-18 04:16:00+00:00,24116.0,24121.6,24111.65,24120.05,0
2026-06-18 04:17:00+00:00,24122.3,24129.95,24119.25,24127.8,0
2026-06-18 04:18:00+00:00,24130.0,24136.8,24124.95,24124.95,0
2026-06-18 04:19:00+00:00,24127.85,24129.7,24120.0,24126.7,0
2026-06-18 04:20:00+00:00,24128.55,24132.05,24125.3,24131.85,0
2026-06-18 04:21:00+00:00,24133.55,24133.7,24126.3,24129.4,0
2026-06-18 04:22:00+00:00,24131.3,24132.45,24122.25,24123.35,0
2026-06-18 04:23:00+00:00,24126.1,24134.1,24121.85,24131.9,0
2026-06-18 04:24:00+00:00,24134.9,24139.1,24131.1,24135.15,0
2026-06-18 04:25:00+00:00,24137.4,24139.65,24132.1,24132.65,0
2026-06-18 04:26:00+00:00,24134.65,24134.8,24125.15,24130.95,0
2026-06-18 04:27:00+00:00,24134.6,24135.9,24130.8,24133.4,0
2026-06-18 04:28:00+00:00,24135.6,24135.75,24126.75,24127.8,0
2026-06-18 04:29:00+00:00,24131.1,24133.25,24121.75,24123.2,0
2026-06-18 04:30:00+00:00,24126.85,24131.15,24119.0,24119.0,0
2026-06-18 04:31:00+00:00,24121.45,24123.95,24117.95,24119.55,0
2026-06-18 04:32:00+00:00,24121.05,24123.5,24113.65,24121.85,0
2026-06-18 04:33:00+00:00,24124.0,24124.25,24118.85,24119.45,0
2026-06-18 04:34:00+00:00,24122.2,24122.35,24114.4,24116.05,0
2026-06-18 04:35:00+00:00,24117.65,24118.8,24114.3,24117.15,0
2026-06-18 04:36:00+00:00,24118.75,24119.25,24114.1,24116.05,0
2026-06-18 04:37:00+00:00,24118.35,24118.5,24113.15,24114.05,0
2026-06-18 04:38:00+00:00,24116.0,24120.7,24114.55,24118.95,0
2026-06-18 04:39:00+00:00,24120.65,24127.8,24117.95,24126.95,0
2026-06-18 04:40:00+00:00,24129.6,24134.25,24120.5,24124.45,0
2026-06-18 04:41:00+00:00,24127.2,24133.95,24124.5,24132.85,0
2026-06-18 04:42:00+00:00,24134.5,24138.4,24130.2,24132.35,0
2026-06-18 04:43:00+00:00,24134.65,24134.7,24128.8,24130.45,0
2026-06-18 04:44:00+00:00,24130.75,24131.7,24125.2,24125.6,0
2026-06-18 04:45:00+00:00,24127.4,24129.9,24123.8,24124.25,0
2026-06-18 04:46:00+00:00,24126.4,24130.8,24120.05,24125.05,0
2026-06-18 04:47:00+00:00,24126.95,24126.95,24120.65,24121.1,0
2026-06-18 04:48:00+00:00,24122.45,24122.75,24108.1,24111.1,0
2026-06-18 04:49:00+00:00,24113.75,24115.4,24109.95,24114.6,0
2026-06-18 04:50:00+00:00,24116.05,24116.05,24110.5,24110.5,0
2026-06-18 04:51:00+00:00,24112.15,24115.4,24106.8,24112.75,0
2026-06-18 04:52:00+00:00,24114.55,24114.8,24110.0,24112.65,0
2026-06-18 04:53:00+00:00,24114.7,24116.05,24111.8,24115.1,0
2026-06-18 04:54:00+00:00,24116.8,24116.8,24112.25,24115.45,0
2026-06-18 04:55:00+00:00,24116.9,24116.9,24109.65,24111.15,0
2026-06-18 04:56:00+00:00,24113.95,24113.95,24107.1,24110.9,0
2026-06-18 04:57:00+00:00,24112.65,24112.65,24108.35,24109.45,0
2026-06-18 04:58:00+00:00,24110.75,24111.25,24103.7,24109.15,0
2026-06-18 04:59:00+00:00,24111.7,24112.5,24106.65,24109.25,0
2026-06-18 05:00:00+00:00,24111.4,24111.6,24101.45,24101.45,0
2026-06-18 05:01:00+00:00,24103.45,24110.0,24100.1,24108.3,0
2026-06-18 05:02:00+00:00,24110.25,24110.65,24105.5,24108.6,0
2026-06-18 05:03:00+00:00,24111.2,24111.35,24107.8,24111.05,0
2026-06-18 05:04:00+00:00,24112.2,24113.95,24108.95,24111.6,0
2026-06-18 05:05:00+00:00,24112.9,24114.2,24106.5,24111.35,0
2026-06-18 05:06:00+00:00,24113.25,24113.25,24105.2,24107.25,0
2026-06-18 05:07:00+00:00,24109.9,24110.25,24104.55,24105.0,0
2026-06-18 05:08:00+00:00,24106.45,24106.75,24095.45,24095.45,0
2026-06-18 05:09:00+00:00,24097.35,24097.45,24077.85,24078.75,0
2026-06-18 05:10:00+00:00,24079.95,24079.95,24059.55,24070.4,0
2026-06-18 05:11:00+00:00,24073.3,24073.65,24066.45,24072.15,0
2026-06-18 05:12:00+00:00,24074.7,24074.9,24066.8,24069.0,0
2026-06-18 05:13:00+00:00,24070.8,24081.55,24069.05,24081.1,0
2026-06-18 05:14:00+00:00,24082.05,24083.05,24074.7,24076.35,0
2026-06-18 05:15:00+00:00,24078.35,24087.05,24073.65,24085.95,0
2026-06-18 05:16:00+00:00,24088.35,24091.9,24083.0,24083.0,0
2026-06-18 05:17:00+00:00,24085.25,24087.7,24081.9,24084.35,0
2026-06-18 05:18:00+00:00,24086.45,24088.8,24079.7,24081.15,0
2026-06-18 05:19:00+00:00,24083.55,24083.8,24072.8,24075.1,0
2026-06-18 05:20:00+00:00,24076.55,24076.55,24067.1,24070.5,0
2026-06-18 05:21:00+00:00,24072.3,24084.9,24069.75,24080.0,0
2026-06-18 05:22:00+00:00,24082.15,24083.25,24074.45,24082.1,0
2026-06-18 05:23:00+00:00,24083.8,24084.2,24078.6,24082.85,0
2026-06-18 05:24:00+00:00,24084.0,24085.6,24078.95,24083.15,0
2026-06-18 05:25:00+00:00,24085.1,24086.8,24081.7,24086.7,0
2026-06-18 05:26:00+00:00,24088.9,24092.55,24085.75,24085.75,0
2026-06-18 05:27:00+00:00,24087.45,24087.45,24083.8,24084.4,0
2026-06-18 05:28:00+00:00,24085.85,24086.35,24082.05,24085.85,0
2026-06-18 05:29:00+00:00,24087.7,24093.9,24085.15,24092.55,0
2026-06-18 05:30:00+00:00,24093.85,24093.85,24081.45,24082.65,0
2026-06-18 05:31:00+00:00,24085.15,24085.15,24080.25,24082.15,0
2026-06-18 05:32:00+00:00,24083.9,24086.15,24081.8,24084.55,0
2026-06-18 05:33:00+00:00,24086.15,24086.95,24081.7,24084.55,0
2026-06-18 05:34:00+00:00,24086.95,24087.1,24082.9,24082.9,0
2026-06-18 05:35:00+00:00,24085.1,24085.35,24075.95,24075.95,0
2026-06-18 05:36:00+00:00,24078.9,24081.85,24073.15,24080.9,0
2026-06-18 05:37:00+00:00,24082.55,24082.55,24074.65,24075.3,0
2026-06-18 05:38:00+00:00,24077.05,24079.2,24073.05,24077.1,0
2026-06-18 05:39:00+00:00,24078.2,24080.45,24076.35,24077.95,0
2026-06-18 05:40:00+00:00,24079.7,24081.35,24076.8,24078.55,0
2026-06-18 05:41:00+00:00,24080.5,24080.9,24076.55,24078.85,0
2026-06-18 05:42:00+00:00,24080.8,24080.85,24068.05,24068.3,0
2026-06-18 05:43:00+00:00,24071.85,24071.85,24059.9,24059.9,0
2026-06-18 05:44:00+00:00,24061.95,24074.15,24060.3,24064.65,0
2026-06-18 05:45:00+00:00,24066.2,24066.35,24053.2,24053.2,0
2026-06-18 05:46:00+00:00,24054.7,24058.8,24048.65,24052.0,0
2026-06-18 05:47:00+00:00,24053.6,24054.6,24050.45,24051.85,0
2026-06-18 05:48:00+00:00,24054.45,24056.9,24052.6,24053.2,0
2026-06-18 05:49:00+00:00,24054.9,24056.25,24047.85,24048.3,0
2026-06-18 05:50:00+00:00,24049.75,24049.75,24036.95,24041.35,0
2026-06-18 05:51:00+00:00,24042.8,24048.15,24042.25,24045.2,0
2026-06-18 05:52:00+00:00,24047.15,24051.35,24043.2,24043.2,0
2026-06-18 05:53:00+00:00,24045.4,24053.15,24044.65,24053.15,0
2026-06-18 05:54:00+00:00,24055.35,24056.55,24049.7,24050.5,0
2026-06-18 05:55:00+00:00,24052.55,24054.35,24050.15,24050.5,0
2026-06-18 05:56:00+00:00,24052.05,24052.9,24044.4,24045.2,0
2026-06-18 05:57:00+00:00,24047.95,24053.45,24045.95,24052.1,0
2026-06-18 05:58:00+00:00,24053.4,24054.25,24049.35,24053.25,0
2026-06-18 05:59:00+00:00,24054.8,24057.65,24052.5,24054.95,0
2026-06-18 06:00:00+00:00,24057.5,24057.85,24052.7,24055.15,0
2026-06-18 06:01:00+00:00,24056.65,24056.65,24049.7,24052.9,0
2026-06-18 06:02:00+00:00,24054.3,24058.85,24051.85,24057.7,0
2026-06-18 06:03:00+00:00,24059.25,24063.3,24056.0,24060.35,0
2026-06-18 06:04:00+00:00,24061.25,24063.8,24054.85,24061.4,0
2026-06-18 06:05:00+00:00,24062.05,24062.85,24056.15,24060.6,0
2026-06-18 06:06:00+00:00,24062.45,24064.25,24060.5,24063.15,0
2026-06-18 06:07:00+00:00,24064.6,24065.5,24052.85,24053.5,0
2026-06-18 06:08:00+00:00,24054.75,24054.75,24047.3,24048.8,0
2026-06-18 06:09:00+00:00,24050.7,24054.2,24048.65,24053.1,0
2026-06-18 06:10:00+00:00,24054.7,24054.7,24049.8,24052.3,0
2026-06-18 06:11:00+00:00,24054.9,24056.85,24051.8,24056.85,0
2026-06-18 06:12:00+00:00,24058.35,24058.65,24054.3,24054.3,0
2026-06-18 06:13:00+00:00,24057.35,24058.3,24049.05,24056.15,0
2026-06-18 06:14:00+00:00,24057.8,24065.1,24056.05,24062.85,0
2026-06-18 06:15:00+00:00,24064.6,24071.85,24061.2,24070.7,0
2026-06-18 06:16:00+00:00,24072.5,24075.35,24064.7,24066.0,0
2026-06-18 06:17:00+00:00,24067.9,24069.6,24057.6,24064.75,0
2026-06-18 06:18:00+00:00,24066.9,24067.1,24061.25,24063.9,0
2026-06-18 06:19:00+00:00,24065.6,24068.55,24062.4,24063.65,0
2026-06-18 06:20:00+00:00,24065.6,24065.85,24051.3,24053.85,0
2026-06-18 06:21:00+00:00,24057.8,24060.05,24050.05,24058.65,0
2026-06-18 06:22:00+00:00,24060.55,24071.5,24058.7,24061.8,0
2026-06-18 06:23:00+00:00,24064.4,24065.7,24059.95,24063.25,0
2026-06-18 06:24:00+00:00,24065.1,24065.1,24060.15,24062.95,0
2026-06-18 06:25:00+00:00,24064.4,24067.05,24062.25,24064.3,0
2026-06-18 06:26:00+00:00,24066.15,24069.95,24063.7,24066.05,0
2026-06-18 06:27:00+00:00,24068.25,24071.55,24064.8,24069.25,0
2026-06-18 06:28:00+00:00,24070.7,24073.3,24066.75,24068.05,0
2026-06-18 06:29:00+00:00,24068.95,24072.35,24062.55,24071.95,0
2026-06-18 06:30:00+00:00,24072.7,24081.3,24071.05,24080.7,0
2026-06-18 06:31:00+00:00,24082.6,24085.7,24080.1,24085.6,0
2026-06-18 06:32:00+00:00,24086.1,24090.85,24083.4,24087.55,0
2026-06-18 06:33:00+00:00,24089.3,24090.95,24085.0,24086.95,0
2026-06-18 06:34:00+00:00,24089.05,24090.7,24083.0,24088.15,0
2026-06-18 06:35:00+00:00,24089.0,24090.65,24086.4,24087.45,0
2026-06-18 06:36:00+00:00,24088.6,24090.8,24085.9,24087.95,0
2026-06-18 06:37:00+00:00,24089.05,24099.65,24087.8,24096.25,0
2026-06-18 06:38:00+00:00,24098.1,24099.7,24090.7,24092.45,0
2026-06-18 06:39:00+00:00,24093.5,24097.5,24091.55,24094.05,0
2026-06-18 06:40:00+00:00,24095.7,24096.55,24083.4,24085.1,0
2026-06-18 06:41:00+00:00,24086.8,24089.9,24084.55,24086.55,0
2026-06-18 06:42:00+00:00,24088.35,24088.55,24082.1,24084.7,0
2026-06-18 06:43:00+00:00,24086.4,24092.8,24083.0,24092.3,0
2026-06-18 06:44:00+00:00,24093.45,24093.45,24084.25,24088.2,0
2026-06-18 06:45:00+00:00,24089.85,24091.15,24079.8,24080.85,0
2026-06-18 06:46:00+00:00,24082.6,24086.95,24078.45,24082.75,0
2026-06-18 06:47:00+00:00,24085.7,24086.6,24080.75,24081.45,0
2026-06-18 06:48:00+00:00,24082.85,24096.45,24080.3,24094.2,0
2026-06-18 06:49:00+00:00,24095.8,24098.15,24093.8,24095.6,0
2026-06-18 06:50:00+00:00,24097.7,24097.7,24090.85,24094.5,0
2026-06-18 06:51:00+00:00,24095.65,24096.75,24089.3,24090.1,0
2026-06-18 06:52:00+00:00,24090.8,24092.65,24088.0,24089.65,0
2026-06-18 06:53:00+00:00,24090.6,24098.05,24087.95,24096.8,0
2026-06-18 06:54:00+00:00,24098.25,24103.3,24094.75,24099.45,0
2026-06-18 06:55:00+00:00,24100.95,24104.65,24099.4,24101.45,0
2026-06-18 06:56:00+00:00,24102.45,24102.45,24095.85,24099.35,0
2026-06-18 06:57:00+00:00,24102.0,24109.8,24100.8,24108.75,0
2026-06-18 06:58:00+00:00,24109.75,24112.6,24107.45,24112.45,0
2026-06-18 06:59:00+00:00,24113.9,24119.95,24111.9,24118.7,0
2026-06-18 07:00:00+00:00,24120.85,24128.75,24111.6,24113.45,0
2026-06-18 07:01:00+00:00,24116.9,24117.2,24109.25,24109.35,0
2026-06-18 07:02:00+00:00,24112.1,24122.95,24109.35,24122.25,0
2026-06-18 07:03:00+00:00,24124.15,24130.3,24120.9,24129.75,0
2026-06-18 07:04:00+00:00,24131.45,24132.05,24127.6,24128.8,0
2026-06-18 07:05:00+00:00,24131.3,24133.75,24118.05,24118.05,0
2026-06-18 07:06:00+00:00,24119.05,24119.65,24115.55,24116.85,0
2026-06-18 07:07:00+00:00,24119.25,24120.8,24115.4,24116.7,0
2026-06-18 07:08:00+00:00,24117.75,24118.5,24113.5,24115.6,0
2026-06-18 07:09:00+00:00,24116.95,24120.35,24115.5,24118.8,0
2026-06-18 07:10:00+00:00,24119.7,24121.05,24116.5,24120.85,0
2026-06-18 07:11:00+00:00,24122.65,24124.45,24120.65,24122.9,0
2026-06-18 07:12:00+00:00,24123.85,24128.95,24118.05,24120.6,0
2026-06-18 07:13:00+00:00,24122.4,24122.5,24118.75,24119.75,0
2026-06-18 07:14:00+00:00,24121.85,24121.95,24116.45,24117.25,0
2026-06-18 07:15:00+00:00,24118.75,24120.55,24116.55,24117.8,0
2026-06-18 07:16:00+00:00,24119.15,24119.25,24111.45,24112.55,0
2026-06-18 07:17:00+00:00,24113.65,24117.25,24111.75,24114.0,0
2026-06-18 07:18:00+00:00,24115.4,24117.65,24112.9,24116.35,0
2026-06-18 07:19:00+00:00,24118.5,24119.55,24115.2,24117.4,0
2026-06-18 07:20:00+00:00,24118.65,24122.75,24116.45,24119.8,0
2026-06-18 07:21:00+00:00,24121.15,24126.15,24119.15,24126.15,0
2026-06-18 07:22:00+00:00,24126.7,24132.25,24124.35,24126.8,0
2026-06-18 07:23:00+00:00,24127.65,24127.95,24123.25,24123.75,0
2026-06-18 07:24:00+00:00,24125.65,24129.8,24123.15,24126.7,0
2026-06-18 07:25:00+00:00,24127.3,24130.1,24125.75,24126.7,0
2026-06-18 07:26:00+00:00,24129.15,24130.6,24124.1,24124.65,0
2026-06-18 07:27:00+00:00,24126.2,24131.45,24124.8,24128.5,0
2026-06-18 07:28:00+00:00,24129.9,24130.3,24126.8,24128.35,0
2026-06-18 07:29:00+00:00,24129.25,24130.15,24124.3,24125.65,0
2026-06-18 07:30:00+00:00,24127.65,24129.4,24120.1,24121.95,0
2026-06-18 07:31:00+00:00,24123.65,24123.85,24118.25,24120.5,0
2026-06-18 07:32:00+00:00,24122.2,24127.3,24119.5,24125.2,0
2026-06-18 07:33:00+00:00,24126.65,24127.0,24122.7,24124.45,0
2026-06-18 07:34:00+00:00,24126.3,24126.8,24122.85,24123.3,0
2026-06-18 07:35:00+00:00,24125.3,24125.3,24120.65,24121.3,0
2026-06-18 07:36:00+00:00,24123.05,24124.0,24116.6,24117.0,0
2026-06-18 07:37:00+00:00,24118.35,24129.75,24116.9,24128.85,0
2026-06-18 07:38:00+00:00,24130.45,24130.85,24126.15,24127.8,0
2026-06-18 07:39:00+00:00,24128.8,24128.8,24124.75,24126.3,0
2026-06-18 07:40:00+00:00,24128.0,24128.0,24124.1,24125.35,0
2026-06-18 07:41:00+00:00,24126.3,24126.45,24123.4,24125.85,0
2026-06-18 07:42:00+00:00,24127.35,24127.95,24122.6,24123.75,0
2026-06-18 07:43:00+00:00,24125.15,24128.2,24123.1,24125.55,0
2026-06-18 07:44:00+00:00,24126.8,24128.0,24123.9,24127.8,0
2026-06-18 07:45:00+00:00,24129.95,24136.3,24123.1,24124.05,0
2026-06-18 07:46:00+00:00,24125.15,24125.35,24120.0,24121.2,0
2026-06-18 07:47:00+00:00,24121.95,24124.9,24116.1,24117.3,0
2026-06-18 07:48:00+00:00,24118.65,24120.2,24115.65,24116.9,0
2026-06-18 07:49:00+00:00,24118.25,24119.55,24115.3,24116.9,0
2026-06-18 07:50:00+00:00,24117.7,24120.5,24112.8,24120.25,0
2026-06-18 07:51:00+00:00,24121.45,24122.75,24114.55,24115.85,0
2026-06-18 07:52:00+00:00,24116.9,24125.4,24115.5,24125.4,0
2026-06-18 07:53:00+00:00,24125.85,24125.85,24116.75,24119.85,0
2026-06-18 07:54:00+00:00,24121.85,24121.85,24112.65,24112.75,0
2026-06-18 07:55:00+00:00,24114.35,24114.35,24102.1,24103.35,0
2026-06-18 07:56:00+00:00,24104.25,24108.25,24100.65,24106.45,0
2026-06-18 07:57:00+00:00,24108.8,24115.05,24106.7,24114.4,0
2026-06-18 07:58:00+00:00,24116.1,24118.0,24112.25,24117.15,0
2026-06-18 07:59:00+00:00,24119.3,24123.1,24117.15,24120.45,0
2026-06-18 08:00:00+00:00,24121.9,24121.9,24112.25,24116.25,0
2026-06-18 08:01:00+00:00,24118.65,24125.9,24115.7,24122.95,0
2026-06-18 08:02:00+00:00,24125.7,24133.75,24123.55,24132.8,0
2026-06-18 08:03:00+00:00,24135.0,24135.0,24121.95,24122.15,0
2026-06-18 08:04:00+00:00,24123.05,24125.25,24118.85,24123.35,0
2026-06-18 08:05:00+00:00,24125.05,24128.0,24118.7,24123.85,0
2026-06-18 08:06:00+00:00,24126.4,24126.4,24121.25,24121.65,0
2026-06-18 08:07:00+00:00,24123.35,24124.3,24119.3,24120.45,0
2026-06-18 08:08:00+00:00,24123.3,24126.1,24119.25,24122.0,0
2026-06-18 08:09:00+00:00,24122.4,24123.45,24116.65,24120.9,0
2026-06-18 08:10:00+00:00,24122.3,24122.6,24115.65,24116.45,0
2026-06-18 08:11:00+00:00,24118.05,24121.05,24111.8,24119.6,0
2026-06-18 08:12:00+00:00,24121.6,24127.9,24118.45,24124.0,0
2026-06-18 08:13:00+00:00,24126.45,24126.75,24121.2,24126.5,0
2026-06-18 08:14:00+00:00,24127.05,24128.35,24119.05,24120.7,0
2026-06-18 08:15:00+00:00,24122.0,24124.15,24115.9,24120.3,0
2026-06-18 08:16:00+00:00,24122.0,24123.5,24119.05,24121.15,0
2026-06-18 08:17:00+00:00,24122.35,24127.15,24121.1,24126.05,0
2026-06-18 08:18:00+00:00,24127.65,24127.65,24119.95,24122.65,0
2026-06-18 08:19:00+00:00,24123.3,24123.3,24112.55,24116.15,0
2026-06-18 08:20:00+00:00,24117.4,24119.05,24113.6,24117.55,0
2026-06-18 08:21:00+00:00,24119.45,24119.7,24114.2,24115.25,0
2026-06-18 08:22:00+00:00,24117.5,24118.45,24113.3,24116.4,0
2026-06-18 08:23:00+00:00,24117.7,24118.3,24112.95,24114.9,0
2026-06-18 08:24:00+00:00,24116.05,24118.5,24114.3,24117.2,0
2026-06-18 08:25:00+00:00,24118.05,24119.0,24115.15,24116.95,0
2026-06-18 08:26:00+00:00,24118.8,24119.95,24113.55,24115.5,0
2026-06-18 08:27:00+00:00,24118.1,24118.25,24111.85,24112.45,0
2026-06-18 08:28:00+00:00,24115.2,24116.05,24111.55,24112.4,0
2026-06-18 08:29:00+00:00,24114.05,24114.1,24103.85,24108.35,0
2026-06-18 08:30:00+00:00,24109.95,24111.4,24107.15,24109.2,0
2026-06-18 08:31:00+00:00,24111.45,24111.55,24104.25,24105.65,0
2026-06-18 08:32:00+00:00,24106.65,24108.9,24101.3,24107.25,0
2026-06-18 08:33:00+00:00,24109.05,24110.65,24104.9,24109.75,0
2026-06-18 08:34:00+00:00,24111.75,24112.0,24103.15,24106.45,0
2026-06-18 08:35:00+00:00,24107.15,24109.85,24103.1,24106.1,0
2026-06-18 08:36:00+00:00,24107.8,24112.0,24105.9,24109.05,0
2026-06-18 08:37:00+00:00,24109.8,24110.0,24103.05,24104.15,0
2026-06-18 08:38:00+00:00,24105.8,24105.8,24095.95,24096.35,0
2026-06-18 08:39:00+00:00,24097.25,24099.8,24094.6,24096.05,0
2026-06-18 08:40:00+00:00,24097.95,24103.65,24096.35,24100.45,0
2026-06-18 08:41:00+00:00,24101.5,24103.85,24099.65,24103.45,0
2026-06-18 08:42:00+00:00,24104.75,24108.2,24102.7,24107.0,0
2026-06-18 08:43:00+00:00,24107.65,24109.8,24102.55,24102.95,0
2026-06-18 08:44:00+00:00,24104.05,24104.4,24098.8,24099.75,0
2026-06-18 08:45:00+00:00,24100.8,24102.3,24097.45,24098.3,0
2026-06-18 08:46:00+00:00,24100.7,24100.7,24096.65,24099.1,0
2026-06-18 08:47:00+00:00,24100.85,24100.95,24094.8,24095.6,0
2026-06-18 08:48:00+00:00,24096.0,24097.05,24088.75,24089.1,0
2026-06-18 08:49:00+00:00,24090.1,24090.4,24086.35,24088.25,0
2026-06-18 08:50:00+00:00,24089.6,24092.35,24086.2,24086.2,0
2026-06-18 08:51:00+00:00,24087.3,24087.9,24083.75,24085.45,0
2026-06-18 08:52:00+00:00,24086.7,24092.05,24084.25,24086.8,0
2026-06-18 08:53:00+00:00,24089.0,24097.0,24085.0,24095.6,0
2026-06-18 08:54:00+00:00,24098.15,24107.35,24096.15,24107.3,0
2026-06-18 08:55:00+00:00,24109.25,24110.05,24099.35,24103.9,0
2026-06-18 08:56:00+00:00,24105.0,24105.0,24093.1,24093.2,0
2026-06-18 08:57:00+00:00,24095.8,24095.8,24088.85,24092.7,0
2026-06-18 08:58:00+00:00,24094.15,24094.35,24086.15,24091.2,0
2026-06-18 08:59:00+00:00,24092.75,24095.2,24088.35,24088.35,0
2026-06-18 09:00:00+00:00,24090.65,24090.65,24075.0,24075.5,0
2026-06-18 09:01:00+00:00,24077.55,24081.65,24074.7,24079.2,0
2026-06-18 09:02:00+00:00,24080.05,24090.6,24079.55,24086.3,0
2026-06-18 09:03:00+00:00,24088.45,24095.7,24083.55,24094.8,0
2026-06-18 09:04:00+00:00,24096.1,24096.7,24090.45,24095.05,0
2026-06-18 09:05:00+00:00,24098.3,24099.55,24093.35,24094.4,0
2026-06-18 09:06:00+00:00,24095.5,24112.1,24092.15,24110.85,0
2026-06-18 09:07:00+00:00,24112.3,24113.05,24094.1,24095.85,0
2026-06-18 09:08:00+00:00,24098.3,24101.15,24095.6,24098.05,0
2026-06-18 09:09:00+00:00,24100.7,24101.5,24094.45,24096.4,0
2026-06-18 09:10:00+00:00,24097.85,24103.3,24097.4,24100.0,0
2026-06-18 09:11:00+00:00,24102.05,24102.05,24094.3,24095.6,0
2026-06-18 09:12:00+00:00,24097.8,24097.8,24090.85,24095.0,0
2026-06-18 09:13:00+00:00,24096.65,24097.9,24093.5,24096.95,0
2026-06-18 09:14:00+00:00,24099.65,24099.65,24095.15,24097.2,0
2026-06-18 09:15:00+00:00,24098.7,24098.7,24092.45,24098.7,0
2026-06-18 09:16:00+00:00,24100.6,24104.55,24097.65,24098.65,0
2026-06-18 09:17:00+00:00,24099.95,24100.15,24090.8,24095.95,0
2026-06-18 09:18:00+00:00,24097.35,24097.85,24093.5,24094.5,0
2026-06-18 09:19:00+00:00,24095.15,24095.15,24082.25,24084.15,0
2026-06-18 09:20:00+00:00,24084.9,24095.35,24081.35,24094.9,0
2026-06-18 09:21:00+00:00,24096.45,24101.15,24095.6,24099.25,0
2026-06-18 09:22:00+00:00,24100.1,24103.5,24096.15,24102.05,0
2026-06-18 09:23:00+00:00,24103.15,24103.15,24092.55,24096.0,0
2026-06-18 09:24:00+00:00,24097.95,24101.75,24095.85,24100.05,0
2026-06-18 09:25:00+00:00,24101.1,24101.1,24095.65,24098.35,0
2026-06-18 09:26:00+00:00,24100.55,24100.55,24095.5,24096.1,0
2026-06-18 09:27:00+00:00,24097.8,24107.35,24096.0,24107.25,0
2026-06-18 09:28:00+00:00,24109.1,24112.5,24103.1,24111.55,0
2026-06-18 09:29:00+00:00,24113.2,24121.4,24110.6,24121.4,0
2026-06-18 09:30:00+00:00,24121.9,24128.65,24108.3,24127.4,0
2026-06-18 09:31:00+00:00,24127.6,24137.95,24123.4,24123.55,0
2026-06-18 09:32:00+00:00,24124.15,24140.3,24122.9,24138.1,0
2026-06-18 09:33:00+00:00,24138.9,24150.65,24138.55,24147.2,0
2026-06-18 09:34:00+00:00,24148.65,24155.9,24145.1,24150.8,0
2026-06-18 09:35:00+00:00,24150.85,24157.45,24145.05,24149.1,0
2026-06-18 09:36:00+00:00,24149.9,24168.85,24149.6,24167.2,0
2026-06-18 09:37:00+00:00,24168.2,24173.0,24164.2,24171.55,0
2026-06-18 09:38:00+00:00,24173.2,24177.3,24170.25,24173.1,0
2026-06-18 09:39:00+00:00,24173.8,24176.6,24171.75,24175.55,0
2026-06-18 09:40:00+00:00,24176.2,24179.15,24173.75,24177.3,0
2026-06-18 09:41:00+00:00,24177.6,24179.95,24170.9,24171.25,0
2026-06-18 09:42:00+00:00,24172.2,24172.6,24158.05,24162.7,0
2026-06-18 09:43:00+00:00,24162.55,24183.55,24162.55,24179.0,0
2026-06-18 09:44:00+00:00,24178.15,24183.45,24175.45,24177.45,0
2026-06-18 09:45:00+00:00,24177.8,24182.2,24175.7,24179.0,0
2026-06-18 09:46:00+00:00,24178.6,24182.1,24177.6,24179.75,0
2026-06-18 09:47:00+00:00,24179.35,24182.45,24177.7,24180.25,0
2026-06-18 09:48:00+00:00,24179.9,24186.5,24178.6,24185.1,0
2026-06-18 09:49:00+00:00,24184.25,24186.7,24180.15,24182.95,0
2026-06-18 09:50:00+00:00,24183.85,24189.25,24176.75,24177.8,0
2026-06-18 09:51:00+00:00,24177.75,24179.6,24173.45,24177.8,0
2026-06-18 09:52:00+00:00,24177.55,24183.6,24176.1,24182.85,0
2026-06-18 09:53:00+00:00,24182.65,24187.45,24181.65,24184.3,0
2026-06-18 09:54:00+00:00,24183.15,24187.1,24181.4,24182.25,0
2026-06-18 09:55:00+00:00,24181.7,24184.75,24178.7,24180.4,0
2026-06-18 09:56:00+00:00,24179.45,24184.35,24179.45,24180.55,0
2026-06-18 09:57:00+00:00,24182.85,24183.45,24177.7,24180.75,0
2026-06-18 09:58:00+00:00,24180.05,24184.5,24174.55,24177.85,0
2026-06-18 09:59:00+00:00,24173.7,24183.9,24171.25,24179.4,0
