datetime,open,high,low,close,volume
2026-06-05 03:45:00+00:00,23478.95,23516.35,23458.75,23479.5,0
2026-06-05 03:46:00+00:00,23478.45,23485.3,23446.1,23455.0,0
2026-06-05 03:47:00+00:00,23454.6,23471.0,23451.95,23460.9,0
2026-06-05 03:48:00+00:00,23460.3,23471.05,23456.45,23456.8,0
2026-06-05 03:49:00+00:00,23456.6,23464.85,23451.95,23456.15,0
2026-06-05 03:50:00+00:00,23456.05,23465.4,23453.85,23457.9,0
2026-06-05 03:51:00+00:00,23456.5,23458.75,23439.3,23456.65,0
2026-06-05 03:52:00+00:00,23458.15,23468.35,23455.05,23457.55,0
2026-06-05 03:53:00+00:00,23456.55,23466.8,23453.4,23455.75,0
2026-06-05 03:54:00+00:00,23457.35,23458.0,23444.6,23451.2,0
2026-06-05 03:55:00+00:00,23451.0,23459.8,23448.95,23453.35,0
2026-06-05 03:56:00+00:00,23453.5,23457.6,23446.45,23452.1,0
2026-06-05 03:57:00+00:00,23453.35,23459.1,23442.25,23444.7,0
2026-06-05 03:58:00+00:00,23444.1,23457.05,23443.3,23456.6,0
2026-06-05 03:59:00+00:00,23456.1,23465.45,23453.95,23461.95,0
2026-06-05 04:00:00+00:00,23462.2,23475.9,23460.75,23474.15,0
2026-06-05 04:01:00+00:00,23474.95,23480.55,23473.3,23476.25,0
2026-06-05 04:02:00+00:00,23475.75,23477.1,23454.0,23455.35,0
2026-06-05 04:03:00+00:00,23455.7,23462.8,23452.6,23454.95,0
2026-06-05 04:04:00+00:00,23455.3,23462.0,23454.3,23461.1,0
2026-06-05 04:05:00+00:00,23461.1,23478.05,23460.75,23478.05,0
2026-06-05 04:06:00+00:00,23477.55,23486.95,23462.85,23462.85,0
2026-06-05 04:07:00+00:00,23463.6,23464.85,23447.0,23453.75,0
2026-06-05 04:08:00+00:00,23453.85,23457.05,23445.95,23450.25,0
2026-06-05 04:09:00+00:00,23451.25,23463.75,23449.0,23463.75,0
2026-06-05 04:10:00+00:00,23461.55,23464.95,23448.7,23449.15,0
2026-06-05 04:11:00+00:00,23449.5,23463.15,23447.25,23462.4,0
2026-06-05 04:12:00+00:00,23462.25,23477.1,23462.25,23470.55,0
2026-06-05 04:13:00+00:00,23471.1,23473.45,23467.55,23470.1,0
2026-06-05 04:14:00+00:00,23469.95,23480.55,23469.95,23476.3,0
2026-06-05 04:15:00+00:00,23476.05,23477.95,23466.25,23468.8,0
2026-06-05 04:16:00+00:00,23468.7,23473.55,23464.15,23466.35,0
2026-06-05 04:17:00+00:00,23466.35,23467.25,23452.7,23453.2,0
2026-06-05 04:18:00+00:00,23452.85,23453.95,23446.15,23448.35,0
2026-06-05 04:19:00+00:00,23448.45,23457.0,23445.9,23445.9,0
2026-06-05 04:20:00+00:00,23446.1,23454.7,23439.15,23454.7,0
2026-06-05 04:21:00+00:00,23453.05,23456.75,23449.65,23450.55,0
2026-06-05 04:22:00+00:00,23449.7,23455.55,23447.85,23453.95,0
2026-06-05 04:23:00+00:00,23454.35,23466.6,23454.35,23463.3,0
2026-06-05 04:24:00+00:00,23463.3,23464.05,23454.1,23457.9,0
2026-06-05 04:25:00+00:00,23457.5,23463.1,23454.65,23454.85,0
2026-06-05 04:26:00+00:00,23454.75,23459.35,23454.0,23458.65,0
2026-06-05 04:27:00+00:00,23458.35,23460.5,23449.95,23451.75,0
2026-06-05 04:28:00+00:00,23451.6,23452.85,23444.6,23446.2,0
2026-06-05 04:29:00+00:00,23446.3,23449.05,23443.15,23443.95,0
2026-06-05 04:30:00+00:00,23443.65,23448.05,23441.0,23446.4,0
2026-06-05 04:31:00+00:00,23445.95,23447.95,23423.85,23438.9,0
2026-06-05 04:32:00+00:00,23438.45,23450.1,23433.9,23433.9,0
2026-06-05 04:33:00+00:00,23434.45,23484.25,23432.25,23473.0,0
2026-06-05 04:34:00+00:00,23473.15,23476.35,23467.75,23469.15,0
2026-06-05 04:35:00+00:00,23468.85,23468.85,23436.55,23453.6,0
2026-06-05 04:36:00+00:00,23454.0,23463.55,23450.65,23462.45,0
2026-06-05 04:37:00+00:00,23461.25,23482.55,23457.75,23479.15,0
2026-06-05 04:38:00+00:00,23478.75,23491.2,23476.2,23490.0,0
2026-06-05 04:39:00+00:00,23489.35,23497.8,23489.35,23491.2,0
2026-06-05 04:40:00+00:00,23491.5,23506.65,23487.25,23505.25,0
2026-06-05 04:41:00+00:00,23505.7,23512.65,23494.85,23495.15,0
2026-06-05 04:42:00+00:00,23495.1,23501.95,23477.6,23478.9,0
2026-06-05 04:43:00+00:00,23479.7,23485.3,23472.45,23476.65,0
2026-06-05 04:44:00+00:00,23476.45,23480.05,23467.55,23468.5,0
2026-06-05 04:45:00+00:00,23467.7,23477.1,23458.2,23459.45,0
2026-06-05 04:46:00+00:00,23458.6,23472.5,23452.95,23470.65,0
2026-06-05 04:47:00+00:00,23469.95,23482.6,23467.3,23480.4,0
2026-06-05 04:48:00+00:00,23480.75,23486.2,23479.7,23481.1,0
2026-06-05 04:49:00+00:00,23480.6,23485.6,23477.3,23478.5,0
2026-06-05 04:50:00+00:00,23478.15,23480.7,23472.6,23474.3,0
2026-06-05 04:51:00+00:00,23474.35,23482.4,23465.7,23469.2,0
2026-06-05 04:52:00+00:00,23469.2,23476.55,23466.1,23468.6,0
2026-06-05 04:53:00+00:00,23468.75,23481.8,23467.4,23481.0,0
2026-06-05 04:54:00+00:00,23481.2,23492.8,23479.4,23490.0,0
2026-06-05 04:55:00+00:00,23489.8,23497.15,23488.95,23495.3,0
2026-06-05 04:56:00+00:00,23494.95,23497.5,23478.75,23480.6,0
2026-06-05 04:57:00+00:00,23480.6,23482.7,23461.4,23462.05,0
2026-06-05 04:58:00+00:00,23461.35,23476.25,23461.35,23475.85,0
2026-06-05 04:59:00+00:00,23476.4,23482.4,23467.7,23470.55,0
2026-06-05 05:00:00+00:00,23470.95,23474.25,23466.1,23467.95,0
2026-06-05 05:01:00+00:00,23467.65,23470.5,23466.0,23470.05,0
2026-06-05 05:02:00+00:00,23470.05,23470.9,23451.55,23451.55,0
2026-06-05 05:03:00+00:00,23451.5,23461.9,23451.0,23459.9,0
2026-06-05 05:04:00+00:00,23459.8,23463.55,23431.1,23431.1,0
2026-06-05 05:05:00+00:00,23432.0,23434.95,23416.15,23419.15,0
2026-06-05 05:06:00+00:00,23417.75,23420.55,23388.55,23388.9,0
2026-06-05 05:07:00+00:00,23389.45,23392.0,23375.25,23388.7,0
2026-06-05 05:08:00+00:00,23389.8,23392.35,23377.35,23377.5,0
2026-06-05 05:09:00+00:00,23377.5,23380.05,23360.7,23364.15,0
2026-06-05 05:10:00+00:00,23364.75,23369.35,23347.0,23359.0,0
2026-06-05 05:11:00+00:00,23358.75,23368.65,23353.85,23357.5,0
2026-06-05 05:12:00+00:00,23358.45,23371.1,23358.25,23362.35,0
2026-06-05 05:13:00+00:00,23361.8,23363.7,23342.2,23355.65,0
2026-06-05 05:14:00+00:00,23355.6,23364.75,23352.75,23359.75,0
2026-06-05 05:15:00+00:00,23360.2,23362.05,23336.3,23338.45,0
2026-06-05 05:16:00+00:00,23338.75,23339.6,23331.8,23337.2,0
2026-06-05 05:17:00+00:00,23336.8,23352.05,23336.7,23350.65,0
2026-06-05 05:18:00+00:00,23350.8,23360.9,23349.55,23360.1,0
2026-06-05 05:19:00+00:00,23360.05,23375.25,23356.1,23373.9,0
2026-06-05 05:20:00+00:00,23374.05,23386.4,23373.4,23385.6,0
2026-06-05 05:21:00+00:00,23385.15,23388.5,23378.15,23381.7,0
2026-06-05 05:22:00+00:00,23382.95,23386.55,23380.0,23385.1,0
2026-06-05 05:23:00+00:00,23385.25,23388.45,23377.85,23378.55,0
2026-06-05 05:24:00+00:00,23378.9,23392.5,23378.9,23382.75,0
2026-06-05 05:25:00+00:00,23382.75,23390.55,23378.65,23390.4,0
2026-06-05 05:26:00+00:00,23390.1,23394.2,23389.2,23392.5,0
2026-06-05 05:27:00+00:00,23393.3,23400.55,23390.7,23392.85,0
2026-06-05 05:28:00+00:00,23393.75,23400.55,23384.25,23399.65,0
2026-06-05 05:29:00+00:00,23399.2,23404.65,23392.75,23402.3,0
2026-06-05 05:30:00+00:00,23403.6,23412.55,23403.6,23411.85,0
2026-06-05 05:31:00+00:00,23411.8,23421.2,23408.45,23411.95,0
2026-06-05 05:32:00+00:00,23412.15,23423.7,23411.45,23421.25,0
2026-06-05 05:33:00+00:00,23420.9,23439.5,23420.55,23439.5,0
2026-06-05 05:34:00+00:00,23439.0,23454.45,23438.7,23453.9,0
2026-06-05 05:35:00+00:00,23453.9,23471.95,23449.3,23471.7,0
2026-06-05 05:36:00+00:00,23471.1,23487.85,23471.1,23486.95,0
2026-06-05 05:37:00+00:00,23487.15,23494.8,23475.65,23482.05,0
2026-06-05 05:38:00+00:00,23481.75,23488.6,23477.55,23486.7,0
2026-06-05 05:39:00+00:00,23486.1,23489.75,23469.55,23469.55,0
2026-06-05 05:40:00+00:00,23470.2,23478.75,23462.4,23466.0,0
2026-06-05 05:41:00+00:00,23466.15,23467.55,23449.0,23455.4,0
2026-06-05 05:42:00+00:00,23455.25,23465.4,23454.05,23462.2,0
2026-06-05 05:43:00+00:00,23461.3,23463.05,23453.6,23458.25,0
2026-06-05 05:44:00+00:00,23458.15,23459.15,23444.3,23444.4,0
2026-06-05 05:45:00+00:00,23443.95,23452.2,23443.95,23448.6,0
2026-06-05 05:46:00+00:00,23447.95,23451.65,23441.25,23442.65,0
2026-06-05 05:47:00+00:00,23442.15,23444.55,23438.5,23439.9,0
2026-06-05 05:48:00+00:00,23439.9,23441.6,23419.85,23420.45,0
2026-06-05 05:49:00+00:00,23419.55,23432.35,23418.95,23429.3,0
2026-06-05 05:50:00+00:00,23428.6,23431.85,23406.35,23406.35,0
2026-06-05 05:51:00+00:00,23405.85,23408.7,23401.25,23404.55,0
2026-06-05 05:52:00+00:00,23404.2,23406.25,23393.1,23399.1,0
2026-06-05 05:53:00+00:00,23399.25,23410.85,23399.1,23408.25,0
2026-06-05 05:54:00+00:00,23407.95,23420.6,23406.35,23412.05,0
2026-06-05 05:55:00+00:00,23411.15,23416.45,23408.8,23411.25,0
2026-06-05 05:56:00+00:00,23410.9,23412.8,23404.0,23412.6,0
2026-06-05 05:57:00+00:00,23412.1,23417.4,23410.55,23414.9,0
2026-06-05 05:58:00+00:00,23415.9,23417.6,23409.3,23410.85,0
2026-06-05 05:59:00+00:00,23410.9,23420.55,23408.55,23418.35,0
2026-06-05 06:00:00+00:00,23418.3,23436.85,23416.25,23428.85,0
2026-06-05 06:01:00+00:00,23428.95,23436.5,23428.45,23430.8,0
2026-06-05 06:02:00+00:00,23431.4,23434.05,23418.5,23422.55,0
2026-06-05 06:03:00+00:00,23422.95,23430.15,23421.6,23429.1,0
2026-06-05 06:04:00+00:00,23428.85,23432.3,23422.6,23422.9,0
2026-06-05 06:05:00+00:00,23422.95,23426.45,23421.35,23425.1,0
2026-06-05 06:06:00+00:00,23424.3,23426.15,23419.25,23421.3,0
2026-06-05 06:07:00+00:00,23421.2,23422.85,23415.75,23418.5,0
2026-06-05 06:08:00+00:00,23418.7,23420.3,23404.9,23405.35,0
2026-06-05 06:09:00+00:00,23405.35,23417.0,23403.35,23413.7,0
2026-06-05 06:10:00+00:00,23414.35,23423.8,23410.65,23423.35,0
2026-06-05 06:11:00+00:00,23423.65,23433.9,23423.65,23426.5,0
2026-06-05 06:12:00+00:00,23426.6,23435.1,23426.1,23434.4,0
2026-06-05 06:13:00+00:00,23434.4,23442.95,23433.95,23440.55,0
2026-06-05 06:14:00+00:00,23440.2,23441.95,23421.4,23422.8,0
2026-06-05 06:15:00+00:00,23424.35,23434.05,23421.6,23433.2,0
2026-06-05 06:16:00+00:00,23433.25,23440.35,23433.1,23437.15,0
2026-06-05 06:17:00+00:00,23437.1,23438.15,23430.45,23436.7,0
2026-06-05 06:18:00+00:00,23437.8,23440.95,23429.45,23435.5,0
2026-06-05 06:19:00+00:00,23436.3,23440.0,23433.15,23433.2,0
2026-06-05 06:20:00+00:00,23433.65,23435.0,23421.35,23421.35,0
2026-06-05 06:21:00+00:00,23421.5,23424.65,23416.2,23423.1,0
2026-06-05 06:22:00+00:00,23423.05,23426.55,23416.6,23417.6,0
2026-06-05 06:23:00+00:00,23417.45,23424.5,23416.6,23419.35,0
2026-06-05 06:24:00+00:00,23418.95,23421.25,23413.4,23413.7,0
2026-06-05 06:25:00+00:00,23413.75,23415.45,23402.65,23410.25,0
2026-06-05 06:26:00+00:00,23410.8,23417.25,23405.7,23408.55,0
2026-06-05 06:27:00+00:00,23408.75,23412.95,23403.45,23403.6,0
2026-06-05 06:28:00+00:00,23403.5,23404.9,23401.45,23402.8,0
2026-06-05 06:29:00+00:00,23403.0,23404.55,23396.95,23397.5,0
2026-06-05 06:30:00+00:00,23397.9,23405.1,23397.05,23403.55,0
2026-06-05 06:31:00+00:00,23403.65,23422.15,23403.45,23420.55,0
2026-06-05 06:32:00+00:00,23421.0,23422.5,23415.65,23419.65,0
2026-06-05 06:33:00+00:00,23420.2,23426.95,23417.3,23426.65,0
2026-06-05 06:34:00+00:00,23426.55,23430.35,23425.7,23429.3,0
2026-06-05 06:35:00+00:00,23429.6,23432.8,23424.75,23426.1,0
2026-06-05 06:36:00+00:00,23426.5,23434.95,23426.2,23433.25,0
2026-06-05 06:37:00+00:00,23433.0,23438.2,23432.4,23436.8,0
2026-06-05 06:38:00+00:00,23436.7,23437.6,23428.05,23431.25,0
2026-06-05 06:39:00+00:00,23431.0,23432.85,23425.5,23425.85,0
2026-06-05 06:40:00+00:00,23426.5,23429.8,23413.2,23413.5,0
2026-06-05 06:41:00+00:00,23413.5,23424.55,23410.0,23423.95,0
2026-06-05 06:42:00+00:00,23424.1,23428.4,23423.1,23428.0,0
2026-06-05 06:43:00+00:00,23428.4,23430.0,23424.15,23428.15,0
2026-06-05 06:44:00+00:00,23428.2,23441.45,23426.9,23439.5,0
2026-06-05 06:45:00+00:00,23439.75,23441.05,23432.45,23433.45,0
2026-06-05 06:46:00+00:00,23433.95,23438.35,23432.4,23433.2,0
2026-06-05 06:47:00+00:00,23433.55,23443.25,23431.55,23442.9,0
2026-06-05 06:48:00+00:00,23443.45,23448.15,23442.65,23444.1,0
2026-06-05 06:49:00+00:00,23444.25,23447.4,23435.8,23436.0,0
2026-06-05 06:50:00+00:00,23436.0,23439.5,23433.9,23434.5,0
2026-06-05 06:51:00+00:00,23434.95,23438.3,23433.9,23435.2,0
2026-06-05 06:52:00+00:00,23435.65,23443.65,23434.8,23441.4,0
2026-06-05 06:53:00+00:00,23441.3,23444.7,23436.55,23443.3,0
2026-06-05 06:54:00+00:00,23443.3,23449.05,23442.75,23444.75,0
2026-06-05 06:55:00+00:00,23445.1,23452.95,23444.3,23448.75,0
2026-06-05 06:56:00+00:00,23448.85,23452.55,23447.35,23449.5,0
2026-06-05 06:57:00+00:00,23449.4,23451.65,23447.3,23448.9,0
2026-06-05 06:58:00+00:00,23448.4,23455.25,23446.9,23449.85,0
2026-06-05 06:59:00+00:00,23449.85,23451.6,23436.5,23437.0,0
2026-06-05 07:00:00+00:00,23436.85,23439.7,23431.3,23432.9,0
2026-06-05 07:01:00+00:00,23431.95,23433.05,23411.1,23411.1,0
2026-06-05 07:02:00+00:00,23411.5,23416.5,23405.4,23414.3,0
2026-06-05 07:03:00+00:00,23414.8,23418.15,23413.1,23413.2,0
2026-06-05 07:04:00+00:00,23413.6,23415.65,23407.9,23413.2,0
2026-06-05 07:05:00+00:00,23413.25,23419.7,23410.1,23413.05,0
2026-06-05 07:06:00+00:00,23412.75,23415.6,23398.05,23398.95,0
2026-06-05 07:07:00+00:00,23398.55,23400.65,23381.2,23381.55,0
2026-06-05 07:08:00+00:00,23381.95,23396.35,23381.85,23395.85,0
2026-06-05 07:09:00+00:00,23395.9,23408.45,23395.4,23400.65,0
2026-06-05 07:10:00+00:00,23400.9,23403.25,23392.6,23397.5,0
2026-06-05 07:11:00+00:00,23397.45,23399.5,23386.2,23387.9,0
2026-06-05 07:12:00+00:00,23388.05,23390.15,23381.75,23383.5,0
2026-06-05 07:13:00+00:00,23383.4,23384.9,23372.15,23374.8,0
2026-06-05 07:14:00+00:00,23374.55,23375.65,23367.3,23374.65,0
2026-06-05 07:15:00+00:00,23374.9,23383.95,23372.05,23383.85,0
2026-06-05 07:16:00+00:00,23384.15,23388.25,23374.55,23374.55,0
2026-06-05 07:17:00+00:00,23374.5,23381.05,23371.2,23380.65,0
2026-06-05 07:18:00+00:00,23381.25,23384.35,23376.75,23377.85,0
2026-06-05 07:19:00+00:00,23377.4,23378.5,23369.35,23373.6,0
2026-06-05 07:20:00+00:00,23373.55,23375.3,23355.05,23355.95,0
2026-06-05 07:21:00+00:00,23356.7,23359.55,23351.2,23359.3,0
2026-06-05 07:22:00+00:00,23359.5,23371.65,23358.7,23369.35,0
2026-06-05 07:23:00+00:00,23369.2,23376.8,23366.35,23376.6,0
2026-06-05 07:24:00+00:00,23376.7,23378.2,23365.4,23366.1,0
2026-06-05 07:25:00+00:00,23365.8,23369.0,23362.15,23368.35,0
2026-06-05 07:26:00+00:00,23368.2,23372.2,23364.4,23365.7,0
2026-06-05 07:27:00+00:00,23365.55,23372.5,23364.55,23369.75,0
2026-06-05 07:28:00+00:00,23369.65,23371.95,23368.2,23371.8,0
2026-06-05 07:29:00+00:00,23371.65,23372.4,23366.2,23367.7,0
2026-06-05 07:30:00+00:00,23367.55,23368.1,23358.7,23359.7,0
2026-06-05 07:31:00+00:00,23359.45,23363.7,23358.5,23360.6,0
2026-06-05 07:32:00+00:00,23360.6,23365.8,23359.0,23365.15,0
2026-06-05 07:33:00+00:00,23365.15,23366.85,23362.15,23365.0,0
2026-06-05 07:34:00+00:00,23364.6,23374.3,23364.6,23374.05,0
2026-06-05 07:35:00+00:00,23374.0,23376.2,23369.55,23371.6,0
2026-06-05 07:36:00+00:00,23371.45,23373.45,23354.5,23355.35,0
2026-06-05 07:37:00+00:00,23354.8,23357.35,23349.25,23350.2,0
2026-06-05 07:38:00+00:00,23349.95,23352.9,23344.65,23344.95,0
2026-06-05 07:39:00+00:00,23344.75,23349.4,23343.55,23347.45,0
2026-06-05 07:40:00+00:00,23348.4,23350.15,23338.0,23339.45,0
2026-06-05 07:41:00+00:00,23339.75,23347.5,23333.8,23346.95,0
2026-06-05 07:42:00+00:00,23346.25,23350.75,23345.1,23350.75,0
2026-06-05 07:43:00+00:00,23350.15,23353.25,23345.45,23345.5,0
2026-06-05 07:44:00+00:00,23345.6,23345.6,23336.6,23337.5,0
2026-06-05 07:45:00+00:00,23337.95,23351.5,23330.65,23350.65,0
2026-06-05 07:46:00+00:00,23350.1,23360.8,23349.45,23357.0,0
2026-06-05 07:47:00+00:00,23356.9,23360.45,23355.75,23357.35,0
2026-06-05 07:48:00+00:00,23357.1,23359.85,23350.5,23354.3,0
2026-06-05 07:49:00+00:00,23354.25,23358.65,23353.2,23355.1,0
2026-06-05 07:50:00+00:00,23355.5,23356.95,23349.05,23351.05,0
2026-06-05 07:51:00+00:00,23351.1,23354.0,23349.3,23352.65,0
2026-06-05 07:52:00+00:00,23352.95,23354.15,23343.45,23343.95,0
2026-06-05 07:53:00+00:00,23343.75,23345.95,23334.65,23335.2,0
2026-06-05 07:54:00+00:00,23335.95,23338.5,23315.2,23325.8,0
2026-06-05 07:55:00+00:00,23325.55,23327.6,23314.7,23325.2,0
2026-06-05 07:56:00+00:00,23325.2,23341.0,23323.5,23340.35,0
2026-06-05 07:57:00+00:00,23341.4,23344.8,23322.15,23323.0,0
2026-06-05 07:58:00+00:00,23322.75,23329.45,23319.8,23323.55,0
2026-06-05 07:59:00+00:00,23323.2,23325.25,23310.55,23310.6,0
2026-06-05 08:00:00+00:00,23310.5,23316.8,23292.15,23312.1,0
2026-06-05 08:01:00+00:00,23311.9,23320.2,23307.3,23320.2,0
2026-06-05 08:02:00+00:00,23320.15,23328.6,23314.2,23318.1,0
2026-06-05 08:03:00+00:00,23318.0,23319.55,23308.1,23309.1,0
2026-06-05 08:04:00+00:00,23308.8,23313.65,23305.35,23310.25,0
2026-06-05 08:05:00+00:00,23310.9,23314.6,23307.55,23311.5,0
2026-06-05 08:06:00+00:00,23311.95,23314.85,23305.6,23307.5,0
2026-06-05 08:07:00+00:00,23307.75,23311.75,23304.8,23310.75,0
2026-06-05 08:08:00+00:00,23310.65,23321.6,23310.0,23321.55,0
2026-06-05 08:09:00+00:00,23321.4,23321.8,23315.75,23318.45,0
2026-06-05 08:10:00+00:00,23318.55,23321.3,23315.95,23318.0,0
2026-06-05 08:11:00+00:00,23317.7,23319.6,23302.1,23302.1,0
2026-06-05 08:12:00+00:00,23302.5,23306.6,23297.3,23297.85,0
2026-06-05 08:13:00+00:00,23296.85,23298.55,23288.65,23288.7,0
2026-06-05 08:14:00+00:00,23288.45,23305.1,23282.65,23300.1,0
2026-06-05 08:15:00+00:00,23300.4,23302.9,23296.75,23300.9,0
2026-06-05 08:16:00+00:00,23301.85,23318.65,23300.25,23316.05,0
2026-06-05 08:17:00+00:00,23316.35,23317.35,23308.9,23315.55,0
2026-06-05 08:18:00+00:00,23315.65,23321.35,23312.65,23313.2,0
2026-06-05 08:19:00+00:00,23312.7,23317.7,23307.05,23317.0,0
2026-06-05 08:20:00+00:00,23317.55,23318.75,23312.5,23314.85,0
2026-06-05 08:21:00+00:00,23314.6,23314.95,23306.85,23308.75,0
2026-06-05 08:22:00+00:00,23308.2,23322.5,23308.2,23318.35,0
2026-06-05 08:23:00+00:00,23318.8,23320.35,23308.4,23311.0,0
2026-06-05 08:24:00+00:00,23309.95,23316.6,23309.75,23312.6,0
2026-06-05 08:25:00+00:00,23311.6,23314.45,23308.2,23312.0,0
2026-06-05 08:26:00+00:00,23311.95,23314.5,23310.75,23312.9,0
2026-06-05 08:27:00+00:00,23312.75,23320.5,23311.75,23318.55,0
2026-06-05 08:28:00+00:00,23318.5,23320.85,23312.45,23315.8,0
2026-06-05 08:29:00+00:00,23317.2,23330.85,23316.25,23330.85,0
2026-06-05 08:30:00+00:00,23330.25,23339.5,23324.65,23327.45,0
2026-06-05 08:31:00+00:00,23327.55,23333.6,23320.4,23331.2,0
2026-06-05 08:32:00+00:00,23331.45,23333.65,23327.0,23329.45,0
2026-06-05 08:33:00+00:00,23329.3,23330.7,23322.85,23327.6,0
2026-06-05 08:34:00+00:00,23327.55,23329.15,23322.85,23328.35,0
2026-06-05 08:35:00+00:00,23329.4,23331.3,23326.85,23328.95,0
2026-06-05 08:36:00+00:00,23329.1,23337.3,23327.8,23336.3,0
2026-06-05 08:37:00+00:00,23337.25,23340.55,23336.0,23338.5,0
2026-06-05 08:38:00+00:00,23338.4,23341.95,23331.9,23332.7,0
2026-06-05 08:39:00+00:00,23333.2,23335.15,23329.5,23330.45,0
2026-06-05 08:40:00+00:00,23333.2,23334.05,23327.35,23328.85,0
2026-06-05 08:41:00+00:00,23329.85,23333.25,23327.8,23330.25,0
2026-06-05 08:42:00+00:00,23331.0,23332.7,23313.65,23313.9,0
2026-06-05 08:43:00+00:00,23315.05,23324.5,23313.5,23324.4,0
2026-06-05 08:44:00+00:00,23326.8,23326.8,23318.3,23320.15,0
2026-06-05 08:45:00+00:00,23320.9,23321.55,23314.2,23316.15,0
2026-06-05 08:46:00+00:00,23316.4,23318.65,23311.3,23311.5,0
2026-06-05 08:47:00+00:00,23311.95,23313.65,23305.65,23307.05,0
2026-06-05 08:48:00+00:00,23307.55,23309.3,23303.15,23308.95,0
2026-06-05 08:49:00+00:00,23308.6,23311.65,23306.55,23311.65,0
2026-06-05 08:50:00+00:00,23311.45,23313.05,23301.35,23302.25,0
2026-06-05 08:51:00+00:00,23302.1,23306.35,23301.0,23305.7,0
2026-06-05 08:52:00+00:00,23306.1,23315.15,23304.7,23313.55,0
2026-06-05 08:53:00+00:00,23314.05,23315.65,23309.7,23315.0,0
2026-06-05 08:54:00+00:00,23314.9,23327.15,23314.4,23324.2,0
2026-06-05 08:55:00+00:00,23324.8,23333.35,23323.8,23330.1,0
2026-06-05 08:56:00+00:00,23330.1,23338.7,23329.55,23335.85,0
2026-06-05 08:57:00+00:00,23336.35,23338.35,23333.6,23337.7,0
2026-06-05 08:58:00+00:00,23337.15,23350.5,23335.2,23349.4,0
2026-06-05 08:59:00+00:00,23348.95,23354.05,23348.65,23351.6,0
2026-06-05 09:00:00+00:00,23351.8,23364.3,23350.45,23364.25,0
2026-06-05 09:01:00+00:00,23364.05,23365.65,23348.1,23355.0,0
2026-06-05 09:02:00+00:00,23355.35,23360.9,23353.85,23358.85,0
2026-06-05 09:03:00+00:00,23358.45,23364.2,23358.45,23359.25,0
2026-06-05 09:04:00+00:00,23359.2,23360.55,23343.15,23345.8,0
2026-06-05 09:05:00+00:00,23344.7,23347.95,23337.75,23346.3,0
2026-06-05 09:06:00+00:00,23346.55,23350.15,23342.1,23343.45,0
2026-06-05 09:07:00+00:00,23343.0,23345.35,23332.7,23333.55,0
2026-06-05 09:08:00+00:00,23333.25,23333.45,23318.75,23327.5,0
2026-06-05 09:09:00+00:00,23328.1,23338.2,23326.8,23335.3,0
2026-06-05 09:10:00+00:00,23334.5,23338.75,23332.6,23334.75,0
2026-06-05 09:11:00+00:00,23334.7,23340.8,23333.7,23337.15,0
2026-06-05 09:12:00+00:00,23337.2,23342.65,23335.7,23341.0,0
2026-06-05 09:13:00+00:00,23340.9,23389.0,23340.65,23387.5,0
2026-06-05 09:14:00+00:00,23387.2,23405.05,23387.2,23398.8,0
2026-06-05 09:15:00+00:00,23398.05,23412.2,23398.05,23401.35,0
2026-06-05 09:16:00+00:00,23400.2,23416.8,23394.15,23416.8,0
2026-06-05 09:17:00+00:00,23416.0,23418.25,23404.8,23409.35,0
2026-06-05 09:18:00+00:00,23409.0,23409.7,23392.55,23394.05,0
2026-06-05 09:19:00+00:00,23393.95,23395.35,23364.7,23373.0,0
2026-06-05 09:20:00+00:00,23373.35,23388.55,23372.35,23387.0,0
2026-06-05 09:21:00+00:00,23387.4,23388.8,23376.7,23378.4,0
2026-06-05 09:22:00+00:00,23378.85,23382.05,23373.95,23378.0,0
2026-06-05 09:23:00+00:00,23378.85,23381.8,23377.1,23379.0,0
2026-06-05 09:24:00+00:00,23379.4,23384.4,23377.4,23383.45,0
2026-06-05 09:25:00+00:00,23382.1,23385.9,23378.65,23385.0,0
2026-06-05 09:26:00+00:00,23385.2,23387.25,23369.2,23369.95,0
2026-06-05 09:27:00+00:00,23371.45,23372.9,23355.5,23365.05,0
2026-06-05 09:28:00+00:00,23365.0,23368.7,23353.3,23353.4,0
2026-06-05 09:29:00+00:00,23356.05,23380.75,23356.05,23361.8,0
2026-06-05 09:30:00+00:00,23363.2,23368.9,23327.05,23327.5,0
2026-06-05 09:31:00+00:00,23328.35,23339.45,23326.95,23336.45,0
2026-06-05 09:32:00+00:00,23336.1,23350.95,23334.85,23350.15,0
2026-06-05 09:33:00+00:00,23350.3,23355.25,23349.35,23350.55,0
2026-06-05 09:34:00+00:00,23351.15,23365.95,23348.9,23360.5,0
2026-06-05 09:35:00+00:00,23360.55,23364.65,23354.45,23357.8,0
2026-06-05 09:36:00+00:00,23357.9,23358.8,23353.3,23353.65,0
2026-06-05 09:37:00+00:00,23353.6,23365.4,23353.6,23364.1,0
2026-06-05 09:38:00+00:00,23364.2,23368.45,23364.2,23366.55,0
2026-06-05 09:39:00+00:00,23367.0,23367.05,23361.85,23362.45,0
2026-06-05 09:40:00+00:00,23363.3,23367.7,23355.8,23358.35,0
2026-06-05 09:41:00+00:00,23358.95,23365.0,23356.55,23363.65,0
2026-06-05 09:42:00+00:00,23364.1,23367.6,23361.1,23366.4,0
2026-06-05 09:43:00+00:00,23367.5,23369.85,23363.8,23365.4,0
2026-06-05 09:44:00+00:00,23364.95,23369.3,23363.15,23365.75,0
2026-06-05 09:45:00+00:00,23366.55,23385.3,23365.85,23384.65,0
2026-06-05 09:46:00+00:00,23384.3,23386.5,23375.2,23376.8,0
2026-06-05 09:47:00+00:00,23376.6,23380.6,23375.7,23378.8,0
2026-06-05 09:48:00+00:00,23378.1,23378.75,23367.55,23370.15,0
2026-06-05 09:49:00+00:00,23370.15,23374.4,23369.65,23372.75,0
2026-06-05 09:50:00+00:00,23373.0,23375.35,23367.5,23370.45,0
2026-06-05 09:51:00+00:00,23369.7,23370.65,23361.05,23364.95,0
2026-06-05 09:52:00+00:00,23364.9,23370.3,23361.7,23369.15,0
2026-06-05 09:53:00+00:00,23369.35,23377.9,23368.6,23375.05,0
2026-06-05 09:54:00+00:00,23374.8,23375.55,23367.8,23371.0,0
2026-06-05 09:55:00+00:00,23370.2,23379.2,23369.8,23376.25,0
2026-06-05 09:56:00+00:00,23376.25,23379.1,23371.65,23375.4,0
2026-06-05 09:57:00+00:00,23375.1,23376.2,23370.1,23372.1,0
2026-06-05 09:58:00+00:00,23372.9,23375.85,23369.1,23372.6,0
2026-06-05 09:59:00+00:00,23369.95,23375.4,23364.05,23368.85,0
2026-06-08 03:45:00+00:00,23080.7,23138.25,23078.05,23099.75,0
2026-06-08 03:46:00+00:00,23098.55,23125.45,23070.15,23121.6,0
2026-06-08 03:47:00+00:00,23122.0,23129.05,23111.0,23117.0,0
2026-06-08 03:48:00+00:00,23119.3,23127.0,23106.15,23119.5,0
2026-06-08 03:49:00+00:00,23119.9,23139.55,23118.0,23130.55,0
2026-06-08 03:50:00+00:00,23133.35,23133.35,23103.65,23117.7,0
2026-06-08 03:51:00+00:00,23120.4,23122.8,23108.0,23122.8,0
2026-06-08 03:52:00+00:00,23125.05,23135.45,23122.75,23130.3,0
2026-06-08 03:53:00+00:00,23130.65,23141.15,23123.95,23139.55,0
2026-06-08 03:54:00+00:00,23139.95,23145.35,23131.65,23136.0,0
2026-06-08 03:55:00+00:00,23136.65,23141.4,23125.2,23140.2,0
2026-06-08 03:56:00+00:00,23140.65,23150.4,23138.45,23147.65,0
2026-06-08 03:57:00+00:00,23147.45,23154.1,23140.35,23145.95,0
2026-06-08 03:58:00+00:00,23146.2,23150.0,23142.35,23145.9,0
2026-06-08 03:59:00+00:00,23146.95,23157.05,23144.6,23155.5,0
2026-06-08 04:00:00+00:00,23156.1,23168.55,23147.3,23167.15,0
2026-06-08 04:01:00+00:00,23168.75,23175.95,23168.45,23173.45,0
2026-06-08 04:02:00+00:00,23173.2,23177.5,23161.3,23176.9,0
2026-06-08 04:03:00+00:00,23177.25,23182.4,23174.45,23179.85,0
2026-06-08 04:04:00+00:00,23178.8,23184.9,23171.6,23184.35,0
2026-06-08 04:05:00+00:00,23184.95,23185.2,23163.7,23165.45,0
2026-06-08 04:06:00+00:00,23165.85,23165.85,23145.15,23147.4,0
2026-06-08 04:07:00+00:00,23148.25,23148.7,23137.35,23139.4,0
2026-06-08 04:08:00+00:00,23139.15,23148.7,23132.85,23146.0,0
2026-06-08 04:09:00+00:00,23146.45,23156.2,23141.65,23155.6,0
2026-06-08 04:10:00+00:00,23155.75,23170.05,23151.3,23170.0,0
2026-06-08 04:11:00+00:00,23170.05,23171.5,23156.7,23157.5,0
2026-06-08 04:12:00+00:00,23156.3,23160.5,23150.5,23159.5,0
2026-06-08 04:13:00+00:00,23160.4,23165.9,23144.9,23147.3,0
2026-06-08 04:14:00+00:00,23146.85,23159.15,23146.6,23159.15,0
2026-06-08 04:15:00+00:00,23159.85,23170.1,23158.95,23169.7,0
2026-06-08 04:16:00+00:00,23170.95,23178.75,23169.15,23178.5,0
2026-06-08 04:17:00+00:00,23178.2,23178.85,23159.35,23160.1,0
2026-06-08 04:18:00+00:00,23160.35,23161.1,23146.35,23147.15,0
2026-06-08 04:19:00+00:00,23148.2,23148.55,23134.5,23134.5,0
2026-06-08 04:20:00+00:00,23135.55,23135.95,23125.25,23128.75,0
2026-06-08 04:21:00+00:00,23130.3,23154.3,23129.55,23150.0,0
2026-06-08 04:22:00+00:00,23151.05,23157.15,23145.25,23156.9,0
2026-06-08 04:23:00+00:00,23157.85,23164.45,23156.6,23164.3,0
2026-06-08 04:24:00+00:00,23163.6,23173.45,23163.45,23173.05,0
2026-06-08 04:25:00+00:00,23174.15,23186.2,23171.85,23185.0,0
2026-06-08 04:26:00+00:00,23184.8,23194.95,23184.8,23189.8,0
2026-06-08 04:27:00+00:00,23190.3,23191.9,23183.6,23190.05,0
2026-06-08 04:28:00+00:00,23190.35,23202.0,23189.85,23196.45,0
2026-06-08 04:29:00+00:00,23197.05,23201.55,23194.85,23199.5,0
2026-06-08 04:30:00+00:00,23199.85,23200.4,23180.15,23181.15,0
2026-06-08 04:31:00+00:00,23182.15,23189.75,23179.0,23188.05,0
2026-06-08 04:32:00+00:00,23188.15,23196.0,23185.7,23192.5,0
2026-06-08 04:33:00+00:00,23192.75,23193.0,23178.85,23182.0,0
2026-06-08 04:34:00+00:00,23182.25,23183.1,23166.7,23169.8,0
2026-06-08 04:35:00+00:00,23163.35,23166.95,23159.4,23160.3,0
2026-06-08 04:36:00+00:00,23161.55,23164.75,23154.35,23161.5,0
2026-06-08 04:37:00+00:00,23162.1,23185.65,23162.0,23183.1,0
2026-06-08 04:38:00+00:00,23185.15,23191.95,23180.95,23190.7,0
2026-06-08 04:39:00+00:00,23190.8,23193.85,23186.75,23187.8,0
2026-06-08 04:40:00+00:00,23188.6,23191.55,23181.55,23189.85,0
2026-06-08 04:41:00+00:00,23190.4,23192.55,23183.95,23189.4,0
2026-06-08 04:42:00+00:00,23189.7,23192.65,23184.3,23190.8,0
2026-06-08 04:43:00+00:00,23190.25,23191.6,23185.3,23188.65,0
2026-06-08 04:44:00+00:00,23189.85,23191.7,23173.95,23174.25,0
2026-06-08 04:45:00+00:00,23174.55,23174.75,23166.45,23171.7,0
2026-06-08 04:46:00+00:00,23171.5,23175.2,23169.6,23174.55,0
2026-06-08 04:47:00+00:00,23175.25,23178.65,23172.65,23176.55,0
2026-06-08 04:48:00+00:00,23177.6,23181.0,23174.2,23177.2,0
2026-06-08 04:49:00+00:00,23177.35,23187.65,23172.45,23186.1,0
2026-06-08 04:50:00+00:00,23186.45,23188.0,23179.35,23179.4,0
2026-06-08 04:51:00+00:00,23181.35,23183.55,23176.05,23181.9,0
2026-06-08 04:52:00+00:00,23183.1,23184.65,23179.55,23181.7,0
2026-06-08 04:53:00+00:00,23182.4,23185.9,23180.85,23185.0,0
2026-06-08 04:54:00+00:00,23185.8,23186.05,23178.55,23182.75,0
2026-06-08 04:55:00+00:00,23183.15,23184.75,23176.2,23177.15,0
2026-06-08 04:56:00+00:00,23179.1,23180.65,23172.15,23173.95,0
2026-06-08 04:57:00+00:00,23174.5,23174.85,23164.95,23165.2,0
2026-06-08 04:58:00+00:00,23165.85,23172.5,23163.25,23172.5,0
2026-06-08 04:59:00+00:00,23173.2,23178.0,23171.15,23172.45,0
2026-06-08 05:00:00+00:00,23173.2,23182.55,23172.3,23182.55,0
2026-06-08 05:01:00+00:00,23182.7,23197.2,23181.4,23195.8,0
2026-06-08 05:02:00+00:00,23196.3,23207.65,23195.65,23207.6,0
2026-06-08 05:03:00+00:00,23208.85,23213.75,23205.25,23207.25,0
2026-06-08 05:04:00+00:00,23207.7,23215.55,23204.8,23213.45,0
2026-06-08 05:05:00+00:00,23214.0,23216.0,23210.7,23212.9,0
2026-06-08 05:06:00+00:00,23214.05,23214.05,23204.65,23207.2,0
2026-06-08 05:07:00+00:00,23207.15,23207.25,23200.05,23205.5,0
2026-06-08 05:08:00+00:00,23206.8,23211.55,23205.9,23208.35,0
2026-06-08 05:09:00+00:00,23208.2,23209.8,23202.75,23207.95,0
2026-06-08 05:10:00+00:00,23207.85,23220.55,23206.75,23219.0,0
2026-06-08 05:11:00+00:00,23220.5,23223.45,23215.1,23218.55,0
2026-06-08 05:12:00+00:00,23219.05,23219.1,23215.65,23217.35,0
2026-06-08 05:13:00+00:00,23217.4,23217.4,23202.3,23205.55,0
2026-06-08 05:14:00+00:00,23205.25,23205.55,23190.55,23191.65,0
2026-06-08 05:15:00+00:00,23192.25,23192.25,23181.1,23184.75,0
2026-06-08 05:16:00+00:00,23185.75,23188.95,23184.35,23188.25,0
2026-06-08 05:17:00+00:00,23188.35,23199.5,23188.35,23198.95,0
2026-06-08 05:18:00+00:00,23199.2,23201.55,23191.5,23200.05,0
2026-06-08 05:19:00+00:00,23200.85,23202.9,23197.8,23202.55,0
2026-06-08 05:20:00+00:00,23203.25,23208.25,23201.65,23206.65,0
2026-06-08 05:21:00+00:00,23207.35,23211.9,23205.6,23210.3,0
2026-06-08 05:22:00+00:00,23210.1,23211.7,23207.9,23209.55,0
2026-06-08 05:23:00+00:00,23209.9,23211.15,23197.9,23200.5,0
2026-06-08 05:24:00+00:00,23200.35,23201.5,23192.2,23195.9,0
2026-06-08 05:25:00+00:00,23196.15,23199.75,23192.95,23198.95,0
2026-06-08 05:26:00+00:00,23197.9,23199.05,23191.35,23197.25,0
2026-06-08 05:27:00+00:00,23197.95,23207.6,23196.6,23207.2,0
2026-06-08 05:28:00+00:00,23207.65,23217.5,23206.95,23216.1,0
2026-06-08 05:29:00+00:00,23217.3,23218.7,23215.85,23217.45,0
2026-06-08 05:30:00+00:00,23217.9,23218.6,23207.05,23208.9,0
2026-06-08 05:31:00+00:00,23208.95,23213.75,23208.1,23211.0,0
2026-06-08 05:32:00+00:00,23211.75,23211.85,23207.2,23208.3,0
2026-06-08 05:33:00+00:00,23209.45,23214.15,23208.55,23212.15,0
2026-06-08 05:34:00+00:00,23212.9,23213.35,23209.6,23210.15,0
2026-06-08 05:35:00+00:00,23209.95,23211.2,23203.15,23203.25,0
2026-06-08 05:36:00+00:00,23203.85,23207.2,23200.85,23206.2,0
2026-06-08 05:37:00+00:00,23206.55,23206.85,23192.75,23196.55,0
2026-06-08 05:38:00+00:00,23197.5,23201.95,23196.45,23200.4,0
2026-06-08 05:39:00+00:00,23200.8,23207.0,23199.3,23206.25,0
2026-06-08 05:40:00+00:00,23206.2,23206.8,23202.35,23204.15,0
2026-06-08 05:41:00+00:00,23204.35,23210.6,23201.1,23202.1,0
2026-06-08 05:42:00+00:00,23201.7,23203.2,23194.2,23198.25,0
2026-06-08 05:43:00+00:00,23199.65,23204.6,23199.15,23203.6,0
2026-06-08 05:44:00+00:00,23204.1,23204.65,23196.5,23198.85,0
2026-06-08 05:45:00+00:00,23199.75,23203.15,23198.65,23200.75,0
2026-06-08 05:46:00+00:00,23200.45,23204.7,23197.9,23201.9,0
2026-06-08 05:47:00+00:00,23200.9,23202.35,23179.0,23179.45,0
2026-06-08 05:48:00+00:00,23180.55,23191.5,23179.1,23187.65,0
2026-06-08 05:49:00+00:00,23187.7,23188.7,23181.05,23182.55,0
2026-06-08 05:50:00+00:00,23183.25,23191.7,23179.95,23191.35,0
2026-06-08 05:51:00+00:00,23191.35,23192.05,23185.8,23191.25,0
2026-06-08 05:52:00+00:00,23192.2,23192.55,23185.65,23187.45,0
2026-06-08 05:53:00+00:00,23188.45,23189.3,23183.2,23185.55,0
2026-06-08 05:54:00+00:00,23185.65,23186.6,23181.15,23183.75,0
2026-06-08 05:55:00+00:00,23184.55,23184.7,23180.55,23181.25,0
2026-06-08 05:56:00+00:00,23182.05,23189.95,23179.1,23189.05,0
2026-06-08 05:57:00+00:00,23190.0,23190.0,23182.9,23184.3,0
2026-06-08 05:58:00+00:00,23184.75,23186.0,23180.45,23182.3,0
2026-06-08 05:59:00+00:00,23183.3,23188.8,23181.65,23186.15,0
2026-06-08 06:00:00+00:00,23186.55,23189.45,23183.45,23186.9,0
2026-06-08 06:01:00+00:00,23189.0,23193.5,23182.7,23193.5,0
2026-06-08 06:02:00+00:00,23193.25,23199.45,23192.1,23198.1,0
2026-06-08 06:03:00+00:00,23198.0,23199.6,23194.9,23197.65,0
2026-06-08 06:04:00+00:00,23198.95,23199.8,23195.0,23199.05,0
2026-06-08 06:05:00+00:00,23199.15,23200.3,23193.5,23196.45,0
2026-06-08 06:06:00+00:00,23196.75,23201.15,23195.35,23199.4,0
2026-06-08 06:07:00+00:00,23198.95,23201.4,23195.6,23199.95,0
2026-06-08 06:08:00+00:00,23200.35,23201.9,23197.65,23200.75,0
2026-06-08 06:09:00+00:00,23200.8,23209.05,23200.6,23206.3,0
2026-06-08 06:10:00+00:00,23207.15,23209.55,23203.45,23207.9,0
2026-06-08 06:11:00+00:00,23208.8,23209.5,23205.8,23207.5,0
2026-06-08 06:12:00+00:00,23207.4,23207.95,23201.95,23205.0,0
2026-06-08 06:13:00+00:00,23205.15,23211.45,23203.9,23210.5,0
2026-06-08 06:14:00+00:00,23210.9,23211.6,23204.95,23205.45,0
2026-06-08 06:15:00+00:00,23206.1,23207.85,23200.4,23206.85,0
2026-06-08 06:16:00+00:00,23207.0,23209.25,23204.85,23207.6,0
2026-06-08 06:17:00+00:00,23207.4,23215.05,23207.05,23214.85,0
2026-06-08 06:18:00+00:00,23215.0,23215.3,23206.65,23208.0,0
2026-06-08 06:19:00+00:00,23208.5,23214.8,23205.5,23213.95,0
2026-06-08 06:20:00+00:00,23214.4,23214.4,23210.3,23210.55,0
2026-06-08 06:21:00+00:00,23211.15,23211.2,23206.2,23208.65,0
2026-06-08 06:22:00+00:00,23209.4,23211.25,23208.2,23208.3,0
2026-06-08 06:23:00+00:00,23209.2,23210.7,23207.15,23207.8,0
2026-06-08 06:24:00+00:00,23208.45,23208.75,23198.3,23205.6,0
2026-06-08 06:25:00+00:00,23207.2,23209.2,23205.25,23206.6,0
2026-06-08 06:26:00+00:00,23206.7,23212.7,23205.55,23211.45,0
2026-06-08 06:27:00+00:00,23211.75,23212.65,23203.3,23203.4,0
2026-06-08 06:28:00+00:00,23203.75,23204.05,23198.4,23201.9,0
2026-06-08 06:29:00+00:00,23201.95,23207.7,23200.45,23205.45,0
2026-06-08 06:30:00+00:00,23205.8,23206.1,23201.0,23202.3,0
2026-06-08 06:31:00+00:00,23202.55,23202.7,23198.8,23199.55,0
2026-06-08 06:32:00+00:00,23199.65,23208.35,23197.6,23207.5,0
2026-06-08 06:33:00+00:00,23208.1,23209.65,23205.65,23207.6,0
2026-06-08 06:34:00+00:00,23207.65,23209.4,23205.3,23207.25,0
2026-06-08 06:35:00+00:00,23207.9,23212.95,23203.0,23204.25,0
2026-06-08 06:36:00+00:00,23204.4,23207.85,23201.9,23205.4,0
2026-06-08 06:37:00+00:00,23205.65,23208.15,23203.45,23203.85,0
2026-06-08 06:38:00+00:00,23204.55,23204.55,23193.8,23198.1,0
2026-06-08 06:39:00+00:00,23197.7,23204.8,23196.9,23204.45,0
2026-06-08 06:40:00+00:00,23205.0,23210.75,23205.0,23209.75,0
2026-06-08 06:41:00+00:00,23210.3,23224.4,23209.9,23221.4,0
2026-06-08 06:42:00+00:00,23221.95,23222.8,23212.85,23217.35,0
2026-06-08 06:43:00+00:00,23216.85,23217.95,23210.5,23211.3,0
2026-06-08 06:44:00+00:00,23212.0,23212.95,23208.9,23212.45,0
2026-06-08 06:45:00+00:00,23212.45,23215.65,23212.45,23213.1,0
2026-06-08 06:46:00+00:00,23214.05,23214.2,23210.75,23212.45,0
2026-06-08 06:47:00+00:00,23213.4,23213.4,23208.0,23210.2,0
2026-06-08 06:48:00+00:00,23210.95,23214.9,23208.65,23211.2,0
2026-06-08 06:49:00+00:00,23211.5,23213.1,23208.5,23212.65,0
2026-06-08 06:50:00+00:00,23212.65,23217.05,23212.45,23216.3,0
2026-06-08 06:51:00+00:00,23216.65,23217.3,23213.35,23214.25,0
2026-06-08 06:52:00+00:00,23214.05,23222.7,23213.25,23220.75,0
2026-06-08 06:53:00+00:00,23221.15,23225.55,23220.05,23223.9,0
2026-06-08 06:54:00+00:00,23224.75,23226.0,23222.5,23225.45,0
2026-06-08 06:55:00+00:00,23225.55,23226.45,23219.05,23220.2,0
2026-06-08 06:56:00+00:00,23220.6,23221.45,23216.8,23218.65,0
2026-06-08 06:57:00+00:00,23219.15,23220.3,23217.0,23218.6,0
2026-06-08 06:58:00+00:00,23219.35,23222.25,23217.9,23219.7,0
2026-06-08 06:59:00+00:00,23220.05,23221.75,23218.05,23218.75,0
2026-06-08 07:00:00+00:00,23219.2,23226.0,23219.2,23223.35,0
2026-06-08 07:01:00+00:00,23223.35,23224.45,23216.9,23219.0,0
2026-06-08 07:02:00+00:00,23219.8,23219.8,23215.4,23216.85,0
2026-06-08 07:03:00+00:00,23217.1,23227.65,23215.25,23224.0,0
2026-06-08 07:04:00+00:00,23224.4,23224.7,23218.55,23220.55,0
2026-06-08 07:05:00+00:00,23221.9,23222.25,23216.85,23220.75,0
2026-06-08 07:06:00+00:00,23221.35,23223.95,23220.25,23221.4,0
2026-06-08 07:07:00+00:00,23222.55,23224.0,23218.85,23219.4,0
2026-06-08 07:08:00+00:00,23220.6,23223.7,23217.3,23222.4,0
2026-06-08 07:09:00+00:00,23223.3,23223.35,23219.5,23222.35,0
2026-06-08 07:10:00+00:00,23223.0,23228.05,23221.35,23226.1,0
2026-06-08 07:11:00+00:00,23227.1,23227.55,23224.4,23226.55,0
2026-06-08 07:12:00+00:00,23226.95,23229.15,23224.95,23228.6,0
2026-06-08 07:13:00+00:00,23228.7,23244.35,23227.15,23243.45,0
2026-06-08 07:14:00+00:00,23244.35,23245.6,23236.85,23237.85,0
2026-06-08 07:15:00+00:00,23238.65,23239.05,23231.5,23234.6,0
2026-06-08 07:16:00+00:00,23235.1,23240.7,23229.6,23239.55,0
2026-06-08 07:17:00+00:00,23240.3,23247.2,23239.65,23241.7,0
2026-06-08 07:18:00+00:00,23242.8,23246.2,23238.85,23243.5,0
2026-06-08 07:19:00+00:00,23245.05,23247.35,23243.0,23245.3,0
2026-06-08 07:20:00+00:00,23245.9,23251.85,23244.45,23251.65,0
2026-06-08 07:21:00+00:00,23252.4,23267.3,23251.8,23258.55,0
2026-06-08 07:22:00+00:00,23258.4,23259.2,23250.1,23251.75,0
2026-06-08 07:23:00+00:00,23252.3,23252.3,23244.95,23246.25,0
2026-06-08 07:24:00+00:00,23246.55,23250.05,23244.05,23248.3,0
2026-06-08 07:25:00+00:00,23250.55,23256.25,23250.1,23252.45,0
2026-06-08 07:26:00+00:00,23253.3,23253.5,23248.35,23250.35,0
2026-06-08 07:27:00+00:00,23250.15,23251.5,23247.35,23249.75,0
2026-06-08 07:28:00+00:00,23250.05,23250.35,23246.2,23247.35,0
2026-06-08 07:29:00+00:00,23248.3,23249.45,23245.5,23246.15,0
2026-06-08 07:30:00+00:00,23247.1,23247.2,23243.2,23246.9,0
2026-06-08 07:31:00+00:00,23247.4,23247.8,23239.3,23239.3,0
2026-06-08 07:32:00+00:00,23239.55,23242.95,23237.55,23241.4,0
2026-06-08 07:33:00+00:00,23241.95,23241.95,23235.35,23235.35,0
2026-06-08 07:34:00+00:00,23236.25,23237.3,23226.1,23226.55,0
2026-06-08 07:35:00+00:00,23227.3,23228.85,23224.3,23228.15,0
2026-06-08 07:36:00+00:00,23229.15,23229.35,23222.7,23223.6,0
2026-06-08 07:37:00+00:00,23223.85,23223.85,23214.6,23215.55,0
2026-06-08 07:38:00+00:00,23216.1,23221.9,23212.55,23220.55,0
2026-06-08 07:39:00+00:00,23221.5,23222.65,23218.9,23219.5,0
2026-06-08 07:40:00+00:00,23220.5,23221.0,23216.7,23216.9,0
2026-06-08 07:41:00+00:00,23217.45,23217.85,23213.35,23214.95,0
2026-06-08 07:42:00+00:00,23215.65,23220.35,23213.5,23217.85,0
2026-06-08 07:43:00+00:00,23218.1,23219.2,23216.55,23217.35,0
2026-06-08 07:44:00+00:00,23217.25,23218.95,23214.6,23216.3,0
2026-06-08 07:45:00+00:00,23216.5,23225.2,23213.35,23224.8,0
2026-06-08 07:46:00+00:00,23225.7,23225.7,23219.2,23222.2,0
2026-06-08 07:47:00+00:00,23222.75,23224.95,23220.85,23222.3,0
2026-06-08 07:48:00+00:00,23222.6,23223.15,23213.7,23214.15,0
2026-06-08 07:49:00+00:00,23215.25,23217.4,23212.5,23215.2,0
2026-06-08 07:50:00+00:00,23215.25,23216.15,23209.7,23209.7,0
2026-06-08 07:51:00+00:00,23210.6,23214.4,23208.95,23212.1,0
2026-06-08 07:52:00+00:00,23213.1,23213.9,23211.35,23212.85,0
2026-06-08 07:53:00+00:00,23213.65,23213.65,23209.3,23210.4,0
2026-06-08 07:54:00+00:00,23211.2,23212.3,23208.9,23210.4,0
2026-06-08 07:55:00+00:00,23210.6,23212.0,23207.0,23207.85,0
2026-06-08 07:56:00+00:00,23207.9,23207.9,23201.25,23201.25,0
2026-06-08 07:57:00+00:00,23201.8,23201.8,23194.7,23195.2,0
2026-06-08 07:58:00+00:00,23196.6,23198.6,23194.95,23197.8,0
2026-06-08 07:59:00+00:00,23198.3,23209.45,23196.05,23209.05,0
2026-06-08 08:00:00+00:00,23208.7,23215.3,23207.55,23207.95,0
2026-06-08 08:01:00+00:00,23208.15,23209.1,23199.9,23202.05,0
2026-06-08 08:02:00+00:00,23204.15,23205.75,23188.35,23194.2,0
2026-06-08 08:03:00+00:00,23194.45,23194.45,23188.65,23191.9,0
2026-06-08 08:04:00+00:00,23192.65,23198.95,23190.25,23195.55,0
2026-06-08 08:05:00+00:00,23196.25,23196.25,23190.5,23194.05,0
2026-06-08 08:06:00+00:00,23194.9,23199.5,23191.25,23197.8,0
2026-06-08 08:07:00+00:00,23198.55,23199.05,23195.1,23195.5,0
2026-06-08 08:08:00+00:00,23195.8,23196.5,23191.0,23191.0,0
2026-06-08 08:09:00+00:00,23192.05,23196.3,23184.25,23195.7,0
2026-06-08 08:10:00+00:00,23197.25,23197.85,23182.75,23184.95,0
2026-06-08 08:11:00+00:00,23185.45,23185.55,23178.7,23181.7,0
2026-06-08 08:12:00+00:00,23182.6,23183.1,23179.0,23179.95,0
2026-06-08 08:13:00+00:00,23180.4,23182.8,23178.75,23181.75,0
2026-06-08 08:14:00+00:00,23182.0,23182.65,23169.75,23171.0,0
2026-06-08 08:15:00+00:00,23171.9,23171.9,23159.75,23161.5,0
2026-06-08 08:16:00+00:00,23162.35,23162.35,23154.35,23155.95,0
2026-06-08 08:17:00+00:00,23156.25,23159.5,23150.4,23159.25,0
2026-06-08 08:18:00+00:00,23159.75,23172.65,23158.35,23171.9,0
2026-06-08 08:19:00+00:00,23172.4,23177.0,23170.3,23170.3,0
2026-06-08 08:20:00+00:00,23171.55,23175.65,23171.55,23173.9,0
2026-06-08 08:21:00+00:00,23173.95,23174.45,23165.0,23167.8,0
2026-06-08 08:22:00+00:00,23168.6,23168.75,23159.3,23159.3,0
2026-06-08 08:23:00+00:00,23158.2,23167.1,23157.3,23166.2,0
2026-06-08 08:24:00+00:00,23167.0,23169.35,23164.05,23165.9,0
2026-06-08 08:25:00+00:00,23166.3,23166.3,23162.9,23162.9,0
2026-06-08 08:26:00+00:00,23164.2,23166.85,23163.1,23164.85,0
2026-06-08 08:27:00+00:00,23164.6,23165.85,23157.35,23157.85,0
2026-06-08 08:28:00+00:00,23157.85,23168.1,23156.15,23166.5,0
2026-06-08 08:29:00+00:00,23167.55,23174.1,23163.35,23172.45,0
2026-06-08 08:30:00+00:00,23173.45,23184.7,23171.5,23183.85,0
2026-06-08 08:31:00+00:00,23183.95,23184.6,23176.6,23177.8,0
2026-06-08 08:32:00+00:00,23179.05,23180.55,23174.5,23175.0,0
2026-06-08 08:33:00+00:00,23174.75,23181.8,23173.65,23181.45,0
2026-06-08 08:34:00+00:00,23181.9,23183.35,23177.85,23180.35,0
2026-06-08 08:35:00+00:00,23180.4,23183.2,23171.85,23172.8,0
2026-06-08 08:36:00+00:00,23173.25,23181.45,23166.9,23173.2,0
2026-06-08 08:37:00+00:00,23174.45,23175.55,23168.05,23168.65,0
2026-06-08 08:38:00+00:00,23169.45,23169.45,23160.6,23164.0,0
2026-06-08 08:39:00+00:00,23164.65,23166.35,23162.0,23163.1,0
2026-06-08 08:40:00+00:00,23163.75,23167.7,23162.95,23164.55,0
2026-06-08 08:41:00+00:00,23165.05,23165.8,23156.75,23163.8,0
2026-06-08 08:42:00+00:00,23165.25,23165.25,23159.7,23160.45,0
2026-06-08 08:43:00+00:00,23160.8,23161.95,23158.1,23159.95,0
2026-06-08 08:44:00+00:00,23159.5,23159.8,23156.25,23156.85,0
2026-06-08 08:45:00+00:00,23157.35,23159.4,23153.7,23159.1,0
2026-06-08 08:46:00+00:00,23159.45,23160.9,23157.65,23158.1,0
2026-06-08 08:47:00+00:00,23158.85,23158.85,23145.7,23148.85,0
2026-06-08 08:48:00+00:00,23149.45,23156.0,23147.6,23154.75,0
2026-06-08 08:49:00+00:00,23154.95,23173.2,23154.95,23168.75,0
2026-06-08 08:50:00+00:00,23168.85,23168.85,23160.25,23160.8,0
2026-06-08 08:51:00+00:00,23161.2,23161.45,23154.95,23159.95,0
2026-06-08 08:52:00+00:00,23161.25,23161.7,23152.95,23154.85,0
2026-06-08 08:53:00+00:00,23155.5,23157.3,23153.5,23155.25,0
2026-06-08 08:54:00+00:00,23155.1,23156.0,23151.05,23155.4,0
2026-06-08 08:55:00+00:00,23155.15,23155.15,23150.55,23152.8,0
2026-06-08 08:56:00+00:00,23152.9,23157.15,23151.9,23157.15,0
2026-06-08 08:57:00+00:00,23157.3,23158.4,23154.75,23156.7,0
2026-06-08 08:58:00+00:00,23158.25,23158.45,23150.3,23151.7,0
2026-06-08 08:59:00+00:00,23152.4,23153.75,23147.35,23149.1,0
2026-06-08 09:00:00+00:00,23148.6,23162.35,23147.3,23160.1,0
2026-06-08 09:01:00+00:00,23160.95,23162.45,23154.95,23155.7,0
2026-06-08 09:02:00+00:00,23157.6,23157.6,23151.5,23156.65,0
2026-06-08 09:03:00+00:00,23157.25,23163.2,23155.8,23156.3,0
2026-06-08 09:04:00+00:00,23157.55,23160.95,23155.65,23159.05,0
2026-06-08 09:05:00+00:00,23160.3,23167.55,23158.15,23162.7,0
2026-06-08 09:06:00+00:00,23163.05,23163.05,23153.95,23157.9,0
2026-06-08 09:07:00+00:00,23159.4,23161.75,23153.9,23157.0,0
2026-06-08 09:08:00+00:00,23159.15,23163.75,23155.65,23163.1,0
2026-06-08 09:09:00+00:00,23164.15,23164.15,23155.95,23158.15,0
2026-06-08 09:10:00+00:00,23158.75,23158.75,23152.05,23157.3,0
2026-06-08 09:11:00+00:00,23158.15,23158.15,23151.9,23153.35,0
2026-06-08 09:12:00+00:00,23155.25,23158.1,23152.95,23155.4,0
2026-06-08 09:13:00+00:00,23155.55,23167.0,23152.55,23165.45,0
2026-06-08 09:14:00+00:00,23167.45,23181.0,23166.35,23179.9,0
2026-06-08 09:15:00+00:00,23181.4,23182.25,23162.7,23164.6,0
2026-06-08 09:16:00+00:00,23165.05,23180.25,23160.6,23179.7,0
2026-06-08 09:17:00+00:00,23180.65,23189.8,23177.85,23182.2,0
2026-06-08 09:18:00+00:00,23183.1,23183.15,23175.8,23180.35,0
2026-06-08 09:19:00+00:00,23180.9,23181.65,23174.0,23174.85,0
2026-06-08 09:20:00+00:00,23175.5,23178.15,23171.4,23174.75,0
2026-06-08 09:21:00+00:00,23175.5,23178.95,23172.55,23178.3,0
2026-06-08 09:22:00+00:00,23178.7,23181.45,23175.25,23177.8,0
2026-06-08 09:23:00+00:00,23177.95,23178.2,23167.3,23176.95,0
2026-06-08 09:24:00+00:00,23178.3,23178.85,23174.75,23177.4,0
2026-06-08 09:25:00+00:00,23178.2,23178.4,23169.85,23169.85,0
2026-06-08 09:26:00+00:00,23170.8,23171.0,23161.65,23165.65,0
2026-06-08 09:27:00+00:00,23166.7,23170.55,23161.75,23162.75,0
2026-06-08 09:28:00+00:00,23163.8,23170.95,23162.25,23170.55,0
2026-06-08 09:29:00+00:00,23171.05,23196.7,23171.05,23179.0,0
2026-06-08 09:30:00+00:00,23182.4,23182.4,23145.9,23147.3,0
2026-06-08 09:31:00+00:00,23147.7,23151.25,23137.7,23138.25,0
2026-06-08 09:32:00+00:00,23139.3,23140.9,23133.05,23135.0,0
2026-06-08 09:33:00+00:00,23135.45,23135.45,23122.3,23122.9,0
2026-06-08 09:34:00+00:00,23124.5,23124.55,23109.35,23116.75,0
2026-06-08 09:35:00+00:00,23117.75,23118.15,23107.05,23109.55,0
2026-06-08 09:36:00+00:00,23110.85,23135.75,23107.35,23129.9,0
2026-06-08 09:37:00+00:00,23131.3,23131.85,23124.0,23127.25,0
2026-06-08 09:38:00+00:00,23128.6,23132.4,23124.65,23127.05,0
2026-06-08 09:39:00+00:00,23128.95,23135.65,23128.4,23131.95,0
2026-06-08 09:40:00+00:00,23133.25,23133.25,23125.0,23131.05,0
2026-06-08 09:41:00+00:00,23132.0,23133.95,23123.85,23124.8,0
2026-06-08 09:42:00+00:00,23125.5,23131.45,23123.85,23128.5,0
2026-06-08 09:43:00+00:00,23129.65,23132.15,23124.1,23130.0,0
2026-06-08 09:44:00+00:00,23130.65,23137.2,23129.15,23134.45,0
2026-06-08 09:45:00+00:00,23134.05,23135.8,23125.0,23126.75,0
2026-06-08 09:46:00+00:00,23126.8,23130.35,23124.85,23129.6,0
2026-06-08 09:47:00+00:00,23130.1,23133.4,23127.55,23128.75,0
2026-06-08 09:48:00+00:00,23129.9,23129.9,23122.9,23125.7,0
2026-06-08 09:49:00+00:00,23126.95,23128.85,23122.35,23124.15,0
2026-06-08 09:50:00+00:00,23124.95,23125.2,23120.7,23120.95,0
2026-06-08 09:51:00+00:00,23122.55,23123.0,23113.3,23114.95,0
2026-06-08 09:52:00+00:00,23117.0,23117.0,23107.0,23108.45,0
2026-06-08 09:53:00+00:00,23108.5,23109.9,23098.2,23099.8,0
2026-06-08 09:54:00+00:00,23099.35,23104.95,23093.6,23104.0,0
2026-06-08 09:55:00+00:00,23104.6,23104.6,23091.65,23093.6,0
2026-06-08 09:56:00+00:00,23097.95,23097.95,23089.9,23093.1,0
2026-06-08 09:57:00+00:00,23093.55,23099.65,23089.9,23098.1,0
2026-06-08 09:58:00+00:00,23099.6,23103.45,23096.05,23100.95,0
2026-06-08 09:59:00+00:00,23101.35,23105.1,23093.55,23103.7,0
2026-06-09 03:45:00+00:00,23259.05,23259.45,23194.9,23229.05,0
2026-06-09 03:46:00+00:00,23226.45,23239.05,23225.9,23234.95,0
2026-06-09 03:47:00+00:00,23232.6,23237.95,23224.3,23227.05,0
2026-06-09 03:48:00+00:00,23226.9,23238.45,23224.5,23226.0,0
2026-06-09 03:49:00+00:00,23227.45,23239.4,23226.75,23235.15,0
2026-06-09 03:50:00+00:00,23233.3,23244.35,23233.3,23241.6,0
2026-06-09 03:51:00+00:00,23240.4,23244.3,23232.1,23234.95,0
2026-06-09 03:52:00+00:00,23232.2,23233.35,23223.0,23230.75,0
2026-06-09 03:53:00+00:00,23230.9,23239.8,23230.9,23233.25,0
2026-06-09 03:54:00+00:00,23233.15,23240.95,23230.85,23237.9,0
2026-06-09 03:55:00+00:00,23237.3,23241.55,23234.75,23234.9,0
2026-06-09 03:56:00+00:00,23234.6,23237.8,23230.55,23231.65,0
2026-06-09 03:57:00+00:00,23232.4,23236.45,23230.45,23233.8,0
2026-06-09 03:58:00+00:00,23234.15,23237.05,23227.65,23227.75,0
2026-06-09 03:59:00+00:00,23227.95,23230.05,23222.5,23225.05,0
2026-06-09 04:00:00+00:00,23224.9,23240.3,23224.9,23237.15,0
2026-06-09 04:01:00+00:00,23236.9,23245.25,23231.45,23243.4,0
2026-06-09 04:02:00+00:00,23243.2,23252.05,23242.6,23247.45,0
2026-06-09 04:03:00+00:00,23247.95,23250.85,23237.2,23238.1,0
2026-06-09 04:04:00+00:00,23238.2,23243.7,23236.8,23239.5,0
2026-06-09 04:05:00+00:00,23239.3,23240.8,23235.05,23236.4,0
2026-06-09 04:06:00+00:00,23234.6,23243.95,23233.75,23236.65,0
2026-06-09 04:07:00+00:00,23236.75,23236.95,23219.15,23220.35,0
2026-06-09 04:08:00+00:00,23219.55,23222.05,23209.0,23222.05,0
2026-06-09 04:09:00+00:00,23221.95,23222.2,23210.25,23213.05,0
2026-06-09 04:10:00+00:00,23212.35,23213.0,23206.35,23209.95,0
2026-06-09 04:11:00+00:00,23209.8,23221.0,23208.4,23215.65,0
2026-06-09 04:12:00+00:00,23215.15,23216.0,23206.3,23207.55,0
2026-06-09 04:13:00+00:00,23207.6,23210.3,23204.6,23205.75,0
2026-06-09 04:14:00+00:00,23205.35,23207.65,23196.4,23196.8,0
2026-06-09 04:15:00+00:00,23196.6,23206.55,23195.95,23204.9,0
2026-06-09 04:16:00+00:00,23204.85,23208.5,23204.4,23208.45,0
2026-06-09 04:17:00+00:00,23207.9,23218.15,23207.9,23216.65,0
2026-06-09 04:18:00+00:00,23216.95,23217.45,23204.7,23206.15,0
2026-06-09 04:19:00+00:00,23205.75,23207.2,23180.55,23184.9,0
2026-06-09 04:20:00+00:00,23184.75,23189.25,23182.45,23186.65,0
2026-06-09 04:21:00+00:00,23186.75,23202.95,23186.75,23201.4,0
2026-06-09 04:22:00+00:00,23201.55,23210.7,23201.45,23208.4,0
2026-06-09 04:23:00+00:00,23207.8,23212.0,23204.7,23211.0,0
2026-06-09 04:24:00+00:00,23211.95,23216.7,23210.95,23212.95,0
2026-06-09 04:25:00+00:00,23212.05,23212.5,23204.25,23204.4,0
2026-06-09 04:26:00+00:00,23204.2,23206.55,23195.4,23196.35,0
2026-06-09 04:27:00+00:00,23194.75,23194.75,23184.55,23184.55,0
2026-06-09 04:28:00+00:00,23184.0,23188.7,23183.05,23186.35,0
2026-06-09 04:29:00+00:00,23186.3,23193.85,23185.2,23188.35,0
2026-06-09 04:30:00+00:00,23188.75,23192.9,23186.65,23191.5,0
2026-06-09 04:31:00+00:00,23191.3,23192.45,23186.2,23186.2,0
2026-06-09 04:32:00+00:00,23186.2,23187.8,23181.4,23186.2,0
2026-06-09 04:33:00+00:00,23185.75,23187.0,23172.35,23174.15,0
2026-06-09 04:34:00+00:00,23174.3,23174.3,23165.85,23168.25,0
2026-06-09 04:35:00+00:00,23167.85,23176.5,23167.85,23174.8,0
2026-06-09 04:36:00+00:00,23174.6,23176.15,23169.75,23171.45,0
2026-06-09 04:37:00+00:00,23171.3,23173.7,23165.8,23166.9,0
2026-06-09 04:38:00+00:00,23166.75,23171.45,23163.6,23164.0,0
2026-06-09 04:39:00+00:00,23164.05,23171.05,23160.55,23171.05,0
2026-06-09 04:40:00+00:00,23171.5,23172.15,23160.5,23163.9,0
2026-06-09 04:41:00+00:00,23162.45,23168.65,23162.45,23168.2,0
2026-06-09 04:42:00+00:00,23167.0,23172.4,23163.85,23171.3,0
2026-06-09 04:43:00+00:00,23170.5,23173.2,23167.55,23168.3,0
2026-06-09 04:44:00+00:00,23168.6,23171.7,23167.25,23167.75,0
2026-06-09 04:45:00+00:00,23167.75,23169.85,23162.2,23167.2,0
2026-06-09 04:46:00+00:00,23167.4,23177.35,23166.45,23175.0,0
2026-06-09 04:47:00+00:00,23175.3,23176.15,23168.95,23171.0,0
2026-06-09 04:48:00+00:00,23171.1,23173.15,23168.4,23172.0,0
2026-06-09 04:49:00+00:00,23171.7,23174.55,23167.4,23170.0,0
2026-06-09 04:50:00+00:00,23169.65,23170.75,23161.6,23163.8,0
2026-06-09 04:51:00+00:00,23163.8,23165.25,23161.45,23164.45,0
2026-06-09 04:52:00+00:00,23164.4,23168.35,23155.9,23156.1,0
2026-06-09 04:53:00+00:00,23156.25,23157.35,23149.1,23150.25,0
2026-06-09 04:54:00+00:00,23150.05,23159.85,23148.7,23158.15,0
2026-06-09 04:55:00+00:00,23158.1,23160.15,23155.25,23155.5,0
2026-06-09 04:56:00+00:00,23154.9,23157.55,23154.05,23155.85,0
2026-06-09 04:57:00+00:00,23154.85,23159.95,23154.35,23159.1,0
2026-06-09 04:58:00+00:00,23158.95,23165.95,23158.25,23165.7,0
2026-06-09 04:59:00+00:00,23165.75,23168.1,23161.7,23162.35,0
2026-06-09 05:00:00+00:00,23162.5,23166.4,23161.25,23165.7,0
2026-06-09 05:01:00+00:00,23165.45,23165.85,23160.3,23160.4,0
2026-06-09 05:02:00+00:00,23160.25,23160.7,23153.55,23153.7,0
2026-06-09 05:03:00+00:00,23153.8,23157.3,23153.25,23157.3,0
2026-06-09 05:04:00+00:00,23157.45,23160.85,23156.75,23158.3,0
2026-06-09 05:05:00+00:00,23157.7,23158.65,23152.4,23152.4,0
2026-06-09 05:06:00+00:00,23151.85,23153.05,23148.85,23149.9,0
2026-06-09 05:07:00+00:00,23149.7,23154.9,23147.7,23153.2,0
2026-06-09 05:08:00+00:00,23153.2,23153.95,23149.75,23153.45,0
2026-06-09 05:09:00+00:00,23153.2,23155.35,23151.6,23151.6,0
2026-06-09 05:10:00+00:00,23151.65,23152.0,23146.9,23150.45,0
2026-06-09 05:11:00+00:00,23150.05,23157.4,23148.45,23156.2,0
2026-06-09 05:12:00+00:00,23155.8,23161.2,23155.0,23158.85,0
2026-06-09 05:13:00+00:00,23158.6,23163.25,23158.5,23161.8,0
2026-06-09 05:14:00+00:00,23162.3,23165.3,23161.05,23164.55,0
2026-06-09 05:15:00+00:00,23163.95,23168.05,23162.85,23166.25,0
2026-06-09 05:16:00+00:00,23166.0,23167.65,23160.35,23164.2,0
2026-06-09 05:17:00+00:00,23164.05,23166.75,23160.35,23160.35,0
2026-06-09 05:18:00+00:00,23160.65,23163.8,23154.85,23155.75,0
2026-06-09 05:19:00+00:00,23155.15,23155.6,23131.4,23132.2,0
2026-06-09 05:20:00+00:00,23132.15,23136.75,23130.7,23135.8,0
2026-06-09 05:21:00+00:00,23134.6,23135.0,23129.45,23130.9,0
2026-06-09 05:22:00+00:00,23130.85,23139.1,23129.1,23135.45,0
2026-06-09 05:23:00+00:00,23135.95,23147.3,23135.95,23146.7,0
2026-06-09 05:24:00+00:00,23146.55,23157.05,23146.1,23155.2,0
2026-06-09 05:25:00+00:00,23155.1,23160.15,23151.25,23151.25,0
2026-06-09 05:26:00+00:00,23150.9,23152.45,23147.6,23150.8,0
2026-06-09 05:27:00+00:00,23150.15,23151.45,23146.35,23147.85,0
2026-06-09 05:28:00+00:00,23147.6,23152.3,23147.6,23151.6,0
2026-06-09 05:29:00+00:00,23151.15,23158.55,23150.1,23154.55,0
2026-06-09 05:30:00+00:00,23153.8,23155.1,23149.6,23153.85,0
2026-06-09 05:31:00+00:00,23153.95,23155.85,23150.1,23152.3,0
2026-06-09 05:32:00+00:00,23151.95,23156.6,23151.95,23154.15,0
2026-06-09 05:33:00+00:00,23153.8,23155.3,23152.4,23153.25,0
2026-06-09 05:34:00+00:00,23151.95,23156.85,23151.7,23154.85,0
2026-06-09 05:35:00+00:00,23154.25,23160.0,23154.25,23159.1,0
2026-06-09 05:36:00+00:00,23159.05,23161.9,23157.85,23160.65,0
2026-06-09 05:37:00+00:00,23160.2,23161.05,23155.4,23156.35,0
2026-06-09 05:38:00+00:00,23156.6,23157.75,23149.7,23150.8,0
2026-06-09 05:39:00+00:00,23150.35,23153.3,23148.9,23151.4,0
2026-06-09 05:40:00+00:00,23150.95,23152.6,23145.4,23146.05,0
2026-06-09 05:41:00+00:00,23145.5,23147.55,23143.0,23144.2,0
2026-06-09 05:42:00+00:00,23143.75,23149.15,23142.5,23143.15,0
2026-06-09 05:43:00+00:00,23143.2,23148.6,23142.7,23147.1,0
2026-06-09 05:44:00+00:00,23146.6,23148.55,23144.55,23146.0,0
2026-06-09 05:45:00+00:00,23144.8,23148.25,23143.85,23146.45,0
2026-06-09 05:46:00+00:00,23146.4,23146.55,23139.9,23140.95,0
2026-06-09 05:47:00+00:00,23141.55,23148.3,23141.15,23147.45,0
2026-06-09 05:48:00+00:00,23147.05,23156.0,23147.05,23155.6,0
2026-06-09 05:49:00+00:00,23154.95,23158.55,23153.7,23154.85,0
2026-06-09 05:50:00+00:00,23154.9,23155.35,23147.4,23148.75,0
2026-06-09 05:51:00+00:00,23148.1,23148.55,23139.05,23139.15,0
2026-06-09 05:52:00+00:00,23139.35,23139.9,23132.75,23133.5,0
2026-06-09 05:53:00+00:00,23132.95,23133.7,23120.15,23120.95,0
2026-06-09 05:54:00+00:00,23120.7,23122.3,23109.45,23113.1,0
2026-06-09 05:55:00+00:00,23112.8,23114.35,23104.45,23112.3,0
2026-06-09 05:56:00+00:00,23112.3,23116.8,23112.3,23114.65,0
2026-06-09 05:57:00+00:00,23115.2,23121.35,23114.2,23121.05,0
2026-06-09 05:58:00+00:00,23120.95,23136.1,23120.15,23135.55,0
2026-06-09 05:59:00+00:00,23135.65,23139.6,23131.95,23132.15,0
2026-06-09 06:00:00+00:00,23131.25,23138.75,23128.95,23134.7,0
2026-06-09 06:01:00+00:00,23134.65,23135.95,23126.1,23128.7,0
2026-06-09 06:02:00+00:00,23128.45,23139.8,23128.45,23136.5,0
2026-06-09 06:03:00+00:00,23137.2,23139.1,23131.55,23133.1,0
2026-06-09 06:04:00+00:00,23133.1,23139.35,23133.1,23137.4,0
2026-06-09 06:05:00+00:00,23138.5,23146.45,23137.75,23144.7,0
2026-06-09 06:06:00+00:00,23144.6,23152.85,23144.6,23148.8,0
2026-06-09 06:07:00+00:00,23148.6,23158.45,23147.05,23153.45,0
2026-06-09 06:08:00+00:00,23153.45,23154.55,23149.7,23151.55,0
2026-06-09 06:09:00+00:00,23150.2,23159.25,23150.2,23157.65,0
2026-06-09 06:10:00+00:00,23157.05,23160.65,23138.35,23139.65,0
2026-06-09 06:11:00+00:00,23140.2,23142.15,23135.15,23137.0,0
2026-06-09 06:12:00+00:00,23136.85,23140.35,23133.25,23139.45,0
2026-06-09 06:13:00+00:00,23138.4,23152.5,23138.4,23152.5,0
2026-06-09 06:14:00+00:00,23152.4,23154.15,23150.15,23150.85,0
2026-06-09 06:15:00+00:00,23150.6,23159.95,23145.45,23158.6,0
2026-06-09 06:16:00+00:00,23158.35,23184.85,23157.15,23183.9,0
2026-06-09 06:17:00+00:00,23183.55,23194.55,23178.4,23190.15,0
2026-06-09 06:18:00+00:00,23190.8,23196.2,23181.4,23184.3,0
2026-06-09 06:19:00+00:00,23183.8,23185.7,23172.3,23174.65,0
2026-06-09 06:20:00+00:00,23174.45,23181.8,23173.8,23180.2,0
2026-06-09 06:21:00+00:00,23180.9,23187.55,23178.95,23185.3,0
2026-06-09 06:22:00+00:00,23184.95,23187.2,23167.25,23167.25,0
2026-06-09 06:23:00+00:00,23167.5,23172.45,23166.75,23170.7,0
2026-06-09 06:24:00+00:00,23171.55,23176.5,23170.3,23174.6,0
2026-06-09 06:25:00+00:00,23174.25,23181.2,23173.9,23175.5,0
2026-06-09 06:26:00+00:00,23175.15,23177.35,23173.65,23175.2,0
2026-06-09 06:27:00+00:00,23174.35,23180.5,23171.55,23180.0,0
2026-06-09 06:28:00+00:00,23179.35,23180.9,23176.65,23178.35,0
2026-06-09 06:29:00+00:00,23178.05,23184.95,23177.4,23181.2,0
2026-06-09 06:30:00+00:00,23181.3,23188.0,23179.4,23187.8,0
2026-06-09 06:31:00+00:00,23186.95,23191.4,23186.95,23189.3,0
2026-06-09 06:32:00+00:00,23189.35,23200.0,23188.95,23200.0,0
2026-06-09 06:33:00+00:00,23198.35,23204.5,23187.25,23189.75,0
2026-06-09 06:34:00+00:00,23189.55,23194.95,23182.55,23185.1,0
2026-06-09 06:35:00+00:00,23185.85,23187.35,23180.3,23180.65,0
2026-06-09 06:36:00+00:00,23180.5,23183.4,23176.9,23178.45,0
2026-06-09 06:37:00+00:00,23177.3,23183.3,23177.3,23179.15,0
2026-06-09 06:38:00+00:00,23178.5,23181.6,23177.6,23181.1,0
2026-06-09 06:39:00+00:00,23180.1,23182.4,23177.2,23178.05,0
2026-06-09 06:40:00+00:00,23176.9,23182.75,23176.5,23182.0,0
2026-06-09 06:41:00+00:00,23181.15,23186.3,23181.1,23182.25,0
2026-06-09 06:42:00+00:00,23182.75,23183.4,23179.65,23182.0,0
2026-06-09 06:43:00+00:00,23181.55,23188.6,23180.8,23188.4,0
2026-06-09 06:44:00+00:00,23187.1,23189.95,23185.9,23187.65,0
2026-06-09 06:45:00+00:00,23186.9,23191.8,23184.65,23190.1,0
2026-06-09 06:46:00+00:00,23189.3,23195.4,23189.3,23193.95,0
2026-06-09 06:47:00+00:00,23193.8,23196.65,23192.5,23193.8,0
2026-06-09 06:48:00+00:00,23193.4,23195.55,23192.9,23194.6,0
2026-06-09 06:49:00+00:00,23194.0,23198.85,23192.45,23198.6,0
2026-06-09 06:50:00+00:00,23197.95,23200.55,23193.65,23194.3,0
2026-06-09 06:51:00+00:00,23194.4,23199.45,23194.4,23198.3,0
2026-06-09 06:52:00+00:00,23198.15,23208.6,23198.05,23208.3,0
2026-06-09 06:53:00+00:00,23206.7,23209.4,23201.4,23202.2,0
2026-06-09 06:54:00+00:00,23202.1,23203.65,23195.45,23198.5,0
2026-06-09 06:55:00+00:00,23197.85,23201.85,23195.15,23197.75,0
2026-06-09 06:56:00+00:00,23196.7,23201.05,23196.7,23199.15,0
2026-06-09 06:57:00+00:00,23198.2,23205.7,23198.2,23204.7,0
2026-06-09 06:58:00+00:00,23204.65,23206.7,23203.8,23204.6,0
2026-06-09 06:59:00+00:00,23204.85,23207.15,23203.3,23205.3,0
2026-06-09 07:00:00+00:00,23205.95,23206.8,23202.25,23202.8,0
2026-06-09 07:01:00+00:00,23202.85,23209.05,23201.45,23207.05,0
2026-06-09 07:02:00+00:00,23206.9,23214.9,23206.5,23212.25,0
2026-06-09 07:03:00+00:00,23212.1,23220.2,23211.7,23219.0,0
2026-06-09 07:04:00+00:00,23219.05,23224.7,23217.65,23219.35,0
2026-06-09 07:05:00+00:00,23218.7,23225.95,23218.7,23223.95,0
2026-06-09 07:06:00+00:00,23224.0,23226.65,23220.7,23221.45,0
2026-06-09 07:07:00+00:00,23221.05,23223.0,23214.4,23215.05,0
2026-06-09 07:08:00+00:00,23215.05,23219.7,23213.35,23214.75,0
2026-06-09 07:09:00+00:00,23215.05,23219.75,23212.35,23217.6,0
2026-06-09 07:10:00+00:00,23216.8,23221.25,23215.2,23217.0,0
2026-06-09 07:11:00+00:00,23217.05,23222.45,23216.05,23216.8,0
2026-06-09 07:12:00+00:00,23216.5,23221.15,23211.8,23213.1,0
2026-06-09 07:13:00+00:00,23211.9,23214.8,23196.75,23200.15,0
2026-06-09 07:14:00+00:00,23199.85,23210.55,23198.35,23207.4,0
2026-06-09 07:15:00+00:00,23207.7,23218.7,23205.4,23216.85,0
2026-06-09 07:16:00+00:00,23216.8,23219.35,23202.1,23202.95,0
2026-06-09 07:17:00+00:00,23203.15,23207.1,23201.9,23204.75,0
2026-06-09 07:18:00+00:00,23203.75,23209.1,23203.75,23206.75,0
2026-06-09 07:19:00+00:00,23206.2,23209.1,23203.1,23203.25,0
2026-06-09 07:20:00+00:00,23203.2,23204.4,23190.45,23192.3,0
2026-06-09 07:21:00+00:00,23192.05,23200.75,23191.65,23199.8,0
2026-06-09 07:22:00+00:00,23199.5,23202.25,23197.05,23201.4,0
2026-06-09 07:23:00+00:00,23201.2,23208.55,23201.2,23207.1,0
2026-06-09 07:24:00+00:00,23206.95,23207.7,23198.0,23199.25,0
2026-06-09 07:25:00+00:00,23197.45,23199.7,23192.2,23193.3,0
2026-06-09 07:26:00+00:00,23192.8,23195.25,23186.85,23190.35,0
2026-06-09 07:27:00+00:00,23189.1,23192.85,23182.2,23185.3,0
2026-06-09 07:28:00+00:00,23183.8,23185.6,23177.5,23179.25,0
2026-06-09 07:29:00+00:00,23177.8,23183.05,23177.8,23181.4,0
2026-06-09 07:30:00+00:00,23181.15,23200.45,23181.15,23193.0,0
2026-06-09 07:31:00+00:00,23192.7,23198.55,23192.1,23196.1,0
2026-06-09 07:32:00+00:00,23194.9,23201.85,23194.9,23199.85,0
2026-06-09 07:33:00+00:00,23199.1,23203.4,23195.75,23202.0,0
2026-06-09 07:34:00+00:00,23201.9,23202.8,23192.65,23193.65,0
2026-06-09 07:35:00+00:00,23192.55,23195.5,23186.15,23186.35,0
2026-06-09 07:36:00+00:00,23185.45,23199.0,23185.1,23197.65,0
2026-06-09 07:37:00+00:00,23198.15,23201.55,23193.2,23195.3,0
2026-06-09 07:38:00+00:00,23195.65,23198.0,23191.9,23192.45,0
2026-06-09 07:39:00+00:00,23191.7,23194.25,23185.5,23187.3,0
2026-06-09 07:40:00+00:00,23186.6,23195.65,23185.7,23193.55,0
2026-06-09 07:41:00+00:00,23193.35,23203.05,23192.9,23197.25,0
2026-06-09 07:42:00+00:00,23195.75,23203.8,23195.4,23202.75,0
2026-06-09 07:43:00+00:00,23202.3,23211.3,23201.65,23209.6,0
2026-06-09 07:44:00+00:00,23210.1,23212.05,23207.5,23208.75,0
2026-06-09 07:45:00+00:00,23208.05,23222.95,23208.05,23222.1,0
2026-06-09 07:46:00+00:00,23221.8,23223.2,23212.9,23214.05,0
2026-06-09 07:47:00+00:00,23213.5,23213.95,23207.45,23210.05,0
2026-06-09 07:48:00+00:00,23209.7,23211.3,23200.15,23202.3,0
2026-06-09 07:49:00+00:00,23202.4,23204.9,23198.9,23203.85,0
2026-06-09 07:50:00+00:00,23202.85,23204.75,23200.7,23201.15,0
2026-06-09 07:51:00+00:00,23200.35,23207.25,23200.35,23205.6,0
2026-06-09 07:52:00+00:00,23205.35,23207.5,23197.55,23198.95,0
2026-06-09 07:53:00+00:00,23197.55,23202.3,23193.9,23198.7,0
2026-06-09 07:54:00+00:00,23198.15,23200.95,23195.25,23200.0,0
2026-06-09 07:55:00+00:00,23199.9,23204.3,23199.55,23201.55,0
2026-06-09 07:56:00+00:00,23201.15,23203.7,23195.4,23196.65,0
2026-06-09 07:57:00+00:00,23196.2,23199.9,23194.25,23197.6,0
2026-06-09 07:58:00+00:00,23196.05,23205.1,23194.7,23203.25,0
2026-06-09 07:59:00+00:00,23203.2,23205.85,23202.0,23204.65,0
2026-06-09 08:00:00+00:00,23203.85,23206.5,23196.8,23198.35,0
2026-06-09 08:01:00+00:00,23198.0,23199.75,23186.8,23192.05,0
2026-06-09 08:02:00+00:00,23191.4,23199.0,23190.35,23190.35,0
2026-06-09 08:03:00+00:00,23189.6,23192.2,23187.05,23190.2,0
2026-06-09 08:04:00+00:00,23189.8,23203.35,23189.7,23200.65,0
2026-06-09 08:05:00+00:00,23200.75,23201.95,23195.05,23198.55,0
2026-06-09 08:06:00+00:00,23198.35,23211.15,23198.35,23209.6,0
2026-06-09 08:07:00+00:00,23209.15,23211.9,23205.15,23211.1,0
2026-06-09 08:08:00+00:00,23210.2,23214.05,23208.75,23209.15,0
2026-06-09 08:09:00+00:00,23208.5,23216.95,23206.3,23215.4,0
2026-06-09 08:10:00+00:00,23216.0,23216.85,23210.2,23210.2,0
2026-06-09 08:11:00+00:00,23210.9,23211.9,23207.9,23209.2,0
2026-06-09 08:12:00+00:00,23208.45,23210.25,23202.05,23205.9,0
2026-06-09 08:13:00+00:00,23205.3,23222.25,23205.3,23217.95,0
2026-06-09 08:14:00+00:00,23217.8,23220.2,23213.75,23218.65,0
2026-06-09 08:15:00+00:00,23218.4,23220.45,23215.95,23216.45,0
2026-06-09 08:16:00+00:00,23216.75,23217.8,23207.5,23208.1,0
2026-06-09 08:17:00+00:00,23207.5,23210.7,23202.1,23207.1,0
2026-06-09 08:18:00+00:00,23206.35,23212.55,23205.75,23208.8,0
2026-06-09 08:19:00+00:00,23208.8,23212.7,23204.8,23206.65,0
2026-06-09 08:20:00+00:00,23206.25,23209.4,23204.8,23208.9,0
2026-06-09 08:21:00+00:00,23208.75,23210.1,23201.2,23201.2,0
2026-06-09 08:22:00+00:00,23200.6,23202.6,23194.0,23197.5,0
2026-06-09 08:23:00+00:00,23195.5,23199.9,23194.5,23197.85,0
2026-06-09 08:24:00+00:00,23197.2,23199.25,23192.05,23192.95,0
2026-06-09 08:25:00+00:00,23192.35,23197.05,23191.95,23195.95,0
2026-06-09 08:26:00+00:00,23195.05,23195.4,23178.05,23178.8,0
2026-06-09 08:27:00+00:00,23178.6,23185.7,23178.15,23179.65,0
2026-06-09 08:28:00+00:00,23178.65,23181.6,23175.3,23180.9,0
2026-06-09 08:29:00+00:00,23180.5,23191.2,23180.5,23189.65,0
2026-06-09 08:30:00+00:00,23188.7,23191.0,23185.4,23187.95,0
2026-06-09 08:31:00+00:00,23187.55,23188.7,23178.45,23182.05,0
2026-06-09 08:32:00+00:00,23181.65,23189.45,23181.65,23187.6,0
2026-06-09 08:33:00+00:00,23186.9,23187.95,23183.75,23185.4,0
2026-06-09 08:34:00+00:00,23184.85,23188.8,23184.85,23187.0,0
2026-06-09 08:35:00+00:00,23186.6,23195.25,23185.9,23194.75,0
2026-06-09 08:36:00+00:00,23194.55,23196.95,23189.2,23196.05,0
2026-06-09 08:37:00+00:00,23195.8,23198.75,23193.15,23198.0,0
2026-06-09 08:38:00+00:00,23197.15,23203.3,23197.15,23203.15,0
2026-06-09 08:39:00+00:00,23202.65,23208.8,23201.3,23208.0,0
2026-06-09 08:40:00+00:00,23207.2,23210.05,23204.3,23207.55,0
2026-06-09 08:41:00+00:00,23207.5,23211.8,23207.3,23211.45,0
2026-06-09 08:42:00+00:00,23210.1,23218.25,23209.65,23217.85,0
2026-06-09 08:43:00+00:00,23217.5,23218.65,23207.35,23208.0,0
2026-06-09 08:44:00+00:00,23208.4,23210.95,23206.05,23206.05,0
2026-06-09 08:45:00+00:00,23207.35,23208.6,23201.2,23202.2,0
2026-06-09 08:46:00+00:00,23202.05,23204.45,23199.7,23201.5,0
2026-06-09 08:47:00+00:00,23202.0,23212.05,23201.6,23210.45,0
2026-06-09 08:48:00+00:00,23210.6,23211.75,23206.5,23207.55,0
2026-06-09 08:49:00+00:00,23207.35,23210.3,23205.3,23206.05,0
2026-06-09 08:50:00+00:00,23205.4,23206.8,23200.95,23201.8,0
2026-06-09 08:51:00+00:00,23201.4,23203.05,23193.8,23194.0,0
2026-06-09 08:52:00+00:00,23193.4,23195.3,23191.5,23192.25,0
2026-06-09 08:53:00+00:00,23191.65,23194.15,23189.35,23189.35,0
2026-06-09 08:54:00+00:00,23189.6,23196.95,23187.3,23195.15,0
2026-06-09 08:55:00+00:00,23195.4,23211.3,23194.9,23210.75,0
2026-06-09 08:56:00+00:00,23209.9,23211.3,23201.0,23203.1,0
2026-06-09 08:57:00+00:00,23203.1,23205.9,23201.6,23205.25,0
2026-06-09 08:58:00+00:00,23204.65,23210.65,23204.65,23210.35,0
2026-06-09 08:59:00+00:00,23209.9,23217.05,23209.3,23216.85,0
2026-06-09 09:00:00+00:00,23214.95,23217.3,23210.05,23211.85,0
2026-06-09 09:01:00+00:00,23211.25,23214.25,23203.0,23212.9,0
2026-06-09 09:02:00+00:00,23212.2,23214.95,23208.0,23210.15,0
2026-06-09 09:03:00+00:00,23211.3,23217.45,23211.3,23213.3,0
2026-06-09 09:04:00+00:00,23213.55,23216.6,23213.05,23216.5,0
2026-06-09 09:05:00+00:00,23216.65,23218.65,23213.5,23213.85,0
2026-06-09 09:06:00+00:00,23213.25,23217.85,23208.55,23208.9,0
2026-06-09 09:07:00+00:00,23208.05,23221.1,23207.55,23219.75,0
2026-06-09 09:08:00+00:00,23219.4,23226.95,23218.15,23226.4,0
2026-06-09 09:09:00+00:00,23226.15,23242.95,23226.15,23241.45,0
2026-06-09 09:10:00+00:00,23241.55,23252.15,23240.9,23252.15,0
2026-06-09 09:11:00+00:00,23251.5,23261.15,23251.5,23253.9,0
2026-06-09 09:12:00+00:00,23254.1,23257.25,23245.35,23246.35,0
2026-06-09 09:13:00+00:00,23246.0,23247.9,23238.15,23246.7,0
2026-06-09 09:14:00+00:00,23247.05,23256.35,23246.95,23251.15,0
2026-06-09 09:15:00+00:00,23251.1,23253.2,23245.9,23249.7,0
2026-06-09 09:16:00+00:00,23247.9,23250.3,23243.8,23244.4,0
2026-06-09 09:17:00+00:00,23243.65,23249.65,23242.4,23243.1,0
2026-06-09 09:18:00+00:00,23243.4,23247.3,23239.45,23241.05,0
2026-06-09 09:19:00+00:00,23239.9,23245.8,23239.85,23241.3,0
2026-06-09 09:20:00+00:00,23240.95,23252.2,23239.7,23249.25,0
2026-06-09 09:21:00+00:00,23248.85,23253.25,23248.45,23251.15,0
2026-06-09 09:22:00+00:00,23251.55,23252.8,23241.75,23249.25,0
2026-06-09 09:23:00+00:00,23249.6,23266.95,23248.9,23263.1,0
2026-06-09 09:24:00+00:00,23262.65,23269.05,23260.95,23267.25,0
2026-06-09 09:25:00+00:00,23266.4,23271.75,23266.25,23269.3,0
2026-06-09 09:26:00+00:00,23269.45,23276.75,23267.6,23275.7,0
2026-06-09 09:27:00+00:00,23275.8,23279.4,23267.45,23268.85,0
2026-06-09 09:28:00+00:00,23267.95,23275.3,23265.9,23271.45,0
2026-06-09 09:29:00+00:00,23271.8,23276.7,23270.8,23274.65,0
2026-06-09 09:30:00+00:00,23272.9,23272.9,23235.1,23238.25,0
2026-06-09 09:31:00+00:00,23238.65,23243.65,23233.9,23235.35,0
2026-06-09 09:32:00+00:00,23236.15,23237.95,23230.5,23234.6,0
2026-06-09 09:33:00+00:00,23234.35,23243.65,23234.0,23239.95,0
2026-06-09 09:34:00+00:00,23239.95,23242.95,23235.05,23237.9,0
2026-06-09 09:35:00+00:00,23239.7,23256.3,23239.7,23254.9,0
2026-06-09 09:36:00+00:00,23255.3,23260.05,23247.3,23248.65,0
2026-06-09 09:37:00+00:00,23247.85,23251.75,23241.25,23242.85,0
2026-06-09 09:38:00+00:00,23242.4,23261.8,23241.0,23258.9,0
2026-06-09 09:39:00+00:00,23257.7,23265.45,23251.85,23263.7,0
2026-06-09 09:40:00+00:00,23262.5,23265.65,23245.8,23249.75,0
2026-06-09 09:41:00+00:00,23249.05,23254.3,23246.35,23246.35,0
2026-06-09 09:42:00+00:00,23246.95,23249.8,23244.05,23246.5,0
2026-06-09 09:43:00+00:00,23247.3,23248.15,23241.3,23242.25,0
2026-06-09 09:44:00+00:00,23242.15,23247.75,23242.15,23244.2,0
2026-06-09 09:45:00+00:00,23242.7,23244.25,23231.9,23238.0,0
2026-06-09 09:46:00+00:00,23237.45,23238.35,23233.95,23235.8,0
2026-06-09 09:47:00+00:00,23235.8,23241.35,23233.0,23233.0,0
2026-06-09 09:48:00+00:00,23234.6,23235.75,23225.05,23234.15,0
2026-06-09 09:49:00+00:00,23234.35,23236.4,23230.3,23231.1,0
2026-06-09 09:50:00+00:00,23230.55,23235.85,23228.8,23233.1,0
2026-06-09 09:51:00+00:00,23234.7,23243.5,23231.75,23242.1,0
2026-06-09 09:52:00+00:00,23242.3,23243.3,23238.1,23238.95,0
2026-06-09 09:53:00+00:00,23238.55,23242.1,23234.1,23238.9,0
2026-06-09 09:54:00+00:00,23239.75,23243.15,23235.4,23239.7,0
2026-06-09 09:55:00+00:00,23240.7,23243.15,23236.7,23241.0,0
2026-06-09 09:56:00+00:00,23241.15,23245.6,23238.85,23243.55,0
2026-06-09 09:57:00+00:00,23244.65,23247.55,23242.0,23245.9,0
2026-06-09 09:58:00+00:00,23246.2,23251.1,23243.25,23246.45,0
2026-06-09 09:59:00+00:00,23247.2,23261.05,23245.2,23257.75,0
2026-06-10 03:45:00+00:00,23233.95,23292.05,23217.3,23290.4,0
2026-06-10 03:46:00+00:00,23288.4,23328.9,23288.4,23327.7,0
2026-06-10 03:47:00+00:00,23326.95,23337.8,23326.0,23327.95,0
2026-06-10 03:48:00+00:00,23328.25,23350.2,23325.45,23344.25,0
2026-06-10 03:49:00+00:00,23345.3,23346.9,23322.65,23326.4,0
2026-06-10 03:50:00+00:00,23326.8,23331.9,23311.65,23311.95,0
2026-06-10 03:51:00+00:00,23312.8,23323.15,23310.0,23312.0,0
2026-06-10 03:52:00+00:00,23311.15,23315.75,23304.15,23308.05,0
2026-06-10 03:53:00+00:00,23308.2,23314.75,23299.0,23311.5,0
2026-06-10 03:54:00+00:00,23312.25,23330.4,23308.95,23326.75,0
2026-06-10 03:55:00+00:00,23326.35,23329.6,23315.9,23323.3,0
2026-06-10 03:56:00+00:00,23323.15,23332.55,23321.45,23329.95,0
2026-06-10 03:57:00+00:00,23328.7,23333.55,23320.25,23331.55,0
2026-06-10 03:58:00+00:00,23331.0,23336.0,23323.15,23326.3,0
2026-06-10 03:59:00+00:00,23326.45,23340.75,23325.5,23339.75,0
2026-06-10 04:00:00+00:00,23339.45,23351.3,23334.3,23336.1,0
2026-06-10 04:01:00+00:00,23336.1,23347.45,23336.05,23339.2,0
2026-06-10 04:02:00+00:00,23338.2,23342.0,23329.7,23337.75,0
2026-06-10 04:03:00+00:00,23337.8,23345.35,23334.8,23345.15,0
2026-06-10 04:04:00+00:00,23344.9,23349.9,23342.65,23349.9,0
2026-06-10 04:05:00+00:00,23350.35,23350.95,23340.5,23340.5,0
2026-06-10 04:06:00+00:00,23341.4,23344.3,23338.0,23338.8,0
2026-06-10 04:07:00+00:00,23338.8,23344.5,23336.9,23339.35,0
2026-06-10 04:08:00+00:00,23339.15,23340.3,23334.15,23339.35,0
2026-06-10 04:09:00+00:00,23338.75,23342.85,23337.15,23337.8,0
2026-06-10 04:10:00+00:00,23338.4,23345.5,23335.0,23345.35,0
2026-06-10 04:11:00+00:00,23345.15,23348.75,23342.85,23348.0,0
2026-06-10 04:12:00+00:00,23347.85,23349.5,23341.75,23345.8,0
2026-06-10 04:13:00+00:00,23345.4,23355.25,23345.25,23353.8,0
2026-06-10 04:14:00+00:00,23354.6,23356.9,23350.3,23355.05,0
2026-06-10 04:15:00+00:00,23353.7,23358.15,23353.2,23355.05,0
2026-06-10 04:16:00+00:00,23355.7,23369.75,23354.5,23369.45,0
2026-06-10 04:17:00+00:00,23369.45,23378.25,23366.9,23377.75,0
2026-06-10 04:18:00+00:00,23379.6,23380.65,23370.35,23376.6,0
2026-06-10 04:19:00+00:00,23376.75,23381.45,23375.35,23379.15,0
2026-06-10 04:20:00+00:00,23380.0,23380.8,23372.15,23374.65,0
2026-06-10 04:21:00+00:00,23375.25,23379.45,23372.85,23373.85,0
2026-06-10 04:22:00+00:00,23375.15,23377.2,23371.8,23375.2,0
2026-06-10 04:23:00+00:00,23376.35,23376.8,23372.2,23374.35,0
2026-06-10 04:24:00+00:00,23375.25,23375.25,23368.7,23372.5,0
2026-06-10 04:25:00+00:00,23374.2,23380.85,23371.65,23377.7,0
2026-06-10 04:26:00+00:00,23379.55,23381.15,23373.0,23379.15,0
2026-06-10 04:27:00+00:00,23379.55,23384.45,23375.3,23375.3,0
2026-06-10 04:28:00+00:00,23377.05,23377.5,23371.2,23374.75,0
2026-06-10 04:29:00+00:00,23376.3,23376.3,23364.75,23366.6,0
2026-06-10 04:30:00+00:00,23366.6,23370.55,23365.05,23368.9,0
2026-06-10 04:31:00+00:00,23368.25,23368.9,23361.5,23363.55,0
2026-06-10 04:32:00+00:00,23363.95,23365.35,23353.3,23353.9,0
2026-06-10 04:33:00+00:00,23353.65,23356.5,23346.95,23348.5,0
2026-06-10 04:34:00+00:00,23347.95,23352.25,23345.45,23350.8,0
2026-06-10 04:35:00+00:00,23350.5,23350.85,23343.05,23347.35,0
2026-06-10 04:36:00+00:00,23347.55,23348.45,23343.65,23343.65,0
2026-06-10 04:37:00+00:00,23343.8,23353.45,23343.35,23353.25,0
2026-06-10 04:38:00+00:00,23353.8,23360.05,23352.15,23354.8,0
2026-06-10 04:39:00+00:00,23355.25,23355.3,23348.9,23350.85,0
2026-06-10 04:40:00+00:00,23351.85,23357.1,23350.75,23354.5,0
2026-06-10 04:41:00+00:00,23354.4,23355.75,23340.8,23340.8,0
2026-06-10 04:42:00+00:00,23341.4,23344.65,23337.5,23343.55,0
2026-06-10 04:43:00+00:00,23343.0,23344.0,23335.6,23336.4,0
2026-06-10 04:44:00+00:00,23336.1,23336.1,23317.0,23317.0,0
2026-06-10 04:45:00+00:00,23317.3,23318.55,23305.8,23310.6,0
2026-06-10 04:46:00+00:00,23310.8,23323.6,23307.95,23320.95,0
2026-06-10 04:47:00+00:00,23321.05,23326.05,23319.7,23320.8,0
2026-06-10 04:48:00+00:00,23320.6,23326.6,23318.15,23326.6,0
2026-06-10 04:49:00+00:00,23325.9,23336.55,23325.0,23334.65,0
2026-06-10 04:50:00+00:00,23334.7,23338.35,23329.7,23330.0,0
2026-06-10 04:51:00+00:00,23330.4,23331.4,23324.45,23325.6,0
2026-06-10 04:52:00+00:00,23325.8,23326.8,23319.85,23319.9,0
2026-06-10 04:53:00+00:00,23319.75,23322.95,23316.55,23317.8,0
2026-06-10 04:54:00+00:00,23317.45,23322.65,23315.95,23322.65,0
2026-06-10 04:55:00+00:00,23322.5,23323.15,23315.55,23316.35,0
2026-06-10 04:56:00+00:00,23316.3,23317.95,23313.0,23314.25,0
2026-06-10 04:57:00+00:00,23315.05,23320.4,23315.05,23317.25,0
2026-06-10 04:58:00+00:00,23317.25,23319.4,23315.8,23316.55,0
2026-06-10 04:59:00+00:00,23316.4,23319.8,23314.75,23319.4,0
2026-06-10 05:00:00+00:00,23319.4,23322.05,23317.7,23321.25,0
2026-06-10 05:01:00+00:00,23321.5,23322.55,23319.1,23321.7,0
2026-06-10 05:02:00+00:00,23321.55,23327.3,23319.7,23326.4,0
2026-06-10 05:03:00+00:00,23326.7,23332.7,23323.65,23332.5,0
2026-06-10 05:04:00+00:00,23332.8,23338.1,23332.65,23337.35,0
2026-06-10 05:05:00+00:00,23337.1,23345.0,23337.0,23344.1,0
2026-06-10 05:06:00+00:00,23344.3,23350.95,23343.3,23350.55,0
2026-06-10 05:07:00+00:00,23350.85,23351.05,23347.95,23350.7,0
2026-06-10 05:08:00+00:00,23350.3,23351.55,23343.4,23345.85,0
2026-06-10 05:09:00+00:00,23345.55,23346.4,23332.9,23333.25,0
2026-06-10 05:10:00+00:00,23333.55,23337.5,23329.55,23337.1,0
2026-06-10 05:11:00+00:00,23336.4,23342.75,23335.75,23338.15,0
2026-06-10 05:12:00+00:00,23337.9,23344.15,23334.7,23342.45,0
2026-06-10 05:13:00+00:00,23342.55,23347.8,23340.7,23346.3,0
2026-06-10 05:14:00+00:00,23346.3,23347.9,23343.35,23345.95,0
2026-06-10 05:15:00+00:00,23345.8,23350.5,23344.55,23346.05,0
2026-06-10 05:16:00+00:00,23346.1,23346.65,23341.45,23343.7,0
2026-06-10 05:17:00+00:00,23343.65,23346.45,23342.8,23344.6,0
2026-06-10 05:18:00+00:00,23344.9,23346.3,23343.05,23343.45,0
2026-06-10 05:19:00+00:00,23343.45,23353.5,23341.85,23352.35,0
2026-06-10 05:20:00+00:00,23352.25,23352.7,23346.05,23348.8,0
2026-06-10 05:21:00+00:00,23349.5,23356.95,23346.6,23356.85,0
2026-06-10 05:22:00+00:00,23357.15,23363.05,23356.35,23361.7,0
2026-06-10 05:23:00+00:00,23361.35,23363.2,23357.1,23359.1,0
2026-06-10 05:24:00+00:00,23358.7,23362.8,23357.65,23361.7,0
2026-06-10 05:25:00+00:00,23361.2,23365.15,23356.3,23356.85,0
2026-06-10 05:26:00+00:00,23356.55,23359.15,23350.5,23351.9,0
2026-06-10 05:27:00+00:00,23352.25,23362.75,23351.4,23362.35,0
2026-06-10 05:28:00+00:00,23362.95,23374.1,23362.7,23371.6,0
2026-06-10 05:29:00+00:00,23371.6,23378.55,23368.9,23378.55,0
2026-06-10 05:30:00+00:00,23378.55,23384.3,23367.3,23367.3,0
2026-06-10 05:31:00+00:00,23367.8,23369.6,23362.85,23367.45,0
2026-06-10 05:32:00+00:00,23367.5,23376.05,23367.45,23375.15,0
2026-06-10 05:33:00+00:00,23374.85,23376.9,23373.0,23375.05,0
2026-06-10 05:34:00+00:00,23375.3,23380.4,23372.95,23378.5,0
2026-06-10 05:35:00+00:00,23378.1,23378.9,23368.7,23369.3,0
2026-06-10 05:36:00+00:00,23369.2,23373.2,23363.1,23363.85,0
2026-06-10 05:37:00+00:00,23363.1,23373.7,23363.1,23373.0,0
2026-06-10 05:38:00+00:00,23372.4,23374.5,23369.9,23373.65,0
2026-06-10 05:39:00+00:00,23373.5,23379.2,23372.65,23377.4,0
2026-06-10 05:40:00+00:00,23377.3,23383.1,23376.25,23381.9,0
2026-06-10 05:41:00+00:00,23381.85,23388.9,23379.65,23380.95,0
2026-06-10 05:42:00+00:00,23380.7,23382.3,23376.4,23379.35,0
2026-06-10 05:43:00+00:00,23379.95,23382.2,23375.65,23381.9,0
2026-06-10 05:44:00+00:00,23381.45,23383.45,23372.9,23373.65,0
2026-06-10 05:45:00+00:00,23373.65,23382.9,23372.05,23382.6,0
2026-06-10 05:46:00+00:00,23382.45,23383.05,23371.4,23374.35,0
2026-06-10 05:47:00+00:00,23374.35,23375.05,23366.9,23371.2,0
2026-06-10 05:48:00+00:00,23371.4,23371.65,23363.95,23366.05,0
2026-06-10 05:49:00+00:00,23366.2,23367.4,23360.45,23360.45,0
2026-06-10 05:50:00+00:00,23360.8,23367.55,23359.95,23366.3,0
2026-06-10 05:51:00+00:00,23366.35,23369.7,23364.4,23369.5,0
2026-06-10 05:52:00+00:00,23369.15,23371.9,23366.45,23370.4,0
2026-06-10 05:53:00+00:00,23370.35,23375.4,23370.25,23372.8,0
2026-06-10 05:54:00+00:00,23372.7,23379.5,23372.5,23378.35,0
2026-06-10 05:55:00+00:00,23378.3,23379.4,23375.6,23378.45,0
2026-06-10 05:56:00+00:00,23378.95,23387.2,23377.05,23386.8,0
2026-06-10 05:57:00+00:00,23386.25,23398.1,23384.5,23390.7,0
2026-06-10 05:58:00+00:00,23390.7,23393.65,23386.7,23391.4,0
2026-06-10 05:59:00+00:00,23390.85,23398.1,23390.15,23396.75,0
2026-06-10 06:00:00+00:00,23396.9,23400.2,23385.85,23386.3,0
2026-06-10 06:01:00+00:00,23386.1,23392.8,23386.1,23392.1,0
2026-06-10 06:02:00+00:00,23391.85,23393.75,23388.7,23390.3,0
2026-06-10 06:03:00+00:00,23390.45,23394.35,23388.85,23390.95,0
2026-06-10 06:04:00+00:00,23391.8,23393.65,23388.3,23388.55,0
2026-06-10 06:05:00+00:00,23388.45,23394.45,23386.7,23393.7,0
2026-06-10 06:06:00+00:00,23392.95,23396.5,23390.6,23393.55,0
2026-06-10 06:07:00+00:00,23394.05,23397.5,23392.45,23395.95,0
2026-06-10 06:08:00+00:00,23395.55,23403.1,23394.15,23401.8,0
2026-06-10 06:09:00+00:00,23401.2,23408.4,23398.15,23406.15,0
2026-06-10 06:10:00+00:00,23406.5,23409.8,23398.2,23400.4,0
2026-06-10 06:11:00+00:00,23400.65,23405.5,23397.4,23404.85,0
2026-06-10 06:12:00+00:00,23404.65,23405.5,23399.25,23402.8,0
2026-06-10 06:13:00+00:00,23402.0,23404.25,23400.85,23403.95,0
2026-06-10 06:14:00+00:00,23404.05,23407.8,23400.45,23406.0,0
2026-06-10 06:15:00+00:00,23405.95,23406.3,23398.6,23401.0,0
2026-06-10 06:16:00+00:00,23401.05,23401.35,23394.15,23395.25,0
2026-06-10 06:17:00+00:00,23395.1,23396.2,23389.5,23394.1,0
2026-06-10 06:18:00+00:00,23393.95,23396.6,23393.25,23395.15,0
2026-06-10 06:19:00+00:00,23396.0,23400.85,23395.55,23400.05,0
2026-06-10 06:20:00+00:00,23399.95,23401.9,23397.0,23399.05,0
2026-06-10 06:21:00+00:00,23399.6,23402.85,23397.75,23399.7,0
2026-06-10 06:22:00+00:00,23399.4,23400.05,23393.05,23393.4,0
2026-06-10 06:23:00+00:00,23393.45,23397.75,23389.7,23397.3,0
2026-06-10 06:24:00+00:00,23397.2,23399.6,23394.6,23396.35,0
2026-06-10 06:25:00+00:00,23396.25,23396.95,23393.9,23394.85,0
2026-06-10 06:26:00+00:00,23394.65,23400.4,23393.8,23398.5,0
2026-06-10 06:27:00+00:00,23399.1,23403.65,23398.4,23400.85,0
2026-06-10 06:28:00+00:00,23400.8,23402.05,23399.25,23400.55,0
2026-06-10 06:29:00+00:00,23400.05,23403.7,23398.45,23402.8,0
2026-06-10 06:30:00+00:00,23403.3,23404.65,23401.85,23403.5,0
2026-06-10 06:31:00+00:00,23403.15,23403.8,23394.25,23394.75,0
2026-06-10 06:32:00+00:00,23394.75,23396.15,23384.75,23385.15,0
2026-06-10 06:33:00+00:00,23385.65,23386.75,23376.45,23376.55,0
2026-06-10 06:34:00+00:00,23376.8,23385.3,23376.55,23381.85,0
2026-06-10 06:35:00+00:00,23382.05,23382.75,23378.1,23380.25,0
2026-06-10 06:36:00+00:00,23380.3,23387.9,23378.9,23386.75,0
2026-06-10 06:37:00+00:00,23386.55,23395.7,23386.55,23390.25,0
2026-06-10 06:38:00+00:00,23390.2,23393.25,23389.4,23390.0,0
2026-06-10 06:39:00+00:00,23390.3,23391.35,23387.8,23390.3,0
2026-06-10 06:40:00+00:00,23390.25,23391.4,23386.95,23387.95,0
2026-06-10 06:41:00+00:00,23386.8,23388.05,23383.3,23387.7,0
2026-06-10 06:42:00+00:00,23388.0,23396.55,23387.2,23395.05,0
2026-06-10 06:43:00+00:00,23395.25,23396.15,23389.9,23390.85,0
2026-06-10 06:44:00+00:00,23391.3,23395.45,23390.6,23395.4,0
2026-06-10 06:45:00+00:00,23395.25,23396.15,23392.25,23395.55,0
2026-06-10 06:46:00+00:00,23395.35,23395.95,23392.15,23393.8,0
2026-06-10 06:47:00+00:00,23393.8,23394.5,23384.55,23394.1,0
2026-06-10 06:48:00+00:00,23393.75,23397.25,23388.85,23388.95,0
2026-06-10 06:49:00+00:00,23389.85,23391.1,23388.35,23390.35,0
2026-06-10 06:50:00+00:00,23390.6,23392.45,23388.2,23390.4,0
2026-06-10 06:51:00+00:00,23390.45,23392.3,23387.85,23388.7,0
2026-06-10 06:52:00+00:00,23389.25,23391.35,23388.15,23389.65,0
2026-06-10 06:53:00+00:00,23389.2,23389.45,23380.4,23382.55,0
2026-06-10 06:54:00+00:00,23382.75,23382.8,23376.1,23377.65,0
2026-06-10 06:55:00+00:00,23377.6,23381.1,23374.7,23378.5,0
2026-06-10 06:56:00+00:00,23377.55,23380.4,23375.5,23376.9,0
2026-06-10 06:57:00+00:00,23376.45,23380.55,23374.3,23380.55,0
2026-06-10 06:58:00+00:00,23380.1,23381.2,23376.65,23378.3,0
2026-06-10 06:59:00+00:00,23377.9,23380.1,23375.1,23375.25,0
2026-06-10 07:00:00+00:00,23375.95,23381.35,23375.75,23376.6,0
2026-06-10 07:01:00+00:00,23377.65,23379.7,23376.0,23377.3,0
2026-06-10 07:02:00+00:00,23376.95,23378.45,23375.3,23376.75,0
2026-06-10 07:03:00+00:00,23376.8,23377.85,23373.6,23374.25,0
2026-06-10 07:04:00+00:00,23374.7,23378.15,23372.6,23374.15,0
2026-06-10 07:05:00+00:00,23374.2,23377.15,23372.55,23376.45,0
2026-06-10 07:06:00+00:00,23376.45,23380.5,23376.45,23377.0,0
2026-06-10 07:07:00+00:00,23376.4,23377.8,23370.8,23376.05,0
2026-06-10 07:08:00+00:00,23376.1,23378.7,23374.75,23375.05,0
2026-06-10 07:09:00+00:00,23375.4,23377.15,23371.7,23373.15,0
2026-06-10 07:10:00+00:00,23373.05,23373.2,23365.95,23367.35,0
2026-06-10 07:11:00+00:00,23367.15,23370.55,23362.55,23362.7,0
2026-06-10 07:12:00+00:00,23363.25,23364.0,23355.6,23355.65,0
2026-06-10 07:13:00+00:00,23355.35,23356.45,23346.7,23347.1,0
2026-06-10 07:14:00+00:00,23346.8,23350.5,23346.6,23347.75,0
2026-06-10 07:15:00+00:00,23347.85,23348.8,23333.2,23344.65,0
2026-06-10 07:16:00+00:00,23344.3,23350.05,23342.9,23347.75,0
2026-06-10 07:17:00+00:00,23347.2,23357.9,23346.65,23354.8,0
2026-06-10 07:18:00+00:00,23354.75,23364.35,23354.75,23363.1,0
2026-06-10 07:19:00+00:00,23363.3,23364.1,23359.15,23361.65,0
2026-06-10 07:20:00+00:00,23362.35,23368.6,23362.3,23366.15,0
2026-06-10 07:21:00+00:00,23366.8,23371.9,23363.85,23370.05,0
2026-06-10 07:22:00+00:00,23371.4,23381.65,23370.15,23380.55,0
2026-06-10 07:23:00+00:00,23380.65,23384.85,23378.45,23383.2,0
2026-06-10 07:24:00+00:00,23383.2,23385.45,23379.1,23380.35,0
2026-06-10 07:25:00+00:00,23380.7,23381.8,23369.2,23371.2,0
2026-06-10 07:26:00+00:00,23370.85,23371.75,23365.35,23365.7,0
2026-06-10 07:27:00+00:00,23365.1,23368.8,23363.75,23365.45,0
2026-06-10 07:28:00+00:00,23365.9,23374.65,23364.6,23374.05,0
2026-06-10 07:29:00+00:00,23374.2,23380.4,23373.45,23380.05,0
2026-06-10 07:30:00+00:00,23380.05,23389.9,23380.0,23389.1,0
2026-06-10 07:31:00+00:00,23389.75,23393.25,23389.45,23390.9,0
2026-06-10 07:32:00+00:00,23391.1,23395.0,23391.1,23393.2,0
2026-06-10 07:33:00+00:00,23392.45,23409.15,23392.45,23408.25,0
2026-06-10 07:34:00+00:00,23407.95,23418.15,23407.95,23416.45,0
2026-06-10 07:35:00+00:00,23417.35,23425.35,23414.9,23415.65,0
2026-06-10 07:36:00+00:00,23416.0,23418.95,23408.65,23410.95,0
2026-06-10 07:37:00+00:00,23411.35,23416.9,23409.65,23415.3,0
2026-06-10 07:38:00+00:00,23414.55,23416.35,23403.6,23404.75,0
2026-06-10 07:39:00+00:00,23404.9,23414.55,23404.8,23412.75,0
2026-06-10 07:40:00+00:00,23412.4,23420.05,23412.05,23415.1,0
2026-06-10 07:41:00+00:00,23414.95,23418.3,23413.05,23415.7,0
2026-06-10 07:42:00+00:00,23416.3,23417.8,23406.4,23409.7,0
2026-06-10 07:43:00+00:00,23409.35,23410.85,23402.45,23406.55,0
2026-06-10 07:44:00+00:00,23406.15,23406.8,23400.85,23405.15,0
2026-06-10 07:45:00+00:00,23405.65,23406.05,23399.8,23405.85,0
2026-06-10 07:46:00+00:00,23405.5,23410.3,23403.7,23404.15,0
2026-06-10 07:47:00+00:00,23404.25,23409.05,23399.4,23403.1,0
2026-06-10 07:48:00+00:00,23402.9,23404.85,23400.2,23402.7,0
2026-06-10 07:49:00+00:00,23402.25,23402.9,23395.95,23396.85,0
2026-06-10 07:50:00+00:00,23397.0,23398.2,23389.8,23391.85,0
2026-06-10 07:51:00+00:00,23391.85,23397.15,23391.85,23395.45,0
2026-06-10 07:52:00+00:00,23395.95,23396.15,23391.95,23392.5,0
2026-06-10 07:53:00+00:00,23392.65,23393.05,23378.45,23380.2,0
2026-06-10 07:54:00+00:00,23380.65,23382.5,23372.5,23373.15,0
2026-06-10 07:55:00+00:00,23373.35,23382.3,23371.75,23380.55,0
2026-06-10 07:56:00+00:00,23381.25,23387.05,23381.0,23383.4,0
2026-06-10 07:57:00+00:00,23383.7,23398.75,23383.7,23397.35,0
2026-06-10 07:58:00+00:00,23396.1,23401.0,23392.45,23401.0,0
2026-06-10 07:59:00+00:00,23401.25,23401.4,23396.0,23398.3,0
2026-06-10 08:00:00+00:00,23397.95,23405.1,23394.35,23396.3,0
2026-06-10 08:01:00+00:00,23396.15,23405.2,23394.75,23402.15,0
2026-06-10 08:02:00+00:00,23401.65,23407.35,23387.1,23389.45,0
2026-06-10 08:03:00+00:00,23390.25,23390.25,23377.2,23379.95,0
2026-06-10 08:04:00+00:00,23379.4,23383.8,23378.45,23381.65,0
2026-06-10 08:05:00+00:00,23381.55,23382.8,23375.8,23378.45,0
2026-06-10 08:06:00+00:00,23378.55,23381.85,23376.6,23377.85,0
2026-06-10 08:07:00+00:00,23378.1,23388.15,23375.35,23385.55,0
2026-06-10 08:08:00+00:00,23386.3,23388.55,23382.6,23383.05,0
2026-06-10 08:09:00+00:00,23383.05,23383.3,23375.65,23378.2,0
2026-06-10 08:10:00+00:00,23378.35,23382.7,23376.1,23382.2,0
2026-06-10 08:11:00+00:00,23382.35,23387.75,23380.95,23381.05,0
2026-06-10 08:12:00+00:00,23381.8,23382.6,23370.6,23371.4,0
2026-06-10 08:13:00+00:00,23371.25,23371.6,23351.9,23357.35,0
2026-06-10 08:14:00+00:00,23357.5,23359.9,23355.5,23358.85,0
2026-06-10 08:15:00+00:00,23358.3,23373.65,23358.0,23367.7,0
2026-06-10 08:16:00+00:00,23367.2,23377.45,23367.15,23370.45,0
2026-06-10 08:17:00+00:00,23370.6,23374.9,23368.1,23371.55,0
2026-06-10 08:18:00+00:00,23371.35,23377.35,23370.6,23372.8,0
2026-06-10 08:19:00+00:00,23372.1,23373.05,23361.2,23362.5,0
2026-06-10 08:20:00+00:00,23362.15,23366.3,23360.2,23362.3,0
2026-06-10 08:21:00+00:00,23362.35,23364.4,23350.15,23350.95,0
2026-06-10 08:22:00+00:00,23351.55,23354.1,23348.7,23351.9,0
2026-06-10 08:23:00+00:00,23352.05,23352.95,23347.9,23352.15,0
2026-06-10 08:24:00+00:00,23351.75,23355.85,23347.8,23349.75,0
2026-06-10 08:25:00+00:00,23349.5,23352.8,23349.3,23352.8,0
2026-06-10 08:26:00+00:00,23352.4,23355.35,23351.15,23351.3,0
2026-06-10 08:27:00+00:00,23350.9,23352.65,23348.35,23350.3,0
2026-06-10 08:28:00+00:00,23349.8,23353.3,23347.05,23351.65,0
2026-06-10 08:29:00+00:00,23351.5,23353.65,23347.85,23352.95,0
2026-06-10 08:30:00+00:00,23352.4,23354.85,23347.5,23347.5,0
2026-06-10 08:31:00+00:00,23347.75,23355.2,23339.95,23353.8,0
2026-06-10 08:32:00+00:00,23353.4,23354.65,23350.2,23350.5,0
2026-06-10 08:33:00+00:00,23350.4,23357.55,23348.35,23357.2,0
2026-06-10 08:34:00+00:00,23357.2,23364.75,23357.2,23359.05,0
2026-06-10 08:35:00+00:00,23358.9,23360.55,23355.6,23359.45,0
2026-06-10 08:36:00+00:00,23359.35,23361.7,23353.4,23353.8,0
2026-06-10 08:37:00+00:00,23354.15,23355.65,23351.1,23352.15,0
2026-06-10 08:38:00+00:00,23352.4,23358.75,23348.25,23357.1,0
2026-06-10 08:39:00+00:00,23357.2,23357.2,23338.55,23339.85,0
2026-06-10 08:40:00+00:00,23339.1,23345.15,23338.15,23340.95,0
2026-06-10 08:41:00+00:00,23341.1,23341.8,23328.4,23337.35,0
2026-06-10 08:42:00+00:00,23336.75,23337.7,23323.8,23324.85,0
2026-06-10 08:43:00+00:00,23325.35,23328.25,23315.0,23326.5,0
2026-06-10 08:44:00+00:00,23325.5,23326.35,23316.75,23317.15,0
2026-06-10 08:45:00+00:00,23317.25,23319.65,23307.45,23316.9,0
2026-06-10 08:46:00+00:00,23318.75,23329.25,23318.1,23320.0,0
2026-06-10 08:47:00+00:00,23320.05,23326.6,23318.55,23325.35,0
2026-06-10 08:48:00+00:00,23325.3,23332.3,23324.8,23327.35,0
2026-06-10 08:49:00+00:00,23326.85,23332.8,23326.15,23327.8,0
2026-06-10 08:50:00+00:00,23326.95,23331.15,23325.05,23328.0,0
2026-06-10 08:51:00+00:00,23328.6,23339.8,23328.15,23328.4,0
2026-06-10 08:52:00+00:00,23329.2,23333.8,23327.05,23332.4,0
2026-06-10 08:53:00+00:00,23332.45,23337.8,23330.75,23336.8,0
2026-06-10 08:54:00+00:00,23336.5,23338.1,23329.8,23330.2,0
2026-06-10 08:55:00+00:00,23330.2,23332.4,23325.85,23327.05,0
2026-06-10 08:56:00+00:00,23326.75,23333.35,23325.85,23330.25,0
2026-06-10 08:57:00+00:00,23330.6,23331.75,23314.05,23315.4,0
2026-06-10 08:58:00+00:00,23316.25,23320.8,23315.2,23316.3,0
2026-06-10 08:59:00+00:00,23316.5,23319.2,23313.35,23315.5,0
2026-06-10 09:00:00+00:00,23316.35,23318.15,23308.05,23309.6,0
2026-06-10 09:01:00+00:00,23309.55,23309.9,23298.1,23300.5,0
2026-06-10 09:02:00+00:00,23300.7,23302.1,23289.75,23289.75,0
2026-06-10 09:03:00+00:00,23290.05,23307.85,23290.05,23306.0,0
2026-06-10 09:04:00+00:00,23305.9,23313.2,23303.7,23309.9,0
2026-06-10 09:05:00+00:00,23309.5,23320.85,23309.5,23313.05,0
2026-06-10 09:06:00+00:00,23312.75,23315.05,23306.45,23307.35,0
2026-06-10 09:07:00+00:00,23306.9,23309.65,23305.25,23305.95,0
2026-06-10 09:08:00+00:00,23305.7,23306.3,23286.65,23287.7,0
2026-06-10 09:09:00+00:00,23286.9,23289.8,23280.9,23281.8,0
2026-06-10 09:10:00+00:00,23281.65,23292.95,23281.65,23292.7,0
2026-06-10 09:11:00+00:00,23292.35,23296.6,23286.9,23287.35,0
2026-06-10 09:12:00+00:00,23287.35,23287.95,23264.85,23268.6,0
2026-06-10 09:13:00+00:00,23269.15,23271.95,23263.1,23265.15,0
2026-06-10 09:14:00+00:00,23264.95,23271.3,23260.3,23261.6,0
2026-06-10 09:15:00+00:00,23262.85,23262.85,23244.9,23247.35,0
2026-06-10 09:16:00+00:00,23247.05,23265.6,23245.65,23264.6,0
2026-06-10 09:17:00+00:00,23264.8,23270.25,23259.15,23269.45,0
2026-06-10 09:18:00+00:00,23269.6,23271.95,23258.75,23259.95,0
2026-06-10 09:19:00+00:00,23259.25,23260.25,23247.75,23249.2,0
2026-06-10 09:20:00+00:00,23248.95,23250.4,23246.3,23249.1,0
2026-06-10 09:21:00+00:00,23248.3,23258.2,23243.85,23256.8,0
2026-06-10 09:22:00+00:00,23256.6,23256.6,23250.35,23253.75,0
2026-06-10 09:23:00+00:00,23253.95,23253.95,23247.45,23249.75,0
2026-06-10 09:24:00+00:00,23249.5,23251.75,23247.45,23251.15,0
2026-06-10 09:25:00+00:00,23251.25,23259.65,23251.2,23256.75,0
2026-06-10 09:26:00+00:00,23257.15,23258.0,23252.15,23254.8,0
2026-06-10 09:27:00+00:00,23254.15,23262.45,23253.7,23257.65,0
2026-06-10 09:28:00+00:00,23257.9,23264.05,23257.0,23261.8,0
2026-06-10 09:29:00+00:00,23261.4,23261.4,23250.9,23256.75,0
2026-06-10 09:30:00+00:00,23256.85,23259.1,23241.1,23245.45,0
2026-06-10 09:31:00+00:00,23245.3,23246.2,23234.15,23238.0,0
2026-06-10 09:32:00+00:00,23238.1,23245.15,23236.15,23242.3,0
2026-06-10 09:33:00+00:00,23241.75,23245.3,23236.3,23242.0,0
2026-06-10 09:34:00+00:00,23241.9,23245.95,23236.2,23236.2,0
2026-06-10 09:35:00+00:00,23236.45,23237.75,23229.45,23230.15,0
2026-06-10 09:36:00+00:00,23230.25,23238.95,23229.2,23237.65,0
2026-06-10 09:37:00+00:00,23237.55,23238.2,23222.7,23226.6,0
2026-06-10 09:38:00+00:00,23226.3,23235.1,23224.95,23233.65,0
2026-06-10 09:39:00+00:00,23233.25,23237.45,23232.9,23235.35,0
2026-06-10 09:40:00+00:00,23235.05,23236.35,23221.2,23222.1,0
2026-06-10 09:41:00+00:00,23220.85,23226.25,23220.85,23224.45,0
2026-06-10 09:42:00+00:00,23224.8,23228.35,23219.15,23220.25,0
2026-06-10 09:43:00+00:00,23220.15,23223.4,23211.05,23213.5,0
2026-06-10 09:44:00+00:00,23213.15,23213.15,23198.35,23199.7,0
2026-06-10 09:45:00+00:00,23200.75,23206.7,23192.85,23203.8,0
2026-06-10 09:46:00+00:00,23204.05,23205.5,23199.65,23203.1,0
2026-06-10 09:47:00+00:00,23202.85,23212.1,23200.2,23200.2,0
2026-06-10 09:48:00+00:00,23202.35,23202.8,23184.6,23188.8,0
2026-06-10 09:49:00+00:00,23189.15,23209.95,23187.95,23208.25,0
2026-06-10 09:50:00+00:00,23208.3,23215.15,23205.35,23205.35,0
2026-06-10 09:51:00+00:00,23205.9,23206.35,23194.25,23196.85,0
2026-06-10 09:52:00+00:00,23197.1,23197.9,23189.65,23191.2,0
2026-06-10 09:53:00+00:00,23192.5,23195.9,23191.4,23192.55,0
2026-06-10 09:54:00+00:00,23193.5,23202.35,23187.8,23202.35,0
2026-06-10 09:55:00+00:00,23203.55,23212.95,23199.75,23209.15,0
2026-06-10 09:56:00+00:00,23209.85,23211.95,23205.25,23211.15,0
2026-06-10 09:57:00+00:00,23212.2,23214.25,23207.0,23212.9,0
2026-06-10 09:58:00+00:00,23211.75,23215.35,23206.55,23212.85,0
2026-06-10 09:59:00+00:00,23213.1,23216.8,23205.25,23216.1,0
2026-06-11 03:45:00+00:00,23104.4,23124.1,23081.15,23104.5,0
2026-06-11 03:46:00+00:00,23104.4,23104.4,23078.3,23079.7,0
2026-06-11 03:47:00+00:00,23082.3,23089.1,23072.05,23088.25,0
2026-06-11 03:48:00+00:00,23092.9,23108.3,23089.15,23096.45,0
2026-06-11 03:49:00+00:00,23100.1,23115.7,23097.05,23112.65,0
2026-06-11 03:50:00+00:00,23115.85,23129.95,23107.05,23126.9,0
2026-06-11 03:51:00+00:00,23128.6,23144.65,23125.85,23141.1,0
2026-06-11 03:52:00+00:00,23142.45,23148.05,23132.3,23141.3,0
2026-06-11 03:53:00+00:00,23142.9,23145.6,23131.75,23133.6,0
2026-06-11 03:54:00+00:00,23135.25,23137.15,23112.75,23114.9,0
2026-06-11 03:55:00+00:00,23116.8,23116.8,23106.0,23106.15,0
2026-06-11 03:56:00+00:00,23109.0,23110.7,23101.3,23105.6,0
2026-06-11 03:57:00+00:00,23107.5,23110.3,23092.8,23099.35,0
2026-06-11 03:58:00+00:00,23101.45,23116.95,23100.1,23115.95,0
2026-06-11 03:59:00+00:00,23117.6,23126.4,23111.75,23119.35,0
2026-06-11 04:00:00+00:00,23121.9,23123.55,23106.75,23108.05,0
2026-06-11 04:01:00+00:00,23110.35,23113.2,23100.95,23112.8,0
2026-06-11 04:02:00+00:00,23116.9,23124.5,23113.05,23113.05,0
2026-06-11 04:03:00+00:00,23113.95,23113.95,23099.05,23099.55,0
2026-06-11 04:04:00+00:00,23101.6,23109.85,23098.65,23108.45,0
2026-06-11 04:05:00+00:00,23109.65,23109.65,23093.15,23093.15,0
2026-06-11 04:06:00+00:00,23096.95,23110.05,23094.05,23109.35,0
2026-06-11 04:07:00+00:00,23112.35,23120.4,23109.3,23116.55,0
2026-06-11 04:08:00+00:00,23119.35,23132.7,23115.15,23128.0,0
2026-06-11 04:09:00+00:00,23129.95,23136.65,23127.35,23132.35,0
2026-06-11 04:10:00+00:00,23134.8,23134.8,23118.0,23118.0,0
2026-06-11 04:11:00+00:00,23119.75,23123.0,23114.75,23118.55,0
2026-06-11 04:12:00+00:00,23120.35,23123.05,23113.4,23117.05,0
2026-06-11 04:13:00+00:00,23120.0,23141.55,23117.5,23139.9,0
2026-06-11 04:14:00+00:00,23141.3,23148.6,23139.7,23143.6,0
2026-06-11 04:15:00+00:00,23144.25,23148.7,23136.55,23144.3,0
2026-06-11 04:16:00+00:00,23145.65,23153.25,23141.95,23152.5,0
2026-06-11 04:17:00+00:00,23154.45,23155.2,23146.9,23147.7,0
2026-06-11 04:18:00+00:00,23149.7,23150.1,23139.7,23139.7,0
2026-06-11 04:19:00+00:00,23141.5,23153.5,23140.3,23151.75,0
2026-06-11 04:20:00+00:00,23153.3,23165.6,23142.25,23163.0,0
2026-06-11 04:21:00+00:00,23162.9,23168.1,23158.35,23165.7,0
2026-06-11 04:22:00+00:00,23167.5,23171.75,23161.6,23168.6,0
2026-06-11 04:23:00+00:00,23170.8,23172.6,23164.95,23170.1,0
2026-06-11 04:24:00+00:00,23172.3,23172.85,23149.1,23150.65,0
2026-06-11 04:25:00+00:00,23152.35,23153.3,23137.25,23139.3,0
2026-06-11 04:26:00+00:00,23141.85,23149.55,23137.65,23138.4,0
2026-06-11 04:27:00+00:00,23140.5,23140.5,23127.7,23128.45,0
2026-06-11 04:28:00+00:00,23131.15,23131.15,23113.7,23114.7,0
2026-06-11 04:29:00+00:00,23115.95,23123.15,23112.6,23115.7,0
2026-06-11 04:30:00+00:00,23117.6,23130.85,23114.95,23128.25,0
2026-06-11 04:31:00+00:00,23130.2,23136.0,23129.25,23130.5,0
2026-06-11 04:32:00+00:00,23132.5,23132.5,23121.35,23122.9,0
2026-06-11 04:33:00+00:00,23126.05,23130.8,23115.85,23119.25,0
2026-06-11 04:34:00+00:00,23120.85,23121.1,23108.45,23108.55,0
2026-06-11 04:35:00+00:00,23111.2,23112.25,23102.85,23110.0,0
2026-06-11 04:36:00+00:00,23112.05,23138.8,23110.1,23135.6,0
2026-06-11 04:37:00+00:00,23137.3,23147.05,23132.15,23146.6,0
2026-06-11 04:38:00+00:00,23147.8,23156.2,23144.2,23153.95,0
2026-06-11 04:39:00+00:00,23156.9,23159.4,23153.5,23155.0,0
2026-06-11 04:40:00+00:00,23156.95,23159.9,23151.95,23155.8,0
2026-06-11 04:41:00+00:00,23158.3,23164.5,23154.95,23161.45,0
2026-06-11 04:42:00+00:00,23163.0,23163.0,23153.8,23154.7,0
2026-06-11 04:43:00+00:00,23156.65,23160.3,23153.5,23157.55,0
2026-06-11 04:44:00+00:00,23159.75,23161.25,23144.15,23145.5,0
2026-06-11 04:45:00+00:00,23147.5,23158.1,23144.7,23156.45,0
2026-06-11 04:46:00+00:00,23157.9,23165.8,23156.7,23162.35,0
2026-06-11 04:47:00+00:00,23164.95,23167.9,23160.9,23167.35,0
2026-06-11 04:48:00+00:00,23169.15,23172.6,23162.55,23170.8,0
2026-06-11 04:49:00+00:00,23173.0,23181.55,23171.45,23180.7,0
2026-06-11 04:50:00+00:00,23183.15,23191.3,23181.05,23190.25,0
2026-06-11 04:51:00+00:00,23191.5,23191.85,23179.95,23181.05,0
2026-06-11 04:52:00+00:00,23182.15,23184.2,23176.4,23176.8,0
2026-06-11 04:53:00+00:00,23179.9,23184.3,23177.6,23178.85,0
2026-06-11 04:54:00+00:00,23181.55,23182.5,23174.7,23176.9,0
2026-06-11 04:55:00+00:00,23179.75,23179.75,23175.0,23177.35,0
2026-06-11 04:56:00+00:00,23179.35,23192.15,23177.45,23191.65,0
2026-06-11 04:57:00+00:00,23193.15,23207.05,23190.35,23204.95,0
2026-06-11 04:58:00+00:00,23207.6,23207.8,23194.2,23196.8,0
2026-06-11 04:59:00+00:00,23199.4,23201.5,23197.3,23199.5,0
2026-06-11 05:00:00+00:00,23201.1,23205.0,23185.15,23187.15,0
2026-06-11 05:01:00+00:00,23188.9,23198.0,23185.95,23196.85,0
2026-06-11 05:02:00+00:00,23199.15,23204.6,23193.65,23202.95,0
2026-06-11 05:03:00+00:00,23204.0,23204.0,23193.25,23196.15,0
2026-06-11 05:04:00+00:00,23198.95,23200.1,23195.45,23198.45,0
2026-06-11 05:05:00+00:00,23200.8,23205.4,23198.5,23199.75,0
2026-06-11 05:06:00+00:00,23201.4,23201.4,23190.05,23193.75,0
2026-06-11 05:07:00+00:00,23196.2,23197.6,23189.25,23189.25,0
2026-06-11 05:08:00+00:00,23191.9,23198.0,23190.5,23196.8,0
2026-06-11 05:09:00+00:00,23199.1,23207.3,23198.1,23204.35,0
2026-06-11 05:10:00+00:00,23207.45,23212.6,23203.2,23209.4,0
2026-06-11 05:11:00+00:00,23212.4,23214.05,23200.75,23201.55,0
2026-06-11 05:12:00+00:00,23203.45,23203.9,23197.25,23203.7,0
2026-06-11 05:13:00+00:00,23205.85,23207.95,23199.65,23200.65,0
2026-06-11 05:14:00+00:00,23202.1,23206.1,23195.25,23203.2,0
2026-06-11 05:15:00+00:00,23204.85,23204.85,23195.35,23202.35,0
2026-06-11 05:16:00+00:00,23204.6,23209.3,23201.65,23204.4,0
2026-06-11 05:17:00+00:00,23206.6,23209.15,23201.1,23208.05,0
2026-06-11 05:18:00+00:00,23210.35,23211.85,23200.25,23204.35,0
2026-06-11 05:19:00+00:00,23205.7,23205.7,23192.25,23192.55,0
2026-06-11 05:20:00+00:00,23193.75,23193.75,23182.4,23184.45,0
2026-06-11 05:21:00+00:00,23186.4,23193.8,23183.6,23187.25,0
2026-06-11 05:22:00+00:00,23190.0,23192.4,23186.05,23186.5,0
2026-06-11 05:23:00+00:00,23188.05,23188.05,23172.85,23172.85,0
2026-06-11 05:24:00+00:00,23174.9,23176.4,23168.25,23172.5,0
2026-06-11 05:25:00+00:00,23174.7,23174.7,23167.2,23171.05,0
2026-06-11 05:26:00+00:00,23173.2,23181.1,23169.8,23178.4,0
2026-06-11 05:27:00+00:00,23179.8,23180.6,23173.5,23174.7,0
2026-06-11 05:28:00+00:00,23177.3,23178.3,23173.15,23174.3,0
2026-06-11 05:29:00+00:00,23175.65,23175.65,23168.45,23174.55,0
2026-06-11 05:30:00+00:00,23176.55,23177.2,23166.9,23168.65,0
2026-06-11 05:31:00+00:00,23169.45,23171.65,23164.0,23164.7,0
2026-06-11 05:32:00+00:00,23167.15,23168.9,23163.05,23166.0,0
2026-06-11 05:33:00+00:00,23167.9,23178.65,23162.5,23178.6,0
2026-06-11 05:34:00+00:00,23180.45,23184.45,23177.4,23179.25,0
2026-06-11 05:35:00+00:00,23181.6,23198.65,23180.1,23198.65,0
2026-06-11 05:36:00+00:00,23199.8,23204.05,23192.7,23201.4,0
2026-06-11 05:37:00+00:00,23204.2,23205.0,23187.5,23188.3,0
2026-06-11 05:38:00+00:00,23190.05,23196.75,23183.8,23192.75,0
2026-06-11 05:39:00+00:00,23194.8,23194.8,23182.6,23191.95,0
2026-06-11 05:40:00+00:00,23193.55,23193.55,23184.8,23188.6,0
2026-06-11 05:41:00+00:00,23191.5,23193.85,23186.9,23189.2,0
2026-06-11 05:42:00+00:00,23190.7,23190.7,23183.1,23185.4,0
2026-06-11 05:43:00+00:00,23187.0,23187.95,23182.95,23183.85,0
2026-06-11 05:44:00+00:00,23185.25,23187.95,23181.0,23181.65,0
2026-06-11 05:45:00+00:00,23183.2,23188.7,23181.55,23186.2,0
2026-06-11 05:46:00+00:00,23188.25,23188.75,23183.7,23187.65,0
2026-06-11 05:47:00+00:00,23189.45,23194.95,23185.1,23192.2,0
2026-06-11 05:48:00+00:00,23193.95,23202.95,23189.95,23202.75,0
2026-06-11 05:49:00+00:00,23205.15,23208.55,23199.7,23201.3,0
2026-06-11 05:50:00+00:00,23203.45,23210.4,23199.35,23209.35,0
2026-06-11 05:51:00+00:00,23212.55,23218.3,23209.9,23216.55,0
2026-06-11 05:52:00+00:00,23220.3,23220.3,23211.7,23213.65,0
2026-06-11 05:53:00+00:00,23214.1,23217.85,23210.25,23210.95,0
2026-06-11 05:54:00+00:00,23213.05,23217.25,23207.8,23217.25,0
2026-06-11 05:55:00+00:00,23218.5,23219.85,23214.25,23215.8,0
2026-06-11 05:56:00+00:00,23218.4,23226.85,23215.85,23226.8,0
2026-06-11 05:57:00+00:00,23228.5,23235.2,23228.35,23231.25,0
2026-06-11 05:58:00+00:00,23234.1,23236.8,23230.2,23235.2,0
2026-06-11 05:59:00+00:00,23236.05,23236.1,23230.6,23235.45,0
2026-06-11 06:00:00+00:00,23237.4,23245.0,23234.2,23234.7,0
2026-06-11 06:01:00+00:00,23236.2,23237.65,23221.8,23222.95,0
2026-06-11 06:02:00+00:00,23226.3,23226.7,23220.3,23224.0,0
2026-06-11 06:03:00+00:00,23226.15,23235.1,23224.95,23230.15,0
2026-06-11 06:04:00+00:00,23233.55,23233.55,23223.55,23225.4,0
2026-06-11 06:05:00+00:00,23226.35,23232.4,23220.5,23231.6,0
2026-06-11 06:06:00+00:00,23234.35,23234.35,23220.4,23221.35,0
2026-06-11 06:07:00+00:00,23221.65,23225.8,23214.1,23215.45,0
2026-06-11 06:08:00+00:00,23218.05,23219.1,23210.65,23213.05,0
2026-06-11 06:09:00+00:00,23215.3,23224.1,23212.3,23222.95,0
2026-06-11 06:10:00+00:00,23224.6,23227.05,23220.05,23221.45,0
2026-06-11 06:11:00+00:00,23223.05,23229.35,23220.25,23228.65,0
2026-06-11 06:12:00+00:00,23230.3,23243.5,23228.0,23242.95,0
2026-06-11 06:13:00+00:00,23244.6,23244.6,23238.0,23239.75,0
2026-06-11 06:14:00+00:00,23241.55,23251.85,23239.0,23251.7,0
2026-06-11 06:15:00+00:00,23253.7,23257.3,23251.05,23251.9,0
2026-06-11 06:16:00+00:00,23254.05,23256.5,23251.95,23256.3,0
2026-06-11 06:17:00+00:00,23257.8,23267.5,23252.65,23266.2,0
2026-06-11 06:18:00+00:00,23269.2,23270.85,23261.1,23267.0,0
2026-06-11 06:19:00+00:00,23268.35,23268.6,23259.95,23263.3,0
2026-06-11 06:20:00+00:00,23265.2,23273.9,23263.05,23271.15,0
2026-06-11 06:21:00+00:00,23273.8,23274.35,23265.55,23267.05,0
2026-06-11 06:22:00+00:00,23268.9,23269.1,23261.55,23268.6,0
2026-06-11 06:23:00+00:00,23270.1,23273.3,23266.5,23272.35,0
2026-06-11 06:24:00+00:00,23274.1,23276.35,23267.75,23271.35,0
2026-06-11 06:25:00+00:00,23272.95,23277.75,23270.3,23272.05,0
2026-06-11 06:26:00+00:00,23273.8,23286.1,23269.0,23282.95,0
2026-06-11 06:27:00+00:00,23285.3,23285.75,23280.45,23283.85,0
2026-06-11 06:28:00+00:00,23284.95,23291.1,23283.75,23289.4,0
2026-06-11 06:29:00+00:00,23290.9,23291.7,23279.3,23281.15,0
2026-06-11 06:30:00+00:00,23283.15,23288.9,23282.5,23283.2,0
2026-06-11 06:31:00+00:00,23284.55,23288.9,23281.95,23286.25,0
2026-06-11 06:32:00+00:00,23288.55,23290.4,23282.6,23283.7,0
2026-06-11 06:33:00+00:00,23285.7,23290.3,23281.55,23288.15,0
2026-06-11 06:34:00+00:00,23290.0,23290.0,23282.85,23285.55,0
2026-06-11 06:35:00+00:00,23286.7,23288.8,23274.6,23278.45,0
2026-06-11 06:36:00+00:00,23281.15,23283.2,23276.1,23280.1,0
2026-06-11 06:37:00+00:00,23282.1,23290.4,23281.2,23290.3,0
2026-06-11 06:38:00+00:00,23291.75,23292.7,23279.7,23282.15,0
2026-06-11 06:39:00+00:00,23284.7,23286.75,23280.85,23281.15,0
2026-06-11 06:40:00+00:00,23283.25,23283.55,23275.8,23277.25,0
2026-06-11 06:41:00+00:00,23278.7,23280.55,23272.55,23276.15,0
2026-06-11 06:42:00+00:00,23277.55,23281.0,23274.4,23280.85,0
2026-06-11 06:43:00+00:00,23283.25,23286.75,23278.4,23286.55,0
2026-06-11 06:44:00+00:00,23286.45,23286.9,23279.0,23285.25,0
2026-06-11 06:45:00+00:00,23287.55,23302.45,23286.25,23298.5,0
2026-06-11 06:46:00+00:00,23301.1,23303.95,23293.05,23301.3,0
2026-06-11 06:47:00+00:00,23304.4,23307.05,23293.85,23295.15,0
2026-06-11 06:48:00+00:00,23297.65,23297.65,23289.1,23290.45,0
2026-06-11 06:49:00+00:00,23294.3,23294.8,23285.35,23287.25,0
2026-06-11 06:50:00+00:00,23289.5,23289.55,23279.6,23281.75,0
2026-06-11 06:51:00+00:00,23283.95,23286.8,23278.35,23281.95,0
2026-06-11 06:52:00+00:00,23283.2,23288.65,23281.3,23286.2,0
2026-06-11 06:53:00+00:00,23287.35,23292.15,23282.3,23291.1,0
2026-06-11 06:54:00+00:00,23293.35,23293.5,23287.3,23288.7,0
2026-06-11 06:55:00+00:00,23291.75,23292.2,23281.85,23285.85,0
2026-06-11 06:56:00+00:00,23288.7,23295.85,23284.6,23288.85,0
2026-06-11 06:57:00+00:00,23292.65,23294.05,23287.6,23289.45,0
2026-06-11 06:58:00+00:00,23292.85,23300.75,23287.45,23297.8,0
2026-06-11 06:59:00+00:00,23300.8,23301.55,23293.85,23295.6,0
2026-06-11 07:00:00+00:00,23297.6,23308.75,23296.6,23306.05,0
2026-06-11 07:01:00+00:00,23305.95,23315.95,23301.45,23313.35,0
2026-06-11 07:02:00+00:00,23316.0,23319.5,23312.95,23317.6,0
2026-06-11 07:03:00+00:00,23320.1,23320.95,23314.35,23316.05,0
2026-06-11 07:04:00+00:00,23317.6,23320.05,23315.05,23319.9,0
2026-06-11 07:05:00+00:00,23322.05,23324.25,23305.35,23311.95,0
2026-06-11 07:06:00+00:00,23313.15,23313.55,23304.85,23305.75,0
2026-06-11 07:07:00+00:00,23307.8,23308.5,23292.5,23293.1,0
2026-06-11 07:08:00+00:00,23296.8,23298.6,23290.8,23291.6,0
2026-06-11 07:09:00+00:00,23293.65,23299.85,23291.65,23297.65,0
2026-06-11 07:10:00+00:00,23299.75,23300.5,23294.35,23297.15,0
2026-06-11 07:11:00+00:00,23297.9,23298.55,23293.2,23293.75,0
2026-06-11 07:12:00+00:00,23295.15,23296.5,23288.9,23295.3,0
2026-06-11 07:13:00+00:00,23296.55,23296.85,23288.1,23291.75,0
2026-06-11 07:14:00+00:00,23293.5,23296.3,23290.2,23294.4,0
2026-06-11 07:15:00+00:00,23296.1,23296.25,23291.05,23295.05,0
2026-06-11 07:16:00+00:00,23296.6,23301.85,23295.25,23299.0,0
2026-06-11 07:17:00+00:00,23301.4,23301.75,23290.4,23290.55,0
2026-06-11 07:18:00+00:00,23293.25,23294.05,23284.5,23284.5,0
2026-06-11 07:19:00+00:00,23286.1,23287.65,23273.05,23273.3,0
2026-06-11 07:20:00+00:00,23275.45,23281.4,23272.7,23280.7,0
2026-06-11 07:21:00+00:00,23282.4,23287.55,23277.4,23278.6,0
2026-06-11 07:22:00+00:00,23281.05,23281.2,23275.65,23277.05,0
2026-06-11 07:23:00+00:00,23279.1,23285.35,23278.1,23284.05,0
2026-06-11 07:24:00+00:00,23284.65,23285.5,23279.45,23280.6,0
2026-06-11 07:25:00+00:00,23282.2,23282.25,23274.85,23275.95,0
2026-06-11 07:26:00+00:00,23277.95,23286.2,23275.9,23280.75,0
2026-06-11 07:27:00+00:00,23282.95,23297.65,23278.5,23296.5,0
2026-06-11 07:28:00+00:00,23299.0,23304.2,23295.8,23302.6,0
2026-06-11 07:29:00+00:00,23303.8,23307.3,23297.6,23306.75,0
2026-06-11 07:30:00+00:00,23308.25,23327.45,23308.0,23323.3,0
2026-06-11 07:31:00+00:00,23324.15,23327.1,23311.9,23312.1,0
2026-06-11 07:32:00+00:00,23314.1,23314.55,23299.2,23304.85,0
2026-06-11 07:33:00+00:00,23306.75,23306.75,23300.7,23302.35,0
2026-06-11 07:34:00+00:00,23304.15,23304.85,23299.05,23300.3,0
2026-06-11 07:35:00+00:00,23301.6,23302.9,23296.6,23301.2,0
2026-06-11 07:36:00+00:00,23302.7,23303.1,23297.6,23299.2,0
2026-06-11 07:37:00+00:00,23301.5,23303.15,23297.65,23297.65,0
2026-06-11 07:38:00+00:00,23299.05,23299.15,23288.6,23290.7,0
2026-06-11 07:39:00+00:00,23291.9,23291.9,23279.15,23279.45,0
2026-06-11 07:40:00+00:00,23280.65,23282.45,23277.05,23280.25,0
2026-06-11 07:41:00+00:00,23282.5,23282.5,23273.95,23276.8,0
2026-06-11 07:42:00+00:00,23278.95,23278.95,23260.4,23265.25,0
2026-06-11 07:43:00+00:00,23267.45,23268.0,23257.35,23258.85,0
2026-06-11 07:44:00+00:00,23260.35,23261.15,23256.3,23257.7,0
2026-06-11 07:45:00+00:00,23259.45,23262.1,23256.75,23258.6,0
2026-06-11 07:46:00+00:00,23260.25,23264.65,23253.5,23255.2,0
2026-06-11 07:47:00+00:00,23257.6,23264.15,23252.2,23261.8,0
2026-06-11 07:48:00+00:00,23263.25,23263.25,23249.45,23253.75,0
2026-06-11 07:49:00+00:00,23255.25,23257.7,23250.45,23252.15,0
2026-06-11 07:50:00+00:00,23254.1,23258.2,23247.95,23250.4,0
2026-06-11 07:51:00+00:00,23251.55,23251.55,23235.3,23235.7,0
2026-06-11 07:52:00+00:00,23238.8,23238.8,23225.55,23226.25,0
2026-06-11 07:53:00+00:00,23228.4,23249.05,23226.8,23242.15,0
2026-06-11 07:54:00+00:00,23243.8,23244.75,23236.05,23239.3,0
2026-06-11 07:55:00+00:00,23241.3,23241.75,23230.2,23231.65,0
2026-06-11 07:56:00+00:00,23232.8,23233.2,23220.45,23222.05,0
2026-06-11 07:57:00+00:00,23225.1,23230.45,23222.55,23229.25,0
2026-06-11 07:58:00+00:00,23230.6,23234.6,23226.45,23231.15,0
2026-06-11 07:59:00+00:00,23233.9,23241.6,23231.6,23241.0,0
2026-06-11 08:00:00+00:00,23242.9,23260.6,23240.1,23256.1,0
2026-06-11 08:01:00+00:00,23257.5,23257.5,23247.65,23253.15,0
2026-06-11 08:02:00+00:00,23256.7,23262.8,23256.25,23262.8,0
2026-06-11 08:03:00+00:00,23264.75,23267.75,23257.05,23257.6,0
2026-06-11 08:04:00+00:00,23258.75,23258.75,23242.75,23243.65,0
2026-06-11 08:05:00+00:00,23245.8,23250.5,23242.4,23246.85,0
2026-06-11 08:06:00+00:00,23249.0,23255.95,23242.7,23254.15,0
2026-06-11 08:07:00+00:00,23256.3,23256.3,23248.35,23249.7,0
2026-06-11 08:08:00+00:00,23251.1,23251.1,23237.4,23239.5,0
2026-06-11 08:09:00+00:00,23242.4,23242.4,23228.4,23230.0,0
2026-06-11 08:10:00+00:00,23232.7,23238.15,23229.8,23231.8,0
2026-06-11 08:11:00+00:00,23232.75,23232.75,23226.1,23226.45,0
2026-06-11 08:12:00+00:00,23229.5,23232.5,23225.9,23226.2,0
2026-06-11 08:13:00+00:00,23229.7,23229.9,23213.45,23214.9,0
2026-06-11 08:14:00+00:00,23219.45,23223.35,23214.45,23220.1,0
2026-06-11 08:15:00+00:00,23223.9,23224.95,23217.9,23217.9,0
2026-06-11 08:16:00+00:00,23221.15,23225.9,23214.55,23224.8,0
2026-06-11 08:17:00+00:00,23227.7,23240.65,23226.85,23231.35,0
2026-06-11 08:18:00+00:00,23232.75,23239.0,23228.95,23230.0,0
2026-06-11 08:19:00+00:00,23231.95,23231.95,23225.2,23227.75,0
2026-06-11 08:20:00+00:00,23230.35,23230.35,23221.25,23221.25,0
2026-06-11 08:21:00+00:00,23224.2,23227.65,23221.8,23226.2,0
2026-06-11 08:22:00+00:00,23228.5,23230.9,23221.85,23229.95,0
2026-06-11 08:23:00+00:00,23233.0,23236.8,23229.85,23232.9,0
2026-06-11 08:24:00+00:00,23235.85,23235.85,23229.15,23231.85,0
2026-06-11 08:25:00+00:00,23234.5,23234.8,23227.25,23233.9,0
2026-06-11 08:26:00+00:00,23236.0,23240.85,23231.7,23237.05,0
2026-06-11 08:27:00+00:00,23240.3,23243.5,23234.55,23236.35,0
2026-06-11 08:28:00+00:00,23239.3,23247.5,23237.9,23245.8,0
2026-06-11 08:29:00+00:00,23248.05,23248.05,23229.2,23231.3,0
2026-06-11 08:30:00+00:00,23233.0,23240.2,23228.15,23237.65,0
2026-06-11 08:31:00+00:00,23240.2,23240.2,23232.8,23232.8,0
2026-06-11 08:32:00+00:00,23235.85,23236.3,23229.0,23230.75,0
2026-06-11 08:33:00+00:00,23232.8,23237.2,23230.6,23235.85,0
2026-06-11 08:34:00+00:00,23236.25,23237.25,23231.75,23235.1,0
2026-06-11 08:35:00+00:00,23236.35,23236.35,23225.3,23229.75,0
2026-06-11 08:36:00+00:00,23232.25,23234.55,23228.65,23231.7,0
2026-06-11 08:37:00+00:00,23232.85,23232.85,23218.2,23218.45,0
2026-06-11 08:38:00+00:00,23220.0,23220.0,23207.55,23208.0,0
2026-06-11 08:39:00+00:00,23210.05,23212.35,23201.6,23211.2,0
2026-06-11 08:40:00+00:00,23212.6,23217.3,23208.65,23212.6,0
2026-06-11 08:41:00+00:00,23214.6,23214.6,23205.7,23211.3,0
2026-06-11 08:42:00+00:00,23213.1,23213.1,23206.45,23208.15,0
2026-06-11 08:43:00+00:00,23210.4,23221.8,23206.2,23221.15,0
2026-06-11 08:44:00+00:00,23223.25,23226.25,23216.0,23218.75,0
2026-06-11 08:45:00+00:00,23219.8,23220.85,23212.15,23212.9,0
2026-06-11 08:46:00+00:00,23215.2,23220.15,23213.5,23214.2,0
2026-06-11 08:47:00+00:00,23216.3,23216.3,23211.8,23211.85,0
2026-06-11 08:48:00+00:00,23214.25,23214.3,23205.5,23206.75,0
2026-06-11 08:49:00+00:00,23208.0,23215.75,23204.1,23215.75,0
2026-06-11 08:50:00+00:00,23216.8,23224.95,23214.7,23221.7,0
2026-06-11 08:51:00+00:00,23223.0,23224.5,23217.85,23218.6,0
2026-06-11 08:52:00+00:00,23219.75,23222.9,23216.1,23218.9,0
2026-06-11 08:53:00+00:00,23220.0,23222.25,23206.4,23207.45,0
2026-06-11 08:54:00+00:00,23209.25,23209.25,23204.95,23206.4,0
2026-06-11 08:55:00+00:00,23208.1,23215.2,23206.2,23215.05,0
2026-06-11 08:56:00+00:00,23216.55,23225.85,23212.25,23225.05,0
2026-06-11 08:57:00+00:00,23226.6,23228.65,23221.95,23226.35,0
2026-06-11 08:58:00+00:00,23229.5,23251.35,23229.5,23250.0,0
2026-06-11 08:59:00+00:00,23251.55,23252.05,23238.35,23240.05,0
2026-06-11 09:00:00+00:00,23241.15,23243.95,23227.9,23243.25,0
2026-06-11 09:01:00+00:00,23245.45,23245.45,23235.65,23238.4,0
2026-06-11 09:02:00+00:00,23240.1,23241.15,23232.4,23241.0,0
2026-06-11 09:03:00+00:00,23243.45,23243.45,23227.0,23227.4,0
2026-06-11 09:04:00+00:00,23229.05,23233.1,23224.0,23231.7,0
2026-06-11 09:05:00+00:00,23233.55,23242.35,23231.9,23234.95,0
2026-06-11 09:06:00+00:00,23237.25,23237.25,23210.6,23210.6,0
2026-06-11 09:07:00+00:00,23213.3,23228.05,23197.6,23223.8,0
2026-06-11 09:08:00+00:00,23226.05,23230.5,23215.55,23216.85,0
2026-06-11 09:09:00+00:00,23218.4,23218.4,23201.95,23217.1,0
2026-06-11 09:10:00+00:00,23218.6,23221.1,23204.2,23207.15,0
2026-06-11 09:11:00+00:00,23208.25,23214.25,23203.3,23212.15,0
2026-06-11 09:12:00+00:00,23213.8,23220.4,23208.45,23208.45,0
2026-06-11 09:13:00+00:00,23210.65,23212.15,23193.55,23195.35,0
2026-06-11 09:14:00+00:00,23197.3,23201.35,23195.7,23198.15,0
2026-06-11 09:15:00+00:00,23200.2,23201.9,23194.95,23195.6,0
2026-06-11 09:16:00+00:00,23197.25,23209.6,23189.7,23190.6,0
2026-06-11 09:17:00+00:00,23192.0,23192.0,23165.85,23167.1,0
2026-06-11 09:18:00+00:00,23168.7,23182.5,23166.7,23180.35,0
2026-06-11 09:19:00+00:00,23182.85,23191.9,23180.4,23191.7,0
2026-06-11 09:20:00+00:00,23193.1,23193.1,23166.85,23170.35,0
2026-06-11 09:21:00+00:00,23172.75,23179.6,23168.9,23172.4,0
2026-06-11 09:22:00+00:00,23173.85,23173.85,23167.5,23169.25,0
2026-06-11 09:23:00+00:00,23171.1,23175.0,23167.45,23173.15,0
2026-06-11 09:24:00+00:00,23174.0,23174.9,23169.3,23170.35,0
2026-06-11 09:25:00+00:00,23171.7,23174.2,23166.45,23171.3,0
2026-06-11 09:26:00+00:00,23172.6,23174.55,23169.35,23169.95,0
2026-06-11 09:27:00+00:00,23170.35,23170.35,23162.5,23164.2,0
2026-06-11 09:28:00+00:00,23166.2,23171.4,23163.85,23170.7,0
2026-06-11 09:29:00+00:00,23172.5,23178.25,23168.25,23175.5,0
2026-06-11 09:30:00+00:00,23177.05,23192.45,23152.95,23154.0,0
2026-06-11 09:31:00+00:00,23156.0,23157.2,23147.2,23152.65,0
2026-06-11 09:32:00+00:00,23153.15,23160.2,23138.85,23158.8,0
2026-06-11 09:33:00+00:00,23159.35,23159.35,23145.9,23157.3,0
2026-06-11 09:34:00+00:00,23158.25,23161.3,23143.75,23145.0,0
2026-06-11 09:35:00+00:00,23146.25,23149.4,23138.9,23147.55,0
2026-06-11 09:36:00+00:00,23148.9,23152.4,23131.95,23137.15,0
2026-06-11 09:37:00+00:00,23139.35,23148.8,23136.15,23148.1,0
2026-06-11 09:38:00+00:00,23149.95,23151.65,23135.2,23136.8,0
2026-06-11 09:39:00+00:00,23136.4,23145.1,23134.85,23143.3,0
2026-06-11 09:40:00+00:00,23143.85,23151.65,23143.5,23150.3,0
2026-06-11 09:41:00+00:00,23151.75,23157.4,23142.4,23142.4,0
2026-06-11 09:42:00+00:00,23144.1,23152.0,23137.9,23150.9,0
2026-06-11 09:43:00+00:00,23151.55,23161.15,23149.75,23160.7,0
2026-06-11 09:44:00+00:00,23161.85,23169.55,23160.55,23165.8,0
2026-06-11 09:45:00+00:00,23165.3,23167.8,23156.4,23166.4,0
2026-06-11 09:46:00+00:00,23166.45,23180.2,23166.15,23179.95,0
2026-06-11 09:47:00+00:00,23180.55,23185.1,23179.05,23181.9,0
2026-06-11 09:48:00+00:00,23183.05,23188.15,23180.25,23181.15,0
2026-06-11 09:49:00+00:00,23180.7,23182.25,23170.3,23173.8,0
2026-06-11 09:50:00+00:00,23172.0,23178.45,23172.0,23178.2,0
2026-06-11 09:51:00+00:00,23178.25,23183.75,23175.5,23176.35,0
2026-06-11 09:52:00+00:00,23176.65,23177.0,23169.1,23170.2,0
2026-06-11 09:53:00+00:00,23169.9,23171.95,23164.75,23170.95,0
2026-06-11 09:54:00+00:00,23170.9,23176.85,23167.85,23173.6,0
2026-06-11 09:55:00+00:00,23173.6,23183.35,23172.8,23174.15,0
2026-06-11 09:56:00+00:00,23174.75,23178.0,23170.95,23176.6,0
2026-06-11 09:57:00+00:00,23176.05,23183.25,23175.95,23177.95,0
2026-06-11 09:58:00+00:00,23179.1,23182.95,23174.1,23180.6,0
2026-06-11 09:59:00+00:00,23180.05,23194.9,23173.2,23186.55,0
