datetime,open,high,low,close,volume
2026-03-13 03:45:00+00:00,23462.5,23487.9,23419.1,23465.85,0
2026-03-13 03:46:00+00:00,23467.1,23484.0,23455.5,23455.5,0
2026-03-13 03:47:00+00:00,23456.4,23466.85,23455.35,23463.75,0
2026-03-13 03:48:00+00:00,23463.5,23476.65,23451.3,23455.7,0
2026-03-13 03:49:00+00:00,23456.3,23461.95,23444.1,23450.25,0
2026-03-13 03:50:00+00:00,23448.5,23451.5,23421.7,23422.8,0
2026-03-13 03:51:00+00:00,23422.85,23450.55,23417.1,23449.15,0
2026-03-13 03:52:00+00:00,23448.45,23451.95,23428.5,23428.95,0
2026-03-13 03:53:00+00:00,23430.4,23431.5,23417.0,23425.3,0
2026-03-13 03:54:00+00:00,23426.3,23437.15,23422.2,23431.6,0
2026-03-13 03:55:00+00:00,23431.15,23431.15,23415.25,23427.4,0
2026-03-13 03:56:00+00:00,23430.25,23443.05,23430.25,23443.05,0
2026-03-13 03:57:00+00:00,23443.75,23462.7,23443.15,23460.15,0
2026-03-13 03:58:00+00:00,23463.25,23471.55,23457.55,23469.85,0
2026-03-13 03:59:00+00:00,23470.3,23475.55,23464.8,23469.65,0
2026-03-13 04:00:00+00:00,23469.8,23473.15,23463.5,23472.7,0
2026-03-13 04:01:00+00:00,23473.05,23492.4,23470.5,23487.0,0
2026-03-13 04:02:00+00:00,23488.05,23489.05,23462.7,23466.65,0
2026-03-13 04:03:00+00:00,23470.05,23476.6,23460.1,23461.2,0
2026-03-13 04:04:00+00:00,23461.25,23462.15,23452.6,23453.9,0
2026-03-13 04:05:00+00:00,23455.05,23455.05,23446.6,23446.65,0
2026-03-13 04:06:00+00:00,23446.9,23449.55,23438.75,23440.65,0
2026-03-13 04:07:00+00:00,23440.7,23448.9,23433.6,23446.35,0
2026-03-13 04:08:00+00:00,23449.05,23474.45,23448.55,23459.85,0
2026-03-13 04:09:00+00:00,23461.25,23463.55,23448.8,23454.75,0
2026-03-13 04:10:00+00:00,23456.25,23462.0,23450.7,23456.7,0
2026-03-13 04:11:00+00:00,23458.9,23458.9,23447.5,23449.55,0
2026-03-13 04:12:00+00:00,23450.65,23450.95,23442.55,23442.55,0
2026-03-13 04:13:00+00:00,23443.75,23443.8,23438.0,23441.4,0
2026-03-13 04:14:00+00:00,23443.3,23443.35,23424.95,23425.25,0
2026-03-13 04:15:00+00:00,23426.55,23426.85,23414.45,23415.5,0
2026-03-13 04:16:00+00:00,23418.5,23418.5,23403.3,23404.2,0
2026-03-13 04:17:00+00:00,23405.35,23405.95,23393.25,23393.75,0
2026-03-13 04:18:00+00:00,23394.2,23410.45,23388.45,23400.3,0
2026-03-13 04:19:00+00:00,23402.8,23411.1,23397.4,23397.4,0
2026-03-13 04:20:00+00:00,23399.65,23399.65,23392.45,23395.85,0
2026-03-13 04:21:00+00:00,23397.4,23399.6,23377.3,23383.5,0
2026-03-13 04:22:00+00:00,23384.4,23384.4,23364.0,23374.55,0
2026-03-13 04:23:00+00:00,23374.15,23382.25,23373.6,23377.15,0
2026-03-13 04:24:00+00:00,23377.15,23377.9,23362.65,23363.1,0
2026-03-13 04:25:00+00:00,23364.45,23368.6,23354.7,23359.7,0
2026-03-13 04:26:00+00:00,23362.4,23372.55,23361.3,23364.55,0
2026-03-13 04:27:00+00:00,23366.2,23372.3,23363.35,23365.25,0
2026-03-13 04:28:00+00:00,23365.5,23365.5,23346.75,23347.8,0
2026-03-13 04:29:00+00:00,23348.75,23355.2,23344.2,23347.55,0
2026-03-13 04:30:00+00:00,23349.1,23349.1,23333.55,23335.05,0
2026-03-13 04:31:00+00:00,23336.25,23349.5,23333.0,23344.5,0
2026-03-13 04:32:00+00:00,23346.15,23367.55,23344.6,23367.55,0
2026-03-13 04:33:00+00:00,23368.6,23369.95,23360.5,23365.25,0
2026-03-13 04:34:00+00:00,23366.5,23367.9,23359.3,23361.1,0
2026-03-13 04:35:00+00:00,23361.8,23361.8,23340.2,23341.35,0
2026-03-13 04:36:00+00:00,23341.95,23342.1,23326.1,23327.5,0
2026-03-13 04:37:00+00:00,23328.75,23342.15,23328.7,23342.15,0
2026-03-13 04:38:00+00:00,23343.1,23343.1,23335.8,23342.4,0
2026-03-13 04:39:00+00:00,23343.6,23343.6,23335.6,23337.05,0
2026-03-13 04:40:00+00:00,23337.35,23339.7,23331.0,23339.7,0
2026-03-13 04:41:00+00:00,23341.8,23344.1,23330.3,23333.15,0
2026-03-13 04:42:00+00:00,23333.15,23334.3,23319.9,23320.5,0
2026-03-13 04:43:00+00:00,23321.5,23329.15,23320.35,23324.4,0
2026-03-13 04:44:00+00:00,23323.9,23329.95,23311.85,23329.8,0
2026-03-13 04:45:00+00:00,23330.95,23340.7,23324.2,23338.4,0
2026-03-13 04:46:00+00:00,23339.2,23339.2,23321.15,23325.8,0
2026-03-13 04:47:00+00:00,23325.15,23326.65,23318.95,23319.55,0
2026-03-13 04:48:00+00:00,23319.9,23331.1,23319.0,23329.9,0
2026-03-13 04:49:00+00:00,23331.8,23331.8,23317.35,23317.5,0
2026-03-13 04:50:00+00:00,23318.1,23333.35,23317.45,23331.35,0
2026-03-13 04:51:00+00:00,23331.45,23334.85,23324.45,23324.45,0
2026-03-13 04:52:00+00:00,23325.55,23325.55,23313.85,23321.2,0
2026-03-13 04:53:00+00:00,23323.25,23325.4,23313.9,23314.0,0
2026-03-13 04:54:00+00:00,23315.95,23318.4,23305.75,23311.85,0
2026-03-13 04:55:00+00:00,23313.7,23318.45,23309.0,23315.85,0
2026-03-13 04:56:00+00:00,23316.9,23319.7,23313.6,23318.25,0
2026-03-13 04:57:00+00:00,23320.35,23334.5,23318.25,23334.35,0
2026-03-13 04:58:00+00:00,23335.0,23348.05,23333.25,23346.5,0
2026-03-13 04:59:00+00:00,23346.45,23357.1,23340.2,23353.45,0
2026-03-13 05:00:00+00:00,23354.45,23360.0,23342.25,23347.95,0
2026-03-13 05:01:00+00:00,23348.85,23354.15,23346.15,23354.15,0
2026-03-13 05:02:00+00:00,23356.35,23357.55,23345.45,23349.4,0
2026-03-13 05:03:00+00:00,23350.1,23350.2,23330.55,23332.15,0
2026-03-13 05:04:00+00:00,23334.0,23334.7,23325.7,23326.75,0
2026-03-13 05:05:00+00:00,23326.75,23326.85,23320.3,23323.3,0
2026-03-13 05:06:00+00:00,23323.65,23333.15,23323.3,23329.55,0
2026-03-13 05:07:00+00:00,23330.4,23333.2,23329.05,23331.85,0
2026-03-13 05:08:00+00:00,23332.6,23333.05,23323.25,23331.55,0
2026-03-13 05:09:00+00:00,23332.3,23338.0,23328.65,23337.2,0
2026-03-13 05:10:00+00:00,23338.1,23338.1,23330.7,23331.25,0
2026-03-13 05:11:00+00:00,23332.05,23342.0,23332.05,23335.85,0
2026-03-13 05:12:00+00:00,23336.75,23337.75,23324.95,23329.45,0
2026-03-13 05:13:00+00:00,23327.6,23329.1,23317.75,23318.35,0
2026-03-13 05:14:00+00:00,23318.55,23325.5,23313.05,23324.55,0
2026-03-13 05:15:00+00:00,23325.2,23329.45,23320.0,23325.75,0
2026-03-13 05:16:00+00:00,23326.1,23326.75,23321.9,23322.0,0
2026-03-13 05:17:00+00:00,23323.65,23323.65,23309.3,23313.05,0
2026-03-13 05:18:00+00:00,23315.0,23326.95,23312.8,23326.7,0
2026-03-13 05:19:00+00:00,23327.55,23333.4,23325.85,23330.4,0
2026-03-13 05:20:00+00:00,23330.65,23343.2,23330.1,23343.2,0
2026-03-13 05:21:00+00:00,23343.2,23362.25,23342.75,23360.2,0
2026-03-13 05:22:00+00:00,23361.7,23372.05,23360.05,23368.3,0
2026-03-13 05:23:00+00:00,23368.4,23379.55,23365.95,23374.65,0
2026-03-13 05:24:00+00:00,23374.45,23375.3,23359.15,23359.2,0
2026-03-13 05:25:00+00:00,23362.1,23362.1,23352.1,23354.85,0
2026-03-13 05:26:00+00:00,23357.35,23362.5,23354.0,23361.5,0
2026-03-13 05:27:00+00:00,23363.8,23363.95,23348.9,23351.25,0
2026-03-13 05:28:00+00:00,23353.75,23361.75,23351.65,23361.35,0
2026-03-13 05:29:00+00:00,23363.3,23372.7,23359.05,23372.7,0
2026-03-13 05:30:00+00:00,23373.8,23373.8,23359.45,23361.2,0
2026-03-13 05:31:00+00:00,23361.2,23371.65,23361.1,23371.45,0
2026-03-13 05:32:00+00:00,23372.2,23374.7,23355.2,23355.2,0
2026-03-13 05:33:00+00:00,23357.45,23363.5,23355.3,23362.3,0
2026-03-13 05:34:00+00:00,23363.85,23368.2,23356.1,23358.25,0
2026-03-13 05:35:00+00:00,23357.25,23361.4,23352.35,23360.0,0
2026-03-13 05:36:00+00:00,23361.65,23361.65,23350.3,23355.9,0
2026-03-13 05:37:00+00:00,23355.8,23358.25,23348.7,23349.2,0
2026-03-13 05:38:00+00:00,23350.1,23353.2,23344.1,23349.75,0
2026-03-13 05:39:00+00:00,23351.05,23351.05,23331.5,23334.2,0
2026-03-13 05:40:00+00:00,23333.35,23335.3,23329.7,23333.15,0
2026-03-13 05:41:00+00:00,23334.75,23337.6,23330.3,23337.6,0
2026-03-13 05:42:00+00:00,23337.45,23339.55,23327.2,23329.4,0
2026-03-13 05:43:00+00:00,23330.4,23336.15,23328.8,23328.8,0
2026-03-13 05:44:00+00:00,23331.8,23332.0,23317.45,23321.65,0
2026-03-13 05:45:00+00:00,23323.55,23324.3,23309.65,23309.65,0
2026-03-13 05:46:00+00:00,23312.15,23322.55,23310.0,23321.05,0
2026-03-13 05:47:00+00:00,23322.8,23329.25,23321.0,23326.35,0
2026-03-13 05:48:00+00:00,23328.3,23328.3,23321.4,23324.85,0
2026-03-13 05:49:00+00:00,23327.25,23328.5,23322.55,23324.85,0
2026-03-13 05:50:00+00:00,23324.1,23325.25,23319.6,23323.1,0
2026-03-13 05:51:00+00:00,23322.35,23334.3,23322.15,23333.35,0
2026-03-13 05:52:00+00:00,23335.5,23342.85,23326.7,23326.7,0
2026-03-13 05:53:00+00:00,23327.65,23335.05,23324.15,23333.0,0
2026-03-13 05:54:00+00:00,23333.95,23338.95,23330.8,23335.95,0
2026-03-13 05:55:00+00:00,23337.0,23338.0,23333.15,23335.25,0
2026-03-13 05:56:00+00:00,23338.1,23349.2,23337.85,23347.5,0
2026-03-13 05:57:00+00:00,23348.05,23358.45,23343.55,23355.3,0
2026-03-13 05:58:00+00:00,23356.1,23367.8,23356.1,23366.85,0
2026-03-13 05:59:00+00:00,23370.45,23379.2,23367.5,23377.35,0
2026-03-13 06:00:00+00:00,23378.85,23378.85,23371.45,23373.55,0
2026-03-13 06:01:00+00:00,23375.0,23376.05,23365.35,23376.05,0
2026-03-13 06:02:00+00:00,23377.8,23388.1,23376.65,23384.95,0
2026-03-13 06:03:00+00:00,23385.55,23400.3,23384.05,23398.15,0
2026-03-13 06:04:00+00:00,23399.3,23399.3,23389.7,23391.3,0
2026-03-13 06:05:00+00:00,23392.2,23401.0,23391.0,23399.45,0
2026-03-13 06:06:00+00:00,23401.3,23401.3,23388.3,23388.3,0
2026-03-13 06:07:00+00:00,23390.55,23390.55,23380.5,23382.7,0
2026-03-13 06:08:00+00:00,23387.0,23408.05,23385.85,23405.9,0
2026-03-13 06:09:00+00:00,23408.45,23410.2,23405.15,23405.15,0
2026-03-13 06:10:00+00:00,23407.35,23408.5,23396.4,23397.6,0
2026-03-13 06:11:00+00:00,23398.35,23404.0,23395.25,23403.2,0
2026-03-13 06:12:00+00:00,23403.45,23410.7,23401.95,23406.95,0
2026-03-13 06:13:00+00:00,23408.8,23414.9,23406.05,23411.8,0
2026-03-13 06:14:00+00:00,23413.35,23413.7,23405.95,23407.9,0
2026-03-13 06:15:00+00:00,23409.35,23410.6,23399.0,23405.55,0
2026-03-13 06:16:00+00:00,23406.15,23406.15,23392.4,23402.2,0
2026-03-13 06:17:00+00:00,23403.2,23405.25,23396.65,23397.8,0
2026-03-13 06:18:00+00:00,23399.6,23399.65,23390.4,23396.35,0
2026-03-13 06:19:00+00:00,23396.75,23406.6,23395.4,23403.5,0
2026-03-13 06:20:00+00:00,23405.5,23409.1,23401.4,23407.25,0
2026-03-13 06:21:00+00:00,23409.4,23409.4,23392.75,23395.8,0
2026-03-13 06:22:00+00:00,23398.35,23398.35,23388.7,23392.6,0
2026-03-13 06:23:00+00:00,23394.2,23406.1,23392.9,23403.45,0
2026-03-13 06:24:00+00:00,23403.7,23403.7,23389.25,23389.25,0
2026-03-13 06:25:00+00:00,23389.7,23389.7,23379.2,23379.55,0
2026-03-13 06:26:00+00:00,23381.05,23381.15,23372.15,23375.2,0
2026-03-13 06:27:00+00:00,23376.6,23378.05,23368.4,23376.25,0
2026-03-13 06:28:00+00:00,23378.1,23378.1,23363.0,23367.05,0
2026-03-13 06:29:00+00:00,23368.9,23368.9,23360.5,23361.2,0
2026-03-13 06:30:00+00:00,23363.1,23365.45,23353.35,23355.7,0
2026-03-13 06:31:00+00:00,23356.65,23356.65,23345.35,23346.0,0
2026-03-13 06:32:00+00:00,23344.85,23345.65,23335.75,23339.1,0
2026-03-13 06:33:00+00:00,23339.3,23349.45,23338.8,23345.65,0
2026-03-13 06:34:00+00:00,23347.45,23347.45,23342.2,23344.15,0
2026-03-13 06:35:00+00:00,23344.3,23344.9,23338.55,23342.15,0
2026-03-13 06:36:00+00:00,23344.4,23344.75,23339.3,23343.05,0
2026-03-13 06:37:00+00:00,23344.3,23347.5,23341.35,23343.0,0
2026-03-13 06:38:00+00:00,23345.6,23345.8,23325.1,23326.6,0
2026-03-13 06:39:00+00:00,23328.0,23332.35,23322.35,23331.6,0
2026-03-13 06:40:00+00:00,23333.9,23333.9,23324.4,23326.55,0
2026-03-13 06:41:00+00:00,23327.85,23327.85,23317.45,23324.85,0
2026-03-13 06:42:00+00:00,23325.4,23332.3,23324.35,23331.9,0
2026-03-13 06:43:00+00:00,23332.0,23336.95,23328.55,23329.9,0
2026-03-13 06:44:00+00:00,23331.35,23342.55,23329.45,23336.15,0
2026-03-13 06:45:00+00:00,23338.9,23338.9,23330.15,23331.05,0
2026-03-13 06:46:00+00:00,23332.05,23333.95,23329.05,23329.7,0
2026-03-13 06:47:00+00:00,23330.75,23337.4,23326.5,23335.9,0
2026-03-13 06:48:00+00:00,23337.6,23337.7,23327.35,23333.3,0
2026-03-13 06:49:00+00:00,23333.85,23334.9,23318.1,23318.1,0
2026-03-13 06:50:00+00:00,23319.1,23319.1,23306.75,23308.35,0
2026-03-13 06:51:00+00:00,23309.4,23313.7,23307.3,23309.05,0
2026-03-13 06:52:00+00:00,23310.05,23310.05,23291.2,23291.45,0
2026-03-13 06:53:00+00:00,23293.6,23293.6,23270.0,23273.3,0
2026-03-13 06:54:00+00:00,23275.45,23287.55,23269.05,23269.55,0
2026-03-13 06:55:00+00:00,23273.3,23281.7,23266.1,23273.6,0
2026-03-13 06:56:00+00:00,23276.45,23282.95,23272.8,23282.8,0
2026-03-13 06:57:00+00:00,23284.8,23285.6,23273.45,23276.3,0
2026-03-13 06:58:00+00:00,23277.2,23291.25,23273.6,23288.6,0
2026-03-13 06:59:00+00:00,23289.75,23290.45,23278.45,23278.7,0
2026-03-13 07:00:00+00:00,23280.05,23281.5,23270.45,23270.95,0
2026-03-13 07:01:00+00:00,23271.75,23272.1,23239.45,23240.8,0
2026-03-13 07:02:00+00:00,23242.3,23251.35,23227.75,23246.5,0
2026-03-13 07:03:00+00:00,23248.7,23252.6,23242.1,23242.5,0
2026-03-13 07:04:00+00:00,23244.5,23244.5,23235.6,23239.2,0
2026-03-13 07:05:00+00:00,23241.0,23241.8,23234.45,23236.75,0
2026-03-13 07:06:00+00:00,23237.45,23240.7,23235.2,23235.9,0
2026-03-13 07:07:00+00:00,23236.7,23238.4,23225.6,23229.25,0
2026-03-13 07:08:00+00:00,23231.2,23232.3,23210.5,23211.55,0
2026-03-13 07:09:00+00:00,23212.65,23219.3,23211.8,23216.3,0
2026-03-13 07:10:00+00:00,23219.2,23219.4,23208.65,23210.05,0
2026-03-13 07:11:00+00:00,23210.35,23210.35,23193.55,23199.5,0
2026-03-13 07:12:00+00:00,23199.9,23216.6,23198.75,23215.15,0
2026-03-13 07:13:00+00:00,23215.75,23216.95,23211.3,23214.9,0
2026-03-13 07:14:00+00:00,23216.05,23218.8,23212.4,23212.4,0
2026-03-13 07:15:00+00:00,23214.0,23225.25,23210.2,23225.0,0
2026-03-13 07:16:00+00:00,23226.95,23241.3,23225.35,23240.55,0
2026-03-13 07:17:00+00:00,23241.05,23241.05,23230.75,23233.5,0
2026-03-13 07:18:00+00:00,23235.7,23245.5,23235.0,23237.4,0
2026-03-13 07:19:00+00:00,23240.2,23242.5,23236.6,23240.9,0
2026-03-13 07:20:00+00:00,23241.65,23247.35,23233.8,23247.35,0
2026-03-13 07:21:00+00:00,23247.65,23250.2,23238.65,23238.65,0
2026-03-13 07:22:00+00:00,23239.7,23239.7,23225.65,23226.4,0
2026-03-13 07:23:00+00:00,23228.35,23228.35,23216.85,23218.65,0
2026-03-13 07:24:00+00:00,23218.9,23229.95,23213.55,23229.6,0
2026-03-13 07:25:00+00:00,23230.45,23233.5,23224.65,23229.45,0
2026-03-13 07:26:00+00:00,23230.65,23232.75,23220.5,23221.05,0
2026-03-13 07:27:00+00:00,23221.15,23221.25,23213.3,23221.25,0
2026-03-13 07:28:00+00:00,23222.05,23230.6,23218.8,23230.6,0
2026-03-13 07:29:00+00:00,23229.85,23242.8,23229.6,23231.1,0
2026-03-13 07:30:00+00:00,23232.55,23235.55,23227.8,23227.8,0
2026-03-13 07:31:00+00:00,23226.5,23230.95,23223.15,23229.2,0
2026-03-13 07:32:00+00:00,23231.4,23239.55,23230.4,23236.55,0
2026-03-13 07:33:00+00:00,23237.8,23238.3,23221.85,23224.05,0
2026-03-13 07:34:00+00:00,23224.55,23224.55,23217.75,23221.25,0
2026-03-13 07:35:00+00:00,23223.75,23227.5,23217.1,23217.1,0
2026-03-13 07:36:00+00:00,23218.95,23224.5,23214.75,23222.5,0
2026-03-13 07:37:00+00:00,23224.05,23224.45,23217.4,23221.0,0
2026-03-13 07:38:00+00:00,23223.2,23224.85,23200.6,23200.6,0
2026-03-13 07:39:00+00:00,23203.15,23207.5,23191.7,23197.15,0
2026-03-13 07:40:00+00:00,23198.45,23198.45,23181.45,23184.25,0
2026-03-13 07:41:00+00:00,23186.2,23210.2,23180.55,23206.85,0
2026-03-13 07:42:00+00:00,23208.7,23208.7,23190.8,23194.2,0
2026-03-13 07:43:00+00:00,23196.7,23198.85,23179.6,23179.8,0
2026-03-13 07:44:00+00:00,23180.6,23185.8,23173.55,23175.7,0
2026-03-13 07:45:00+00:00,23178.35,23183.3,23170.95,23173.7,0
2026-03-13 07:46:00+00:00,23175.1,23178.75,23170.75,23178.35,0
2026-03-13 07:47:00+00:00,23179.6,23192.75,23179.25,23187.45,0
2026-03-13 07:48:00+00:00,23189.3,23189.45,23175.5,23177.8,0
2026-03-13 07:49:00+00:00,23177.85,23179.35,23167.95,23171.6,0
2026-03-13 07:50:00+00:00,23171.75,23186.6,23170.2,23180.5,0
2026-03-13 07:51:00+00:00,23181.55,23187.65,23173.75,23175.15,0
2026-03-13 07:52:00+00:00,23176.1,23180.45,23172.8,23178.05,0
2026-03-13 07:53:00+00:00,23179.3,23179.35,23170.55,23171.7,0
2026-03-13 07:54:00+00:00,23172.9,23174.05,23136.5,23141.25,0
2026-03-13 07:55:00+00:00,23142.75,23150.65,23139.25,23150.65,0
2026-03-13 07:56:00+00:00,23151.8,23164.65,23151.5,23162.3,0
2026-03-13 07:57:00+00:00,23163.55,23171.6,23159.15,23169.8,0
2026-03-13 07:58:00+00:00,23173.15,23190.25,23169.9,23189.55,0
2026-03-13 07:59:00+00:00,23189.05,23191.3,23183.8,23189.35,0
2026-03-13 08:00:00+00:00,23191.35,23194.25,23180.65,23193.3,0
2026-03-13 08:01:00+00:00,23194.5,23202.65,23189.0,23189.0,0
2026-03-13 08:02:00+00:00,23189.95,23189.95,23177.55,23177.55,0
2026-03-13 08:03:00+00:00,23180.25,23180.25,23167.85,23169.5,0
2026-03-13 08:04:00+00:00,23170.5,23174.75,23166.4,23167.95,0
2026-03-13 08:05:00+00:00,23169.2,23171.1,23154.55,23155.75,0
2026-03-13 08:06:00+00:00,23157.65,23166.8,23156.45,23160.6,0
2026-03-13 08:07:00+00:00,23162.95,23163.25,23150.85,23155.6,0
2026-03-13 08:08:00+00:00,23157.05,23157.95,23144.85,23146.1,0
2026-03-13 08:09:00+00:00,23147.6,23154.45,23142.7,23145.65,0
2026-03-13 08:10:00+00:00,23147.25,23150.0,23144.55,23144.65,0
2026-03-13 08:11:00+00:00,23147.2,23150.0,23131.15,23146.9,0
2026-03-13 08:12:00+00:00,23148.8,23165.2,23148.55,23160.25,0
2026-03-13 08:13:00+00:00,23162.45,23162.45,23154.45,23155.6,0
2026-03-13 08:14:00+00:00,23157.55,23162.25,23151.5,23157.15,0
2026-03-13 08:15:00+00:00,23159.1,23160.0,23148.85,23152.0,0
2026-03-13 08:16:00+00:00,23154.95,23157.25,23151.3,23155.3,0
2026-03-13 08:17:00+00:00,23154.5,23164.9,23152.8,23159.45,0
2026-03-13 08:18:00+00:00,23161.9,23168.4,23156.7,23162.25,0
2026-03-13 08:19:00+00:00,23164.85,23166.35,23158.75,23160.25,0
2026-03-13 08:20:00+00:00,23162.3,23166.9,23150.4,23150.8,0
2026-03-13 08:21:00+00:00,23150.8,23151.0,23133.55,23133.55,0
2026-03-13 08:22:00+00:00,23136.1,23155.15,23119.6,23152.55,0
2026-03-13 08:23:00+00:00,23154.85,23155.3,23141.65,23151.15,0
2026-03-13 08:24:00+00:00,23153.05,23153.3,23138.25,23138.25,0
2026-03-13 08:25:00+00:00,23141.55,23149.05,23138.85,23140.35,0
2026-03-13 08:26:00+00:00,23143.3,23150.3,23139.6,23142.5,0
2026-03-13 08:27:00+00:00,23145.9,23148.35,23137.9,23137.9,0
2026-03-13 08:28:00+00:00,23139.4,23141.8,23125.2,23126.9,0
2026-03-13 08:29:00+00:00,23128.05,23129.65,23112.0,23118.95,0
2026-03-13 08:30:00+00:00,23121.65,23135.5,23120.2,23131.45,0
2026-03-13 08:31:00+00:00,23133.2,23138.15,23129.3,23136.1,0
2026-03-13 08:32:00+00:00,23136.55,23154.75,23135.45,23152.35,0
2026-03-13 08:33:00+00:00,23155.0,23161.45,23146.5,23149.95,0
2026-03-13 08:34:00+00:00,23149.45,23153.8,23142.9,23143.2,0
2026-03-13 08:35:00+00:00,23145.25,23159.85,23142.25,23150.85,0
2026-03-13 08:36:00+00:00,23151.75,23172.6,23151.75,23168.4,0
2026-03-13 08:37:00+00:00,23168.25,23178.0,23167.4,23172.3,0
2026-03-13 08:38:00+00:00,23174.55,23176.4,23165.75,23171.85,0
2026-03-13 08:39:00+00:00,23173.9,23178.5,23167.75,23170.25,0
2026-03-13 08:40:00+00:00,23172.75,23183.1,23167.15,23176.4,0
2026-03-13 08:41:00+00:00,23177.6,23178.55,23167.5,23174.05,0
2026-03-13 08:42:00+00:00,23176.15,23179.6,23171.85,23172.15,0
2026-03-13 08:43:00+00:00,23171.95,23184.5,23168.7,23180.65,0
2026-03-13 08:44:00+00:00,23182.9,23205.5,23182.15,23201.85,0
2026-03-13 08:45:00+00:00,23203.65,23208.05,23184.3,23184.4,0
2026-03-13 08:46:00+00:00,23187.0,23191.65,23182.75,23184.0,0
2026-03-13 08:47:00+00:00,23186.2,23195.9,23183.6,23191.85,0
2026-03-13 08:48:00+00:00,23192.9,23198.65,23185.7,23187.4,0
2026-03-13 08:49:00+00:00,23190.8,23220.0,23187.3,23219.2,0
2026-03-13 08:50:00+00:00,23221.45,23233.5,23215.95,23223.6,0
2026-03-13 08:51:00+00:00,23226.75,23232.4,23210.15,23210.15,0
2026-03-13 08:52:00+00:00,23212.25,23214.0,23201.75,23211.9,0
2026-03-13 08:53:00+00:00,23215.7,23216.6,23206.05,23212.65,0
2026-03-13 08:54:00+00:00,23213.3,23217.65,23208.2,23210.2,0
2026-03-13 08:55:00+00:00,23210.8,23218.85,23208.35,23209.5,0
2026-03-13 08:56:00+00:00,23211.2,23211.2,23199.75,23203.85,0
2026-03-13 08:57:00+00:00,23205.9,23217.85,23203.55,23207.5,0
2026-03-13 08:58:00+00:00,23209.8,23225.1,23207.7,23219.2,0
2026-03-13 08:59:00+00:00,23221.1,23222.75,23202.5,23202.5,0
2026-03-13 09:00:00+00:00,23204.6,23227.45,23203.6,23222.8,0
2026-03-13 09:01:00+00:00,23225.35,23227.85,23212.05,23225.35,0
2026-03-13 09:02:00+00:00,23225.55,23247.05,23225.55,23244.75,0
2026-03-13 09:03:00+00:00,23244.6,23257.3,23244.6,23251.9,0
2026-03-13 09:04:00+00:00,23253.35,23258.6,23235.3,23235.5,0
2026-03-13 09:05:00+00:00,23242.1,23242.3,23217.0,23231.2,0
2026-03-13 09:06:00+00:00,23232.75,23241.3,23229.65,23234.55,0
2026-03-13 09:07:00+00:00,23236.35,23239.75,23219.3,23236.75,0
2026-03-13 09:08:00+00:00,23238.55,23249.05,23228.3,23228.3,0
2026-03-13 09:09:00+00:00,23230.9,23232.2,23208.3,23208.65,0
2026-03-13 09:10:00+00:00,23211.75,23220.55,23208.15,23213.75,0
2026-03-13 09:11:00+00:00,23214.45,23219.6,23208.2,23214.4,0
2026-03-13 09:12:00+00:00,23216.35,23218.25,23205.65,23208.95,0
2026-03-13 09:13:00+00:00,23211.3,23217.9,23208.5,23214.85,0
2026-03-13 09:14:00+00:00,23216.65,23231.55,23215.5,23224.8,0
2026-03-13 09:15:00+00:00,23228.7,23231.2,23213.15,23213.8,0
2026-03-13 09:16:00+00:00,23212.0,23216.2,23188.7,23189.6,0
2026-03-13 09:17:00+00:00,23189.85,23198.25,23177.55,23194.95,0
2026-03-13 09:18:00+00:00,23196.75,23204.3,23193.3,23195.7,0
2026-03-13 09:19:00+00:00,23199.05,23204.75,23191.05,23191.05,0
2026-03-13 09:20:00+00:00,23193.65,23212.2,23191.05,23208.65,0
2026-03-13 09:21:00+00:00,23209.75,23212.5,23203.25,23205.45,0
2026-03-13 09:22:00+00:00,23204.9,23210.95,23191.1,23191.1,0
2026-03-13 09:23:00+00:00,23193.0,23193.0,23169.75,23173.15,0
2026-03-13 09:24:00+00:00,23171.9,23178.15,23166.6,23167.35,0
2026-03-13 09:25:00+00:00,23172.65,23175.15,23159.15,23159.35,0
2026-03-13 09:26:00+00:00,23158.3,23160.75,23147.65,23150.25,0
2026-03-13 09:27:00+00:00,23151.25,23158.75,23144.55,23158.75,0
2026-03-13 09:28:00+00:00,23159.8,23170.15,23156.1,23165.65,0
2026-03-13 09:29:00+00:00,23166.6,23182.1,23162.1,23177.9,0
2026-03-13 09:30:00+00:00,23181.05,23190.55,23168.45,23185.3,0
2026-03-13 09:31:00+00:00,23186.2,23187.3,23167.85,23172.55,0
2026-03-13 09:32:00+00:00,23172.3,23174.35,23165.95,23168.8,0
2026-03-13 09:33:00+00:00,23168.25,23168.85,23156.2,23161.75,0
2026-03-13 09:34:00+00:00,23161.3,23163.5,23135.75,23138.05,0
2026-03-13 09:35:00+00:00,23137.45,23142.15,23134.3,23139.45,0
2026-03-13 09:36:00+00:00,23141.2,23141.5,23133.1,23135.35,0
2026-03-13 09:37:00+00:00,23134.95,23147.9,23131.45,23144.8,0
2026-03-13 09:38:00+00:00,23145.55,23147.95,23132.95,23134.55,0
2026-03-13 09:39:00+00:00,23132.15,23134.15,23125.1,23132.75,0
2026-03-13 09:40:00+00:00,23136.9,23139.25,23127.75,23136.05,0
2026-03-13 09:41:00+00:00,23135.0,23151.65,23133.95,23149.95,0
2026-03-13 09:42:00+00:00,23149.15,23166.2,23149.15,23160.2,0
2026-03-13 09:43:00+00:00,23159.95,23166.95,23156.4,23165.65,0
2026-03-13 09:44:00+00:00,23162.25,23167.05,23160.4,23162.55,0
2026-03-13 09:45:00+00:00,23161.45,23165.15,23152.2,23156.1,0
2026-03-13 09:46:00+00:00,23154.1,23156.2,23145.7,23149.95,0
2026-03-13 09:47:00+00:00,23149.25,23155.6,23146.75,23152.0,0
2026-03-13 09:48:00+00:00,23151.95,23155.55,23145.65,23151.15,0
2026-03-13 09:49:00+00:00,23150.8,23157.35,23149.3,23153.2,0
2026-03-13 09:50:00+00:00,23153.1,23153.75,23146.35,23148.3,0
2026-03-13 09:51:00+00:00,23146.4,23149.65,23143.2,23149.65,0
2026-03-13 09:52:00+00:00,23149.4,23154.1,23145.4,23150.7,0
2026-03-13 09:53:00+00:00,23148.25,23149.95,23144.5,23144.5,0
2026-03-13 09:54:00+00:00,23143.45,23148.45,23138.5,23148.15,0
2026-03-13 09:55:00+00:00,23147.3,23158.1,23147.0,23155.55,0
2026-03-13 09:56:00+00:00,23154.9,23164.5,23154.9,23161.5,0
2026-03-13 09:57:00+00:00,23163.2,23163.7,23158.1,23160.0,0
2026-03-13 09:58:00+00:00,23157.5,23163.75,23155.7,23162.15,0
2026-03-13 09:59:00+00:00,23163.25,23173.85,23159.55,23170.9,0
2026-03-16 03:45:00+00:00,23116.1,23248.05,23098.0,23155.35,0
2026-03-16 03:46:00+00:00,23166.9,23186.1,23132.6,23133.0,0
2026-03-16 03:47:00+00:00,23134.8,23156.25,23121.45,23131.6,0
2026-03-16 03:48:00+00:00,23133.15,23169.45,23127.75,23169.45,0
2026-03-16 03:49:00+00:00,23168.4,23190.95,23163.05,23172.55,0
2026-03-16 03:50:00+00:00,23173.8,23188.3,23163.6,23165.45,0
2026-03-16 03:51:00+00:00,23166.35,23168.2,23148.75,23156.65,0
2026-03-16 03:52:00+00:00,23158.35,23170.45,23142.9,23166.3,0
2026-03-16 03:53:00+00:00,23164.4,23182.0,23161.65,23163.65,0
2026-03-16 03:54:00+00:00,23163.1,23168.85,23131.65,23139.9,0
2026-03-16 03:55:00+00:00,23140.85,23146.2,23111.3,23121.9,0
2026-03-16 03:56:00+00:00,23123.15,23129.95,23113.25,23119.15,0
2026-03-16 03:57:00+00:00,23119.2,23149.35,23118.35,23139.6,0
2026-03-16 03:58:00+00:00,23144.5,23166.95,23144.5,23156.75,0
2026-03-16 03:59:00+00:00,23155.35,23159.7,23150.05,23157.75,0
2026-03-16 04:00:00+00:00,23159.5,23187.5,23158.2,23183.8,0
2026-03-16 04:01:00+00:00,23184.1,23204.75,23176.8,23200.9,0
2026-03-16 04:02:00+00:00,23201.95,23202.2,23185.7,23191.75,0
2026-03-16 04:03:00+00:00,23192.15,23214.35,23192.15,23201.55,0
2026-03-16 04:04:00+00:00,23201.9,23224.3,23201.15,23219.65,0
2026-03-16 04:05:00+00:00,23221.15,23234.8,23217.05,23227.8,0
2026-03-16 04:06:00+00:00,23228.25,23245.45,23226.1,23244.45,0
2026-03-16 04:07:00+00:00,23244.55,23266.8,23236.15,23262.8,0
2026-03-16 04:08:00+00:00,23261.15,23270.0,23256.0,23263.35,0
2026-03-16 04:09:00+00:00,23263.15,23264.5,23238.1,23242.75,0
2026-03-16 04:10:00+00:00,23240.95,23275.25,23239.6,23274.15,0
2026-03-16 04:11:00+00:00,23274.45,23284.65,23270.25,23276.25,0
2026-03-16 04:12:00+00:00,23276.45,23278.6,23263.75,23265.1,0
2026-03-16 04:13:00+00:00,23264.75,23265.6,23247.25,23248.8,0
2026-03-16 04:14:00+00:00,23249.25,23252.8,23237.4,23240.5,0
2026-03-16 04:15:00+00:00,23240.2,23272.85,23239.05,23268.45,0
2026-03-16 04:16:00+00:00,23269.0,23276.95,23261.1,23261.7,0
2026-03-16 04:17:00+00:00,23261.95,23262.1,23231.45,23231.75,0
2026-03-16 04:18:00+00:00,23231.45,23247.3,23231.45,23245.25,0
2026-03-16 04:19:00+00:00,23244.75,23248.95,23239.9,23241.0,0
2026-03-16 04:20:00+00:00,23240.85,23246.25,23233.75,23235.85,0
2026-03-16 04:21:00+00:00,23236.55,23249.25,23229.6,23247.45,0
2026-03-16 04:22:00+00:00,23247.9,23261.0,23242.4,23250.9,0
2026-03-16 04:23:00+00:00,23250.8,23256.25,23232.95,23233.2,0
2026-03-16 04:24:00+00:00,23233.0,23235.9,23221.0,23226.5,0
2026-03-16 04:25:00+00:00,23226.65,23232.75,23223.0,23230.05,0
2026-03-16 04:26:00+00:00,23230.0,23230.0,23215.05,23217.2,0
2026-03-16 04:27:00+00:00,23217.0,23232.05,23216.35,23216.9,0
2026-03-16 04:28:00+00:00,23215.7,23217.0,23199.95,23199.95,0
2026-03-16 04:29:00+00:00,23198.65,23198.65,23164.7,23167.55,0
2026-03-16 04:30:00+00:00,23168.8,23190.45,23168.35,23187.95,0
2026-03-16 04:31:00+00:00,23189.65,23198.15,23171.85,23173.2,0
2026-03-16 04:32:00+00:00,23173.0,23183.8,23169.55,23172.45,0
2026-03-16 04:33:00+00:00,23172.2,23179.15,23167.45,23169.55,0
2026-03-16 04:34:00+00:00,23170.35,23198.35,23169.45,23196.95,0
2026-03-16 04:35:00+00:00,23197.1,23209.85,23193.15,23208.4,0
2026-03-16 04:36:00+00:00,23208.75,23210.5,23196.5,23205.45,0
2026-03-16 04:37:00+00:00,23204.9,23207.2,23196.25,23201.65,0
2026-03-16 04:38:00+00:00,23200.6,23203.95,23189.95,23199.1,0
2026-03-16 04:39:00+00:00,23199.35,23199.35,23182.15,23184.45,0
2026-03-16 04:40:00+00:00,23184.75,23189.95,23176.35,23178.7,0
2026-03-16 04:41:00+00:00,23179.3,23181.75,23168.05,23168.75,0
2026-03-16 04:42:00+00:00,23168.25,23168.25,23155.7,23156.55,0
2026-03-16 04:43:00+00:00,23156.15,23159.95,23143.5,23146.25,0
2026-03-16 04:44:00+00:00,23146.4,23155.3,23143.25,23155.2,0
2026-03-16 04:45:00+00:00,23154.35,23154.35,23135.75,23137.65,0
2026-03-16 04:46:00+00:00,23136.9,23139.4,23119.1,23130.55,0
2026-03-16 04:47:00+00:00,23131.6,23133.05,23111.2,23111.2,0
2026-03-16 04:48:00+00:00,23111.65,23120.05,23106.75,23117.4,0
2026-03-16 04:49:00+00:00,23116.4,23118.1,23099.8,23100.0,0
2026-03-16 04:50:00+00:00,23100.6,23100.6,23057.2,23059.0,0
2026-03-16 04:51:00+00:00,23058.95,23078.8,23055.7,23076.5,0
2026-03-16 04:52:00+00:00,23076.8,23077.45,23066.05,23073.65,0
2026-03-16 04:53:00+00:00,23074.2,23077.85,23064.15,23065.75,0
2026-03-16 04:54:00+00:00,23066.55,23067.9,23055.1,23056.7,0
2026-03-16 04:55:00+00:00,23055.7,23065.95,23044.85,23058.5,0
2026-03-16 04:56:00+00:00,23057.75,23064.95,23053.0,23053.0,0
2026-03-16 04:57:00+00:00,23053.65,23053.65,23038.35,23046.6,0
2026-03-16 04:58:00+00:00,23045.95,23047.65,23032.15,23033.15,0
2026-03-16 04:59:00+00:00,23033.85,23036.35,23024.45,23024.95,0
2026-03-16 05:00:00+00:00,23026.5,23063.9,23025.95,23057.35,0
2026-03-16 05:01:00+00:00,23057.85,23074.5,23057.85,23066.85,0
2026-03-16 05:02:00+00:00,23066.6,23070.35,23061.7,23063.05,0
2026-03-16 05:03:00+00:00,23062.85,23062.85,23046.75,23046.75,0
2026-03-16 05:04:00+00:00,23047.35,23047.55,23040.15,23045.1,0
2026-03-16 05:05:00+00:00,23045.3,23059.65,23038.8,23059.65,0
2026-03-16 05:06:00+00:00,23058.05,23063.25,23056.1,23059.0,0
2026-03-16 05:07:00+00:00,23060.3,23066.65,23053.25,23060.15,0
2026-03-16 05:08:00+00:00,23059.95,23076.75,23059.95,23069.85,0
2026-03-16 05:09:00+00:00,23071.0,23072.25,23056.75,23057.7,0
2026-03-16 05:10:00+00:00,23056.85,23060.05,23051.65,23057.75,0
2026-03-16 05:11:00+00:00,23057.95,23068.3,23047.75,23064.2,0
2026-03-16 05:12:00+00:00,23064.25,23064.95,23053.4,23054.3,0
2026-03-16 05:13:00+00:00,23055.55,23060.0,23049.45,23057.9,0
2026-03-16 05:14:00+00:00,23059.0,23059.1,23049.3,23052.05,0
2026-03-16 05:15:00+00:00,23053.5,23053.5,23041.65,23041.9,0
2026-03-16 05:16:00+00:00,23042.05,23056.05,23039.6,23052.45,0
2026-03-16 05:17:00+00:00,23053.05,23064.25,23050.65,23052.15,0
2026-03-16 05:18:00+00:00,23051.9,23053.85,23036.5,23037.05,0
2026-03-16 05:19:00+00:00,23036.8,23038.75,23028.0,23035.6,0
2026-03-16 05:20:00+00:00,23035.7,23041.5,23023.35,23024.2,0
2026-03-16 05:21:00+00:00,23026.1,23035.7,23017.35,23017.7,0
2026-03-16 05:22:00+00:00,23017.65,23019.2,23007.05,23008.55,0
2026-03-16 05:23:00+00:00,23008.95,23011.3,22989.2,22993.25,0
2026-03-16 05:24:00+00:00,22992.0,22996.9,22985.15,22986.25,0
2026-03-16 05:25:00+00:00,22987.35,22990.75,22967.0,22967.6,0
2026-03-16 05:26:00+00:00,22967.85,22973.25,22955.25,22957.45,0
2026-03-16 05:27:00+00:00,22958.45,22992.05,22958.45,22992.05,0
2026-03-16 05:28:00+00:00,22992.5,23010.85,22992.5,23007.7,0
2026-03-16 05:29:00+00:00,23008.05,23034.05,23008.05,23032.25,0
2026-03-16 05:30:00+00:00,23032.95,23035.1,23016.2,23016.2,0
2026-03-16 05:31:00+00:00,23015.85,23039.35,23012.95,23038.2,0
2026-03-16 05:32:00+00:00,23037.7,23041.4,23030.4,23034.6,0
2026-03-16 05:33:00+00:00,23034.4,23046.05,23030.7,23046.05,0
2026-03-16 05:34:00+00:00,23046.1,23049.05,23043.05,23043.05,0
2026-03-16 05:35:00+00:00,23043.85,23047.2,23030.4,23045.25,0
2026-03-16 05:36:00+00:00,23045.25,23056.7,23039.3,23056.3,0
2026-03-16 05:37:00+00:00,23057.85,23070.95,23057.85,23069.3,0
2026-03-16 05:38:00+00:00,23068.85,23074.05,23065.8,23067.7,0
2026-03-16 05:39:00+00:00,23068.4,23079.0,23064.15,23076.75,0
2026-03-16 05:40:00+00:00,23077.9,23096.35,23077.9,23078.95,0
2026-03-16 05:41:00+00:00,23079.8,23080.25,23060.65,23066.0,0
2026-03-16 05:42:00+00:00,23066.5,23083.3,23066.5,23083.3,0
2026-03-16 05:43:00+00:00,23084.8,23092.8,23075.95,23088.9,0
2026-03-16 05:44:00+00:00,23089.1,23097.45,23089.1,23092.35,0
2026-03-16 05:45:00+00:00,23093.55,23115.95,23090.7,23114.65,0
2026-03-16 05:46:00+00:00,23115.75,23124.4,23114.6,23124.4,0
2026-03-16 05:47:00+00:00,23125.0,23152.5,23123.95,23146.7,0
2026-03-16 05:48:00+00:00,23146.4,23152.8,23131.05,23152.8,0
2026-03-16 05:49:00+00:00,23154.95,23190.15,23154.95,23187.75,0
2026-03-16 05:50:00+00:00,23189.05,23189.05,23164.5,23182.55,0
2026-03-16 05:51:00+00:00,23181.95,23196.6,23181.95,23192.2,0
2026-03-16 05:52:00+00:00,23192.85,23195.35,23179.55,23181.6,0
2026-03-16 05:53:00+00:00,23181.4,23189.35,23175.3,23177.65,0
2026-03-16 05:54:00+00:00,23177.2,23199.45,23174.25,23185.4,0
2026-03-16 05:55:00+00:00,23182.7,23182.8,23162.5,23166.85,0
2026-03-16 05:56:00+00:00,23167.25,23184.15,23167.25,23173.3,0
2026-03-16 05:57:00+00:00,23173.25,23178.95,23169.5,23178.5,0
2026-03-16 05:58:00+00:00,23179.65,23183.25,23171.85,23172.0,0
2026-03-16 05:59:00+00:00,23172.65,23173.4,23160.55,23172.2,0
2026-03-16 06:00:00+00:00,23172.75,23176.35,23163.2,23173.0,0
2026-03-16 06:01:00+00:00,23173.05,23201.2,23173.05,23193.35,0
2026-03-16 06:02:00+00:00,23192.65,23218.15,23191.8,23211.25,0
2026-03-16 06:03:00+00:00,23211.0,23211.9,23198.35,23198.35,0
2026-03-16 06:04:00+00:00,23198.95,23200.05,23193.2,23196.85,0
2026-03-16 06:05:00+00:00,23197.1,23209.05,23193.5,23198.0,0
2026-03-16 06:06:00+00:00,23198.7,23200.1,23183.2,23185.05,0
2026-03-16 06:07:00+00:00,23185.25,23186.55,23174.15,23179.65,0
2026-03-16 06:08:00+00:00,23179.5,23186.75,23174.9,23177.7,0
2026-03-16 06:09:00+00:00,23178.85,23179.3,23161.35,23166.7,0
2026-03-16 06:10:00+00:00,23166.35,23170.25,23161.4,23168.85,0
2026-03-16 06:11:00+00:00,23169.35,23174.55,23164.15,23172.75,0
2026-03-16 06:12:00+00:00,23172.4,23184.05,23164.1,23183.15,0
2026-03-16 06:13:00+00:00,23182.15,23184.0,23163.55,23164.4,0
2026-03-16 06:14:00+00:00,23163.35,23165.05,23148.35,23149.5,0
2026-03-16 06:15:00+00:00,23149.9,23166.45,23149.9,23162.15,0
2026-03-16 06:16:00+00:00,23162.3,23163.05,23149.95,23151.15,0
2026-03-16 06:17:00+00:00,23151.25,23157.5,23150.9,23153.45,0
2026-03-16 06:18:00+00:00,23153.8,23158.7,23144.8,23157.8,0
2026-03-16 06:19:00+00:00,23155.65,23165.75,23154.5,23160.0,0
2026-03-16 06:20:00+00:00,23160.0,23166.9,23158.6,23165.9,0
2026-03-16 06:21:00+00:00,23166.7,23170.55,23154.6,23155.2,0
2026-03-16 06:22:00+00:00,23154.4,23161.6,23144.95,23161.6,0
2026-03-16 06:23:00+00:00,23161.55,23164.6,23156.85,23156.85,0
2026-03-16 06:24:00+00:00,23158.2,23159.4,23154.2,23154.2,0
2026-03-16 06:25:00+00:00,23152.95,23152.95,23139.7,23139.7,0
2026-03-16 06:26:00+00:00,23140.1,23156.05,23138.1,23156.05,0
2026-03-16 06:27:00+00:00,23155.7,23172.0,23152.45,23169.45,0
2026-03-16 06:28:00+00:00,23169.95,23169.95,23149.55,23149.55,0
2026-03-16 06:29:00+00:00,23150.15,23154.05,23142.5,23144.95,0
2026-03-16 06:30:00+00:00,23144.4,23168.15,23144.4,23165.3,0
2026-03-16 06:31:00+00:00,23165.25,23177.05,23165.25,23175.75,0
2026-03-16 06:32:00+00:00,23175.25,23180.1,23174.4,23178.55,0
2026-03-16 06:33:00+00:00,23178.8,23187.6,23178.65,23186.3,0
2026-03-16 06:34:00+00:00,23186.15,23188.95,23154.35,23155.1,0
2026-03-16 06:35:00+00:00,23155.5,23162.65,23155.5,23160.45,0
2026-03-16 06:36:00+00:00,23160.4,23160.95,23150.8,23160.3,0
2026-03-16 06:37:00+00:00,23160.1,23163.8,23152.15,23162.0,0
2026-03-16 06:38:00+00:00,23162.65,23168.15,23160.35,23164.1,0
2026-03-16 06:39:00+00:00,23164.3,23164.3,23158.6,23159.55,0
2026-03-16 06:40:00+00:00,23159.2,23159.65,23147.6,23148.8,0
2026-03-16 06:41:00+00:00,23147.3,23166.35,23147.3,23162.45,0
2026-03-16 06:42:00+00:00,23163.15,23177.35,23163.15,23176.9,0
2026-03-16 06:43:00+00:00,23177.2,23185.85,23176.75,23177.7,0
2026-03-16 06:44:00+00:00,23177.0,23177.6,23161.05,23162.85,0
2026-03-16 06:45:00+00:00,23163.3,23167.95,23161.55,23164.95,0
2026-03-16 06:46:00+00:00,23164.75,23165.9,23154.35,23156.1,0
2026-03-16 06:47:00+00:00,23156.4,23169.15,23155.2,23165.45,0
2026-03-16 06:48:00+00:00,23165.1,23165.1,23156.0,23157.95,0
2026-03-16 06:49:00+00:00,23158.0,23167.15,23158.0,23166.05,0
2026-03-16 06:50:00+00:00,23166.5,23170.75,23162.3,23170.65,0
2026-03-16 06:51:00+00:00,23170.95,23174.9,23169.35,23171.85,0
2026-03-16 06:52:00+00:00,23171.75,23172.65,23167.2,23169.7,0
2026-03-16 06:53:00+00:00,23170.25,23177.15,23170.25,23174.25,0
2026-03-16 06:54:00+00:00,23174.2,23192.85,23171.05,23191.9,0
2026-03-16 06:55:00+00:00,23191.15,23191.15,23180.1,23188.35,0
2026-03-16 06:56:00+00:00,23188.45,23196.45,23187.8,23190.15,0
2026-03-16 06:57:00+00:00,23190.65,23191.85,23183.6,23185.9,0
2026-03-16 06:58:00+00:00,23186.2,23186.9,23171.15,23177.3,0
2026-03-16 06:59:00+00:00,23177.15,23189.05,23177.15,23179.4,0
2026-03-16 07:00:00+00:00,23178.65,23178.65,23163.85,23172.75,0
2026-03-16 07:01:00+00:00,23172.35,23178.6,23172.35,23175.35,0
2026-03-16 07:02:00+00:00,23174.9,23182.55,23173.75,23175.85,0
2026-03-16 07:03:00+00:00,23175.8,23177.7,23161.4,23161.4,0
2026-03-16 07:04:00+00:00,23162.4,23162.4,23138.85,23144.65,0
2026-03-16 07:05:00+00:00,23144.2,23145.35,23116.5,23116.65,0
2026-03-16 07:06:00+00:00,23116.3,23146.15,23114.5,23145.95,0
2026-03-16 07:07:00+00:00,23146.35,23153.8,23139.05,23153.8,0
2026-03-16 07:08:00+00:00,23152.85,23158.45,23145.7,23151.3,0
2026-03-16 07:09:00+00:00,23151.8,23160.55,23150.9,23159.45,0
2026-03-16 07:10:00+00:00,23159.45,23160.1,23151.45,23155.85,0
2026-03-16 07:11:00+00:00,23155.95,23165.35,23155.95,23161.6,0
2026-03-16 07:12:00+00:00,23161.65,23167.9,23160.65,23161.1,0
2026-03-16 07:13:00+00:00,23161.05,23173.65,23159.5,23172.85,0
2026-03-16 07:14:00+00:00,23172.05,23172.75,23151.95,23154.8,0
2026-03-16 07:15:00+00:00,23154.15,23154.6,23134.05,23134.05,0
2026-03-16 07:16:00+00:00,23134.25,23137.8,23118.6,23122.05,0
2026-03-16 07:17:00+00:00,23122.6,23126.7,23118.8,23124.3,0
2026-03-16 07:18:00+00:00,23124.05,23124.05,23106.35,23107.2,0
2026-03-16 07:19:00+00:00,23107.7,23107.85,23100.6,23102.65,0
2026-03-16 07:20:00+00:00,23102.4,23105.9,23095.85,23095.85,0
2026-03-16 07:21:00+00:00,23095.65,23102.1,23093.25,23096.6,0
2026-03-16 07:22:00+00:00,23096.05,23108.6,23095.45,23108.6,0
2026-03-16 07:23:00+00:00,23107.8,23128.7,23106.75,23125.45,0
2026-03-16 07:24:00+00:00,23124.3,23126.55,23121.25,23123.5,0
2026-03-16 07:25:00+00:00,23123.2,23124.15,23114.8,23116.1,0
2026-03-16 07:26:00+00:00,23116.55,23128.3,23116.55,23124.8,0
2026-03-16 07:27:00+00:00,23123.65,23125.25,23115.55,23119.7,0
2026-03-16 07:28:00+00:00,23119.3,23121.2,23116.95,23117.1,0
2026-03-16 07:29:00+00:00,23116.65,23132.75,23116.65,23132.4,0
2026-03-16 07:30:00+00:00,23132.75,23137.75,23130.9,23134.05,0
2026-03-16 07:31:00+00:00,23134.55,23150.7,23133.4,23148.6,0
2026-03-16 07:32:00+00:00,23148.55,23168.55,23148.55,23167.95,0
2026-03-16 07:33:00+00:00,23167.75,23169.15,23164.95,23164.95,0
2026-03-16 07:34:00+00:00,23166.85,23172.6,23121.9,23121.9,0
2026-03-16 07:35:00+00:00,23120.95,23120.95,23086.35,23103.65,0
2026-03-16 07:36:00+00:00,23103.05,23119.0,23102.45,23116.95,0
2026-03-16 07:37:00+00:00,23115.65,23117.95,23106.2,23111.6,0
2026-03-16 07:38:00+00:00,23111.05,23122.3,23103.2,23118.45,0
2026-03-16 07:39:00+00:00,23118.1,23131.85,23118.1,23121.55,0
2026-03-16 07:40:00+00:00,23120.25,23121.0,23111.65,23116.55,0
2026-03-16 07:41:00+00:00,23115.2,23134.2,23115.2,23132.6,0
2026-03-16 07:42:00+00:00,23133.0,23146.3,23127.3,23127.45,0
2026-03-16 07:43:00+00:00,23126.55,23126.95,23119.05,23121.85,0
2026-03-16 07:44:00+00:00,23120.9,23125.4,23113.0,23116.8,0
2026-03-16 07:45:00+00:00,23117.95,23136.0,23115.4,23132.15,0
2026-03-16 07:46:00+00:00,23131.9,23140.4,23131.0,23139.05,0
2026-03-16 07:47:00+00:00,23138.6,23151.05,23137.9,23150.85,0
2026-03-16 07:48:00+00:00,23149.85,23149.85,23138.3,23141.25,0
2026-03-16 07:49:00+00:00,23140.4,23151.1,23138.7,23151.1,0
2026-03-16 07:50:00+00:00,23150.7,23156.8,23144.8,23154.6,0
2026-03-16 07:51:00+00:00,23155.1,23159.1,23151.5,23157.4,0
2026-03-16 07:52:00+00:00,23157.2,23168.4,23157.2,23165.15,0
2026-03-16 07:53:00+00:00,23164.0,23168.95,23151.9,23152.05,0
2026-03-16 07:54:00+00:00,23151.6,23153.4,23145.7,23149.2,0
2026-03-16 07:55:00+00:00,23150.0,23161.8,23150.0,23154.85,0
2026-03-16 07:56:00+00:00,23153.9,23160.4,23146.45,23147.55,0
2026-03-16 07:57:00+00:00,23146.75,23147.55,23133.4,23133.4,0
2026-03-16 07:58:00+00:00,23132.75,23134.7,23122.25,23126.0,0
2026-03-16 07:59:00+00:00,23126.3,23131.15,23121.85,23124.5,0
2026-03-16 08:00:00+00:00,23123.75,23137.95,23122.0,23137.75,0
2026-03-16 08:01:00+00:00,23136.7,23144.2,23119.95,23119.95,0
2026-03-16 08:02:00+00:00,23118.4,23122.4,23115.35,23119.05,0
2026-03-16 08:03:00+00:00,23117.75,23117.9,23100.7,23113.25,0
2026-03-16 08:04:00+00:00,23112.25,23114.0,23103.9,23108.3,0
2026-03-16 08:05:00+00:00,23107.9,23113.95,23106.65,23112.55,0
2026-03-16 08:06:00+00:00,23111.35,23122.2,23111.35,23118.8,0
2026-03-16 08:07:00+00:00,23121.1,23129.2,23121.1,23124.5,0
2026-03-16 08:08:00+00:00,23124.0,23130.45,23119.15,23128.1,0
2026-03-16 08:09:00+00:00,23128.7,23129.4,23119.5,23128.2,0
2026-03-16 08:10:00+00:00,23126.35,23131.25,23122.95,23131.15,0
2026-03-16 08:11:00+00:00,23130.7,23147.85,23127.05,23139.2,0
2026-03-16 08:12:00+00:00,23139.25,23139.25,23123.35,23124.8,0
2026-03-16 08:13:00+00:00,23124.35,23132.2,23122.25,23126.05,0
2026-03-16 08:14:00+00:00,23125.85,23125.85,23107.05,23108.25,0
2026-03-16 08:15:00+00:00,23107.45,23110.0,23097.25,23099.7,0
2026-03-16 08:16:00+00:00,23098.1,23110.25,23092.85,23110.0,0
2026-03-16 08:17:00+00:00,23110.0,23119.35,23109.25,23118.2,0
2026-03-16 08:18:00+00:00,23117.65,23118.3,23102.45,23103.15,0
2026-03-16 08:19:00+00:00,23102.9,23116.95,23100.8,23107.8,0
2026-03-16 08:20:00+00:00,23107.85,23110.25,23097.15,23098.95,0
2026-03-16 08:21:00+00:00,23098.85,23116.6,23098.85,23110.7,0
2026-03-16 08:22:00+00:00,23110.75,23129.5,23110.75,23129.5,0
2026-03-16 08:23:00+00:00,23129.9,23141.45,23129.9,23138.45,0
2026-03-16 08:24:00+00:00,23138.4,23142.55,23130.05,23130.05,0
2026-03-16 08:25:00+00:00,23127.6,23131.05,23122.1,23124.35,0
2026-03-16 08:26:00+00:00,23124.15,23130.15,23115.75,23129.65,0
2026-03-16 08:27:00+00:00,23129.0,23131.1,23122.55,23128.55,0
2026-03-16 08:28:00+00:00,23127.4,23129.55,23123.7,23129.0,0
2026-03-16 08:29:00+00:00,23128.3,23133.25,23126.65,23130.8,0
2026-03-16 08:30:00+00:00,23130.45,23134.45,23128.8,23132.35,0
2026-03-16 08:31:00+00:00,23131.65,23132.25,23123.7,23125.1,0
2026-03-16 08:32:00+00:00,23124.55,23127.9,23121.6,23125.05,0
2026-03-16 08:33:00+00:00,23124.05,23128.9,23122.2,23128.55,0
2026-03-16 08:34:00+00:00,23128.0,23132.15,23122.9,23123.7,0
2026-03-16 08:35:00+00:00,23123.45,23133.9,23122.05,23132.95,0
2026-03-16 08:36:00+00:00,23132.5,23134.2,23117.95,23119.35,0
2026-03-16 08:37:00+00:00,23119.45,23134.75,23116.0,23133.1,0
2026-03-16 08:38:00+00:00,23133.55,23134.6,23126.55,23128.05,0
2026-03-16 08:39:00+00:00,23127.4,23142.9,23127.4,23137.6,0
2026-03-16 08:40:00+00:00,23136.35,23141.8,23136.35,23140.2,0
2026-03-16 08:41:00+00:00,23138.3,23178.35,23137.0,23178.35,0
2026-03-16 08:42:00+00:00,23178.65,23180.7,23174.4,23176.45,0
2026-03-16 08:43:00+00:00,23176.55,23179.85,23161.15,23161.15,0
2026-03-16 08:44:00+00:00,23161.4,23166.5,23152.65,23155.3,0
2026-03-16 08:45:00+00:00,23155.05,23160.25,23144.2,23144.2,0
2026-03-16 08:46:00+00:00,23144.15,23146.8,23134.9,23135.6,0
2026-03-16 08:47:00+00:00,23135.35,23152.7,23134.6,23151.0,0
2026-03-16 08:48:00+00:00,23149.6,23206.0,23149.6,23204.85,0
2026-03-16 08:49:00+00:00,23204.3,23226.85,23204.3,23225.6,0
2026-03-16 08:50:00+00:00,23226.55,23248.55,23225.2,23244.25,0
2026-03-16 08:51:00+00:00,23246.55,23277.55,23244.0,23261.85,0
2026-03-16 08:52:00+00:00,23267.45,23297.95,23266.45,23291.25,0
2026-03-16 08:53:00+00:00,23293.1,23314.55,23292.55,23311.7,0
2026-03-16 08:54:00+00:00,23314.5,23343.6,23308.55,23336.45,0
2026-03-16 08:55:00+00:00,23339.7,23359.8,23316.7,23316.7,0
2026-03-16 08:56:00+00:00,23320.45,23349.45,23302.15,23346.05,0
2026-03-16 08:57:00+00:00,23348.8,23361.2,23337.3,23355.25,0
2026-03-16 08:58:00+00:00,23355.15,23374.7,23342.8,23357.0,0
2026-03-16 08:59:00+00:00,23358.2,23363.35,23342.95,23347.85,0
2026-03-16 09:00:00+00:00,23352.85,23368.2,23340.3,23340.3,0
2026-03-16 09:01:00+00:00,23342.25,23360.4,23337.65,23355.15,0
2026-03-16 09:02:00+00:00,23358.5,23367.75,23355.1,23360.75,0
2026-03-16 09:03:00+00:00,23361.35,23386.55,23357.5,23371.5,0
2026-03-16 09:04:00+00:00,23373.1,23381.5,23365.7,23365.85,0
2026-03-16 09:05:00+00:00,23370.25,23373.45,23358.1,23366.1,0
2026-03-16 09:06:00+00:00,23370.7,23383.35,23360.95,23378.95,0
2026-03-16 09:07:00+00:00,23377.3,23394.25,23373.8,23375.05,0
2026-03-16 09:08:00+00:00,23377.95,23386.3,23369.1,23374.2,0
2026-03-16 09:09:00+00:00,23379.8,23418.55,23377.3,23411.6,0
2026-03-16 09:10:00+00:00,23415.0,23434.45,23401.9,23414.55,0
2026-03-16 09:11:00+00:00,23417.15,23420.15,23390.75,23391.85,0
2026-03-16 09:12:00+00:00,23394.15,23405.05,23390.05,23404.2,0
2026-03-16 09:13:00+00:00,23407.9,23442.6,23407.9,23426.85,0
2026-03-16 09:14:00+00:00,23429.3,23450.8,23419.6,23427.85,0
2026-03-16 09:15:00+00:00,23429.85,23437.2,23419.45,23423.6,0
2026-03-16 09:16:00+00:00,23424.65,23428.7,23411.3,23420.3,0
2026-03-16 09:17:00+00:00,23422.95,23445.5,23422.95,23435.0,0
2026-03-16 09:18:00+00:00,23436.35,23454.15,23436.25,23444.55,0
2026-03-16 09:19:00+00:00,23446.65,23462.6,23434.25,23453.85,0
2026-03-16 09:20:00+00:00,23456.25,23468.05,23435.1,23440.2,0
2026-03-16 09:21:00+00:00,23442.4,23457.45,23442.4,23443.0,0
2026-03-16 09:22:00+00:00,23445.05,23465.2,23436.8,23461.85,0
2026-03-16 09:23:00+00:00,23463.35,23502.0,23463.35,23490.55,0
2026-03-16 09:24:00+00:00,23492.35,23492.35,23455.95,23458.15,0
2026-03-16 09:25:00+00:00,23463.75,23466.1,23436.75,23444.7,0
2026-03-16 09:26:00+00:00,23447.3,23462.65,23440.5,23443.0,0
2026-03-16 09:27:00+00:00,23443.75,23475.25,23443.75,23450.55,0
2026-03-16 09:28:00+00:00,23452.9,23463.95,23448.05,23461.6,0
2026-03-16 09:29:00+00:00,23461.45,23475.45,23451.05,23454.05,0
2026-03-16 09:30:00+00:00,23455.3,23459.25,23412.15,23416.2,0
2026-03-16 09:31:00+00:00,23416.35,23425.45,23401.8,23402.0,0
2026-03-16 09:32:00+00:00,23404.1,23404.85,23388.75,23390.1,0
2026-03-16 09:33:00+00:00,23393.7,23416.6,23393.7,23412.0,0
2026-03-16 09:34:00+00:00,23413.85,23418.0,23401.7,23401.7,0
2026-03-16 09:35:00+00:00,23403.55,23419.8,23403.55,23410.9,0
2026-03-16 09:36:00+00:00,23412.3,23457.55,23412.3,23456.3,0
2026-03-16 09:37:00+00:00,23456.15,23458.0,23442.6,23445.75,0
2026-03-16 09:38:00+00:00,23447.25,23450.7,23429.5,23429.5,0
2026-03-16 09:39:00+00:00,23431.9,23445.6,23430.9,23440.2,0
2026-03-16 09:40:00+00:00,23442.2,23450.55,23436.45,23442.25,0
2026-03-16 09:41:00+00:00,23442.7,23456.2,23440.3,23453.75,0
2026-03-16 09:42:00+00:00,23454.15,23460.2,23428.05,23432.85,0
2026-03-16 09:43:00+00:00,23434.55,23439.15,23418.25,23423.2,0
2026-03-16 09:44:00+00:00,23427.55,23438.5,23423.8,23435.25,0
2026-03-16 09:45:00+00:00,23435.8,23436.05,23416.2,23416.2,0
2026-03-16 09:46:00+00:00,23417.35,23417.75,23400.7,23405.1,0
2026-03-16 09:47:00+00:00,23404.75,23410.25,23401.45,23405.6,0
2026-03-16 09:48:00+00:00,23406.3,23407.8,23400.7,23402.3,0
2026-03-16 09:49:00+00:00,23403.5,23406.05,23373.25,23376.0,0
2026-03-16 09:50:00+00:00,23376.7,23379.3,23372.5,23377.25,0
2026-03-16 09:51:00+00:00,23378.5,23385.35,23378.05,23381.1,0
2026-03-16 09:52:00+00:00,23382.05,23382.05,23374.8,23379.65,0
2026-03-16 09:53:00+00:00,23379.35,23380.55,23364.9,23366.75,0
2026-03-16 09:54:00+00:00,23368.25,23368.25,23352.65,23354.55,0
2026-03-16 09:55:00+00:00,23354.85,23356.8,23347.4,23351.2,0
2026-03-16 09:56:00+00:00,23352.2,23353.55,23345.05,23346.75,0
2026-03-16 09:57:00+00:00,23346.1,23350.8,23343.65,23349.35,0
2026-03-16 09:58:00+00:00,23349.1,23357.1,23338.6,23340.3,0
2026-03-16 09:59:00+00:00,23345.0,23359.9,23338.75,23355.6,0
2026-03-17 03:45:00+00:00,23493.2,23493.2,23395.7,23400.75,0
2026-03-17 03:46:00+00:00,23397.0,23405.15,23380.25,23401.95,0
2026-03-17 03:47:00+00:00,23400.7,23401.7,23360.3,23386.25,0
2026-03-17 03:48:00+00:00,23385.15,23396.8,23376.9,23390.55,0
2026-03-17 03:49:00+00:00,23391.25,23419.1,23391.25,23395.55,0
2026-03-17 03:50:00+00:00,23393.2,23394.55,23375.35,23380.5,0
2026-03-17 03:51:00+00:00,23376.35,23390.75,23375.85,23381.4,0
2026-03-17 03:52:00+00:00,23381.85,23424.25,23381.85,23403.9,0
2026-03-17 03:53:00+00:00,23403.2,23406.55,23378.1,23386.2,0
2026-03-17 03:54:00+00:00,23385.1,23394.3,23363.75,23363.75,0
2026-03-17 03:55:00+00:00,23359.15,23377.9,23355.3,23367.3,0
2026-03-17 03:56:00+00:00,23367.05,23378.45,23358.95,23370.6,0
2026-03-17 03:57:00+00:00,23371.6,23373.1,23346.6,23359.9,0
2026-03-17 03:58:00+00:00,23359.4,23381.75,23359.4,23377.5,0
2026-03-17 03:59:00+00:00,23377.55,23391.05,23369.95,23373.15,0
2026-03-17 04:00:00+00:00,23376.7,23390.1,23362.15,23366.7,0
2026-03-17 04:01:00+00:00,23369.0,23375.6,23359.5,23371.85,0
2026-03-17 04:02:00+00:00,23371.8,23379.3,23363.95,23377.8,0
2026-03-17 04:03:00+00:00,23377.75,23398.95,23376.35,23392.95,0
2026-03-17 04:04:00+00:00,23392.8,23402.85,23387.8,23388.8,0
2026-03-17 04:05:00+00:00,23390.65,23417.65,23385.05,23411.45,0
2026-03-17 04:06:00+00:00,23411.65,23433.2,23411.65,23432.85,0
2026-03-17 04:07:00+00:00,23432.6,23436.6,23426.05,23429.35,0
2026-03-17 04:08:00+00:00,23429.95,23432.5,23413.5,23415.3,0
2026-03-17 04:09:00+00:00,23416.35,23440.3,23416.35,23437.25,0
2026-03-17 04:10:00+00:00,23437.8,23462.9,23436.75,23458.95,0
2026-03-17 04:11:00+00:00,23458.25,23462.2,23442.65,23448.55,0
2026-03-17 04:12:00+00:00,23448.55,23450.2,23421.6,23424.5,0
2026-03-17 04:13:00+00:00,23424.5,23433.65,23417.3,23433.65,0
2026-03-17 04:14:00+00:00,23433.85,23454.05,23433.75,23453.15,0
2026-03-17 04:15:00+00:00,23453.45,23457.1,23439.6,23439.65,0
2026-03-17 04:16:00+00:00,23439.55,23465.65,23431.7,23463.0,0
2026-03-17 04:17:00+00:00,23462.45,23485.15,23462.0,23480.15,0
2026-03-17 04:18:00+00:00,23481.45,23481.45,23472.3,23476.55,0
2026-03-17 04:19:00+00:00,23476.9,23486.3,23473.75,23484.5,0
2026-03-17 04:20:00+00:00,23484.4,23485.55,23472.9,23477.4,0
2026-03-17 04:21:00+00:00,23476.85,23480.25,23474.35,23476.05,0
2026-03-17 04:22:00+00:00,23469.2,23473.5,23456.4,23473.3,0
2026-03-17 04:23:00+00:00,23473.65,23486.05,23473.65,23480.95,0
2026-03-17 04:24:00+00:00,23481.35,23488.3,23473.6,23483.0,0
2026-03-17 04:25:00+00:00,23484.2,23484.2,23472.25,23472.95,0
2026-03-17 04:26:00+00:00,23472.15,23475.85,23466.0,23470.1,0
2026-03-17 04:27:00+00:00,23471.85,23476.55,23469.25,23473.85,0
2026-03-17 04:28:00+00:00,23475.35,23501.75,23475.35,23494.1,0
2026-03-17 04:29:00+00:00,23495.75,23497.3,23480.3,23496.75,0
2026-03-17 04:30:00+00:00,23496.7,23508.3,23496.7,23498.15,0
2026-03-17 04:31:00+00:00,23498.55,23516.45,23498.55,23516.2,0
2026-03-17 04:32:00+00:00,23515.6,23524.45,23511.9,23523.55,0
2026-03-17 04:33:00+00:00,23522.7,23525.2,23511.5,23514.55,0
2026-03-17 04:34:00+00:00,23513.9,23519.5,23505.2,23513.45,0
2026-03-17 04:35:00+00:00,23512.75,23530.6,23512.75,23526.45,0
2026-03-17 04:36:00+00:00,23526.15,23528.05,23520.0,23523.85,0
2026-03-17 04:37:00+00:00,23523.15,23528.6,23518.2,23527.95,0
2026-03-17 04:38:00+00:00,23527.2,23529.25,23512.65,23516.7,0
2026-03-17 04:39:00+00:00,23516.5,23521.6,23516.5,23520.5,0
2026-03-17 04:40:00+00:00,23518.55,23522.75,23514.65,23518.85,0
2026-03-17 04:41:00+00:00,23519.15,23524.45,23516.6,23522.5,0
2026-03-17 04:42:00+00:00,23522.65,23537.1,23517.35,23521.1,0
2026-03-17 04:43:00+00:00,23521.95,23523.65,23509.25,23509.3,0
2026-03-17 04:44:00+00:00,23508.85,23526.65,23504.8,23525.85,0
2026-03-17 04:45:00+00:00,23525.75,23541.45,23525.75,23540.65,0
2026-03-17 04:46:00+00:00,23539.3,23543.9,23537.2,23541.25,0
2026-03-17 04:47:00+00:00,23542.05,23549.7,23540.7,23542.95,0
2026-03-17 04:48:00+00:00,23542.45,23547.65,23542.05,23543.0,0
2026-03-17 04:49:00+00:00,23542.2,23555.5,23542.15,23554.3,0
2026-03-17 04:50:00+00:00,23553.3,23557.35,23536.6,23556.2,0
2026-03-17 04:51:00+00:00,23558.0,23560.55,23554.0,23559.5,0
2026-03-17 04:52:00+00:00,23559.2,23573.15,23559.2,23572.65,0
2026-03-17 04:53:00+00:00,23572.35,23574.25,23567.75,23574.25,0
2026-03-17 04:54:00+00:00,23575.2,23577.55,23562.15,23563.7,0
2026-03-17 04:55:00+00:00,23563.5,23566.15,23547.05,23547.55,0
2026-03-17 04:56:00+00:00,23547.45,23552.15,23539.15,23541.95,0
2026-03-17 04:57:00+00:00,23539.9,23544.35,23531.5,23533.2,0
2026-03-17 04:58:00+00:00,23536.0,23543.3,23524.75,23525.2,0
2026-03-17 04:59:00+00:00,23524.25,23528.45,23500.2,23501.85,0
2026-03-17 05:00:00+00:00,23501.7,23502.6,23482.25,23484.7,0
2026-03-17 05:01:00+00:00,23484.45,23510.65,23484.45,23503.95,0
2026-03-17 05:02:00+00:00,23504.65,23509.0,23491.85,23494.0,0
2026-03-17 05:03:00+00:00,23495.0,23495.0,23470.15,23477.5,0
2026-03-17 05:04:00+00:00,23477.3,23485.1,23467.85,23467.85,0
2026-03-17 05:05:00+00:00,23469.55,23477.35,23460.6,23463.55,0
2026-03-17 05:06:00+00:00,23463.3,23464.5,23448.8,23448.8,0
2026-03-17 05:07:00+00:00,23450.25,23469.35,23443.0,23465.65,0
2026-03-17 05:08:00+00:00,23466.45,23483.15,23466.45,23478.85,0
2026-03-17 05:09:00+00:00,23478.15,23490.6,23471.6,23489.7,0
2026-03-17 05:10:00+00:00,23489.55,23493.8,23474.45,23476.8,0
2026-03-17 05:11:00+00:00,23476.65,23477.6,23461.25,23468.0,0
2026-03-17 05:12:00+00:00,23469.5,23479.75,23467.55,23478.05,0
2026-03-17 05:13:00+00:00,23478.8,23489.75,23478.5,23482.9,0
2026-03-17 05:14:00+00:00,23482.25,23487.15,23478.1,23483.9,0
2026-03-17 05:15:00+00:00,23484.65,23487.9,23483.45,23483.8,0
2026-03-17 05:16:00+00:00,23483.85,23500.85,23483.4,23498.2,0
2026-03-17 05:17:00+00:00,23497.95,23499.05,23475.5,23482.45,0
2026-03-17 05:18:00+00:00,23482.7,23497.6,23482.65,23497.6,0
2026-03-17 05:19:00+00:00,23497.1,23523.15,23497.1,23522.65,0
2026-03-17 05:20:00+00:00,23522.95,23533.0,23519.45,23519.45,0
2026-03-17 05:21:00+00:00,23518.95,23530.1,23510.25,23528.45,0
2026-03-17 05:22:00+00:00,23527.45,23529.75,23522.95,23525.9,0
2026-03-17 05:23:00+00:00,23525.7,23532.0,23520.35,23521.75,0
2026-03-17 05:24:00+00:00,23522.7,23529.4,23519.25,23521.15,0
2026-03-17 05:25:00+00:00,23519.4,23532.25,23519.4,23532.25,0
2026-03-17 05:26:00+00:00,23531.8,23533.9,23523.95,23527.2,0
2026-03-17 05:27:00+00:00,23527.4,23528.6,23509.4,23512.15,0
2026-03-17 05:28:00+00:00,23513.45,23528.1,23513.45,23523.9,0
2026-03-17 05:29:00+00:00,23524.3,23527.8,23523.6,23523.85,0
2026-03-17 05:30:00+00:00,23523.85,23528.15,23511.5,23518.9,0
2026-03-17 05:31:00+00:00,23518.65,23525.35,23517.05,23523.95,0
2026-03-17 05:32:00+00:00,23523.5,23527.9,23521.0,23521.15,0
2026-03-17 05:33:00+00:00,23520.9,23521.45,23508.0,23516.3,0
2026-03-17 05:34:00+00:00,23517.2,23519.5,23511.3,23514.9,0
2026-03-17 05:35:00+00:00,23514.4,23523.1,23514.4,23522.95,0
2026-03-17 05:36:00+00:00,23522.35,23526.95,23516.9,23516.9,0
2026-03-17 05:37:00+00:00,23518.05,23521.0,23507.5,23509.4,0
2026-03-17 05:38:00+00:00,23509.6,23513.15,23481.6,23482.5,0
2026-03-17 05:39:00+00:00,23481.65,23495.4,23481.65,23490.45,0
2026-03-17 05:40:00+00:00,23491.7,23496.5,23488.25,23495.55,0
2026-03-17 05:41:00+00:00,23495.05,23504.7,23495.05,23499.5,0
2026-03-17 05:42:00+00:00,23499.75,23507.4,23492.95,23492.95,0
2026-03-17 05:43:00+00:00,23490.35,23492.1,23468.6,23468.6,0
2026-03-17 05:44:00+00:00,23468.6,23481.5,23467.4,23471.45,0
2026-03-17 05:45:00+00:00,23470.45,23479.5,23454.85,23455.85,0
2026-03-17 05:46:00+00:00,23459.15,23464.65,23454.45,23456.75,0
2026-03-17 05:47:00+00:00,23456.05,23456.9,23441.4,23444.3,0
2026-03-17 05:48:00+00:00,23443.5,23455.25,23442.45,23445.2,0
2026-03-17 05:49:00+00:00,23445.45,23457.45,23438.55,23438.55,0
2026-03-17 05:50:00+00:00,23439.75,23446.6,23436.0,23443.35,0
2026-03-17 05:51:00+00:00,23443.2,23448.15,23413.85,23423.65,0
2026-03-17 05:52:00+00:00,23425.7,23440.2,23425.0,23427.4,0
2026-03-17 05:53:00+00:00,23426.3,23432.65,23416.55,23427.1,0
2026-03-17 05:54:00+00:00,23426.7,23429.15,23411.15,23412.65,0
2026-03-17 05:55:00+00:00,23412.35,23416.85,23388.55,23389.55,0
2026-03-17 05:56:00+00:00,23387.6,23394.15,23379.6,23385.55,0
2026-03-17 05:57:00+00:00,23385.65,23394.0,23379.8,23383.7,0
2026-03-17 05:58:00+00:00,23383.7,23395.25,23378.8,23380.45,0
2026-03-17 05:59:00+00:00,23378.8,23386.7,23375.95,23384.35,0
2026-03-17 06:00:00+00:00,23385.25,23393.25,23375.35,23375.8,0
2026-03-17 06:01:00+00:00,23374.95,23394.0,23374.95,23385.6,0
2026-03-17 06:02:00+00:00,23383.55,23385.15,23375.45,23378.55,0
2026-03-17 06:03:00+00:00,23377.4,23391.85,23367.45,23367.45,0
2026-03-17 06:04:00+00:00,23365.95,23376.7,23363.45,23365.75,0
2026-03-17 06:05:00+00:00,23365.6,23378.85,23365.6,23368.45,0
2026-03-17 06:06:00+00:00,23367.85,23369.4,23355.7,23366.35,0
2026-03-17 06:07:00+00:00,23366.15,23379.1,23366.15,23377.2,0
2026-03-17 06:08:00+00:00,23379.3,23409.9,23378.15,23406.95,0
2026-03-17 06:09:00+00:00,23406.8,23408.1,23389.9,23390.45,0
2026-03-17 06:10:00+00:00,23389.4,23399.0,23387.3,23391.35,0
2026-03-17 06:11:00+00:00,23392.1,23397.85,23388.75,23396.55,0
2026-03-17 06:12:00+00:00,23395.6,23403.5,23395.6,23399.55,0
2026-03-17 06:13:00+00:00,23400.4,23408.15,23398.95,23405.75,0
2026-03-17 06:14:00+00:00,23405.55,23406.25,23379.95,23390.45,0
2026-03-17 06:15:00+00:00,23390.9,23397.85,23389.6,23397.85,0
2026-03-17 06:16:00+00:00,23398.55,23410.75,23395.8,23410.7,0
2026-03-17 06:17:00+00:00,23408.45,23417.85,23403.1,23403.1,0
2026-03-17 06:18:00+00:00,23404.1,23404.1,23388.15,23388.55,0
2026-03-17 06:19:00+00:00,23389.6,23394.85,23387.8,23392.65,0
2026-03-17 06:20:00+00:00,23392.3,23416.0,23389.05,23413.1,0
2026-03-17 06:21:00+00:00,23412.6,23429.45,23409.95,23422.25,0
2026-03-17 06:22:00+00:00,23422.65,23429.6,23419.95,23428.05,0
2026-03-17 06:23:00+00:00,23427.75,23429.05,23408.75,23409.85,0
2026-03-17 06:24:00+00:00,23409.65,23414.3,23408.55,23410.6,0
2026-03-17 06:25:00+00:00,23410.4,23411.95,23395.15,23395.15,0
2026-03-17 06:26:00+00:00,23394.15,23397.05,23376.05,23377.2,0
2026-03-17 06:27:00+00:00,23378.85,23397.45,23378.85,23395.35,0
2026-03-17 06:28:00+00:00,23395.4,23411.65,23394.55,23410.15,0
2026-03-17 06:29:00+00:00,23409.55,23419.6,23409.55,23415.35,0
2026-03-17 06:30:00+00:00,23414.75,23415.85,23402.85,23404.95,0
2026-03-17 06:31:00+00:00,23404.35,23421.7,23402.6,23420.55,0
2026-03-17 06:32:00+00:00,23419.25,23421.95,23412.6,23415.75,0
2026-03-17 06:33:00+00:00,23415.1,23418.7,23407.85,23409.6,0
2026-03-17 06:34:00+00:00,23408.75,23415.5,23406.3,23410.4,0
2026-03-17 06:35:00+00:00,23411.4,23421.0,23408.2,23418.3,0
2026-03-17 06:36:00+00:00,23418.35,23423.6,23416.4,23418.1,0
2026-03-17 06:37:00+00:00,23417.7,23428.85,23417.55,23427.0,0
2026-03-17 06:38:00+00:00,23426.35,23438.0,23425.65,23436.65,0
2026-03-17 06:39:00+00:00,23437.0,23438.0,23433.3,23435.6,0
2026-03-17 06:40:00+00:00,23435.3,23436.85,23424.3,23432.5,0
2026-03-17 06:41:00+00:00,23431.75,23439.8,23431.75,23436.15,0
2026-03-17 06:42:00+00:00,23436.3,23441.05,23436.05,23437.5,0
2026-03-17 06:43:00+00:00,23437.45,23450.05,23437.0,23442.05,0
2026-03-17 06:44:00+00:00,23442.1,23444.15,23432.15,23435.15,0
2026-03-17 06:45:00+00:00,23435.15,23438.3,23422.2,23422.35,0
2026-03-17 06:46:00+00:00,23422.45,23423.2,23407.4,23409.65,0
2026-03-17 06:47:00+00:00,23409.7,23412.95,23397.75,23412.55,0
2026-03-17 06:48:00+00:00,23412.1,23414.35,23399.8,23399.85,0
2026-03-17 06:49:00+00:00,23399.9,23401.55,23382.25,23383.45,0
2026-03-17 06:50:00+00:00,23383.7,23399.2,23381.55,23397.65,0
2026-03-17 06:51:00+00:00,23397.95,23402.85,23396.2,23402.45,0
2026-03-17 06:52:00+00:00,23402.8,23411.75,23401.0,23408.55,0
2026-03-17 06:53:00+00:00,23408.9,23413.05,23399.2,23402.85,0
2026-03-17 06:54:00+00:00,23401.8,23403.8,23385.2,23385.2,0
2026-03-17 06:55:00+00:00,23386.85,23400.35,23385.35,23396.4,0
2026-03-17 06:56:00+00:00,23395.55,23404.0,23395.4,23399.5,0
2026-03-17 06:57:00+00:00,23398.55,23404.95,23398.3,23401.15,0
2026-03-17 06:58:00+00:00,23400.95,23402.4,23386.0,23387.15,0
2026-03-17 06:59:00+00:00,23390.2,23408.75,23389.1,23406.35,0
2026-03-17 07:00:00+00:00,23407.05,23408.75,23388.45,23392.45,0
2026-03-17 07:01:00+00:00,23393.8,23394.4,23380.35,23387.85,0
2026-03-17 07:02:00+00:00,23388.1,23400.1,23388.1,23399.7,0
2026-03-17 07:03:00+00:00,23398.85,23408.55,23398.85,23406.75,0
2026-03-17 07:04:00+00:00,23407.8,23415.2,23406.9,23410.55,0
2026-03-17 07:05:00+00:00,23410.6,23429.7,23409.85,23426.9,0
2026-03-17 07:06:00+00:00,23426.15,23432.5,23420.85,23422.0,0
2026-03-17 07:07:00+00:00,23421.15,23422.95,23418.35,23419.9,0
2026-03-17 07:08:00+00:00,23418.3,23423.95,23414.15,23422.55,0
2026-03-17 07:09:00+00:00,23421.75,23437.1,23421.75,23424.5,0
2026-03-17 07:10:00+00:00,23423.25,23425.1,23416.95,23418.85,0
2026-03-17 07:11:00+00:00,23416.65,23420.2,23412.85,23420.2,0
2026-03-17 07:12:00+00:00,23418.55,23428.45,23416.3,23427.2,0
2026-03-17 07:13:00+00:00,23426.35,23457.25,23420.4,23451.35,0
2026-03-17 07:14:00+00:00,23449.05,23451.3,23445.35,23450.9,0
2026-03-17 07:15:00+00:00,23449.3,23472.3,23449.3,23462.75,0
2026-03-17 07:16:00+00:00,23461.5,23467.1,23456.25,23461.45,0
2026-03-17 07:17:00+00:00,23461.85,23466.8,23458.2,23465.3,0
2026-03-17 07:18:00+00:00,23466.55,23469.6,23458.0,23468.95,0
2026-03-17 07:19:00+00:00,23467.7,23488.15,23467.55,23488.15,0
2026-03-17 07:20:00+00:00,23486.75,23496.2,23474.3,23483.5,0
2026-03-17 07:21:00+00:00,23483.85,23489.0,23473.85,23474.05,0
2026-03-17 07:22:00+00:00,23473.7,23475.15,23463.05,23463.35,0
2026-03-17 07:23:00+00:00,23463.5,23477.75,23462.7,23462.7,0
2026-03-17 07:24:00+00:00,23461.8,23470.1,23459.75,23465.5,0
2026-03-17 07:25:00+00:00,23464.85,23466.2,23456.95,23458.35,0
2026-03-17 07:26:00+00:00,23458.55,23473.6,23457.35,23472.25,0
2026-03-17 07:27:00+00:00,23471.65,23479.8,23468.45,23468.9,0
2026-03-17 07:28:00+00:00,23468.65,23479.2,23467.2,23477.15,0
2026-03-17 07:29:00+00:00,23476.45,23482.6,23474.6,23477.55,0
2026-03-17 07:30:00+00:00,23477.05,23489.0,23477.05,23489.0,0
2026-03-17 07:31:00+00:00,23486.65,23495.3,23485.75,23492.65,0
2026-03-17 07:32:00+00:00,23492.35,23502.7,23488.15,23502.65,0
2026-03-17 07:33:00+00:00,23502.75,23512.55,23500.8,23508.65,0
2026-03-17 07:34:00+00:00,23506.1,23508.25,23500.55,23505.2,0
2026-03-17 07:35:00+00:00,23504.9,23510.25,23502.45,23502.6,0
2026-03-17 07:36:00+00:00,23502.15,23502.6,23476.15,23485.4,0
2026-03-17 07:37:00+00:00,23484.1,23503.4,23484.1,23503.4,0
2026-03-17 07:38:00+00:00,23504.45,23516.45,23504.45,23516.0,0
2026-03-17 07:39:00+00:00,23514.75,23520.3,23511.1,23516.3,0
2026-03-17 07:40:00+00:00,23516.25,23526.0,23515.95,23521.3,0
2026-03-17 07:41:00+00:00,23522.15,23526.75,23518.85,23520.75,0
2026-03-17 07:42:00+00:00,23520.2,23528.85,23520.2,23523.15,0
2026-03-17 07:43:00+00:00,23523.25,23527.4,23517.25,23525.1,0
2026-03-17 07:44:00+00:00,23524.9,23533.5,23523.7,23532.95,0
2026-03-17 07:45:00+00:00,23533.95,23551.2,23533.95,23551.2,0
2026-03-17 07:46:00+00:00,23552.2,23557.65,23550.25,23550.25,0
2026-03-17 07:47:00+00:00,23551.55,23552.7,23544.9,23549.8,0
2026-03-17 07:48:00+00:00,23550.5,23557.8,23549.75,23551.5,0
2026-03-17 07:49:00+00:00,23551.45,23555.35,23546.6,23554.7,0
2026-03-17 07:50:00+00:00,23555.25,23560.2,23552.25,23557.25,0
2026-03-17 07:51:00+00:00,23557.35,23559.75,23547.9,23548.35,0
2026-03-17 07:52:00+00:00,23549.4,23557.45,23548.65,23548.65,0
2026-03-17 07:53:00+00:00,23549.05,23549.15,23537.15,23537.8,0
2026-03-17 07:54:00+00:00,23539.0,23542.75,23538.25,23539.9,0
2026-03-17 07:55:00+00:00,23540.95,23543.4,23533.85,23535.8,0
2026-03-17 07:56:00+00:00,23535.95,23543.7,23530.7,23533.3,0
2026-03-17 07:57:00+00:00,23534.3,23534.3,23524.85,23529.1,0
2026-03-17 07:58:00+00:00,23529.05,23543.35,23528.45,23539.85,0
2026-03-17 07:59:00+00:00,23539.8,23544.75,23537.95,23541.05,0
2026-03-17 08:00:00+00:00,23542.5,23574.85,23542.5,23573.35,0
2026-03-17 08:01:00+00:00,23574.6,23592.05,23568.2,23570.3,0
2026-03-17 08:02:00+00:00,23570.2,23580.4,23569.15,23575.0,0
2026-03-17 08:03:00+00:00,23575.0,23577.0,23567.8,23568.1,0
2026-03-17 08:04:00+00:00,23567.1,23567.15,23546.15,23549.9,0
2026-03-17 08:05:00+00:00,23550.1,23554.35,23547.8,23547.8,0
2026-03-17 08:06:00+00:00,23548.15,23552.65,23542.75,23542.75,0
2026-03-17 08:07:00+00:00,23542.35,23544.1,23538.7,23541.4,0
2026-03-17 08:08:00+00:00,23542.55,23552.05,23540.55,23541.6,0
2026-03-17 08:09:00+00:00,23541.25,23542.35,23512.55,23513.2,0
2026-03-17 08:10:00+00:00,23513.5,23528.55,23513.5,23519.0,0
2026-03-17 08:11:00+00:00,23519.05,23520.1,23508.25,23508.3,0
2026-03-17 08:12:00+00:00,23508.5,23518.75,23504.15,23517.65,0
2026-03-17 08:13:00+00:00,23517.55,23539.95,23517.55,23539.35,0
2026-03-17 08:14:00+00:00,23540.2,23540.75,23528.05,23530.75,0
2026-03-17 08:15:00+00:00,23531.75,23544.85,23531.75,23543.6,0
2026-03-17 08:16:00+00:00,23545.15,23553.3,23543.2,23549.0,0
2026-03-17 08:17:00+00:00,23548.55,23558.4,23548.55,23553.75,0
2026-03-17 08:18:00+00:00,23554.85,23554.85,23537.9,23540.55,0
2026-03-17 08:19:00+00:00,23543.0,23558.2,23542.05,23557.45,0
2026-03-17 08:20:00+00:00,23557.5,23568.3,23555.3,23555.3,0
2026-03-17 08:21:00+00:00,23555.85,23559.2,23548.7,23550.4,0
2026-03-17 08:22:00+00:00,23552.6,23567.7,23550.85,23559.1,0
2026-03-17 08:23:00+00:00,23560.35,23561.1,23548.75,23551.15,0
2026-03-17 08:24:00+00:00,23551.0,23555.85,23547.5,23547.5,0
2026-03-17 08:25:00+00:00,23547.85,23550.65,23545.7,23549.65,0
2026-03-17 08:26:00+00:00,23551.1,23552.75,23547.1,23547.1,0
2026-03-17 08:27:00+00:00,23547.35,23554.2,23547.05,23549.25,0
2026-03-17 08:28:00+00:00,23550.1,23550.4,23531.05,23532.8,0
2026-03-17 08:29:00+00:00,23533.1,23547.05,23533.05,23541.85,0
2026-03-17 08:30:00+00:00,23542.5,23552.65,23542.5,23550.55,0
2026-03-17 08:31:00+00:00,23551.1,23557.45,23538.3,23538.3,0
2026-03-17 08:32:00+00:00,23536.15,23541.8,23533.4,23539.25,0
2026-03-17 08:33:00+00:00,23539.7,23568.65,23539.7,23566.15,0
2026-03-17 08:34:00+00:00,23565.1,23573.2,23561.35,23566.7,0
2026-03-17 08:35:00+00:00,23565.55,23569.25,23549.5,23549.5,0
2026-03-17 08:36:00+00:00,23548.7,23549.3,23537.25,23545.1,0
2026-03-17 08:37:00+00:00,23545.2,23558.0,23544.1,23557.45,0
2026-03-17 08:38:00+00:00,23557.05,23563.45,23552.3,23562.85,0
2026-03-17 08:39:00+00:00,23562.05,23573.3,23562.05,23569.7,0
2026-03-17 08:40:00+00:00,23570.0,23587.95,23570.0,23587.55,0
2026-03-17 08:41:00+00:00,23588.1,23596.5,23586.25,23593.35,0
2026-03-17 08:42:00+00:00,23593.4,23602.75,23588.05,23598.7,0
2026-03-17 08:43:00+00:00,23599.25,23608.95,23595.8,23603.65,0
2026-03-17 08:44:00+00:00,23603.35,23604.0,23597.3,23600.0,0
2026-03-17 08:45:00+00:00,23600.4,23606.85,23597.85,23604.0,0
2026-03-17 08:46:00+00:00,23599.6,23599.6,23551.15,23561.4,0
2026-03-17 08:47:00+00:00,23560.6,23588.1,23559.75,23561.15,0
2026-03-17 08:48:00+00:00,23562.45,23573.3,23562.45,23562.95,0
2026-03-17 08:49:00+00:00,23564.05,23567.05,23560.75,23562.1,0
2026-03-17 08:50:00+00:00,23562.9,23575.3,23562.9,23570.05,0
2026-03-17 08:51:00+00:00,23569.65,23569.65,23550.9,23552.6,0
2026-03-17 08:52:00+00:00,23553.0,23558.9,23540.3,23544.05,0
2026-03-17 08:53:00+00:00,23543.85,23555.9,23534.85,23537.25,0
2026-03-17 08:54:00+00:00,23537.85,23554.25,23536.9,23545.75,0
2026-03-17 08:55:00+00:00,23545.0,23556.65,23538.3,23543.1,0
2026-03-17 08:56:00+00:00,23543.1,23546.6,23526.85,23529.25,0
2026-03-17 08:57:00+00:00,23529.8,23550.3,23529.8,23544.85,0
2026-03-17 08:58:00+00:00,23545.45,23558.25,23545.05,23552.95,0
2026-03-17 08:59:00+00:00,23553.15,23565.6,23551.85,23554.05,0
2026-03-17 09:00:00+00:00,23554.55,23574.75,23554.55,23572.75,0
2026-03-17 09:01:00+00:00,23572.05,23580.25,23566.65,23579.3,0
2026-03-17 09:02:00+00:00,23579.6,23587.8,23579.2,23586.45,0
2026-03-17 09:03:00+00:00,23586.85,23586.85,23571.25,23577.55,0
2026-03-17 09:04:00+00:00,23577.55,23584.35,23577.05,23579.3,0
2026-03-17 09:05:00+00:00,23580.3,23590.95,23577.6,23589.6,0
2026-03-17 09:06:00+00:00,23590.3,23596.85,23584.6,23584.6,0
2026-03-17 09:07:00+00:00,23584.95,23585.35,23575.1,23579.8,0
2026-03-17 09:08:00+00:00,23579.65,23600.15,23579.65,23591.15,0
2026-03-17 09:09:00+00:00,23592.1,23592.6,23584.85,23590.2,0
2026-03-17 09:10:00+00:00,23592.4,23599.3,23588.85,23592.65,0
2026-03-17 09:11:00+00:00,23594.0,23603.1,23594.0,23603.1,0
2026-03-17 09:12:00+00:00,23601.65,23615.35,23586.45,23586.45,0
2026-03-17 09:13:00+00:00,23586.65,23594.1,23586.1,23586.1,0
2026-03-17 09:14:00+00:00,23587.15,23590.0,23585.35,23587.1,0
2026-03-17 09:15:00+00:00,23588.35,23594.7,23578.45,23579.35,0
2026-03-17 09:16:00+00:00,23579.65,23594.25,23577.2,23590.65,0
2026-03-17 09:17:00+00:00,23591.5,23597.05,23589.8,23589.85,0
2026-03-17 09:18:00+00:00,23589.2,23590.25,23567.55,23575.25,0
2026-03-17 09:19:00+00:00,23576.3,23599.15,23571.4,23598.6,0
2026-03-17 09:20:00+00:00,23600.05,23614.35,23600.05,23611.85,0
2026-03-17 09:21:00+00:00,23612.9,23614.95,23592.1,23611.0,0
2026-03-17 09:22:00+00:00,23609.85,23613.1,23603.4,23609.3,0
2026-03-17 09:23:00+00:00,23610.75,23618.85,23603.35,23604.3,0
2026-03-17 09:24:00+00:00,23603.95,23624.15,23596.3,23622.45,0
2026-03-17 09:25:00+00:00,23622.4,23629.95,23621.95,23626.5,0
2026-03-17 09:26:00+00:00,23626.55,23636.7,23626.55,23631.4,0
2026-03-17 09:27:00+00:00,23633.5,23638.0,23624.15,23632.4,0
2026-03-17 09:28:00+00:00,23633.2,23644.05,23632.7,23643.2,0
2026-03-17 09:29:00+00:00,23644.95,23656.8,23641.8,23654.5,0
2026-03-17 09:30:00+00:00,23655.2,23655.2,23606.05,23622.8,0
2026-03-17 09:31:00+00:00,23624.2,23629.4,23611.5,23625.5,0
2026-03-17 09:32:00+00:00,23621.45,23626.15,23595.4,23595.4,0
2026-03-17 09:33:00+00:00,23594.1,23594.9,23569.7,23577.2,0
2026-03-17 09:34:00+00:00,23577.35,23593.2,23569.25,23592.95,0
2026-03-17 09:35:00+00:00,23591.85,23593.85,23579.1,23581.15,0
2026-03-17 09:36:00+00:00,23582.1,23592.5,23574.45,23587.5,0
2026-03-17 09:37:00+00:00,23588.25,23596.5,23584.55,23596.05,0
2026-03-17 09:38:00+00:00,23594.85,23600.65,23589.1,23599.8,0
2026-03-17 09:39:00+00:00,23600.35,23614.6,23592.9,23593.6,0
2026-03-17 09:40:00+00:00,23594.45,23594.45,23568.4,23571.5,0
2026-03-17 09:41:00+00:00,23571.55,23576.9,23569.75,23572.7,0
2026-03-17 09:42:00+00:00,23572.6,23587.55,23567.5,23587.55,0
2026-03-17 09:43:00+00:00,23587.95,23606.15,23587.95,23604.4,0
2026-03-17 09:44:00+00:00,23605.05,23610.7,23601.25,23607.05,0
2026-03-17 09:45:00+00:00,23607.65,23607.65,23573.4,23573.4,0
2026-03-17 09:46:00+00:00,23574.65,23574.65,23554.4,23555.4,0
2026-03-17 09:47:00+00:00,23555.35,23556.2,23546.55,23549.95,0
2026-03-17 09:48:00+00:00,23550.45,23567.55,23546.8,23559.75,0
2026-03-17 09:49:00+00:00,23561.45,23566.9,23550.15,23563.0,0
2026-03-17 09:50:00+00:00,23564.2,23580.55,23560.85,23574.95,0
2026-03-17 09:51:00+00:00,23575.05,23575.05,23561.55,23567.7,0
2026-03-17 09:52:00+00:00,23567.1,23567.1,23558.25,23560.45,0
2026-03-17 09:53:00+00:00,23559.7,23559.7,23552.7,23558.65,0
2026-03-17 09:54:00+00:00,23559.55,23559.55,23554.2,23559.0,0
2026-03-17 09:55:00+00:00,23558.6,23561.7,23553.15,23558.2,0
2026-03-17 09:56:00+00:00,23557.95,23559.1,23553.85,23559.1,0
2026-03-17 09:57:00+00:00,23558.5,23565.9,23556.75,23564.2,0
2026-03-17 09:58:00+00:00,23562.1,23567.55,23559.75,23561.3,0
2026-03-17 09:59:00+00:00,23558.9,23568.4,23554.75,23558.8,0
2026-03-18 03:45:00+00:00,23632.9,23677.2,23618.45,23671.7,0
2026-03-18 03:46:00+00:00,23669.3,23706.1,23668.5,23701.7,0
2026-03-18 03:47:00+00:00,23701.95,23726.05,23697.75,23715.35,0
2026-03-18 03:48:00+00:00,23719.35,23723.9,23713.6,23719.15,0
2026-03-18 03:49:00+00:00,23719.6,23726.75,23716.5,23721.9,0
2026-03-18 03:50:00+00:00,23721.6,23738.9,23720.95,23732.6,0
2026-03-18 03:51:00+00:00,23734.1,23734.1,23704.0,23704.9,0
2026-03-18 03:52:00+00:00,23706.1,23709.65,23690.05,23693.45,0
2026-03-18 03:53:00+00:00,23692.95,23713.3,23692.0,23705.8,0
2026-03-18 03:54:00+00:00,23705.35,23705.35,23675.5,23676.15,0
2026-03-18 03:55:00+00:00,23677.0,23691.4,23667.3,23691.35,0
2026-03-18 03:56:00+00:00,23689.5,23696.15,23677.6,23684.0,0
2026-03-18 03:57:00+00:00,23685.5,23705.95,23684.55,23705.95,0
2026-03-18 03:58:00+00:00,23705.6,23724.15,23702.95,23721.6,0
2026-03-18 03:59:00+00:00,23721.2,23723.25,23710.7,23715.3,0
2026-03-18 04:00:00+00:00,23714.8,23733.4,23714.8,23732.2,0
2026-03-18 04:01:00+00:00,23731.7,23735.05,23721.25,23725.85,0
2026-03-18 04:02:00+00:00,23725.7,23733.45,23725.55,23728.4,0
2026-03-18 04:03:00+00:00,23728.2,23732.8,23719.65,23720.3,0
2026-03-18 04:04:00+00:00,23720.0,23732.65,23720.0,23725.3,0
2026-03-18 04:05:00+00:00,23726.8,23728.8,23720.6,23724.9,0
2026-03-18 04:06:00+00:00,23723.7,23726.8,23720.2,23721.9,0
2026-03-18 04:07:00+00:00,23721.05,23726.5,23715.7,23725.8,0
2026-03-18 04:08:00+00:00,23724.05,23729.35,23718.65,23719.55,0
2026-03-18 04:09:00+00:00,23717.6,23718.7,23706.45,23708.05,0
2026-03-18 04:10:00+00:00,23708.1,23712.25,23707.55,23709.3,0
2026-03-18 04:11:00+00:00,23708.0,23709.85,23704.05,23705.4,0
2026-03-18 04:12:00+00:00,23705.45,23717.75,23700.1,23712.5,0
2026-03-18 04:13:00+00:00,23713.15,23731.1,23713.15,23725.1,0
2026-03-18 04:14:00+00:00,23725.5,23727.25,23715.25,23721.75,0
2026-03-18 04:15:00+00:00,23720.35,23725.25,23711.55,23713.2,0
2026-03-18 04:16:00+00:00,23712.8,23717.1,23704.45,23708.5,0
2026-03-18 04:17:00+00:00,23707.3,23719.9,23705.05,23708.85,0
2026-03-18 04:18:00+00:00,23709.3,23715.5,23704.9,23713.65,0
2026-03-18 04:19:00+00:00,23714.6,23733.95,23714.6,23732.2,0
2026-03-18 04:20:00+00:00,23733.4,23752.75,23732.45,23751.65,0
2026-03-18 04:21:00+00:00,23749.45,23754.65,23737.5,23738.3,0
2026-03-18 04:22:00+00:00,23739.1,23741.6,23728.3,23731.05,0
2026-03-18 04:23:00+00:00,23730.8,23732.85,23724.6,23731.05,0
2026-03-18 04:24:00+00:00,23730.4,23732.8,23720.85,23724.35,0
2026-03-18 04:25:00+00:00,23724.3,23725.2,23700.9,23704.15,0
2026-03-18 04:26:00+00:00,23704.45,23705.6,23681.5,23683.95,0
2026-03-18 04:27:00+00:00,23683.15,23685.1,23669.55,23669.55,0
2026-03-18 04:28:00+00:00,23671.05,23684.9,23671.0,23684.9,0
2026-03-18 04:29:00+00:00,23684.35,23693.15,23684.35,23691.25,0
2026-03-18 04:30:00+00:00,23691.15,23695.65,23684.55,23686.7,0
2026-03-18 04:31:00+00:00,23685.65,23690.9,23683.05,23687.85,0
2026-03-18 04:32:00+00:00,23687.8,23689.1,23668.4,23669.8,0
2026-03-18 04:33:00+00:00,23668.85,23671.05,23657.8,23659.35,0
2026-03-18 04:34:00+00:00,23658.3,23661.25,23650.6,23657.05,0
2026-03-18 04:35:00+00:00,23658.05,23659.75,23644.6,23648.7,0
2026-03-18 04:36:00+00:00,23648.3,23654.2,23643.3,23653.3,0
2026-03-18 04:37:00+00:00,23654.3,23663.95,23654.3,23660.95,0
2026-03-18 04:38:00+00:00,23661.0,23663.05,23652.3,23656.95,0
2026-03-18 04:39:00+00:00,23657.85,23664.0,23650.2,23650.2,0
2026-03-18 04:40:00+00:00,23649.35,23652.35,23640.85,23642.3,0
2026-03-18 04:41:00+00:00,23643.35,23655.2,23640.7,23653.35,0
2026-03-18 04:42:00+00:00,23652.55,23653.9,23645.2,23645.55,0
2026-03-18 04:43:00+00:00,23645.35,23652.55,23641.6,23650.9,0
2026-03-18 04:44:00+00:00,23650.65,23666.3,23650.65,23664.3,0
2026-03-18 04:45:00+00:00,23664.95,23674.65,23664.65,23673.75,0
2026-03-18 04:46:00+00:00,23671.65,23688.45,23671.65,23686.2,0
2026-03-18 04:47:00+00:00,23685.35,23688.85,23684.3,23687.35,0
2026-03-18 04:48:00+00:00,23686.75,23704.4,23686.75,23703.8,0
2026-03-18 04:49:00+00:00,23703.85,23711.0,23703.8,23707.35,0
2026-03-18 04:50:00+00:00,23707.7,23714.2,23707.1,23707.1,0
2026-03-18 04:51:00+00:00,23707.6,23709.2,23701.35,23709.2,0
2026-03-18 04:52:00+00:00,23709.25,23720.2,23709.25,23717.4,0
2026-03-18 04:53:00+00:00,23717.6,23731.2,23717.3,23731.1,0
2026-03-18 04:54:00+00:00,23729.6,23736.05,23729.4,23735.85,0
2026-03-18 04:55:00+00:00,23734.9,23736.1,23728.3,23731.75,0
2026-03-18 04:56:00+00:00,23731.55,23737.55,23726.1,23737.55,0
2026-03-18 04:57:00+00:00,23736.15,23737.85,23716.7,23725.3,0
2026-03-18 04:58:00+00:00,23725.4,23727.85,23720.5,23725.8,0
2026-03-18 04:59:00+00:00,23725.45,23727.2,23721.65,23722.95,0
2026-03-18 05:00:00+00:00,23721.65,23723.4,23715.95,23716.05,0
2026-03-18 05:01:00+00:00,23715.65,23722.35,23713.45,23720.1,0
2026-03-18 05:02:00+00:00,23720.4,23738.1,23720.4,23737.7,0
2026-03-18 05:03:00+00:00,23736.2,23739.45,23733.85,23735.55,0
2026-03-18 05:04:00+00:00,23735.85,23737.85,23724.25,23732.15,0
2026-03-18 05:05:00+00:00,23730.4,23735.95,23726.35,23726.35,0
2026-03-18 05:06:00+00:00,23725.95,23733.75,23723.0,23733.3,0
2026-03-18 05:07:00+00:00,23730.9,23740.95,23730.9,23739.15,0
2026-03-18 05:08:00+00:00,23739.85,23746.0,23739.8,23743.05,0
2026-03-18 05:09:00+00:00,23742.1,23745.15,23730.05,23731.5,0
2026-03-18 05:10:00+00:00,23730.55,23740.05,23728.4,23737.4,0
2026-03-18 05:11:00+00:00,23737.45,23741.2,23731.4,23733.25,0
2026-03-18 05:12:00+00:00,23734.1,23737.95,23731.55,23732.65,0
2026-03-18 05:13:00+00:00,23733.2,23733.55,23722.9,23728.5,0
2026-03-18 05:14:00+00:00,23728.85,23730.35,23718.3,23723.35,0
2026-03-18 05:15:00+00:00,23721.65,23732.05,23721.1,23731.8,0
2026-03-18 05:16:00+00:00,23731.55,23739.85,23731.15,23736.0,0
2026-03-18 05:17:00+00:00,23736.15,23738.75,23732.2,23738.65,0
2026-03-18 05:18:00+00:00,23738.2,23761.15,23738.2,23759.85,0
2026-03-18 05:19:00+00:00,23757.65,23760.2,23753.95,23759.85,0
2026-03-18 05:20:00+00:00,23759.55,23765.95,23753.2,23753.3,0
2026-03-18 05:21:00+00:00,23753.0,23763.6,23752.65,23761.3,0
2026-03-18 05:22:00+00:00,23761.1,23762.8,23753.75,23755.6,0
2026-03-18 05:23:00+00:00,23754.05,23761.6,23754.05,23760.3,0
2026-03-18 05:24:00+00:00,23760.95,23770.5,23760.05,23768.15,0
2026-03-18 05:25:00+00:00,23767.55,23771.0,23764.2,23769.95,0
2026-03-18 05:26:00+00:00,23769.65,23774.9,23768.6,23771.3,0
2026-03-18 05:27:00+00:00,23771.55,23778.55,23769.8,23776.35,0
2026-03-18 05:28:00+00:00,23776.25,23777.9,23767.4,23768.6,0
2026-03-18 05:29:00+00:00,23767.05,23773.3,23766.6,23770.6,0
2026-03-18 05:30:00+00:00,23770.8,23781.75,23770.4,23777.95,0
2026-03-18 05:31:00+00:00,23776.45,23778.2,23764.15,23767.1,0
2026-03-18 05:32:00+00:00,23767.35,23775.85,23765.7,23775.5,0
2026-03-18 05:33:00+00:00,23775.65,23783.2,23775.65,23781.2,0
2026-03-18 05:34:00+00:00,23781.6,23786.5,23777.6,23784.4,0
2026-03-18 05:35:00+00:00,23782.45,23784.2,23771.6,23772.45,0
2026-03-18 05:36:00+00:00,23771.95,23774.3,23768.55,23770.35,0
2026-03-18 05:37:00+00:00,23770.95,23772.55,23764.55,23766.6,0
2026-03-18 05:38:00+00:00,23767.05,23773.75,23765.0,23770.8,0
2026-03-18 05:39:00+00:00,23770.25,23783.45,23770.25,23777.15,0
2026-03-18 05:40:00+00:00,23776.6,23783.4,23774.15,23783.4,0
2026-03-18 05:41:00+00:00,23782.5,23784.3,23769.35,23770.05,0
2026-03-18 05:42:00+00:00,23770.05,23775.15,23768.45,23772.75,0
2026-03-18 05:43:00+00:00,23772.25,23777.35,23770.5,23773.85,0
2026-03-18 05:44:00+00:00,23773.85,23791.5,23773.85,23785.3,0
2026-03-18 05:45:00+00:00,23784.7,23785.95,23771.15,23773.55,0
2026-03-18 05:46:00+00:00,23771.95,23775.6,23770.6,23773.05,0
2026-03-18 05:47:00+00:00,23772.0,23777.1,23772.0,23773.65,0
2026-03-18 05:48:00+00:00,23772.95,23778.15,23770.6,23776.5,0
2026-03-18 05:49:00+00:00,23776.9,23787.05,23776.9,23787.05,0
2026-03-18 05:50:00+00:00,23786.25,23791.3,23786.25,23791.2,0
2026-03-18 05:51:00+00:00,23791.35,23796.7,23787.2,23793.6,0
2026-03-18 05:52:00+00:00,23794.05,23800.15,23781.85,23781.85,0
2026-03-18 05:53:00+00:00,23782.55,23791.4,23782.55,23791.4,0
2026-03-18 05:54:00+00:00,23790.7,23801.1,23790.7,23798.2,0
2026-03-18 05:55:00+00:00,23797.85,23798.65,23790.1,23792.15,0
2026-03-18 05:56:00+00:00,23791.75,23794.55,23779.75,23784.0,0
2026-03-18 05:57:00+00:00,23782.8,23801.2,23782.8,23801.2,0
2026-03-18 05:58:00+00:00,23800.45,23805.9,23797.85,23805.5,0
2026-03-18 05:59:00+00:00,23804.75,23806.4,23798.4,23799.6,0
2026-03-18 06:00:00+00:00,23798.75,23800.35,23790.1,23795.8,0
2026-03-18 06:01:00+00:00,23795.25,23798.7,23792.35,23792.9,0
2026-03-18 06:02:00+00:00,23793.05,23799.65,23793.05,23798.4,0
2026-03-18 06:03:00+00:00,23797.8,23804.35,23792.0,23793.5,0
2026-03-18 06:04:00+00:00,23793.05,23798.4,23791.65,23791.65,0
2026-03-18 06:05:00+00:00,23791.7,23792.35,23783.1,23784.3,0
2026-03-18 06:06:00+00:00,23784.7,23796.85,23784.7,23796.5,0
2026-03-18 06:07:00+00:00,23795.5,23807.65,23795.5,23804.25,0
2026-03-18 06:08:00+00:00,23803.8,23812.0,23801.1,23811.55,0
2026-03-18 06:09:00+00:00,23811.3,23816.0,23810.35,23812.95,0
2026-03-18 06:10:00+00:00,23813.35,23817.4,23812.1,23817.3,0
2026-03-18 06:11:00+00:00,23817.0,23824.55,23817.0,23824.5,0
2026-03-18 06:12:00+00:00,23825.6,23835.95,23818.45,23823.4,0
2026-03-18 06:13:00+00:00,23823.7,23828.5,23819.65,23828.5,0
2026-03-18 06:14:00+00:00,23829.2,23833.45,23816.45,23817.95,0
2026-03-18 06:15:00+00:00,23816.9,23820.4,23812.15,23813.25,0
2026-03-18 06:16:00+00:00,23812.3,23813.35,23808.35,23810.8,0
2026-03-18 06:17:00+00:00,23810.35,23816.7,23808.2,23814.75,0
2026-03-18 06:18:00+00:00,23813.6,23818.0,23812.55,23814.4,0
2026-03-18 06:19:00+00:00,23813.8,23814.4,23804.15,23804.15,0
2026-03-18 06:20:00+00:00,23804.3,23814.15,23803.55,23812.95,0
2026-03-18 06:21:00+00:00,23813.3,23818.7,23813.05,23816.55,0
2026-03-18 06:22:00+00:00,23816.85,23818.55,23807.15,23810.9,0
2026-03-18 06:23:00+00:00,23811.05,23813.35,23808.6,23810.05,0
2026-03-18 06:24:00+00:00,23809.65,23822.5,23809.65,23820.55,0
2026-03-18 06:25:00+00:00,23820.15,23821.3,23814.1,23815.0,0
2026-03-18 06:26:00+00:00,23813.9,23814.7,23807.55,23812.85,0
2026-03-18 06:27:00+00:00,23812.25,23815.4,23806.5,23811.2,0
2026-03-18 06:28:00+00:00,23810.2,23813.05,23808.2,23810.5,0
2026-03-18 06:29:00+00:00,23808.8,23811.3,23806.3,23806.3,0
2026-03-18 06:30:00+00:00,23806.65,23810.8,23802.2,23803.6,0
2026-03-18 06:31:00+00:00,23802.15,23808.95,23798.6,23799.65,0
2026-03-18 06:32:00+00:00,23798.2,23800.1,23790.6,23794.55,0
2026-03-18 06:33:00+00:00,23793.65,23795.85,23787.0,23790.65,0
2026-03-18 06:34:00+00:00,23790.05,23797.55,23790.05,23793.3,0
2026-03-18 06:35:00+00:00,23793.45,23795.9,23790.7,23793.45,0
2026-03-18 06:36:00+00:00,23792.55,23797.2,23787.65,23789.15,0
2026-03-18 06:37:00+00:00,23787.25,23789.7,23778.2,23778.2,0
2026-03-18 06:38:00+00:00,23777.75,23788.35,23777.75,23788.35,0
2026-03-18 06:39:00+00:00,23788.6,23789.85,23778.4,23779.6,0
2026-03-18 06:40:00+00:00,23779.3,23787.8,23777.55,23782.7,0
2026-03-18 06:41:00+00:00,23783.65,23788.55,23779.4,23783.9,0
2026-03-18 06:42:00+00:00,23783.1,23783.7,23775.7,23783.25,0
2026-03-18 06:43:00+00:00,23783.25,23789.55,23782.85,23784.35,0
2026-03-18 06:44:00+00:00,23783.35,23783.85,23772.15,23779.65,0
2026-03-18 06:45:00+00:00,23779.2,23781.95,23776.0,23780.0,0
2026-03-18 06:46:00+00:00,23780.1,23784.65,23777.75,23779.75,0
2026-03-18 06:47:00+00:00,23778.45,23780.75,23775.15,23777.9,0
2026-03-18 06:48:00+00:00,23776.4,23786.25,23776.4,23785.9,0
2026-03-18 06:49:00+00:00,23785.6,23787.7,23779.2,23786.45,0
2026-03-18 06:50:00+00:00,23785.7,23788.8,23784.05,23787.3,0
2026-03-18 06:51:00+00:00,23785.95,23787.45,23776.4,23779.15,0
2026-03-18 06:52:00+00:00,23778.05,23786.8,23778.05,23781.3,0
2026-03-18 06:53:00+00:00,23780.95,23782.1,23770.1,23772.2,0
2026-03-18 06:54:00+00:00,23770.55,23787.15,23769.4,23781.45,0
2026-03-18 06:55:00+00:00,23781.6,23784.2,23771.6,23774.9,0
2026-03-18 06:56:00+00:00,23775.6,23777.1,23762.6,23767.1,0
2026-03-18 06:57:00+00:00,23768.35,23777.35,23762.5,23764.35,0
2026-03-18 06:58:00+00:00,23763.85,23768.4,23760.9,23764.95,0
2026-03-18 06:59:00+00:00,23765.6,23769.5,23762.5,23767.0,0
2026-03-18 07:00:00+00:00,23767.15,23781.45,23767.15,23780.0,0
2026-03-18 07:01:00+00:00,23780.5,23784.25,23775.7,23777.6,0
2026-03-18 07:02:00+00:00,23775.8,23782.7,23775.8,23781.6,0
2026-03-18 07:03:00+00:00,23781.35,23788.75,23778.0,23783.45,0
2026-03-18 07:04:00+00:00,23782.7,23789.95,23780.85,23780.85,0
2026-03-18 07:05:00+00:00,23780.2,23787.15,23778.55,23785.8,0
2026-03-18 07:06:00+00:00,23785.9,23788.8,23774.55,23775.35,0
2026-03-18 07:07:00+00:00,23774.1,23774.1,23765.3,23771.25,0
2026-03-18 07:08:00+00:00,23770.25,23778.05,23770.25,23772.2,0
2026-03-18 07:09:00+00:00,23772.65,23773.95,23770.2,23772.6,0
2026-03-18 07:10:00+00:00,23772.6,23774.2,23765.7,23765.7,0
2026-03-18 07:11:00+00:00,23767.35,23771.2,23762.4,23770.95,0
2026-03-18 07:12:00+00:00,23770.1,23773.45,23766.8,23771.65,0
2026-03-18 07:13:00+00:00,23771.85,23775.85,23768.35,23773.15,0
2026-03-18 07:14:00+00:00,23773.25,23778.2,23772.15,23778.2,0
2026-03-18 07:15:00+00:00,23777.7,23778.35,23768.45,23770.95,0
2026-03-18 07:16:00+00:00,23770.1,23773.05,23767.8,23772.85,0
2026-03-18 07:17:00+00:00,23772.05,23772.85,23766.8,23768.2,0
2026-03-18 07:18:00+00:00,23768.7,23774.4,23764.95,23773.0,0
2026-03-18 07:19:00+00:00,23772.85,23785.75,23772.6,23785.75,0
2026-03-18 07:20:00+00:00,23785.45,23790.6,23781.25,23789.3,0
2026-03-18 07:21:00+00:00,23788.75,23789.85,23782.65,23783.8,0
2026-03-18 07:22:00+00:00,23784.6,23794.5,23783.25,23789.8,0
2026-03-18 07:23:00+00:00,23789.6,23791.0,23778.6,23779.3,0
2026-03-18 07:24:00+00:00,23778.8,23781.0,23768.35,23772.45,0
2026-03-18 07:25:00+00:00,23771.6,23774.5,23766.75,23767.2,0
2026-03-18 07:26:00+00:00,23767.1,23776.2,23765.75,23776.2,0
2026-03-18 07:27:00+00:00,23775.5,23778.85,23772.85,23772.85,0
2026-03-18 07:28:00+00:00,23773.4,23780.65,23772.7,23780.65,0
2026-03-18 07:29:00+00:00,23779.2,23781.15,23774.4,23775.9,0
2026-03-18 07:30:00+00:00,23775.15,23789.1,23775.15,23787.05,0
2026-03-18 07:31:00+00:00,23788.0,23795.35,23784.65,23794.55,0
2026-03-18 07:32:00+00:00,23795.35,23795.35,23780.55,23783.8,0
2026-03-18 07:33:00+00:00,23783.75,23792.9,23778.0,23789.25,0
2026-03-18 07:34:00+00:00,23792.6,23798.2,23789.65,23796.15,0
2026-03-18 07:35:00+00:00,23796.45,23797.6,23786.7,23788.6,0
2026-03-18 07:36:00+00:00,23789.95,23793.25,23775.8,23778.3,0
2026-03-18 07:37:00+00:00,23776.85,23779.65,23773.8,23774.95,0
2026-03-18 07:38:00+00:00,23774.75,23776.35,23766.4,23770.35,0
2026-03-18 07:39:00+00:00,23769.35,23780.2,23768.75,23777.85,0
2026-03-18 07:40:00+00:00,23776.5,23782.55,23774.7,23779.35,0
2026-03-18 07:41:00+00:00,23780.1,23794.1,23779.4,23791.95,0
2026-03-18 07:42:00+00:00,23792.5,23798.35,23788.5,23795.85,0
2026-03-18 07:43:00+00:00,23796.25,23799.8,23794.4,23797.4,0
2026-03-18 07:44:00+00:00,23797.65,23803.2,23795.4,23803.2,0
2026-03-18 07:45:00+00:00,23802.4,23806.35,23796.95,23806.3,0
2026-03-18 07:46:00+00:00,23805.2,23805.2,23792.4,23797.35,0
2026-03-18 07:47:00+00:00,23797.15,23805.65,23796.2,23803.5,0
2026-03-18 07:48:00+00:00,23800.95,23810.2,23798.7,23799.65,0
2026-03-18 07:49:00+00:00,23797.9,23806.65,23795.7,23796.6,0
2026-03-18 07:50:00+00:00,23798.0,23818.4,23797.25,23817.7,0
2026-03-18 07:51:00+00:00,23817.45,23822.0,23815.75,23822.0,0
2026-03-18 07:52:00+00:00,23821.0,23827.25,23817.6,23827.15,0
2026-03-18 07:53:00+00:00,23826.65,23827.75,23823.25,23827.2,0
2026-03-18 07:54:00+00:00,23827.75,23829.25,23824.25,23828.7,0
2026-03-18 07:55:00+00:00,23828.2,23836.75,23823.4,23823.4,0
2026-03-18 07:56:00+00:00,23823.15,23823.45,23814.7,23815.5,0
2026-03-18 07:57:00+00:00,23814.35,23821.45,23811.25,23811.6,0
2026-03-18 07:58:00+00:00,23811.55,23817.7,23810.35,23816.05,0
2026-03-18 07:59:00+00:00,23815.2,23825.65,23814.85,23824.35,0
2026-03-18 08:00:00+00:00,23823.85,23826.45,23817.75,23819.35,0
2026-03-18 08:01:00+00:00,23819.75,23823.85,23816.95,23821.65,0
2026-03-18 08:02:00+00:00,23821.7,23826.4,23816.0,23820.3,0
2026-03-18 08:03:00+00:00,23819.75,23837.65,23817.9,23835.9,0
2026-03-18 08:04:00+00:00,23835.55,23838.2,23827.5,23833.15,0
2026-03-18 08:05:00+00:00,23834.95,23835.75,23824.15,23831.1,0
2026-03-18 08:06:00+00:00,23830.65,23838.35,23828.2,23836.55,0
2026-03-18 08:07:00+00:00,23835.7,23840.35,23833.95,23836.0,0
2026-03-18 08:08:00+00:00,23836.2,23837.25,23829.1,23829.9,0
2026-03-18 08:09:00+00:00,23830.2,23843.35,23829.1,23841.4,0
2026-03-18 08:10:00+00:00,23840.5,23843.65,23835.4,23835.4,0
2026-03-18 08:11:00+00:00,23834.65,23842.05,23832.9,23841.0,0
2026-03-18 08:12:00+00:00,23839.2,23839.2,23830.1,23831.6,0
2026-03-18 08:13:00+00:00,23831.7,23839.1,23829.65,23839.1,0
2026-03-18 08:14:00+00:00,23838.9,23844.8,23834.25,23844.4,0
2026-03-18 08:15:00+00:00,23845.45,23845.95,23834.8,23842.25,0
2026-03-18 08:16:00+00:00,23841.4,23842.2,23826.35,23828.1,0
2026-03-18 08:17:00+00:00,23827.85,23832.25,23824.15,23832.25,0
2026-03-18 08:18:00+00:00,23831.3,23834.85,23826.9,23832.2,0
2026-03-18 08:19:00+00:00,23831.4,23832.95,23827.35,23829.45,0
2026-03-18 08:20:00+00:00,23828.15,23829.65,23819.05,23829.65,0
2026-03-18 08:21:00+00:00,23829.75,23832.9,23825.8,23832.9,0
2026-03-18 08:22:00+00:00,23832.45,23839.2,23831.45,23839.2,0
2026-03-18 08:23:00+00:00,23839.15,23848.55,23836.7,23844.6,0
2026-03-18 08:24:00+00:00,23845.35,23850.95,23841.8,23845.8,0
2026-03-18 08:25:00+00:00,23844.6,23859.35,23844.5,23855.35,0
2026-03-18 08:26:00+00:00,23854.4,23854.4,23841.0,23845.15,0
2026-03-18 08:27:00+00:00,23844.25,23845.35,23838.65,23842.35,0
2026-03-18 08:28:00+00:00,23843.45,23848.85,23838.8,23839.45,0
2026-03-18 08:29:00+00:00,23838.55,23840.65,23831.2,23833.65,0
2026-03-18 08:30:00+00:00,23832.5,23842.3,23831.9,23842.3,0
2026-03-18 08:31:00+00:00,23841.5,23851.5,23840.0,23847.2,0
2026-03-18 08:32:00+00:00,23845.35,23846.4,23836.95,23840.35,0
2026-03-18 08:33:00+00:00,23841.0,23842.05,23834.55,23835.8,0
2026-03-18 08:34:00+00:00,23835.05,23835.05,23820.85,23826.75,0
2026-03-18 08:35:00+00:00,23827.35,23827.35,23820.0,23824.45,0
2026-03-18 08:36:00+00:00,23823.9,23830.15,23819.75,23829.1,0
2026-03-18 08:37:00+00:00,23827.25,23827.75,23817.25,23817.65,0
2026-03-18 08:38:00+00:00,23817.4,23822.65,23812.95,23821.7,0
2026-03-18 08:39:00+00:00,23822.2,23830.25,23820.9,23828.0,0
2026-03-18 08:40:00+00:00,23827.5,23836.05,23826.05,23831.7,0
2026-03-18 08:41:00+00:00,23831.7,23833.25,23824.9,23825.7,0
2026-03-18 08:42:00+00:00,23825.6,23825.6,23817.75,23820.1,0
2026-03-18 08:43:00+00:00,23820.15,23822.4,23812.55,23812.55,0
2026-03-18 08:44:00+00:00,23812.95,23818.75,23809.6,23817.65,0
2026-03-18 08:45:00+00:00,23817.5,23818.15,23811.1,23817.4,0
2026-03-18 08:46:00+00:00,23817.0,23824.85,23815.9,23824.15,0
2026-03-18 08:47:00+00:00,23824.5,23835.45,23822.9,23835.45,0
2026-03-18 08:48:00+00:00,23835.05,23845.6,23833.85,23837.5,0
2026-03-18 08:49:00+00:00,23837.0,23840.05,23835.65,23839.35,0
2026-03-18 08:50:00+00:00,23839.85,23845.35,23833.15,23844.75,0
2026-03-18 08:51:00+00:00,23844.35,23852.6,23843.95,23845.45,0
2026-03-18 08:52:00+00:00,23844.05,23844.25,23837.3,23843.55,0
2026-03-18 08:53:00+00:00,23843.75,23847.2,23838.35,23840.25,0
2026-03-18 08:54:00+00:00,23839.85,23850.75,23838.95,23849.2,0
2026-03-18 08:55:00+00:00,23848.7,23856.85,23846.65,23855.55,0
2026-03-18 08:56:00+00:00,23855.6,23862.25,23854.65,23859.25,0
2026-03-18 08:57:00+00:00,23859.35,23860.05,23843.75,23847.25,0
2026-03-18 08:58:00+00:00,23846.85,23850.3,23843.7,23843.8,0
2026-03-18 08:59:00+00:00,23844.1,23844.15,23835.25,23835.25,0
2026-03-18 09:00:00+00:00,23836.45,23836.7,23830.15,23830.5,0
2026-03-18 09:01:00+00:00,23830.75,23840.05,23815.55,23815.55,0
2026-03-18 09:02:00+00:00,23816.95,23818.55,23811.85,23813.2,0
2026-03-18 09:03:00+00:00,23813.95,23813.95,23799.35,23799.35,0
2026-03-18 09:04:00+00:00,23799.9,23807.95,23795.8,23796.15,0
2026-03-18 09:05:00+00:00,23795.9,23805.3,23790.35,23804.65,0
2026-03-18 09:06:00+00:00,23805.0,23805.25,23795.8,23796.25,0
2026-03-18 09:07:00+00:00,23796.25,23798.0,23786.95,23795.75,0
2026-03-18 09:08:00+00:00,23796.1,23805.7,23793.8,23798.65,0
2026-03-18 09:09:00+00:00,23800.2,23802.0,23795.75,23801.15,0
2026-03-18 09:10:00+00:00,23801.5,23811.4,23799.55,23806.0,0
2026-03-18 09:11:00+00:00,23806.05,23806.05,23797.15,23799.6,0
2026-03-18 09:12:00+00:00,23799.55,23802.8,23793.0,23793.8,0
2026-03-18 09:13:00+00:00,23793.7,23794.1,23784.75,23786.25,0
2026-03-18 09:14:00+00:00,23787.15,23787.15,23779.7,23780.6,0
2026-03-18 09:15:00+00:00,23780.55,23785.5,23775.55,23780.5,0
2026-03-18 09:16:00+00:00,23781.5,23802.55,23780.55,23799.6,0
2026-03-18 09:17:00+00:00,23799.25,23799.8,23788.6,23791.4,0
2026-03-18 09:18:00+00:00,23791.9,23795.5,23787.05,23788.3,0
2026-03-18 09:19:00+00:00,23788.55,23800.4,23787.35,23799.05,0
2026-03-18 09:20:00+00:00,23798.6,23804.95,23796.35,23803.35,0
2026-03-18 09:21:00+00:00,23804.1,23808.35,23794.15,23794.3,0
2026-03-18 09:22:00+00:00,23794.75,23798.3,23791.6,23792.05,0
2026-03-18 09:23:00+00:00,23792.7,23792.7,23780.95,23783.2,0
2026-03-18 09:24:00+00:00,23783.5,23789.9,23780.6,23783.75,0
2026-03-18 09:25:00+00:00,23785.55,23796.55,23781.85,23792.95,0
2026-03-18 09:26:00+00:00,23793.35,23798.75,23782.75,23786.15,0
2026-03-18 09:27:00+00:00,23785.95,23797.8,23785.65,23790.8,0
2026-03-18 09:28:00+00:00,23792.05,23799.45,23790.25,23798.2,0
2026-03-18 09:29:00+00:00,23798.7,23804.0,23793.9,23801.8,0
2026-03-18 09:30:00+00:00,23801.65,23809.8,23770.25,23773.25,0
2026-03-18 09:31:00+00:00,23771.85,23786.95,23766.9,23786.95,0
2026-03-18 09:32:00+00:00,23787.1,23798.0,23787.1,23795.25,0
2026-03-18 09:33:00+00:00,23795.4,23803.8,23785.5,23797.9,0
2026-03-18 09:34:00+00:00,23797.55,23804.7,23797.55,23804.7,0
2026-03-18 09:35:00+00:00,23803.55,23806.0,23794.9,23802.65,0
2026-03-18 09:36:00+00:00,23802.75,23803.7,23793.65,23798.4,0
2026-03-18 09:37:00+00:00,23797.45,23800.55,23794.05,23797.65,0
2026-03-18 09:38:00+00:00,23798.45,23805.8,23798.45,23804.5,0
2026-03-18 09:39:00+00:00,23804.5,23805.95,23792.9,23795.25,0
2026-03-18 09:40:00+00:00,23795.9,23798.55,23791.8,23792.25,0
2026-03-18 09:41:00+00:00,23795.25,23796.25,23790.3,23791.0,0
2026-03-18 09:42:00+00:00,23790.8,23795.4,23790.7,23792.4,0
2026-03-18 09:43:00+00:00,23793.55,23794.85,23789.1,23789.7,0
2026-03-18 09:44:00+00:00,23790.65,23795.15,23789.0,23792.55,0
2026-03-18 09:45:00+00:00,23792.35,23792.9,23775.2,23776.9,0
2026-03-18 09:46:00+00:00,23777.35,23779.1,23773.95,23778.6,0
2026-03-18 09:47:00+00:00,23778.8,23780.55,23773.3,23773.3,0
2026-03-18 09:48:00+00:00,23773.05,23774.5,23768.55,23771.3,0
2026-03-18 09:49:00+00:00,23770.25,23772.1,23766.15,23766.8,0
2026-03-18 09:50:00+00:00,23767.45,23768.1,23755.35,23756.05,0
2026-03-18 09:51:00+00:00,23757.6,23760.4,23734.1,23734.5,0
2026-03-18 09:52:00+00:00,23736.6,23740.6,23730.65,23739.8,0
2026-03-18 09:53:00+00:00,23740.05,23749.9,23739.1,23746.6,0
2026-03-18 09:54:00+00:00,23747.3,23752.3,23745.85,23751.25,0
2026-03-18 09:55:00+00:00,23750.95,23768.15,23750.05,23763.35,0
2026-03-18 09:56:00+00:00,23762.45,23766.4,23758.35,23765.3,0
2026-03-18 09:57:00+00:00,23764.0,23766.55,23761.0,23762.6,0
2026-03-18 09:58:00+00:00,23761.95,23767.35,23757.0,23761.85,0
2026-03-18 09:59:00+00:00,23762.7,23770.05,23757.4,23764.1,0
2026-03-19 03:45:00+00:00,23197.75,23378.7,23180.95,23334.7,0
2026-03-19 03:46:00+00:00,23332.25,23333.4,23270.15,23303.85,0
2026-03-19 03:47:00+00:00,23303.3,23314.8,23295.1,23303.95,0
2026-03-19 03:48:00+00:00,23304.3,23317.55,23283.75,23290.7,0
2026-03-19 03:49:00+00:00,23291.4,23299.4,23281.7,23289.5,0
2026-03-19 03:50:00+00:00,23289.7,23294.6,23276.8,23280.4,0
2026-03-19 03:51:00+00:00,23282.55,23300.7,23278.1,23297.5,0
2026-03-19 03:52:00+00:00,23298.25,23321.45,23293.2,23312.25,0
2026-03-19 03:53:00+00:00,23314.45,23327.3,23306.95,23327.25,0
2026-03-19 03:54:00+00:00,23325.9,23345.15,23311.7,23345.15,0
2026-03-19 03:55:00+00:00,23345.45,23348.35,23335.35,23338.15,0
2026-03-19 03:56:00+00:00,23338.1,23351.65,23334.45,23347.3,0
2026-03-19 03:57:00+00:00,23346.85,23346.85,23332.0,23338.45,0
2026-03-19 03:58:00+00:00,23338.5,23352.5,23336.0,23344.5,0
2026-03-19 03:59:00+00:00,23342.9,23345.35,23316.05,23316.05,0
2026-03-19 04:00:00+00:00,23317.2,23317.2,23299.25,23315.1,0
2026-03-19 04:01:00+00:00,23315.75,23324.65,23303.8,23314.3,0
2026-03-19 04:02:00+00:00,23314.65,23322.3,23309.1,23319.85,0
2026-03-19 04:03:00+00:00,23318.7,23325.6,23315.8,23316.8,0
2026-03-19 04:04:00+00:00,23316.5,23317.55,23296.7,23301.0,0
2026-03-19 04:05:00+00:00,23299.7,23306.8,23292.5,23299.1,0
2026-03-19 04:06:00+00:00,23298.05,23303.05,23290.45,23299.9,0
2026-03-19 04:07:00+00:00,23298.3,23304.8,23291.55,23298.45,0
2026-03-19 04:08:00+00:00,23296.45,23296.9,23262.3,23266.15,0
2026-03-19 04:09:00+00:00,23265.55,23273.5,23255.5,23257.25,0
2026-03-19 04:10:00+00:00,23261.1,23271.55,23255.7,23270.5,0
2026-03-19 04:11:00+00:00,23269.75,23281.65,23266.25,23268.1,0
2026-03-19 04:12:00+00:00,23266.55,23275.2,23263.7,23274.65,0
2026-03-19 04:13:00+00:00,23273.5,23277.25,23264.35,23267.3,0
2026-03-19 04:14:00+00:00,23269.25,23274.1,23266.3,23271.0,0
2026-03-19 04:15:00+00:00,23269.6,23273.35,23264.0,23265.25,0
2026-03-19 04:16:00+00:00,23266.25,23266.25,23240.85,23244.15,0
2026-03-19 04:17:00+00:00,23242.85,23249.1,23237.7,23241.9,0
2026-03-19 04:18:00+00:00,23240.8,23247.75,23229.8,23235.7,0
2026-03-19 04:19:00+00:00,23235.8,23241.1,23226.75,23238.3,0
2026-03-19 04:20:00+00:00,23235.9,23242.1,23233.65,23236.6,0
2026-03-19 04:21:00+00:00,23235.75,23244.6,23233.0,23239.0,0
2026-03-19 04:22:00+00:00,23239.3,23263.65,23238.0,23263.2,0
2026-03-19 04:23:00+00:00,23263.15,23263.6,23231.2,23234.3,0
2026-03-19 04:24:00+00:00,23235.45,23247.75,23233.1,23239.25,0
2026-03-19 04:25:00+00:00,23239.15,23250.05,23235.3,23250.05,0
2026-03-19 04:26:00+00:00,23250.15,23260.3,23248.1,23254.9,0
2026-03-19 04:27:00+00:00,23253.45,23256.8,23249.2,23254.0,0
2026-03-19 04:28:00+00:00,23253.5,23257.65,23249.85,23253.15,0
2026-03-19 04:29:00+00:00,23253.65,23253.65,23229.35,23242.7,0
2026-03-19 04:30:00+00:00,23241.95,23242.0,23230.7,23231.15,0
2026-03-19 04:31:00+00:00,23231.35,23250.35,23230.45,23243.65,0
2026-03-19 04:32:00+00:00,23242.7,23242.7,23233.5,23241.35,0
2026-03-19 04:33:00+00:00,23242.85,23260.25,23242.3,23259.75,0
2026-03-19 04:34:00+00:00,23259.95,23269.95,23256.75,23264.85,0
2026-03-19 04:35:00+00:00,23264.9,23267.15,23260.45,23262.25,0
2026-03-19 04:36:00+00:00,23262.55,23264.35,23251.8,23255.6,0
2026-03-19 04:37:00+00:00,23254.1,23258.0,23247.6,23251.35,0
2026-03-19 04:38:00+00:00,23251.25,23256.1,23248.45,23253.45,0
2026-03-19 04:39:00+00:00,23254.7,23268.35,23253.9,23261.2,0
2026-03-19 04:40:00+00:00,23260.5,23260.85,23249.35,23252.2,0
2026-03-19 04:41:00+00:00,23251.3,23251.8,23235.7,23238.5,0
2026-03-19 04:42:00+00:00,23236.15,23249.55,23236.15,23242.5,0
2026-03-19 04:43:00+00:00,23243.0,23243.85,23235.9,23239.8,0
2026-03-19 04:44:00+00:00,23239.6,23245.6,23236.65,23236.65,0
2026-03-19 04:45:00+00:00,23234.75,23234.95,23219.5,23225.6,0
2026-03-19 04:46:00+00:00,23226.2,23226.2,23215.8,23217.45,0
2026-03-19 04:47:00+00:00,23214.45,23220.85,23204.05,23220.7,0
2026-03-19 04:48:00+00:00,23222.85,23224.25,23214.2,23218.1,0
2026-03-19 04:49:00+00:00,23218.2,23219.85,23212.15,23217.0,0
2026-03-19 04:50:00+00:00,23216.95,23227.0,23214.75,23225.1,0
2026-03-19 04:51:00+00:00,23225.1,23239.05,23222.4,23235.5,0
2026-03-19 04:52:00+00:00,23237.65,23246.8,23234.5,23246.8,0
2026-03-19 04:53:00+00:00,23244.05,23251.3,23241.35,23250.5,0
2026-03-19 04:54:00+00:00,23251.0,23260.0,23242.15,23260.0,0
2026-03-19 04:55:00+00:00,23258.45,23267.55,23257.95,23266.9,0
2026-03-19 04:56:00+00:00,23268.15,23282.65,23268.15,23276.35,0
2026-03-19 04:57:00+00:00,23276.15,23279.3,23273.55,23275.95,0
2026-03-19 04:58:00+00:00,23276.25,23283.95,23274.8,23278.4,0
2026-03-19 04:59:00+00:00,23276.8,23278.15,23268.7,23272.4,0
2026-03-19 05:00:00+00:00,23272.4,23283.55,23272.4,23281.85,0
2026-03-19 05:01:00+00:00,23282.3,23282.3,23274.35,23276.35,0
2026-03-19 05:02:00+00:00,23276.6,23281.0,23273.95,23281.0,0
2026-03-19 05:03:00+00:00,23281.75,23285.55,23275.7,23281.55,0
2026-03-19 05:04:00+00:00,23280.9,23287.15,23274.15,23274.15,0
2026-03-19 05:05:00+00:00,23275.2,23279.05,23273.35,23275.45,0
2026-03-19 05:06:00+00:00,23275.1,23288.5,23271.7,23288.5,0
2026-03-19 05:07:00+00:00,23287.8,23295.4,23281.35,23294.5,0
2026-03-19 05:08:00+00:00,23293.05,23300.4,23293.05,23295.85,0
2026-03-19 05:09:00+00:00,23294.9,23317.8,23293.2,23311.6,0
2026-03-19 05:10:00+00:00,23313.35,23316.3,23304.5,23308.35,0
2026-03-19 05:11:00+00:00,23308.8,23308.8,23294.3,23294.95,0
2026-03-19 05:12:00+00:00,23293.45,23299.85,23287.3,23299.85,0
2026-03-19 05:13:00+00:00,23299.55,23299.75,23290.95,23291.5,0
2026-03-19 05:14:00+00:00,23292.7,23315.0,23292.7,23311.7,0
2026-03-19 05:15:00+00:00,23312.6,23312.6,23300.55,23307.7,0
2026-03-19 05:16:00+00:00,23307.75,23311.15,23303.4,23305.9,0
2026-03-19 05:17:00+00:00,23306.25,23310.25,23304.6,23309.5,0
2026-03-19 05:18:00+00:00,23309.75,23309.75,23290.6,23291.1,0
2026-03-19 05:19:00+00:00,23291.25,23291.25,23275.05,23276.75,0
2026-03-19 05:20:00+00:00,23276.75,23291.25,23272.6,23290.15,0
2026-03-19 05:21:00+00:00,23290.6,23290.6,23278.35,23281.55,0
2026-03-19 05:22:00+00:00,23281.35,23284.1,23276.5,23279.15,0
2026-03-19 05:23:00+00:00,23279.3,23283.45,23277.45,23282.55,0
2026-03-19 05:24:00+00:00,23282.25,23287.5,23277.8,23287.5,0
2026-03-19 05:25:00+00:00,23286.4,23287.3,23274.95,23275.15,0
2026-03-19 05:26:00+00:00,23275.6,23279.35,23273.0,23277.95,0
2026-03-19 05:27:00+00:00,23278.55,23291.7,23277.7,23282.15,0
2026-03-19 05:28:00+00:00,23282.7,23284.85,23276.3,23280.45,0
2026-03-19 05:29:00+00:00,23280.4,23280.5,23258.3,23260.45,0
2026-03-19 05:30:00+00:00,23260.65,23264.65,23247.85,23250.55,0
2026-03-19 05:31:00+00:00,23250.5,23255.15,23244.65,23251.15,0
2026-03-19 05:32:00+00:00,23251.05,23261.65,23247.9,23251.25,0
2026-03-19 05:33:00+00:00,23250.7,23256.65,23249.6,23252.05,0
2026-03-19 05:34:00+00:00,23252.0,23254.1,23246.95,23250.1,0
2026-03-19 05:35:00+00:00,23251.05,23251.2,23241.0,23244.9,0
2026-03-19 05:36:00+00:00,23245.0,23251.1,23243.75,23248.9,0
2026-03-19 05:37:00+00:00,23251.65,23259.25,23247.3,23247.8,0
2026-03-19 05:38:00+00:00,23250.05,23250.05,23239.9,23242.35,0
2026-03-19 05:39:00+00:00,23241.15,23247.95,23238.55,23239.4,0
2026-03-19 05:40:00+00:00,23241.45,23251.4,23238.7,23251.4,0
2026-03-19 05:41:00+00:00,23250.9,23251.5,23244.05,23248.1,0
2026-03-19 05:42:00+00:00,23247.2,23248.95,23237.2,23240.5,0
2026-03-19 05:43:00+00:00,23240.9,23254.95,23238.7,23253.1,0
2026-03-19 05:44:00+00:00,23252.35,23253.9,23217.1,23220.95,0
2026-03-19 05:45:00+00:00,23221.35,23221.4,23211.6,23213.55,0
2026-03-19 05:46:00+00:00,23213.4,23219.15,23209.2,23213.2,0
2026-03-19 05:47:00+00:00,23213.5,23221.5,23207.55,23221.5,0
2026-03-19 05:48:00+00:00,23221.45,23228.9,23220.9,23222.0,0
2026-03-19 05:49:00+00:00,23222.35,23222.65,23217.35,23218.7,0
2026-03-19 05:50:00+00:00,23219.55,23222.8,23216.45,23217.95,0
2026-03-19 05:51:00+00:00,23217.0,23232.05,23214.95,23230.05,0
2026-03-19 05:52:00+00:00,23232.1,23244.45,23232.05,23234.55,0
2026-03-19 05:53:00+00:00,23234.7,23244.75,23234.45,23244.75,0
2026-03-19 05:54:00+00:00,23244.5,23253.6,23244.5,23246.45,0
2026-03-19 05:55:00+00:00,23244.9,23246.0,23239.85,23242.55,0
2026-03-19 05:56:00+00:00,23241.9,23242.3,23231.2,23235.9,0
2026-03-19 05:57:00+00:00,23235.75,23243.75,23235.75,23242.4,0
2026-03-19 05:58:00+00:00,23243.85,23244.3,23232.3,23234.15,0
2026-03-19 05:59:00+00:00,23233.75,23234.05,23224.45,23228.05,0
2026-03-19 06:00:00+00:00,23227.35,23237.8,23225.55,23236.95,0
2026-03-19 06:01:00+00:00,23236.8,23243.7,23231.6,23243.65,0
2026-03-19 06:02:00+00:00,23243.7,23247.9,23240.45,23241.95,0
2026-03-19 06:03:00+00:00,23246.1,23246.1,23236.5,23238.6,0
2026-03-19 06:04:00+00:00,23238.55,23250.1,23236.15,23248.9,0
2026-03-19 06:05:00+00:00,23246.75,23248.8,23243.7,23248.75,0
2026-03-19 06:06:00+00:00,23248.55,23253.85,23244.6,23247.4,0
2026-03-19 06:07:00+00:00,23247.6,23250.75,23241.6,23244.95,0
2026-03-19 06:08:00+00:00,23248.05,23248.95,23242.8,23243.75,0
2026-03-19 06:09:00+00:00,23243.5,23243.5,23237.65,23240.6,0
2026-03-19 06:10:00+00:00,23240.35,23240.35,23229.2,23236.2,0
2026-03-19 06:11:00+00:00,23236.6,23238.8,23233.6,23233.6,0
2026-03-19 06:12:00+00:00,23234.55,23243.3,23232.75,23241.15,0
2026-03-19 06:13:00+00:00,23240.95,23244.45,23236.7,23239.15,0
2026-03-19 06:14:00+00:00,23239.55,23246.75,23239.05,23241.65,0
2026-03-19 06:15:00+00:00,23241.6,23244.1,23236.95,23240.9,0
2026-03-19 06:16:00+00:00,23241.7,23257.4,23239.9,23255.85,0
2026-03-19 06:17:00+00:00,23253.9,23259.0,23253.65,23257.85,0
2026-03-19 06:18:00+00:00,23257.25,23260.0,23255.1,23255.8,0
2026-03-19 06:19:00+00:00,23255.1,23255.1,23241.4,23246.2,0
2026-03-19 06:20:00+00:00,23246.45,23247.8,23242.45,23247.1,0
2026-03-19 06:21:00+00:00,23247.5,23252.55,23245.8,23246.85,0
2026-03-19 06:22:00+00:00,23246.5,23256.05,23245.15,23255.3,0
2026-03-19 06:23:00+00:00,23255.7,23256.8,23245.15,23247.85,0
2026-03-19 06:24:00+00:00,23247.15,23248.15,23244.35,23245.9,0
2026-03-19 06:25:00+00:00,23245.6,23247.15,23237.85,23245.0,0
2026-03-19 06:26:00+00:00,23245.55,23248.0,23238.85,23238.85,0
2026-03-19 06:27:00+00:00,23238.8,23244.95,23237.5,23241.9,0
2026-03-19 06:28:00+00:00,23240.75,23242.9,23236.2,23242.85,0
2026-03-19 06:29:00+00:00,23242.4,23244.55,23240.25,23241.05,0
2026-03-19 06:30:00+00:00,23241.9,23242.15,23232.15,23234.35,0
2026-03-19 06:31:00+00:00,23234.7,23240.55,23233.8,23234.7,0
2026-03-19 06:32:00+00:00,23235.8,23244.2,23233.75,23243.95,0
2026-03-19 06:33:00+00:00,23243.8,23245.15,23230.85,23231.8,0
2026-03-19 06:34:00+00:00,23232.0,23232.55,23226.35,23231.6,0
2026-03-19 06:35:00+00:00,23232.65,23235.3,23227.95,23232.9,0
2026-03-19 06:36:00+00:00,23232.4,23240.1,23230.1,23239.1,0
2026-03-19 06:37:00+00:00,23240.15,23240.8,23229.1,23229.1,0
2026-03-19 06:38:00+00:00,23231.15,23231.15,23217.85,23223.5,0
2026-03-19 06:39:00+00:00,23224.45,23236.1,23223.7,23234.0,0
2026-03-19 06:40:00+00:00,23231.9,23238.15,23231.35,23234.05,0
2026-03-19 06:41:00+00:00,23232.8,23241.4,23226.9,23241.25,0
2026-03-19 06:42:00+00:00,23241.2,23255.35,23239.8,23248.7,0
2026-03-19 06:43:00+00:00,23248.5,23254.1,23247.5,23253.9,0
2026-03-19 06:44:00+00:00,23253.45,23268.75,23251.35,23265.5,0
2026-03-19 06:45:00+00:00,23265.5,23268.6,23260.0,23268.25,0
2026-03-19 06:46:00+00:00,23268.5,23275.8,23265.15,23265.8,0
2026-03-19 06:47:00+00:00,23265.15,23279.05,23257.1,23275.8,0
2026-03-19 06:48:00+00:00,23275.7,23281.15,23274.25,23280.9,0
2026-03-19 06:49:00+00:00,23281.2,23281.2,23275.2,23276.75,0
2026-03-19 06:50:00+00:00,23276.1,23276.3,23256.55,23258.0,0
2026-03-19 06:51:00+00:00,23258.05,23259.25,23250.55,23252.15,0
2026-03-19 06:52:00+00:00,23251.85,23254.8,23245.25,23247.8,0
2026-03-19 06:53:00+00:00,23247.15,23251.55,23241.55,23242.9,0
2026-03-19 06:54:00+00:00,23242.5,23246.25,23238.95,23245.95,0
2026-03-19 06:55:00+00:00,23244.95,23255.05,23241.55,23254.65,0
2026-03-19 06:56:00+00:00,23255.2,23257.95,23246.05,23250.4,0
2026-03-19 06:57:00+00:00,23249.65,23254.95,23246.9,23248.5,0
2026-03-19 06:58:00+00:00,23248.2,23249.1,23240.95,23244.4,0
2026-03-19 06:59:00+00:00,23244.1,23255.25,23243.65,23254.85,0
2026-03-19 07:00:00+00:00,23254.9,23264.7,23254.75,23257.95,0
2026-03-19 07:01:00+00:00,23258.55,23259.8,23242.7,23243.8,0
2026-03-19 07:02:00+00:00,23243.5,23246.9,23240.45,23243.65,0
2026-03-19 07:03:00+00:00,23245.05,23245.35,23235.85,23240.25,0
2026-03-19 07:04:00+00:00,23240.1,23250.6,23239.5,23248.95,0
2026-03-19 07:05:00+00:00,23249.05,23252.5,23244.25,23252.15,0
2026-03-19 07:06:00+00:00,23251.45,23253.45,23246.05,23251.35,0
2026-03-19 07:07:00+00:00,23250.85,23256.9,23249.35,23254.65,0
2026-03-19 07:08:00+00:00,23255.05,23260.65,23253.95,23260.65,0
2026-03-19 07:09:00+00:00,23260.6,23261.15,23251.15,23253.45,0
2026-03-19 07:10:00+00:00,23253.35,23255.1,23245.4,23246.9,0
2026-03-19 07:11:00+00:00,23247.65,23247.75,23237.15,23237.9,0
2026-03-19 07:12:00+00:00,23237.9,23241.1,23236.65,23239.05,0
2026-03-19 07:13:00+00:00,23238.75,23239.15,23230.65,23233.5,0
2026-03-19 07:14:00+00:00,23233.65,23236.3,23229.3,23235.65,0
2026-03-19 07:15:00+00:00,23234.85,23243.1,23233.8,23242.5,0
2026-03-19 07:16:00+00:00,23242.4,23245.1,23238.1,23243.25,0
2026-03-19 07:17:00+00:00,23242.4,23247.15,23239.1,23246.85,0
2026-03-19 07:18:00+00:00,23246.85,23252.3,23243.4,23249.65,0
2026-03-19 07:19:00+00:00,23250.3,23274.9,23250.3,23270.2,0
2026-03-19 07:20:00+00:00,23271.5,23274.95,23263.55,23263.55,0
2026-03-19 07:21:00+00:00,23264.75,23265.65,23257.6,23261.35,0
2026-03-19 07:22:00+00:00,23263.3,23267.8,23255.15,23256.5,0
2026-03-19 07:23:00+00:00,23256.7,23262.6,23253.4,23262.55,0
2026-03-19 07:24:00+00:00,23264.3,23274.6,23264.1,23273.85,0
2026-03-19 07:25:00+00:00,23274.6,23277.3,23265.05,23268.65,0
2026-03-19 07:26:00+00:00,23268.95,23271.15,23259.05,23260.5,0
2026-03-19 07:27:00+00:00,23261.15,23267.9,23259.15,23263.65,0
2026-03-19 07:28:00+00:00,23262.95,23265.25,23257.45,23264.95,0
2026-03-19 07:29:00+00:00,23264.85,23267.55,23262.15,23264.65,0
2026-03-19 07:30:00+00:00,23265.35,23265.6,23258.4,23262.75,0
2026-03-19 07:31:00+00:00,23262.85,23262.85,23251.9,23251.9,0
2026-03-19 07:32:00+00:00,23252.25,23255.4,23250.45,23252.5,0
2026-03-19 07:33:00+00:00,23252.55,23254.35,23248.8,23253.95,0
2026-03-19 07:34:00+00:00,23253.65,23254.7,23235.6,23238.9,0
2026-03-19 07:35:00+00:00,23238.7,23238.75,23231.35,23237.7,0
2026-03-19 07:36:00+00:00,23238.0,23243.9,23230.75,23243.9,0
2026-03-19 07:37:00+00:00,23243.15,23243.15,23232.4,23234.25,0
2026-03-19 07:38:00+00:00,23235.6,23235.85,23226.15,23230.65,0
2026-03-19 07:39:00+00:00,23229.75,23236.5,23228.45,23234.15,0
2026-03-19 07:40:00+00:00,23233.6,23255.05,23218.4,23218.4,0
2026-03-19 07:41:00+00:00,23219.2,23234.15,23219.2,23228.75,0
2026-03-19 07:42:00+00:00,23228.2,23228.6,23214.55,23215.7,0
2026-03-19 07:43:00+00:00,23217.65,23219.4,23203.85,23205.6,0
2026-03-19 07:44:00+00:00,23205.7,23205.7,23194.7,23200.25,0
2026-03-19 07:45:00+00:00,23200.35,23202.35,23194.85,23200.95,0
2026-03-19 07:46:00+00:00,23200.45,23208.45,23199.25,23206.9,0
2026-03-19 07:47:00+00:00,23207.15,23208.7,23198.35,23206.75,0
2026-03-19 07:48:00+00:00,23206.25,23206.3,23197.6,23204.85,0
2026-03-19 07:49:00+00:00,23205.35,23207.9,23197.6,23200.9,0
2026-03-19 07:50:00+00:00,23200.7,23206.1,23197.05,23202.3,0
2026-03-19 07:51:00+00:00,23200.5,23203.4,23196.95,23201.1,0
2026-03-19 07:52:00+00:00,23201.15,23203.2,23190.6,23199.2,0
2026-03-19 07:53:00+00:00,23198.0,23198.15,23185.3,23187.05,0
2026-03-19 07:54:00+00:00,23188.3,23189.85,23181.8,23182.75,0
2026-03-19 07:55:00+00:00,23183.7,23195.7,23180.1,23188.65,0
2026-03-19 07:56:00+00:00,23187.85,23193.4,23185.2,23186.0,0
2026-03-19 07:57:00+00:00,23186.05,23186.95,23178.65,23181.7,0
2026-03-19 07:58:00+00:00,23182.1,23188.8,23176.0,23176.8,0
2026-03-19 07:59:00+00:00,23175.85,23179.35,23172.15,23176.65,0
2026-03-19 08:00:00+00:00,23176.7,23192.8,23174.9,23190.4,0
2026-03-19 08:01:00+00:00,23191.45,23194.95,23186.2,23187.9,0
2026-03-19 08:02:00+00:00,23186.25,23186.75,23177.55,23184.2,0
2026-03-19 08:03:00+00:00,23182.95,23186.95,23180.0,23185.8,0
2026-03-19 08:04:00+00:00,23184.9,23184.9,23175.85,23175.85,0
2026-03-19 08:05:00+00:00,23177.45,23180.85,23173.8,23179.7,0
2026-03-19 08:06:00+00:00,23178.7,23187.25,23177.25,23186.0,0
2026-03-19 08:07:00+00:00,23185.85,23195.0,23181.85,23194.35,0
2026-03-19 08:08:00+00:00,23194.35,23198.4,23192.1,23197.2,0
2026-03-19 08:09:00+00:00,23196.9,23204.5,23193.95,23204.5,0
2026-03-19 08:10:00+00:00,23205.2,23211.0,23199.95,23200.85,0
2026-03-19 08:11:00+00:00,23200.55,23209.55,23199.2,23208.75,0
2026-03-19 08:12:00+00:00,23209.55,23217.85,23209.45,23215.3,0
2026-03-19 08:13:00+00:00,23216.2,23216.3,23209.5,23209.9,0
2026-03-19 08:14:00+00:00,23210.65,23212.25,23198.3,23199.15,0
2026-03-19 08:15:00+00:00,23198.55,23203.75,23197.85,23199.55,0
2026-03-19 08:16:00+00:00,23198.95,23200.05,23189.6,23190.9,0
2026-03-19 08:17:00+00:00,23191.8,23197.05,23182.9,23194.5,0
2026-03-19 08:18:00+00:00,23194.0,23196.6,23187.25,23190.4,0
2026-03-19 08:19:00+00:00,23189.95,23192.25,23187.0,23190.85,0
2026-03-19 08:20:00+00:00,23190.25,23196.35,23189.8,23196.35,0
2026-03-19 08:21:00+00:00,23195.8,23199.5,23193.4,23193.4,0
2026-03-19 08:22:00+00:00,23195.0,23195.45,23190.0,23193.8,0
2026-03-19 08:23:00+00:00,23194.85,23199.25,23187.8,23187.8,0
2026-03-19 08:24:00+00:00,23189.1,23198.3,23185.35,23198.3,0
2026-03-19 08:25:00+00:00,23197.75,23200.5,23190.25,23190.65,0
2026-03-19 08:26:00+00:00,23191.35,23193.5,23173.4,23174.7,0
2026-03-19 08:27:00+00:00,23174.45,23174.65,23159.0,23160.6,0
2026-03-19 08:28:00+00:00,23160.05,23170.9,23157.7,23159.3,0
2026-03-19 08:29:00+00:00,23159.9,23163.2,23155.7,23163.05,0
2026-03-19 08:30:00+00:00,23163.3,23171.8,23160.6,23169.1,0
2026-03-19 08:31:00+00:00,23168.75,23171.15,23163.6,23165.8,0
2026-03-19 08:32:00+00:00,23165.45,23165.9,23155.35,23155.4,0
2026-03-19 08:33:00+00:00,23156.2,23156.2,23128.25,23136.5,0
2026-03-19 08:34:00+00:00,23138.1,23138.6,23122.9,23128.05,0
2026-03-19 08:35:00+00:00,23129.1,23132.4,23124.65,23128.3,0
2026-03-19 08:36:00+00:00,23127.15,23131.5,23116.05,23121.45,0
2026-03-19 08:37:00+00:00,23121.5,23127.7,23120.2,23125.25,0
2026-03-19 08:38:00+00:00,23126.55,23132.5,23125.2,23125.2,0
2026-03-19 08:39:00+00:00,23125.7,23125.95,23105.45,23107.25,0
2026-03-19 08:40:00+00:00,23106.45,23106.45,23096.6,23100.2,0
2026-03-19 08:41:00+00:00,23100.8,23107.55,23100.8,23104.0,0
2026-03-19 08:42:00+00:00,23103.35,23103.65,23087.95,23092.4,0
2026-03-19 08:43:00+00:00,23093.15,23109.9,23092.5,23100.9,0
2026-03-19 08:44:00+00:00,23100.8,23113.85,23097.0,23111.3,0
2026-03-19 08:45:00+00:00,23111.55,23130.9,23108.05,23127.7,0
2026-03-19 08:46:00+00:00,23128.9,23128.9,23114.7,23119.3,0
2026-03-19 08:47:00+00:00,23118.9,23134.5,23116.55,23133.6,0
2026-03-19 08:48:00+00:00,23134.25,23137.05,23129.75,23131.95,0
2026-03-19 08:49:00+00:00,23130.05,23130.7,23124.5,23128.75,0
2026-03-19 08:50:00+00:00,23129.0,23129.05,23115.7,23123.6,0
2026-03-19 08:51:00+00:00,23123.3,23124.1,23111.6,23112.8,0
2026-03-19 08:52:00+00:00,23112.5,23124.5,23109.3,23120.2,0
2026-03-19 08:53:00+00:00,23119.8,23129.15,23118.85,23129.15,0
2026-03-19 08:54:00+00:00,23127.15,23133.45,23126.8,23127.9,0
2026-03-19 08:55:00+00:00,23128.2,23129.8,23111.8,23117.8,0
2026-03-19 08:56:00+00:00,23117.85,23118.1,23103.95,23104.75,0
2026-03-19 08:57:00+00:00,23104.05,23114.1,23102.45,23112.95,0
2026-03-19 08:58:00+00:00,23113.65,23115.15,23099.95,23104.45,0
2026-03-19 08:59:00+00:00,23105.35,23109.95,23096.9,23100.65,0
2026-03-19 09:00:00+00:00,23101.1,23115.25,23101.1,23105.6,0
2026-03-19 09:01:00+00:00,23104.2,23109.65,23101.95,23105.6,0
2026-03-19 09:02:00+00:00,23105.15,23121.4,23097.95,23121.1,0
2026-03-19 09:03:00+00:00,23119.75,23120.05,23112.1,23119.1,0
2026-03-19 09:04:00+00:00,23118.2,23119.15,23108.15,23117.15,0
2026-03-19 09:05:00+00:00,23116.6,23127.55,23115.6,23118.65,0
2026-03-19 09:06:00+00:00,23118.2,23119.95,23111.55,23114.1,0
2026-03-19 09:07:00+00:00,23113.6,23123.2,23113.3,23120.55,0
2026-03-19 09:08:00+00:00,23120.8,23121.85,23099.25,23099.25,0
2026-03-19 09:09:00+00:00,23102.35,23105.05,23097.55,23098.9,0
2026-03-19 09:10:00+00:00,23098.2,23115.6,23098.2,23114.45,0
2026-03-19 09:11:00+00:00,23115.1,23115.1,23108.0,23111.85,0
2026-03-19 09:12:00+00:00,23111.75,23111.75,23087.9,23097.8,0
2026-03-19 09:13:00+00:00,23098.7,23098.7,23083.75,23092.6,0
2026-03-19 09:14:00+00:00,23093.6,23115.0,23093.6,23110.7,0
2026-03-19 09:15:00+00:00,23110.55,23111.55,23096.2,23101.35,0
2026-03-19 09:16:00+00:00,23098.8,23110.85,23093.45,23096.55,0
2026-03-19 09:17:00+00:00,23095.95,23099.6,23078.95,23081.95,0
2026-03-19 09:18:00+00:00,23079.9,23081.45,23054.5,23056.45,0
2026-03-19 09:19:00+00:00,23055.4,23068.3,23052.5,23064.0,0
2026-03-19 09:20:00+00:00,23062.15,23064.6,23048.1,23059.7,0
2026-03-19 09:21:00+00:00,23059.55,23064.8,23053.85,23061.65,0
2026-03-19 09:22:00+00:00,23060.25,23061.45,23054.8,23058.1,0
2026-03-19 09:23:00+00:00,23057.85,23059.9,23031.85,23033.45,0
2026-03-19 09:24:00+00:00,23033.25,23035.1,23026.95,23033.5,0
2026-03-19 09:25:00+00:00,23033.45,23044.45,22991.55,22991.55,0
2026-03-19 09:26:00+00:00,22992.55,22997.15,22977.2,22985.6,0
2026-03-19 09:27:00+00:00,22984.15,22987.6,22969.65,22973.5,0
2026-03-19 09:28:00+00:00,22972.7,22981.95,22966.85,22967.25,0
2026-03-19 09:29:00+00:00,22967.45,22975.8,22947.55,22954.05,0
2026-03-19 09:30:00+00:00,22954.9,22957.5,22930.35,22957.4,0
2026-03-19 09:31:00+00:00,22958.0,22992.75,22950.7,22992.75,0
2026-03-19 09:32:00+00:00,22994.4,23016.2,22994.35,23010.9,0
2026-03-19 09:33:00+00:00,23008.4,23008.4,22983.85,22985.75,0
2026-03-19 09:34:00+00:00,22983.45,22999.95,22983.45,22990.0,0
2026-03-19 09:35:00+00:00,22988.6,22989.65,22954.2,22958.85,0
2026-03-19 09:36:00+00:00,22958.0,22985.95,22954.8,22985.95,0
2026-03-19 09:37:00+00:00,22984.65,22993.7,22962.2,22963.15,0
2026-03-19 09:38:00+00:00,22963.3,22967.05,22955.5,22967.05,0
2026-03-19 09:39:00+00:00,22965.8,22975.1,22961.4,22971.9,0
2026-03-19 09:40:00+00:00,22972.05,22995.8,22965.9,22992.8,0
2026-03-19 09:41:00+00:00,22993.45,23011.8,22988.6,23009.45,0
2026-03-19 09:42:00+00:00,23008.85,23019.1,22993.0,22995.4,0
2026-03-19 09:43:00+00:00,22995.3,22996.85,22979.25,22983.05,0
2026-03-19 09:44:00+00:00,22982.95,22987.25,22972.95,22987.25,0
2026-03-19 09:45:00+00:00,22987.55,22996.15,22981.7,22987.3,0
2026-03-19 09:46:00+00:00,22986.7,22989.35,22977.65,22987.35,0
2026-03-19 09:47:00+00:00,22987.0,23001.7,22984.65,23001.7,0
2026-03-19 09:48:00+00:00,23000.65,23033.1,22994.85,23033.1,0
2026-03-19 09:49:00+00:00,23033.15,23037.4,23028.25,23037.25,0
2026-03-19 09:50:00+00:00,23037.5,23071.85,23036.0,23071.85,0
2026-03-19 09:51:00+00:00,23071.7,23072.95,23043.45,23062.85,0
2026-03-19 09:52:00+00:00,23062.1,23065.1,23055.7,23055.85,0
2026-03-19 09:53:00+00:00,23057.45,23064.7,23052.15,23063.85,0
2026-03-19 09:54:00+00:00,23061.8,23070.2,23053.5,23069.15,0
2026-03-19 09:55:00+00:00,23068.7,23079.1,23066.15,23075.4,0
2026-03-19 09:56:00+00:00,23075.1,23079.95,23068.3,23073.2,0
2026-03-19 09:57:00+00:00,23071.3,23074.8,23063.0,23064.8,0
2026-03-19 09:58:00+00:00,23063.0,23078.75,23061.75,23078.75,0
2026-03-19 09:59:00+00:00,23080.3,23093.9,23077.5,23087.85,0
