datetime,open,high,low,close,volume
2026-02-20 03:45:00+00:00,25406.55,25466.55,25386.2,25462.4,0
2026-02-20 03:46:00+00:00,25465.85,25485.85,25456.1,25469.05,0
2026-02-20 03:47:00+00:00,25471.7,25476.4,25440.75,25440.75,0
2026-02-20 03:48:00+00:00,25440.85,25451.4,25421.9,25435.55,0
2026-02-20 03:49:00+00:00,25437.35,25456.2,25431.55,25452.9,0
2026-02-20 03:50:00+00:00,25453.25,25465.8,25445.8,25458.4,0
2026-02-20 03:51:00+00:00,25459.75,25479.45,25457.35,25465.3,0
2026-02-20 03:52:00+00:00,25466.6,25473.55,25464.1,25467.8,0
2026-02-20 03:53:00+00:00,25469.95,25473.95,25450.4,25451.95,0
2026-02-20 03:54:00+00:00,25451.6,25451.65,25431.55,25431.55,0
2026-02-20 03:55:00+00:00,25432.0,25432.0,25411.05,25411.2,0
2026-02-20 03:56:00+00:00,25411.3,25425.6,25411.3,25417.95,0
2026-02-20 03:57:00+00:00,25418.85,25429.05,25413.7,25424.4,0
2026-02-20 03:58:00+00:00,25423.8,25424.45,25407.85,25407.85,0
2026-02-20 03:59:00+00:00,25407.45,25409.05,25379.75,25382.1,0
2026-02-20 04:00:00+00:00,25381.75,25423.45,25381.75,25423.45,0
2026-02-20 04:01:00+00:00,25424.45,25424.45,25401.75,25403.4,0
2026-02-20 04:02:00+00:00,25402.75,25430.0,25402.05,25430.0,0
2026-02-20 04:03:00+00:00,25429.3,25453.1,25429.3,25451.95,0
2026-02-20 04:04:00+00:00,25451.95,25468.85,25450.5,25466.35,0
2026-02-20 04:05:00+00:00,25466.6,25476.75,25464.1,25469.4,0
2026-02-20 04:06:00+00:00,25468.9,25479.4,25466.55,25475.5,0
2026-02-20 04:07:00+00:00,25475.35,25478.95,25464.0,25474.3,0
2026-02-20 04:08:00+00:00,25473.4,25475.3,25456.7,25461.55,0
2026-02-20 04:09:00+00:00,25461.4,25469.15,25460.55,25469.15,0
2026-02-20 04:10:00+00:00,25469.45,25469.65,25451.55,25457.5,0
2026-02-20 04:11:00+00:00,25458.55,25461.45,25450.35,25452.75,0
2026-02-20 04:12:00+00:00,25452.6,25475.1,25450.45,25471.95,0
2026-02-20 04:13:00+00:00,25472.55,25481.7,25470.25,25480.7,0
2026-02-20 04:14:00+00:00,25481.35,25486.9,25477.3,25482.3,0
2026-02-20 04:15:00+00:00,25481.65,25490.65,25480.6,25487.5,0
2026-02-20 04:16:00+00:00,25488.2,25492.65,25485.6,25489.9,0
2026-02-20 04:17:00+00:00,25489.7,25500.2,25489.45,25497.95,0
2026-02-20 04:18:00+00:00,25497.75,25514.15,25496.7,25511.9,0
2026-02-20 04:19:00+00:00,25511.45,25515.35,25501.65,25507.9,0
2026-02-20 04:20:00+00:00,25508.05,25522.25,25508.05,25520.7,0
2026-02-20 04:21:00+00:00,25520.6,25524.4,25516.55,25520.65,0
2026-02-20 04:22:00+00:00,25521.6,25523.6,25502.0,25502.0,0
2026-02-20 04:23:00+00:00,25502.6,25505.75,25499.75,25501.8,0
2026-02-20 04:24:00+00:00,25501.8,25504.25,25496.6,25504.05,0
2026-02-20 04:25:00+00:00,25503.9,25506.25,25498.55,25506.1,0
2026-02-20 04:26:00+00:00,25505.65,25524.7,25505.65,25520.15,0
2026-02-20 04:27:00+00:00,25520.6,25522.85,25515.5,25522.1,0
2026-02-20 04:28:00+00:00,25521.85,25522.1,25510.55,25514.5,0
2026-02-20 04:29:00+00:00,25514.85,25521.2,25512.4,25520.8,0
2026-02-20 04:30:00+00:00,25520.25,25523.45,25508.55,25511.05,0
2026-02-20 04:31:00+00:00,25510.85,25516.9,25507.95,25509.25,0
2026-02-20 04:32:00+00:00,25508.9,25509.7,25503.05,25508.9,0
2026-02-20 04:33:00+00:00,25508.15,25511.7,25491.95,25492.05,0
2026-02-20 04:34:00+00:00,25492.15,25500.5,25492.0,25496.35,0
2026-02-20 04:35:00+00:00,25497.45,25506.15,25497.45,25500.05,0
2026-02-20 04:36:00+00:00,25499.6,25512.6,25499.6,25509.15,0
2026-02-20 04:37:00+00:00,25507.45,25507.6,25497.3,25498.3,0
2026-02-20 04:38:00+00:00,25499.95,25501.45,25477.3,25477.7,0
2026-02-20 04:39:00+00:00,25478.65,25478.65,25468.95,25475.1,0
2026-02-20 04:40:00+00:00,25475.4,25486.05,25475.4,25485.55,0
2026-02-20 04:41:00+00:00,25484.9,25498.5,25480.8,25496.85,0
2026-02-20 04:42:00+00:00,25496.25,25501.8,25491.45,25494.3,0
2026-02-20 04:43:00+00:00,25493.45,25499.5,25482.85,25482.85,0
2026-02-20 04:44:00+00:00,25483.65,25484.3,25474.3,25480.45,0
2026-02-20 04:45:00+00:00,25479.9,25497.4,25479.9,25495.85,0
2026-02-20 04:46:00+00:00,25496.1,25518.85,25495.0,25517.6,0
2026-02-20 04:47:00+00:00,25517.5,25520.6,25514.75,25519.15,0
2026-02-20 04:48:00+00:00,25519.8,25538.8,25519.8,25536.5,0
2026-02-20 04:49:00+00:00,25537.1,25543.7,25535.9,25538.05,0
2026-02-20 04:50:00+00:00,25538.55,25540.6,25532.75,25534.55,0
2026-02-20 04:51:00+00:00,25534.7,25537.45,25531.5,25536.2,0
2026-02-20 04:52:00+00:00,25535.1,25555.05,25534.45,25546.75,0
2026-02-20 04:53:00+00:00,25546.9,25550.6,25538.55,25539.95,0
2026-02-20 04:54:00+00:00,25541.05,25546.4,25539.5,25544.85,0
2026-02-20 04:55:00+00:00,25543.75,25552.85,25543.75,25551.95,0
2026-02-20 04:56:00+00:00,25551.7,25571.35,25548.1,25569.45,0
2026-02-20 04:57:00+00:00,25568.05,25572.65,25562.55,25562.8,0
2026-02-20 04:58:00+00:00,25562.7,25563.25,25552.55,25552.85,0
2026-02-20 04:59:00+00:00,25552.65,25554.3,25548.1,25550.8,0
2026-02-20 05:00:00+00:00,25550.95,25577.4,25550.95,25569.8,0
2026-02-20 05:01:00+00:00,25568.8,25574.0,25565.6,25569.35,0
2026-02-20 05:02:00+00:00,25568.7,25578.5,25568.65,25574.15,0
2026-02-20 05:03:00+00:00,25574.6,25576.9,25568.65,25576.55,0
2026-02-20 05:04:00+00:00,25576.75,25577.1,25566.95,25570.85,0
2026-02-20 05:05:00+00:00,25570.5,25578.15,25570.5,25570.55,0
2026-02-20 05:06:00+00:00,25570.6,25574.8,25569.2,25569.9,0
2026-02-20 05:07:00+00:00,25570.45,25574.05,25565.65,25568.05,0
2026-02-20 05:08:00+00:00,25568.25,25569.3,25564.15,25566.6,0
2026-02-20 05:09:00+00:00,25565.75,25578.4,25565.75,25578.4,0
2026-02-20 05:10:00+00:00,25576.65,25595.85,25576.3,25594.45,0
2026-02-20 05:11:00+00:00,25595.1,25603.8,25594.9,25599.75,0
2026-02-20 05:12:00+00:00,25599.1,25600.0,25590.35,25595.45,0
2026-02-20 05:13:00+00:00,25595.45,25598.05,25594.15,25596.35,0
2026-02-20 05:14:00+00:00,25597.2,25600.3,25594.15,25596.65,0
2026-02-20 05:15:00+00:00,25595.6,25606.5,25595.6,25604.0,0
2026-02-20 05:16:00+00:00,25603.6,25604.9,25594.0,25601.6,0
2026-02-20 05:17:00+00:00,25600.3,25602.65,25584.5,25584.75,0
2026-02-20 05:18:00+00:00,25584.15,25593.05,25581.95,25589.6,0
2026-02-20 05:19:00+00:00,25589.55,25593.25,25583.15,25588.75,0
2026-02-20 05:20:00+00:00,25588.85,25590.75,25577.05,25577.05,0
2026-02-20 05:21:00+00:00,25577.85,25585.75,25577.65,25583.0,0
2026-02-20 05:22:00+00:00,25582.25,25592.05,25581.7,25589.45,0
2026-02-20 05:23:00+00:00,25589.2,25593.95,25584.4,25584.65,0
2026-02-20 05:24:00+00:00,25584.5,25591.3,25584.5,25587.95,0
2026-02-20 05:25:00+00:00,25588.3,25591.85,25587.55,25589.55,0
2026-02-20 05:26:00+00:00,25589.1,25591.65,25586.05,25589.6,0
2026-02-20 05:27:00+00:00,25589.5,25593.85,25587.8,25589.35,0
2026-02-20 05:28:00+00:00,25589.3,25590.0,25574.05,25575.25,0
2026-02-20 05:29:00+00:00,25574.35,25590.9,25574.35,25584.2,0
2026-02-20 05:30:00+00:00,25584.85,25589.3,25583.95,25589.2,0
2026-02-20 05:31:00+00:00,25589.25,25590.3,25577.1,25578.3,0
2026-02-20 05:32:00+00:00,25578.3,25580.95,25569.3,25573.35,0
2026-02-20 05:33:00+00:00,25573.15,25577.65,25571.3,25572.15,0
2026-02-20 05:34:00+00:00,25572.45,25582.6,25571.95,25579.2,0
2026-02-20 05:35:00+00:00,25579.55,25586.35,25576.8,25582.6,0
2026-02-20 05:36:00+00:00,25582.4,25584.65,25574.25,25574.5,0
2026-02-20 05:37:00+00:00,25575.15,25579.65,25573.4,25574.3,0
2026-02-20 05:38:00+00:00,25574.25,25574.9,25564.85,25573.55,0
2026-02-20 05:39:00+00:00,25573.3,25574.85,25568.3,25571.0,0
2026-02-20 05:40:00+00:00,25570.4,25572.25,25566.8,25567.8,0
2026-02-20 05:41:00+00:00,25566.75,25573.0,25561.85,25571.0,0
2026-02-20 05:42:00+00:00,25571.25,25579.8,25570.4,25579.8,0
2026-02-20 05:43:00+00:00,25579.1,25583.9,25565.6,25566.25,0
2026-02-20 05:44:00+00:00,25566.55,25567.1,25560.75,25561.85,0
2026-02-20 05:45:00+00:00,25561.7,25582.95,25561.7,25579.95,0
2026-02-20 05:46:00+00:00,25579.1,25580.15,25575.6,25577.2,0
2026-02-20 05:47:00+00:00,25577.25,25577.95,25565.95,25571.15,0
2026-02-20 05:48:00+00:00,25571.3,25579.4,25571.3,25578.0,0
2026-02-20 05:49:00+00:00,25578.0,25582.15,25574.5,25577.8,0
2026-02-20 05:50:00+00:00,25577.65,25582.0,25577.3,25577.65,0
2026-02-20 05:51:00+00:00,25577.6,25583.2,25576.2,25576.2,0
2026-02-20 05:52:00+00:00,25574.8,25576.7,25566.35,25569.7,0
2026-02-20 05:53:00+00:00,25569.9,25572.05,25562.65,25563.15,0
2026-02-20 05:54:00+00:00,25562.15,25571.6,25562.15,25568.85,0
2026-02-20 05:55:00+00:00,25568.4,25573.2,25563.4,25571.5,0
2026-02-20 05:56:00+00:00,25570.8,25577.3,25568.5,25576.95,0
2026-02-20 05:57:00+00:00,25576.85,25583.4,25576.85,25581.05,0
2026-02-20 05:58:00+00:00,25581.95,25594.85,25581.45,25592.9,0
2026-02-20 05:59:00+00:00,25592.9,25597.05,25584.55,25585.5,0
2026-02-20 06:00:00+00:00,25585.5,25597.35,25585.3,25596.4,0
2026-02-20 06:01:00+00:00,25596.2,25602.6,25596.2,25601.2,0
2026-02-20 06:02:00+00:00,25601.8,25602.3,25586.1,25586.7,0
2026-02-20 06:03:00+00:00,25586.65,25592.75,25580.25,25591.6,0
2026-02-20 06:04:00+00:00,25591.1,25595.15,25589.75,25593.9,0
2026-02-20 06:05:00+00:00,25593.25,25595.8,25591.0,25591.5,0
2026-02-20 06:06:00+00:00,25591.2,25597.2,25586.05,25596.15,0
2026-02-20 06:07:00+00:00,25596.4,25600.9,25594.75,25600.9,0
2026-02-20 06:08:00+00:00,25600.6,25605.2,25598.15,25600.15,0
2026-02-20 06:09:00+00:00,25600.2,25604.05,25597.2,25599.65,0
2026-02-20 06:10:00+00:00,25599.75,25605.0,25598.9,25598.9,0
2026-02-20 06:11:00+00:00,25599.4,25607.2,25595.45,25602.35,0
2026-02-20 06:12:00+00:00,25602.35,25606.65,25596.6,25601.3,0
2026-02-20 06:13:00+00:00,25600.85,25602.55,25597.8,25600.4,0
2026-02-20 06:14:00+00:00,25600.55,25603.2,25599.55,25600.85,0
2026-02-20 06:15:00+00:00,25600.25,25608.75,25600.05,25605.05,0
2026-02-20 06:16:00+00:00,25605.15,25620.7,25604.25,25618.6,0
2026-02-20 06:17:00+00:00,25617.35,25619.8,25607.2,25607.2,0
2026-02-20 06:18:00+00:00,25607.15,25609.2,25591.55,25592.15,0
2026-02-20 06:19:00+00:00,25591.95,25594.0,25586.95,25592.4,0
2026-02-20 06:20:00+00:00,25592.3,25593.85,25588.45,25592.5,0
2026-02-20 06:21:00+00:00,25592.7,25598.25,25592.7,25595.8,0
2026-02-20 06:22:00+00:00,25595.65,25600.85,25594.6,25597.7,0
2026-02-20 06:23:00+00:00,25597.55,25599.65,25593.8,25593.8,0
2026-02-20 06:24:00+00:00,25594.55,25596.55,25582.65,25583.85,0
2026-02-20 06:25:00+00:00,25583.6,25587.1,25581.1,25586.95,0
2026-02-20 06:26:00+00:00,25587.4,25592.1,25586.85,25590.8,0
2026-02-20 06:27:00+00:00,25589.9,25605.35,25589.9,25604.95,0
2026-02-20 06:28:00+00:00,25604.9,25610.75,25601.2,25607.2,0
2026-02-20 06:29:00+00:00,25607.0,25608.15,25597.05,25598.15,0
2026-02-20 06:30:00+00:00,25597.8,25602.05,25595.65,25597.05,0
2026-02-20 06:31:00+00:00,25596.95,25598.55,25587.15,25588.35,0
2026-02-20 06:32:00+00:00,25588.25,25588.4,25580.55,25582.6,0
2026-02-20 06:33:00+00:00,25583.45,25589.1,25583.4,25583.95,0
2026-02-20 06:34:00+00:00,25583.9,25588.1,25582.95,25587.3,0
2026-02-20 06:35:00+00:00,25586.75,25590.1,25584.4,25585.3,0
2026-02-20 06:36:00+00:00,25585.4,25590.9,25583.65,25588.85,0
2026-02-20 06:37:00+00:00,25588.0,25590.95,25583.55,25585.9,0
2026-02-20 06:38:00+00:00,25586.55,25592.35,25586.55,25588.95,0
2026-02-20 06:39:00+00:00,25588.6,25594.05,25582.8,25592.8,0
2026-02-20 06:40:00+00:00,25592.45,25596.65,25591.2,25593.9,0
2026-02-20 06:41:00+00:00,25593.4,25597.3,25592.8,25595.6,0
2026-02-20 06:42:00+00:00,25595.6,25596.45,25591.2,25594.25,0
2026-02-20 06:43:00+00:00,25594.25,25598.9,25592.85,25598.15,0
2026-02-20 06:44:00+00:00,25598.65,25604.5,25598.2,25603.1,0
2026-02-20 06:45:00+00:00,25602.45,25613.75,25602.1,25611.8,0
2026-02-20 06:46:00+00:00,25610.45,25621.1,25610.45,25617.55,0
2026-02-20 06:47:00+00:00,25616.9,25632.8,25616.9,25625.75,0
2026-02-20 06:48:00+00:00,25625.1,25636.2,25625.1,25635.9,0
2026-02-20 06:49:00+00:00,25636.05,25640.1,25631.95,25634.9,0
2026-02-20 06:50:00+00:00,25635.2,25647.7,25635.2,25640.0,0
2026-02-20 06:51:00+00:00,25640.2,25646.0,25638.3,25644.5,0
2026-02-20 06:52:00+00:00,25644.05,25648.85,25640.65,25648.3,0
2026-02-20 06:53:00+00:00,25648.1,25651.4,25646.55,25648.95,0
2026-02-20 06:54:00+00:00,25648.35,25651.55,25647.35,25648.1,0
2026-02-20 06:55:00+00:00,25648.05,25649.95,25646.65,25647.55,0
2026-02-20 06:56:00+00:00,25647.6,25663.2,25647.25,25662.5,0
2026-02-20 06:57:00+00:00,25661.9,25663.55,25651.4,25654.8,0
2026-02-20 06:58:00+00:00,25654.55,25661.95,25652.55,25656.05,0
2026-02-20 06:59:00+00:00,25655.65,25661.7,25651.1,25653.45,0
2026-02-20 07:00:00+00:00,25652.95,25657.5,25652.35,25654.6,0
2026-02-20 07:01:00+00:00,25654.6,25658.35,25653.15,25657.65,0
2026-02-20 07:02:00+00:00,25656.75,25657.5,25650.65,25650.65,0
2026-02-20 07:03:00+00:00,25650.5,25653.35,25640.6,25641.7,0
2026-02-20 07:04:00+00:00,25641.45,25645.85,25641.05,25643.0,0
2026-02-20 07:05:00+00:00,25643.35,25649.2,25643.35,25645.45,0
2026-02-20 07:06:00+00:00,25645.1,25648.5,25641.9,25643.5,0
2026-02-20 07:07:00+00:00,25642.45,25645.05,25634.95,25637.15,0
2026-02-20 07:08:00+00:00,25636.3,25642.25,25635.1,25636.5,0
2026-02-20 07:09:00+00:00,25635.15,25637.2,25632.0,25632.75,0
2026-02-20 07:10:00+00:00,25633.35,25636.95,25631.4,25632.15,0
2026-02-20 07:11:00+00:00,25631.7,25636.8,25629.8,25629.8,0
2026-02-20 07:12:00+00:00,25630.1,25633.7,25624.25,25626.05,0
2026-02-20 07:13:00+00:00,25624.95,25627.55,25608.8,25609.2,0
2026-02-20 07:14:00+00:00,25609.8,25611.55,25604.95,25606.8,0
2026-02-20 07:15:00+00:00,25605.95,25606.65,25599.95,25600.7,0
2026-02-20 07:16:00+00:00,25601.95,25603.25,25588.45,25593.05,0
2026-02-20 07:17:00+00:00,25593.1,25600.85,25592.35,25599.7,0
2026-02-20 07:18:00+00:00,25600.05,25619.65,25600.05,25619.1,0
2026-02-20 07:19:00+00:00,25618.6,25623.85,25608.3,25608.55,0
2026-02-20 07:20:00+00:00,25607.55,25610.75,25605.0,25607.2,0
2026-02-20 07:21:00+00:00,25607.0,25612.5,25606.45,25611.8,0
2026-02-20 07:22:00+00:00,25611.35,25611.8,25608.35,25610.8,0
2026-02-20 07:23:00+00:00,25610.85,25612.15,25600.65,25602.05,0
2026-02-20 07:24:00+00:00,25602.3,25613.7,25602.3,25612.25,0
2026-02-20 07:25:00+00:00,25612.1,25613.2,25606.95,25608.2,0
2026-02-20 07:26:00+00:00,25608.7,25609.3,25589.8,25591.35,0
2026-02-20 07:27:00+00:00,25591.2,25592.4,25578.45,25578.45,0
2026-02-20 07:28:00+00:00,25579.7,25584.85,25573.3,25584.85,0
2026-02-20 07:29:00+00:00,25585.0,25594.6,25585.0,25594.6,0
2026-02-20 07:30:00+00:00,25594.25,25609.75,25594.25,25605.9,0
2026-02-20 07:31:00+00:00,25606.15,25607.95,25602.35,25604.5,0
2026-02-20 07:32:00+00:00,25604.7,25605.8,25589.55,25589.55,0
2026-02-20 07:33:00+00:00,25589.8,25592.5,25585.75,25586.35,0
2026-02-20 07:34:00+00:00,25586.05,25592.4,25585.5,25587.9,0
2026-02-20 07:35:00+00:00,25588.25,25588.9,25582.3,25582.5,0
2026-02-20 07:36:00+00:00,25582.4,25584.4,25578.05,25579.4,0
2026-02-20 07:37:00+00:00,25579.35,25580.05,25571.5,25572.05,0
2026-02-20 07:38:00+00:00,25571.8,25573.5,25561.25,25568.7,0
2026-02-20 07:39:00+00:00,25567.8,25570.4,25560.8,25561.95,0
2026-02-20 07:40:00+00:00,25562.35,25566.3,25553.15,25554.05,0
2026-02-20 07:41:00+00:00,25553.4,25554.9,25535.75,25539.75,0
2026-02-20 07:42:00+00:00,25539.85,25545.0,25536.85,25539.8,0
2026-02-20 07:43:00+00:00,25540.1,25555.5,25540.1,25555.5,0
2026-02-20 07:44:00+00:00,25556.25,25559.6,25553.85,25554.6,0
2026-02-20 07:45:00+00:00,25554.5,25554.5,25543.15,25543.45,0
2026-02-20 07:46:00+00:00,25543.5,25549.05,25538.9,25548.7,0
2026-02-20 07:47:00+00:00,25548.5,25559.15,25548.5,25549.6,0
2026-02-20 07:48:00+00:00,25549.8,25552.5,25541.55,25542.6,0
2026-02-20 07:49:00+00:00,25543.55,25547.35,25539.05,25546.3,0
2026-02-20 07:50:00+00:00,25545.65,25551.4,25544.1,25544.7,0
2026-02-20 07:51:00+00:00,25544.45,25544.7,25532.0,25533.55,0
2026-02-20 07:52:00+00:00,25533.7,25546.85,25533.7,25545.95,0
2026-02-20 07:53:00+00:00,25544.6,25546.05,25537.05,25538.95,0
2026-02-20 07:54:00+00:00,25539.85,25551.45,25539.35,25549.85,0
2026-02-20 07:55:00+00:00,25549.2,25551.8,25540.3,25550.1,0
2026-02-20 07:56:00+00:00,25551.9,25557.2,25547.85,25552.95,0
2026-02-20 07:57:00+00:00,25552.15,25560.15,25548.5,25557.05,0
2026-02-20 07:58:00+00:00,25556.1,25573.2,25554.6,25570.35,0
2026-02-20 07:59:00+00:00,25569.2,25573.3,25563.95,25568.5,0
2026-02-20 08:00:00+00:00,25567.5,25582.6,25565.65,25575.35,0
2026-02-20 08:01:00+00:00,25574.6,25584.15,25573.9,25580.65,0
2026-02-20 08:02:00+00:00,25579.4,25587.5,25578.05,25585.7,0
2026-02-20 08:03:00+00:00,25584.8,25587.0,25578.55,25582.05,0
2026-02-20 08:04:00+00:00,25582.15,25593.5,25580.95,25593.5,0
2026-02-20 08:05:00+00:00,25593.5,25609.6,25591.55,25606.9,0
2026-02-20 08:06:00+00:00,25606.55,25606.55,25583.85,25583.85,0
2026-02-20 08:07:00+00:00,25583.6,25585.0,25575.05,25581.8,0
2026-02-20 08:08:00+00:00,25582.2,25587.15,25579.1,25579.1,0
2026-02-20 08:09:00+00:00,25579.95,25581.4,25568.7,25573.2,0
2026-02-20 08:10:00+00:00,25574.75,25578.5,25571.3,25571.3,0
2026-02-20 08:11:00+00:00,25571.95,25575.5,25569.25,25570.3,0
2026-02-20 08:12:00+00:00,25570.5,25571.8,25556.0,25561.95,0
2026-02-20 08:13:00+00:00,25562.55,25580.1,25562.55,25576.9,0
2026-02-20 08:14:00+00:00,25577.0,25580.05,25572.15,25573.0,0
2026-02-20 08:15:00+00:00,25572.85,25587.4,25572.85,25577.85,0
2026-02-20 08:16:00+00:00,25577.2,25580.05,25570.6,25575.35,0
2026-02-20 08:17:00+00:00,25575.2,25576.75,25570.1,25572.8,0
2026-02-20 08:18:00+00:00,25572.65,25577.95,25568.75,25577.55,0
2026-02-20 08:19:00+00:00,25577.15,25585.1,25575.8,25580.9,0
2026-02-20 08:20:00+00:00,25580.9,25583.05,25579.6,25581.05,0
2026-02-20 08:21:00+00:00,25581.1,25583.25,25576.0,25576.4,0
2026-02-20 08:22:00+00:00,25576.35,25578.8,25571.8,25572.25,0
2026-02-20 08:23:00+00:00,25572.6,25576.3,25572.05,25574.9,0
2026-02-20 08:24:00+00:00,25575.0,25576.1,25565.15,25565.2,0
2026-02-20 08:25:00+00:00,25564.9,25574.1,25561.4,25573.05,0
2026-02-20 08:26:00+00:00,25573.75,25578.95,25568.3,25576.25,0
2026-02-20 08:27:00+00:00,25576.95,25587.75,25575.4,25585.55,0
2026-02-20 08:28:00+00:00,25585.75,25602.9,25585.2,25598.2,0
2026-02-20 08:29:00+00:00,25597.35,25602.1,25593.2,25601.15,0
2026-02-20 08:30:00+00:00,25600.75,25603.95,25595.85,25599.95,0
2026-02-20 08:31:00+00:00,25599.5,25611.8,25599.15,25604.75,0
2026-02-20 08:32:00+00:00,25604.6,25606.1,25593.75,25595.3,0
2026-02-20 08:33:00+00:00,25595.7,25603.7,25595.0,25597.65,0
2026-02-20 08:34:00+00:00,25597.65,25602.45,25593.0,25593.0,0
2026-02-20 08:35:00+00:00,25592.2,25593.4,25577.45,25586.8,0
2026-02-20 08:36:00+00:00,25587.4,25592.95,25585.8,25590.6,0
2026-02-20 08:37:00+00:00,25591.3,25600.95,25586.4,25599.25,0
2026-02-20 08:38:00+00:00,25598.65,25601.85,25592.95,25593.95,0
2026-02-20 08:39:00+00:00,25594.25,25597.5,25592.3,25596.15,0
2026-02-20 08:40:00+00:00,25595.85,25599.95,25594.45,25595.0,0
2026-02-20 08:41:00+00:00,25594.65,25601.9,25591.85,25598.15,0
2026-02-20 08:42:00+00:00,25598.8,25600.7,25592.35,25596.15,0
2026-02-20 08:43:00+00:00,25595.75,25598.4,25591.8,25598.4,0
2026-02-20 08:44:00+00:00,25598.5,25602.15,25596.05,25602.15,0
2026-02-20 08:45:00+00:00,25601.65,25612.1,25601.65,25611.95,0
2026-02-20 08:46:00+00:00,25611.05,25621.1,25611.05,25617.5,0
2026-02-20 08:47:00+00:00,25618.9,25621.9,25616.0,25621.9,0
2026-02-20 08:48:00+00:00,25623.55,25631.0,25621.45,25628.6,0
2026-02-20 08:49:00+00:00,25631.15,25632.8,25625.15,25630.55,0
2026-02-20 08:50:00+00:00,25630.5,25630.55,25620.5,25621.35,0
2026-02-20 08:51:00+00:00,25621.95,25634.0,25620.85,25632.55,0
2026-02-20 08:52:00+00:00,25632.5,25634.15,25621.65,25621.9,0
2026-02-20 08:53:00+00:00,25622.6,25623.85,25610.15,25610.35,0
2026-02-20 08:54:00+00:00,25609.55,25614.05,25602.5,25604.55,0
2026-02-20 08:55:00+00:00,25604.35,25607.3,25599.85,25603.8,0
2026-02-20 08:56:00+00:00,25603.6,25606.8,25594.4,25596.3,0
2026-02-20 08:57:00+00:00,25597.0,25603.3,25594.45,25595.9,0
2026-02-20 08:58:00+00:00,25594.45,25596.45,25587.05,25593.75,0
2026-02-20 08:59:00+00:00,25593.8,25600.65,25591.1,25591.1,0
2026-02-20 09:00:00+00:00,25592.0,25598.0,25585.9,25595.3,0
2026-02-20 09:01:00+00:00,25595.35,25601.45,25595.35,25599.05,0
2026-02-20 09:02:00+00:00,25599.65,25603.45,25595.25,25599.85,0
2026-02-20 09:03:00+00:00,25599.75,25601.05,25595.0,25599.6,0
2026-02-20 09:04:00+00:00,25600.2,25604.85,25597.05,25600.75,0
2026-02-20 09:05:00+00:00,25600.7,25615.45,25600.7,25614.55,0
2026-02-20 09:06:00+00:00,25615.1,25617.45,25605.3,25611.2,0
2026-02-20 09:07:00+00:00,25610.85,25612.75,25603.95,25603.95,0
2026-02-20 09:08:00+00:00,25602.2,25604.25,25595.75,25596.85,0
2026-02-20 09:09:00+00:00,25597.35,25611.45,25596.9,25607.75,0
2026-02-20 09:10:00+00:00,25607.5,25617.35,25607.5,25612.05,0
2026-02-20 09:11:00+00:00,25611.8,25614.55,25607.05,25614.55,0
2026-02-20 09:12:00+00:00,25614.1,25615.45,25609.95,25613.35,0
2026-02-20 09:13:00+00:00,25613.4,25620.0,25611.7,25619.65,0
2026-02-20 09:14:00+00:00,25619.8,25637.6,25617.75,25625.55,0
2026-02-20 09:15:00+00:00,25625.95,25640.7,25625.95,25639.45,0
2026-02-20 09:16:00+00:00,25639.4,25642.4,25634.8,25641.15,0
2026-02-20 09:17:00+00:00,25640.6,25642.15,25630.75,25635.65,0
2026-02-20 09:18:00+00:00,25637.2,25649.45,25636.25,25647.75,0
2026-02-20 09:19:00+00:00,25648.55,25652.85,25644.8,25649.85,0
2026-02-20 09:20:00+00:00,25649.95,25650.6,25633.25,25634.2,0
2026-02-20 09:21:00+00:00,25633.45,25634.05,25614.6,25625.8,0
2026-02-20 09:22:00+00:00,25626.05,25633.75,25623.05,25632.85,0
2026-02-20 09:23:00+00:00,25632.45,25634.3,25624.25,25625.2,0
2026-02-20 09:24:00+00:00,25625.9,25633.4,25624.15,25632.55,0
2026-02-20 09:25:00+00:00,25632.1,25638.3,25630.0,25636.15,0
2026-02-20 09:26:00+00:00,25636.05,25637.1,25630.45,25635.25,0
2026-02-20 09:27:00+00:00,25635.1,25635.95,25629.3,25630.1,0
2026-02-20 09:28:00+00:00,25630.15,25634.6,25629.15,25633.3,0
2026-02-20 09:29:00+00:00,25633.65,25642.8,25633.65,25642.8,0
2026-02-20 09:30:00+00:00,25646.9,25649.65,25623.05,25623.05,0
2026-02-20 09:31:00+00:00,25623.2,25629.15,25620.9,25627.6,0
2026-02-20 09:32:00+00:00,25627.15,25629.55,25610.1,25610.6,0
2026-02-20 09:33:00+00:00,25611.35,25616.7,25609.8,25612.7,0
2026-02-20 09:34:00+00:00,25611.3,25612.1,25595.3,25598.0,0
2026-02-20 09:35:00+00:00,25597.05,25598.8,25593.95,25594.55,0
2026-02-20 09:36:00+00:00,25589.7,25590.35,25581.1,25583.55,0
2026-02-20 09:37:00+00:00,25583.55,25584.25,25571.8,25572.15,0
2026-02-20 09:38:00+00:00,25572.6,25579.4,25570.35,25578.65,0
2026-02-20 09:39:00+00:00,25578.3,25582.15,25572.6,25574.2,0
2026-02-20 09:40:00+00:00,25573.7,25576.05,25566.55,25567.2,0
2026-02-20 09:41:00+00:00,25567.25,25572.55,25565.95,25566.7,0
2026-02-20 09:42:00+00:00,25567.5,25567.85,25564.2,25565.75,0
2026-02-20 09:43:00+00:00,25566.4,25568.55,25564.25,25566.35,0
2026-02-20 09:44:00+00:00,25566.7,25574.0,25563.0,25571.95,0
2026-02-20 09:45:00+00:00,25570.85,25571.95,25566.35,25569.35,0
2026-02-20 09:46:00+00:00,25568.85,25572.6,25568.65,25570.75,0
2026-02-20 09:47:00+00:00,25570.8,25571.95,25566.15,25567.45,0
2026-02-20 09:48:00+00:00,25566.8,25568.15,25563.8,25565.8,0
2026-02-20 09:49:00+00:00,25565.75,25566.15,25552.3,25554.45,0
2026-02-20 09:50:00+00:00,25553.0,25554.1,25541.5,25545.0,0
2026-02-20 09:51:00+00:00,25543.85,25544.8,25539.15,25540.3,0
2026-02-20 09:52:00+00:00,25541.35,25568.35,25538.9,25564.85,0
2026-02-20 09:53:00+00:00,25562.55,25564.3,25555.3,25559.1,0
2026-02-20 09:54:00+00:00,25557.9,25567.05,25554.1,25567.0,0
2026-02-20 09:55:00+00:00,25566.3,25571.7,25562.75,25567.2,0
2026-02-20 09:56:00+00:00,25566.15,25566.75,25551.65,25555.3,0
2026-02-20 09:57:00+00:00,25554.8,25567.2,25551.95,25566.0,0
2026-02-20 09:58:00+00:00,25566.5,25575.55,25563.6,25569.9,0
2026-02-20 09:59:00+00:00,25569.95,25577.45,25561.25,25565.9,0
2026-02-23 03:45:00+00:00,25678.4,25678.7,25632.85,25634.4,0
2026-02-23 03:46:00+00:00,25638.4,25668.65,25626.5,25661.55,0
2026-02-23 03:47:00+00:00,25660.2,25702.25,25660.15,25701.1,0
2026-02-23 03:48:00+00:00,25700.8,25707.1,25682.3,25693.95,0
2026-02-23 03:49:00+00:00,25692.6,25705.95,25690.8,25697.4,0
2026-02-23 03:50:00+00:00,25698.15,25723.7,25697.05,25721.6,0
2026-02-23 03:51:00+00:00,25721.2,25728.35,25716.25,25716.35,0
2026-02-23 03:52:00+00:00,25714.25,25721.65,25707.6,25712.4,0
2026-02-23 03:53:00+00:00,25713.1,25731.7,25711.0,25731.35,0
2026-02-23 03:54:00+00:00,25731.65,25741.2,25728.65,25736.3,0
2026-02-23 03:55:00+00:00,25734.8,25743.9,25732.55,25739.35,0
2026-02-23 03:56:00+00:00,25738.8,25755.1,25738.35,25749.7,0
2026-02-23 03:57:00+00:00,25748.3,25759.45,25746.15,25759.0,0
2026-02-23 03:58:00+00:00,25760.2,25767.9,25753.35,25753.35,0
2026-02-23 03:59:00+00:00,25753.65,25760.0,25747.2,25759.05,0
2026-02-23 04:00:00+00:00,25760.3,25771.45,25760.3,25768.8,0
2026-02-23 04:01:00+00:00,25767.8,25770.25,25746.75,25747.25,0
2026-02-23 04:02:00+00:00,25746.3,25751.75,25738.05,25746.25,0
2026-02-23 04:03:00+00:00,25747.1,25749.1,25740.1,25744.1,0
2026-02-23 04:04:00+00:00,25744.8,25745.3,25736.9,25740.4,0
2026-02-23 04:05:00+00:00,25740.55,25761.9,25739.0,25749.45,0
2026-02-23 04:06:00+00:00,25748.8,25758.05,25742.9,25756.65,0
2026-02-23 04:07:00+00:00,25756.65,25758.3,25753.15,25757.3,0
2026-02-23 04:08:00+00:00,25757.75,25768.25,25747.4,25747.4,0
2026-02-23 04:09:00+00:00,25747.85,25747.85,25728.5,25728.7,0
2026-02-23 04:10:00+00:00,25729.0,25730.7,25719.85,25719.85,0
2026-02-23 04:11:00+00:00,25721.7,25731.55,25718.6,25730.0,0
2026-02-23 04:12:00+00:00,25730.95,25737.4,25729.0,25733.7,0
2026-02-23 04:13:00+00:00,25733.85,25739.3,25732.5,25735.5,0
2026-02-23 04:14:00+00:00,25736.45,25740.5,25730.0,25730.25,0
2026-02-23 04:15:00+00:00,25732.2,25740.25,25730.7,25736.5,0
2026-02-23 04:16:00+00:00,25738.05,25739.1,25727.15,25728.1,0
2026-02-23 04:17:00+00:00,25728.35,25743.7,25727.6,25738.15,0
2026-02-23 04:18:00+00:00,25738.9,25748.1,25736.0,25744.1,0
2026-02-23 04:19:00+00:00,25745.55,25749.0,25740.35,25740.6,0
2026-02-23 04:20:00+00:00,25742.25,25744.0,25731.4,25733.95,0
2026-02-23 04:21:00+00:00,25736.1,25746.65,25734.35,25741.85,0
2026-02-23 04:22:00+00:00,25741.8,25743.2,25736.1,25739.5,0
2026-02-23 04:23:00+00:00,25738.95,25738.95,25714.6,25715.3,0
2026-02-23 04:24:00+00:00,25716.45,25719.0,25711.1,25717.9,0
2026-02-23 04:25:00+00:00,25718.5,25728.8,25711.95,25725.1,0
2026-02-23 04:26:00+00:00,25727.8,25743.95,25725.4,25738.3,0
2026-02-23 04:27:00+00:00,25739.55,25739.9,25728.55,25728.8,0
2026-02-23 04:28:00+00:00,25730.3,25731.05,25720.2,25728.0,0
2026-02-23 04:29:00+00:00,25728.95,25733.5,25725.8,25728.65,0
2026-02-23 04:30:00+00:00,25729.45,25731.75,25721.7,25722.65,0
2026-02-23 04:31:00+00:00,25722.8,25730.85,25721.05,25729.7,0
2026-02-23 04:32:00+00:00,25729.95,25734.5,25726.2,25731.3,0
2026-02-23 04:33:00+00:00,25732.45,25735.5,25730.4,25731.15,0
2026-02-23 04:34:00+00:00,25732.7,25732.7,25727.8,25729.55,0
2026-02-23 04:35:00+00:00,25730.35,25736.65,25729.6,25729.8,0
2026-02-23 04:36:00+00:00,25731.1,25737.45,25725.9,25731.45,0
2026-02-23 04:37:00+00:00,25731.65,25731.9,25717.95,25719.35,0
2026-02-23 04:38:00+00:00,25720.9,25732.7,25720.9,25722.15,0
2026-02-23 04:39:00+00:00,25722.65,25730.0,25720.95,25727.2,0
2026-02-23 04:40:00+00:00,25728.75,25730.25,25725.2,25727.05,0
2026-02-23 04:41:00+00:00,25727.3,25731.25,25719.5,25721.1,0
2026-02-23 04:42:00+00:00,25721.4,25722.2,25713.4,25716.3,0
2026-02-23 04:43:00+00:00,25716.65,25716.65,25705.8,25708.95,0
2026-02-23 04:44:00+00:00,25708.95,25721.05,25705.15,25717.35,0
2026-02-23 04:45:00+00:00,25717.85,25727.35,25714.6,25717.5,0
2026-02-23 04:46:00+00:00,25718.2,25723.15,25712.85,25721.5,0
2026-02-23 04:47:00+00:00,25722.4,25729.0,25722.25,25727.35,0
2026-02-23 04:48:00+00:00,25728.9,25730.3,25725.55,25729.7,0
2026-02-23 04:49:00+00:00,25730.65,25733.7,25725.8,25727.9,0
2026-02-23 04:50:00+00:00,25728.55,25731.0,25721.75,25724.05,0
2026-02-23 04:51:00+00:00,25724.15,25726.7,25719.65,25724.0,0
2026-02-23 04:52:00+00:00,25724.95,25730.45,25721.6,25728.5,0
2026-02-23 04:53:00+00:00,25729.3,25733.0,25727.7,25731.05,0
2026-02-23 04:54:00+00:00,25731.8,25732.0,25724.1,25726.3,0
2026-02-23 04:55:00+00:00,25726.0,25726.0,25719.0,25719.0,0
2026-02-23 04:56:00+00:00,25719.7,25721.9,25716.3,25721.0,0
2026-02-23 04:57:00+00:00,25722.05,25723.75,25706.0,25709.35,0
2026-02-23 04:58:00+00:00,25709.65,25711.55,25702.95,25703.4,0
2026-02-23 04:59:00+00:00,25703.7,25706.45,25695.95,25706.45,0
2026-02-23 05:00:00+00:00,25707.75,25709.65,25701.7,25703.05,0
2026-02-23 05:01:00+00:00,25703.75,25704.7,25695.25,25700.6,0
2026-02-23 05:02:00+00:00,25700.3,25700.5,25694.45,25694.45,0
2026-02-23 05:03:00+00:00,25694.7,25700.75,25693.55,25698.7,0
2026-02-23 05:04:00+00:00,25699.3,25704.0,25696.6,25700.1,0
2026-02-23 05:05:00+00:00,25701.3,25706.05,25699.65,25705.0,0
2026-02-23 05:06:00+00:00,25705.35,25706.35,25699.35,25701.55,0
2026-02-23 05:07:00+00:00,25701.45,25702.05,25691.9,25692.6,0
2026-02-23 05:08:00+00:00,25692.9,25694.25,25684.15,25687.55,0
2026-02-23 05:09:00+00:00,25687.8,25691.85,25686.5,25689.6,0
2026-02-23 05:10:00+00:00,25690.05,25690.5,25678.1,25678.75,0
2026-02-23 05:11:00+00:00,25679.3,25684.15,25677.45,25677.45,0
2026-02-23 05:12:00+00:00,25678.3,25682.65,25674.75,25681.8,0
2026-02-23 05:13:00+00:00,25682.15,25683.15,25667.1,25667.4,0
2026-02-23 05:14:00+00:00,25667.7,25667.7,25655.15,25656.95,0
2026-02-23 05:15:00+00:00,25658.0,25664.2,25652.35,25652.35,0
2026-02-23 05:16:00+00:00,25653.0,25654.65,25646.6,25647.8,0
2026-02-23 05:17:00+00:00,25649.0,25657.75,25646.9,25657.05,0
2026-02-23 05:18:00+00:00,25658.1,25661.0,25654.6,25657.65,0
2026-02-23 05:19:00+00:00,25658.55,25663.05,25652.8,25653.65,0
2026-02-23 05:20:00+00:00,25653.85,25658.85,25653.15,25658.65,0
2026-02-23 05:21:00+00:00,25659.3,25672.9,25658.85,25672.6,0
2026-02-23 05:22:00+00:00,25672.4,25672.55,25665.15,25667.1,0
2026-02-23 05:23:00+00:00,25667.5,25676.6,25666.5,25674.65,0
2026-02-23 05:24:00+00:00,25674.8,25677.7,25669.55,25671.8,0
2026-02-23 05:25:00+00:00,25672.75,25673.1,25665.0,25667.1,0
2026-02-23 05:26:00+00:00,25670.05,25672.9,25666.25,25672.9,0
2026-02-23 05:27:00+00:00,25673.35,25676.9,25670.85,25675.5,0
2026-02-23 05:28:00+00:00,25676.9,25676.95,25672.05,25674.15,0
2026-02-23 05:29:00+00:00,25674.15,25674.15,25667.85,25667.85,0
2026-02-23 05:30:00+00:00,25668.8,25676.95,25666.75,25674.65,0
2026-02-23 05:31:00+00:00,25675.1,25680.0,25675.0,25679.8,0
2026-02-23 05:32:00+00:00,25679.8,25689.2,25679.35,25689.2,0
2026-02-23 05:33:00+00:00,25689.65,25692.0,25685.35,25685.35,0
2026-02-23 05:34:00+00:00,25686.0,25688.2,25682.85,25683.15,0
2026-02-23 05:35:00+00:00,25683.7,25684.05,25674.4,25675.1,0
2026-02-23 05:36:00+00:00,25675.5,25675.75,25662.2,25662.65,0
2026-02-23 05:37:00+00:00,25662.75,25662.75,25652.3,25659.85,0
2026-02-23 05:38:00+00:00,25660.9,25666.5,25660.2,25665.65,0
2026-02-23 05:39:00+00:00,25666.0,25680.95,25663.2,25680.5,0
2026-02-23 05:40:00+00:00,25680.05,25691.0,25678.8,25689.1,0
2026-02-23 05:41:00+00:00,25689.05,25689.3,25685.25,25686.8,0
2026-02-23 05:42:00+00:00,25687.15,25687.15,25674.4,25675.6,0
2026-02-23 05:43:00+00:00,25676.7,25687.5,25676.35,25687.5,0
2026-02-23 05:44:00+00:00,25689.15,25697.95,25687.95,25696.1,0
2026-02-23 05:45:00+00:00,25697.0,25699.2,25691.3,25691.8,0
2026-02-23 05:46:00+00:00,25692.75,25696.75,25691.15,25696.4,0
2026-02-23 05:47:00+00:00,25696.85,25696.85,25691.55,25692.15,0
2026-02-23 05:48:00+00:00,25692.3,25692.3,25678.95,25678.95,0
2026-02-23 05:49:00+00:00,25679.35,25682.5,25673.45,25673.45,0
2026-02-23 05:50:00+00:00,25674.95,25678.4,25672.85,25675.8,0
2026-02-23 05:51:00+00:00,25676.1,25676.4,25670.65,25672.2,0
2026-02-23 05:52:00+00:00,25673.35,25674.85,25662.2,25662.9,0
2026-02-23 05:53:00+00:00,25664.15,25664.7,25660.2,25662.6,0
2026-02-23 05:54:00+00:00,25663.15,25664.1,25660.25,25663.2,0
2026-02-23 05:55:00+00:00,25663.75,25666.0,25661.05,25663.55,0
2026-02-23 05:56:00+00:00,25664.0,25664.15,25654.95,25654.95,0
2026-02-23 05:57:00+00:00,25655.65,25660.0,25652.5,25659.8,0
2026-02-23 05:58:00+00:00,25660.25,25665.65,25658.9,25664.6,0
2026-02-23 05:59:00+00:00,25664.85,25665.8,25661.5,25662.0,0
2026-02-23 06:00:00+00:00,25662.3,25662.3,25654.9,25654.9,0
2026-02-23 06:01:00+00:00,25656.45,25660.7,25655.15,25656.95,0
2026-02-23 06:02:00+00:00,25657.65,25662.3,25655.75,25661.4,0
2026-02-23 06:03:00+00:00,25661.55,25662.4,25658.4,25658.4,0
2026-02-23 06:04:00+00:00,25659.25,25660.3,25654.85,25655.05,0
2026-02-23 06:05:00+00:00,25655.45,25659.0,25651.85,25657.45,0
2026-02-23 06:06:00+00:00,25658.7,25669.15,25657.85,25667.2,0
2026-02-23 06:07:00+00:00,25667.8,25669.45,25661.9,25665.6,0
2026-02-23 06:08:00+00:00,25665.75,25670.25,25664.7,25668.2,0
2026-02-23 06:09:00+00:00,25668.15,25670.85,25664.45,25668.6,0
2026-02-23 06:10:00+00:00,25669.35,25671.2,25664.8,25665.3,0
2026-02-23 06:11:00+00:00,25666.0,25669.9,25662.15,25664.9,0
2026-02-23 06:12:00+00:00,25665.05,25668.8,25664.45,25667.8,0
2026-02-23 06:13:00+00:00,25668.1,25669.7,25663.35,25663.9,0
2026-02-23 06:14:00+00:00,25664.7,25670.4,25663.05,25667.65,0
2026-02-23 06:15:00+00:00,25668.0,25671.2,25663.4,25664.1,0
2026-02-23 06:16:00+00:00,25665.05,25666.9,25660.75,25661.65,0
2026-02-23 06:17:00+00:00,25662.5,25663.8,25658.8,25662.25,0
2026-02-23 06:18:00+00:00,25663.8,25663.8,25646.25,25647.05,0
2026-02-23 06:19:00+00:00,25648.0,25648.75,25634.95,25648.7,0
2026-02-23 06:20:00+00:00,25648.9,25649.1,25637.25,25637.95,0
2026-02-23 06:21:00+00:00,25637.25,25646.65,25631.65,25646.65,0
2026-02-23 06:22:00+00:00,25645.85,25649.9,25640.75,25646.9,0
2026-02-23 06:23:00+00:00,25648.05,25661.75,25647.4,25659.85,0
2026-02-23 06:24:00+00:00,25660.9,25664.75,25658.4,25658.8,0
2026-02-23 06:25:00+00:00,25658.85,25660.0,25652.3,25656.8,0
2026-02-23 06:26:00+00:00,25657.3,25666.45,25656.5,25660.8,0
2026-02-23 06:27:00+00:00,25662.1,25665.1,25660.05,25660.5,0
2026-02-23 06:28:00+00:00,25660.4,25660.4,25651.9,25652.3,0
2026-02-23 06:29:00+00:00,25653.15,25653.2,25648.6,25649.45,0
2026-02-23 06:30:00+00:00,25650.15,25652.3,25648.9,25649.75,0
2026-02-23 06:31:00+00:00,25649.1,25652.65,25646.05,25651.35,0
2026-02-23 06:32:00+00:00,25652.25,25663.25,25650.4,25662.35,0
2026-02-23 06:33:00+00:00,25662.3,25664.4,25660.1,25660.15,0
2026-02-23 06:34:00+00:00,25660.5,25662.25,25655.2,25660.5,0
2026-02-23 06:35:00+00:00,25660.9,25662.5,25657.05,25662.15,0
2026-02-23 06:36:00+00:00,25662.8,25668.25,25662.15,25666.75,0
2026-02-23 06:37:00+00:00,25666.8,25670.4,25664.0,25669.6,0
2026-02-23 06:38:00+00:00,25670.7,25673.35,25667.65,25670.05,0
2026-02-23 06:39:00+00:00,25672.35,25672.35,25664.7,25664.75,0
2026-02-23 06:40:00+00:00,25665.7,25665.7,25655.8,25656.15,0
2026-02-23 06:41:00+00:00,25656.65,25664.5,25651.55,25664.5,0
2026-02-23 06:42:00+00:00,25664.35,25670.3,25661.85,25669.45,0
2026-02-23 06:43:00+00:00,25670.3,25673.3,25662.75,25662.75,0
2026-02-23 06:44:00+00:00,25663.2,25663.45,25658.6,25661.6,0
2026-02-23 06:45:00+00:00,25662.1,25667.55,25660.2,25660.7,0
2026-02-23 06:46:00+00:00,25662.1,25667.9,25660.9,25667.15,0
2026-02-23 06:47:00+00:00,25667.35,25682.0,25666.3,25680.45,0
2026-02-23 06:48:00+00:00,25681.15,25682.95,25670.6,25670.9,0
2026-02-23 06:49:00+00:00,25671.1,25673.05,25667.6,25669.95,0
2026-02-23 06:50:00+00:00,25671.9,25673.5,25669.6,25670.0,0
2026-02-23 06:51:00+00:00,25670.75,25673.25,25665.45,25669.95,0
2026-02-23 06:52:00+00:00,25670.35,25670.5,25656.5,25656.55,0
2026-02-23 06:53:00+00:00,25657.05,25658.05,25653.15,25656.6,0
2026-02-23 06:54:00+00:00,25657.3,25658.25,25654.5,25654.75,0
2026-02-23 06:55:00+00:00,25655.7,25658.95,25651.15,25651.35,0
2026-02-23 06:56:00+00:00,25652.7,25657.45,25648.3,25649.2,0
2026-02-23 06:57:00+00:00,25649.4,25651.85,25647.65,25649.1,0
2026-02-23 06:58:00+00:00,25650.6,25654.2,25649.45,25652.75,0
2026-02-23 06:59:00+00:00,25652.9,25656.15,25651.2,25651.9,0
2026-02-23 07:00:00+00:00,25652.55,25652.65,25643.85,25644.1,0
2026-02-23 07:01:00+00:00,25644.7,25645.75,25636.4,25644.45,0
2026-02-23 07:02:00+00:00,25645.25,25651.05,25643.1,25649.5,0
2026-02-23 07:03:00+00:00,25649.55,25650.95,25645.55,25646.45,0
2026-02-23 07:04:00+00:00,25646.75,25655.55,25646.5,25653.85,0
2026-02-23 07:05:00+00:00,25654.8,25658.3,25653.2,25654.65,0
2026-02-23 07:06:00+00:00,25655.45,25658.95,25654.2,25656.2,0
2026-02-23 07:07:00+00:00,25654.05,25659.75,25653.8,25655.6,0
2026-02-23 07:08:00+00:00,25657.35,25657.95,25654.15,25654.5,0
2026-02-23 07:09:00+00:00,25655.7,25664.1,25654.35,25660.75,0
2026-02-23 07:10:00+00:00,25662.4,25663.85,25660.4,25660.7,0
2026-02-23 07:11:00+00:00,25661.55,25670.6,25660.15,25670.45,0
2026-02-23 07:12:00+00:00,25670.9,25673.6,25668.5,25673.6,0
2026-02-23 07:13:00+00:00,25673.5,25681.55,25671.75,25681.25,0
2026-02-23 07:14:00+00:00,25680.2,25685.0,25678.25,25685.0,0
2026-02-23 07:15:00+00:00,25684.45,25690.05,25684.45,25688.9,0
2026-02-23 07:16:00+00:00,25689.45,25690.85,25682.95,25682.95,0
2026-02-23 07:17:00+00:00,25684.0,25684.3,25667.5,25670.7,0
2026-02-23 07:18:00+00:00,25671.35,25676.9,25670.15,25673.1,0
2026-02-23 07:19:00+00:00,25673.75,25673.75,25661.75,25662.7,0
2026-02-23 07:20:00+00:00,25663.9,25668.95,25659.1,25659.1,0
2026-02-23 07:21:00+00:00,25659.7,25659.7,25652.3,25652.7,0
2026-02-23 07:22:00+00:00,25653.7,25653.7,25644.1,25647.95,0
2026-02-23 07:23:00+00:00,25649.45,25654.95,25644.75,25645.8,0
2026-02-23 07:24:00+00:00,25646.2,25657.55,25643.55,25655.75,0
2026-02-23 07:25:00+00:00,25656.15,25657.65,25649.4,25649.9,0
2026-02-23 07:26:00+00:00,25651.25,25654.65,25647.35,25648.55,0
2026-02-23 07:27:00+00:00,25649.15,25654.6,25646.8,25646.85,0
2026-02-23 07:28:00+00:00,25647.5,25651.0,25644.1,25644.95,0
2026-02-23 07:29:00+00:00,25645.35,25645.55,25636.75,25638.05,0
2026-02-23 07:30:00+00:00,25637.95,25643.05,25633.9,25641.4,0
2026-02-23 07:31:00+00:00,25642.4,25643.15,25637.7,25639.55,0
2026-02-23 07:32:00+00:00,25639.75,25640.55,25633.8,25634.25,0
2026-02-23 07:33:00+00:00,25634.85,25638.35,25631.55,25637.2,0
2026-02-23 07:34:00+00:00,25637.7,25639.5,25634.6,25639.5,0
2026-02-23 07:35:00+00:00,25639.25,25647.25,25639.0,25644.1,0
2026-02-23 07:36:00+00:00,25644.9,25645.55,25642.85,25644.35,0
2026-02-23 07:37:00+00:00,25644.4,25646.55,25641.45,25642.35,0
2026-02-23 07:38:00+00:00,25642.9,25647.25,25641.7,25647.25,0
2026-02-23 07:39:00+00:00,25648.2,25654.9,25647.7,25649.1,0
2026-02-23 07:40:00+00:00,25650.3,25652.65,25649.55,25652.35,0
2026-02-23 07:41:00+00:00,25652.9,25657.6,25652.1,25655.5,0
2026-02-23 07:42:00+00:00,25655.6,25655.6,25649.55,25650.05,0
2026-02-23 07:43:00+00:00,25650.75,25650.75,25640.05,25641.1,0
2026-02-23 07:44:00+00:00,25641.3,25641.3,25636.15,25636.7,0
2026-02-23 07:45:00+00:00,25638.05,25638.05,25629.6,25630.25,0
2026-02-23 07:46:00+00:00,25629.95,25631.65,25627.7,25629.55,0
2026-02-23 07:47:00+00:00,25630.05,25642.65,25627.8,25642.65,0
2026-02-23 07:48:00+00:00,25643.55,25649.8,25642.85,25647.85,0
2026-02-23 07:49:00+00:00,25648.1,25653.25,25644.65,25644.85,0
2026-02-23 07:50:00+00:00,25646.0,25651.75,25644.95,25650.3,0
2026-02-23 07:51:00+00:00,25651.25,25652.1,25647.6,25649.55,0
2026-02-23 07:52:00+00:00,25650.15,25650.3,25645.65,25645.8,0
2026-02-23 07:53:00+00:00,25646.8,25651.5,25644.05,25650.2,0
2026-02-23 07:54:00+00:00,25651.2,25659.0,25650.45,25655.1,0
2026-02-23 07:55:00+00:00,25655.9,25661.0,25652.65,25654.25,0
2026-02-23 07:56:00+00:00,25653.3,25662.6,25652.85,25662.2,0
2026-02-23 07:57:00+00:00,25662.7,25664.35,25657.85,25659.2,0
2026-02-23 07:58:00+00:00,25659.8,25666.35,25657.8,25664.4,0
2026-02-23 07:59:00+00:00,25665.5,25668.45,25664.15,25667.45,0
2026-02-23 08:00:00+00:00,25668.5,25677.0,25667.65,25676.3,0
2026-02-23 08:01:00+00:00,25677.2,25680.3,25666.3,25666.3,0
2026-02-23 08:02:00+00:00,25667.05,25667.05,25658.05,25660.05,0
2026-02-23 08:03:00+00:00,25661.55,25662.35,25649.1,25652.25,0
2026-02-23 08:04:00+00:00,25653.7,25653.7,25646.45,25648.05,0
2026-02-23 08:05:00+00:00,25648.25,25650.8,25643.1,25643.45,0
2026-02-23 08:06:00+00:00,25645.0,25652.6,25644.5,25644.95,0
2026-02-23 08:07:00+00:00,25646.55,25650.75,25643.8,25644.9,0
2026-02-23 08:08:00+00:00,25645.85,25648.75,25640.25,25645.2,0
2026-02-23 08:09:00+00:00,25646.75,25650.85,25643.1,25647.15,0
2026-02-23 08:10:00+00:00,25646.55,25646.55,25636.5,25637.0,0
2026-02-23 08:11:00+00:00,25637.75,25639.5,25632.35,25637.8,0
2026-02-23 08:12:00+00:00,25638.55,25657.2,25636.75,25656.45,0
2026-02-23 08:13:00+00:00,25656.0,25662.35,25655.25,25661.25,0
2026-02-23 08:14:00+00:00,25661.6,25666.75,25659.65,25663.1,0
2026-02-23 08:15:00+00:00,25664.75,25665.9,25659.05,25662.8,0
2026-02-23 08:16:00+00:00,25663.4,25669.05,25663.4,25667.9,0
2026-02-23 08:17:00+00:00,25668.5,25669.4,25655.15,25655.65,0
2026-02-23 08:18:00+00:00,25656.15,25658.9,25654.45,25656.35,0
2026-02-23 08:19:00+00:00,25656.4,25659.15,25652.2,25653.0,0
2026-02-23 08:20:00+00:00,25653.85,25660.7,25653.1,25657.85,0
2026-02-23 08:21:00+00:00,25658.3,25659.2,25655.85,25656.45,0
2026-02-23 08:22:00+00:00,25657.25,25657.25,25652.85,25653.1,0
2026-02-23 08:23:00+00:00,25654.05,25658.15,25651.95,25655.85,0
2026-02-23 08:24:00+00:00,25656.0,25658.5,25650.75,25652.75,0
2026-02-23 08:25:00+00:00,25653.1,25654.65,25648.55,25648.9,0
2026-02-23 08:26:00+00:00,25650.6,25656.35,25650.2,25651.05,0
2026-02-23 08:27:00+00:00,25651.45,25651.45,25642.7,25643.4,0
2026-02-23 08:28:00+00:00,25643.35,25644.1,25638.85,25642.3,0
2026-02-23 08:29:00+00:00,25643.45,25646.0,25637.95,25638.4,0
2026-02-23 08:30:00+00:00,25638.45,25643.0,25637.9,25640.3,0
2026-02-23 08:31:00+00:00,25640.6,25640.65,25634.1,25634.3,0
2026-02-23 08:32:00+00:00,25636.0,25636.55,25627.4,25627.4,0
2026-02-23 08:33:00+00:00,25628.05,25628.1,25613.8,25614.3,0
2026-02-23 08:34:00+00:00,25615.85,25624.45,25609.35,25623.65,0
2026-02-23 08:35:00+00:00,25624.5,25627.55,25618.5,25619.9,0
2026-02-23 08:36:00+00:00,25619.85,25626.55,25618.65,25624.8,0
2026-02-23 08:37:00+00:00,25625.75,25638.3,25624.95,25636.55,0
2026-02-23 08:38:00+00:00,25636.7,25637.35,25629.25,25629.5,0
2026-02-23 08:39:00+00:00,25630.15,25630.6,25626.1,25627.25,0
2026-02-23 08:40:00+00:00,25627.55,25629.9,25624.95,25625.9,0
2026-02-23 08:41:00+00:00,25626.05,25627.65,25619.2,25619.4,0
2026-02-23 08:42:00+00:00,25618.5,25620.65,25615.0,25620.65,0
2026-02-23 08:43:00+00:00,25620.9,25630.8,25619.5,25630.05,0
2026-02-23 08:44:00+00:00,25630.6,25633.3,25627.7,25630.7,0
2026-02-23 08:45:00+00:00,25631.0,25637.1,25631.0,25636.05,0
2026-02-23 08:46:00+00:00,25636.6,25638.75,25622.0,25622.85,0
2026-02-23 08:47:00+00:00,25624.05,25628.95,25619.75,25628.35,0
2026-02-23 08:48:00+00:00,25629.05,25643.45,25627.25,25643.45,0
2026-02-23 08:49:00+00:00,25643.9,25644.35,25640.15,25643.55,0
2026-02-23 08:50:00+00:00,25643.45,25644.0,25638.5,25640.3,0
2026-02-23 08:51:00+00:00,25641.1,25644.45,25640.2,25642.15,0
2026-02-23 08:52:00+00:00,25642.9,25648.0,25641.45,25646.1,0
2026-02-23 08:53:00+00:00,25646.8,25651.3,25643.55,25650.1,0
2026-02-23 08:54:00+00:00,25651.05,25651.35,25645.8,25648.0,0
2026-02-23 08:55:00+00:00,25648.0,25653.05,25648.0,25650.1,0
2026-02-23 08:56:00+00:00,25650.75,25650.75,25643.4,25646.45,0
2026-02-23 08:57:00+00:00,25646.6,25648.55,25641.45,25648.55,0
2026-02-23 08:58:00+00:00,25648.95,25661.85,25647.75,25661.55,0
2026-02-23 08:59:00+00:00,25662.7,25673.95,25662.35,25673.65,0
2026-02-23 09:00:00+00:00,25673.9,25701.25,25673.6,25699.75,0
2026-02-23 09:01:00+00:00,25701.0,25709.45,25700.2,25701.45,0
2026-02-23 09:02:00+00:00,25700.75,25700.75,25685.05,25686.2,0
2026-02-23 09:03:00+00:00,25686.3,25686.85,25673.35,25678.65,0
2026-02-23 09:04:00+00:00,25681.7,25695.05,25678.5,25694.3,0
2026-02-23 09:05:00+00:00,25695.0,25702.75,25693.4,25695.35,0
2026-02-23 09:06:00+00:00,25696.45,25696.45,25678.55,25681.3,0
2026-02-23 09:07:00+00:00,25682.1,25683.0,25676.55,25680.6,0
2026-02-23 09:08:00+00:00,25682.1,25685.2,25677.2,25683.5,0
2026-02-23 09:09:00+00:00,25684.55,25686.0,25678.6,25680.05,0
2026-02-23 09:10:00+00:00,25681.1,25682.3,25676.35,25677.8,0
2026-02-23 09:11:00+00:00,25678.6,25682.4,25678.25,25680.45,0
2026-02-23 09:12:00+00:00,25680.85,25684.2,25680.1,25682.55,0
2026-02-23 09:13:00+00:00,25683.35,25684.0,25678.05,25678.3,0
2026-02-23 09:14:00+00:00,25678.8,25678.8,25661.75,25670.05,0
2026-02-23 09:15:00+00:00,25671.05,25676.8,25668.1,25672.55,0
2026-02-23 09:16:00+00:00,25673.65,25686.1,25673.15,25684.55,0
2026-02-23 09:17:00+00:00,25685.0,25689.7,25683.7,25688.15,0
2026-02-23 09:18:00+00:00,25689.6,25691.65,25682.8,25683.8,0
2026-02-23 09:19:00+00:00,25683.7,25699.75,25682.35,25697.95,0
2026-02-23 09:20:00+00:00,25699.8,25699.85,25686.3,25686.3,0
2026-02-23 09:21:00+00:00,25687.05,25690.25,25684.95,25685.05,0
2026-02-23 09:22:00+00:00,25685.75,25686.25,25679.35,25679.4,0
2026-02-23 09:23:00+00:00,25679.15,25679.15,25673.4,25676.85,0
2026-02-23 09:24:00+00:00,25677.2,25683.3,25672.8,25679.15,0
2026-02-23 09:25:00+00:00,25680.3,25681.45,25675.95,25676.7,0
2026-02-23 09:26:00+00:00,25677.65,25677.95,25672.25,25675.35,0
2026-02-23 09:27:00+00:00,25675.65,25683.55,25674.8,25678.95,0
2026-02-23 09:28:00+00:00,25680.25,25680.25,25672.8,25674.3,0
2026-02-23 09:29:00+00:00,25674.95,25678.75,25669.6,25674.15,0
2026-02-23 09:30:00+00:00,25678.45,25702.45,25678.45,25702.45,0
2026-02-23 09:31:00+00:00,25702.6,25712.6,25700.85,25707.8,0
2026-02-23 09:32:00+00:00,25707.4,25722.35,25707.4,25719.75,0
2026-02-23 09:33:00+00:00,25719.0,25723.4,25718.5,25722.85,0
2026-02-23 09:34:00+00:00,25723.1,25724.3,25716.2,25718.25,0
2026-02-23 09:35:00+00:00,25718.25,25726.7,25718.25,25725.85,0
2026-02-23 09:36:00+00:00,25725.45,25728.95,25724.65,25727.1,0
2026-02-23 09:37:00+00:00,25727.25,25728.35,25715.6,25718.6,0
2026-02-23 09:38:00+00:00,25719.4,25720.95,25710.2,25713.15,0
2026-02-23 09:39:00+00:00,25713.7,25714.5,25708.9,25710.2,0
2026-02-23 09:40:00+00:00,25710.45,25711.5,25705.7,25707.2,0
2026-02-23 09:41:00+00:00,25707.55,25713.3,25706.75,25710.3,0
2026-02-23 09:42:00+00:00,25709.95,25715.7,25709.95,25714.65,0
2026-02-23 09:43:00+00:00,25714.85,25717.95,25711.4,25713.35,0
2026-02-23 09:44:00+00:00,25714.85,25714.95,25710.2,25712.1,0
2026-02-23 09:45:00+00:00,25711.3,25720.55,25709.2,25720.55,0
2026-02-23 09:46:00+00:00,25720.95,25722.4,25718.25,25718.85,0
2026-02-23 09:47:00+00:00,25719.0,25719.7,25714.2,25715.0,0
2026-02-23 09:48:00+00:00,25716.05,25717.9,25713.25,25717.9,0
2026-02-23 09:49:00+00:00,25718.0,25721.0,25714.65,25716.25,0
2026-02-23 09:50:00+00:00,25715.6,25715.6,25711.45,25712.7,0
2026-02-23 09:51:00+00:00,25713.65,25716.05,25711.4,25715.9,0
2026-02-23 09:52:00+00:00,25715.8,25716.1,25705.5,25707.6,0
2026-02-23 09:53:00+00:00,25707.35,25709.25,25705.75,25709.25,0
2026-02-23 09:54:00+00:00,25709.6,25719.3,25707.8,25719.3,0
2026-02-23 09:55:00+00:00,25717.7,25722.5,25710.7,25716.55,0
2026-02-23 09:56:00+00:00,25716.1,25722.45,25714.6,25721.05,0
2026-02-23 09:57:00+00:00,25720.1,25721.05,25711.15,25714.35,0
2026-02-23 09:58:00+00:00,25713.6,25716.55,25709.75,25713.2,0
2026-02-23 09:59:00+00:00,25711.8,25716.05,25700.0,25704.0,0
2026-02-24 03:45:00+00:00,25641.8,25641.8,25580.35,25596.25,0
2026-02-24 03:46:00+00:00,25592.9,25613.25,25591.05,25607.6,0
2026-02-24 03:47:00+00:00,25605.9,25616.1,25593.05,25593.95,0
2026-02-24 03:48:00+00:00,25594.5,25597.1,25578.5,25580.35,0
2026-02-24 03:49:00+00:00,25581.05,25582.95,25570.55,25571.45,0
2026-02-24 03:50:00+00:00,25571.25,25579.45,25569.25,25571.75,0
2026-02-24 03:51:00+00:00,25572.5,25581.4,25563.55,25563.8,0
2026-02-24 03:52:00+00:00,25565.2,25565.6,25548.7,25552.95,0
2026-02-24 03:53:00+00:00,25553.0,25568.05,25552.2,25555.55,0
2026-02-24 03:54:00+00:00,25556.55,25563.1,25555.35,25560.0,0
2026-02-24 03:55:00+00:00,25559.4,25564.1,25551.5,25553.05,0
2026-02-24 03:56:00+00:00,25554.1,25557.65,25547.65,25557.65,0
2026-02-24 03:57:00+00:00,25556.65,25570.5,25554.75,25567.8,0
2026-02-24 03:58:00+00:00,25567.25,25568.65,25553.0,25554.35,0
2026-02-24 03:59:00+00:00,25554.75,25561.2,25547.15,25548.65,0
2026-02-24 04:00:00+00:00,25548.6,25549.75,25533.5,25534.0,0
2026-02-24 04:01:00+00:00,25534.45,25543.05,25532.95,25534.0,0
2026-02-24 04:02:00+00:00,25534.75,25537.0,25521.5,25522.8,0
2026-02-24 04:03:00+00:00,25523.3,25523.4,25507.75,25513.45,0
2026-02-24 04:04:00+00:00,25514.35,25518.4,25510.4,25513.9,0
2026-02-24 04:05:00+00:00,25512.8,25518.8,25508.9,25513.7,0
2026-02-24 04:06:00+00:00,25513.65,25526.85,25513.2,25518.65,0
2026-02-24 04:07:00+00:00,25518.85,25528.45,25517.5,25517.5,0
2026-02-24 04:08:00+00:00,25518.65,25519.65,25506.85,25508.15,0
2026-02-24 04:09:00+00:00,25508.15,25514.15,25506.2,25508.15,0
2026-02-24 04:10:00+00:00,25507.65,25510.05,25504.35,25508.35,0
2026-02-24 04:11:00+00:00,25508.4,25514.55,25508.4,25512.15,0
2026-02-24 04:12:00+00:00,25511.55,25513.7,25502.55,25504.05,0
2026-02-24 04:13:00+00:00,25503.3,25506.3,25483.75,25484.1,0
2026-02-24 04:14:00+00:00,25483.6,25500.6,25482.85,25499.45,0
2026-02-24 04:15:00+00:00,25500.3,25508.4,25497.35,25504.7,0
2026-02-24 04:16:00+00:00,25505.2,25513.0,25503.7,25512.75,0
2026-02-24 04:17:00+00:00,25512.75,25526.35,25507.85,25525.8,0
2026-02-24 04:18:00+00:00,25525.75,25534.9,25525.25,25534.8,0
2026-02-24 04:19:00+00:00,25534.6,25535.6,25525.15,25525.35,0
2026-02-24 04:20:00+00:00,25525.25,25526.3,25505.8,25505.8,0
2026-02-24 04:21:00+00:00,25504.65,25508.0,25501.5,25502.55,0
2026-02-24 04:22:00+00:00,25502.35,25504.2,25496.5,25498.05,0
2026-02-24 04:23:00+00:00,25496.95,25504.7,25494.95,25501.85,0
2026-02-24 04:24:00+00:00,25501.55,25516.0,25501.55,25511.6,0
2026-02-24 04:25:00+00:00,25511.65,25520.4,25511.1,25516.7,0
2026-02-24 04:26:00+00:00,25516.3,25516.9,25510.1,25513.5,0
2026-02-24 04:27:00+00:00,25513.1,25518.45,25511.3,25512.2,0
2026-02-24 04:28:00+00:00,25511.95,25518.6,25511.95,25514.8,0
2026-02-24 04:29:00+00:00,25515.0,25519.1,25513.95,25516.35,0
2026-02-24 04:30:00+00:00,25516.5,25519.5,25512.85,25516.9,0
2026-02-24 04:31:00+00:00,25516.35,25525.3,25514.6,25523.6,0
2026-02-24 04:32:00+00:00,25523.75,25525.25,25510.1,25510.1,0
2026-02-24 04:33:00+00:00,25510.55,25513.25,25506.85,25506.85,0
2026-02-24 04:34:00+00:00,25508.5,25514.2,25508.2,25514.05,0
2026-02-24 04:35:00+00:00,25513.25,25522.5,25513.25,25518.85,0
2026-02-24 04:36:00+00:00,25518.8,25523.7,25513.0,25522.25,0
2026-02-24 04:37:00+00:00,25521.1,25526.75,25519.55,25524.7,0
2026-02-24 04:38:00+00:00,25524.45,25532.65,25524.15,25529.75,0
2026-02-24 04:39:00+00:00,25530.05,25530.65,25514.6,25516.25,0
2026-02-24 04:40:00+00:00,25515.7,25517.55,25508.3,25510.65,0
2026-02-24 04:41:00+00:00,25510.65,25511.7,25499.4,25500.95,0
2026-02-24 04:42:00+00:00,25500.35,25505.55,25495.1,25495.1,0
2026-02-24 04:43:00+00:00,25494.05,25494.55,25487.2,25489.4,0
2026-02-24 04:44:00+00:00,25488.95,25489.8,25483.8,25484.7,0
2026-02-24 04:45:00+00:00,25484.0,25491.5,25483.75,25488.85,0
2026-02-24 04:46:00+00:00,25488.35,25495.55,25487.7,25492.95,0
2026-02-24 04:47:00+00:00,25492.75,25493.1,25476.35,25478.0,0
2026-02-24 04:48:00+00:00,25477.1,25490.4,25474.35,25490.4,0
2026-02-24 04:49:00+00:00,25490.7,25501.45,25490.7,25500.3,0
2026-02-24 04:50:00+00:00,25500.5,25515.0,25499.85,25511.8,0
2026-02-24 04:51:00+00:00,25510.5,25512.25,25501.5,25503.0,0
2026-02-24 04:52:00+00:00,25503.0,25504.2,25497.7,25498.55,0
2026-02-24 04:53:00+00:00,25498.15,25498.75,25491.55,25492.55,0
2026-02-24 04:54:00+00:00,25492.7,25495.55,25487.3,25488.5,0
2026-02-24 04:55:00+00:00,25487.85,25494.15,25486.6,25490.4,0
2026-02-24 04:56:00+00:00,25490.6,25494.7,25488.3,25491.3,0
2026-02-24 04:57:00+00:00,25491.2,25497.85,25490.95,25496.85,0
2026-02-24 04:58:00+00:00,25496.55,25499.8,25492.35,25492.8,0
2026-02-24 04:59:00+00:00,25493.15,25499.6,25491.5,25495.5,0
2026-02-24 05:00:00+00:00,25495.1,25502.55,25493.55,25500.6,0
2026-02-24 05:01:00+00:00,25500.4,25506.5,25498.5,25505.45,0
2026-02-24 05:02:00+00:00,25505.3,25510.35,25503.6,25504.1,0
2026-02-24 05:03:00+00:00,25503.9,25504.5,25498.15,25503.45,0
2026-02-24 05:04:00+00:00,25502.9,25503.55,25497.55,25500.7,0
2026-02-24 05:05:00+00:00,25499.65,25507.65,25499.45,25506.55,0
2026-02-24 05:06:00+00:00,25506.15,25508.25,25500.25,25504.1,0
2026-02-24 05:07:00+00:00,25503.75,25507.1,25501.7,25503.1,0
2026-02-24 05:08:00+00:00,25503.45,25505.8,25502.65,25503.95,0
2026-02-24 05:09:00+00:00,25503.1,25505.4,25500.95,25504.0,0
2026-02-24 05:10:00+00:00,25503.85,25504.25,25498.75,25499.1,0
2026-02-24 05:11:00+00:00,25498.45,25502.2,25492.5,25502.2,0
2026-02-24 05:12:00+00:00,25501.3,25508.35,25501.3,25506.9,0
2026-02-24 05:13:00+00:00,25507.0,25513.25,25506.6,25510.2,0
2026-02-24 05:14:00+00:00,25510.05,25511.1,25497.65,25498.1,0
2026-02-24 05:15:00+00:00,25497.9,25499.65,25492.4,25493.0,0
2026-02-24 05:16:00+00:00,25493.45,25496.6,25490.1,25490.3,0
2026-02-24 05:17:00+00:00,25489.6,25491.7,25486.3,25486.65,0
2026-02-24 05:18:00+00:00,25486.3,25487.85,25472.35,25474.95,0
2026-02-24 05:19:00+00:00,25476.7,25478.1,25471.6,25472.45,0
2026-02-24 05:20:00+00:00,25472.05,25474.0,25466.55,25473.45,0
2026-02-24 05:21:00+00:00,25473.65,25481.15,25473.65,25476.5,0
2026-02-24 05:22:00+00:00,25476.2,25478.1,25466.2,25467.55,0
2026-02-24 05:23:00+00:00,25466.85,25467.2,25460.7,25464.0,0
2026-02-24 05:24:00+00:00,25464.0,25466.25,25462.05,25465.35,0
2026-02-24 05:25:00+00:00,25465.65,25471.4,25462.4,25471.4,0
2026-02-24 05:26:00+00:00,25471.15,25476.3,25468.1,25468.9,0
2026-02-24 05:27:00+00:00,25468.75,25469.95,25464.5,25465.8,0
2026-02-24 05:28:00+00:00,25465.9,25469.8,25465.45,25469.55,0
2026-02-24 05:29:00+00:00,25468.9,25471.5,25465.35,25471.5,0
2026-02-24 05:30:00+00:00,25470.35,25481.35,25470.35,25480.55,0
2026-02-24 05:31:00+00:00,25480.5,25483.9,25480.5,25482.25,0
2026-02-24 05:32:00+00:00,25482.6,25484.55,25481.45,25481.9,0
2026-02-24 05:33:00+00:00,25482.25,25487.85,25481.05,25485.15,0
2026-02-24 05:34:00+00:00,25484.2,25486.25,25483.6,25484.65,0
2026-02-24 05:35:00+00:00,25484.55,25486.55,25481.6,25481.7,0
2026-02-24 05:36:00+00:00,25481.55,25484.2,25480.4,25482.95,0
2026-02-24 05:37:00+00:00,25483.4,25490.75,25481.95,25490.5,0
2026-02-24 05:38:00+00:00,25489.55,25501.05,25489.55,25498.25,0
2026-02-24 05:39:00+00:00,25497.7,25501.1,25494.3,25495.55,0
2026-02-24 05:40:00+00:00,25495.5,25499.1,25494.45,25496.4,0
2026-02-24 05:41:00+00:00,25495.45,25505.55,25495.45,25504.0,0
2026-02-24 05:42:00+00:00,25503.75,25512.0,25503.75,25510.75,0
2026-02-24 05:43:00+00:00,25510.8,25512.5,25505.85,25507.8,0
2026-02-24 05:44:00+00:00,25507.25,25509.55,25505.75,25505.85,0
2026-02-24 05:45:00+00:00,25505.7,25507.35,25500.9,25506.9,0
2026-02-24 05:46:00+00:00,25506.8,25507.8,25500.8,25500.85,0
2026-02-24 05:47:00+00:00,25500.6,25503.25,25497.1,25502.35,0
2026-02-24 05:48:00+00:00,25502.25,25508.1,25499.7,25505.9,0
2026-02-24 05:49:00+00:00,25505.7,25512.05,25505.7,25509.25,0
2026-02-24 05:50:00+00:00,25508.15,25516.65,25507.45,25516.05,0
2026-02-24 05:51:00+00:00,25514.35,25517.55,25512.45,25512.45,0
2026-02-24 05:52:00+00:00,25512.4,25519.15,25512.4,25514.2,0
2026-02-24 05:53:00+00:00,25514.5,25516.25,25505.6,25506.55,0
2026-02-24 05:54:00+00:00,25506.0,25509.05,25503.55,25504.45,0
2026-02-24 05:55:00+00:00,25504.3,25508.95,25503.65,25504.8,0
2026-02-24 05:56:00+00:00,25504.45,25514.45,25504.45,25511.65,0
2026-02-24 05:57:00+00:00,25510.6,25519.35,25510.6,25514.35,0
2026-02-24 05:58:00+00:00,25514.8,25514.8,25509.8,25510.85,0
2026-02-24 05:59:00+00:00,25510.4,25518.25,25510.4,25518.15,0
2026-02-24 06:00:00+00:00,25517.1,25520.7,25516.0,25518.6,0
2026-02-24 06:01:00+00:00,25518.9,25519.25,25515.05,25515.9,0
2026-02-24 06:02:00+00:00,25516.6,25520.3,25513.5,25515.85,0
2026-02-24 06:03:00+00:00,25514.45,25516.4,25505.05,25505.85,0
2026-02-24 06:04:00+00:00,25506.35,25508.85,25501.55,25506.55,0
2026-02-24 06:05:00+00:00,25506.55,25509.5,25503.85,25507.15,0
2026-02-24 06:06:00+00:00,25507.8,25510.4,25504.95,25506.4,0
2026-02-24 06:07:00+00:00,25505.5,25515.1,25505.5,25514.8,0
2026-02-24 06:08:00+00:00,25514.95,25521.7,25513.7,25519.15,0
2026-02-24 06:09:00+00:00,25519.65,25524.5,25518.2,25522.2,0
2026-02-24 06:10:00+00:00,25523.35,25525.2,25519.4,25522.4,0
2026-02-24 06:11:00+00:00,25522.4,25524.4,25513.15,25513.8,0
2026-02-24 06:12:00+00:00,25513.45,25515.3,25508.2,25508.2,0
2026-02-24 06:13:00+00:00,25507.65,25510.4,25504.85,25506.35,0
2026-02-24 06:14:00+00:00,25506.35,25509.6,25500.6,25501.55,0
2026-02-24 06:15:00+00:00,25500.6,25503.45,25496.95,25497.4,0
2026-02-24 06:16:00+00:00,25497.05,25498.35,25493.7,25497.65,0
2026-02-24 06:17:00+00:00,25496.8,25500.35,25491.55,25493.1,0
2026-02-24 06:18:00+00:00,25493.15,25493.75,25489.1,25492.0,0
2026-02-24 06:19:00+00:00,25491.0,25499.2,25490.8,25499.2,0
2026-02-24 06:20:00+00:00,25498.15,25498.75,25490.05,25491.4,0
2026-02-24 06:21:00+00:00,25490.95,25497.1,25489.85,25495.95,0
2026-02-24 06:22:00+00:00,25495.0,25496.95,25491.9,25495.1,0
2026-02-24 06:23:00+00:00,25494.9,25497.35,25492.0,25495.3,0
2026-02-24 06:24:00+00:00,25495.7,25497.5,25488.55,25488.85,0
2026-02-24 06:25:00+00:00,25488.1,25493.4,25486.6,25489.65,0
2026-02-24 06:26:00+00:00,25489.6,25492.8,25487.55,25488.05,0
2026-02-24 06:27:00+00:00,25488.3,25491.85,25485.0,25485.35,0
2026-02-24 06:28:00+00:00,25484.45,25488.8,25480.75,25481.25,0
2026-02-24 06:29:00+00:00,25480.45,25482.6,25471.7,25472.55,0
2026-02-24 06:30:00+00:00,25472.05,25474.25,25469.5,25470.55,0
2026-02-24 06:31:00+00:00,25471.35,25472.15,25464.25,25466.45,0
2026-02-24 06:32:00+00:00,25466.2,25470.1,25464.6,25465.65,0
2026-02-24 06:33:00+00:00,25465.3,25467.4,25455.65,25459.6,0
2026-02-24 06:34:00+00:00,25459.05,25463.25,25458.35,25462.9,0
2026-02-24 06:35:00+00:00,25462.75,25474.95,25461.95,25474.85,0
2026-02-24 06:36:00+00:00,25474.35,25476.15,25471.1,25473.45,0
2026-02-24 06:37:00+00:00,25473.75,25474.5,25469.05,25469.7,0
2026-02-24 06:38:00+00:00,25469.65,25471.65,25463.6,25464.9,0
2026-02-24 06:39:00+00:00,25464.55,25464.7,25456.7,25458.4,0
2026-02-24 06:40:00+00:00,25458.4,25460.7,25454.85,25456.15,0
2026-02-24 06:41:00+00:00,25456.4,25458.55,25449.8,25450.35,0
2026-02-24 06:42:00+00:00,25450.35,25455.55,25446.95,25455.35,0
2026-02-24 06:43:00+00:00,25455.45,25468.1,25454.55,25467.6,0
2026-02-24 06:44:00+00:00,25466.45,25470.55,25464.95,25466.05,0
2026-02-24 06:45:00+00:00,25464.5,25466.95,25456.45,25458.65,0
2026-02-24 06:46:00+00:00,25458.15,25460.05,25453.65,25454.05,0
2026-02-24 06:47:00+00:00,25453.5,25455.6,25451.8,25454.1,0
2026-02-24 06:48:00+00:00,25454.45,25456.15,25451.55,25454.7,0
2026-02-24 06:49:00+00:00,25454.35,25455.8,25441.75,25446.3,0
2026-02-24 06:50:00+00:00,25445.05,25448.85,25436.7,25437.45,0
2026-02-24 06:51:00+00:00,25437.05,25442.2,25436.0,25440.15,0
2026-02-24 06:52:00+00:00,25439.1,25441.15,25435.0,25435.85,0
2026-02-24 06:53:00+00:00,25436.4,25437.7,25425.4,25426.9,0
2026-02-24 06:54:00+00:00,25426.2,25427.7,25418.9,25421.05,0
2026-02-24 06:55:00+00:00,25420.9,25430.3,25418.55,25428.55,0
2026-02-24 06:56:00+00:00,25428.05,25429.4,25420.5,25422.85,0
2026-02-24 06:57:00+00:00,25422.5,25424.4,25416.85,25420.45,0
2026-02-24 06:58:00+00:00,25420.3,25427.25,25419.5,25426.95,0
2026-02-24 06:59:00+00:00,25427.0,25434.05,25425.25,25429.25,0
2026-02-24 07:00:00+00:00,25429.3,25432.0,25426.85,25432.0,0
2026-02-24 07:01:00+00:00,25430.8,25432.0,25426.15,25429.0,0
2026-02-24 07:02:00+00:00,25428.45,25433.1,25428.45,25430.95,0
2026-02-24 07:03:00+00:00,25429.85,25431.65,25421.4,25422.7,0
2026-02-24 07:04:00+00:00,25423.35,25431.35,25423.3,25428.8,0
2026-02-24 07:05:00+00:00,25428.15,25434.8,25427.25,25432.7,0
2026-02-24 07:06:00+00:00,25433.1,25439.8,25431.85,25432.9,0
2026-02-24 07:07:00+00:00,25432.95,25437.4,25430.65,25433.7,0
2026-02-24 07:08:00+00:00,25434.05,25436.9,25432.5,25435.1,0
2026-02-24 07:09:00+00:00,25436.2,25436.8,25426.5,25427.5,0
2026-02-24 07:10:00+00:00,25428.5,25432.3,25424.95,25427.55,0
2026-02-24 07:11:00+00:00,25427.75,25429.25,25424.15,25424.85,0
2026-02-24 07:12:00+00:00,25423.85,25425.55,25419.25,25420.95,0
2026-02-24 07:13:00+00:00,25420.25,25423.1,25419.8,25421.45,0
2026-02-24 07:14:00+00:00,25421.25,25422.85,25415.1,25418.05,0
2026-02-24 07:15:00+00:00,25417.3,25420.8,25412.45,25412.6,0
2026-02-24 07:16:00+00:00,25411.15,25415.4,25401.7,25402.75,0
2026-02-24 07:17:00+00:00,25402.1,25404.35,25387.2,25389.55,0
2026-02-24 07:18:00+00:00,25388.6,25396.65,25388.6,25392.0,0
2026-02-24 07:19:00+00:00,25392.15,25396.5,25391.95,25392.55,0
2026-02-24 07:20:00+00:00,25392.8,25393.8,25387.45,25392.0,0
2026-02-24 07:21:00+00:00,25392.8,25399.15,25390.55,25395.5,0
2026-02-24 07:22:00+00:00,25395.35,25396.85,25393.1,25394.4,0
2026-02-24 07:23:00+00:00,25394.35,25400.4,25393.2,25396.35,0
2026-02-24 07:24:00+00:00,25397.45,25401.7,25394.9,25401.7,0
2026-02-24 07:25:00+00:00,25401.35,25407.85,25401.35,25406.45,0
2026-02-24 07:26:00+00:00,25405.3,25408.25,25403.55,25405.6,0
2026-02-24 07:27:00+00:00,25404.15,25407.25,25401.2,25402.25,0
2026-02-24 07:28:00+00:00,25401.2,25405.1,25396.75,25397.35,0
2026-02-24 07:29:00+00:00,25395.7,25407.7,25395.7,25404.7,0
2026-02-24 07:30:00+00:00,25405.05,25405.8,25396.5,25401.45,0
2026-02-24 07:31:00+00:00,25400.4,25408.85,25399.7,25407.6,0
2026-02-24 07:32:00+00:00,25407.05,25409.4,25401.95,25409.0,0
2026-02-24 07:33:00+00:00,25408.8,25419.95,25408.8,25418.15,0
2026-02-24 07:34:00+00:00,25418.55,25425.0,25418.2,25421.9,0
2026-02-24 07:35:00+00:00,25421.65,25422.6,25414.95,25415.55,0
2026-02-24 07:36:00+00:00,25415.9,25419.05,25412.9,25416.25,0
2026-02-24 07:37:00+00:00,25415.65,25417.0,25411.1,25413.65,0
2026-02-24 07:38:00+00:00,25413.8,25422.0,25413.2,25420.9,0
2026-02-24 07:39:00+00:00,25420.9,25422.1,25418.4,25418.55,0
2026-02-24 07:40:00+00:00,25418.8,25419.45,25415.25,25418.35,0
2026-02-24 07:41:00+00:00,25417.35,25423.45,25415.85,25421.15,0
2026-02-24 07:42:00+00:00,25420.9,25429.25,25420.9,25429.25,0
2026-02-24 07:43:00+00:00,25428.45,25433.25,25426.65,25427.6,0
2026-02-24 07:44:00+00:00,25428.3,25432.55,25423.3,25424.6,0
2026-02-24 07:45:00+00:00,25424.6,25424.7,25412.6,25414.05,0
2026-02-24 07:46:00+00:00,25414.05,25417.2,25410.15,25412.2,0
2026-02-24 07:47:00+00:00,25412.0,25416.1,25410.75,25414.5,0
2026-02-24 07:48:00+00:00,25414.6,25425.75,25414.6,25417.45,0
2026-02-24 07:49:00+00:00,25418.25,25423.2,25415.8,25422.6,0
2026-02-24 07:50:00+00:00,25421.85,25424.0,25416.65,25416.65,0
2026-02-24 07:51:00+00:00,25416.55,25418.45,25413.3,25413.9,0
2026-02-24 07:52:00+00:00,25413.7,25414.8,25410.25,25412.95,0
2026-02-24 07:53:00+00:00,25413.1,25413.95,25407.7,25408.25,0
2026-02-24 07:54:00+00:00,25409.0,25409.0,25398.2,25398.95,0
2026-02-24 07:55:00+00:00,25397.75,25398.85,25392.8,25395.7,0
2026-02-24 07:56:00+00:00,25396.1,25402.15,25396.1,25400.5,0
2026-02-24 07:57:00+00:00,25400.0,25405.7,25400.0,25404.4,0
2026-02-24 07:58:00+00:00,25404.6,25408.05,25397.45,25398.0,0
2026-02-24 07:59:00+00:00,25397.2,25399.15,25377.9,25378.65,0
2026-02-24 08:00:00+00:00,25378.95,25380.2,25362.5,25364.85,0
2026-02-24 08:01:00+00:00,25364.05,25365.25,25351.4,25351.8,0
2026-02-24 08:02:00+00:00,25351.6,25352.45,25338.65,25339.35,0
2026-02-24 08:03:00+00:00,25339.15,25343.7,25337.15,25342.85,0
2026-02-24 08:04:00+00:00,25342.5,25347.6,25336.5,25339.85,0
2026-02-24 08:05:00+00:00,25339.85,25340.65,25337.95,25338.85,0
2026-02-24 08:06:00+00:00,25338.2,25339.6,25327.6,25328.6,0
2026-02-24 08:07:00+00:00,25328.65,25349.6,25328.65,25349.6,0
2026-02-24 08:08:00+00:00,25349.35,25365.05,25347.4,25365.0,0
2026-02-24 08:09:00+00:00,25365.9,25380.15,25365.65,25377.85,0
2026-02-24 08:10:00+00:00,25377.65,25379.2,25369.6,25369.85,0
2026-02-24 08:11:00+00:00,25370.5,25373.1,25361.2,25362.1,0
2026-02-24 08:12:00+00:00,25362.7,25367.2,25361.9,25366.6,0
2026-02-24 08:13:00+00:00,25366.05,25366.85,25358.65,25363.6,0
2026-02-24 08:14:00+00:00,25363.7,25367.1,25363.25,25365.45,0
2026-02-24 08:15:00+00:00,25365.9,25374.8,25362.65,25371.5,0
2026-02-24 08:16:00+00:00,25371.25,25372.0,25365.2,25365.65,0
2026-02-24 08:17:00+00:00,25365.3,25367.5,25362.55,25363.0,0
2026-02-24 08:18:00+00:00,25363.0,25364.9,25359.4,25363.9,0
2026-02-24 08:19:00+00:00,25362.4,25365.25,25361.8,25363.95,0
2026-02-24 08:20:00+00:00,25363.05,25364.3,25360.45,25362.6,0
2026-02-24 08:21:00+00:00,25362.3,25366.9,25359.3,25366.3,0
2026-02-24 08:22:00+00:00,25366.05,25367.9,25365.9,25367.55,0
2026-02-24 08:23:00+00:00,25367.6,25373.65,25366.25,25370.05,0
2026-02-24 08:24:00+00:00,25369.15,25375.65,25368.7,25374.65,0
2026-02-24 08:25:00+00:00,25373.9,25398.65,25373.9,25395.95,0
2026-02-24 08:26:00+00:00,25396.35,25405.85,25396.35,25404.35,0
2026-02-24 08:27:00+00:00,25404.6,25413.3,25404.3,25413.3,0
2026-02-24 08:28:00+00:00,25412.8,25416.15,25404.1,25406.35,0
2026-02-24 08:29:00+00:00,25404.8,25412.75,25404.8,25411.95,0
2026-02-24 08:30:00+00:00,25412.1,25414.5,25406.95,25410.0,0
2026-02-24 08:31:00+00:00,25410.65,25411.95,25384.5,25391.35,0
2026-02-24 08:32:00+00:00,25391.5,25405.9,25391.5,25403.75,0
2026-02-24 08:33:00+00:00,25402.8,25404.45,25393.75,25395.85,0
2026-02-24 08:34:00+00:00,25395.45,25397.5,25385.75,25388.75,0
2026-02-24 08:35:00+00:00,25388.35,25390.65,25383.75,25386.85,0
2026-02-24 08:36:00+00:00,25385.75,25389.7,25382.05,25389.7,0
2026-02-24 08:37:00+00:00,25388.95,25402.9,25388.95,25401.3,0
2026-02-24 08:38:00+00:00,25399.85,25406.1,25399.85,25403.05,0
2026-02-24 08:39:00+00:00,25402.25,25411.5,25402.25,25409.9,0
2026-02-24 08:40:00+00:00,25409.25,25417.9,25407.25,25417.5,0
2026-02-24 08:41:00+00:00,25416.95,25432.0,25416.2,25429.45,0
2026-02-24 08:42:00+00:00,25430.1,25440.05,25427.3,25438.1,0
2026-02-24 08:43:00+00:00,25438.95,25441.0,25429.9,25433.75,0
2026-02-24 08:44:00+00:00,25431.5,25443.55,25431.5,25440.5,0
2026-02-24 08:45:00+00:00,25440.05,25444.4,25436.6,25443.1,0
2026-02-24 08:46:00+00:00,25443.75,25446.1,25439.55,25441.55,0
2026-02-24 08:47:00+00:00,25438.55,25440.6,25418.0,25440.6,0
2026-02-24 08:48:00+00:00,25439.95,25444.55,25435.0,25442.45,0
2026-02-24 08:49:00+00:00,25440.95,25444.2,25432.3,25434.2,0
2026-02-24 08:50:00+00:00,25434.75,25436.55,25427.7,25429.35,0
2026-02-24 08:51:00+00:00,25429.1,25435.75,25425.0,25426.65,0
2026-02-24 08:52:00+00:00,25426.75,25429.6,25417.5,25427.55,0
2026-02-24 08:53:00+00:00,25427.7,25429.1,25404.6,25404.6,0
2026-02-24 08:54:00+00:00,25405.3,25407.3,25391.9,25405.1,0
2026-02-24 08:55:00+00:00,25406.45,25415.2,25403.0,25413.65,0
2026-02-24 08:56:00+00:00,25411.95,25414.5,25408.55,25413.9,0
2026-02-24 08:57:00+00:00,25413.0,25415.3,25410.45,25414.7,0
2026-02-24 08:58:00+00:00,25414.45,25421.5,25414.45,25415.95,0
2026-02-24 08:59:00+00:00,25414.65,25418.15,25407.9,25408.85,0
2026-02-24 09:00:00+00:00,25407.95,25410.1,25401.5,25405.25,0
2026-02-24 09:01:00+00:00,25403.0,25413.6,25403.0,25411.2,0
2026-02-24 09:02:00+00:00,25409.75,25412.25,25404.7,25405.75,0
2026-02-24 09:03:00+00:00,25404.5,25406.15,25395.6,25395.6,0
2026-02-24 09:04:00+00:00,25395.0,25399.55,25389.8,25397.3,0
2026-02-24 09:05:00+00:00,25395.55,25407.3,25395.1,25405.35,0
2026-02-24 09:06:00+00:00,25403.9,25408.6,25402.4,25406.85,0
2026-02-24 09:07:00+00:00,25405.45,25411.05,25405.45,25409.6,0
2026-02-24 09:08:00+00:00,25408.85,25425.2,25408.85,25420.95,0
2026-02-24 09:09:00+00:00,25419.3,25423.7,25416.0,25417.0,0
2026-02-24 09:10:00+00:00,25417.4,25422.4,25416.05,25417.2,0
2026-02-24 09:11:00+00:00,25416.9,25423.5,25415.75,25416.3,0
2026-02-24 09:12:00+00:00,25415.3,25417.9,25412.85,25414.9,0
2026-02-24 09:13:00+00:00,25414.05,25416.2,25401.5,25402.1,0
2026-02-24 09:14:00+00:00,25400.95,25401.3,25381.25,25381.25,0
2026-02-24 09:15:00+00:00,25380.45,25381.65,25366.55,25367.35,0
2026-02-24 09:16:00+00:00,25367.85,25391.65,25361.9,25382.85,0
2026-02-24 09:17:00+00:00,25381.85,25389.05,25381.85,25386.2,0
2026-02-24 09:18:00+00:00,25385.65,25393.35,25384.2,25385.1,0
2026-02-24 09:19:00+00:00,25384.95,25403.35,25379.6,25396.05,0
2026-02-24 09:20:00+00:00,25395.4,25411.95,25395.4,25409.7,0
2026-02-24 09:21:00+00:00,25408.05,25417.15,25408.05,25416.85,0
2026-02-24 09:22:00+00:00,25415.15,25423.3,25415.15,25417.95,0
2026-02-24 09:23:00+00:00,25417.6,25420.45,25404.3,25405.5,0
2026-02-24 09:24:00+00:00,25406.15,25417.85,25403.5,25412.8,0
2026-02-24 09:25:00+00:00,25412.65,25419.8,25411.5,25412.5,0
2026-02-24 09:26:00+00:00,25412.3,25427.65,25412.3,25421.55,0
2026-02-24 09:27:00+00:00,25421.9,25427.4,25412.95,25416.05,0
2026-02-24 09:28:00+00:00,25415.2,25423.95,25413.5,25422.05,0
2026-02-24 09:29:00+00:00,25421.2,25427.75,25421.2,25424.85,0
2026-02-24 09:30:00+00:00,25425.05,25443.6,25425.05,25429.8,0
2026-02-24 09:31:00+00:00,25428.85,25431.6,25424.25,25424.95,0
2026-02-24 09:32:00+00:00,25424.45,25425.95,25406.4,25410.7,0
2026-02-24 09:33:00+00:00,25410.45,25411.9,25409.15,25409.5,0
2026-02-24 09:34:00+00:00,25408.75,25412.5,25406.35,25406.85,0
2026-02-24 09:35:00+00:00,25406.9,25415.75,25401.15,25415.3,0
2026-02-24 09:36:00+00:00,25414.9,25422.4,25414.15,25419.15,0
2026-02-24 09:37:00+00:00,25417.85,25420.05,25403.9,25406.8,0
2026-02-24 09:38:00+00:00,25407.85,25414.1,25405.25,25412.1,0
2026-02-24 09:39:00+00:00,25412.2,25416.4,25410.3,25413.75,0
2026-02-24 09:40:00+00:00,25413.1,25415.75,25409.2,25414.3,0
2026-02-24 09:41:00+00:00,25414.7,25421.3,25413.35,25420.4,0
2026-02-24 09:42:00+00:00,25422.1,25426.1,25420.2,25420.2,0
2026-02-24 09:43:00+00:00,25420.5,25424.1,25418.4,25422.8,0
2026-02-24 09:44:00+00:00,25422.15,25423.55,25417.7,25421.2,0
2026-02-24 09:45:00+00:00,25422.2,25422.2,25418.5,25418.7,0
2026-02-24 09:46:00+00:00,25418.95,25421.95,25416.65,25420.65,0
2026-02-24 09:47:00+00:00,25421.5,25426.7,25420.55,25426.15,0
2026-02-24 09:48:00+00:00,25426.3,25431.15,25424.7,25430.05,0
2026-02-24 09:49:00+00:00,25430.85,25436.45,25429.85,25435.55,0
2026-02-24 09:50:00+00:00,25435.9,25439.3,25432.65,25438.95,0
2026-02-24 09:51:00+00:00,25438.85,25440.9,25429.45,25430.9,0
2026-02-24 09:52:00+00:00,25430.95,25436.85,25430.95,25434.8,0
2026-02-24 09:53:00+00:00,25434.95,25438.0,25434.4,25436.9,0
2026-02-24 09:54:00+00:00,25437.65,25441.5,25436.2,25441.1,0
2026-02-24 09:55:00+00:00,25442.35,25445.1,25438.35,25440.1,0
2026-02-24 09:56:00+00:00,25440.6,25445.15,25436.5,25436.5,0
2026-02-24 09:57:00+00:00,25438.2,25450.55,25435.75,25448.1,0
2026-02-24 09:58:00+00:00,25448.55,25457.45,25445.2,25452.5,0
2026-02-24 09:59:00+00:00,25452.4,25464.55,25445.25,25460.25,0
2026-02-25 03:45:00+00:00,25512.6,25581.7,25507.9,25548.3,0
2026-02-25 03:46:00+00:00,25547.0,25561.95,25536.4,25547.1,0
2026-02-25 03:47:00+00:00,25542.0,25560.65,25542.0,25549.95,0
2026-02-25 03:48:00+00:00,25550.4,25556.3,25546.2,25550.55,0
2026-02-25 03:49:00+00:00,25551.7,25562.5,25542.75,25561.8,0
2026-02-25 03:50:00+00:00,25562.2,25570.7,25560.6,25560.85,0
2026-02-25 03:51:00+00:00,25560.25,25572.0,25552.85,25566.2,0
2026-02-25 03:52:00+00:00,25566.45,25575.15,25563.5,25565.85,0
2026-02-25 03:53:00+00:00,25565.95,25569.1,25560.1,25567.9,0
2026-02-25 03:54:00+00:00,25568.9,25570.05,25562.9,25568.5,0
2026-02-25 03:55:00+00:00,25568.8,25574.65,25567.15,25573.25,0
2026-02-25 03:56:00+00:00,25572.1,25589.05,25572.1,25588.8,0
2026-02-25 03:57:00+00:00,25589.0,25594.95,25586.9,25592.95,0
2026-02-25 03:58:00+00:00,25592.85,25594.25,25582.3,25582.3,0
2026-02-25 03:59:00+00:00,25582.55,25585.55,25580.05,25582.9,0
2026-02-25 04:00:00+00:00,25584.85,25585.9,25567.15,25578.3,0
2026-02-25 04:01:00+00:00,25578.15,25579.25,25568.1,25569.3,0
2026-02-25 04:02:00+00:00,25569.1,25575.6,25559.1,25574.1,0
2026-02-25 04:03:00+00:00,25573.0,25578.75,25569.4,25572.4,0
2026-02-25 04:04:00+00:00,25571.85,25581.3,25569.3,25579.05,0
2026-02-25 04:05:00+00:00,25578.8,25582.1,25573.65,25578.45,0
2026-02-25 04:06:00+00:00,25578.7,25582.85,25575.55,25577.5,0
2026-02-25 04:07:00+00:00,25576.85,25587.8,25574.6,25580.75,0
2026-02-25 04:08:00+00:00,25580.3,25581.75,25569.0,25569.0,0
2026-02-25 04:09:00+00:00,25569.65,25574.8,25568.55,25569.2,0
2026-02-25 04:10:00+00:00,25570.45,25582.15,25570.3,25580.1,0
2026-02-25 04:11:00+00:00,25580.0,25585.0,25568.85,25568.85,0
2026-02-25 04:12:00+00:00,25569.3,25573.35,25569.1,25570.7,0
2026-02-25 04:13:00+00:00,25570.7,25570.85,25565.8,25566.95,0
2026-02-25 04:14:00+00:00,25567.05,25568.3,25560.75,25561.75,0
2026-02-25 04:15:00+00:00,25561.65,25573.35,25560.5,25572.4,0
2026-02-25 04:16:00+00:00,25572.05,25579.85,25570.75,25578.55,0
2026-02-25 04:17:00+00:00,25577.9,25587.4,25577.25,25581.05,0
2026-02-25 04:18:00+00:00,25580.65,25583.55,25574.65,25581.5,0
2026-02-25 04:19:00+00:00,25581.35,25584.35,25575.35,25575.95,0
2026-02-25 04:20:00+00:00,25576.75,25581.5,25573.05,25574.95,0
2026-02-25 04:21:00+00:00,25575.1,25582.75,25575.05,25582.45,0
2026-02-25 04:22:00+00:00,25582.9,25587.35,25580.95,25582.7,0
2026-02-25 04:23:00+00:00,25583.05,25583.2,25569.2,25569.85,0
2026-02-25 04:24:00+00:00,25569.25,25574.6,25559.15,25574.0,0
2026-02-25 04:25:00+00:00,25573.2,25582.5,25572.9,25574.3,0
2026-02-25 04:26:00+00:00,25574.9,25584.5,25574.45,25583.8,0
2026-02-25 04:27:00+00:00,25583.3,25597.75,25582.45,25596.8,0
2026-02-25 04:28:00+00:00,25597.7,25602.6,25596.1,25597.8,0
2026-02-25 04:29:00+00:00,25596.9,25603.4,25596.9,25600.6,0
2026-02-25 04:30:00+00:00,25600.85,25607.75,25594.8,25605.65,0
2026-02-25 04:31:00+00:00,25604.75,25608.2,25601.55,25602.4,0
2026-02-25 04:32:00+00:00,25601.5,25606.35,25598.0,25606.0,0
2026-02-25 04:33:00+00:00,25605.25,25616.8,25605.25,25614.8,0
2026-02-25 04:34:00+00:00,25615.4,25622.85,25614.85,25618.2,0
2026-02-25 04:35:00+00:00,25617.5,25626.3,25617.5,25621.2,0
2026-02-25 04:36:00+00:00,25620.95,25627.65,25620.25,25625.7,0
2026-02-25 04:37:00+00:00,25626.15,25629.5,25622.4,25623.9,0
2026-02-25 04:38:00+00:00,25625.5,25626.85,25622.3,25624.2,0
2026-02-25 04:39:00+00:00,25624.65,25631.9,25624.35,25629.85,0
2026-02-25 04:40:00+00:00,25628.75,25630.85,25621.0,25623.95,0
2026-02-25 04:41:00+00:00,25624.7,25626.05,25619.0,25620.3,0
2026-02-25 04:42:00+00:00,25621.9,25624.9,25618.9,25624.5,0
2026-02-25 04:43:00+00:00,25625.2,25633.25,25625.15,25628.4,0
2026-02-25 04:44:00+00:00,25628.0,25631.85,25627.7,25631.75,0
2026-02-25 04:45:00+00:00,25631.6,25636.9,25631.6,25635.45,0
2026-02-25 04:46:00+00:00,25635.55,25647.15,25635.55,25644.7,0
2026-02-25 04:47:00+00:00,25645.55,25652.6,25643.9,25648.9,0
2026-02-25 04:48:00+00:00,25649.05,25650.6,25644.65,25644.65,0
2026-02-25 04:49:00+00:00,25645.05,25646.8,25637.4,25639.4,0
2026-02-25 04:50:00+00:00,25638.9,25639.9,25633.9,25635.45,0
2026-02-25 04:51:00+00:00,25635.35,25637.2,25631.1,25634.9,0
2026-02-25 04:52:00+00:00,25635.05,25637.25,25633.65,25637.0,0
2026-02-25 04:53:00+00:00,25636.7,25639.65,25632.55,25632.95,0
2026-02-25 04:54:00+00:00,25633.5,25634.2,25629.95,25630.9,0
2026-02-25 04:55:00+00:00,25630.7,25637.15,25630.7,25635.25,0
2026-02-25 04:56:00+00:00,25634.0,25638.1,25631.65,25637.85,0
2026-02-25 04:57:00+00:00,25637.3,25638.7,25634.55,25635.15,0
2026-02-25 04:58:00+00:00,25635.95,25638.25,25634.15,25637.35,0
2026-02-25 04:59:00+00:00,25638.0,25639.65,25633.35,25635.2,0
2026-02-25 05:00:00+00:00,25635.0,25639.75,25635.0,25635.4,0
2026-02-25 05:01:00+00:00,25636.5,25641.6,25633.5,25638.1,0
2026-02-25 05:02:00+00:00,25639.5,25642.7,25636.5,25642.2,0
2026-02-25 05:03:00+00:00,25643.2,25645.05,25639.6,25640.65,0
2026-02-25 05:04:00+00:00,25640.75,25643.9,25640.75,25643.3,0
2026-02-25 05:05:00+00:00,25643.65,25646.2,25642.55,25644.65,0
2026-02-25 05:06:00+00:00,25645.0,25649.65,25644.15,25647.9,0
2026-02-25 05:07:00+00:00,25647.75,25648.55,25636.75,25636.75,0
2026-02-25 05:08:00+00:00,25637.25,25638.0,25626.2,25626.95,0
2026-02-25 05:09:00+00:00,25626.75,25636.1,25626.75,25634.05,0
2026-02-25 05:10:00+00:00,25634.15,25635.5,25628.1,25629.1,0
2026-02-25 05:11:00+00:00,25628.4,25632.55,25627.25,25632.55,0
2026-02-25 05:12:00+00:00,25631.85,25632.65,25624.85,25626.05,0
2026-02-25 05:13:00+00:00,25625.8,25628.0,25622.65,25626.3,0
2026-02-25 05:14:00+00:00,25626.35,25627.2,25618.9,25619.9,0
2026-02-25 05:15:00+00:00,25619.05,25625.4,25617.4,25623.35,0
2026-02-25 05:16:00+00:00,25623.1,25625.2,25620.3,25622.25,0
2026-02-25 05:17:00+00:00,25622.1,25624.1,25612.25,25612.9,0
2026-02-25 05:18:00+00:00,25611.3,25618.5,25607.5,25617.9,0
2026-02-25 05:19:00+00:00,25617.8,25619.55,25614.0,25616.6,0
2026-02-25 05:20:00+00:00,25616.65,25622.0,25613.4,25620.8,0
2026-02-25 05:21:00+00:00,25622.0,25628.15,25622.0,25625.65,0
2026-02-25 05:22:00+00:00,25625.2,25627.9,25619.75,25622.55,0
2026-02-25 05:23:00+00:00,25621.8,25623.05,25619.6,25622.1,0
2026-02-25 05:24:00+00:00,25621.85,25623.3,25618.0,25620.15,0
2026-02-25 05:25:00+00:00,25621.1,25623.55,25618.2,25619.8,0
2026-02-25 05:26:00+00:00,25619.7,25621.95,25612.3,25614.75,0
2026-02-25 05:27:00+00:00,25614.5,25622.2,25614.1,25620.3,0
2026-02-25 05:28:00+00:00,25621.75,25624.05,25616.35,25618.0,0
2026-02-25 05:29:00+00:00,25618.5,25621.05,25611.45,25612.35,0
2026-02-25 05:30:00+00:00,25614.1,25620.9,25613.2,25619.7,0
2026-02-25 05:31:00+00:00,25619.15,25625.75,25618.75,25623.15,0
2026-02-25 05:32:00+00:00,25624.05,25626.75,25623.1,25624.55,0
2026-02-25 05:33:00+00:00,25624.3,25625.1,25619.65,25621.95,0
2026-02-25 05:34:00+00:00,25621.9,25622.2,25614.05,25615.05,0
2026-02-25 05:35:00+00:00,25616.35,25623.7,25614.15,25621.8,0
2026-02-25 05:36:00+00:00,25621.25,25623.15,25619.35,25623.15,0
2026-02-25 05:37:00+00:00,25622.6,25630.25,25621.4,25629.35,0
2026-02-25 05:38:00+00:00,25629.3,25630.8,25620.95,25622.35,0
2026-02-25 05:39:00+00:00,25622.75,25624.5,25619.35,25621.05,0
2026-02-25 05:40:00+00:00,25621.2,25625.4,25621.2,25625.15,0
2026-02-25 05:41:00+00:00,25624.4,25630.05,25624.4,25625.95,0
2026-02-25 05:42:00+00:00,25625.9,25628.5,25621.0,25621.0,0
2026-02-25 05:43:00+00:00,25621.85,25622.8,25611.35,25611.9,0
2026-02-25 05:44:00+00:00,25611.75,25617.65,25608.55,25616.0,0
2026-02-25 05:45:00+00:00,25615.5,25617.6,25612.45,25616.65,0
2026-02-25 05:46:00+00:00,25616.6,25620.0,25613.55,25615.6,0
2026-02-25 05:47:00+00:00,25615.55,25616.2,25606.85,25607.85,0
2026-02-25 05:48:00+00:00,25607.35,25610.0,25602.3,25607.75,0
2026-02-25 05:49:00+00:00,25606.6,25610.6,25606.0,25607.1,0
2026-02-25 05:50:00+00:00,25608.1,25609.7,25604.75,25609.7,0
2026-02-25 05:51:00+00:00,25609.2,25611.4,25605.2,25606.85,0
2026-02-25 05:52:00+00:00,25606.45,25607.5,25601.9,25603.7,0
2026-02-25 05:53:00+00:00,25603.8,25605.15,25597.6,25598.75,0
2026-02-25 05:54:00+00:00,25598.3,25609.7,25598.3,25608.6,0
2026-02-25 05:55:00+00:00,25607.85,25610.8,25606.8,25609.9,0
2026-02-25 05:56:00+00:00,25609.3,25613.65,25608.6,25613.55,0
2026-02-25 05:57:00+00:00,25613.2,25614.35,25607.45,25609.15,0
2026-02-25 05:58:00+00:00,25610.35,25617.5,25610.05,25616.75,0
2026-02-25 05:59:00+00:00,25616.45,25617.35,25611.9,25613.3,0
2026-02-25 06:00:00+00:00,25613.3,25615.25,25609.95,25610.9,0
2026-02-25 06:01:00+00:00,25610.5,25613.1,25602.9,25603.35,0
2026-02-25 06:02:00+00:00,25604.0,25606.05,25599.95,25606.05,0
2026-02-25 06:03:00+00:00,25605.25,25608.7,25604.15,25605.2,0
2026-02-25 06:04:00+00:00,25606.75,25610.65,25602.15,25602.15,0
2026-02-25 06:05:00+00:00,25603.2,25609.15,25601.95,25608.3,0
2026-02-25 06:06:00+00:00,25607.9,25609.9,25605.85,25606.7,0
2026-02-25 06:07:00+00:00,25607.45,25607.85,25603.1,25604.0,0
2026-02-25 06:08:00+00:00,25604.4,25607.65,25603.05,25606.3,0
2026-02-25 06:09:00+00:00,25607.25,25608.8,25604.15,25605.15,0
2026-02-25 06:10:00+00:00,25604.75,25606.1,25584.15,25588.65,0
2026-02-25 06:11:00+00:00,25588.95,25590.3,25581.05,25587.8,0
2026-02-25 06:12:00+00:00,25587.7,25590.35,25584.15,25586.15,0
2026-02-25 06:13:00+00:00,25586.45,25593.35,25585.85,25587.3,0
2026-02-25 06:14:00+00:00,25587.7,25591.65,25586.55,25588.0,0
2026-02-25 06:15:00+00:00,25589.85,25610.35,25589.85,25608.45,0
2026-02-25 06:16:00+00:00,25608.45,25613.3,25606.2,25612.25,0
2026-02-25 06:17:00+00:00,25612.85,25618.9,25612.6,25615.0,0
2026-02-25 06:18:00+00:00,25614.85,25617.75,25612.75,25615.6,0
2026-02-25 06:19:00+00:00,25616.0,25619.0,25612.35,25617.65,0
2026-02-25 06:20:00+00:00,25618.25,25622.2,25617.1,25619.8,0
2026-02-25 06:21:00+00:00,25620.3,25620.85,25614.15,25615.2,0
2026-02-25 06:22:00+00:00,25614.65,25616.9,25611.05,25611.85,0
2026-02-25 06:23:00+00:00,25612.85,25615.8,25609.25,25612.85,0
2026-02-25 06:24:00+00:00,25611.85,25613.55,25606.75,25607.45,0
2026-02-25 06:25:00+00:00,25608.65,25609.2,25603.4,25605.45,0
2026-02-25 06:26:00+00:00,25605.7,25608.45,25598.35,25598.55,0
2026-02-25 06:27:00+00:00,25598.85,25600.4,25594.9,25597.7,0
2026-02-25 06:28:00+00:00,25597.25,25598.05,25586.3,25591.1,0
2026-02-25 06:29:00+00:00,25591.4,25595.1,25588.3,25595.1,0
2026-02-25 06:30:00+00:00,25592.65,25603.05,25592.65,25602.8,0
2026-02-25 06:31:00+00:00,25602.9,25603.9,25598.55,25601.1,0
2026-02-25 06:32:00+00:00,25600.4,25603.35,25599.05,25601.4,0
2026-02-25 06:33:00+00:00,25600.95,25610.95,25600.35,25610.95,0
2026-02-25 06:34:00+00:00,25610.7,25611.45,25608.4,25611.45,0
2026-02-25 06:35:00+00:00,25610.2,25613.45,25607.3,25612.9,0
2026-02-25 06:36:00+00:00,25613.0,25614.25,25604.25,25606.9,0
2026-02-25 06:37:00+00:00,25606.0,25607.1,25601.25,25605.7,0
2026-02-25 06:38:00+00:00,25605.65,25605.65,25598.45,25604.2,0
2026-02-25 06:39:00+00:00,25604.0,25606.6,25601.6,25606.5,0
2026-02-25 06:40:00+00:00,25606.05,25606.5,25600.55,25604.4,0
2026-02-25 06:41:00+00:00,25604.15,25605.45,25599.85,25604.4,0
2026-02-25 06:42:00+00:00,25604.3,25608.35,25600.8,25608.2,0
2026-02-25 06:43:00+00:00,25608.3,25609.1,25598.75,25598.85,0
2026-02-25 06:44:00+00:00,25599.4,25600.7,25591.9,25600.2,0
2026-02-25 06:45:00+00:00,25599.7,25604.6,25599.7,25602.0,0
2026-02-25 06:46:00+00:00,25601.3,25606.05,25600.8,25605.6,0
2026-02-25 06:47:00+00:00,25605.45,25611.1,25605.45,25611.1,0
2026-02-25 06:48:00+00:00,25610.2,25615.5,25610.2,25611.65,0
2026-02-25 06:49:00+00:00,25611.2,25612.1,25606.6,25606.75,0
2026-02-25 06:50:00+00:00,25608.5,25609.65,25604.8,25606.2,0
2026-02-25 06:51:00+00:00,25606.4,25607.35,25592.75,25592.75,0
2026-02-25 06:52:00+00:00,25592.75,25594.9,25588.65,25593.3,0
2026-02-25 06:53:00+00:00,25593.55,25597.05,25592.9,25597.05,0
2026-02-25 06:54:00+00:00,25595.85,25601.1,25595.85,25599.45,0
2026-02-25 06:55:00+00:00,25599.5,25599.85,25592.8,25594.3,0
2026-02-25 06:56:00+00:00,25595.05,25596.7,25592.25,25594.3,0
2026-02-25 06:57:00+00:00,25594.4,25597.5,25590.2,25591.15,0
2026-02-25 06:58:00+00:00,25590.95,25593.8,25588.55,25592.45,0
2026-02-25 06:59:00+00:00,25592.4,25593.85,25589.55,25592.5,0
2026-02-25 07:00:00+00:00,25591.95,25596.75,25590.05,25592.5,0
2026-02-25 07:01:00+00:00,25593.35,25594.1,25585.4,25586.05,0
2026-02-25 07:02:00+00:00,25586.5,25590.1,25575.75,25575.75,0
2026-02-25 07:03:00+00:00,25574.85,25576.25,25555.4,25555.5,0
2026-02-25 07:04:00+00:00,25555.35,25555.35,25534.75,25536.2,0
2026-02-25 07:05:00+00:00,25535.45,25537.85,25521.5,25522.95,0
2026-02-25 07:06:00+00:00,25523.25,25525.8,25510.75,25510.75,0
2026-02-25 07:07:00+00:00,25511.85,25514.05,25504.9,25511.35,0
2026-02-25 07:08:00+00:00,25510.4,25533.55,25510.4,25532.5,0
2026-02-25 07:09:00+00:00,25531.2,25531.95,25524.15,25528.6,0
2026-02-25 07:10:00+00:00,25528.85,25530.25,25520.95,25522.2,0
2026-02-25 07:11:00+00:00,25522.25,25527.8,25519.95,25525.8,0
2026-02-25 07:12:00+00:00,25526.0,25526.25,25515.45,25518.6,0
2026-02-25 07:13:00+00:00,25519.5,25522.25,25511.55,25514.4,0
2026-02-25 07:14:00+00:00,25514.9,25516.45,25501.85,25504.3,0
2026-02-25 07:15:00+00:00,25504.5,25505.15,25487.3,25493.05,0
2026-02-25 07:16:00+00:00,25492.4,25496.5,25490.95,25494.5,0
2026-02-25 07:17:00+00:00,25494.4,25498.1,25484.3,25485.65,0
2026-02-25 07:18:00+00:00,25486.9,25487.65,25477.15,25479.8,0
2026-02-25 07:19:00+00:00,25479.5,25481.85,25467.8,25467.85,0
2026-02-25 07:20:00+00:00,25464.25,25481.05,25461.25,25471.65,0
2026-02-25 07:21:00+00:00,25471.45,25475.8,25469.1,25475.4,0
2026-02-25 07:22:00+00:00,25475.35,25489.15,25475.35,25488.9,0
2026-02-25 07:23:00+00:00,25488.75,25490.85,25486.75,25489.1,0
2026-02-25 07:24:00+00:00,25489.2,25490.3,25479.45,25480.1,0
2026-02-25 07:25:00+00:00,25479.0,25490.85,25475.85,25490.4,0
2026-02-25 07:26:00+00:00,25489.3,25491.45,25481.35,25482.95,0
2026-02-25 07:27:00+00:00,25481.85,25484.1,25476.65,25478.25,0
2026-02-25 07:28:00+00:00,25479.15,25479.15,25466.3,25467.85,0
2026-02-25 07:29:00+00:00,25467.1,25472.2,25465.6,25472.2,0
2026-02-25 07:30:00+00:00,25471.65,25472.45,25450.8,25462.25,0
2026-02-25 07:31:00+00:00,25461.35,25464.15,25449.1,25451.8,0
2026-02-25 07:32:00+00:00,25450.9,25453.15,25445.35,25446.7,0
2026-02-25 07:33:00+00:00,25447.1,25450.35,25440.05,25447.6,0
2026-02-25 07:34:00+00:00,25446.5,25463.15,25446.5,25462.05,0
2026-02-25 07:35:00+00:00,25461.2,25462.65,25447.6,25448.15,0
2026-02-25 07:36:00+00:00,25447.75,25468.5,25444.9,25466.0,0
2026-02-25 07:37:00+00:00,25465.2,25467.7,25458.95,25461.2,0
2026-02-25 07:38:00+00:00,25460.55,25467.0,25460.55,25465.3,0
2026-02-25 07:39:00+00:00,25464.3,25469.9,25463.15,25463.15,0
2026-02-25 07:40:00+00:00,25463.8,25469.1,25461.4,25466.85,0
2026-02-25 07:41:00+00:00,25467.75,25475.7,25466.95,25471.65,0
2026-02-25 07:42:00+00:00,25471.25,25476.3,25470.3,25474.85,0
2026-02-25 07:43:00+00:00,25473.95,25476.5,25466.05,25466.6,0
2026-02-25 07:44:00+00:00,25466.25,25467.75,25461.6,25462.6,0
2026-02-25 07:45:00+00:00,25462.4,25465.95,25457.7,25461.85,0
2026-02-25 07:46:00+00:00,25462.4,25470.8,25462.4,25466.25,0
2026-02-25 07:47:00+00:00,25467.1,25473.8,25466.4,25473.4,0
2026-02-25 07:48:00+00:00,25472.2,25474.9,25470.05,25473.95,0
2026-02-25 07:49:00+00:00,25474.65,25479.45,25474.05,25478.5,0
2026-02-25 07:50:00+00:00,25478.45,25485.2,25478.2,25478.7,0
2026-02-25 07:51:00+00:00,25478.95,25480.45,25469.45,25471.85,0
2026-02-25 07:52:00+00:00,25471.3,25475.05,25468.7,25468.85,0
2026-02-25 07:53:00+00:00,25469.5,25470.3,25464.7,25464.7,0
2026-02-25 07:54:00+00:00,25464.8,25465.8,25455.0,25456.35,0
2026-02-25 07:55:00+00:00,25455.7,25460.05,25455.15,25455.75,0
2026-02-25 07:56:00+00:00,25456.05,25457.45,25441.5,25441.5,0
2026-02-25 07:57:00+00:00,25441.45,25442.2,25428.2,25436.35,0
2026-02-25 07:58:00+00:00,25436.6,25456.25,25436.3,25450.25,0
2026-02-25 07:59:00+00:00,25451.15,25461.15,25450.1,25460.3,0
2026-02-25 08:00:00+00:00,25460.1,25474.85,25460.1,25473.45,0
2026-02-25 08:01:00+00:00,25474.35,25480.95,25469.2,25470.0,0
2026-02-25 08:02:00+00:00,25469.8,25471.75,25461.1,25462.2,0
2026-02-25 08:03:00+00:00,25462.15,25465.5,25460.8,25465.5,0
2026-02-25 08:04:00+00:00,25465.3,25466.5,25460.65,25461.25,0
2026-02-25 08:05:00+00:00,25461.3,25469.45,25460.1,25468.25,0
2026-02-25 08:06:00+00:00,25468.5,25473.15,25467.45,25473.15,0
2026-02-25 08:07:00+00:00,25471.9,25476.25,25471.1,25475.5,0
2026-02-25 08:08:00+00:00,25475.75,25479.25,25469.4,25469.95,0
2026-02-25 08:09:00+00:00,25468.7,25469.95,25462.55,25466.4,0
2026-02-25 08:10:00+00:00,25467.3,25469.05,25463.05,25463.4,0
2026-02-25 08:11:00+00:00,25463.7,25468.1,25462.4,25467.5,0
2026-02-25 08:12:00+00:00,25468.2,25469.4,25464.0,25465.5,0
2026-02-25 08:13:00+00:00,25466.0,25467.3,25462.35,25465.75,0
2026-02-25 08:14:00+00:00,25465.95,25468.0,25461.75,25462.05,0
2026-02-25 08:15:00+00:00,25462.35,25462.9,25451.3,25453.0,0
2026-02-25 08:16:00+00:00,25453.55,25457.8,25450.5,25450.5,0
2026-02-25 08:17:00+00:00,25450.55,25463.6,25450.55,25463.6,0
2026-02-25 08:18:00+00:00,25464.4,25469.85,25463.7,25466.75,0
2026-02-25 08:19:00+00:00,25466.25,25468.4,25463.55,25467.4,0
2026-02-25 08:20:00+00:00,25467.55,25471.3,25467.2,25469.9,0
2026-02-25 08:21:00+00:00,25470.6,25472.0,25466.05,25466.85,0
2026-02-25 08:22:00+00:00,25467.6,25469.4,25463.2,25467.45,0
2026-02-25 08:23:00+00:00,25468.2,25474.2,25467.25,25471.6,0
2026-02-25 08:24:00+00:00,25472.15,25474.8,25470.4,25473.2,0
2026-02-25 08:25:00+00:00,25473.8,25474.55,25468.45,25469.3,0
2026-02-25 08:26:00+00:00,25469.55,25471.6,25467.2,25467.8,0
2026-02-25 08:27:00+00:00,25468.25,25470.35,25466.05,25469.0,0
2026-02-25 08:28:00+00:00,25469.4,25473.5,25469.4,25472.35,0
2026-02-25 08:29:00+00:00,25473.5,25474.7,25468.7,25472.65,0
2026-02-25 08:30:00+00:00,25473.05,25473.05,25459.05,25459.05,0
2026-02-25 08:31:00+00:00,25459.5,25466.05,25453.5,25464.4,0
2026-02-25 08:32:00+00:00,25464.65,25466.8,25454.95,25454.95,0
2026-02-25 08:33:00+00:00,25456.1,25456.1,25441.6,25442.55,0
2026-02-25 08:34:00+00:00,25443.0,25445.3,25439.3,25443.9,0
2026-02-25 08:35:00+00:00,25445.3,25453.5,25444.25,25450.15,0
2026-02-25 08:36:00+00:00,25453.4,25453.4,25437.0,25437.3,0
2026-02-25 08:37:00+00:00,25439.1,25439.1,25430.15,25434.7,0
2026-02-25 08:38:00+00:00,25435.9,25449.4,25435.9,25445.25,0
2026-02-25 08:39:00+00:00,25444.6,25445.2,25433.8,25435.65,0
2026-02-25 08:40:00+00:00,25436.4,25443.9,25436.3,25443.9,0
2026-02-25 08:41:00+00:00,25444.35,25456.7,25443.9,25455.3,0
2026-02-25 08:42:00+00:00,25455.4,25464.95,25455.4,25461.1,0
2026-02-25 08:43:00+00:00,25462.65,25463.85,25453.65,25455.35,0
2026-02-25 08:44:00+00:00,25456.05,25458.85,25455.35,25457.1,0
2026-02-25 08:45:00+00:00,25457.3,25463.5,25454.85,25462.15,0
2026-02-25 08:46:00+00:00,25462.5,25466.55,25458.7,25466.55,0
2026-02-25 08:47:00+00:00,25466.75,25472.5,25465.05,25471.15,0
2026-02-25 08:48:00+00:00,25471.2,25484.45,25471.2,25483.6,0
2026-02-25 08:49:00+00:00,25484.1,25495.75,25484.1,25493.8,0
2026-02-25 08:50:00+00:00,25494.2,25496.7,25488.4,25495.0,0
2026-02-25 08:51:00+00:00,25496.05,25498.05,25489.8,25498.0,0
2026-02-25 08:52:00+00:00,25497.7,25502.45,25491.3,25491.3,0
2026-02-25 08:53:00+00:00,25492.45,25493.65,25486.75,25487.25,0
2026-02-25 08:54:00+00:00,25487.9,25488.3,25472.4,25473.0,0
2026-02-25 08:55:00+00:00,25473.35,25475.65,25467.95,25471.65,0
2026-02-25 08:56:00+00:00,25471.05,25473.6,25466.65,25469.9,0
2026-02-25 08:57:00+00:00,25469.35,25470.6,25457.55,25458.45,0
2026-02-25 08:58:00+00:00,25458.85,25459.55,25449.15,25450.75,0
2026-02-25 08:59:00+00:00,25450.0,25455.7,25448.55,25448.55,0
2026-02-25 09:00:00+00:00,25449.5,25457.95,25449.5,25457.95,0
2026-02-25 09:01:00+00:00,25458.4,25480.85,25458.4,25473.75,0
2026-02-25 09:02:00+00:00,25474.0,25476.8,25470.95,25471.75,0
2026-02-25 09:03:00+00:00,25471.9,25475.75,25468.7,25471.95,0
2026-02-25 09:04:00+00:00,25471.85,25476.85,25471.1,25475.7,0
2026-02-25 09:05:00+00:00,25476.35,25482.1,25474.9,25481.55,0
2026-02-25 09:06:00+00:00,25481.25,25481.8,25475.95,25478.3,0
2026-02-25 09:07:00+00:00,25479.0,25482.15,25476.9,25478.35,0
2026-02-25 09:08:00+00:00,25478.75,25482.6,25476.85,25479.6,0
2026-02-25 09:09:00+00:00,25479.35,25480.55,25475.0,25477.95,0
2026-02-25 09:10:00+00:00,25478.25,25478.6,25473.15,25474.3,0
2026-02-25 09:11:00+00:00,25473.95,25477.45,25470.25,25475.5,0
2026-02-25 09:12:00+00:00,25475.1,25475.75,25459.3,25460.15,0
2026-02-25 09:13:00+00:00,25461.2,25467.55,25457.95,25460.25,0
2026-02-25 09:14:00+00:00,25461.65,25471.55,25460.85,25471.45,0
2026-02-25 09:15:00+00:00,25471.6,25473.35,25466.65,25466.75,0
2026-02-25 09:16:00+00:00,25467.25,25467.65,25454.15,25457.9,0
2026-02-25 09:17:00+00:00,25458.65,25461.7,25455.05,25455.6,0
2026-02-25 09:18:00+00:00,25455.85,25458.3,25447.8,25447.8,0
2026-02-25 09:19:00+00:00,25448.7,25455.0,25446.15,25450.35,0
2026-02-25 09:20:00+00:00,25451.05,25455.45,25448.6,25450.9,0
2026-02-25 09:21:00+00:00,25450.9,25451.7,25446.6,25449.55,0
2026-02-25 09:22:00+00:00,25449.8,25451.35,25441.45,25443.3,0
2026-02-25 09:23:00+00:00,25443.4,25446.45,25439.95,25445.35,0
2026-02-25 09:24:00+00:00,25445.55,25460.7,25445.55,25458.35,0
2026-02-25 09:25:00+00:00,25459.6,25473.55,25459.6,25466.05,0
2026-02-25 09:26:00+00:00,25466.35,25468.45,25461.25,25461.8,0
2026-02-25 09:27:00+00:00,25461.9,25462.7,25452.6,25459.45,0
2026-02-25 09:28:00+00:00,25460.85,25466.45,25459.25,25461.85,0
2026-02-25 09:29:00+00:00,25462.9,25471.25,25458.8,25468.25,0
2026-02-25 09:30:00+00:00,25469.8,25502.0,25469.8,25501.5,0
2026-02-25 09:31:00+00:00,25500.95,25500.95,25485.15,25495.75,0
2026-02-25 09:32:00+00:00,25495.6,25504.1,25495.35,25503.15,0
2026-02-25 09:33:00+00:00,25503.1,25505.45,25497.6,25504.2,0
2026-02-25 09:34:00+00:00,25504.15,25506.55,25499.9,25501.0,0
2026-02-25 09:35:00+00:00,25499.9,25499.9,25483.95,25485.05,0
2026-02-25 09:36:00+00:00,25484.7,25487.95,25483.55,25487.0,0
2026-02-25 09:37:00+00:00,25486.75,25497.9,25486.75,25497.9,0
2026-02-25 09:38:00+00:00,25496.9,25501.4,25488.75,25488.85,0
2026-02-25 09:39:00+00:00,25487.55,25489.4,25480.25,25483.35,0
2026-02-25 09:40:00+00:00,25482.7,25485.75,25478.55,25480.15,0
2026-02-25 09:41:00+00:00,25478.65,25479.9,25469.5,25472.0,0
2026-02-25 09:42:00+00:00,25471.7,25478.4,25471.7,25477.7,0
2026-02-25 09:43:00+00:00,25477.75,25481.8,25474.15,25479.4,0
2026-02-25 09:44:00+00:00,25479.8,25480.15,25473.25,25478.5,0
2026-02-25 09:45:00+00:00,25477.05,25482.3,25476.5,25482.3,0
2026-02-25 09:46:00+00:00,25482.55,25485.2,25476.1,25478.95,0
2026-02-25 09:47:00+00:00,25479.05,25482.6,25478.15,25478.45,0
2026-02-25 09:48:00+00:00,25479.1,25479.85,25473.1,25476.35,0
2026-02-25 09:49:00+00:00,25477.3,25482.25,25475.05,25481.4,0
2026-02-25 09:50:00+00:00,25481.25,25482.8,25477.1,25477.95,0
2026-02-25 09:51:00+00:00,25477.5,25479.0,25474.0,25474.75,0
2026-02-25 09:52:00+00:00,25475.85,25478.8,25473.8,25477.15,0
2026-02-25 09:53:00+00:00,25477.1,25482.35,25476.35,25480.0,0
2026-02-25 09:54:00+00:00,25479.9,25481.35,25474.3,25475.05,0
2026-02-25 09:55:00+00:00,25475.85,25486.85,25475.4,25483.6,0
2026-02-25 09:56:00+00:00,25482.95,25486.1,25480.3,25485.05,0
2026-02-25 09:57:00+00:00,25483.75,25485.5,25482.2,25485.45,0
2026-02-25 09:58:00+00:00,25485.7,25488.25,25479.1,25482.25,0
2026-02-25 09:59:00+00:00,25482.75,25486.85,25471.05,25478.65,0
2026-02-26 03:45:00+00:00,25556.3,25567.6,25524.25,25565.65,0
2026-02-26 03:46:00+00:00,25563.8,25564.55,25538.95,25540.7,0
2026-02-26 03:47:00+00:00,25537.5,25547.35,25529.4,25546.0,0
2026-02-26 03:48:00+00:00,25542.35,25550.3,25528.5,25528.55,0
2026-02-26 03:49:00+00:00,25527.95,25542.85,25527.45,25535.1,0
2026-02-26 03:50:00+00:00,25534.3,25543.1,25532.15,25532.15,0
2026-02-26 03:51:00+00:00,25531.8,25532.9,25508.1,25508.3,0
2026-02-26 03:52:00+00:00,25507.05,25508.35,25488.95,25501.75,0
2026-02-26 03:53:00+00:00,25501.3,25512.45,25501.3,25511.7,0
2026-02-26 03:54:00+00:00,25510.85,25514.25,25496.3,25498.45,0
2026-02-26 03:55:00+00:00,25499.1,25509.4,25487.85,25488.95,0
2026-02-26 03:56:00+00:00,25489.15,25506.45,25489.15,25501.9,0
2026-02-26 03:57:00+00:00,25501.25,25515.55,25499.4,25515.55,0
2026-02-26 03:58:00+00:00,25515.55,25519.0,25499.5,25505.7,0
2026-02-26 03:59:00+00:00,25506.85,25509.9,25493.75,25504.45,0
2026-02-26 04:00:00+00:00,25505.15,25515.75,25499.25,25513.95,0
2026-02-26 04:01:00+00:00,25515.05,25516.2,25492.1,25498.35,0
2026-02-26 04:02:00+00:00,25498.9,25507.15,25494.55,25506.3,0
2026-02-26 04:03:00+00:00,25506.85,25511.5,25501.75,25511.5,0
2026-02-26 04:04:00+00:00,25511.05,25519.7,25508.4,25518.8,0
2026-02-26 04:05:00+00:00,25518.85,25524.25,25516.4,25522.35,0
2026-02-26 04:06:00+00:00,25521.6,25532.8,25521.1,25531.6,0
2026-02-26 04:07:00+00:00,25530.75,25536.15,25528.75,25535.5,0
2026-02-26 04:08:00+00:00,25535.35,25544.35,25535.35,25543.55,0
2026-02-26 04:09:00+00:00,25542.85,25547.45,25541.2,25545.0,0
2026-02-26 04:10:00+00:00,25543.3,25556.3,25543.3,25556.3,0
2026-02-26 04:11:00+00:00,25555.6,25556.05,25538.8,25540.35,0
2026-02-26 04:12:00+00:00,25540.25,25545.15,25539.0,25543.05,0
2026-02-26 04:13:00+00:00,25542.4,25553.6,25540.4,25553.6,0
2026-02-26 04:14:00+00:00,25552.55,25555.9,25548.25,25555.9,0
2026-02-26 04:15:00+00:00,25555.3,25565.6,25555.3,25564.5,0
2026-02-26 04:16:00+00:00,25562.6,25563.3,25547.7,25550.8,0
2026-02-26 04:17:00+00:00,25549.55,25557.5,25547.05,25550.9,0
2026-02-26 04:18:00+00:00,25549.05,25562.35,25548.05,25561.4,0
2026-02-26 04:19:00+00:00,25561.35,25563.45,25555.55,25557.2,0
2026-02-26 04:20:00+00:00,25557.3,25559.45,25551.4,25552.95,0
2026-02-26 04:21:00+00:00,25552.3,25552.9,25543.65,25544.6,0
2026-02-26 04:22:00+00:00,25543.35,25547.75,25541.95,25544.0,0
2026-02-26 04:23:00+00:00,25542.95,25542.95,25530.55,25533.75,0
2026-02-26 04:24:00+00:00,25532.6,25533.3,25508.2,25510.6,0
2026-02-26 04:25:00+00:00,25509.8,25512.55,25500.1,25510.65,0
2026-02-26 04:26:00+00:00,25510.4,25518.4,25510.4,25513.9,0
2026-02-26 04:27:00+00:00,25513.05,25520.6,25512.75,25515.6,0
2026-02-26 04:28:00+00:00,25514.0,25517.15,25507.95,25507.95,0
2026-02-26 04:29:00+00:00,25507.65,25518.35,25504.45,25518.35,0
2026-02-26 04:30:00+00:00,25517.95,25523.05,25516.75,25522.45,0
2026-02-26 04:31:00+00:00,25522.15,25531.65,25519.45,25531.65,0
2026-02-26 04:32:00+00:00,25530.8,25535.1,25524.95,25529.5,0
2026-02-26 04:33:00+00:00,25529.05,25539.25,25528.9,25538.8,0
2026-02-26 04:34:00+00:00,25538.05,25543.8,25535.8,25543.8,0
2026-02-26 04:35:00+00:00,25543.25,25551.85,25540.25,25551.85,0
2026-02-26 04:36:00+00:00,25550.65,25560.3,25549.45,25560.3,0
2026-02-26 04:37:00+00:00,25559.05,25563.2,25559.05,25561.35,0
2026-02-26 04:38:00+00:00,25560.45,25562.5,25556.25,25559.15,0
2026-02-26 04:39:00+00:00,25559.1,25563.3,25552.55,25563.3,0
2026-02-26 04:40:00+00:00,25561.95,25570.5,25561.95,25569.8,0
2026-02-26 04:41:00+00:00,25570.05,25572.95,25557.95,25558.85,0
2026-02-26 04:42:00+00:00,25558.25,25563.65,25556.25,25561.7,0
2026-02-26 04:43:00+00:00,25560.8,25565.1,25558.25,25561.5,0
2026-02-26 04:44:00+00:00,25561.35,25562.55,25556.8,25558.25,0
2026-02-26 04:45:00+00:00,25558.6,25560.15,25551.85,25553.9,0
2026-02-26 04:46:00+00:00,25553.55,25554.2,25544.5,25548.5,0
2026-02-26 04:47:00+00:00,25547.6,25554.0,25547.1,25552.15,0
2026-02-26 04:48:00+00:00,25552.4,25559.75,25552.1,25559.75,0
2026-02-26 04:49:00+00:00,25558.8,25562.0,25555.65,25560.75,0
2026-02-26 04:50:00+00:00,25560.55,25561.7,25549.4,25551.1,0
2026-02-26 04:51:00+00:00,25548.9,25550.75,25541.25,25543.9,0
2026-02-26 04:52:00+00:00,25544.9,25548.6,25538.35,25539.05,0
2026-02-26 04:53:00+00:00,25538.7,25543.85,25534.8,25543.85,0
2026-02-26 04:54:00+00:00,25543.7,25545.35,25537.2,25538.4,0
2026-02-26 04:55:00+00:00,25537.65,25539.65,25533.9,25539.65,0
2026-02-26 04:56:00+00:00,25539.6,25547.35,25537.9,25546.8,0
2026-02-26 04:57:00+00:00,25546.75,25550.25,25542.95,25547.65,0
2026-02-26 04:58:00+00:00,25547.05,25547.5,25533.4,25534.05,0
2026-02-26 04:59:00+00:00,25532.6,25532.6,25519.55,25526.95,0
2026-02-26 05:00:00+00:00,25526.55,25532.35,25524.2,25527.7,0
2026-02-26 05:01:00+00:00,25526.35,25532.05,25523.55,25530.65,0
2026-02-26 05:02:00+00:00,25529.55,25533.9,25528.45,25529.65,0
2026-02-26 05:03:00+00:00,25528.75,25535.45,25526.1,25535.45,0
2026-02-26 05:04:00+00:00,25534.25,25544.35,25533.75,25536.6,0
2026-02-26 05:05:00+00:00,25538.95,25542.3,25528.5,25531.4,0
2026-02-26 05:06:00+00:00,25531.45,25533.8,25527.3,25529.45,0
2026-02-26 05:07:00+00:00,25529.75,25536.35,25525.7,25533.45,0
2026-02-26 05:08:00+00:00,25533.1,25534.7,25523.85,25526.75,0
2026-02-26 05:09:00+00:00,25525.95,25529.3,25523.2,25529.3,0
2026-02-26 05:10:00+00:00,25527.6,25529.9,25522.15,25524.75,0
2026-02-26 05:11:00+00:00,25523.4,25527.8,25521.55,25527.05,0
2026-02-26 05:12:00+00:00,25527.65,25535.35,25523.95,25535.35,0
2026-02-26 05:13:00+00:00,25535.2,25539.85,25528.15,25537.35,0
2026-02-26 05:14:00+00:00,25536.25,25537.85,25528.2,25531.8,0
2026-02-26 05:15:00+00:00,25532.8,25534.85,25527.1,25531.1,0
2026-02-26 05:16:00+00:00,25530.65,25533.05,25529.35,25532.6,0
2026-02-26 05:17:00+00:00,25531.45,25544.05,25530.8,25543.4,0
2026-02-26 05:18:00+00:00,25543.0,25545.25,25538.75,25544.9,0
2026-02-26 05:19:00+00:00,25544.5,25551.55,25542.9,25548.15,0
2026-02-26 05:20:00+00:00,25545.45,25548.05,25543.25,25545.3,0
2026-02-26 05:21:00+00:00,25545.1,25545.2,25539.45,25539.7,0
2026-02-26 05:22:00+00:00,25539.5,25542.3,25529.4,25532.3,0
2026-02-26 05:23:00+00:00,25532.4,25534.25,25527.25,25532.2,0
2026-02-26 05:24:00+00:00,25530.85,25532.9,25525.75,25525.75,0
2026-02-26 05:25:00+00:00,25527.15,25528.65,25519.1,25519.65,0
2026-02-26 05:26:00+00:00,25518.8,25519.95,25506.75,25509.1,0
2026-02-26 05:27:00+00:00,25506.65,25518.25,25506.65,25517.4,0
2026-02-26 05:28:00+00:00,25515.9,25517.9,25511.8,25511.8,0
2026-02-26 05:29:00+00:00,25511.2,25514.05,25505.45,25509.95,0
2026-02-26 05:30:00+00:00,25506.9,25510.7,25498.25,25499.7,0
2026-02-26 05:31:00+00:00,25497.75,25500.95,25491.7,25500.15,0
2026-02-26 05:32:00+00:00,25498.85,25506.45,25494.05,25506.4,0
2026-02-26 05:33:00+00:00,25505.7,25518.35,25504.55,25518.35,0
2026-02-26 05:34:00+00:00,25517.65,25523.45,25517.65,25521.8,0
2026-02-26 05:35:00+00:00,25520.75,25522.55,25513.9,25516.7,0
2026-02-26 05:36:00+00:00,25515.5,25516.65,25511.25,25515.15,0
2026-02-26 05:37:00+00:00,25513.0,25518.85,25513.0,25515.7,0
2026-02-26 05:38:00+00:00,25513.9,25518.05,25511.75,25517.8,0
2026-02-26 05:39:00+00:00,25516.5,25518.4,25509.5,25513.55,0
2026-02-26 05:40:00+00:00,25513.25,25522.75,25509.5,25522.75,0
2026-02-26 05:41:00+00:00,25521.65,25526.55,25520.3,25522.9,0
2026-02-26 05:42:00+00:00,25521.85,25523.8,25516.4,25518.95,0
2026-02-26 05:43:00+00:00,25517.25,25523.0,25517.25,25523.0,0
2026-02-26 05:44:00+00:00,25521.75,25530.45,25521.75,25523.25,0
2026-02-26 05:45:00+00:00,25522.75,25526.9,25521.7,25523.7,0
2026-02-26 05:46:00+00:00,25523.65,25525.15,25517.45,25520.65,0
2026-02-26 05:47:00+00:00,25519.45,25527.7,25519.4,25527.7,0
2026-02-26 05:48:00+00:00,25526.45,25538.85,25526.45,25536.95,0
2026-02-26 05:49:00+00:00,25536.0,25537.6,25532.65,25534.45,0
2026-02-26 05:50:00+00:00,25533.7,25534.4,25528.3,25532.9,0
2026-02-26 05:51:00+00:00,25532.05,25533.5,25526.05,25532.2,0
2026-02-26 05:52:00+00:00,25531.8,25537.35,25531.2,25537.05,0
2026-02-26 05:53:00+00:00,25536.6,25537.4,25533.3,25535.4,0
2026-02-26 05:54:00+00:00,25533.8,25541.1,25533.8,25540.65,0
2026-02-26 05:55:00+00:00,25541.4,25562.25,25539.05,25562.25,0
2026-02-26 05:56:00+00:00,25561.65,25570.85,25560.25,25568.7,0
2026-02-26 05:57:00+00:00,25567.7,25567.7,25550.2,25554.6,0
2026-02-26 05:58:00+00:00,25553.0,25554.45,25539.75,25540.95,0
2026-02-26 05:59:00+00:00,25539.8,25542.75,25535.2,25536.75,0
2026-02-26 06:00:00+00:00,25535.35,25537.25,25523.85,25528.5,0
2026-02-26 06:01:00+00:00,25525.3,25534.95,25523.7,25528.6,0
2026-02-26 06:02:00+00:00,25528.35,25530.85,25512.55,25519.9,0
2026-02-26 06:03:00+00:00,25519.0,25526.5,25519.0,25524.65,0
2026-02-26 06:04:00+00:00,25523.1,25524.7,25518.75,25521.35,0
2026-02-26 06:05:00+00:00,25522.1,25524.0,25517.75,25518.65,0
2026-02-26 06:06:00+00:00,25517.25,25518.95,25509.8,25513.85,0
2026-02-26 06:07:00+00:00,25513.75,25515.6,25507.85,25510.85,0
2026-02-26 06:08:00+00:00,25510.1,25510.8,25503.25,25506.8,0
2026-02-26 06:09:00+00:00,25506.35,25506.6,25495.75,25502.75,0
2026-02-26 06:10:00+00:00,25501.7,25501.75,25478.25,25479.9,0
2026-02-26 06:11:00+00:00,25479.25,25480.3,25471.45,25479.4,0
2026-02-26 06:12:00+00:00,25478.7,25479.45,25460.25,25466.5,0
2026-02-26 06:13:00+00:00,25465.35,25468.2,25458.05,25463.1,0
2026-02-26 06:14:00+00:00,25462.5,25466.4,25460.3,25461.35,0
2026-02-26 06:15:00+00:00,25460.35,25466.5,25451.5,25466.5,0
2026-02-26 06:16:00+00:00,25463.6,25472.8,25463.6,25471.8,0
2026-02-26 06:17:00+00:00,25471.6,25477.6,25468.65,25477.6,0
2026-02-26 06:18:00+00:00,25477.2,25490.45,25477.2,25488.25,0
2026-02-26 06:19:00+00:00,25485.25,25489.45,25480.4,25483.35,0
2026-02-26 06:20:00+00:00,25483.95,25489.65,25482.6,25487.3,0
2026-02-26 06:21:00+00:00,25483.35,25489.4,25482.85,25486.2,0
2026-02-26 06:22:00+00:00,25485.35,25490.65,25484.6,25486.8,0
2026-02-26 06:23:00+00:00,25485.35,25486.75,25465.8,25467.15,0
2026-02-26 06:24:00+00:00,25466.75,25469.65,25463.05,25469.65,0
2026-02-26 06:25:00+00:00,25468.9,25470.65,25460.9,25463.15,0
2026-02-26 06:26:00+00:00,25461.95,25462.6,25454.05,25455.8,0
2026-02-26 06:27:00+00:00,25452.65,25454.65,25446.55,25451.65,0
2026-02-26 06:28:00+00:00,25449.85,25457.7,25447.4,25457.7,0
2026-02-26 06:29:00+00:00,25457.2,25459.5,25448.65,25453.4,0
2026-02-26 06:30:00+00:00,25453.3,25459.15,25452.35,25457.8,0
2026-02-26 06:31:00+00:00,25457.6,25457.6,25450.9,25454.75,0
2026-02-26 06:32:00+00:00,25452.35,25472.45,25451.95,25470.55,0
2026-02-26 06:33:00+00:00,25468.05,25469.95,25454.55,25461.95,0
2026-02-26 06:34:00+00:00,25462.05,25470.2,25460.35,25470.2,0
2026-02-26 06:35:00+00:00,25469.75,25475.5,25469.75,25474.8,0
2026-02-26 06:36:00+00:00,25475.25,25476.6,25466.85,25476.6,0
2026-02-26 06:37:00+00:00,25476.3,25481.7,25471.4,25471.95,0
2026-02-26 06:38:00+00:00,25472.55,25478.5,25471.85,25477.8,0
2026-02-26 06:39:00+00:00,25476.1,25477.1,25468.55,25472.55,0
2026-02-26 06:40:00+00:00,25471.85,25475.3,25467.85,25467.85,0
2026-02-26 06:41:00+00:00,25469.2,25471.95,25464.1,25467.75,0
2026-02-26 06:42:00+00:00,25466.35,25473.1,25463.6,25473.1,0
2026-02-26 06:43:00+00:00,25469.15,25471.6,25458.5,25460.35,0
2026-02-26 06:44:00+00:00,25458.2,25462.05,25456.25,25459.3,0
2026-02-26 06:45:00+00:00,25458.05,25466.85,25455.9,25466.6,0
2026-02-26 06:46:00+00:00,25466.2,25468.5,25461.4,25461.85,0
2026-02-26 06:47:00+00:00,25461.55,25462.95,25455.8,25457.9,0
2026-02-26 06:48:00+00:00,25457.1,25459.8,25453.6,25456.75,0
2026-02-26 06:49:00+00:00,25455.95,25458.75,25439.45,25447.4,0
2026-02-26 06:50:00+00:00,25446.7,25446.75,25436.3,25437.05,0
2026-02-26 06:51:00+00:00,25436.3,25439.5,25425.65,25428.0,0
2026-02-26 06:52:00+00:00,25431.6,25434.8,25407.5,25410.65,0
2026-02-26 06:53:00+00:00,25410.7,25416.55,25400.95,25416.55,0
2026-02-26 06:54:00+00:00,25416.15,25437.75,25416.15,25432.4,0
2026-02-26 06:55:00+00:00,25432.85,25441.55,25428.5,25441.55,0
2026-02-26 06:56:00+00:00,25444.45,25445.45,25432.0,25435.55,0
2026-02-26 06:57:00+00:00,25435.35,25443.4,25431.0,25436.65,0
2026-02-26 06:58:00+00:00,25436.05,25437.75,25426.55,25432.55,0
2026-02-26 06:59:00+00:00,25430.9,25432.55,25425.25,25430.7,0
2026-02-26 07:00:00+00:00,25430.85,25445.4,25430.15,25441.4,0
2026-02-26 07:01:00+00:00,25437.9,25443.2,25436.55,25442.15,0
2026-02-26 07:02:00+00:00,25438.6,25442.15,25432.1,25434.1,0
2026-02-26 07:03:00+00:00,25433.2,25442.75,25426.4,25437.0,0
2026-02-26 07:04:00+00:00,25435.1,25438.9,25431.7,25436.1,0
2026-02-26 07:05:00+00:00,25435.4,25441.25,25431.3,25440.0,0
2026-02-26 07:06:00+00:00,25439.8,25449.7,25437.2,25441.6,0
2026-02-26 07:07:00+00:00,25441.05,25447.65,25438.8,25446.75,0
2026-02-26 07:08:00+00:00,25446.15,25448.35,25441.1,25445.95,0
2026-02-26 07:09:00+00:00,25445.65,25448.3,25439.45,25445.4,0
2026-02-26 07:10:00+00:00,25445.25,25447.1,25438.35,25445.55,0
2026-02-26 07:11:00+00:00,25444.85,25460.25,25442.5,25460.25,0
2026-02-26 07:12:00+00:00,25459.65,25460.9,25450.85,25456.5,0
2026-02-26 07:13:00+00:00,25456.35,25461.15,25454.85,25458.25,0
2026-02-26 07:14:00+00:00,25458.2,25460.4,25453.0,25459.95,0
2026-02-26 07:15:00+00:00,25457.45,25460.7,25447.65,25449.75,0
2026-02-26 07:16:00+00:00,25448.6,25448.95,25441.8,25448.5,0
2026-02-26 07:17:00+00:00,25449.25,25454.6,25447.45,25454.6,0
2026-02-26 07:18:00+00:00,25454.05,25454.35,25448.55,25451.4,0
2026-02-26 07:19:00+00:00,25450.25,25452.6,25444.5,25452.6,0
2026-02-26 07:20:00+00:00,25451.55,25452.75,25439.95,25443.6,0
2026-02-26 07:21:00+00:00,25443.05,25448.75,25442.35,25446.9,0
2026-02-26 07:22:00+00:00,25444.7,25447.55,25439.9,25440.85,0
2026-02-26 07:23:00+00:00,25441.25,25442.35,25434.75,25437.4,0
2026-02-26 07:24:00+00:00,25434.6,25436.8,25426.65,25430.75,0
2026-02-26 07:25:00+00:00,25432.25,25432.35,25420.9,25423.5,0
2026-02-26 07:26:00+00:00,25424.85,25425.15,25414.7,25416.45,0
2026-02-26 07:27:00+00:00,25416.65,25423.65,25415.45,25422.15,0
2026-02-26 07:28:00+00:00,25421.15,25423.6,25414.8,25420.0,0
2026-02-26 07:29:00+00:00,25420.0,25420.8,25412.05,25414.8,0
2026-02-26 07:30:00+00:00,25415.4,25429.05,25413.75,25428.15,0
2026-02-26 07:31:00+00:00,25427.1,25438.55,25427.1,25438.3,0
2026-02-26 07:32:00+00:00,25437.55,25439.5,25435.15,25437.0,0
2026-02-26 07:33:00+00:00,25436.05,25438.05,25431.3,25438.0,0
2026-02-26 07:34:00+00:00,25437.6,25452.25,25437.5,25451.75,0
2026-02-26 07:35:00+00:00,25451.35,25453.3,25449.8,25451.8,0
2026-02-26 07:36:00+00:00,25451.8,25451.8,25438.25,25446.95,0
2026-02-26 07:37:00+00:00,25446.55,25447.8,25431.3,25432.85,0
2026-02-26 07:38:00+00:00,25432.45,25438.2,25432.45,25436.75,0
2026-02-26 07:39:00+00:00,25435.0,25437.7,25430.5,25436.6,0
2026-02-26 07:40:00+00:00,25436.7,25437.4,25430.05,25435.35,0
2026-02-26 07:41:00+00:00,25435.65,25435.65,25427.3,25428.6,0
2026-02-26 07:42:00+00:00,25429.3,25435.9,25429.3,25435.05,0
2026-02-26 07:43:00+00:00,25434.7,25436.35,25430.75,25432.65,0
2026-02-26 07:44:00+00:00,25432.85,25433.95,25427.05,25428.55,0
2026-02-26 07:45:00+00:00,25428.2,25430.15,25424.95,25429.9,0
2026-02-26 07:46:00+00:00,25427.9,25430.8,25420.2,25420.2,0
2026-02-26 07:47:00+00:00,25420.65,25422.3,25403.4,25409.4,0
2026-02-26 07:48:00+00:00,25408.7,25419.8,25405.4,25419.2,0
2026-02-26 07:49:00+00:00,25417.0,25420.9,25414.9,25420.65,0
2026-02-26 07:50:00+00:00,25420.35,25422.5,25417.6,25420.0,0
2026-02-26 07:51:00+00:00,25419.7,25420.5,25414.1,25417.0,0
2026-02-26 07:52:00+00:00,25415.0,25427.85,25414.5,25427.85,0
2026-02-26 07:53:00+00:00,25427.65,25434.15,25427.65,25433.3,0
2026-02-26 07:54:00+00:00,25433.55,25438.3,25433.15,25438.05,0
2026-02-26 07:55:00+00:00,25437.5,25441.65,25436.45,25441.65,0
2026-02-26 07:56:00+00:00,25441.0,25448.0,25439.7,25448.0,0
2026-02-26 07:57:00+00:00,25447.9,25454.75,25446.55,25450.25,0
2026-02-26 07:58:00+00:00,25449.8,25453.6,25434.6,25437.6,0
2026-02-26 07:59:00+00:00,25438.05,25439.25,25432.0,25438.0,0
2026-02-26 08:00:00+00:00,25437.3,25440.05,25430.65,25440.05,0
2026-02-26 08:01:00+00:00,25439.95,25446.0,25438.45,25445.45,0
2026-02-26 08:02:00+00:00,25445.4,25449.3,25441.95,25443.1,0
2026-02-26 08:03:00+00:00,25443.0,25444.05,25432.35,25435.8,0
2026-02-26 08:04:00+00:00,25435.2,25437.1,25431.35,25432.85,0
2026-02-26 08:05:00+00:00,25434.45,25438.1,25432.8,25436.25,0
2026-02-26 08:06:00+00:00,25437.5,25443.15,25435.85,25442.7,0
2026-02-26 08:07:00+00:00,25442.55,25447.15,25440.15,25440.85,0
2026-02-26 08:08:00+00:00,25440.45,25441.3,25433.0,25435.25,0
2026-02-26 08:09:00+00:00,25435.1,25442.0,25435.1,25439.35,0
2026-02-26 08:10:00+00:00,25439.35,25448.15,25439.35,25440.45,0
2026-02-26 08:11:00+00:00,25440.15,25443.05,25435.55,25442.95,0
2026-02-26 08:12:00+00:00,25442.2,25445.2,25438.65,25441.7,0
2026-02-26 08:13:00+00:00,25439.15,25443.7,25435.1,25437.0,0
2026-02-26 08:14:00+00:00,25437.85,25442.0,25435.2,25438.2,0
2026-02-26 08:15:00+00:00,25438.05,25445.2,25437.75,25443.55,0
2026-02-26 08:16:00+00:00,25443.1,25443.3,25425.95,25427.1,0
2026-02-26 08:17:00+00:00,25426.95,25428.8,25418.0,25419.5,0
2026-02-26 08:18:00+00:00,25421.6,25425.6,25417.4,25425.6,0
2026-02-26 08:19:00+00:00,25425.5,25426.1,25418.3,25418.8,0
2026-02-26 08:20:00+00:00,25418.65,25420.95,25415.8,25418.65,0
2026-02-26 08:21:00+00:00,25417.4,25433.8,25415.1,25416.9,0
2026-02-26 08:22:00+00:00,25415.9,25438.5,25415.7,25437.7,0
2026-02-26 08:23:00+00:00,25437.7,25444.15,25436.15,25440.7,0
2026-02-26 08:24:00+00:00,25439.8,25447.75,25439.8,25441.95,0
2026-02-26 08:25:00+00:00,25443.2,25448.8,25442.75,25448.35,0
2026-02-26 08:26:00+00:00,25448.85,25450.9,25442.05,25447.7,0
2026-02-26 08:27:00+00:00,25447.85,25449.8,25437.85,25442.05,0
2026-02-26 08:28:00+00:00,25441.6,25446.95,25435.35,25437.4,0
2026-02-26 08:29:00+00:00,25437.45,25442.35,25431.65,25440.8,0
2026-02-26 08:30:00+00:00,25440.8,25443.45,25435.5,25442.95,0
2026-02-26 08:31:00+00:00,25442.7,25447.25,25439.1,25442.85,0
2026-02-26 08:32:00+00:00,25443.7,25443.7,25435.9,25439.5,0
2026-02-26 08:33:00+00:00,25438.25,25440.75,25422.1,25425.95,0
2026-02-26 08:34:00+00:00,25425.75,25429.95,25419.35,25427.45,0
2026-02-26 08:35:00+00:00,25425.3,25429.7,25417.05,25419.35,0
2026-02-26 08:36:00+00:00,25418.85,25418.85,25413.2,25414.1,0
2026-02-26 08:37:00+00:00,25413.9,25416.3,25408.3,25410.85,0
2026-02-26 08:38:00+00:00,25408.95,25431.3,25406.15,25431.3,0
2026-02-26 08:39:00+00:00,25431.0,25440.35,25427.3,25439.95,0
2026-02-26 08:40:00+00:00,25440.1,25449.45,25438.95,25449.1,0
2026-02-26 08:41:00+00:00,25448.75,25449.2,25442.75,25447.0,0
2026-02-26 08:42:00+00:00,25446.85,25455.45,25446.85,25455.45,0
2026-02-26 08:43:00+00:00,25455.25,25460.55,25446.2,25449.35,0
2026-02-26 08:44:00+00:00,25448.9,25455.3,25447.1,25453.45,0
2026-02-26 08:45:00+00:00,25456.65,25463.05,25452.9,25461.55,0
2026-02-26 08:46:00+00:00,25461.5,25463.15,25450.8,25452.45,0
2026-02-26 08:47:00+00:00,25452.0,25455.05,25444.6,25454.55,0
2026-02-26 08:48:00+00:00,25453.55,25456.5,25442.2,25445.25,0
2026-02-26 08:49:00+00:00,25445.7,25445.8,25442.4,25445.1,0
2026-02-26 08:50:00+00:00,25446.7,25452.4,25445.05,25446.95,0
2026-02-26 08:51:00+00:00,25446.3,25450.85,25432.95,25434.8,0
2026-02-26 08:52:00+00:00,25435.55,25441.35,25433.8,25433.95,0
2026-02-26 08:53:00+00:00,25434.2,25435.7,25431.75,25434.3,0
2026-02-26 08:54:00+00:00,25434.15,25435.75,25428.15,25430.15,0
2026-02-26 08:55:00+00:00,25429.55,25436.5,25427.85,25434.25,0
2026-02-26 08:56:00+00:00,25434.6,25434.7,25427.4,25433.15,0
2026-02-26 08:57:00+00:00,25433.2,25437.55,25427.0,25428.45,0
2026-02-26 08:58:00+00:00,25428.25,25449.4,25428.25,25446.0,0
2026-02-26 08:59:00+00:00,25446.3,25449.3,25437.9,25442.15,0
2026-02-26 09:00:00+00:00,25441.65,25444.2,25437.45,25441.7,0
2026-02-26 09:01:00+00:00,25441.2,25442.5,25432.35,25436.15,0
2026-02-26 09:02:00+00:00,25435.25,25449.35,25431.85,25443.75,0
2026-02-26 09:03:00+00:00,25444.05,25454.0,25443.65,25448.55,0
2026-02-26 09:04:00+00:00,25450.95,25462.5,25449.5,25462.45,0
2026-02-26 09:05:00+00:00,25462.45,25471.95,25459.0,25462.75,0
2026-02-26 09:06:00+00:00,25465.3,25471.7,25461.75,25466.85,0
2026-02-26 09:07:00+00:00,25467.55,25476.2,25467.15,25474.25,0
2026-02-26 09:08:00+00:00,25472.8,25477.8,25467.3,25472.45,0
2026-02-26 09:09:00+00:00,25473.2,25478.0,25469.6,25471.25,0
2026-02-26 09:10:00+00:00,25473.8,25485.55,25472.1,25484.15,0
2026-02-26 09:11:00+00:00,25485.25,25493.75,25483.45,25492.6,0
2026-02-26 09:12:00+00:00,25493.3,25497.95,25489.6,25494.55,0
2026-02-26 09:13:00+00:00,25494.6,25500.45,25492.95,25500.45,0
2026-02-26 09:14:00+00:00,25501.6,25513.0,25498.35,25513.0,0
2026-02-26 09:15:00+00:00,25514.8,25527.15,25505.6,25505.6,0
2026-02-26 09:16:00+00:00,25505.8,25516.9,25503.7,25516.05,0
2026-02-26 09:17:00+00:00,25516.05,25523.75,25511.9,25512.85,0
2026-02-26 09:18:00+00:00,25513.4,25515.3,25509.35,25510.85,0
2026-02-26 09:19:00+00:00,25511.3,25512.85,25507.95,25510.65,0
2026-02-26 09:20:00+00:00,25510.0,25522.15,25508.8,25508.8,0
2026-02-26 09:21:00+00:00,25507.85,25509.05,25495.9,25497.95,0
2026-02-26 09:22:00+00:00,25498.0,25499.15,25486.45,25492.65,0
2026-02-26 09:23:00+00:00,25491.35,25513.9,25490.15,25511.95,0
2026-02-26 09:24:00+00:00,25511.5,25512.7,25503.75,25504.55,0
2026-02-26 09:25:00+00:00,25504.7,25511.6,25498.3,25508.35,0
2026-02-26 09:26:00+00:00,25507.85,25509.75,25492.3,25494.85,0
2026-02-26 09:27:00+00:00,25492.75,25506.95,25492.45,25503.05,0
2026-02-26 09:28:00+00:00,25500.35,25502.2,25492.05,25494.15,0
2026-02-26 09:29:00+00:00,25493.7,25501.85,25492.85,25501.85,0
2026-02-26 09:30:00+00:00,25503.65,25522.15,25499.95,25522.15,0
2026-02-26 09:31:00+00:00,25518.95,25524.85,25512.15,25513.35,0
2026-02-26 09:32:00+00:00,25512.4,25512.7,25479.85,25481.8,0
2026-02-26 09:33:00+00:00,25480.5,25496.6,25477.55,25495.65,0
2026-02-26 09:34:00+00:00,25495.25,25505.3,25484.55,25486.0,0
2026-02-26 09:35:00+00:00,25485.25,25499.75,25485.25,25499.4,0
2026-02-26 09:36:00+00:00,25498.3,25506.3,25498.0,25503.75,0
2026-02-26 09:37:00+00:00,25500.45,25501.7,25488.85,25489.7,0
2026-02-26 09:38:00+00:00,25491.6,25505.65,25486.25,25505.15,0
2026-02-26 09:39:00+00:00,25503.4,25507.25,25500.4,25503.3,0
2026-02-26 09:40:00+00:00,25500.95,25504.0,25497.85,25499.35,0
2026-02-26 09:41:00+00:00,25498.15,25499.35,25492.2,25493.7,0
2026-02-26 09:42:00+00:00,25493.45,25503.0,25492.65,25500.5,0
2026-02-26 09:43:00+00:00,25499.75,25502.45,25485.0,25487.6,0
2026-02-26 09:44:00+00:00,25484.75,25487.55,25475.5,25486.15,0
2026-02-26 09:45:00+00:00,25486.95,25500.45,25483.8,25500.45,0
2026-02-26 09:46:00+00:00,25499.9,25500.65,25493.8,25499.15,0
2026-02-26 09:47:00+00:00,25499.8,25502.3,25496.0,25496.0,0
2026-02-26 09:48:00+00:00,25497.25,25497.25,25491.15,25491.15,0
2026-02-26 09:49:00+00:00,25491.75,25498.0,25491.75,25496.1,0
2026-02-26 09:50:00+00:00,25496.85,25503.25,25495.95,25500.65,0
2026-02-26 09:51:00+00:00,25502.85,25502.85,25495.55,25496.9,0
2026-02-26 09:52:00+00:00,25497.35,25497.35,25492.7,25494.25,0
2026-02-26 09:53:00+00:00,25495.15,25501.15,25492.8,25498.25,0
2026-02-26 09:54:00+00:00,25498.55,25499.6,25495.0,25498.6,0
2026-02-26 09:55:00+00:00,25499.0,25499.8,25493.6,25494.25,0
2026-02-26 09:56:00+00:00,25495.65,25495.65,25488.6,25488.7,0
2026-02-26 09:57:00+00:00,25489.55,25494.5,25487.75,25492.9,0
2026-02-26 09:58:00+00:00,25494.5,25495.9,25484.35,25495.9,0
2026-02-26 09:59:00+00:00,25493.8,25501.85,25482.95,25493.3,0
