datetime,open,high,low,close,volume
2026-02-13 03:45:00+00:00,25571.15,25630.35,25558.3,25589.4,0
2026-02-13 03:46:00+00:00,25588.65,25592.75,25575.85,25590.65,0
2026-02-13 03:47:00+00:00,25590.5,25605.3,25585.75,25598.55,0
2026-02-13 03:48:00+00:00,25597.55,25617.25,25597.55,25606.5,0
2026-02-13 03:49:00+00:00,25606.65,25610.55,25588.6,25596.4,0
2026-02-13 03:50:00+00:00,25597.1,25597.4,25581.35,25597.4,0
2026-02-13 03:51:00+00:00,25600.05,25601.9,25585.8,25587.9,0
2026-02-13 03:52:00+00:00,25588.55,25593.65,25580.1,25582.5,0
2026-02-13 03:53:00+00:00,25582.85,25597.7,25581.6,25596.65,0
2026-02-13 03:54:00+00:00,25595.5,25605.65,25594.35,25602.65,0
2026-02-13 03:55:00+00:00,25605.0,25605.0,25591.55,25591.55,0
2026-02-13 03:56:00+00:00,25594.5,25604.35,25585.25,25587.5,0
2026-02-13 03:57:00+00:00,25588.5,25599.4,25585.65,25592.85,0
2026-02-13 03:58:00+00:00,25594.4,25594.4,25587.0,25591.25,0
2026-02-13 03:59:00+00:00,25590.5,25590.95,25583.95,25585.7,0
2026-02-13 04:00:00+00:00,25586.1,25586.1,25564.5,25566.1,0
2026-02-13 04:01:00+00:00,25566.2,25576.75,25565.9,25565.9,0
2026-02-13 04:02:00+00:00,25566.6,25566.6,25554.8,25559.9,0
2026-02-13 04:03:00+00:00,25560.0,25567.75,25559.35,25561.2,0
2026-02-13 04:04:00+00:00,25562.0,25562.0,25544.85,25547.7,0
2026-02-13 04:05:00+00:00,25549.0,25550.9,25544.0,25549.2,0
2026-02-13 04:06:00+00:00,25549.4,25550.55,25540.95,25543.15,0
2026-02-13 04:07:00+00:00,25542.05,25545.8,25538.2,25542.65,0
2026-02-13 04:08:00+00:00,25543.05,25548.35,25541.95,25542.55,0
2026-02-13 04:09:00+00:00,25543.35,25543.35,25533.9,25538.3,0
2026-02-13 04:10:00+00:00,25537.4,25538.85,25525.45,25533.9,0
2026-02-13 04:11:00+00:00,25534.95,25550.55,25533.7,25549.15,0
2026-02-13 04:12:00+00:00,25551.35,25558.0,25549.65,25554.7,0
2026-02-13 04:13:00+00:00,25554.7,25564.85,25554.7,25564.25,0
2026-02-13 04:14:00+00:00,25563.75,25566.25,25552.75,25560.85,0
2026-02-13 04:15:00+00:00,25560.75,25564.45,25555.55,25561.95,0
2026-02-13 04:16:00+00:00,25561.6,25563.95,25549.9,25557.8,0
2026-02-13 04:17:00+00:00,25557.45,25559.5,25546.95,25548.05,0
2026-02-13 04:18:00+00:00,25549.85,25557.45,25548.05,25550.25,0
2026-02-13 04:19:00+00:00,25551.05,25551.35,25541.05,25544.25,0
2026-02-13 04:20:00+00:00,25543.2,25547.2,25537.25,25540.35,0
2026-02-13 04:21:00+00:00,25540.95,25548.95,25537.05,25548.05,0
2026-02-13 04:22:00+00:00,25548.95,25558.3,25548.6,25555.6,0
2026-02-13 04:23:00+00:00,25557.2,25565.05,25555.95,25561.1,0
2026-02-13 04:24:00+00:00,25561.3,25565.3,25553.1,25553.65,0
2026-02-13 04:25:00+00:00,25553.15,25555.05,25544.7,25544.7,0
2026-02-13 04:26:00+00:00,25545.45,25546.3,25532.35,25536.6,0
2026-02-13 04:27:00+00:00,25536.8,25538.05,25531.5,25536.0,0
2026-02-13 04:28:00+00:00,25536.4,25539.95,25532.05,25535.1,0
2026-02-13 04:29:00+00:00,25536.85,25541.0,25533.7,25534.45,0
2026-02-13 04:30:00+00:00,25534.65,25542.2,25532.5,25536.6,0
2026-02-13 04:31:00+00:00,25538.05,25548.5,25537.55,25547.2,0
2026-02-13 04:32:00+00:00,25547.65,25548.7,25537.25,25539.95,0
2026-02-13 04:33:00+00:00,25540.2,25546.2,25537.35,25543.6,0
2026-02-13 04:34:00+00:00,25543.8,25550.7,25538.65,25549.0,0
2026-02-13 04:35:00+00:00,25549.85,25550.5,25540.85,25542.35,0
2026-02-13 04:36:00+00:00,25542.5,25544.05,25537.4,25537.9,0
2026-02-13 04:37:00+00:00,25538.0,25544.25,25535.65,25540.6,0
2026-02-13 04:38:00+00:00,25539.85,25541.55,25535.35,25538.4,0
2026-02-13 04:39:00+00:00,25538.15,25539.05,25531.7,25534.95,0
2026-02-13 04:40:00+00:00,25535.8,25536.45,25529.85,25531.2,0
2026-02-13 04:41:00+00:00,25530.7,25537.25,25529.35,25535.35,0
2026-02-13 04:42:00+00:00,25535.4,25544.75,25532.9,25543.8,0
2026-02-13 04:43:00+00:00,25543.95,25546.95,25537.4,25537.65,0
2026-02-13 04:44:00+00:00,25537.25,25539.45,25529.7,25531.75,0
2026-02-13 04:45:00+00:00,25531.5,25533.05,25522.15,25527.75,0
2026-02-13 04:46:00+00:00,25528.05,25528.65,25522.5,25524.75,0
2026-02-13 04:47:00+00:00,25525.0,25525.1,25513.3,25516.45,0
2026-02-13 04:48:00+00:00,25517.3,25528.05,25516.35,25526.75,0
2026-02-13 04:49:00+00:00,25527.0,25530.4,25521.9,25526.25,0
2026-02-13 04:50:00+00:00,25527.0,25534.95,25524.15,25532.75,0
2026-02-13 04:51:00+00:00,25532.3,25532.3,25525.5,25529.8,0
2026-02-13 04:52:00+00:00,25530.75,25531.65,25524.0,25526.7,0
2026-02-13 04:53:00+00:00,25527.6,25539.9,25526.4,25536.95,0
2026-02-13 04:54:00+00:00,25537.85,25540.7,25535.1,25538.9,0
2026-02-13 04:55:00+00:00,25539.75,25544.4,25538.55,25541.8,0
2026-02-13 04:56:00+00:00,25542.0,25549.2,25539.55,25548.85,0
2026-02-13 04:57:00+00:00,25549.6,25551.75,25543.55,25551.75,0
2026-02-13 04:58:00+00:00,25551.8,25553.25,25544.9,25546.25,0
2026-02-13 04:59:00+00:00,25545.75,25550.4,25543.5,25548.95,0
2026-02-13 05:00:00+00:00,25548.55,25562.7,25548.25,25556.35,0
2026-02-13 05:01:00+00:00,25557.25,25560.85,25550.0,25560.05,0
2026-02-13 05:02:00+00:00,25560.0,25564.4,25558.6,25560.35,0
2026-02-13 05:03:00+00:00,25560.95,25567.8,25556.55,25566.0,0
2026-02-13 05:04:00+00:00,25566.05,25572.15,25565.5,25567.3,0
2026-02-13 05:05:00+00:00,25567.25,25574.7,25564.3,25569.95,0
2026-02-13 05:06:00+00:00,25569.9,25571.7,25562.7,25564.9,0
2026-02-13 05:07:00+00:00,25565.95,25572.95,25563.7,25571.25,0
2026-02-13 05:08:00+00:00,25571.55,25574.05,25568.4,25572.65,0
2026-02-13 05:09:00+00:00,25573.4,25581.65,25572.1,25579.4,0
2026-02-13 05:10:00+00:00,25578.95,25580.2,25573.55,25579.2,0
2026-02-13 05:11:00+00:00,25579.8,25581.0,25571.4,25571.4,0
2026-02-13 05:12:00+00:00,25572.9,25583.75,25570.25,25583.4,0
2026-02-13 05:13:00+00:00,25583.2,25584.3,25579.55,25580.7,0
2026-02-13 05:14:00+00:00,25581.15,25581.6,25572.15,25574.1,0
2026-02-13 05:15:00+00:00,25573.3,25573.75,25568.95,25568.95,0
2026-02-13 05:16:00+00:00,25569.3,25571.85,25564.35,25570.5,0
2026-02-13 05:17:00+00:00,25570.5,25570.75,25561.05,25563.45,0
2026-02-13 05:18:00+00:00,25564.2,25568.8,25562.5,25567.85,0
2026-02-13 05:19:00+00:00,25567.95,25568.05,25557.85,25558.1,0
2026-02-13 05:20:00+00:00,25558.15,25558.15,25543.95,25547.55,0
2026-02-13 05:21:00+00:00,25548.1,25554.6,25548.1,25553.4,0
2026-02-13 05:22:00+00:00,25553.6,25563.7,25553.25,25563.1,0
2026-02-13 05:23:00+00:00,25564.3,25566.3,25558.55,25558.55,0
2026-02-13 05:24:00+00:00,25558.35,25561.2,25556.55,25559.85,0
2026-02-13 05:25:00+00:00,25560.0,25569.7,25557.85,25569.4,0
2026-02-13 05:26:00+00:00,25569.8,25574.6,25567.65,25573.35,0
2026-02-13 05:27:00+00:00,25572.35,25573.95,25564.7,25565.55,0
2026-02-13 05:28:00+00:00,25565.65,25570.0,25562.75,25563.55,0
2026-02-13 05:29:00+00:00,25565.4,25565.4,25559.75,25560.5,0
2026-02-13 05:30:00+00:00,25561.9,25562.05,25555.35,25562.05,0
2026-02-13 05:31:00+00:00,25562.6,25563.75,25555.7,25557.7,0
2026-02-13 05:32:00+00:00,25557.85,25557.85,25544.1,25546.4,0
2026-02-13 05:33:00+00:00,25546.35,25555.6,25545.25,25555.6,0
2026-02-13 05:34:00+00:00,25554.7,25555.1,25544.4,25545.35,0
2026-02-13 05:35:00+00:00,25545.4,25547.35,25541.8,25541.85,0
2026-02-13 05:36:00+00:00,25542.05,25545.8,25540.75,25544.35,0
2026-02-13 05:37:00+00:00,25544.45,25544.6,25538.75,25539.9,0
2026-02-13 05:38:00+00:00,25540.05,25543.05,25536.45,25539.9,0
2026-02-13 05:39:00+00:00,25539.3,25540.25,25533.05,25536.4,0
2026-02-13 05:40:00+00:00,25537.15,25544.25,25536.7,25541.7,0
2026-02-13 05:41:00+00:00,25542.05,25548.15,25541.45,25544.35,0
2026-02-13 05:42:00+00:00,25544.05,25546.4,25542.1,25544.3,0
2026-02-13 05:43:00+00:00,25545.35,25547.65,25542.55,25546.5,0
2026-02-13 05:44:00+00:00,25546.55,25554.2,25545.05,25554.2,0
2026-02-13 05:45:00+00:00,25553.7,25555.95,25548.05,25549.5,0
2026-02-13 05:46:00+00:00,25550.25,25550.9,25543.2,25543.55,0
2026-02-13 05:47:00+00:00,25543.5,25544.4,25534.3,25534.8,0
2026-02-13 05:48:00+00:00,25535.05,25536.35,25529.15,25530.3,0
2026-02-13 05:49:00+00:00,25530.3,25532.2,25526.1,25532.2,0
2026-02-13 05:50:00+00:00,25531.9,25534.95,25529.3,25532.25,0
2026-02-13 05:51:00+00:00,25532.85,25536.4,25530.1,25534.7,0
2026-02-13 05:52:00+00:00,25534.45,25535.15,25527.35,25529.4,0
2026-02-13 05:53:00+00:00,25529.85,25533.6,25527.1,25531.4,0
2026-02-13 05:54:00+00:00,25531.35,25533.4,25522.8,25533.1,0
2026-02-13 05:55:00+00:00,25533.25,25536.55,25531.1,25536.55,0
2026-02-13 05:56:00+00:00,25536.2,25545.35,25532.05,25545.35,0
2026-02-13 05:57:00+00:00,25545.1,25548.15,25542.85,25544.2,0
2026-02-13 05:58:00+00:00,25544.5,25546.7,25540.1,25543.7,0
2026-02-13 05:59:00+00:00,25543.4,25550.9,25541.05,25548.8,0
2026-02-13 06:00:00+00:00,25548.85,25549.7,25531.45,25531.85,0
2026-02-13 06:01:00+00:00,25533.45,25540.55,25529.75,25538.7,0
2026-02-13 06:02:00+00:00,25539.45,25539.5,25532.65,25534.8,0
2026-02-13 06:03:00+00:00,25534.3,25542.5,25532.65,25534.45,0
2026-02-13 06:04:00+00:00,25535.25,25536.65,25529.25,25530.05,0
2026-02-13 06:05:00+00:00,25531.35,25533.7,25526.5,25532.0,0
2026-02-13 06:06:00+00:00,25532.3,25533.45,25527.45,25527.8,0
2026-02-13 06:07:00+00:00,25528.2,25534.75,25528.2,25534.3,0
2026-02-13 06:08:00+00:00,25535.25,25537.45,25529.3,25530.15,0
2026-02-13 06:09:00+00:00,25529.2,25535.3,25528.35,25531.25,0
2026-02-13 06:10:00+00:00,25530.9,25533.25,25529.85,25530.7,0
2026-02-13 06:11:00+00:00,25530.95,25531.15,25525.05,25530.4,0
2026-02-13 06:12:00+00:00,25531.3,25537.5,25527.95,25531.4,0
2026-02-13 06:13:00+00:00,25532.75,25541.7,25532.0,25538.5,0
2026-02-13 06:14:00+00:00,25538.45,25551.05,25538.2,25549.6,0
2026-02-13 06:15:00+00:00,25550.8,25554.85,25546.75,25552.4,0
2026-02-13 06:16:00+00:00,25552.9,25554.5,25546.85,25548.45,0
2026-02-13 06:17:00+00:00,25548.0,25552.95,25546.8,25551.85,0
2026-02-13 06:18:00+00:00,25551.65,25554.15,25548.55,25548.55,0
2026-02-13 06:19:00+00:00,25549.3,25549.6,25543.4,25548.45,0
2026-02-13 06:20:00+00:00,25548.85,25551.45,25544.55,25550.6,0
2026-02-13 06:21:00+00:00,25550.65,25556.05,25549.05,25553.9,0
2026-02-13 06:22:00+00:00,25553.75,25553.75,25547.65,25552.0,0
2026-02-13 06:23:00+00:00,25552.35,25555.5,25551.5,25554.05,0
2026-02-13 06:24:00+00:00,25555.35,25557.0,25550.95,25551.8,0
2026-02-13 06:25:00+00:00,25552.4,25556.35,25548.2,25555.7,0
2026-02-13 06:26:00+00:00,25555.95,25557.45,25551.2,25555.6,0
2026-02-13 06:27:00+00:00,25555.2,25559.8,25553.3,25557.8,0
2026-02-13 06:28:00+00:00,25558.25,25561.25,25554.05,25554.45,0
2026-02-13 06:29:00+00:00,25554.95,25559.55,25551.35,25558.85,0
2026-02-13 06:30:00+00:00,25559.0,25564.85,25558.05,25558.35,0
2026-02-13 06:31:00+00:00,25559.05,25561.7,25557.4,25559.2,0
2026-02-13 06:32:00+00:00,25560.0,25568.4,25558.9,25567.4,0
2026-02-13 06:33:00+00:00,25567.85,25568.5,25563.55,25565.25,0
2026-02-13 06:34:00+00:00,25566.1,25566.1,25554.95,25562.65,0
2026-02-13 06:35:00+00:00,25562.15,25564.0,25560.4,25563.2,0
2026-02-13 06:36:00+00:00,25563.95,25572.55,25562.05,25572.55,0
2026-02-13 06:37:00+00:00,25572.7,25573.9,25567.05,25568.15,0
2026-02-13 06:38:00+00:00,25569.85,25571.25,25566.85,25568.6,0
2026-02-13 06:39:00+00:00,25569.25,25575.55,25568.05,25568.8,0
2026-02-13 06:40:00+00:00,25568.55,25569.45,25562.15,25566.25,0
2026-02-13 06:41:00+00:00,25566.95,25575.65,25564.85,25569.4,0
2026-02-13 06:42:00+00:00,25569.6,25576.7,25564.05,25566.95,0
2026-02-13 06:43:00+00:00,25567.7,25571.8,25564.4,25569.2,0
2026-02-13 06:44:00+00:00,25570.5,25574.85,25566.05,25573.4,0
2026-02-13 06:45:00+00:00,25573.5,25576.15,25568.75,25568.75,0
2026-02-13 06:46:00+00:00,25569.25,25569.25,25562.05,25562.3,0
2026-02-13 06:47:00+00:00,25562.5,25565.8,25557.7,25560.2,0
2026-02-13 06:48:00+00:00,25561.65,25570.65,25560.45,25567.7,0
2026-02-13 06:49:00+00:00,25567.25,25572.3,25565.55,25572.3,0
2026-02-13 06:50:00+00:00,25572.6,25578.2,25569.15,25576.0,0
2026-02-13 06:51:00+00:00,25578.2,25578.2,25572.35,25572.75,0
2026-02-13 06:52:00+00:00,25573.05,25577.75,25572.85,25576.25,0
2026-02-13 06:53:00+00:00,25576.9,25579.4,25572.7,25574.45,0
2026-02-13 06:54:00+00:00,25574.6,25582.45,25574.6,25580.3,0
2026-02-13 06:55:00+00:00,25580.45,25584.35,25578.2,25583.3,0
2026-02-13 06:56:00+00:00,25584.4,25589.7,25581.6,25589.1,0
2026-02-13 06:57:00+00:00,25590.05,25604.25,25587.7,25603.9,0
2026-02-13 06:58:00+00:00,25603.95,25603.95,25591.1,25591.35,0
2026-02-13 06:59:00+00:00,25591.8,25593.05,25583.6,25585.3,0
2026-02-13 07:00:00+00:00,25585.8,25588.55,25578.75,25580.95,0
2026-02-13 07:01:00+00:00,25581.75,25586.75,25579.35,25581.0,0
2026-02-13 07:02:00+00:00,25581.45,25585.65,25576.5,25584.4,0
2026-02-13 07:03:00+00:00,25584.75,25589.7,25581.2,25588.65,0
2026-02-13 07:04:00+00:00,25588.65,25606.05,25588.65,25602.45,0
2026-02-13 07:05:00+00:00,25602.5,25602.75,25594.65,25594.9,0
2026-02-13 07:06:00+00:00,25596.15,25596.8,25588.25,25590.2,0
2026-02-13 07:07:00+00:00,25590.85,25590.85,25581.9,25589.1,0
2026-02-13 07:08:00+00:00,25588.45,25589.45,25585.05,25586.5,0
2026-02-13 07:09:00+00:00,25588.05,25594.8,25586.7,25593.25,0
2026-02-13 07:10:00+00:00,25593.5,25594.6,25586.7,25589.2,0
2026-02-13 07:11:00+00:00,25589.5,25589.85,25580.25,25580.75,0
2026-02-13 07:12:00+00:00,25580.75,25586.85,25579.35,25584.35,0
2026-02-13 07:13:00+00:00,25585.5,25586.3,25580.45,25582.8,0
2026-02-13 07:14:00+00:00,25583.7,25586.55,25583.05,25584.0,0
2026-02-13 07:15:00+00:00,25585.15,25589.7,25582.15,25588.35,0
2026-02-13 07:16:00+00:00,25588.9,25596.85,25588.75,25591.4,0
2026-02-13 07:17:00+00:00,25591.3,25591.75,25583.3,25585.1,0
2026-02-13 07:18:00+00:00,25585.35,25585.9,25577.2,25578.95,0
2026-02-13 07:19:00+00:00,25579.0,25582.0,25570.0,25571.6,0
2026-02-13 07:20:00+00:00,25571.55,25571.55,25559.3,25561.1,0
2026-02-13 07:21:00+00:00,25561.5,25568.9,25561.5,25567.7,0
2026-02-13 07:22:00+00:00,25568.35,25569.0,25560.45,25562.4,0
2026-02-13 07:23:00+00:00,25562.25,25563.9,25555.55,25555.55,0
2026-02-13 07:24:00+00:00,25556.55,25558.2,25553.7,25556.95,0
2026-02-13 07:25:00+00:00,25557.1,25557.85,25550.35,25550.7,0
2026-02-13 07:26:00+00:00,25550.45,25550.55,25546.3,25547.65,0
2026-02-13 07:27:00+00:00,25548.0,25555.75,25546.0,25555.4,0
2026-02-13 07:28:00+00:00,25556.5,25560.05,25544.65,25546.0,0
2026-02-13 07:29:00+00:00,25546.9,25549.9,25537.6,25542.05,0
2026-02-13 07:30:00+00:00,25542.95,25553.05,25541.7,25550.2,0
2026-02-13 07:31:00+00:00,25550.65,25552.45,25544.45,25544.95,0
2026-02-13 07:32:00+00:00,25544.8,25546.75,25538.1,25538.1,0
2026-02-13 07:33:00+00:00,25538.95,25541.6,25534.1,25540.25,0
2026-02-13 07:34:00+00:00,25541.25,25542.5,25537.7,25542.5,0
2026-02-13 07:35:00+00:00,25542.8,25543.1,25536.65,25540.65,0
2026-02-13 07:36:00+00:00,25541.25,25541.55,25532.85,25534.8,0
2026-02-13 07:37:00+00:00,25534.25,25536.1,25531.65,25536.1,0
2026-02-13 07:38:00+00:00,25536.4,25541.05,25536.4,25538.35,0
2026-02-13 07:39:00+00:00,25539.45,25549.3,25539.45,25549.1,0
2026-02-13 07:40:00+00:00,25549.9,25553.4,25548.2,25549.8,0
2026-02-13 07:41:00+00:00,25550.7,25567.6,25548.6,25567.3,0
2026-02-13 07:42:00+00:00,25568.45,25578.0,25566.75,25572.05,0
2026-02-13 07:43:00+00:00,25571.7,25576.1,25569.65,25571.0,0
2026-02-13 07:44:00+00:00,25571.35,25576.05,25566.95,25574.7,0
2026-02-13 07:45:00+00:00,25575.65,25582.55,25574.6,25580.55,0
2026-02-13 07:46:00+00:00,25579.0,25580.95,25570.4,25571.5,0
2026-02-13 07:47:00+00:00,25572.0,25573.65,25570.2,25572.85,0
2026-02-13 07:48:00+00:00,25572.5,25581.05,25571.9,25580.95,0
2026-02-13 07:49:00+00:00,25581.35,25586.85,25581.35,25585.15,0
2026-02-13 07:50:00+00:00,25584.6,25584.75,25569.55,25569.8,0
2026-02-13 07:51:00+00:00,25569.5,25569.75,25567.1,25568.75,0
2026-02-13 07:52:00+00:00,25568.9,25569.45,25565.1,25567.15,0
2026-02-13 07:53:00+00:00,25567.1,25567.35,25552.0,25555.15,0
2026-02-13 07:54:00+00:00,25555.3,25558.55,25553.2,25553.2,0
2026-02-13 07:55:00+00:00,25554.05,25554.15,25546.35,25547.65,0
2026-02-13 07:56:00+00:00,25548.4,25551.2,25543.35,25543.7,0
2026-02-13 07:57:00+00:00,25543.65,25545.65,25541.65,25543.9,0
2026-02-13 07:58:00+00:00,25544.0,25548.65,25543.15,25548.65,0
2026-02-13 07:59:00+00:00,25548.95,25552.6,25546.65,25546.65,0
2026-02-13 08:00:00+00:00,25546.9,25552.5,25545.05,25549.35,0
2026-02-13 08:01:00+00:00,25551.35,25551.4,25541.75,25542.7,0
2026-02-13 08:02:00+00:00,25542.8,25544.7,25533.2,25535.85,0
2026-02-13 08:03:00+00:00,25537.25,25550.0,25535.1,25550.0,0
2026-02-13 08:04:00+00:00,25549.9,25550.65,25540.95,25542.4,0
2026-02-13 08:05:00+00:00,25542.95,25549.55,25541.45,25544.7,0
2026-02-13 08:06:00+00:00,25545.05,25547.25,25542.05,25546.65,0
2026-02-13 08:07:00+00:00,25546.65,25553.4,25546.5,25552.0,0
2026-02-13 08:08:00+00:00,25552.95,25552.95,25543.25,25545.0,0
2026-02-13 08:09:00+00:00,25544.8,25548.5,25542.9,25546.95,0
2026-02-13 08:10:00+00:00,25548.2,25550.9,25543.0,25545.25,0
2026-02-13 08:11:00+00:00,25548.5,25548.9,25543.25,25547.95,0
2026-02-13 08:12:00+00:00,25549.65,25553.8,25548.65,25550.8,0
2026-02-13 08:13:00+00:00,25550.6,25551.9,25542.65,25543.25,0
2026-02-13 08:14:00+00:00,25543.75,25545.3,25538.65,25539.2,0
2026-02-13 08:15:00+00:00,25538.9,25540.15,25533.1,25533.45,0
2026-02-13 08:16:00+00:00,25533.65,25535.2,25524.8,25525.1,0
2026-02-13 08:17:00+00:00,25526.15,25526.15,25515.6,25516.15,0
2026-02-13 08:18:00+00:00,25515.75,25519.9,25513.85,25516.8,0
2026-02-13 08:19:00+00:00,25517.35,25517.45,25505.05,25510.3,0
2026-02-13 08:20:00+00:00,25510.5,25514.35,25506.65,25506.65,0
2026-02-13 08:21:00+00:00,25506.35,25510.2,25499.9,25503.35,0
2026-02-13 08:22:00+00:00,25502.55,25513.0,25502.0,25510.0,0
2026-02-13 08:23:00+00:00,25510.2,25512.15,25505.75,25511.0,0
2026-02-13 08:24:00+00:00,25510.0,25517.6,25509.25,25517.15,0
2026-02-13 08:25:00+00:00,25517.05,25525.85,25516.7,25521.95,0
2026-02-13 08:26:00+00:00,25522.9,25525.15,25518.65,25519.55,0
2026-02-13 08:27:00+00:00,25520.2,25528.25,25518.8,25526.3,0
2026-02-13 08:28:00+00:00,25526.1,25530.8,25523.55,25529.35,0
2026-02-13 08:29:00+00:00,25529.95,25531.2,25524.1,25524.5,0
2026-02-13 08:30:00+00:00,25525.15,25527.75,25519.65,25520.1,0
2026-02-13 08:31:00+00:00,25519.95,25520.5,25514.6,25515.0,0
2026-02-13 08:32:00+00:00,25515.55,25527.95,25513.7,25527.25,0
2026-02-13 08:33:00+00:00,25527.0,25529.35,25522.35,25528.2,0
2026-02-13 08:34:00+00:00,25528.45,25530.85,25525.65,25526.25,0
2026-02-13 08:35:00+00:00,25526.1,25538.0,25524.45,25534.0,0
2026-02-13 08:36:00+00:00,25532.75,25539.25,25531.5,25532.45,0
2026-02-13 08:37:00+00:00,25532.95,25532.95,25527.75,25530.4,0
2026-02-13 08:38:00+00:00,25529.45,25530.05,25516.85,25518.3,0
2026-02-13 08:39:00+00:00,25517.9,25521.9,25515.55,25518.9,0
2026-02-13 08:40:00+00:00,25518.5,25519.85,25513.6,25518.3,0
2026-02-13 08:41:00+00:00,25518.75,25529.55,25516.55,25526.6,0
2026-02-13 08:42:00+00:00,25527.1,25531.3,25526.45,25529.95,0
2026-02-13 08:43:00+00:00,25530.85,25532.6,25527.05,25529.55,0
2026-02-13 08:44:00+00:00,25530.15,25535.35,25529.35,25534.6,0
2026-02-13 08:45:00+00:00,25535.0,25538.4,25532.55,25533.3,0
2026-02-13 08:46:00+00:00,25533.45,25537.25,25531.95,25535.45,0
2026-02-13 08:47:00+00:00,25536.4,25538.35,25527.85,25530.6,0
2026-02-13 08:48:00+00:00,25531.8,25532.75,25526.85,25528.4,0
2026-02-13 08:49:00+00:00,25527.85,25528.3,25524.8,25527.95,0
2026-02-13 08:50:00+00:00,25528.25,25535.65,25526.3,25532.75,0
2026-02-13 08:51:00+00:00,25533.45,25533.45,25522.25,25522.7,0
2026-02-13 08:52:00+00:00,25522.85,25523.7,25518.35,25519.4,0
2026-02-13 08:53:00+00:00,25519.85,25522.65,25515.3,25520.25,0
2026-02-13 08:54:00+00:00,25520.0,25527.3,25518.8,25527.3,0
2026-02-13 08:55:00+00:00,25527.0,25534.6,25526.7,25532.65,0
2026-02-13 08:56:00+00:00,25533.2,25536.0,25531.2,25531.2,0
2026-02-13 08:57:00+00:00,25532.15,25532.15,25528.15,25529.1,0
2026-02-13 08:58:00+00:00,25530.2,25535.45,25527.35,25534.0,0
2026-02-13 08:59:00+00:00,25534.0,25536.65,25530.2,25530.95,0
2026-02-13 09:00:00+00:00,25531.15,25534.55,25526.4,25527.35,0
2026-02-13 09:01:00+00:00,25527.2,25530.4,25522.85,25529.2,0
2026-02-13 09:02:00+00:00,25529.2,25530.1,25524.3,25525.4,0
2026-02-13 09:03:00+00:00,25525.1,25525.25,25519.95,25521.1,0
2026-02-13 09:04:00+00:00,25520.65,25524.2,25510.05,25510.9,0
2026-02-13 09:05:00+00:00,25511.05,25521.4,25511.05,25517.9,0
2026-02-13 09:06:00+00:00,25517.75,25519.35,25506.8,25507.3,0
2026-02-13 09:07:00+00:00,25506.45,25511.15,25502.45,25503.2,0
2026-02-13 09:08:00+00:00,25502.2,25507.0,25499.35,25505.25,0
2026-02-13 09:09:00+00:00,25505.25,25516.6,25505.25,25513.85,0
2026-02-13 09:10:00+00:00,25514.0,25515.35,25504.75,25508.7,0
2026-02-13 09:11:00+00:00,25509.6,25515.2,25505.05,25505.35,0
2026-02-13 09:12:00+00:00,25505.4,25514.25,25503.0,25514.25,0
2026-02-13 09:13:00+00:00,25513.45,25518.4,25513.3,25513.35,0
2026-02-13 09:14:00+00:00,25514.05,25518.45,25509.45,25511.75,0
2026-02-13 09:15:00+00:00,25511.45,25516.5,25510.5,25513.6,0
2026-02-13 09:16:00+00:00,25513.7,25516.0,25505.35,25511.7,0
2026-02-13 09:17:00+00:00,25511.3,25512.9,25508.1,25510.2,0
2026-02-13 09:18:00+00:00,25510.1,25511.75,25505.55,25511.2,0
2026-02-13 09:19:00+00:00,25511.2,25512.95,25504.9,25508.15,0
2026-02-13 09:20:00+00:00,25507.55,25513.25,25502.2,25506.15,0
2026-02-13 09:21:00+00:00,25505.3,25514.05,25504.35,25513.75,0
2026-02-13 09:22:00+00:00,25512.35,25520.0,25511.4,25517.05,0
2026-02-13 09:23:00+00:00,25516.75,25519.85,25515.3,25519.85,0
2026-02-13 09:24:00+00:00,25518.75,25521.5,25515.05,25515.35,0
2026-02-13 09:25:00+00:00,25515.65,25517.55,25512.9,25516.7,0
2026-02-13 09:26:00+00:00,25517.3,25524.6,25515.45,25522.05,0
2026-02-13 09:27:00+00:00,25520.65,25525.95,25520.15,25522.1,0
2026-02-13 09:28:00+00:00,25522.1,25528.3,25516.85,25521.2,0
2026-02-13 09:29:00+00:00,25522.95,25526.4,25520.55,25521.25,0
2026-02-13 09:30:00+00:00,25521.95,25527.55,25490.95,25496.0,0
2026-02-13 09:31:00+00:00,25494.15,25498.4,25488.6,25492.2,0
2026-02-13 09:32:00+00:00,25493.0,25504.8,25493.0,25504.2,0
2026-02-13 09:33:00+00:00,25504.55,25506.65,25498.35,25502.15,0
2026-02-13 09:34:00+00:00,25502.1,25503.4,25493.0,25496.45,0
2026-02-13 09:35:00+00:00,25495.9,25498.75,25489.7,25489.7,0
2026-02-13 09:36:00+00:00,25491.4,25492.3,25481.7,25482.45,0
2026-02-13 09:37:00+00:00,25484.05,25487.2,25476.25,25477.65,0
2026-02-13 09:38:00+00:00,25479.6,25482.7,25473.55,25475.4,0
2026-02-13 09:39:00+00:00,25476.1,25483.8,25472.05,25483.8,0
2026-02-13 09:40:00+00:00,25482.5,25489.5,25481.25,25484.25,0
2026-02-13 09:41:00+00:00,25484.65,25487.05,25481.5,25483.85,0
2026-02-13 09:42:00+00:00,25483.45,25486.7,25476.75,25478.4,0
2026-02-13 09:43:00+00:00,25478.7,25482.6,25477.1,25482.25,0
2026-02-13 09:44:00+00:00,25483.25,25483.25,25476.2,25477.2,0
2026-02-13 09:45:00+00:00,25475.55,25481.3,25475.05,25480.35,0
2026-02-13 09:46:00+00:00,25479.9,25483.1,25475.15,25478.1,0
2026-02-13 09:47:00+00:00,25478.2,25479.65,25471.85,25474.75,0
2026-02-13 09:48:00+00:00,25475.35,25482.45,25474.1,25481.5,0
2026-02-13 09:49:00+00:00,25481.75,25487.9,25481.3,25485.05,0
2026-02-13 09:50:00+00:00,25487.2,25489.8,25482.15,25484.35,0
2026-02-13 09:51:00+00:00,25485.85,25486.55,25476.7,25481.05,0
2026-02-13 09:52:00+00:00,25482.9,25484.95,25476.55,25478.75,0
2026-02-13 09:53:00+00:00,25478.3,25479.1,25467.85,25471.9,0
2026-02-13 09:54:00+00:00,25472.15,25473.35,25450.8,25468.15,0
2026-02-13 09:55:00+00:00,25470.9,25470.9,25460.5,25464.4,0
2026-02-13 09:56:00+00:00,25467.25,25467.95,25444.3,25451.0,0
2026-02-13 09:57:00+00:00,25452.1,25454.7,25447.05,25447.05,0
2026-02-13 09:58:00+00:00,25450.15,25461.25,25446.2,25460.15,0
2026-02-13 09:59:00+00:00,25459.15,25466.85,25456.35,25460.55,0
2026-02-16 03:45:00+00:00,25423.6,25444.95,25372.7,25428.7,0
2026-02-16 03:46:00+00:00,25427.3,25458.0,25424.15,25447.8,0
2026-02-16 03:47:00+00:00,25448.1,25450.25,25440.7,25449.7,0
2026-02-16 03:48:00+00:00,25449.1,25461.65,25445.05,25451.95,0
2026-02-16 03:49:00+00:00,25453.6,25472.2,25453.45,25472.2,0
2026-02-16 03:50:00+00:00,25473.05,25482.55,25461.35,25467.8,0
2026-02-16 03:51:00+00:00,25469.6,25478.15,25464.95,25474.7,0
2026-02-16 03:52:00+00:00,25473.75,25488.0,25473.75,25480.75,0
2026-02-16 03:53:00+00:00,25480.0,25493.35,25480.0,25489.15,0
2026-02-16 03:54:00+00:00,25488.4,25488.4,25475.35,25480.65,0
2026-02-16 03:55:00+00:00,25482.6,25484.45,25470.6,25472.85,0
2026-02-16 03:56:00+00:00,25473.75,25474.55,25462.5,25465.0,0
2026-02-16 03:57:00+00:00,25466.05,25466.9,25453.65,25464.2,0
2026-02-16 03:58:00+00:00,25464.9,25483.05,25464.15,25482.55,0
2026-02-16 03:59:00+00:00,25482.0,25482.0,25472.25,25472.25,0
2026-02-16 04:00:00+00:00,25473.55,25496.9,25472.7,25496.25,0
2026-02-16 04:01:00+00:00,25495.6,25509.2,25493.3,25500.0,0
2026-02-16 04:02:00+00:00,25501.0,25506.7,25498.95,25501.15,0
2026-02-16 04:03:00+00:00,25501.2,25514.6,25500.35,25513.1,0
2026-02-16 04:04:00+00:00,25513.35,25528.45,25513.25,25521.9,0
2026-02-16 04:05:00+00:00,25522.7,25522.7,25512.9,25518.35,0
2026-02-16 04:06:00+00:00,25518.0,25518.0,25504.35,25506.8,0
2026-02-16 04:07:00+00:00,25505.5,25506.65,25493.5,25495.55,0
2026-02-16 04:08:00+00:00,25495.8,25497.5,25491.0,25492.0,0
2026-02-16 04:09:00+00:00,25491.35,25497.65,25489.55,25495.95,0
2026-02-16 04:10:00+00:00,25495.85,25496.6,25478.2,25478.2,0
2026-02-16 04:11:00+00:00,25479.65,25482.2,25473.15,25481.9,0
2026-02-16 04:12:00+00:00,25483.2,25489.4,25483.2,25485.9,0
2026-02-16 04:13:00+00:00,25485.3,25485.7,25466.6,25466.6,0
2026-02-16 04:14:00+00:00,25467.95,25468.95,25458.15,25460.75,0
2026-02-16 04:15:00+00:00,25460.25,25466.15,25456.5,25460.15,0
2026-02-16 04:16:00+00:00,25461.0,25471.85,25454.75,25468.15,0
2026-02-16 04:17:00+00:00,25468.25,25468.3,25460.4,25466.5,0
2026-02-16 04:18:00+00:00,25467.35,25467.35,25455.2,25456.6,0
2026-02-16 04:19:00+00:00,25456.8,25456.8,25447.85,25455.05,0
2026-02-16 04:20:00+00:00,25454.8,25456.65,25448.05,25449.35,0
2026-02-16 04:21:00+00:00,25448.9,25448.9,25436.4,25440.3,0
2026-02-16 04:22:00+00:00,25439.2,25439.4,25431.9,25435.5,0
2026-02-16 04:23:00+00:00,25436.95,25458.7,25436.95,25454.15,0
2026-02-16 04:24:00+00:00,25454.3,25466.6,25452.6,25466.6,0
2026-02-16 04:25:00+00:00,25466.35,25476.5,25463.7,25475.45,0
2026-02-16 04:26:00+00:00,25475.85,25479.5,25472.2,25473.8,0
2026-02-16 04:27:00+00:00,25472.8,25493.15,25472.8,25492.9,0
2026-02-16 04:28:00+00:00,25492.65,25497.95,25489.9,25490.4,0
2026-02-16 04:29:00+00:00,25489.8,25497.3,25486.95,25496.65,0
2026-02-16 04:30:00+00:00,25497.5,25509.45,25497.5,25499.85,0
2026-02-16 04:31:00+00:00,25501.75,25518.8,25501.75,25515.85,0
2026-02-16 04:32:00+00:00,25516.1,25528.05,25514.7,25522.35,0
2026-02-16 04:33:00+00:00,25522.85,25533.85,25522.85,25524.25,0
2026-02-16 04:34:00+00:00,25523.65,25527.15,25518.35,25527.15,0
2026-02-16 04:35:00+00:00,25527.3,25532.65,25526.9,25529.75,0
2026-02-16 04:36:00+00:00,25530.15,25534.0,25521.25,25522.4,0
2026-02-16 04:37:00+00:00,25522.3,25522.95,25514.3,25519.6,0
2026-02-16 04:38:00+00:00,25518.9,25521.2,25512.0,25521.2,0
2026-02-16 04:39:00+00:00,25520.8,25523.15,25516.65,25521.4,0
2026-02-16 04:40:00+00:00,25522.05,25523.05,25517.8,25520.35,0
2026-02-16 04:41:00+00:00,25519.85,25530.9,25519.4,25523.95,0
2026-02-16 04:42:00+00:00,25523.85,25549.1,25523.55,25548.1,0
2026-02-16 04:43:00+00:00,25547.9,25556.5,25546.5,25552.0,0
2026-02-16 04:44:00+00:00,25551.4,25551.45,25536.8,25551.45,0
2026-02-16 04:45:00+00:00,25551.45,25561.85,25548.6,25549.8,0
2026-02-16 04:46:00+00:00,25549.4,25549.8,25541.9,25545.8,0
2026-02-16 04:47:00+00:00,25547.3,25551.65,25545.2,25546.25,0
2026-02-16 04:48:00+00:00,25546.6,25553.7,25543.4,25550.3,0
2026-02-16 04:49:00+00:00,25550.85,25555.2,25547.9,25550.15,0
2026-02-16 04:50:00+00:00,25550.55,25551.8,25541.05,25542.6,0
2026-02-16 04:51:00+00:00,25541.75,25548.4,25537.05,25541.9,0
2026-02-16 04:52:00+00:00,25542.65,25545.65,25539.6,25540.8,0
2026-02-16 04:53:00+00:00,25541.15,25543.15,25533.65,25535.05,0
2026-02-16 04:54:00+00:00,25534.05,25536.65,25526.35,25526.8,0
2026-02-16 04:55:00+00:00,25526.1,25532.4,25523.25,25527.2,0
2026-02-16 04:56:00+00:00,25527.65,25528.45,25523.15,25523.75,0
2026-02-16 04:57:00+00:00,25525.15,25526.15,25520.0,25524.75,0
2026-02-16 04:58:00+00:00,25524.9,25525.2,25518.9,25520.35,0
2026-02-16 04:59:00+00:00,25520.75,25530.5,25519.85,25525.85,0
2026-02-16 05:00:00+00:00,25526.2,25526.3,25520.5,25522.55,0
2026-02-16 05:01:00+00:00,25523.45,25531.1,25520.75,25530.5,0
2026-02-16 05:02:00+00:00,25530.4,25534.2,25525.0,25533.65,0
2026-02-16 05:03:00+00:00,25534.05,25539.6,25533.2,25538.25,0
2026-02-16 05:04:00+00:00,25538.15,25540.25,25530.4,25531.35,0
2026-02-16 05:05:00+00:00,25533.6,25536.05,25528.95,25532.0,0
2026-02-16 05:06:00+00:00,25530.95,25538.35,25530.95,25537.2,0
2026-02-16 05:07:00+00:00,25537.6,25537.6,25529.5,25530.2,0
2026-02-16 05:08:00+00:00,25529.75,25530.55,25522.2,25524.15,0
2026-02-16 05:09:00+00:00,25524.4,25529.3,25523.65,25526.55,0
2026-02-16 05:10:00+00:00,25527.3,25535.05,25526.65,25534.0,0
2026-02-16 05:11:00+00:00,25534.3,25540.1,25531.8,25538.75,0
2026-02-16 05:12:00+00:00,25537.95,25539.7,25526.1,25526.95,0
2026-02-16 05:13:00+00:00,25526.45,25528.6,25521.0,25524.55,0
2026-02-16 05:14:00+00:00,25524.7,25527.75,25522.55,25526.25,0
2026-02-16 05:15:00+00:00,25526.45,25528.75,25523.2,25525.45,0
2026-02-16 05:16:00+00:00,25525.2,25525.45,25520.35,25524.2,0
2026-02-16 05:17:00+00:00,25523.8,25532.15,25523.65,25532.15,0
2026-02-16 05:18:00+00:00,25533.05,25536.0,25523.8,25524.7,0
2026-02-16 05:19:00+00:00,25524.75,25526.55,25516.5,25518.6,0
2026-02-16 05:20:00+00:00,25516.75,25516.75,25508.8,25509.2,0
2026-02-16 05:21:00+00:00,25509.65,25522.15,25508.85,25521.35,0
2026-02-16 05:22:00+00:00,25522.1,25525.7,25514.8,25516.55,0
2026-02-16 05:23:00+00:00,25515.95,25518.05,25509.6,25516.1,0
2026-02-16 05:24:00+00:00,25515.85,25515.85,25511.3,25513.6,0
2026-02-16 05:25:00+00:00,25512.7,25518.6,25509.95,25512.4,0
2026-02-16 05:26:00+00:00,25511.35,25513.5,25508.2,25512.25,0
2026-02-16 05:27:00+00:00,25514.05,25516.6,25512.6,25515.9,0
2026-02-16 05:28:00+00:00,25515.35,25522.95,25515.05,25521.55,0
2026-02-16 05:29:00+00:00,25522.0,25525.65,25521.4,25523.05,0
2026-02-16 05:30:00+00:00,25523.55,25527.25,25516.15,25517.05,0
2026-02-16 05:31:00+00:00,25516.15,25518.35,25507.15,25508.3,0
2026-02-16 05:32:00+00:00,25509.05,25515.05,25507.3,25512.25,0
2026-02-16 05:33:00+00:00,25512.5,25520.5,25509.05,25519.6,0
2026-02-16 05:34:00+00:00,25519.95,25533.45,25518.6,25530.9,0
2026-02-16 05:35:00+00:00,25530.9,25537.1,25527.45,25531.95,0
2026-02-16 05:36:00+00:00,25530.95,25533.85,25525.85,25533.3,0
2026-02-16 05:37:00+00:00,25532.4,25536.2,25529.4,25530.7,0
2026-02-16 05:38:00+00:00,25531.8,25533.2,25528.35,25531.05,0
2026-02-16 05:39:00+00:00,25530.3,25533.35,25527.45,25531.95,0
2026-02-16 05:40:00+00:00,25531.65,25532.95,25529.0,25530.7,0
2026-02-16 05:41:00+00:00,25530.3,25531.4,25524.9,25526.9,0
2026-02-16 05:42:00+00:00,25526.35,25530.6,25523.95,25529.1,0
2026-02-16 05:43:00+00:00,25529.15,25533.85,25527.05,25533.1,0
2026-02-16 05:44:00+00:00,25533.65,25534.7,25530.6,25534.55,0
2026-02-16 05:45:00+00:00,25533.85,25538.25,25527.3,25535.55,0
2026-02-16 05:46:00+00:00,25534.5,25536.15,25528.4,25528.75,0
2026-02-16 05:47:00+00:00,25529.8,25537.9,25528.8,25537.6,0
2026-02-16 05:48:00+00:00,25536.8,25539.55,25535.05,25539.2,0
2026-02-16 05:49:00+00:00,25539.7,25540.7,25532.75,25533.85,0
2026-02-16 05:50:00+00:00,25534.65,25537.55,25530.7,25536.15,0
2026-02-16 05:51:00+00:00,25536.85,25538.45,25532.25,25535.6,0
2026-02-16 05:52:00+00:00,25536.8,25538.8,25533.25,25534.3,0
2026-02-16 05:53:00+00:00,25533.55,25536.45,25532.1,25536.05,0
2026-02-16 05:54:00+00:00,25536.3,25544.55,25536.3,25541.4,0
2026-02-16 05:55:00+00:00,25541.45,25547.15,25529.5,25529.5,0
2026-02-16 05:56:00+00:00,25529.95,25531.3,25522.55,25524.55,0
2026-02-16 05:57:00+00:00,25525.1,25531.15,25523.55,25527.7,0
2026-02-16 05:58:00+00:00,25528.4,25530.9,25519.75,25520.75,0
2026-02-16 05:59:00+00:00,25520.95,25520.95,25511.35,25517.8,0
2026-02-16 06:00:00+00:00,25518.1,25520.7,25513.9,25518.8,0
2026-02-16 06:01:00+00:00,25519.6,25525.05,25515.9,25522.25,0
2026-02-16 06:02:00+00:00,25522.1,25527.85,25520.65,25524.45,0
2026-02-16 06:03:00+00:00,25526.15,25531.3,25525.35,25528.3,0
2026-02-16 06:04:00+00:00,25529.3,25530.35,25518.9,25519.4,0
2026-02-16 06:05:00+00:00,25520.65,25521.4,25514.3,25516.3,0
2026-02-16 06:06:00+00:00,25515.75,25525.2,25513.6,25524.7,0
2026-02-16 06:07:00+00:00,25524.05,25529.45,25521.2,25522.75,0
2026-02-16 06:08:00+00:00,25522.7,25527.25,25521.45,25526.15,0
2026-02-16 06:09:00+00:00,25527.25,25531.4,25526.4,25528.2,0
2026-02-16 06:10:00+00:00,25528.5,25528.5,25519.3,25524.15,0
2026-02-16 06:11:00+00:00,25523.05,25526.55,25519.35,25524.2,0
2026-02-16 06:12:00+00:00,25525.25,25530.85,25522.5,25530.15,0
2026-02-16 06:13:00+00:00,25529.75,25531.55,25524.15,25524.35,0
2026-02-16 06:14:00+00:00,25524.85,25525.5,25518.9,25523.65,0
2026-02-16 06:15:00+00:00,25521.05,25522.5,25516.0,25517.65,0
2026-02-16 06:16:00+00:00,25517.15,25517.95,25503.05,25508.35,0
2026-02-16 06:17:00+00:00,25507.0,25518.45,25505.45,25515.1,0
2026-02-16 06:18:00+00:00,25514.75,25515.65,25509.0,25512.2,0
2026-02-16 06:19:00+00:00,25512.65,25517.6,25509.9,25515.6,0
2026-02-16 06:20:00+00:00,25515.1,25517.35,25511.85,25516.6,0
2026-02-16 06:21:00+00:00,25517.3,25517.4,25509.05,25512.65,0
2026-02-16 06:22:00+00:00,25513.35,25516.7,25510.15,25510.4,0
2026-02-16 06:23:00+00:00,25511.45,25513.5,25508.35,25512.25,0
2026-02-16 06:24:00+00:00,25512.65,25514.4,25506.8,25509.1,0
2026-02-16 06:25:00+00:00,25509.0,25515.05,25507.65,25513.1,0
2026-02-16 06:26:00+00:00,25514.35,25518.65,25511.45,25517.6,0
2026-02-16 06:27:00+00:00,25517.95,25524.55,25517.25,25522.75,0
2026-02-16 06:28:00+00:00,25521.1,25526.35,25521.1,25522.55,0
2026-02-16 06:29:00+00:00,25523.15,25529.65,25523.15,25529.1,0
2026-02-16 06:30:00+00:00,25529.1,25534.3,25528.85,25532.6,0
2026-02-16 06:31:00+00:00,25532.15,25537.4,25529.95,25531.55,0
2026-02-16 06:32:00+00:00,25532.65,25538.1,25530.75,25533.2,0
2026-02-16 06:33:00+00:00,25532.45,25538.75,25532.45,25536.1,0
2026-02-16 06:34:00+00:00,25536.0,25537.55,25531.35,25535.6,0
2026-02-16 06:35:00+00:00,25535.55,25537.1,25532.5,25534.4,0
2026-02-16 06:36:00+00:00,25534.4,25539.65,25533.4,25534.95,0
2026-02-16 06:37:00+00:00,25535.05,25538.7,25531.6,25537.25,0
2026-02-16 06:38:00+00:00,25537.1,25541.65,25535.5,25539.6,0
2026-02-16 06:39:00+00:00,25539.35,25542.8,25538.45,25539.3,0
2026-02-16 06:40:00+00:00,25539.6,25548.45,25539.6,25548.1,0
2026-02-16 06:41:00+00:00,25549.0,25555.2,25547.4,25550.55,0
2026-02-16 06:42:00+00:00,25550.35,25552.3,25546.95,25551.2,0
2026-02-16 06:43:00+00:00,25550.35,25551.85,25546.85,25547.25,0
2026-02-16 06:44:00+00:00,25548.5,25553.2,25544.9,25545.7,0
2026-02-16 06:45:00+00:00,25545.4,25547.5,25534.35,25536.2,0
2026-02-16 06:46:00+00:00,25535.9,25545.15,25532.95,25545.1,0
2026-02-16 06:47:00+00:00,25544.95,25555.35,25543.9,25555.35,0
2026-02-16 06:48:00+00:00,25553.5,25560.8,25553.2,25558.05,0
2026-02-16 06:49:00+00:00,25560.35,25565.7,25558.1,25561.25,0
2026-02-16 06:50:00+00:00,25562.5,25566.6,25555.25,25555.45,0
2026-02-16 06:51:00+00:00,25555.8,25559.25,25554.1,25555.0,0
2026-02-16 06:52:00+00:00,25555.35,25558.65,25552.05,25556.7,0
2026-02-16 06:53:00+00:00,25556.9,25558.9,25554.25,25557.7,0
2026-02-16 06:54:00+00:00,25558.1,25562.15,25556.3,25559.8,0
2026-02-16 06:55:00+00:00,25560.95,25564.25,25556.25,25556.3,0
2026-02-16 06:56:00+00:00,25556.5,25569.7,25554.4,25569.3,0
2026-02-16 06:57:00+00:00,25569.35,25573.05,25566.25,25569.55,0
2026-02-16 06:58:00+00:00,25570.65,25572.5,25567.7,25570.25,0
2026-02-16 06:59:00+00:00,25570.15,25576.5,25568.7,25576.05,0
2026-02-16 07:00:00+00:00,25576.4,25584.7,25576.4,25582.85,0
2026-02-16 07:01:00+00:00,25583.1,25587.85,25580.15,25581.6,0
2026-02-16 07:02:00+00:00,25582.05,25582.25,25572.15,25579.9,0
2026-02-16 07:03:00+00:00,25581.55,25584.55,25577.4,25583.45,0
2026-02-16 07:04:00+00:00,25584.1,25588.05,25583.4,25584.3,0
2026-02-16 07:05:00+00:00,25585.05,25587.55,25581.55,25587.55,0
2026-02-16 07:06:00+00:00,25586.7,25590.9,25583.25,25583.65,0
2026-02-16 07:07:00+00:00,25583.35,25584.7,25575.2,25578.7,0
2026-02-16 07:08:00+00:00,25579.05,25582.95,25574.7,25575.95,0
2026-02-16 07:09:00+00:00,25576.6,25579.5,25574.05,25574.6,0
2026-02-16 07:10:00+00:00,25575.0,25576.45,25572.0,25573.4,0
2026-02-16 07:11:00+00:00,25575.05,25578.65,25572.55,25576.05,0
2026-02-16 07:12:00+00:00,25576.55,25582.0,25573.45,25581.05,0
2026-02-16 07:13:00+00:00,25581.35,25583.9,25576.6,25578.8,0
2026-02-16 07:14:00+00:00,25578.5,25581.3,25576.05,25577.8,0
2026-02-16 07:15:00+00:00,25578.95,25582.35,25574.75,25576.8,0
2026-02-16 07:16:00+00:00,25576.6,25577.1,25569.5,25571.0,0
2026-02-16 07:17:00+00:00,25572.3,25576.6,25570.2,25574.25,0
2026-02-16 07:18:00+00:00,25574.0,25575.3,25566.3,25566.3,0
2026-02-16 07:19:00+00:00,25567.8,25570.85,25553.15,25554.0,0
2026-02-16 07:20:00+00:00,25554.8,25561.55,25553.15,25556.7,0
2026-02-16 07:21:00+00:00,25557.3,25559.85,25554.5,25556.7,0
2026-02-16 07:22:00+00:00,25556.55,25566.7,25555.1,25565.45,0
2026-02-16 07:23:00+00:00,25564.95,25571.6,25563.25,25567.55,0
2026-02-16 07:24:00+00:00,25566.8,25568.95,25564.15,25565.8,0
2026-02-16 07:25:00+00:00,25566.7,25573.65,25565.95,25568.55,0
2026-02-16 07:26:00+00:00,25568.6,25570.05,25561.1,25561.15,0
2026-02-16 07:27:00+00:00,25561.6,25564.65,25556.85,25558.15,0
2026-02-16 07:28:00+00:00,25558.3,25558.3,25550.65,25552.15,0
2026-02-16 07:29:00+00:00,25550.85,25557.15,25550.85,25556.85,0
2026-02-16 07:30:00+00:00,25556.6,25567.75,25555.2,25567.25,0
2026-02-16 07:31:00+00:00,25567.35,25578.6,25565.75,25577.6,0
2026-02-16 07:32:00+00:00,25577.2,25580.95,25575.45,25576.3,0
2026-02-16 07:33:00+00:00,25576.15,25577.85,25573.45,25575.05,0
2026-02-16 07:34:00+00:00,25577.15,25577.15,25569.0,25570.65,0
2026-02-16 07:35:00+00:00,25570.05,25574.8,25568.55,25570.4,0
2026-02-16 07:36:00+00:00,25569.9,25573.2,25564.9,25567.45,0
2026-02-16 07:37:00+00:00,25566.75,25570.65,25565.15,25569.3,0
2026-02-16 07:38:00+00:00,25569.65,25573.9,25567.35,25573.3,0
2026-02-16 07:39:00+00:00,25571.95,25578.0,25570.35,25576.85,0
2026-02-16 07:40:00+00:00,25576.2,25584.0,25574.4,25583.15,0
2026-02-16 07:41:00+00:00,25583.15,25584.85,25578.75,25580.6,0
2026-02-16 07:42:00+00:00,25582.15,25583.5,25574.4,25574.8,0
2026-02-16 07:43:00+00:00,25576.55,25579.8,25574.2,25576.5,0
2026-02-16 07:44:00+00:00,25575.8,25577.45,25570.9,25571.35,0
2026-02-16 07:45:00+00:00,25571.45,25575.55,25569.9,25572.5,0
2026-02-16 07:46:00+00:00,25570.85,25572.9,25569.1,25571.0,0
2026-02-16 07:47:00+00:00,25570.9,25571.95,25567.0,25569.3,0
2026-02-16 07:48:00+00:00,25567.55,25569.65,25565.4,25567.8,0
2026-02-16 07:49:00+00:00,25567.25,25570.15,25564.8,25567.95,0
2026-02-16 07:50:00+00:00,25566.75,25572.4,25565.55,25571.15,0
2026-02-16 07:51:00+00:00,25572.15,25574.45,25566.7,25567.1,0
2026-02-16 07:52:00+00:00,25567.85,25577.3,25564.35,25576.55,0
2026-02-16 07:53:00+00:00,25577.05,25581.0,25573.65,25574.8,0
2026-02-16 07:54:00+00:00,25575.45,25577.75,25572.95,25574.75,0
2026-02-16 07:55:00+00:00,25574.9,25576.5,25569.0,25571.1,0
2026-02-16 07:56:00+00:00,25570.75,25576.5,25569.4,25574.9,0
2026-02-16 07:57:00+00:00,25575.7,25577.6,25572.7,25575.45,0
2026-02-16 07:58:00+00:00,25575.1,25579.6,25573.65,25576.9,0
2026-02-16 07:59:00+00:00,25577.9,25584.0,25576.0,25581.7,0
2026-02-16 08:00:00+00:00,25582.4,25584.2,25572.15,25572.2,0
2026-02-16 08:01:00+00:00,25572.35,25575.15,25567.45,25569.5,0
2026-02-16 08:02:00+00:00,25569.9,25571.0,25566.35,25569.65,0
2026-02-16 08:03:00+00:00,25570.2,25579.65,25568.6,25577.2,0
2026-02-16 08:04:00+00:00,25578.2,25581.7,25573.5,25576.25,0
2026-02-16 08:05:00+00:00,25577.25,25583.45,25575.95,25581.9,0
2026-02-16 08:06:00+00:00,25581.35,25587.2,25579.35,25583.25,0
2026-02-16 08:07:00+00:00,25584.5,25587.25,25583.1,25584.65,0
2026-02-16 08:08:00+00:00,25585.25,25588.5,25579.2,25580.95,0
2026-02-16 08:09:00+00:00,25581.1,25593.15,25579.15,25590.15,0
2026-02-16 08:10:00+00:00,25590.6,25591.4,25583.9,25586.25,0
2026-02-16 08:11:00+00:00,25586.65,25591.75,25584.4,25589.65,0
2026-02-16 08:12:00+00:00,25588.3,25590.45,25585.5,25588.3,0
2026-02-16 08:13:00+00:00,25587.45,25591.95,25586.05,25590.15,0
2026-02-16 08:14:00+00:00,25588.85,25593.1,25588.3,25590.6,0
2026-02-16 08:15:00+00:00,25590.7,25594.15,25586.35,25586.35,0
2026-02-16 08:16:00+00:00,25587.4,25588.65,25583.35,25587.05,0
2026-02-16 08:17:00+00:00,25586.3,25587.55,25583.8,25585.95,0
2026-02-16 08:18:00+00:00,25586.5,25586.85,25581.95,25583.4,0
2026-02-16 08:19:00+00:00,25584.0,25586.15,25580.45,25582.4,0
2026-02-16 08:20:00+00:00,25580.85,25589.9,25580.85,25587.85,0
2026-02-16 08:21:00+00:00,25588.2,25588.7,25582.25,25584.0,0
2026-02-16 08:22:00+00:00,25584.45,25585.8,25573.75,25574.2,0
2026-02-16 08:23:00+00:00,25573.65,25579.35,25572.9,25573.4,0
2026-02-16 08:24:00+00:00,25572.85,25574.6,25567.3,25567.3,0
2026-02-16 08:25:00+00:00,25567.4,25569.55,25558.65,25559.3,0
2026-02-16 08:26:00+00:00,25559.3,25562.6,25547.45,25548.45,0
2026-02-16 08:27:00+00:00,25547.35,25558.95,25544.85,25554.4,0
2026-02-16 08:28:00+00:00,25553.35,25566.45,25552.65,25565.2,0
2026-02-16 08:29:00+00:00,25565.0,25566.55,25561.25,25566.0,0
2026-02-16 08:30:00+00:00,25565.0,25575.15,25564.25,25573.85,0
2026-02-16 08:31:00+00:00,25574.1,25579.85,25573.45,25578.95,0
2026-02-16 08:32:00+00:00,25580.25,25585.4,25578.9,25584.3,0
2026-02-16 08:33:00+00:00,25583.9,25584.25,25572.25,25573.45,0
2026-02-16 08:34:00+00:00,25575.2,25580.85,25574.9,25576.35,0
2026-02-16 08:35:00+00:00,25577.15,25580.2,25565.95,25567.0,0
2026-02-16 08:36:00+00:00,25567.0,25567.6,25562.95,25565.1,0
2026-02-16 08:37:00+00:00,25564.95,25576.15,25564.15,25572.4,0
2026-02-16 08:38:00+00:00,25573.1,25573.1,25562.6,25564.55,0
2026-02-16 08:39:00+00:00,25564.25,25565.5,25560.85,25562.0,0
2026-02-16 08:40:00+00:00,25563.45,25568.0,25560.5,25562.85,0
2026-02-16 08:41:00+00:00,25563.3,25572.8,25562.95,25572.45,0
2026-02-16 08:42:00+00:00,25571.0,25577.45,25570.65,25572.4,0
2026-02-16 08:43:00+00:00,25572.5,25582.35,25571.55,25580.7,0
2026-02-16 08:44:00+00:00,25581.3,25582.5,25578.95,25580.35,0
2026-02-16 08:45:00+00:00,25581.1,25582.75,25578.05,25582.0,0
2026-02-16 08:46:00+00:00,25581.5,25587.5,25579.8,25581.0,0
2026-02-16 08:47:00+00:00,25580.45,25584.75,25577.8,25580.35,0
2026-02-16 08:48:00+00:00,25580.1,25582.6,25575.5,25577.3,0
2026-02-16 08:49:00+00:00,25578.2,25579.95,25574.0,25575.25,0
2026-02-16 08:50:00+00:00,25575.5,25584.9,25575.15,25581.15,0
2026-02-16 08:51:00+00:00,25582.15,25582.15,25575.5,25579.95,0
2026-02-16 08:52:00+00:00,25579.85,25584.6,25579.45,25580.0,0
2026-02-16 08:53:00+00:00,25579.35,25584.0,25578.9,25582.3,0
2026-02-16 08:54:00+00:00,25582.3,25584.3,25580.35,25583.95,0
2026-02-16 08:55:00+00:00,25583.8,25591.65,25582.85,25591.0,0
2026-02-16 08:56:00+00:00,25590.95,25592.0,25586.6,25591.3,0
2026-02-16 08:57:00+00:00,25591.35,25598.85,25589.75,25596.05,0
2026-02-16 08:58:00+00:00,25595.6,25615.5,25595.05,25614.15,0
2026-02-16 08:59:00+00:00,25613.35,25624.9,25613.2,25620.4,0
2026-02-16 09:00:00+00:00,25620.75,25628.75,25620.35,25624.8,0
2026-02-16 09:01:00+00:00,25624.85,25630.95,25622.1,25624.5,0
2026-02-16 09:02:00+00:00,25624.8,25635.45,25623.45,25630.7,0
2026-02-16 09:03:00+00:00,25630.2,25637.7,25629.05,25636.4,0
2026-02-16 09:04:00+00:00,25636.25,25649.05,25636.2,25648.9,0
2026-02-16 09:05:00+00:00,25647.55,25654.95,25644.65,25645.95,0
2026-02-16 09:06:00+00:00,25645.45,25653.75,25643.9,25649.45,0
2026-02-16 09:07:00+00:00,25649.9,25651.7,25645.85,25648.6,0
2026-02-16 09:08:00+00:00,25647.35,25647.35,25634.35,25636.0,0
2026-02-16 09:09:00+00:00,25635.4,25639.4,25634.45,25636.35,0
2026-02-16 09:10:00+00:00,25636.0,25644.1,25635.9,25638.65,0
2026-02-16 09:11:00+00:00,25637.9,25639.9,25633.25,25637.95,0
2026-02-16 09:12:00+00:00,25637.95,25643.6,25635.4,25638.5,0
2026-02-16 09:13:00+00:00,25639.3,25640.45,25631.55,25639.55,0
2026-02-16 09:14:00+00:00,25639.6,25648.7,25638.6,25646.25,0
2026-02-16 09:15:00+00:00,25645.75,25649.2,25640.5,25641.75,0
2026-02-16 09:16:00+00:00,25642.0,25647.7,25639.8,25643.9,0
2026-02-16 09:17:00+00:00,25644.75,25648.9,25643.05,25646.25,0
2026-02-16 09:18:00+00:00,25647.25,25658.5,25647.2,25658.15,0
2026-02-16 09:19:00+00:00,25657.95,25669.85,25657.95,25665.0,0
2026-02-16 09:20:00+00:00,25665.3,25665.75,25657.7,25662.2,0
2026-02-16 09:21:00+00:00,25662.25,25665.9,25657.65,25657.75,0
2026-02-16 09:22:00+00:00,25657.85,25659.25,25650.55,25652.0,0
2026-02-16 09:23:00+00:00,25652.65,25652.65,25643.9,25650.85,0
2026-02-16 09:24:00+00:00,25650.5,25654.45,25649.25,25651.35,0
2026-02-16 09:25:00+00:00,25651.6,25655.95,25647.9,25654.4,0
2026-02-16 09:26:00+00:00,25655.55,25660.9,25654.5,25660.45,0
2026-02-16 09:27:00+00:00,25659.95,25660.4,25652.0,25654.4,0
2026-02-16 09:28:00+00:00,25654.05,25666.2,25653.3,25663.4,0
2026-02-16 09:29:00+00:00,25664.75,25664.75,25659.6,25663.45,0
2026-02-16 09:30:00+00:00,25661.55,25677.7,25661.55,25676.6,0
2026-02-16 09:31:00+00:00,25674.8,25681.8,25674.8,25681.25,0
2026-02-16 09:32:00+00:00,25680.9,25686.75,25676.05,25677.5,0
2026-02-16 09:33:00+00:00,25676.35,25680.4,25672.2,25679.25,0
2026-02-16 09:34:00+00:00,25680.05,25688.4,25679.3,25686.65,0
2026-02-16 09:35:00+00:00,25684.75,25686.7,25678.5,25681.35,0
2026-02-16 09:36:00+00:00,25682.15,25690.7,25682.15,25689.7,0
2026-02-16 09:37:00+00:00,25688.5,25694.0,25686.55,25688.95,0
2026-02-16 09:38:00+00:00,25689.45,25691.7,25683.5,25687.0,0
2026-02-16 09:39:00+00:00,25687.5,25691.15,25686.3,25688.65,0
2026-02-16 09:40:00+00:00,25687.1,25696.45,25687.1,25693.9,0
2026-02-16 09:41:00+00:00,25694.05,25697.0,25689.85,25691.25,0
2026-02-16 09:42:00+00:00,25691.55,25692.65,25687.3,25687.9,0
2026-02-16 09:43:00+00:00,25688.05,25690.15,25683.5,25684.55,0
2026-02-16 09:44:00+00:00,25685.35,25691.6,25682.35,25686.75,0
2026-02-16 09:45:00+00:00,25687.05,25689.0,25679.9,25683.0,0
2026-02-16 09:46:00+00:00,25683.0,25685.1,25677.15,25682.4,0
2026-02-16 09:47:00+00:00,25681.1,25686.6,25680.95,25683.0,0
2026-02-16 09:48:00+00:00,25682.5,25685.65,25676.8,25679.55,0
2026-02-16 09:49:00+00:00,25680.2,25682.95,25676.85,25680.95,0
2026-02-16 09:50:00+00:00,25678.25,25682.7,25676.25,25681.0,0
2026-02-16 09:51:00+00:00,25680.1,25683.15,25676.65,25682.95,0
2026-02-16 09:52:00+00:00,25679.85,25683.9,25675.5,25681.0,0
2026-02-16 09:53:00+00:00,25679.05,25688.9,25676.8,25687.65,0
2026-02-16 09:54:00+00:00,25687.6,25692.75,25684.6,25687.6,0
2026-02-16 09:55:00+00:00,25689.35,25691.95,25680.95,25686.6,0
2026-02-16 09:56:00+00:00,25687.8,25688.9,25680.35,25683.65,0
2026-02-16 09:57:00+00:00,25683.95,25685.1,25673.0,25681.25,0
2026-02-16 09:58:00+00:00,25683.7,25685.55,25674.6,25679.55,0
2026-02-16 09:59:00+00:00,25683.35,25686.1,25677.2,25682.45,0
2026-02-17 03:45:00+00:00,25637.95,25664.85,25593.35,25605.85,0
2026-02-17 03:46:00+00:00,25601.05,25604.85,25591.0,25598.6,0
2026-02-17 03:47:00+00:00,25602.8,25605.25,25592.8,25604.65,0
2026-02-17 03:48:00+00:00,25604.85,25609.6,25600.95,25608.1,0
2026-02-17 03:49:00+00:00,25607.85,25614.9,25602.05,25612.45,0
2026-02-17 03:50:00+00:00,25610.45,25610.45,25580.45,25580.45,0
2026-02-17 03:51:00+00:00,25580.95,25593.45,25578.55,25590.35,0
2026-02-17 03:52:00+00:00,25589.75,25609.7,25586.1,25602.6,0
2026-02-17 03:53:00+00:00,25601.9,25607.6,25588.05,25588.7,0
2026-02-17 03:54:00+00:00,25589.75,25590.25,25574.25,25579.7,0
2026-02-17 03:55:00+00:00,25578.85,25590.95,25570.3,25587.6,0
2026-02-17 03:56:00+00:00,25590.25,25598.4,25584.0,25587.0,0
2026-02-17 03:57:00+00:00,25586.75,25591.45,25582.3,25582.8,0
2026-02-17 03:58:00+00:00,25583.0,25594.75,25581.5,25594.65,0
2026-02-17 03:59:00+00:00,25594.5,25595.8,25588.55,25592.8,0
2026-02-17 04:00:00+00:00,25593.1,25593.1,25578.7,25591.0,0
2026-02-17 04:01:00+00:00,25591.0,25591.0,25583.4,25586.35,0
2026-02-17 04:02:00+00:00,25587.65,25605.2,25580.2,25604.45,0
2026-02-17 04:03:00+00:00,25605.6,25616.5,25600.5,25612.35,0
2026-02-17 04:04:00+00:00,25613.1,25614.05,25602.7,25612.4,0
2026-02-17 04:05:00+00:00,25613.85,25614.25,25601.25,25603.75,0
2026-02-17 04:06:00+00:00,25603.35,25604.35,25586.65,25589.8,0
2026-02-17 04:07:00+00:00,25587.45,25603.3,25584.05,25594.85,0
2026-02-17 04:08:00+00:00,25594.9,25610.05,25594.55,25609.35,0
2026-02-17 04:09:00+00:00,25610.75,25616.65,25608.5,25616.6,0
2026-02-17 04:10:00+00:00,25615.05,25615.05,25602.5,25606.55,0
2026-02-17 04:11:00+00:00,25605.7,25610.75,25601.4,25609.35,0
2026-02-17 04:12:00+00:00,25609.85,25622.15,25606.55,25617.1,0
2026-02-17 04:13:00+00:00,25618.5,25628.85,25617.4,25627.3,0
2026-02-17 04:14:00+00:00,25627.9,25644.75,25625.5,25642.95,0
2026-02-17 04:15:00+00:00,25642.2,25645.65,25637.5,25645.65,0
2026-02-17 04:16:00+00:00,25645.6,25645.6,25639.55,25644.4,0
2026-02-17 04:17:00+00:00,25644.5,25644.55,25635.0,25636.55,0
2026-02-17 04:18:00+00:00,25636.15,25641.4,25634.25,25636.85,0
2026-02-17 04:19:00+00:00,25637.15,25642.55,25632.4,25641.55,0
2026-02-17 04:20:00+00:00,25641.2,25647.4,25633.1,25642.7,0
2026-02-17 04:21:00+00:00,25642.75,25648.5,25641.2,25648.5,0
2026-02-17 04:22:00+00:00,25647.6,25657.85,25647.55,25655.3,0
2026-02-17 04:23:00+00:00,25655.5,25662.85,25655.0,25661.75,0
2026-02-17 04:24:00+00:00,25661.4,25664.4,25654.75,25662.3,0
2026-02-17 04:25:00+00:00,25662.0,25664.9,25656.0,25657.2,0
2026-02-17 04:26:00+00:00,25656.55,25657.0,25653.6,25654.3,0
2026-02-17 04:27:00+00:00,25655.0,25669.1,25652.9,25667.35,0
2026-02-17 04:28:00+00:00,25668.35,25675.85,25664.55,25670.0,0
2026-02-17 04:29:00+00:00,25670.7,25670.85,25658.45,25663.15,0
2026-02-17 04:30:00+00:00,25662.25,25662.7,25655.45,25660.4,0
2026-02-17 04:31:00+00:00,25660.8,25667.4,25659.95,25665.8,0
2026-02-17 04:32:00+00:00,25665.6,25665.6,25651.3,25656.95,0
2026-02-17 04:33:00+00:00,25656.3,25661.65,25656.3,25660.2,0
2026-02-17 04:34:00+00:00,25659.8,25663.4,25656.15,25662.25,0
2026-02-17 04:35:00+00:00,25662.0,25663.8,25657.7,25661.2,0
2026-02-17 04:36:00+00:00,25660.25,25666.7,25656.95,25666.25,0
2026-02-17 04:37:00+00:00,25665.35,25668.85,25661.75,25665.0,0
2026-02-17 04:38:00+00:00,25664.3,25669.15,25658.25,25667.7,0
2026-02-17 04:39:00+00:00,25669.1,25671.85,25664.9,25665.45,0
2026-02-17 04:40:00+00:00,25665.8,25667.3,25663.1,25664.65,0
2026-02-17 04:41:00+00:00,25664.3,25665.25,25659.4,25665.15,0
2026-02-17 04:42:00+00:00,25665.05,25673.75,25664.6,25671.85,0
2026-02-17 04:43:00+00:00,25672.1,25678.7,25671.2,25678.1,0
2026-02-17 04:44:00+00:00,25678.7,25682.0,25676.3,25679.25,0
2026-02-17 04:45:00+00:00,25679.4,25680.05,25666.15,25668.75,0
2026-02-17 04:46:00+00:00,25668.8,25675.65,25667.0,25672.55,0
2026-02-17 04:47:00+00:00,25672.35,25677.05,25670.3,25673.85,0
2026-02-17 04:48:00+00:00,25673.35,25684.0,25672.75,25680.45,0
2026-02-17 04:49:00+00:00,25681.55,25692.4,25680.7,25690.7,0
2026-02-17 04:50:00+00:00,25690.45,25697.4,25690.25,25696.65,0
2026-02-17 04:51:00+00:00,25696.65,25698.15,25689.2,25690.55,0
2026-02-17 04:52:00+00:00,25691.2,25695.0,25687.65,25692.75,0
2026-02-17 04:53:00+00:00,25692.0,25693.05,25687.8,25691.9,0
2026-02-17 04:54:00+00:00,25691.95,25695.35,25687.55,25694.65,0
2026-02-17 04:55:00+00:00,25694.6,25696.7,25692.05,25693.05,0
2026-02-17 04:56:00+00:00,25693.65,25708.05,25692.65,25706.95,0
2026-02-17 04:57:00+00:00,25707.45,25720.05,25705.6,25719.1,0
2026-02-17 04:58:00+00:00,25719.35,25726.25,25715.7,25725.35,0
2026-02-17 04:59:00+00:00,25726.3,25728.5,25716.8,25724.4,0
2026-02-17 05:00:00+00:00,25724.1,25729.7,25719.95,25729.7,0
2026-02-17 05:01:00+00:00,25728.6,25729.45,25723.35,25725.25,0
2026-02-17 05:02:00+00:00,25725.5,25730.35,25723.45,25724.4,0
2026-02-17 05:03:00+00:00,25724.75,25724.75,25716.9,25718.75,0
2026-02-17 05:04:00+00:00,25719.15,25719.15,25706.15,25710.5,0
2026-02-17 05:05:00+00:00,25709.95,25710.0,25700.4,25705.15,0
2026-02-17 05:06:00+00:00,25704.65,25706.8,25703.25,25705.5,0
2026-02-17 05:07:00+00:00,25705.75,25707.8,25698.6,25700.55,0
2026-02-17 05:08:00+00:00,25701.1,25701.1,25692.25,25696.1,0
2026-02-17 05:09:00+00:00,25697.25,25697.75,25691.95,25692.8,0
2026-02-17 05:10:00+00:00,25692.45,25697.35,25689.2,25694.05,0
2026-02-17 05:11:00+00:00,25693.9,25696.5,25686.75,25689.0,0
2026-02-17 05:12:00+00:00,25690.0,25690.95,25683.6,25687.2,0
2026-02-17 05:13:00+00:00,25687.85,25688.3,25666.05,25667.25,0
2026-02-17 05:14:00+00:00,25667.55,25667.55,25657.2,25661.3,0
2026-02-17 05:15:00+00:00,25661.6,25668.05,25656.05,25666.7,0
2026-02-17 05:16:00+00:00,25667.15,25667.65,25654.0,25656.4,0
2026-02-17 05:17:00+00:00,25656.65,25657.35,25642.75,25648.65,0
2026-02-17 05:18:00+00:00,25649.2,25658.45,25645.3,25658.2,0
2026-02-17 05:19:00+00:00,25658.1,25665.5,25656.65,25656.65,0
2026-02-17 05:20:00+00:00,25657.1,25657.6,25649.9,25655.9,0
2026-02-17 05:21:00+00:00,25655.5,25656.55,25651.9,25655.7,0
2026-02-17 05:22:00+00:00,25655.8,25657.15,25651.45,25656.95,0
2026-02-17 05:23:00+00:00,25656.75,25658.15,25650.5,25651.45,0
2026-02-17 05:24:00+00:00,25651.7,25656.7,25649.2,25656.6,0
2026-02-17 05:25:00+00:00,25656.55,25664.85,25656.25,25662.5,0
2026-02-17 05:26:00+00:00,25662.4,25666.0,25659.25,25659.45,0
2026-02-17 05:27:00+00:00,25659.2,25660.65,25656.75,25659.1,0
2026-02-17 05:28:00+00:00,25659.3,25666.3,25658.75,25662.3,0
2026-02-17 05:29:00+00:00,25662.35,25669.15,25661.85,25668.1,0
2026-02-17 05:30:00+00:00,25667.75,25669.0,25658.2,25663.65,0
2026-02-17 05:31:00+00:00,25663.4,25672.1,25662.1,25668.75,0
2026-02-17 05:32:00+00:00,25669.2,25669.55,25659.45,25666.6,0
2026-02-17 05:33:00+00:00,25666.35,25668.5,25659.35,25661.05,0
2026-02-17 05:34:00+00:00,25660.7,25667.85,25659.7,25666.55,0
2026-02-17 05:35:00+00:00,25666.8,25667.9,25662.0,25662.5,0
2026-02-17 05:36:00+00:00,25662.85,25663.1,25653.65,25658.5,0
2026-02-17 05:37:00+00:00,25658.2,25664.7,25657.35,25663.5,0
2026-02-17 05:38:00+00:00,25663.75,25672.75,25663.05,25672.4,0
2026-02-17 05:39:00+00:00,25673.15,25674.95,25667.15,25670.6,0
2026-02-17 05:40:00+00:00,25671.2,25671.2,25661.4,25664.35,0
2026-02-17 05:41:00+00:00,25664.25,25670.95,25661.6,25670.95,0
2026-02-17 05:42:00+00:00,25670.75,25674.95,25670.55,25671.5,0
2026-02-17 05:43:00+00:00,25671.5,25673.15,25667.95,25670.9,0
2026-02-17 05:44:00+00:00,25670.8,25673.1,25668.7,25673.1,0
2026-02-17 05:45:00+00:00,25673.95,25675.2,25669.5,25675.2,0
2026-02-17 05:46:00+00:00,25675.4,25680.4,25674.3,25676.85,0
2026-02-17 05:47:00+00:00,25676.95,25685.8,25675.7,25685.35,0
2026-02-17 05:48:00+00:00,25686.3,25690.25,25684.15,25686.9,0
2026-02-17 05:49:00+00:00,25686.25,25686.6,25680.55,25685.8,0
2026-02-17 05:50:00+00:00,25685.6,25689.85,25681.95,25689.85,0
2026-02-17 05:51:00+00:00,25689.95,25689.95,25679.7,25680.45,0
2026-02-17 05:52:00+00:00,25680.4,25689.55,25679.05,25686.3,0
2026-02-17 05:53:00+00:00,25687.1,25690.15,25686.35,25687.35,0
2026-02-17 05:54:00+00:00,25687.25,25690.9,25686.1,25688.0,0
2026-02-17 05:55:00+00:00,25689.0,25689.0,25685.4,25687.25,0
2026-02-17 05:56:00+00:00,25687.1,25690.05,25685.55,25690.05,0
2026-02-17 05:57:00+00:00,25690.4,25692.85,25687.3,25690.3,0
2026-02-17 05:58:00+00:00,25690.15,25695.55,25688.75,25693.85,0
2026-02-17 05:59:00+00:00,25694.0,25694.9,25689.45,25693.6,0
2026-02-17 06:00:00+00:00,25693.95,25694.5,25687.55,25691.3,0
2026-02-17 06:01:00+00:00,25690.85,25695.7,25689.55,25690.35,0
2026-02-17 06:02:00+00:00,25690.75,25701.0,25688.8,25701.0,0
2026-02-17 06:03:00+00:00,25700.65,25722.4,25699.85,25719.85,0
2026-02-17 06:04:00+00:00,25719.85,25723.85,25715.75,25721.45,0
2026-02-17 06:05:00+00:00,25721.2,25721.4,25716.75,25721.3,0
2026-02-17 06:06:00+00:00,25722.0,25729.55,25718.25,25728.45,0
2026-02-17 06:07:00+00:00,25728.4,25735.95,25727.7,25734.3,0
2026-02-17 06:08:00+00:00,25733.9,25745.75,25731.35,25734.75,0
2026-02-17 06:09:00+00:00,25735.15,25736.85,25727.3,25730.55,0
2026-02-17 06:10:00+00:00,25730.65,25732.25,25723.3,25727.0,0
2026-02-17 06:11:00+00:00,25726.65,25728.1,25722.4,25723.8,0
2026-02-17 06:12:00+00:00,25723.75,25723.75,25708.5,25709.6,0
2026-02-17 06:13:00+00:00,25709.4,25718.6,25708.9,25718.6,0
2026-02-17 06:14:00+00:00,25718.5,25724.35,25714.85,25722.35,0
2026-02-17 06:15:00+00:00,25722.75,25734.35,25722.6,25733.45,0
2026-02-17 06:16:00+00:00,25733.65,25737.5,25732.1,25736.95,0
2026-02-17 06:17:00+00:00,25736.8,25737.95,25730.3,25736.4,0
2026-02-17 06:18:00+00:00,25736.2,25741.65,25734.2,25737.45,0
2026-02-17 06:19:00+00:00,25737.2,25739.65,25735.0,25738.05,0
2026-02-17 06:20:00+00:00,25738.0,25738.55,25733.05,25736.15,0
2026-02-17 06:21:00+00:00,25735.25,25737.8,25733.6,25735.85,0
2026-02-17 06:22:00+00:00,25735.9,25741.2,25734.1,25737.7,0
2026-02-17 06:23:00+00:00,25738.0,25739.9,25735.3,25738.8,0
2026-02-17 06:24:00+00:00,25738.85,25741.8,25737.5,25741.6,0
2026-02-17 06:25:00+00:00,25741.4,25741.8,25734.35,25734.9,0
2026-02-17 06:26:00+00:00,25735.55,25739.05,25734.7,25736.2,0
2026-02-17 06:27:00+00:00,25736.95,25739.2,25729.1,25730.4,0
2026-02-17 06:28:00+00:00,25731.2,25732.3,25725.6,25730.5,0
2026-02-17 06:29:00+00:00,25730.15,25732.95,25726.55,25729.45,0
2026-02-17 06:30:00+00:00,25730.0,25734.6,25729.1,25730.3,0
2026-02-17 06:31:00+00:00,25730.5,25734.9,25729.7,25734.6,0
2026-02-17 06:32:00+00:00,25734.3,25737.25,25732.0,25733.6,0
2026-02-17 06:33:00+00:00,25734.0,25734.95,25729.35,25732.1,0
2026-02-17 06:34:00+00:00,25731.15,25731.95,25722.15,25724.0,0
2026-02-17 06:35:00+00:00,25723.75,25731.25,25722.55,25727.2,0
2026-02-17 06:36:00+00:00,25727.55,25730.2,25723.3,25729.7,0
2026-02-17 06:37:00+00:00,25729.7,25732.6,25725.5,25731.4,0
2026-02-17 06:38:00+00:00,25731.5,25732.7,25724.1,25726.45,0
2026-02-17 06:39:00+00:00,25725.7,25728.05,25723.1,25726.1,0
2026-02-17 06:40:00+00:00,25725.95,25731.45,25724.4,25727.85,0
2026-02-17 06:41:00+00:00,25727.7,25727.75,25719.35,25719.55,0
2026-02-17 06:42:00+00:00,25720.1,25725.6,25718.8,25725.6,0
2026-02-17 06:43:00+00:00,25726.45,25727.8,25723.3,25725.85,0
2026-02-17 06:44:00+00:00,25727.0,25727.9,25719.65,25721.7,0
2026-02-17 06:45:00+00:00,25722.55,25731.2,25721.85,25731.15,0
2026-02-17 06:46:00+00:00,25731.45,25733.55,25729.95,25732.7,0
2026-02-17 06:47:00+00:00,25733.45,25736.45,25730.4,25735.55,0
2026-02-17 06:48:00+00:00,25735.2,25740.55,25735.05,25738.95,0
2026-02-17 06:49:00+00:00,25739.15,25744.35,25738.25,25742.1,0
2026-02-17 06:50:00+00:00,25741.95,25746.1,25740.2,25744.2,0
2026-02-17 06:51:00+00:00,25744.0,25745.35,25738.15,25739.55,0
2026-02-17 06:52:00+00:00,25739.8,25741.15,25737.45,25740.15,0
2026-02-17 06:53:00+00:00,25739.65,25750.35,25738.35,25747.25,0
2026-02-17 06:54:00+00:00,25747.8,25751.1,25746.3,25747.4,0
2026-02-17 06:55:00+00:00,25747.35,25751.5,25747.25,25750.6,0
2026-02-17 06:56:00+00:00,25750.25,25753.85,25745.1,25745.45,0
2026-02-17 06:57:00+00:00,25745.95,25745.95,25737.65,25738.35,0
2026-02-17 06:58:00+00:00,25738.4,25738.85,25732.35,25735.5,0
2026-02-17 06:59:00+00:00,25735.6,25735.6,25730.45,25733.65,0
2026-02-17 07:00:00+00:00,25733.9,25740.1,25729.15,25731.55,0
2026-02-17 07:01:00+00:00,25730.3,25736.5,25728.1,25736.5,0
2026-02-17 07:02:00+00:00,25735.75,25739.4,25733.8,25733.8,0
2026-02-17 07:03:00+00:00,25734.55,25738.25,25733.55,25736.35,0
2026-02-17 07:04:00+00:00,25735.55,25737.55,25730.85,25735.7,0
2026-02-17 07:05:00+00:00,25735.5,25736.6,25732.6,25735.6,0
2026-02-17 07:06:00+00:00,25736.0,25737.55,25732.95,25733.4,0
2026-02-17 07:07:00+00:00,25732.6,25733.75,25727.85,25728.95,0
2026-02-17 07:08:00+00:00,25728.3,25730.35,25725.35,25729.2,0
2026-02-17 07:09:00+00:00,25728.0,25734.6,25727.65,25733.75,0
2026-02-17 07:10:00+00:00,25732.8,25738.3,25730.4,25738.2,0
2026-02-17 07:11:00+00:00,25736.95,25737.55,25728.55,25732.95,0
2026-02-17 07:12:00+00:00,25730.65,25735.1,25729.6,25734.7,0
2026-02-17 07:13:00+00:00,25733.35,25738.7,25732.5,25736.3,0
2026-02-17 07:14:00+00:00,25735.9,25741.25,25735.25,25738.7,0
2026-02-17 07:15:00+00:00,25738.25,25741.75,25736.25,25739.75,0
2026-02-17 07:16:00+00:00,25738.85,25741.8,25737.85,25739.95,0
2026-02-17 07:17:00+00:00,25738.95,25742.15,25736.75,25738.05,0
2026-02-17 07:18:00+00:00,25736.1,25740.6,25736.1,25740.6,0
2026-02-17 07:19:00+00:00,25738.7,25741.6,25737.35,25741.0,0
2026-02-17 07:20:00+00:00,25740.6,25742.3,25737.1,25739.6,0
2026-02-17 07:21:00+00:00,25738.65,25742.55,25738.0,25742.5,0
2026-02-17 07:22:00+00:00,25741.25,25749.3,25741.1,25749.2,0
2026-02-17 07:23:00+00:00,25748.05,25760.85,25748.05,25759.3,0
2026-02-17 07:24:00+00:00,25756.5,25759.05,25752.35,25753.95,0
2026-02-17 07:25:00+00:00,25752.55,25755.6,25751.05,25752.85,0
2026-02-17 07:26:00+00:00,25751.55,25752.1,25740.1,25741.4,0
2026-02-17 07:27:00+00:00,25739.4,25741.75,25733.2,25735.5,0
2026-02-17 07:28:00+00:00,25734.15,25738.25,25732.7,25738.25,0
2026-02-17 07:29:00+00:00,25736.65,25739.8,25732.2,25733.8,0
2026-02-17 07:30:00+00:00,25733.6,25737.5,25733.0,25734.9,0
2026-02-17 07:31:00+00:00,25734.25,25735.35,25728.15,25733.4,0
2026-02-17 07:32:00+00:00,25732.85,25739.65,25732.5,25736.7,0
2026-02-17 07:33:00+00:00,25735.85,25735.85,25729.8,25731.85,0
2026-02-17 07:34:00+00:00,25732.7,25732.9,25717.05,25717.05,0
2026-02-17 07:35:00+00:00,25716.25,25720.05,25713.9,25719.3,0
2026-02-17 07:36:00+00:00,25719.45,25734.15,25717.75,25734.15,0
2026-02-17 07:37:00+00:00,25734.4,25746.95,25734.4,25745.55,0
2026-02-17 07:38:00+00:00,25744.6,25752.9,25744.35,25751.6,0
2026-02-17 07:39:00+00:00,25751.4,25761.6,25751.4,25759.45,0
2026-02-17 07:40:00+00:00,25760.05,25764.4,25754.1,25757.75,0
2026-02-17 07:41:00+00:00,25757.7,25757.85,25751.25,25751.8,0
2026-02-17 07:42:00+00:00,25750.85,25755.35,25750.7,25753.05,0
2026-02-17 07:43:00+00:00,25751.75,25751.75,25733.65,25735.6,0
2026-02-17 07:44:00+00:00,25736.9,25737.85,25728.55,25736.35,0
2026-02-17 07:45:00+00:00,25736.25,25737.0,25728.5,25731.0,0
2026-02-17 07:46:00+00:00,25730.95,25733.15,25726.4,25733.1,0
2026-02-17 07:47:00+00:00,25732.85,25734.95,25725.75,25732.45,0
2026-02-17 07:48:00+00:00,25732.4,25734.8,25730.2,25732.7,0
2026-02-17 07:49:00+00:00,25732.5,25739.65,25732.15,25736.1,0
2026-02-17 07:50:00+00:00,25735.05,25741.05,25735.05,25740.9,0
2026-02-17 07:51:00+00:00,25740.2,25743.2,25737.5,25742.35,0
2026-02-17 07:52:00+00:00,25742.6,25748.0,25739.15,25748.0,0
2026-02-17 07:53:00+00:00,25747.15,25747.9,25739.9,25739.95,0
2026-02-17 07:54:00+00:00,25739.8,25743.35,25737.35,25740.4,0
2026-02-17 07:55:00+00:00,25740.2,25742.1,25735.25,25736.9,0
2026-02-17 07:56:00+00:00,25737.35,25740.15,25735.3,25737.4,0
2026-02-17 07:57:00+00:00,25736.55,25739.9,25735.1,25739.9,0
2026-02-17 07:58:00+00:00,25739.25,25741.8,25738.2,25741.5,0
2026-02-17 07:59:00+00:00,25740.95,25741.6,25738.15,25740.1,0
2026-02-17 08:00:00+00:00,25740.95,25747.1,25740.95,25746.05,0
2026-02-17 08:01:00+00:00,25746.8,25752.55,25746.25,25752.3,0
2026-02-17 08:02:00+00:00,25751.55,25756.15,25750.65,25755.75,0
2026-02-17 08:03:00+00:00,25755.6,25759.95,25753.9,25758.7,0
2026-02-17 08:04:00+00:00,25758.4,25758.4,25750.45,25751.8,0
2026-02-17 08:05:00+00:00,25752.9,25755.7,25748.65,25754.25,0
2026-02-17 08:06:00+00:00,25754.75,25760.55,25752.55,25758.9,0
2026-02-17 08:07:00+00:00,25758.5,25761.95,25754.05,25754.5,0
2026-02-17 08:08:00+00:00,25754.85,25754.85,25738.05,25741.15,0
2026-02-17 08:09:00+00:00,25742.15,25747.65,25738.5,25742.25,0
2026-02-17 08:10:00+00:00,25742.6,25746.45,25740.8,25744.85,0
2026-02-17 08:11:00+00:00,25745.1,25754.1,25744.25,25745.55,0
2026-02-17 08:12:00+00:00,25746.2,25751.55,25744.9,25750.5,0
2026-02-17 08:13:00+00:00,25750.75,25752.5,25748.6,25750.9,0
2026-02-17 08:14:00+00:00,25750.65,25750.95,25744.0,25744.7,0
2026-02-17 08:15:00+00:00,25744.8,25749.4,25744.7,25747.6,0
2026-02-17 08:16:00+00:00,25747.25,25749.8,25744.7,25746.2,0
2026-02-17 08:17:00+00:00,25746.85,25748.1,25731.1,25732.0,0
2026-02-17 08:18:00+00:00,25732.65,25740.25,25730.9,25738.15,0
2026-02-17 08:19:00+00:00,25737.15,25741.1,25733.25,25735.15,0
2026-02-17 08:20:00+00:00,25735.25,25735.3,25727.2,25730.6,0
2026-02-17 08:21:00+00:00,25730.05,25730.85,25726.7,25729.7,0
2026-02-17 08:22:00+00:00,25729.45,25739.1,25729.15,25734.6,0
2026-02-17 08:23:00+00:00,25734.6,25741.6,25733.0,25738.05,0
2026-02-17 08:24:00+00:00,25737.55,25737.55,25730.6,25731.95,0
2026-02-17 08:25:00+00:00,25731.7,25731.7,25719.85,25719.95,0
2026-02-17 08:26:00+00:00,25720.3,25720.3,25711.5,25712.15,0
2026-02-17 08:27:00+00:00,25711.7,25711.7,25697.75,25698.6,0
2026-02-17 08:28:00+00:00,25699.1,25701.8,25697.8,25700.15,0
2026-02-17 08:29:00+00:00,25700.2,25702.1,25696.75,25698.85,0
2026-02-17 08:30:00+00:00,25699.45,25704.9,25697.15,25704.6,0
2026-02-17 08:31:00+00:00,25707.0,25725.35,25703.75,25722.8,0
2026-02-17 08:32:00+00:00,25722.55,25725.35,25714.85,25724.3,0
2026-02-17 08:33:00+00:00,25724.95,25731.65,25723.25,25725.75,0
2026-02-17 08:34:00+00:00,25724.35,25732.8,25724.25,25726.1,0
2026-02-17 08:35:00+00:00,25728.0,25734.15,25726.55,25729.2,0
2026-02-17 08:36:00+00:00,25730.25,25730.25,25721.85,25726.3,0
2026-02-17 08:37:00+00:00,25727.25,25727.6,25724.3,25725.85,0
2026-02-17 08:38:00+00:00,25727.15,25732.15,25724.45,25725.8,0
2026-02-17 08:39:00+00:00,25726.3,25728.1,25710.05,25710.5,0
2026-02-17 08:40:00+00:00,25710.65,25710.65,25702.9,25703.75,0
2026-02-17 08:41:00+00:00,25703.45,25707.6,25701.45,25702.4,0
2026-02-17 08:42:00+00:00,25702.55,25703.6,25689.25,25690.5,0
2026-02-17 08:43:00+00:00,25690.85,25690.85,25667.8,25671.05,0
2026-02-17 08:44:00+00:00,25671.3,25674.65,25668.3,25670.95,0
2026-02-17 08:45:00+00:00,25670.7,25674.9,25662.6,25674.8,0
2026-02-17 08:46:00+00:00,25674.85,25703.2,25674.2,25703.2,0
2026-02-17 08:47:00+00:00,25703.35,25703.9,25688.7,25691.25,0
2026-02-17 08:48:00+00:00,25691.35,25699.95,25690.85,25699.95,0
2026-02-17 08:49:00+00:00,25699.3,25702.7,25695.05,25697.2,0
2026-02-17 08:50:00+00:00,25696.85,25699.65,25695.75,25699.4,0
2026-02-17 08:51:00+00:00,25700.5,25705.8,25699.0,25704.35,0
2026-02-17 08:52:00+00:00,25703.9,25705.15,25698.85,25701.15,0
2026-02-17 08:53:00+00:00,25701.05,25702.8,25693.2,25699.6,0
2026-02-17 08:54:00+00:00,25700.0,25700.1,25695.35,25698.2,0
2026-02-17 08:55:00+00:00,25698.25,25699.35,25694.85,25696.35,0
2026-02-17 08:56:00+00:00,25696.55,25699.8,25692.3,25699.15,0
2026-02-17 08:57:00+00:00,25699.15,25705.3,25695.85,25696.6,0
2026-02-17 08:58:00+00:00,25695.9,25698.6,25684.15,25684.15,0
2026-02-17 08:59:00+00:00,25685.15,25689.2,25683.05,25683.35,0
2026-02-17 09:00:00+00:00,25686.1,25686.9,25680.8,25685.05,0
2026-02-17 09:01:00+00:00,25685.8,25686.0,25677.1,25677.7,0
2026-02-17 09:02:00+00:00,25677.05,25687.9,25675.5,25685.7,0
2026-02-17 09:03:00+00:00,25686.55,25693.9,25682.2,25692.55,0
2026-02-17 09:04:00+00:00,25692.4,25697.1,25688.75,25696.05,0
2026-02-17 09:05:00+00:00,25695.7,25697.35,25691.85,25695.0,0
2026-02-17 09:06:00+00:00,25695.1,25701.3,25691.95,25701.3,0
2026-02-17 09:07:00+00:00,25701.6,25707.9,25699.7,25704.9,0
2026-02-17 09:08:00+00:00,25704.95,25716.15,25704.95,25715.35,0
2026-02-17 09:09:00+00:00,25715.35,25726.35,25715.35,25724.25,0
2026-02-17 09:10:00+00:00,25723.2,25733.45,25720.8,25728.0,0
2026-02-17 09:11:00+00:00,25730.25,25730.25,25714.75,25724.15,0
2026-02-17 09:12:00+00:00,25724.1,25729.65,25723.7,25729.3,0
2026-02-17 09:13:00+00:00,25728.9,25733.2,25724.05,25725.15,0
2026-02-17 09:14:00+00:00,25725.05,25725.05,25716.55,25717.3,0
2026-02-17 09:15:00+00:00,25717.3,25719.85,25710.25,25712.9,0
2026-02-17 09:16:00+00:00,25713.5,25715.05,25710.2,25712.85,0
2026-02-17 09:17:00+00:00,25713.55,25714.7,25711.0,25713.4,0
2026-02-17 09:18:00+00:00,25713.55,25714.0,25704.8,25709.4,0
2026-02-17 09:19:00+00:00,25709.0,25712.1,25706.15,25708.95,0
2026-02-17 09:20:00+00:00,25709.85,25712.2,25703.9,25708.05,0
2026-02-17 09:21:00+00:00,25708.45,25711.95,25705.65,25711.45,0
2026-02-17 09:22:00+00:00,25712.05,25714.6,25709.7,25713.0,0
2026-02-17 09:23:00+00:00,25712.65,25712.65,25705.7,25711.5,0
2026-02-17 09:24:00+00:00,25711.8,25718.65,25710.7,25717.15,0
2026-02-17 09:25:00+00:00,25717.85,25721.0,25710.95,25710.95,0
2026-02-17 09:26:00+00:00,25711.3,25711.3,25691.15,25693.25,0
2026-02-17 09:27:00+00:00,25693.0,25701.6,25693.0,25699.45,0
2026-02-17 09:28:00+00:00,25698.75,25710.45,25698.75,25709.05,0
2026-02-17 09:29:00+00:00,25709.4,25713.5,25707.9,25711.9,0
2026-02-17 09:30:00+00:00,25713.1,25732.95,25713.1,25730.7,0
2026-02-17 09:31:00+00:00,25731.4,25746.3,25727.5,25741.1,0
2026-02-17 09:32:00+00:00,25742.7,25745.45,25723.45,25723.75,0
2026-02-17 09:33:00+00:00,25725.3,25726.2,25716.85,25717.6,0
2026-02-17 09:34:00+00:00,25719.7,25720.25,25709.75,25709.75,0
2026-02-17 09:35:00+00:00,25711.05,25717.75,25703.0,25717.25,0
2026-02-17 09:36:00+00:00,25718.65,25731.1,25716.0,25730.25,0
2026-02-17 09:37:00+00:00,25731.15,25737.05,25728.85,25732.85,0
2026-02-17 09:38:00+00:00,25735.75,25738.4,25727.3,25732.9,0
2026-02-17 09:39:00+00:00,25731.1,25743.75,25729.05,25741.85,0
2026-02-17 09:40:00+00:00,25743.9,25744.35,25718.1,25718.1,0
2026-02-17 09:41:00+00:00,25719.8,25723.65,25713.8,25719.05,0
2026-02-17 09:42:00+00:00,25720.1,25726.0,25718.0,25724.7,0
2026-02-17 09:43:00+00:00,25724.85,25728.45,25722.15,25725.1,0
2026-02-17 09:44:00+00:00,25724.6,25726.0,25721.7,25724.85,0
2026-02-17 09:45:00+00:00,25725.45,25725.85,25722.45,25724.85,0
2026-02-17 09:46:00+00:00,25724.2,25727.25,25722.25,25727.25,0
2026-02-17 09:47:00+00:00,25726.8,25729.15,25724.45,25726.5,0
2026-02-17 09:48:00+00:00,25728.2,25728.2,25717.05,25718.5,0
2026-02-17 09:49:00+00:00,25722.45,25722.45,25714.85,25720.35,0
2026-02-17 09:50:00+00:00,25720.5,25730.55,25718.05,25728.65,0
2026-02-17 09:51:00+00:00,25728.05,25731.85,25725.8,25730.4,0
2026-02-17 09:52:00+00:00,25729.8,25731.65,25724.65,25728.25,0
2026-02-17 09:53:00+00:00,25728.55,25729.25,25725.55,25726.95,0
2026-02-17 09:54:00+00:00,25727.7,25727.7,25720.9,25724.55,0
2026-02-17 09:55:00+00:00,25725.0,25728.1,25719.95,25724.65,0
2026-02-17 09:56:00+00:00,25723.6,25724.95,25720.1,25721.45,0
2026-02-17 09:57:00+00:00,25723.05,25725.25,25719.4,25720.7,0
2026-02-17 09:58:00+00:00,25722.4,25724.55,25719.25,25720.85,0
2026-02-17 09:59:00+00:00,25720.05,25722.9,25713.8,25716.0,0
2026-02-18 03:45:00+00:00,25752.65,25759.75,25709.8,25713.6,0
2026-02-18 03:46:00+00:00,25711.1,25722.4,25705.4,25717.0,0
2026-02-18 03:47:00+00:00,25720.1,25731.0,25718.4,25731.0,0
2026-02-18 03:48:00+00:00,25733.25,25733.5,25722.7,25730.6,0
2026-02-18 03:49:00+00:00,25731.25,25747.55,25731.2,25742.05,0
2026-02-18 03:50:00+00:00,25742.0,25742.0,25723.75,25725.9,0
2026-02-18 03:51:00+00:00,25725.7,25728.2,25713.0,25723.3,0
2026-02-18 03:52:00+00:00,25722.5,25726.75,25716.1,25719.75,0
2026-02-18 03:53:00+00:00,25721.05,25727.55,25709.5,25711.5,0
2026-02-18 03:54:00+00:00,25713.65,25717.65,25704.4,25704.5,0
2026-02-18 03:55:00+00:00,25705.4,25723.65,25697.75,25721.45,0
2026-02-18 03:56:00+00:00,25723.5,25724.3,25717.35,25722.65,0
2026-02-18 03:57:00+00:00,25724.8,25738.2,25722.95,25735.85,0
2026-02-18 03:58:00+00:00,25735.8,25737.55,25721.85,25722.15,0
2026-02-18 03:59:00+00:00,25722.75,25730.5,25721.25,25728.5,0
2026-02-18 04:00:00+00:00,25730.25,25732.65,25721.75,25723.65,0
2026-02-18 04:01:00+00:00,25726.15,25726.9,25711.95,25711.95,0
2026-02-18 04:02:00+00:00,25713.25,25727.25,25712.65,25718.75,0
2026-02-18 04:03:00+00:00,25719.7,25736.45,25719.7,25730.0,0
2026-02-18 04:04:00+00:00,25731.15,25732.5,25724.1,25731.45,0
2026-02-18 04:05:00+00:00,25731.8,25735.95,25725.85,25733.5,0
2026-02-18 04:06:00+00:00,25733.35,25741.1,25729.4,25739.35,0
2026-02-18 04:07:00+00:00,25741.2,25743.95,25737.35,25741.7,0
2026-02-18 04:08:00+00:00,25741.35,25743.4,25737.1,25741.55,0
2026-02-18 04:09:00+00:00,25742.35,25745.4,25737.15,25737.15,0
2026-02-18 04:10:00+00:00,25738.6,25743.7,25733.6,25738.1,0
2026-02-18 04:11:00+00:00,25740.3,25745.45,25737.6,25741.85,0
2026-02-18 04:12:00+00:00,25744.4,25745.25,25733.15,25733.8,0
2026-02-18 04:13:00+00:00,25736.6,25740.55,25732.45,25740.05,0
2026-02-18 04:14:00+00:00,25739.35,25746.65,25736.3,25741.85,0
2026-02-18 04:15:00+00:00,25741.85,25744.45,25732.6,25734.6,0
2026-02-18 04:16:00+00:00,25735.4,25736.35,25729.55,25730.15,0
2026-02-18 04:17:00+00:00,25731.4,25731.4,25715.95,25718.45,0
2026-02-18 04:18:00+00:00,25720.55,25724.6,25714.05,25721.25,0
2026-02-18 04:19:00+00:00,25723.8,25725.45,25718.15,25720.45,0
2026-02-18 04:20:00+00:00,25722.1,25722.1,25714.8,25716.8,0
2026-02-18 04:21:00+00:00,25719.1,25724.2,25715.55,25717.0,0
2026-02-18 04:22:00+00:00,25720.25,25720.25,25713.35,25713.35,0
2026-02-18 04:23:00+00:00,25714.95,25714.95,25705.2,25711.7,0
2026-02-18 04:24:00+00:00,25713.9,25714.1,25699.35,25702.35,0
2026-02-18 04:25:00+00:00,25701.85,25702.0,25679.05,25679.9,0
2026-02-18 04:26:00+00:00,25680.3,25681.8,25672.65,25677.8,0
2026-02-18 04:27:00+00:00,25678.0,25678.0,25664.65,25668.45,0
2026-02-18 04:28:00+00:00,25670.35,25673.65,25665.2,25665.7,0
2026-02-18 04:29:00+00:00,25668.55,25668.55,25655.75,25665.45,0
2026-02-18 04:30:00+00:00,25666.6,25666.85,25651.7,25656.85,0
2026-02-18 04:31:00+00:00,25659.05,25664.55,25650.25,25660.75,0
2026-02-18 04:32:00+00:00,25661.85,25661.85,25655.35,25657.65,0
2026-02-18 04:33:00+00:00,25658.05,25661.5,25656.4,25661.05,0
2026-02-18 04:34:00+00:00,25661.65,25669.15,25659.65,25666.45,0
2026-02-18 04:35:00+00:00,25668.3,25674.15,25666.85,25669.8,0
2026-02-18 04:36:00+00:00,25670.65,25674.85,25669.7,25671.0,0
2026-02-18 04:37:00+00:00,25672.5,25673.35,25658.55,25659.3,0
2026-02-18 04:38:00+00:00,25658.8,25665.25,25652.3,25664.35,0
2026-02-18 04:39:00+00:00,25664.8,25669.6,25663.8,25665.45,0
2026-02-18 04:40:00+00:00,25666.8,25666.8,25658.5,25661.95,0
2026-02-18 04:41:00+00:00,25663.15,25672.65,25660.15,25671.1,0
2026-02-18 04:42:00+00:00,25671.75,25674.55,25667.35,25672.35,0
2026-02-18 04:43:00+00:00,25673.1,25673.4,25665.0,25668.0,0
2026-02-18 04:44:00+00:00,25669.55,25670.85,25661.95,25661.95,0
2026-02-18 04:45:00+00:00,25663.85,25668.05,25661.4,25663.1,0
2026-02-18 04:46:00+00:00,25665.35,25665.35,25655.8,25657.35,0
2026-02-18 04:47:00+00:00,25658.55,25658.55,25645.6,25650.5,0
2026-02-18 04:48:00+00:00,25653.3,25671.75,25651.45,25670.85,0
2026-02-18 04:49:00+00:00,25672.65,25675.0,25670.85,25671.35,0
2026-02-18 04:50:00+00:00,25672.65,25674.05,25664.55,25664.55,0
2026-02-18 04:51:00+00:00,25665.4,25667.9,25662.7,25664.05,0
2026-02-18 04:52:00+00:00,25666.2,25668.7,25659.85,25665.25,0
2026-02-18 04:53:00+00:00,25668.45,25670.05,25664.55,25665.35,0
2026-02-18 04:54:00+00:00,25666.0,25675.6,25664.6,25670.3,0
2026-02-18 04:55:00+00:00,25670.95,25671.05,25663.9,25664.4,0
2026-02-18 04:56:00+00:00,25664.7,25664.8,25652.1,25657.25,0
2026-02-18 04:57:00+00:00,25657.55,25658.8,25652.05,25652.75,0
2026-02-18 04:58:00+00:00,25654.25,25654.3,25645.15,25654.2,0
2026-02-18 04:59:00+00:00,25654.2,25667.1,25653.3,25665.35,0
2026-02-18 05:00:00+00:00,25666.2,25666.95,25660.0,25662.2,0
2026-02-18 05:01:00+00:00,25662.4,25669.75,25659.35,25665.5,0
2026-02-18 05:02:00+00:00,25668.6,25669.15,25663.95,25665.8,0
2026-02-18 05:03:00+00:00,25666.65,25673.85,25665.1,25673.85,0
2026-02-18 05:04:00+00:00,25673.35,25675.1,25671.1,25673.0,0
2026-02-18 05:05:00+00:00,25673.35,25678.4,25671.0,25677.8,0
2026-02-18 05:06:00+00:00,25678.15,25678.15,25675.5,25678.0,0
2026-02-18 05:07:00+00:00,25677.85,25684.7,25675.35,25676.9,0
2026-02-18 05:08:00+00:00,25677.5,25677.75,25664.5,25666.2,0
2026-02-18 05:09:00+00:00,25666.55,25670.1,25660.75,25660.75,0
2026-02-18 05:10:00+00:00,25662.8,25664.2,25656.1,25660.1,0
2026-02-18 05:11:00+00:00,25659.7,25659.95,25654.7,25659.55,0
2026-02-18 05:12:00+00:00,25661.1,25667.45,25661.1,25665.85,0
2026-02-18 05:13:00+00:00,25666.85,25667.15,25662.85,25663.55,0
2026-02-18 05:14:00+00:00,25664.7,25664.9,25660.75,25660.75,0
2026-02-18 05:15:00+00:00,25661.9,25666.9,25658.85,25664.0,0
2026-02-18 05:16:00+00:00,25664.1,25670.35,25663.4,25670.3,0
2026-02-18 05:17:00+00:00,25670.7,25679.75,25670.45,25679.55,0
2026-02-18 05:18:00+00:00,25679.45,25682.0,25676.1,25680.0,0
2026-02-18 05:19:00+00:00,25680.25,25683.6,25678.5,25681.85,0
2026-02-18 05:20:00+00:00,25681.55,25685.1,25680.15,25683.4,0
2026-02-18 05:21:00+00:00,25683.6,25684.15,25678.6,25682.25,0
2026-02-18 05:22:00+00:00,25682.3,25686.75,25680.7,25685.8,0
2026-02-18 05:23:00+00:00,25685.85,25693.85,25685.0,25693.6,0
2026-02-18 05:24:00+00:00,25694.25,25696.8,25688.5,25691.65,0
2026-02-18 05:25:00+00:00,25692.2,25693.45,25688.05,25691.25,0
2026-02-18 05:26:00+00:00,25692.45,25696.85,25691.5,25693.9,0
2026-02-18 05:27:00+00:00,25695.1,25699.25,25692.55,25698.5,0
2026-02-18 05:28:00+00:00,25698.9,25704.8,25696.85,25703.9,0
2026-02-18 05:29:00+00:00,25704.3,25708.0,25702.45,25703.2,0
2026-02-18 05:30:00+00:00,25706.0,25709.0,25702.8,25707.85,0
2026-02-18 05:31:00+00:00,25708.25,25708.45,25701.5,25701.85,0
2026-02-18 05:32:00+00:00,25703.2,25708.2,25700.9,25705.9,0
2026-02-18 05:33:00+00:00,25705.8,25706.35,25698.65,25700.8,0
2026-02-18 05:34:00+00:00,25700.5,25707.8,25699.95,25706.15,0
2026-02-18 05:35:00+00:00,25706.0,25706.65,25698.2,25699.95,0
2026-02-18 05:36:00+00:00,25700.55,25702.35,25697.45,25699.15,0
2026-02-18 05:37:00+00:00,25701.65,25704.65,25697.2,25702.15,0
2026-02-18 05:38:00+00:00,25703.3,25704.75,25699.25,25703.15,0
2026-02-18 05:39:00+00:00,25704.4,25705.75,25701.45,25703.85,0
2026-02-18 05:40:00+00:00,25703.95,25705.85,25701.75,25704.9,0
2026-02-18 05:41:00+00:00,25705.6,25705.6,25700.1,25701.6,0
2026-02-18 05:42:00+00:00,25702.0,25702.1,25691.15,25693.0,0
2026-02-18 05:43:00+00:00,25693.2,25697.1,25689.3,25694.6,0
2026-02-18 05:44:00+00:00,25694.55,25702.7,25694.05,25700.05,0
2026-02-18 05:45:00+00:00,25700.7,25701.8,25693.45,25696.4,0
2026-02-18 05:46:00+00:00,25697.9,25698.15,25692.4,25693.25,0
2026-02-18 05:47:00+00:00,25693.75,25693.95,25684.9,25686.45,0
2026-02-18 05:48:00+00:00,25686.7,25693.45,25686.55,25686.6,0
2026-02-18 05:49:00+00:00,25688.25,25689.9,25683.5,25686.55,0
2026-02-18 05:50:00+00:00,25688.45,25693.4,25686.45,25693.4,0
2026-02-18 05:51:00+00:00,25693.25,25694.0,25688.95,25691.7,0
2026-02-18 05:52:00+00:00,25692.55,25696.05,25691.3,25695.2,0
2026-02-18 05:53:00+00:00,25695.75,25697.7,25692.75,25694.35,0
2026-02-18 05:54:00+00:00,25695.2,25695.2,25685.8,25688.0,0
2026-02-18 05:55:00+00:00,25687.7,25690.2,25683.95,25684.15,0
2026-02-18 05:56:00+00:00,25685.35,25692.5,25679.95,25690.55,0
2026-02-18 05:57:00+00:00,25690.8,25692.9,25686.35,25691.2,0
2026-02-18 05:58:00+00:00,25691.15,25694.95,25690.2,25694.05,0
2026-02-18 05:59:00+00:00,25694.1,25697.55,25690.15,25693.55,0
2026-02-18 06:00:00+00:00,25694.9,25697.7,25687.6,25691.65,0
2026-02-18 06:01:00+00:00,25691.6,25697.85,25691.15,25693.35,0
2026-02-18 06:02:00+00:00,25692.7,25700.35,25692.05,25695.3,0
2026-02-18 06:03:00+00:00,25695.6,25701.35,25694.3,25701.35,0
2026-02-18 06:04:00+00:00,25702.45,25716.55,25701.3,25713.65,0
2026-02-18 06:05:00+00:00,25711.6,25716.4,25708.35,25712.35,0
2026-02-18 06:06:00+00:00,25711.45,25713.0,25704.7,25705.95,0
2026-02-18 06:07:00+00:00,25704.55,25706.05,25699.8,25701.4,0
2026-02-18 06:08:00+00:00,25701.75,25705.55,25698.4,25699.35,0
2026-02-18 06:09:00+00:00,25698.75,25700.6,25695.65,25698.9,0
2026-02-18 06:10:00+00:00,25698.45,25701.35,25695.4,25695.45,0
2026-02-18 06:11:00+00:00,25696.65,25697.75,25687.85,25688.6,0
2026-02-18 06:12:00+00:00,25688.65,25688.65,25680.6,25681.45,0
2026-02-18 06:13:00+00:00,25681.3,25684.9,25676.55,25681.85,0
2026-02-18 06:14:00+00:00,25682.35,25690.05,25680.3,25686.9,0
2026-02-18 06:15:00+00:00,25687.5,25690.55,25684.1,25684.65,0
2026-02-18 06:16:00+00:00,25685.75,25687.8,25683.15,25687.8,0
2026-02-18 06:17:00+00:00,25686.2,25689.7,25684.6,25687.9,0
2026-02-18 06:18:00+00:00,25688.25,25688.55,25682.65,25684.45,0
2026-02-18 06:19:00+00:00,25684.85,25689.45,25683.45,25688.65,0
2026-02-18 06:20:00+00:00,25688.2,25695.6,25688.2,25695.6,0
2026-02-18 06:21:00+00:00,25695.0,25695.45,25688.9,25691.1,0
2026-02-18 06:22:00+00:00,25691.45,25692.5,25687.4,25690.15,0
2026-02-18 06:23:00+00:00,25689.05,25691.45,25687.8,25689.3,0
2026-02-18 06:24:00+00:00,25689.4,25695.7,25688.25,25695.55,0
2026-02-18 06:25:00+00:00,25695.5,25697.65,25689.95,25695.45,0
2026-02-18 06:26:00+00:00,25696.5,25696.95,25691.55,25695.9,0
2026-02-18 06:27:00+00:00,25697.4,25697.85,25693.45,25695.75,0
2026-02-18 06:28:00+00:00,25696.05,25699.95,25693.3,25693.75,0
2026-02-18 06:29:00+00:00,25694.25,25701.9,25694.25,25701.05,0
2026-02-18 06:30:00+00:00,25702.4,25704.0,25697.15,25703.0,0
2026-02-18 06:31:00+00:00,25703.65,25710.65,25703.25,25710.5,0
2026-02-18 06:32:00+00:00,25710.7,25711.6,25706.4,25707.35,0
2026-02-18 06:33:00+00:00,25708.0,25709.2,25702.65,25706.75,0
2026-02-18 06:34:00+00:00,25706.15,25709.45,25704.4,25704.5,0
2026-02-18 06:35:00+00:00,25705.45,25707.9,25704.3,25706.45,0
2026-02-18 06:36:00+00:00,25706.5,25709.95,25705.95,25709.3,0
2026-02-18 06:37:00+00:00,25708.75,25712.55,25708.1,25712.55,0
2026-02-18 06:38:00+00:00,25712.0,25718.4,25712.0,25713.9,0
2026-02-18 06:39:00+00:00,25713.75,25716.15,25712.65,25713.25,0
2026-02-18 06:40:00+00:00,25712.45,25716.65,25712.05,25714.1,0
2026-02-18 06:41:00+00:00,25714.2,25716.5,25710.35,25713.25,0
2026-02-18 06:42:00+00:00,25713.3,25717.4,25709.65,25709.65,0
2026-02-18 06:43:00+00:00,25711.9,25714.75,25708.7,25713.2,0
2026-02-18 06:44:00+00:00,25712.75,25714.1,25709.35,25709.85,0
2026-02-18 06:45:00+00:00,25710.5,25716.25,25710.5,25714.4,0
2026-02-18 06:46:00+00:00,25715.3,25721.55,25714.5,25718.95,0
2026-02-18 06:47:00+00:00,25718.4,25720.05,25713.75,25715.45,0
2026-02-18 06:48:00+00:00,25714.95,25718.75,25714.1,25715.0,0
2026-02-18 06:49:00+00:00,25714.5,25717.95,25712.7,25713.1,0
2026-02-18 06:50:00+00:00,25714.1,25715.6,25711.95,25713.85,0
2026-02-18 06:51:00+00:00,25714.4,25720.05,25712.85,25719.2,0
2026-02-18 06:52:00+00:00,25718.95,25720.8,25715.15,25717.2,0
2026-02-18 06:53:00+00:00,25716.85,25720.15,25714.05,25719.9,0
2026-02-18 06:54:00+00:00,25720.75,25723.0,25719.3,25720.3,0
2026-02-18 06:55:00+00:00,25720.4,25722.95,25710.45,25711.7,0
2026-02-18 06:56:00+00:00,25711.8,25711.8,25704.1,25705.7,0
2026-02-18 06:57:00+00:00,25707.15,25710.0,25703.65,25706.4,0
2026-02-18 06:58:00+00:00,25709.6,25716.25,25707.0,25716.2,0
2026-02-18 06:59:00+00:00,25717.25,25719.05,25711.75,25711.75,0
2026-02-18 07:00:00+00:00,25713.9,25718.65,25709.9,25718.1,0
2026-02-18 07:01:00+00:00,25719.35,25721.4,25716.05,25720.1,0
2026-02-18 07:02:00+00:00,25719.75,25725.55,25718.35,25720.65,0
2026-02-18 07:03:00+00:00,25723.0,25726.2,25720.25,25722.45,0
2026-02-18 07:04:00+00:00,25721.45,25725.75,25721.1,25722.7,0
2026-02-18 07:05:00+00:00,25722.45,25729.95,25722.45,25725.65,0
2026-02-18 07:06:00+00:00,25725.55,25729.7,25723.15,25724.8,0
2026-02-18 07:07:00+00:00,25726.55,25732.45,25723.5,25729.45,0
2026-02-18 07:08:00+00:00,25731.55,25733.35,25726.95,25732.15,0
2026-02-18 07:09:00+00:00,25732.45,25734.4,25728.85,25732.25,0
2026-02-18 07:10:00+00:00,25732.0,25732.35,25722.4,25722.4,0
2026-02-18 07:11:00+00:00,25724.3,25724.35,25718.7,25720.1,0
2026-02-18 07:12:00+00:00,25719.4,25725.85,25718.05,25725.85,0
2026-02-18 07:13:00+00:00,25725.0,25728.65,25721.35,25726.4,0
2026-02-18 07:14:00+00:00,25725.6,25727.9,25722.3,25726.35,0
2026-02-18 07:15:00+00:00,25725.1,25729.55,25720.75,25724.75,0
2026-02-18 07:16:00+00:00,25724.2,25727.85,25723.45,25727.0,0
2026-02-18 07:17:00+00:00,25726.8,25728.35,25723.85,25726.7,0
2026-02-18 07:18:00+00:00,25726.5,25728.0,25722.55,25722.8,0
2026-02-18 07:19:00+00:00,25723.0,25724.2,25713.7,25713.95,0
2026-02-18 07:20:00+00:00,25715.2,25716.05,25711.9,25714.8,0
2026-02-18 07:21:00+00:00,25715.3,25717.75,25712.05,25712.45,0
2026-02-18 07:22:00+00:00,25713.1,25717.4,25711.95,25717.3,0
2026-02-18 07:23:00+00:00,25717.3,25726.2,25716.8,25726.05,0
2026-02-18 07:24:00+00:00,25725.55,25728.5,25725.4,25726.8,0
2026-02-18 07:25:00+00:00,25726.55,25727.55,25722.7,25722.85,0
2026-02-18 07:26:00+00:00,25723.95,25724.95,25719.55,25724.75,0
2026-02-18 07:27:00+00:00,25724.3,25730.0,25724.3,25727.65,0
2026-02-18 07:28:00+00:00,25727.45,25733.15,25725.45,25732.0,0
2026-02-18 07:29:00+00:00,25732.2,25733.9,25729.05,25731.85,0
2026-02-18 07:30:00+00:00,25732.2,25736.1,25730.45,25735.9,0
2026-02-18 07:31:00+00:00,25736.6,25742.05,25735.95,25740.2,0
2026-02-18 07:32:00+00:00,25739.6,25741.3,25728.75,25729.0,0
2026-02-18 07:33:00+00:00,25729.15,25729.95,25722.15,25727.25,0
2026-02-18 07:34:00+00:00,25726.75,25738.0,25726.6,25737.0,0
2026-02-18 07:35:00+00:00,25736.7,25741.45,25736.05,25740.5,0
2026-02-18 07:36:00+00:00,25740.3,25742.05,25738.05,25739.5,0
2026-02-18 07:37:00+00:00,25739.3,25740.25,25734.7,25735.95,0
2026-02-18 07:38:00+00:00,25735.5,25737.25,25732.15,25734.25,0
2026-02-18 07:39:00+00:00,25732.2,25735.65,25730.7,25731.75,0
2026-02-18 07:40:00+00:00,25732.95,25733.5,25720.35,25720.35,0
2026-02-18 07:41:00+00:00,25722.0,25723.85,25718.4,25721.6,0
2026-02-18 07:42:00+00:00,25722.4,25727.1,25719.55,25726.95,0
2026-02-18 07:43:00+00:00,25726.65,25728.3,25722.45,25727.65,0
2026-02-18 07:44:00+00:00,25727.25,25732.15,25724.45,25731.5,0
2026-02-18 07:45:00+00:00,25730.95,25741.35,25730.95,25739.45,0
2026-02-18 07:46:00+00:00,25738.9,25741.7,25734.45,25734.45,0
2026-02-18 07:47:00+00:00,25735.75,25737.35,25732.35,25735.0,0
2026-02-18 07:48:00+00:00,25735.9,25739.1,25735.35,25738.65,0
2026-02-18 07:49:00+00:00,25738.5,25745.6,25737.4,25740.85,0
2026-02-18 07:50:00+00:00,25741.95,25747.45,25739.55,25745.85,0
2026-02-18 07:51:00+00:00,25745.55,25749.05,25743.25,25745.65,0
2026-02-18 07:52:00+00:00,25743.8,25750.9,25741.35,25750.85,0
2026-02-18 07:53:00+00:00,25750.3,25752.45,25748.15,25752.45,0
2026-02-18 07:54:00+00:00,25752.7,25753.2,25743.85,25744.85,0
2026-02-18 07:55:00+00:00,25745.15,25746.85,25733.75,25736.05,0
2026-02-18 07:56:00+00:00,25734.9,25738.15,25728.15,25731.1,0
2026-02-18 07:57:00+00:00,25731.3,25732.75,25723.2,25725.1,0
2026-02-18 07:58:00+00:00,25725.2,25727.1,25717.8,25718.7,0
2026-02-18 07:59:00+00:00,25720.2,25728.05,25718.5,25728.05,0
2026-02-18 08:00:00+00:00,25727.25,25729.05,25722.95,25725.5,0
2026-02-18 08:01:00+00:00,25726.15,25730.5,25725.05,25726.75,0
2026-02-18 08:02:00+00:00,25727.3,25730.25,25723.7,25726.7,0
2026-02-18 08:03:00+00:00,25726.15,25728.55,25724.15,25726.65,0
2026-02-18 08:04:00+00:00,25726.65,25730.15,25725.5,25727.55,0
2026-02-18 08:05:00+00:00,25726.2,25730.95,25725.3,25729.5,0
2026-02-18 08:06:00+00:00,25729.15,25730.8,25719.85,25719.85,0
2026-02-18 08:07:00+00:00,25721.95,25727.4,25721.45,25723.25,0
2026-02-18 08:08:00+00:00,25723.2,25726.75,25723.05,25725.75,0
2026-02-18 08:09:00+00:00,25727.1,25727.85,25721.35,25721.35,0
2026-02-18 08:10:00+00:00,25721.45,25727.65,25721.25,25726.7,0
2026-02-18 08:11:00+00:00,25726.7,25729.45,25722.6,25723.7,0
2026-02-18 08:12:00+00:00,25724.6,25726.5,25719.5,25719.5,0
2026-02-18 08:13:00+00:00,25719.5,25722.15,25718.1,25718.55,0
2026-02-18 08:14:00+00:00,25719.6,25725.15,25718.95,25724.7,0
2026-02-18 08:15:00+00:00,25724.6,25731.8,25723.3,25730.65,0
2026-02-18 08:16:00+00:00,25730.85,25736.0,25727.9,25731.7,0
2026-02-18 08:17:00+00:00,25732.2,25733.6,25725.7,25726.45,0
2026-02-18 08:18:00+00:00,25728.35,25738.2,25725.6,25735.15,0
2026-02-18 08:19:00+00:00,25736.0,25739.2,25731.3,25735.5,0
2026-02-18 08:20:00+00:00,25735.15,25739.4,25735.0,25739.0,0
2026-02-18 08:21:00+00:00,25738.95,25746.15,25738.8,25744.2,0
2026-02-18 08:22:00+00:00,25744.25,25746.1,25725.65,25726.05,0
2026-02-18 08:23:00+00:00,25726.55,25728.75,25707.75,25708.55,0
2026-02-18 08:24:00+00:00,25708.15,25709.95,25699.15,25700.0,0
2026-02-18 08:25:00+00:00,25699.2,25702.9,25695.75,25699.75,0
2026-02-18 08:26:00+00:00,25700.15,25709.45,25696.3,25709.45,0
2026-02-18 08:27:00+00:00,25708.55,25718.9,25708.55,25718.25,0
2026-02-18 08:28:00+00:00,25717.1,25724.9,25716.65,25721.9,0
2026-02-18 08:29:00+00:00,25722.6,25726.55,25720.0,25724.3,0
2026-02-18 08:30:00+00:00,25724.45,25728.2,25723.25,25725.4,0
2026-02-18 08:31:00+00:00,25725.1,25726.25,25721.3,25721.5,0
2026-02-18 08:32:00+00:00,25721.9,25725.35,25720.5,25723.4,0
2026-02-18 08:33:00+00:00,25724.05,25727.75,25719.95,25723.5,0
2026-02-18 08:34:00+00:00,25724.75,25726.9,25720.3,25725.45,0
2026-02-18 08:35:00+00:00,25726.55,25732.05,25725.25,25729.75,0
2026-02-18 08:36:00+00:00,25729.8,25730.7,25726.0,25727.05,0
2026-02-18 08:37:00+00:00,25726.5,25730.0,25725.85,25730.0,0
2026-02-18 08:38:00+00:00,25729.75,25733.15,25729.15,25732.9,0
2026-02-18 08:39:00+00:00,25732.25,25735.45,25729.9,25735.45,0
2026-02-18 08:40:00+00:00,25735.05,25737.6,25733.05,25737.4,0
2026-02-18 08:41:00+00:00,25736.35,25747.4,25735.8,25747.4,0
2026-02-18 08:42:00+00:00,25746.4,25753.3,25745.3,25752.85,0
2026-02-18 08:43:00+00:00,25753.55,25756.9,25751.2,25753.7,0
2026-02-18 08:44:00+00:00,25753.2,25757.35,25751.35,25756.8,0
2026-02-18 08:45:00+00:00,25756.95,25761.95,25756.95,25758.95,0
2026-02-18 08:46:00+00:00,25759.05,25759.05,25750.6,25757.05,0
2026-02-18 08:47:00+00:00,25757.6,25762.15,25756.55,25760.85,0
2026-02-18 08:48:00+00:00,25760.9,25766.6,25759.2,25765.25,0
2026-02-18 08:49:00+00:00,25766.35,25771.95,25765.2,25771.6,0
2026-02-18 08:50:00+00:00,25771.65,25778.5,25770.7,25778.45,0
2026-02-18 08:51:00+00:00,25779.8,25785.35,25776.95,25779.95,0
2026-02-18 08:52:00+00:00,25779.9,25788.55,25778.65,25786.1,0
2026-02-18 08:53:00+00:00,25786.4,25790.5,25786.0,25788.8,0
2026-02-18 08:54:00+00:00,25788.55,25791.55,25785.35,25790.55,0
2026-02-18 08:55:00+00:00,25789.9,25792.1,25780.05,25781.5,0
2026-02-18 08:56:00+00:00,25781.4,25787.8,25778.95,25787.8,0
2026-02-18 08:57:00+00:00,25786.4,25792.85,25786.4,25790.35,0
2026-02-18 08:58:00+00:00,25790.55,25791.7,25782.75,25785.15,0
2026-02-18 08:59:00+00:00,25784.4,25787.0,25780.3,25785.2,0
2026-02-18 09:00:00+00:00,25784.2,25787.6,25782.35,25782.35,0
2026-02-18 09:01:00+00:00,25782.95,25783.45,25774.7,25777.8,0
2026-02-18 09:02:00+00:00,25777.75,25785.4,25777.75,25785.4,0
2026-02-18 09:03:00+00:00,25784.7,25789.9,25783.35,25785.4,0
2026-02-18 09:04:00+00:00,25786.05,25786.7,25778.1,25779.1,0
2026-02-18 09:05:00+00:00,25778.8,25785.5,25778.25,25782.85,0
2026-02-18 09:06:00+00:00,25783.85,25793.8,25783.45,25788.8,0
2026-02-18 09:07:00+00:00,25789.15,25791.65,25783.4,25785.0,0
2026-02-18 09:08:00+00:00,25784.85,25787.35,25779.45,25783.05,0
2026-02-18 09:09:00+00:00,25782.4,25784.25,25780.1,25781.0,0
2026-02-18 09:10:00+00:00,25780.6,25782.35,25778.15,25782.1,0
2026-02-18 09:11:00+00:00,25781.2,25784.55,25779.55,25781.35,0
2026-02-18 09:12:00+00:00,25780.65,25781.7,25776.05,25777.6,0
2026-02-18 09:13:00+00:00,25778.0,25780.6,25774.3,25777.45,0
2026-02-18 09:14:00+00:00,25778.9,25784.15,25777.5,25779.8,0
2026-02-18 09:15:00+00:00,25779.65,25781.75,25774.3,25776.15,0
2026-02-18 09:16:00+00:00,25776.35,25778.4,25773.0,25775.0,0
2026-02-18 09:17:00+00:00,25773.55,25780.7,25773.5,25775.05,0
2026-02-18 09:18:00+00:00,25774.65,25778.15,25768.45,25778.05,0
2026-02-18 09:19:00+00:00,25777.7,25781.95,25773.6,25781.45,0
2026-02-18 09:20:00+00:00,25781.85,25783.6,25778.3,25783.1,0
2026-02-18 09:21:00+00:00,25783.35,25789.6,25783.35,25789.1,0
2026-02-18 09:22:00+00:00,25789.0,25790.55,25783.85,25786.75,0
2026-02-18 09:23:00+00:00,25787.05,25788.5,25784.5,25784.5,0
2026-02-18 09:24:00+00:00,25785.6,25787.75,25782.95,25787.45,0
2026-02-18 09:25:00+00:00,25786.95,25791.2,25786.95,25789.75,0
2026-02-18 09:26:00+00:00,25790.15,25794.6,25789.1,25793.15,0
2026-02-18 09:27:00+00:00,25793.55,25796.2,25792.0,25794.7,0
2026-02-18 09:28:00+00:00,25794.55,25796.75,25790.75,25793.75,0
2026-02-18 09:29:00+00:00,25793.7,25795.45,25788.95,25792.15,0
2026-02-18 09:30:00+00:00,25794.75,25824.45,25794.75,25823.25,0
2026-02-18 09:31:00+00:00,25822.25,25828.0,25818.65,25826.35,0
2026-02-18 09:32:00+00:00,25825.3,25828.05,25811.0,25817.7,0
2026-02-18 09:33:00+00:00,25815.05,25817.65,25811.55,25813.65,0
2026-02-18 09:34:00+00:00,25812.3,25817.3,25812.1,25814.55,0
2026-02-18 09:35:00+00:00,25813.65,25816.95,25809.65,25812.95,0
2026-02-18 09:36:00+00:00,25809.75,25815.55,25807.95,25815.55,0
2026-02-18 09:37:00+00:00,25813.5,25823.2,25813.5,25822.35,0
2026-02-18 09:38:00+00:00,25820.6,25822.8,25814.5,25815.85,0
2026-02-18 09:39:00+00:00,25815.4,25825.7,25815.4,25825.7,0
2026-02-18 09:40:00+00:00,25823.9,25827.15,25822.05,25825.4,0
2026-02-18 09:41:00+00:00,25824.25,25825.7,25820.95,25824.2,0
2026-02-18 09:42:00+00:00,25822.25,25824.75,25820.3,25824.25,0
2026-02-18 09:43:00+00:00,25823.15,25824.45,25820.55,25823.05,0
2026-02-18 09:44:00+00:00,25821.1,25822.5,25818.5,25821.95,0
2026-02-18 09:45:00+00:00,25820.05,25824.3,25817.9,25823.3,0
2026-02-18 09:46:00+00:00,25822.55,25824.25,25818.8,25824.05,0
2026-02-18 09:47:00+00:00,25821.95,25826.4,25821.95,25824.5,0
2026-02-18 09:48:00+00:00,25822.75,25827.45,25821.45,25826.45,0
2026-02-18 09:49:00+00:00,25824.0,25825.45,25817.1,25818.3,0
2026-02-18 09:50:00+00:00,25816.85,25820.65,25815.65,25818.3,0
2026-02-18 09:51:00+00:00,25816.75,25819.3,25814.1,25818.85,0
2026-02-18 09:52:00+00:00,25817.45,25822.4,25816.25,25821.45,0
2026-02-18 09:53:00+00:00,25820.2,25821.15,25814.85,25817.4,0
2026-02-18 09:54:00+00:00,25816.1,25819.65,25814.75,25817.3,0
2026-02-18 09:55:00+00:00,25815.45,25818.95,25809.95,25815.15,0
2026-02-18 09:56:00+00:00,25813.15,25818.05,25812.15,25816.7,0
2026-02-18 09:57:00+00:00,25812.85,25815.6,25811.3,25813.45,0
2026-02-18 09:58:00+00:00,25815.45,25817.4,25811.8,25813.55,0
2026-02-18 09:59:00+00:00,25814.0,25816.5,25805.05,25805.7,0
2026-02-19 03:45:00+00:00,25873.35,25885.3,25842.65,25846.2,0
2026-02-19 03:46:00+00:00,25843.9,25855.05,25836.6,25844.0,0
2026-02-19 03:47:00+00:00,25846.1,25871.35,25841.85,25869.8,0
2026-02-19 03:48:00+00:00,25867.65,25868.55,25856.85,25866.1,0
2026-02-19 03:49:00+00:00,25866.35,25866.35,25852.45,25853.9,0
2026-02-19 03:50:00+00:00,25853.65,25870.0,25849.8,25870.0,0
2026-02-19 03:51:00+00:00,25869.6,25877.35,25863.05,25868.35,0
2026-02-19 03:52:00+00:00,25868.75,25872.95,25865.2,25868.2,0
2026-02-19 03:53:00+00:00,25868.1,25868.2,25851.65,25865.3,0
2026-02-19 03:54:00+00:00,25864.35,25864.35,25850.2,25850.2,0
2026-02-19 03:55:00+00:00,25850.25,25851.9,25839.65,25844.5,0
2026-02-19 03:56:00+00:00,25844.15,25844.15,25835.2,25836.8,0
2026-02-19 03:57:00+00:00,25835.0,25836.95,25829.15,25831.2,0
2026-02-19 03:58:00+00:00,25831.2,25832.6,25811.2,25813.05,0
2026-02-19 03:59:00+00:00,25813.1,25825.1,25812.9,25817.65,0
2026-02-19 04:00:00+00:00,25817.75,25821.15,25806.4,25807.3,0
2026-02-19 04:01:00+00:00,25808.7,25819.6,25807.85,25810.75,0
2026-02-19 04:02:00+00:00,25811.15,25818.1,25805.65,25811.2,0
2026-02-19 04:03:00+00:00,25810.95,25813.45,25807.2,25808.25,0
2026-02-19 04:04:00+00:00,25808.9,25812.5,25803.25,25804.3,0
2026-02-19 04:05:00+00:00,25805.05,25821.2,25803.65,25813.35,0
2026-02-19 04:06:00+00:00,25813.65,25817.0,25807.0,25809.85,0
2026-02-19 04:07:00+00:00,25810.65,25815.6,25786.35,25790.85,0
2026-02-19 04:08:00+00:00,25790.6,25791.85,25781.65,25783.0,0
2026-02-19 04:09:00+00:00,25781.7,25793.4,25779.8,25790.65,0
2026-02-19 04:10:00+00:00,25790.75,25792.05,25784.6,25784.6,0
2026-02-19 04:11:00+00:00,25784.85,25790.6,25783.95,25790.15,0
2026-02-19 04:12:00+00:00,25789.7,25791.0,25784.9,25784.9,0
2026-02-19 04:13:00+00:00,25785.5,25786.1,25778.1,25780.3,0
2026-02-19 04:14:00+00:00,25780.15,25784.45,25776.55,25779.9,0
2026-02-19 04:15:00+00:00,25780.95,25781.7,25773.4,25781.15,0
2026-02-19 04:16:00+00:00,25780.2,25785.9,25776.2,25785.7,0
2026-02-19 04:17:00+00:00,25785.45,25793.65,25785.15,25793.65,0
2026-02-19 04:18:00+00:00,25791.15,25806.4,25790.6,25800.8,0
2026-02-19 04:19:00+00:00,25801.6,25812.95,25801.6,25809.25,0
2026-02-19 04:20:00+00:00,25808.3,25810.55,25799.4,25801.6,0
2026-02-19 04:21:00+00:00,25799.45,25804.8,25792.9,25794.85,0
2026-02-19 04:22:00+00:00,25792.45,25798.8,25787.2,25788.4,0
2026-02-19 04:23:00+00:00,25787.75,25789.2,25784.65,25788.1,0
2026-02-19 04:24:00+00:00,25787.95,25792.85,25782.65,25782.65,0
2026-02-19 04:25:00+00:00,25783.6,25789.1,25782.5,25785.6,0
2026-02-19 04:26:00+00:00,25785.6,25785.6,25777.8,25781.8,0
2026-02-19 04:27:00+00:00,25781.4,25783.85,25779.5,25779.65,0
2026-02-19 04:28:00+00:00,25779.7,25781.65,25770.4,25772.65,0
2026-02-19 04:29:00+00:00,25772.55,25773.7,25769.65,25772.85,0
2026-02-19 04:30:00+00:00,25772.55,25779.3,25771.2,25773.4,0
2026-02-19 04:31:00+00:00,25773.5,25778.95,25767.6,25770.9,0
2026-02-19 04:32:00+00:00,25770.4,25770.4,25763.0,25768.0,0
2026-02-19 04:33:00+00:00,25767.95,25780.95,25767.55,25779.6,0
2026-02-19 04:34:00+00:00,25778.5,25786.55,25776.85,25786.55,0
2026-02-19 04:35:00+00:00,25785.85,25792.1,25783.9,25791.9,0
2026-02-19 04:36:00+00:00,25791.35,25793.9,25787.7,25791.8,0
2026-02-19 04:37:00+00:00,25791.35,25791.85,25780.65,25782.85,0
2026-02-19 04:38:00+00:00,25784.0,25786.05,25776.05,25784.15,0
2026-02-19 04:39:00+00:00,25782.1,25785.6,25776.7,25779.6,0
2026-02-19 04:40:00+00:00,25778.65,25783.3,25773.75,25778.55,0
2026-02-19 04:41:00+00:00,25777.9,25778.55,25764.1,25769.8,0
2026-02-19 04:42:00+00:00,25769.7,25774.3,25766.2,25769.9,0
2026-02-19 04:43:00+00:00,25769.85,25770.95,25762.45,25765.95,0
2026-02-19 04:44:00+00:00,25765.1,25765.1,25749.45,25756.45,0
2026-02-19 04:45:00+00:00,25757.75,25757.75,25746.9,25748.3,0
2026-02-19 04:46:00+00:00,25748.15,25756.25,25748.05,25754.55,0
2026-02-19 04:47:00+00:00,25753.5,25758.4,25751.9,25757.9,0
2026-02-19 04:48:00+00:00,25758.1,25765.65,25756.7,25764.7,0
2026-02-19 04:49:00+00:00,25765.3,25765.85,25753.6,25756.85,0
2026-02-19 04:50:00+00:00,25757.3,25757.4,25749.2,25749.55,0
2026-02-19 04:51:00+00:00,25748.2,25752.9,25745.2,25746.5,0
2026-02-19 04:52:00+00:00,25746.9,25752.35,25741.9,25751.3,0
2026-02-19 04:53:00+00:00,25752.45,25760.4,25752.45,25759.4,0
2026-02-19 04:54:00+00:00,25760.45,25761.75,25752.2,25754.05,0
2026-02-19 04:55:00+00:00,25752.8,25754.95,25747.3,25747.35,0
2026-02-19 04:56:00+00:00,25747.55,25750.2,25745.35,25748.1,0
2026-02-19 04:57:00+00:00,25748.05,25748.1,25735.7,25738.6,0
2026-02-19 04:58:00+00:00,25737.3,25744.3,25732.35,25744.2,0
2026-02-19 04:59:00+00:00,25743.8,25750.85,25741.9,25746.7,0
2026-02-19 05:00:00+00:00,25746.75,25747.4,25736.85,25737.8,0
2026-02-19 05:01:00+00:00,25737.25,25747.6,25736.8,25746.2,0
2026-02-19 05:02:00+00:00,25746.15,25750.15,25745.8,25749.8,0
2026-02-19 05:03:00+00:00,25750.1,25752.4,25745.5,25747.4,0
2026-02-19 05:04:00+00:00,25747.15,25747.25,25736.85,25739.5,0
2026-02-19 05:05:00+00:00,25739.95,25743.2,25732.05,25736.65,0
2026-02-19 05:06:00+00:00,25737.75,25738.45,25728.85,25730.55,0
2026-02-19 05:07:00+00:00,25728.7,25729.85,25720.75,25721.15,0
2026-02-19 05:08:00+00:00,25720.3,25723.9,25713.3,25722.95,0
2026-02-19 05:09:00+00:00,25722.75,25722.75,25715.95,25716.4,0
2026-02-19 05:10:00+00:00,25716.6,25718.0,25708.7,25717.1,0
2026-02-19 05:11:00+00:00,25717.05,25727.6,25715.2,25727.1,0
2026-02-19 05:12:00+00:00,25726.4,25728.0,25718.45,25725.65,0
2026-02-19 05:13:00+00:00,25727.35,25738.3,25724.85,25735.45,0
2026-02-19 05:14:00+00:00,25735.9,25739.5,25731.9,25735.05,0
2026-02-19 05:15:00+00:00,25735.2,25736.75,25725.3,25725.75,0
2026-02-19 05:16:00+00:00,25725.9,25729.55,25724.75,25728.05,0
2026-02-19 05:17:00+00:00,25726.95,25729.45,25720.55,25720.55,0
2026-02-19 05:18:00+00:00,25720.5,25722.3,25718.45,25718.8,0
2026-02-19 05:19:00+00:00,25718.8,25726.55,25718.05,25723.15,0
2026-02-19 05:20:00+00:00,25722.95,25723.25,25718.25,25721.7,0
2026-02-19 05:21:00+00:00,25722.4,25729.9,25722.2,25728.45,0
2026-02-19 05:22:00+00:00,25726.2,25734.4,25726.2,25734.1,0
2026-02-19 05:23:00+00:00,25734.25,25735.95,25727.25,25729.25,0
2026-02-19 05:24:00+00:00,25729.3,25737.0,25728.75,25733.65,0
2026-02-19 05:25:00+00:00,25732.75,25734.45,25727.1,25727.3,0
2026-02-19 05:26:00+00:00,25727.2,25727.75,25719.95,25722.85,0
2026-02-19 05:27:00+00:00,25723.5,25733.4,25723.0,25730.15,0
2026-02-19 05:28:00+00:00,25728.15,25737.7,25727.55,25737.15,0
2026-02-19 05:29:00+00:00,25738.05,25740.5,25734.3,25734.85,0
2026-02-19 05:30:00+00:00,25734.75,25738.5,25729.9,25735.85,0
2026-02-19 05:31:00+00:00,25734.95,25746.0,25731.0,25732.05,0
2026-02-19 05:32:00+00:00,25732.0,25734.4,25726.3,25726.5,0
2026-02-19 05:33:00+00:00,25726.4,25735.65,25726.15,25735.45,0
2026-02-19 05:34:00+00:00,25735.0,25740.45,25732.45,25734.9,0
2026-02-19 05:35:00+00:00,25734.8,25736.9,25729.95,25730.35,0
2026-02-19 05:36:00+00:00,25730.5,25734.35,25726.8,25733.9,0
2026-02-19 05:37:00+00:00,25734.95,25744.0,25734.95,25741.2,0
2026-02-19 05:38:00+00:00,25741.6,25745.05,25736.85,25736.85,0
2026-02-19 05:39:00+00:00,25735.65,25736.4,25726.25,25726.95,0
2026-02-19 05:40:00+00:00,25727.3,25733.25,25726.15,25732.8,0
2026-02-19 05:41:00+00:00,25732.2,25736.85,25731.6,25732.85,0
2026-02-19 05:42:00+00:00,25732.4,25734.9,25730.5,25731.0,0
2026-02-19 05:43:00+00:00,25731.15,25732.7,25720.6,25720.6,0
2026-02-19 05:44:00+00:00,25720.05,25721.5,25713.85,25715.8,0
2026-02-19 05:45:00+00:00,25715.3,25720.7,25713.65,25714.2,0
2026-02-19 05:46:00+00:00,25715.55,25715.65,25710.2,25710.35,0
2026-02-19 05:47:00+00:00,25710.3,25719.5,25709.55,25717.7,0
2026-02-19 05:48:00+00:00,25717.4,25718.3,25705.4,25706.35,0
2026-02-19 05:49:00+00:00,25706.35,25708.55,25703.65,25705.65,0
2026-02-19 05:50:00+00:00,25705.15,25707.4,25702.25,25707.4,0
2026-02-19 05:51:00+00:00,25707.4,25709.75,25703.7,25703.7,0
2026-02-19 05:52:00+00:00,25704.55,25707.2,25700.4,25700.4,0
2026-02-19 05:53:00+00:00,25700.55,25701.6,25690.05,25690.05,0
2026-02-19 05:54:00+00:00,25690.2,25690.6,25679.75,25683.25,0
2026-02-19 05:55:00+00:00,25682.4,25690.3,25681.15,25689.15,0
2026-02-19 05:56:00+00:00,25689.4,25690.85,25687.1,25689.0,0
2026-02-19 05:57:00+00:00,25689.55,25690.9,25681.75,25682.55,0
2026-02-19 05:58:00+00:00,25681.95,25692.4,25681.95,25690.3,0
2026-02-19 05:59:00+00:00,25689.65,25692.45,25688.1,25688.65,0
2026-02-19 06:00:00+00:00,25687.7,25689.6,25683.45,25686.9,0
2026-02-19 06:01:00+00:00,25686.05,25686.85,25683.55,25686.1,0
2026-02-19 06:02:00+00:00,25686.1,25693.1,25686.1,25689.95,0
2026-02-19 06:03:00+00:00,25689.75,25691.15,25688.5,25690.25,0
2026-02-19 06:04:00+00:00,25689.9,25691.85,25685.1,25686.95,0
2026-02-19 06:05:00+00:00,25686.45,25688.95,25681.1,25683.0,0
2026-02-19 06:06:00+00:00,25684.0,25684.85,25671.45,25675.75,0
2026-02-19 06:07:00+00:00,25675.95,25683.55,25675.8,25678.35,0
2026-02-19 06:08:00+00:00,25678.95,25682.25,25677.7,25679.35,0
2026-02-19 06:09:00+00:00,25679.6,25686.15,25678.35,25684.6,0
2026-02-19 06:10:00+00:00,25683.65,25685.65,25680.2,25684.2,0
2026-02-19 06:11:00+00:00,25684.1,25684.85,25675.2,25675.5,0
2026-02-19 06:12:00+00:00,25675.9,25676.65,25667.7,25668.0,0
2026-02-19 06:13:00+00:00,25667.95,25677.95,25667.65,25675.55,0
2026-02-19 06:14:00+00:00,25674.5,25679.85,25672.6,25678.9,0
2026-02-19 06:15:00+00:00,25679.35,25680.05,25670.0,25671.6,0
2026-02-19 06:16:00+00:00,25670.1,25671.75,25664.05,25665.0,0
2026-02-19 06:17:00+00:00,25663.5,25671.9,25662.1,25668.65,0
2026-02-19 06:18:00+00:00,25669.15,25669.45,25658.25,25662.1,0
2026-02-19 06:19:00+00:00,25662.25,25666.7,25661.85,25664.45,0
2026-02-19 06:20:00+00:00,25664.5,25664.65,25656.75,25660.9,0
2026-02-19 06:21:00+00:00,25661.15,25664.0,25655.45,25659.75,0
2026-02-19 06:22:00+00:00,25660.05,25662.75,25655.35,25658.9,0
2026-02-19 06:23:00+00:00,25658.0,25660.7,25652.45,25658.2,0
2026-02-19 06:24:00+00:00,25657.95,25661.1,25654.45,25658.65,0
2026-02-19 06:25:00+00:00,25657.2,25663.75,25656.6,25661.4,0
2026-02-19 06:26:00+00:00,25661.9,25661.9,25653.5,25653.5,0
2026-02-19 06:27:00+00:00,25652.9,25655.05,25650.55,25652.2,0
2026-02-19 06:28:00+00:00,25652.5,25659.3,25652.5,25656.85,0
2026-02-19 06:29:00+00:00,25655.75,25663.95,25655.75,25658.7,0
2026-02-19 06:30:00+00:00,25658.65,25661.6,25651.35,25651.35,0
2026-02-19 06:31:00+00:00,25652.65,25653.2,25641.7,25644.5,0
2026-02-19 06:32:00+00:00,25645.55,25653.3,25644.2,25652.05,0
2026-02-19 06:33:00+00:00,25651.45,25656.65,25645.6,25653.7,0
2026-02-19 06:34:00+00:00,25653.8,25657.25,25648.65,25652.1,0
2026-02-19 06:35:00+00:00,25652.95,25654.35,25648.8,25651.2,0
2026-02-19 06:36:00+00:00,25651.25,25655.85,25651.15,25653.05,0
2026-02-19 06:37:00+00:00,25652.15,25654.8,25647.85,25648.05,0
2026-02-19 06:38:00+00:00,25646.95,25651.1,25644.8,25648.05,0
2026-02-19 06:39:00+00:00,25647.55,25647.9,25636.85,25637.75,0
2026-02-19 06:40:00+00:00,25636.55,25636.55,25625.25,25627.6,0
2026-02-19 06:41:00+00:00,25627.2,25628.3,25621.15,25623.3,0
2026-02-19 06:42:00+00:00,25621.95,25625.15,25613.0,25615.35,0
2026-02-19 06:43:00+00:00,25614.75,25616.3,25602.85,25604.25,0
2026-02-19 06:44:00+00:00,25604.75,25614.0,25601.0,25603.5,0
2026-02-19 06:45:00+00:00,25602.85,25602.85,25592.15,25596.5,0
2026-02-19 06:46:00+00:00,25595.75,25600.45,25591.7,25595.0,0
2026-02-19 06:47:00+00:00,25596.15,25598.25,25586.75,25597.55,0
2026-02-19 06:48:00+00:00,25597.2,25615.7,25597.2,25610.5,0
2026-02-19 06:49:00+00:00,25610.05,25615.45,25606.4,25611.4,0
2026-02-19 06:50:00+00:00,25611.8,25619.3,25607.55,25618.05,0
2026-02-19 06:51:00+00:00,25617.35,25634.7,25616.85,25630.65,0
2026-02-19 06:52:00+00:00,25630.15,25633.5,25627.45,25628.25,0
2026-02-19 06:53:00+00:00,25626.0,25635.45,25624.2,25632.7,0
2026-02-19 06:54:00+00:00,25632.2,25639.7,25632.2,25633.35,0
2026-02-19 06:55:00+00:00,25631.9,25632.4,25624.0,25626.65,0
2026-02-19 06:56:00+00:00,25624.65,25627.1,25614.05,25621.3,0
2026-02-19 06:57:00+00:00,25619.6,25627.65,25617.85,25623.6,0
2026-02-19 06:58:00+00:00,25621.95,25630.7,25621.95,25630.15,0
2026-02-19 06:59:00+00:00,25628.75,25634.9,25625.8,25626.0,0
2026-02-19 07:00:00+00:00,25625.4,25628.15,25623.55,25626.9,0
2026-02-19 07:01:00+00:00,25624.55,25630.7,25621.65,25623.9,0
2026-02-19 07:02:00+00:00,25623.0,25625.15,25614.65,25617.05,0
2026-02-19 07:03:00+00:00,25615.65,25618.25,25610.1,25610.15,0
2026-02-19 07:04:00+00:00,25609.4,25622.75,25608.6,25614.0,0
2026-02-19 07:05:00+00:00,25613.75,25621.4,25613.35,25618.8,0
2026-02-19 07:06:00+00:00,25616.25,25619.0,25609.95,25612.55,0
2026-02-19 07:07:00+00:00,25610.95,25613.3,25605.7,25609.6,0
2026-02-19 07:08:00+00:00,25609.05,25611.25,25605.25,25605.65,0
2026-02-19 07:09:00+00:00,25604.55,25605.8,25591.85,25593.8,0
2026-02-19 07:10:00+00:00,25594.2,25602.55,25593.1,25595.1,0
2026-02-19 07:11:00+00:00,25593.45,25595.95,25578.95,25585.15,0
2026-02-19 07:12:00+00:00,25585.0,25585.95,25577.3,25577.65,0
2026-02-19 07:13:00+00:00,25577.2,25579.05,25571.4,25572.45,0
2026-02-19 07:14:00+00:00,25571.4,25584.4,25569.35,25582.55,0
2026-02-19 07:15:00+00:00,25580.7,25583.45,25575.0,25577.05,0
2026-02-19 07:16:00+00:00,25576.45,25579.2,25575.45,25576.85,0
2026-02-19 07:17:00+00:00,25576.65,25578.8,25571.2,25573.0,0
2026-02-19 07:18:00+00:00,25572.0,25578.95,25567.75,25574.05,0
2026-02-19 07:19:00+00:00,25573.65,25585.55,25572.3,25584.05,0
2026-02-19 07:20:00+00:00,25584.45,25587.15,25580.05,25583.85,0
2026-02-19 07:21:00+00:00,25581.7,25590.95,25581.7,25590.1,0
2026-02-19 07:22:00+00:00,25588.55,25599.45,25588.55,25598.45,0
2026-02-19 07:23:00+00:00,25599.35,25613.4,25596.65,25597.9,0
2026-02-19 07:24:00+00:00,25594.9,25598.6,25589.6,25592.2,0
2026-02-19 07:25:00+00:00,25593.35,25602.4,25593.15,25600.1,0
2026-02-19 07:26:00+00:00,25600.6,25601.7,25594.7,25595.4,0
2026-02-19 07:27:00+00:00,25595.35,25597.0,25594.3,25596.1,0
2026-02-19 07:28:00+00:00,25596.05,25597.3,25592.45,25592.7,0
2026-02-19 07:29:00+00:00,25592.35,25599.6,25590.0,25597.5,0
2026-02-19 07:30:00+00:00,25598.4,25599.15,25586.25,25591.7,0
2026-02-19 07:31:00+00:00,25590.0,25598.65,25590.0,25594.95,0
2026-02-19 07:32:00+00:00,25593.3,25594.1,25589.6,25589.8,0
2026-02-19 07:33:00+00:00,25590.05,25597.55,25588.9,25591.45,0
2026-02-19 07:34:00+00:00,25592.7,25599.95,25591.8,25598.45,0
2026-02-19 07:35:00+00:00,25597.75,25608.95,25597.5,25608.7,0
2026-02-19 07:36:00+00:00,25608.15,25612.65,25602.35,25605.9,0
2026-02-19 07:37:00+00:00,25605.95,25616.4,25603.1,25612.65,0
2026-02-19 07:38:00+00:00,25615.3,25622.95,25610.75,25619.1,0
2026-02-19 07:39:00+00:00,25618.5,25629.8,25618.5,25628.0,0
2026-02-19 07:40:00+00:00,25628.75,25631.4,25624.3,25628.2,0
2026-02-19 07:41:00+00:00,25628.3,25630.4,25623.45,25623.65,0
2026-02-19 07:42:00+00:00,25624.4,25630.35,25621.05,25621.45,0
2026-02-19 07:43:00+00:00,25620.85,25628.05,25618.5,25621.7,0
2026-02-19 07:44:00+00:00,25621.5,25625.45,25621.25,25624.55,0
2026-02-19 07:45:00+00:00,25623.85,25624.55,25603.1,25605.75,0
2026-02-19 07:46:00+00:00,25602.9,25607.25,25599.8,25599.8,0
2026-02-19 07:47:00+00:00,25598.5,25611.55,25598.5,25605.75,0
2026-02-19 07:48:00+00:00,25604.8,25612.8,25603.6,25609.2,0
2026-02-19 07:49:00+00:00,25609.9,25613.65,25606.5,25607.0,0
2026-02-19 07:50:00+00:00,25606.75,25613.45,25604.55,25611.1,0
2026-02-19 07:51:00+00:00,25611.75,25626.4,25611.2,25626.4,0
2026-02-19 07:52:00+00:00,25625.45,25629.8,25622.5,25628.25,0
2026-02-19 07:53:00+00:00,25626.45,25631.9,25623.75,25628.65,0
2026-02-19 07:54:00+00:00,25628.3,25634.3,25628.25,25630.75,0
2026-02-19 07:55:00+00:00,25630.6,25636.25,25629.3,25633.15,0
2026-02-19 07:56:00+00:00,25631.15,25631.6,25612.6,25613.65,0
2026-02-19 07:57:00+00:00,25612.6,25614.1,25607.1,25610.55,0
2026-02-19 07:58:00+00:00,25610.05,25619.2,25604.7,25618.5,0
2026-02-19 07:59:00+00:00,25617.45,25623.8,25616.35,25619.7,0
2026-02-19 08:00:00+00:00,25617.95,25620.55,25605.15,25605.15,0
2026-02-19 08:01:00+00:00,25604.95,25606.0,25592.15,25593.2,0
2026-02-19 08:02:00+00:00,25592.65,25593.45,25587.55,25588.25,0
2026-02-19 08:03:00+00:00,25587.7,25588.05,25577.85,25579.4,0
2026-02-19 08:04:00+00:00,25579.75,25594.2,25575.85,25591.3,0
2026-02-19 08:05:00+00:00,25591.05,25591.05,25578.65,25584.05,0
2026-02-19 08:06:00+00:00,25583.05,25589.25,25581.25,25588.65,0
2026-02-19 08:07:00+00:00,25587.95,25604.3,25587.85,25604.3,0
2026-02-19 08:08:00+00:00,25604.4,25606.8,25600.9,25602.05,0
2026-02-19 08:09:00+00:00,25601.4,25603.05,25599.15,25600.95,0
2026-02-19 08:10:00+00:00,25600.55,25605.6,25598.5,25604.4,0
2026-02-19 08:11:00+00:00,25604.8,25608.9,25604.3,25607.6,0
2026-02-19 08:12:00+00:00,25606.65,25608.0,25599.3,25599.6,0
2026-02-19 08:13:00+00:00,25598.95,25601.2,25594.5,25600.8,0
2026-02-19 08:14:00+00:00,25600.2,25605.45,25599.2,25600.55,0
2026-02-19 08:15:00+00:00,25600.5,25605.7,25599.35,25599.45,0
2026-02-19 08:16:00+00:00,25597.95,25600.3,25595.55,25597.8,0
2026-02-19 08:17:00+00:00,25596.65,25599.25,25593.35,25594.05,0
2026-02-19 08:18:00+00:00,25594.35,25594.65,25584.6,25590.3,0
2026-02-19 08:19:00+00:00,25591.25,25591.25,25584.0,25587.3,0
2026-02-19 08:20:00+00:00,25587.6,25591.25,25582.2,25585.65,0
2026-02-19 08:21:00+00:00,25585.9,25590.0,25583.4,25585.35,0
2026-02-19 08:22:00+00:00,25585.95,25586.65,25573.6,25573.6,0
2026-02-19 08:23:00+00:00,25572.8,25573.85,25564.55,25572.85,0
2026-02-19 08:24:00+00:00,25573.4,25587.85,25572.5,25579.95,0
2026-02-19 08:25:00+00:00,25581.9,25582.7,25576.8,25576.8,0
2026-02-19 08:26:00+00:00,25577.8,25581.15,25571.4,25571.9,0
2026-02-19 08:27:00+00:00,25572.75,25573.65,25567.55,25569.25,0
2026-02-19 08:28:00+00:00,25568.75,25570.65,25563.1,25563.35,0
2026-02-19 08:29:00+00:00,25563.1,25568.3,25561.7,25562.45,0
2026-02-19 08:30:00+00:00,25562.85,25569.2,25558.9,25562.9,0
2026-02-19 08:31:00+00:00,25563.85,25567.35,25555.6,25555.75,0
2026-02-19 08:32:00+00:00,25557.3,25563.1,25550.3,25561.6,0
2026-02-19 08:33:00+00:00,25560.15,25561.8,25552.15,25553.55,0
2026-02-19 08:34:00+00:00,25553.65,25554.9,25549.35,25552.5,0
2026-02-19 08:35:00+00:00,25552.55,25553.8,25546.55,25548.5,0
2026-02-19 08:36:00+00:00,25548.65,25557.45,25545.3,25557.45,0
2026-02-19 08:37:00+00:00,25556.45,25562.8,25556.3,25560.55,0
2026-02-19 08:38:00+00:00,25560.75,25562.75,25558.15,25559.0,0
2026-02-19 08:39:00+00:00,25558.75,25568.4,25557.0,25566.65,0
2026-02-19 08:40:00+00:00,25566.1,25577.45,25566.1,25568.15,0
2026-02-19 08:41:00+00:00,25569.3,25570.5,25564.5,25566.9,0
2026-02-19 08:42:00+00:00,25566.3,25569.65,25559.95,25560.9,0
2026-02-19 08:43:00+00:00,25559.9,25571.7,25559.9,25569.75,0
2026-02-19 08:44:00+00:00,25569.35,25577.2,25568.85,25571.4,0
2026-02-19 08:45:00+00:00,25570.9,25575.35,25568.3,25575.1,0
2026-02-19 08:46:00+00:00,25574.75,25589.7,25574.55,25589.25,0
2026-02-19 08:47:00+00:00,25588.65,25591.75,25586.0,25591.55,0
2026-02-19 08:48:00+00:00,25592.05,25595.9,25590.6,25590.9,0
2026-02-19 08:49:00+00:00,25588.65,25601.7,25586.35,25598.6,0
2026-02-19 08:50:00+00:00,25599.75,25609.95,25595.1,25604.7,0
2026-02-19 08:51:00+00:00,25606.05,25609.5,25586.55,25586.55,0
2026-02-19 08:52:00+00:00,25587.2,25591.45,25580.75,25582.45,0
2026-02-19 08:53:00+00:00,25579.55,25580.8,25571.15,25578.6,0
2026-02-19 08:54:00+00:00,25578.15,25586.6,25578.1,25580.95,0
2026-02-19 08:55:00+00:00,25579.65,25580.45,25573.2,25574.4,0
2026-02-19 08:56:00+00:00,25573.15,25575.15,25568.95,25571.1,0
2026-02-19 08:57:00+00:00,25569.8,25571.95,25558.65,25558.8,0
2026-02-19 08:58:00+00:00,25558.3,25565.7,25557.45,25560.95,0
2026-02-19 08:59:00+00:00,25560.05,25560.45,25544.9,25547.1,0
2026-02-19 09:00:00+00:00,25545.85,25566.85,25545.85,25566.85,0
2026-02-19 09:01:00+00:00,25565.35,25569.0,25563.15,25567.65,0
2026-02-19 09:02:00+00:00,25567.6,25569.95,25564.5,25569.9,0
2026-02-19 09:03:00+00:00,25569.7,25572.05,25563.75,25567.15,0
2026-02-19 09:04:00+00:00,25567.1,25568.15,25561.75,25564.55,0
2026-02-19 09:05:00+00:00,25564.05,25575.45,25563.65,25569.9,0
2026-02-19 09:06:00+00:00,25569.15,25575.55,25566.55,25567.55,0
2026-02-19 09:07:00+00:00,25568.05,25574.2,25564.35,25564.85,0
2026-02-19 09:08:00+00:00,25565.2,25569.2,25561.15,25567.2,0
2026-02-19 09:09:00+00:00,25565.3,25574.3,25562.85,25567.9,0
2026-02-19 09:10:00+00:00,25568.15,25573.15,25563.1,25564.7,0
2026-02-19 09:11:00+00:00,25564.6,25567.45,25551.55,25552.65,0
2026-02-19 09:12:00+00:00,25550.2,25559.5,25547.1,25550.3,0
2026-02-19 09:13:00+00:00,25547.35,25547.7,25529.65,25530.5,0
2026-02-19 09:14:00+00:00,25530.5,25532.15,25518.2,25518.25,0
2026-02-19 09:15:00+00:00,25517.95,25518.0,25507.75,25512.35,0
2026-02-19 09:16:00+00:00,25513.6,25522.2,25505.4,25506.35,0
2026-02-19 09:17:00+00:00,25506.9,25508.0,25499.25,25502.5,0
2026-02-19 09:18:00+00:00,25502.25,25504.65,25489.05,25491.55,0
2026-02-19 09:19:00+00:00,25490.55,25516.35,25488.0,25515.9,0
2026-02-19 09:20:00+00:00,25513.85,25522.25,25512.2,25514.7,0
2026-02-19 09:21:00+00:00,25513.15,25523.45,25512.6,25519.75,0
2026-02-19 09:22:00+00:00,25518.6,25524.0,25515.7,25520.2,0
2026-02-19 09:23:00+00:00,25521.25,25522.85,25512.25,25514.4,0
2026-02-19 09:24:00+00:00,25515.35,25525.6,25513.05,25522.7,0
2026-02-19 09:25:00+00:00,25520.55,25524.1,25511.1,25517.2,0
2026-02-19 09:26:00+00:00,25515.8,25523.65,25513.45,25516.6,0
2026-02-19 09:27:00+00:00,25516.65,25534.35,25512.35,25533.4,0
2026-02-19 09:28:00+00:00,25531.95,25532.95,25523.0,25530.0,0
2026-02-19 09:29:00+00:00,25528.35,25535.4,25522.35,25523.35,0
2026-02-19 09:30:00+00:00,25521.75,25521.75,25501.7,25507.05,0
2026-02-19 09:31:00+00:00,25506.05,25506.05,25468.25,25472.6,0
2026-02-19 09:32:00+00:00,25470.2,25493.15,25465.8,25493.15,0
2026-02-19 09:33:00+00:00,25491.25,25513.25,25491.25,25502.25,0
2026-02-19 09:34:00+00:00,25502.8,25509.55,25493.55,25504.65,0
2026-02-19 09:35:00+00:00,25504.4,25512.3,25500.4,25502.6,0
2026-02-19 09:36:00+00:00,25500.65,25501.75,25473.9,25473.9,0
2026-02-19 09:37:00+00:00,25474.4,25474.4,25459.5,25461.25,0
2026-02-19 09:38:00+00:00,25462.1,25464.95,25448.6,25464.35,0
2026-02-19 09:39:00+00:00,25462.5,25492.85,25457.1,25489.4,0
2026-02-19 09:40:00+00:00,25488.05,25498.95,25483.8,25496.35,0
2026-02-19 09:41:00+00:00,25496.1,25496.7,25479.4,25482.7,0
2026-02-19 09:42:00+00:00,25483.0,25484.75,25475.05,25476.35,0
2026-02-19 09:43:00+00:00,25473.5,25474.95,25452.9,25459.05,0
2026-02-19 09:44:00+00:00,25457.0,25459.3,25440.25,25447.6,0
2026-02-19 09:45:00+00:00,25447.55,25447.55,25437.3,25446.6,0
2026-02-19 09:46:00+00:00,25446.25,25446.25,25430.8,25442.25,0
2026-02-19 09:47:00+00:00,25439.55,25439.55,25422.45,25429.25,0
2026-02-19 09:48:00+00:00,25429.45,25429.45,25417.6,25421.15,0
2026-02-19 09:49:00+00:00,25421.1,25421.35,25407.8,25410.15,0
2026-02-19 09:50:00+00:00,25410.3,25412.95,25397.4,25401.65,0
2026-02-19 09:51:00+00:00,25400.6,25408.25,25389.75,25406.9,0
2026-02-19 09:52:00+00:00,25407.15,25409.65,25394.55,25396.25,0
2026-02-19 09:53:00+00:00,25397.05,25400.4,25394.1,25396.9,0
2026-02-19 09:54:00+00:00,25399.2,25406.15,25392.95,25404.45,0
2026-02-19 09:55:00+00:00,25403.45,25405.05,25388.75,25402.55,0
2026-02-19 09:56:00+00:00,25401.7,25403.3,25395.8,25397.75,0
2026-02-19 09:57:00+00:00,25398.15,25399.75,25392.65,25397.45,0
2026-02-19 09:58:00+00:00,25398.45,25408.25,25393.85,25404.85,0
2026-02-19 09:59:00+00:00,25405.8,25419.3,25401.2,25416.45,0
