datetime,open,high,low,close,volume
2026-03-06 03:45:00+00:00,24656.4,24700.9,24598.15,24611.25,0
2026-03-06 03:46:00+00:00,24611.15,24645.25,24608.5,24645.25,0
2026-03-06 03:47:00+00:00,24644.65,24646.85,24621.9,24625.4,0
2026-03-06 03:48:00+00:00,24625.0,24625.0,24600.6,24608.35,0
2026-03-06 03:49:00+00:00,24604.7,24605.65,24590.75,24594.4,0
2026-03-06 03:50:00+00:00,24594.9,24635.7,24587.15,24621.2,0
2026-03-06 03:51:00+00:00,24622.4,24644.7,24622.4,24639.6,0
2026-03-06 03:52:00+00:00,24641.35,24646.95,24640.6,24642.75,0
2026-03-06 03:53:00+00:00,24645.75,24652.75,24639.3,24645.55,0
2026-03-06 03:54:00+00:00,24645.55,24652.45,24634.35,24647.6,0
2026-03-06 03:55:00+00:00,24647.45,24671.35,24644.2,24667.85,0
2026-03-06 03:56:00+00:00,24667.0,24669.2,24652.7,24655.0,0
2026-03-06 03:57:00+00:00,24655.45,24666.35,24650.5,24666.35,0
2026-03-06 03:58:00+00:00,24666.45,24683.0,24664.95,24677.95,0
2026-03-06 03:59:00+00:00,24678.2,24681.75,24666.7,24681.2,0
2026-03-06 04:00:00+00:00,24681.5,24681.5,24661.15,24661.15,0
2026-03-06 04:01:00+00:00,24662.35,24665.35,24654.9,24661.9,0
2026-03-06 04:02:00+00:00,24661.15,24669.05,24659.1,24661.9,0
2026-03-06 04:03:00+00:00,24661.9,24672.65,24660.35,24667.95,0
2026-03-06 04:04:00+00:00,24666.0,24667.3,24649.3,24650.45,0
2026-03-06 04:05:00+00:00,24650.35,24654.75,24639.8,24649.85,0
2026-03-06 04:06:00+00:00,24649.25,24652.7,24648.4,24652.55,0
2026-03-06 04:07:00+00:00,24653.05,24675.7,24652.75,24673.85,0
2026-03-06 04:08:00+00:00,24673.9,24676.55,24660.85,24662.3,0
2026-03-06 04:09:00+00:00,24662.9,24663.15,24643.95,24648.4,0
2026-03-06 04:10:00+00:00,24647.8,24651.6,24643.3,24648.05,0
2026-03-06 04:11:00+00:00,24647.75,24667.05,24641.25,24663.95,0
2026-03-06 04:12:00+00:00,24664.25,24664.5,24654.1,24660.55,0
2026-03-06 04:13:00+00:00,24660.45,24674.25,24659.9,24673.7,0
2026-03-06 04:14:00+00:00,24674.15,24680.8,24670.35,24678.85,0
2026-03-06 04:15:00+00:00,24678.35,24683.5,24674.35,24678.1,0
2026-03-06 04:16:00+00:00,24678.35,24688.1,24665.15,24666.35,0
2026-03-06 04:17:00+00:00,24666.15,24680.35,24664.75,24678.45,0
2026-03-06 04:18:00+00:00,24679.05,24680.1,24666.4,24670.65,0
2026-03-06 04:19:00+00:00,24671.4,24671.65,24655.75,24657.9,0
2026-03-06 04:20:00+00:00,24658.2,24666.25,24652.05,24652.3,0
2026-03-06 04:21:00+00:00,24653.55,24661.4,24649.85,24657.15,0
2026-03-06 04:22:00+00:00,24656.7,24656.7,24646.65,24648.05,0
2026-03-06 04:23:00+00:00,24648.35,24649.6,24641.5,24643.2,0
2026-03-06 04:24:00+00:00,24642.6,24646.65,24638.95,24643.85,0
2026-03-06 04:25:00+00:00,24643.3,24643.6,24636.45,24641.6,0
2026-03-06 04:26:00+00:00,24640.55,24641.1,24630.8,24634.95,0
2026-03-06 04:27:00+00:00,24635.3,24638.8,24631.0,24636.75,0
2026-03-06 04:28:00+00:00,24636.65,24637.3,24623.0,24623.65,0
2026-03-06 04:29:00+00:00,24623.1,24628.4,24618.85,24625.15,0
2026-03-06 04:30:00+00:00,24624.3,24636.45,24623.7,24631.95,0
2026-03-06 04:31:00+00:00,24632.75,24632.9,24624.75,24627.8,0
2026-03-06 04:32:00+00:00,24627.4,24628.8,24616.95,24621.9,0
2026-03-06 04:33:00+00:00,24622.85,24647.5,24622.85,24638.2,0
2026-03-06 04:34:00+00:00,24638.75,24638.75,24628.1,24635.0,0
2026-03-06 04:35:00+00:00,24634.65,24636.15,24625.5,24626.3,0
2026-03-06 04:36:00+00:00,24625.5,24634.85,24622.8,24634.6,0
2026-03-06 04:37:00+00:00,24634.95,24646.85,24632.75,24646.85,0
2026-03-06 04:38:00+00:00,24647.6,24653.05,24646.75,24653.0,0
2026-03-06 04:39:00+00:00,24654.65,24661.1,24650.65,24653.6,0
2026-03-06 04:40:00+00:00,24654.0,24657.85,24649.6,24655.8,0
2026-03-06 04:41:00+00:00,24655.8,24656.9,24649.65,24651.8,0
2026-03-06 04:42:00+00:00,24652.35,24656.5,24652.35,24653.45,0
2026-03-06 04:43:00+00:00,24653.5,24654.6,24648.95,24653.55,0
2026-03-06 04:44:00+00:00,24653.25,24657.75,24652.95,24653.35,0
2026-03-06 04:45:00+00:00,24652.35,24661.9,24651.1,24660.8,0
2026-03-06 04:46:00+00:00,24660.95,24671.8,24660.9,24663.65,0
2026-03-06 04:47:00+00:00,24663.9,24668.85,24663.9,24668.85,0
2026-03-06 04:48:00+00:00,24668.8,24675.3,24668.75,24674.15,0
2026-03-06 04:49:00+00:00,24674.15,24675.45,24667.9,24673.5,0
2026-03-06 04:50:00+00:00,24674.15,24674.35,24666.35,24667.85,0
2026-03-06 04:51:00+00:00,24667.75,24669.7,24661.9,24661.9,0
2026-03-06 04:52:00+00:00,24661.85,24663.45,24658.75,24663.25,0
2026-03-06 04:53:00+00:00,24664.35,24668.9,24662.05,24667.05,0
2026-03-06 04:54:00+00:00,24670.35,24670.65,24665.05,24669.1,0
2026-03-06 04:55:00+00:00,24669.2,24673.85,24668.5,24673.85,0
2026-03-06 04:56:00+00:00,24673.15,24675.65,24661.95,24661.95,0
2026-03-06 04:57:00+00:00,24662.5,24662.5,24651.15,24653.9,0
2026-03-06 04:58:00+00:00,24654.85,24656.0,24649.1,24651.5,0
2026-03-06 04:59:00+00:00,24650.1,24652.4,24647.4,24651.75,0
2026-03-06 05:00:00+00:00,24652.35,24652.7,24633.85,24634.8,0
2026-03-06 05:01:00+00:00,24634.75,24637.05,24631.95,24633.4,0
2026-03-06 05:02:00+00:00,24633.75,24635.1,24629.9,24633.1,0
2026-03-06 05:03:00+00:00,24632.75,24632.75,24625.55,24625.7,0
2026-03-06 05:04:00+00:00,24626.0,24628.05,24618.85,24619.1,0
2026-03-06 05:05:00+00:00,24618.6,24618.65,24613.6,24615.75,0
2026-03-06 05:06:00+00:00,24616.2,24619.6,24610.7,24612.4,0
2026-03-06 05:07:00+00:00,24612.5,24623.85,24608.75,24623.3,0
2026-03-06 05:08:00+00:00,24623.4,24626.2,24619.6,24625.45,0
2026-03-06 05:09:00+00:00,24626.4,24630.55,24617.0,24621.6,0
2026-03-06 05:10:00+00:00,24620.95,24621.55,24613.35,24613.55,0
2026-03-06 05:11:00+00:00,24613.4,24617.7,24613.3,24616.1,0
2026-03-06 05:12:00+00:00,24615.6,24629.1,24615.0,24627.3,0
2026-03-06 05:13:00+00:00,24628.45,24628.45,24623.75,24625.6,0
2026-03-06 05:14:00+00:00,24625.6,24625.6,24620.1,24620.15,0
2026-03-06 05:15:00+00:00,24620.8,24620.8,24617.5,24620.5,0
2026-03-06 05:16:00+00:00,24620.65,24622.3,24609.85,24614.45,0
2026-03-06 05:17:00+00:00,24614.5,24615.4,24610.4,24611.15,0
2026-03-06 05:18:00+00:00,24610.8,24610.8,24596.95,24601.7,0
2026-03-06 05:19:00+00:00,24601.15,24603.15,24585.05,24586.5,0
2026-03-06 05:20:00+00:00,24587.2,24600.9,24575.15,24598.4,0
2026-03-06 05:21:00+00:00,24597.5,24603.5,24593.85,24602.3,0
2026-03-06 05:22:00+00:00,24602.8,24621.05,24601.9,24607.65,0
2026-03-06 05:23:00+00:00,24608.0,24608.85,24596.7,24602.05,0
2026-03-06 05:24:00+00:00,24601.7,24604.25,24595.85,24596.7,0
2026-03-06 05:25:00+00:00,24596.7,24597.8,24591.8,24597.5,0
2026-03-06 05:26:00+00:00,24598.1,24598.1,24584.2,24586.55,0
2026-03-06 05:27:00+00:00,24586.6,24588.8,24584.3,24585.55,0
2026-03-06 05:28:00+00:00,24585.55,24588.75,24584.25,24588.75,0
2026-03-06 05:29:00+00:00,24589.1,24594.65,24587.15,24594.65,0
2026-03-06 05:30:00+00:00,24594.9,24622.2,24594.9,24617.5,0
2026-03-06 05:31:00+00:00,24617.65,24628.85,24617.65,24622.4,0
2026-03-06 05:32:00+00:00,24622.05,24636.85,24621.6,24636.0,0
2026-03-06 05:33:00+00:00,24636.0,24636.0,24626.5,24627.85,0
2026-03-06 05:34:00+00:00,24627.65,24636.45,24626.7,24635.7,0
2026-03-06 05:35:00+00:00,24636.55,24641.45,24635.4,24641.05,0
2026-03-06 05:36:00+00:00,24640.35,24644.15,24639.0,24641.0,0
2026-03-06 05:37:00+00:00,24640.9,24648.7,24638.85,24644.7,0
2026-03-06 05:38:00+00:00,24645.25,24645.35,24631.85,24633.95,0
2026-03-06 05:39:00+00:00,24634.9,24635.95,24626.3,24635.95,0
2026-03-06 05:40:00+00:00,24636.1,24637.55,24630.35,24630.35,0
2026-03-06 05:41:00+00:00,24630.95,24633.3,24621.2,24621.55,0
2026-03-06 05:42:00+00:00,24621.75,24622.0,24615.2,24616.55,0
2026-03-06 05:43:00+00:00,24616.2,24620.95,24615.1,24617.45,0
2026-03-06 05:44:00+00:00,24618.05,24620.0,24615.95,24617.6,0
2026-03-06 05:45:00+00:00,24617.4,24620.95,24611.05,24613.25,0
2026-03-06 05:46:00+00:00,24614.25,24621.4,24612.3,24613.55,0
2026-03-06 05:47:00+00:00,24613.7,24614.3,24606.4,24613.1,0
2026-03-06 05:48:00+00:00,24613.15,24613.45,24600.45,24600.75,0
2026-03-06 05:49:00+00:00,24601.6,24606.65,24599.7,24606.35,0
2026-03-06 05:50:00+00:00,24606.6,24616.8,24606.1,24615.1,0
2026-03-06 05:51:00+00:00,24615.9,24619.6,24615.5,24618.0,0
2026-03-06 05:52:00+00:00,24617.35,24618.8,24606.2,24607.45,0
2026-03-06 05:53:00+00:00,24607.45,24611.0,24606.5,24607.7,0
2026-03-06 05:54:00+00:00,24607.85,24609.65,24600.15,24600.15,0
2026-03-06 05:55:00+00:00,24600.2,24604.1,24595.45,24600.05,0
2026-03-06 05:56:00+00:00,24599.9,24603.5,24593.9,24599.45,0
2026-03-06 05:57:00+00:00,24600.9,24605.6,24599.2,24605.1,0
2026-03-06 05:58:00+00:00,24605.15,24605.15,24595.85,24595.95,0
2026-03-06 05:59:00+00:00,24596.8,24607.55,24596.65,24607.25,0
2026-03-06 06:00:00+00:00,24607.75,24616.95,24607.25,24610.0,0
2026-03-06 06:01:00+00:00,24609.95,24610.65,24602.55,24608.45,0
2026-03-06 06:02:00+00:00,24608.6,24617.0,24608.55,24613.9,0
2026-03-06 06:03:00+00:00,24613.9,24613.95,24607.85,24613.9,0
2026-03-06 06:04:00+00:00,24613.15,24620.85,24613.15,24620.45,0
2026-03-06 06:05:00+00:00,24620.75,24628.4,24618.35,24625.65,0
2026-03-06 06:06:00+00:00,24626.55,24628.8,24622.7,24623.75,0
2026-03-06 06:07:00+00:00,24623.55,24632.0,24622.55,24632.0,0
2026-03-06 06:08:00+00:00,24631.65,24633.8,24628.0,24628.2,0
2026-03-06 06:09:00+00:00,24629.05,24635.65,24627.4,24635.55,0
2026-03-06 06:10:00+00:00,24634.85,24643.0,24629.25,24643.0,0
2026-03-06 06:11:00+00:00,24643.8,24654.55,24643.8,24645.6,0
2026-03-06 06:12:00+00:00,24645.85,24653.0,24645.05,24645.05,0
2026-03-06 06:13:00+00:00,24645.3,24645.3,24627.65,24628.0,0
2026-03-06 06:14:00+00:00,24627.75,24629.85,24615.8,24616.4,0
2026-03-06 06:15:00+00:00,24616.5,24622.55,24611.7,24621.3,0
2026-03-06 06:16:00+00:00,24622.15,24626.3,24621.65,24624.25,0
2026-03-06 06:17:00+00:00,24624.45,24628.95,24622.25,24626.9,0
2026-03-06 06:18:00+00:00,24627.6,24632.7,24626.45,24630.1,0
2026-03-06 06:19:00+00:00,24630.5,24634.0,24625.05,24632.45,0
2026-03-06 06:20:00+00:00,24632.4,24634.9,24628.05,24628.8,0
2026-03-06 06:21:00+00:00,24629.3,24629.75,24623.85,24628.1,0
2026-03-06 06:22:00+00:00,24627.9,24628.75,24617.6,24617.6,0
2026-03-06 06:23:00+00:00,24618.75,24619.2,24613.9,24618.35,0
2026-03-06 06:24:00+00:00,24619.15,24620.05,24615.55,24619.85,0
2026-03-06 06:25:00+00:00,24619.3,24621.9,24618.25,24620.9,0
2026-03-06 06:26:00+00:00,24620.85,24625.55,24611.95,24613.35,0
2026-03-06 06:27:00+00:00,24613.8,24627.1,24612.45,24627.1,0
2026-03-06 06:28:00+00:00,24624.45,24630.2,24624.1,24625.65,0
2026-03-06 06:29:00+00:00,24625.7,24628.55,24622.45,24625.7,0
2026-03-06 06:30:00+00:00,24625.85,24627.55,24620.75,24624.85,0
2026-03-06 06:31:00+00:00,24624.75,24626.35,24614.55,24614.55,0
2026-03-06 06:32:00+00:00,24615.1,24615.3,24611.2,24611.55,0
2026-03-06 06:33:00+00:00,24611.95,24614.35,24608.95,24610.1,0
2026-03-06 06:34:00+00:00,24610.9,24612.5,24609.45,24609.65,0
2026-03-06 06:35:00+00:00,24610.1,24612.6,24608.55,24609.95,0
2026-03-06 06:36:00+00:00,24610.0,24611.95,24606.2,24609.5,0
2026-03-06 06:37:00+00:00,24609.7,24618.75,24609.1,24616.6,0
2026-03-06 06:38:00+00:00,24616.25,24625.25,24612.7,24625.25,0
2026-03-06 06:39:00+00:00,24626.4,24629.55,24624.65,24626.5,0
2026-03-06 06:40:00+00:00,24626.8,24631.45,24623.85,24623.85,0
2026-03-06 06:41:00+00:00,24624.25,24629.25,24621.55,24622.1,0
2026-03-06 06:42:00+00:00,24622.05,24623.75,24606.35,24609.7,0
2026-03-06 06:43:00+00:00,24610.95,24612.05,24605.8,24607.1,0
2026-03-06 06:44:00+00:00,24607.35,24609.25,24605.45,24608.85,0
2026-03-06 06:45:00+00:00,24608.6,24609.85,24603.95,24604.55,0
2026-03-06 06:46:00+00:00,24604.75,24615.85,24604.05,24613.55,0
2026-03-06 06:47:00+00:00,24614.05,24615.55,24611.75,24613.5,0
2026-03-06 06:48:00+00:00,24613.8,24617.25,24611.5,24614.75,0
2026-03-06 06:49:00+00:00,24614.3,24623.35,24609.75,24610.0,0
2026-03-06 06:50:00+00:00,24610.6,24612.75,24606.75,24607.3,0
2026-03-06 06:51:00+00:00,24607.9,24611.45,24607.2,24609.45,0
2026-03-06 06:52:00+00:00,24610.35,24611.05,24606.35,24608.0,0
2026-03-06 06:53:00+00:00,24608.65,24609.1,24600.1,24600.2,0
2026-03-06 06:54:00+00:00,24601.65,24609.25,24600.55,24608.85,0
2026-03-06 06:55:00+00:00,24609.7,24609.7,24598.35,24600.75,0
2026-03-06 06:56:00+00:00,24600.85,24602.9,24600.05,24600.05,0
2026-03-06 06:57:00+00:00,24600.6,24601.0,24593.8,24595.0,0
2026-03-06 06:58:00+00:00,24595.4,24595.45,24576.05,24578.4,0
2026-03-06 06:59:00+00:00,24578.7,24581.95,24577.6,24578.3,0
2026-03-06 07:00:00+00:00,24578.25,24593.5,24578.25,24590.75,0
2026-03-06 07:01:00+00:00,24591.45,24598.0,24591.1,24591.9,0
2026-03-06 07:02:00+00:00,24591.6,24592.25,24586.75,24587.3,0
2026-03-06 07:03:00+00:00,24587.15,24591.65,24585.65,24590.0,0
2026-03-06 07:04:00+00:00,24589.75,24596.45,24589.75,24595.05,0
2026-03-06 07:05:00+00:00,24594.85,24597.9,24592.55,24593.35,0
2026-03-06 07:06:00+00:00,24593.95,24597.9,24591.7,24596.4,0
2026-03-06 07:07:00+00:00,24596.45,24596.75,24589.35,24590.15,0
2026-03-06 07:08:00+00:00,24590.05,24590.95,24587.75,24590.4,0
2026-03-06 07:09:00+00:00,24590.0,24591.35,24584.95,24586.15,0
2026-03-06 07:10:00+00:00,24586.05,24590.25,24586.05,24587.45,0
2026-03-06 07:11:00+00:00,24586.55,24591.1,24586.55,24590.85,0
2026-03-06 07:12:00+00:00,24591.15,24599.75,24590.2,24597.0,0
2026-03-06 07:13:00+00:00,24596.25,24597.15,24590.6,24592.25,0
2026-03-06 07:14:00+00:00,24592.45,24602.0,24590.85,24599.85,0
2026-03-06 07:15:00+00:00,24599.8,24603.3,24597.25,24597.25,0
2026-03-06 07:16:00+00:00,24597.7,24598.2,24589.5,24589.5,0
2026-03-06 07:17:00+00:00,24589.7,24593.5,24583.8,24593.45,0
2026-03-06 07:18:00+00:00,24593.9,24600.35,24591.55,24597.55,0
2026-03-06 07:19:00+00:00,24596.95,24597.15,24590.65,24595.5,0
2026-03-06 07:20:00+00:00,24596.0,24598.95,24595.4,24598.85,0
2026-03-06 07:21:00+00:00,24598.3,24611.25,24598.3,24607.7,0
2026-03-06 07:22:00+00:00,24607.95,24608.95,24605.1,24606.6,0
2026-03-06 07:23:00+00:00,24607.15,24607.85,24598.7,24600.15,0
2026-03-06 07:24:00+00:00,24600.5,24601.2,24595.8,24596.95,0
2026-03-06 07:25:00+00:00,24597.2,24598.45,24593.65,24594.25,0
2026-03-06 07:26:00+00:00,24595.85,24599.65,24592.15,24599.6,0
2026-03-06 07:27:00+00:00,24600.15,24607.45,24600.15,24603.0,0
2026-03-06 07:28:00+00:00,24603.05,24607.45,24603.05,24604.85,0
2026-03-06 07:29:00+00:00,24605.2,24606.2,24601.05,24603.7,0
2026-03-06 07:30:00+00:00,24603.6,24611.7,24603.6,24609.05,0
2026-03-06 07:31:00+00:00,24609.0,24614.25,24607.55,24612.75,0
2026-03-06 07:32:00+00:00,24613.45,24613.75,24597.25,24598.75,0
2026-03-06 07:33:00+00:00,24597.65,24598.85,24591.9,24595.0,0
2026-03-06 07:34:00+00:00,24593.8,24600.85,24593.7,24600.1,0
2026-03-06 07:35:00+00:00,24600.75,24601.85,24595.15,24601.4,0
2026-03-06 07:36:00+00:00,24601.75,24610.05,24601.4,24608.1,0
2026-03-06 07:37:00+00:00,24608.65,24609.2,24601.1,24601.3,0
2026-03-06 07:38:00+00:00,24601.9,24602.05,24596.65,24597.7,0
2026-03-06 07:39:00+00:00,24598.1,24598.85,24593.6,24595.1,0
2026-03-06 07:40:00+00:00,24595.45,24598.2,24594.25,24595.7,0
2026-03-06 07:41:00+00:00,24596.2,24602.15,24595.3,24601.55,0
2026-03-06 07:42:00+00:00,24601.8,24603.6,24597.0,24598.9,0
2026-03-06 07:43:00+00:00,24599.2,24600.5,24597.95,24598.3,0
2026-03-06 07:44:00+00:00,24597.7,24603.2,24597.7,24602.65,0
2026-03-06 07:45:00+00:00,24602.05,24602.6,24599.45,24600.8,0
2026-03-06 07:46:00+00:00,24600.6,24606.7,24599.7,24602.9,0
2026-03-06 07:47:00+00:00,24602.9,24603.55,24595.25,24597.15,0
2026-03-06 07:48:00+00:00,24596.9,24598.9,24593.25,24594.7,0
2026-03-06 07:49:00+00:00,24595.55,24598.75,24593.9,24597.8,0
2026-03-06 07:50:00+00:00,24597.85,24600.05,24593.6,24594.15,0
2026-03-06 07:51:00+00:00,24594.5,24601.1,24594.5,24601.1,0
2026-03-06 07:52:00+00:00,24601.55,24611.3,24601.5,24610.05,0
2026-03-06 07:53:00+00:00,24609.5,24614.85,24607.2,24614.2,0
2026-03-06 07:54:00+00:00,24613.55,24614.85,24603.45,24607.15,0
2026-03-06 07:55:00+00:00,24605.85,24612.5,24604.65,24609.05,0
2026-03-06 07:56:00+00:00,24609.05,24610.65,24607.95,24608.3,0
2026-03-06 07:57:00+00:00,24607.7,24611.8,24606.2,24611.65,0
2026-03-06 07:58:00+00:00,24611.1,24611.65,24602.75,24605.1,0
2026-03-06 07:59:00+00:00,24605.15,24613.15,24603.9,24609.65,0
2026-03-06 08:00:00+00:00,24609.0,24610.65,24604.3,24604.5,0
2026-03-06 08:01:00+00:00,24603.9,24604.05,24594.2,24594.4,0
2026-03-06 08:02:00+00:00,24593.75,24594.85,24588.15,24590.6,0
2026-03-06 08:03:00+00:00,24590.85,24591.15,24585.6,24587.1,0
2026-03-06 08:04:00+00:00,24586.95,24586.95,24576.9,24584.2,0
2026-03-06 08:05:00+00:00,24584.0,24584.95,24578.35,24578.35,0
2026-03-06 08:06:00+00:00,24579.2,24591.7,24571.55,24591.7,0
2026-03-06 08:07:00+00:00,24591.65,24623.5,24591.55,24623.2,0
2026-03-06 08:08:00+00:00,24622.9,24623.4,24601.05,24601.05,0
2026-03-06 08:09:00+00:00,24602.35,24603.2,24592.35,24600.4,0
2026-03-06 08:10:00+00:00,24600.45,24608.05,24595.75,24607.2,0
2026-03-06 08:11:00+00:00,24605.75,24606.6,24598.5,24599.35,0
2026-03-06 08:12:00+00:00,24600.6,24600.6,24592.2,24593.35,0
2026-03-06 08:13:00+00:00,24592.95,24602.8,24592.4,24600.2,0
2026-03-06 08:14:00+00:00,24600.15,24600.75,24594.35,24594.95,0
2026-03-06 08:15:00+00:00,24596.6,24596.6,24585.5,24587.4,0
2026-03-06 08:16:00+00:00,24588.3,24589.65,24585.1,24586.2,0
2026-03-06 08:17:00+00:00,24587.15,24587.15,24579.05,24581.7,0
2026-03-06 08:18:00+00:00,24581.45,24582.25,24573.8,24578.0,0
2026-03-06 08:19:00+00:00,24577.4,24584.85,24572.4,24581.85,0
2026-03-06 08:20:00+00:00,24580.95,24596.5,24580.45,24589.6,0
2026-03-06 08:21:00+00:00,24589.8,24593.2,24583.45,24584.05,0
2026-03-06 08:22:00+00:00,24584.75,24584.75,24573.5,24574.85,0
2026-03-06 08:23:00+00:00,24573.7,24574.9,24570.8,24571.95,0
2026-03-06 08:24:00+00:00,24572.3,24576.7,24569.45,24575.15,0
2026-03-06 08:25:00+00:00,24574.25,24574.6,24567.75,24572.25,0
2026-03-06 08:26:00+00:00,24572.5,24574.5,24563.15,24564.3,0
2026-03-06 08:27:00+00:00,24564.05,24567.8,24559.8,24560.65,0
2026-03-06 08:28:00+00:00,24562.65,24570.3,24557.55,24557.85,0
2026-03-06 08:29:00+00:00,24559.95,24561.95,24552.95,24554.9,0
2026-03-06 08:30:00+00:00,24555.7,24557.9,24546.65,24550.25,0
2026-03-06 08:31:00+00:00,24548.3,24575.6,24543.2,24574.9,0
2026-03-06 08:32:00+00:00,24575.05,24580.25,24571.85,24580.25,0
2026-03-06 08:33:00+00:00,24580.5,24581.95,24571.65,24575.0,0
2026-03-06 08:34:00+00:00,24575.85,24575.95,24567.05,24567.05,0
2026-03-06 08:35:00+00:00,24566.45,24572.85,24565.5,24572.85,0
2026-03-06 08:36:00+00:00,24572.65,24573.1,24564.55,24566.35,0
2026-03-06 08:37:00+00:00,24565.5,24576.05,24565.5,24573.0,0
2026-03-06 08:38:00+00:00,24573.2,24578.3,24571.5,24578.3,0
2026-03-06 08:39:00+00:00,24577.9,24585.0,24575.8,24584.9,0
2026-03-06 08:40:00+00:00,24584.1,24593.25,24584.1,24592.7,0
2026-03-06 08:41:00+00:00,24592.95,24597.6,24591.95,24595.45,0
2026-03-06 08:42:00+00:00,24596.05,24601.7,24594.25,24600.45,0
2026-03-06 08:43:00+00:00,24601.45,24604.4,24600.9,24602.25,0
2026-03-06 08:44:00+00:00,24603.35,24605.7,24584.65,24585.75,0
2026-03-06 08:45:00+00:00,24587.2,24602.25,24585.45,24601.65,0
2026-03-06 08:46:00+00:00,24602.2,24611.65,24602.15,24611.65,0
2026-03-06 08:47:00+00:00,24612.6,24615.9,24603.65,24604.0,0
2026-03-06 08:48:00+00:00,24604.0,24606.25,24601.6,24605.6,0
2026-03-06 08:49:00+00:00,24605.75,24611.8,24604.45,24609.25,0
2026-03-06 08:50:00+00:00,24610.05,24612.55,24603.6,24608.0,0
2026-03-06 08:51:00+00:00,24609.1,24609.1,24605.4,24607.6,0
2026-03-06 08:52:00+00:00,24609.15,24611.4,24608.35,24610.65,0
2026-03-06 08:53:00+00:00,24610.5,24612.3,24603.7,24605.1,0
2026-03-06 08:54:00+00:00,24605.15,24612.55,24603.1,24611.7,0
2026-03-06 08:55:00+00:00,24612.45,24616.45,24600.9,24601.2,0
2026-03-06 08:56:00+00:00,24601.95,24609.05,24601.95,24605.65,0
2026-03-06 08:57:00+00:00,24605.8,24606.2,24596.1,24601.35,0
2026-03-06 08:58:00+00:00,24601.6,24603.25,24594.75,24595.55,0
2026-03-06 08:59:00+00:00,24595.45,24597.25,24592.3,24593.0,0
2026-03-06 09:00:00+00:00,24593.45,24599.05,24593.0,24596.8,0
2026-03-06 09:01:00+00:00,24597.35,24599.85,24589.9,24591.1,0
2026-03-06 09:02:00+00:00,24591.05,24602.3,24589.8,24591.1,0
2026-03-06 09:03:00+00:00,24591.75,24593.4,24587.35,24589.3,0
2026-03-06 09:04:00+00:00,24589.85,24590.15,24581.3,24583.1,0
2026-03-06 09:05:00+00:00,24583.8,24584.15,24578.5,24579.05,0
2026-03-06 09:06:00+00:00,24580.2,24587.5,24578.05,24586.8,0
2026-03-06 09:07:00+00:00,24586.6,24592.45,24584.85,24585.15,0
2026-03-06 09:08:00+00:00,24585.3,24586.65,24578.05,24579.7,0
2026-03-06 09:09:00+00:00,24579.9,24580.3,24567.75,24568.9,0
2026-03-06 09:10:00+00:00,24569.2,24569.2,24557.95,24561.75,0
2026-03-06 09:11:00+00:00,24562.3,24563.55,24552.35,24552.45,0
2026-03-06 09:12:00+00:00,24552.5,24552.5,24540.8,24545.2,0
2026-03-06 09:13:00+00:00,24545.2,24545.2,24537.45,24538.55,0
2026-03-06 09:14:00+00:00,24538.2,24547.05,24534.1,24543.45,0
2026-03-06 09:15:00+00:00,24543.5,24543.5,24535.4,24536.6,0
2026-03-06 09:16:00+00:00,24537.4,24555.85,24535.25,24554.3,0
2026-03-06 09:17:00+00:00,24555.35,24559.75,24537.65,24537.65,0
2026-03-06 09:18:00+00:00,24536.3,24536.3,24445.35,24474.3,0
2026-03-06 09:19:00+00:00,24473.0,24503.2,24464.75,24488.8,0
2026-03-06 09:20:00+00:00,24488.4,24518.8,24484.7,24514.0,0
2026-03-06 09:21:00+00:00,24513.95,24519.65,24508.45,24515.9,0
2026-03-06 09:22:00+00:00,24516.55,24527.4,24513.2,24526.95,0
2026-03-06 09:23:00+00:00,24527.05,24534.8,24521.2,24529.45,0
2026-03-06 09:24:00+00:00,24529.25,24530.5,24511.6,24512.75,0
2026-03-06 09:25:00+00:00,24512.15,24515.35,24502.85,24507.1,0
2026-03-06 09:26:00+00:00,24507.5,24508.1,24496.15,24496.15,0
2026-03-06 09:27:00+00:00,24495.6,24497.55,24491.6,24491.6,0
2026-03-06 09:28:00+00:00,24491.6,24493.4,24481.6,24483.75,0
2026-03-06 09:29:00+00:00,24483.2,24490.25,24482.55,24482.55,0
2026-03-06 09:30:00+00:00,24481.8,24492.8,24470.45,24486.55,0
2026-03-06 09:31:00+00:00,24485.9,24486.3,24465.95,24467.2,0
2026-03-06 09:32:00+00:00,24466.85,24479.35,24466.1,24466.3,0
2026-03-06 09:33:00+00:00,24465.7,24476.9,24461.15,24471.25,0
2026-03-06 09:34:00+00:00,24470.95,24471.7,24459.45,24461.75,0
2026-03-06 09:35:00+00:00,24460.95,24461.65,24450.55,24454.55,0
2026-03-06 09:36:00+00:00,24455.05,24455.55,24448.3,24448.95,0
2026-03-06 09:37:00+00:00,24447.9,24462.4,24445.3,24461.95,0
2026-03-06 09:38:00+00:00,24461.1,24463.05,24451.6,24454.55,0
2026-03-06 09:39:00+00:00,24453.95,24465.35,24453.95,24460.05,0
2026-03-06 09:40:00+00:00,24460.15,24464.1,24458.0,24460.0,0
2026-03-06 09:41:00+00:00,24460.3,24460.3,24451.15,24455.7,0
2026-03-06 09:42:00+00:00,24455.55,24457.25,24446.55,24446.55,0
2026-03-06 09:43:00+00:00,24446.65,24446.65,24434.05,24434.2,0
2026-03-06 09:44:00+00:00,24434.15,24442.9,24431.3,24441.65,0
2026-03-06 09:45:00+00:00,24441.1,24443.85,24427.95,24428.05,0
2026-03-06 09:46:00+00:00,24428.4,24428.85,24415.75,24424.75,0
2026-03-06 09:47:00+00:00,24422.95,24443.1,24422.95,24440.85,0
2026-03-06 09:48:00+00:00,24441.5,24442.7,24434.25,24440.45,0
2026-03-06 09:49:00+00:00,24440.5,24443.1,24433.95,24434.9,0
2026-03-06 09:50:00+00:00,24434.0,24453.9,24434.0,24453.05,0
2026-03-06 09:51:00+00:00,24453.0,24454.25,24443.85,24445.5,0
2026-03-06 09:52:00+00:00,24445.2,24445.55,24440.45,24442.15,0
2026-03-06 09:53:00+00:00,24441.1,24448.2,24440.1,24442.95,0
2026-03-06 09:54:00+00:00,24442.75,24447.85,24438.25,24446.8,0
2026-03-06 09:55:00+00:00,24447.25,24455.3,24443.15,24446.85,0
2026-03-06 09:56:00+00:00,24447.3,24451.2,24445.7,24449.7,0
2026-03-06 09:57:00+00:00,24450.5,24468.25,24449.55,24466.7,0
2026-03-06 09:58:00+00:00,24465.4,24470.05,24464.65,24468.15,0
2026-03-06 09:59:00+00:00,24468.75,24474.4,24465.9,24469.4,0
2026-03-09 03:45:00+00:00,23868.05,23959.7,23805.65,23909.1,0
2026-03-09 03:46:00+00:00,23906.6,23906.6,23839.85,23844.8,0
2026-03-09 03:47:00+00:00,23842.9,23842.9,23789.3,23789.6,0
2026-03-09 03:48:00+00:00,23790.05,23804.55,23756.35,23760.85,0
2026-03-09 03:49:00+00:00,23764.35,23788.1,23743.45,23774.35,0
2026-03-09 03:50:00+00:00,23779.0,23786.8,23760.35,23772.9,0
2026-03-09 03:51:00+00:00,23771.3,23772.95,23739.2,23744.55,0
2026-03-09 03:52:00+00:00,23746.5,23766.7,23745.7,23746.25,0
2026-03-09 03:53:00+00:00,23744.4,23749.15,23727.1,23742.75,0
2026-03-09 03:54:00+00:00,23741.15,23741.15,23713.35,23720.95,0
2026-03-09 03:55:00+00:00,23720.6,23729.35,23710.35,23724.75,0
2026-03-09 03:56:00+00:00,23725.35,23725.85,23697.8,23706.25,0
2026-03-09 03:57:00+00:00,23704.35,23731.45,23699.6,23723.5,0
2026-03-09 03:58:00+00:00,23724.9,23748.7,23719.5,23746.95,0
2026-03-09 03:59:00+00:00,23744.95,23746.4,23725.55,23736.75,0
2026-03-09 04:00:00+00:00,23736.25,23777.25,23736.25,23775.1,0
2026-03-09 04:01:00+00:00,23774.95,23799.3,23763.6,23793.55,0
2026-03-09 04:02:00+00:00,23792.25,23792.25,23752.65,23752.65,0
2026-03-09 04:03:00+00:00,23752.9,23764.9,23734.8,23762.95,0
2026-03-09 04:04:00+00:00,23763.9,23773.45,23746.55,23764.85,0
2026-03-09 04:05:00+00:00,23765.75,23773.25,23752.25,23758.7,0
2026-03-09 04:06:00+00:00,23757.6,23765.05,23751.45,23759.4,0
2026-03-09 04:07:00+00:00,23758.75,23769.15,23754.1,23761.05,0
2026-03-09 04:08:00+00:00,23759.2,23781.9,23757.5,23767.45,0
2026-03-09 04:09:00+00:00,23767.8,23782.4,23763.3,23765.55,0
2026-03-09 04:10:00+00:00,23764.1,23776.7,23761.1,23767.35,0
2026-03-09 04:11:00+00:00,23766.55,23768.2,23751.4,23756.3,0
2026-03-09 04:12:00+00:00,23755.75,23764.65,23749.6,23755.4,0
2026-03-09 04:13:00+00:00,23755.85,23762.75,23739.0,23747.05,0
2026-03-09 04:14:00+00:00,23747.1,23754.55,23735.65,23735.65,0
2026-03-09 04:15:00+00:00,23737.4,23744.5,23715.55,23716.95,0
2026-03-09 04:16:00+00:00,23715.6,23728.05,23711.85,23728.0,0
2026-03-09 04:17:00+00:00,23726.15,23748.15,23725.6,23746.95,0
2026-03-09 04:18:00+00:00,23747.45,23772.4,23747.45,23772.4,0
2026-03-09 04:19:00+00:00,23772.7,23773.35,23761.75,23761.75,0
2026-03-09 04:20:00+00:00,23761.05,23764.05,23757.6,23761.4,0
2026-03-09 04:21:00+00:00,23761.25,23775.05,23751.25,23772.65,0
2026-03-09 04:22:00+00:00,23772.75,23784.3,23768.75,23768.75,0
2026-03-09 04:23:00+00:00,23768.1,23776.1,23767.6,23769.75,0
2026-03-09 04:24:00+00:00,23769.3,23777.1,23760.8,23776.5,0
2026-03-09 04:25:00+00:00,23775.75,23782.0,23769.95,23776.7,0
2026-03-09 04:26:00+00:00,23774.95,23782.65,23774.95,23780.7,0
2026-03-09 04:27:00+00:00,23780.75,23786.4,23777.25,23782.4,0
2026-03-09 04:28:00+00:00,23782.2,23785.1,23763.3,23771.4,0
2026-03-09 04:29:00+00:00,23774.05,23780.75,23771.8,23773.9,0
2026-03-09 04:30:00+00:00,23774.0,23780.55,23769.0,23769.0,0
2026-03-09 04:31:00+00:00,23768.55,23789.25,23768.25,23774.3,0
2026-03-09 04:32:00+00:00,23775.0,23775.0,23758.4,23759.5,0
2026-03-09 04:33:00+00:00,23758.6,23761.6,23751.15,23759.45,0
2026-03-09 04:34:00+00:00,23759.0,23765.0,23750.65,23758.6,0
2026-03-09 04:35:00+00:00,23758.2,23768.15,23756.5,23765.25,0
2026-03-09 04:36:00+00:00,23766.55,23793.15,23766.55,23791.2,0
2026-03-09 04:37:00+00:00,23789.7,23794.75,23784.9,23792.75,0
2026-03-09 04:38:00+00:00,23793.4,23803.7,23792.15,23802.4,0
2026-03-09 04:39:00+00:00,23802.8,23813.1,23800.9,23808.7,0
2026-03-09 04:40:00+00:00,23808.0,23825.65,23806.95,23824.05,0
2026-03-09 04:41:00+00:00,23823.5,23834.15,23823.5,23831.55,0
2026-03-09 04:42:00+00:00,23833.3,23833.3,23823.35,23825.95,0
2026-03-09 04:43:00+00:00,23824.95,23828.0,23813.15,23813.15,0
2026-03-09 04:44:00+00:00,23812.95,23815.4,23805.2,23806.2,0
2026-03-09 04:45:00+00:00,23805.0,23805.0,23777.1,23777.1,0
2026-03-09 04:46:00+00:00,23778.5,23785.7,23771.15,23782.15,0
2026-03-09 04:47:00+00:00,23782.6,23791.35,23763.5,23764.85,0
2026-03-09 04:48:00+00:00,23764.15,23767.35,23755.85,23766.4,0
2026-03-09 04:49:00+00:00,23765.8,23766.8,23757.95,23764.5,0
2026-03-09 04:50:00+00:00,23766.7,23780.5,23761.75,23780.5,0
2026-03-09 04:51:00+00:00,23785.75,23797.2,23779.45,23780.9,0
2026-03-09 04:52:00+00:00,23780.8,23788.05,23774.25,23780.3,0
2026-03-09 04:53:00+00:00,23779.9,23782.9,23772.25,23773.75,0
2026-03-09 04:54:00+00:00,23773.35,23778.5,23770.8,23776.3,0
2026-03-09 04:55:00+00:00,23775.0,23778.95,23759.3,23759.3,0
2026-03-09 04:56:00+00:00,23758.3,23782.8,23758.1,23780.0,0
2026-03-09 04:57:00+00:00,23779.7,23787.4,23777.95,23785.55,0
2026-03-09 04:58:00+00:00,23784.2,23787.7,23780.05,23783.85,0
2026-03-09 04:59:00+00:00,23783.0,23787.45,23781.05,23781.85,0
2026-03-09 05:00:00+00:00,23781.15,23785.2,23777.5,23778.9,0
2026-03-09 05:01:00+00:00,23779.55,23781.2,23759.85,23760.95,0
2026-03-09 05:02:00+00:00,23760.8,23764.65,23749.9,23752.6,0
2026-03-09 05:03:00+00:00,23751.75,23770.6,23750.15,23768.05,0
2026-03-09 05:04:00+00:00,23766.4,23768.35,23752.3,23752.3,0
2026-03-09 05:05:00+00:00,23752.1,23758.3,23746.25,23752.7,0
2026-03-09 05:06:00+00:00,23753.25,23761.2,23744.85,23759.4,0
2026-03-09 05:07:00+00:00,23758.5,23777.55,23757.5,23775.15,0
2026-03-09 05:08:00+00:00,23775.6,23791.75,23773.25,23774.2,0
2026-03-09 05:09:00+00:00,23773.85,23775.3,23766.9,23774.35,0
2026-03-09 05:10:00+00:00,23774.35,23784.1,23771.1,23774.25,0
2026-03-09 05:11:00+00:00,23773.45,23773.45,23764.15,23767.5,0
2026-03-09 05:12:00+00:00,23765.95,23777.3,23763.95,23775.9,0
2026-03-09 05:13:00+00:00,23776.65,23787.3,23774.45,23783.65,0
2026-03-09 05:14:00+00:00,23782.55,23785.95,23773.15,23783.4,0
2026-03-09 05:15:00+00:00,23784.45,23784.9,23772.9,23776.85,0
2026-03-09 05:16:00+00:00,23775.75,23780.75,23771.7,23774.95,0
2026-03-09 05:17:00+00:00,23773.8,23775.65,23762.4,23765.25,0
2026-03-09 05:18:00+00:00,23764.1,23765.1,23757.45,23759.55,0
2026-03-09 05:19:00+00:00,23758.35,23760.3,23754.0,23754.95,0
2026-03-09 05:20:00+00:00,23754.1,23799.1,23750.15,23791.0,0
2026-03-09 05:21:00+00:00,23791.5,23845.9,23783.0,23845.9,0
2026-03-09 05:22:00+00:00,23850.8,23851.3,23814.55,23841.75,0
2026-03-09 05:23:00+00:00,23841.05,23858.05,23840.25,23853.25,0
2026-03-09 05:24:00+00:00,23853.85,23862.35,23851.4,23852.65,0
2026-03-09 05:25:00+00:00,23851.2,23864.8,23847.3,23856.1,0
2026-03-09 05:26:00+00:00,23854.6,23886.2,23849.85,23886.2,0
2026-03-09 05:27:00+00:00,23887.2,23896.0,23874.35,23875.3,0
2026-03-09 05:28:00+00:00,23874.75,23874.75,23859.85,23861.5,0
2026-03-09 05:29:00+00:00,23861.1,23863.2,23852.5,23862.35,0
2026-03-09 05:30:00+00:00,23866.2,23871.65,23839.25,23839.4,0
2026-03-09 05:31:00+00:00,23839.65,23848.05,23836.55,23846.3,0
2026-03-09 05:32:00+00:00,23845.35,23856.7,23843.55,23848.2,0
2026-03-09 05:33:00+00:00,23848.1,23853.45,23842.75,23853.05,0
2026-03-09 05:34:00+00:00,23853.0,23857.35,23847.95,23848.65,0
2026-03-09 05:35:00+00:00,23848.55,23850.15,23840.65,23846.85,0
2026-03-09 05:36:00+00:00,23846.45,23854.15,23846.1,23850.95,0
2026-03-09 05:37:00+00:00,23849.1,23852.4,23841.45,23841.6,0
2026-03-09 05:38:00+00:00,23839.8,23845.5,23837.6,23841.9,0
2026-03-09 05:39:00+00:00,23843.55,23843.55,23824.7,23830.65,0
2026-03-09 05:40:00+00:00,23830.15,23837.3,23805.8,23807.05,0
2026-03-09 05:41:00+00:00,23805.3,23805.7,23784.45,23791.45,0
2026-03-09 05:42:00+00:00,23792.25,23793.85,23786.1,23789.25,0
2026-03-09 05:43:00+00:00,23789.5,23818.5,23789.1,23817.85,0
2026-03-09 05:44:00+00:00,23817.9,23822.05,23811.95,23819.5,0
2026-03-09 05:45:00+00:00,23818.45,23818.45,23800.65,23804.9,0
2026-03-09 05:46:00+00:00,23803.1,23805.45,23787.35,23797.9,0
2026-03-09 05:47:00+00:00,23798.0,23814.0,23790.85,23811.25,0
2026-03-09 05:48:00+00:00,23810.95,23834.6,23809.1,23833.2,0
2026-03-09 05:49:00+00:00,23832.65,23837.1,23831.65,23834.05,0
2026-03-09 05:50:00+00:00,23833.75,23841.9,23831.85,23841.9,0
2026-03-09 05:51:00+00:00,23841.7,23849.65,23837.25,23848.2,0
2026-03-09 05:52:00+00:00,23847.7,23856.25,23845.75,23851.8,0
2026-03-09 05:53:00+00:00,23852.5,23864.75,23850.8,23858.35,0
2026-03-09 05:54:00+00:00,23857.15,23857.15,23843.15,23846.8,0
2026-03-09 05:55:00+00:00,23846.65,23850.85,23844.95,23847.4,0
2026-03-09 05:56:00+00:00,23846.3,23853.2,23840.05,23853.2,0
2026-03-09 05:57:00+00:00,23852.5,23856.3,23851.05,23855.05,0
2026-03-09 05:58:00+00:00,23854.2,23884.95,23852.55,23882.6,0
2026-03-09 05:59:00+00:00,23883.35,23888.65,23872.65,23877.25,0
2026-03-09 06:00:00+00:00,23877.8,23884.6,23874.8,23882.6,0
2026-03-09 06:01:00+00:00,23882.45,23890.0,23882.45,23884.05,0
2026-03-09 06:02:00+00:00,23884.25,23884.25,23866.9,23879.7,0
2026-03-09 06:03:00+00:00,23879.85,23881.45,23863.9,23870.55,0
2026-03-09 06:04:00+00:00,23870.35,23885.55,23870.35,23881.45,0
2026-03-09 06:05:00+00:00,23881.8,23892.8,23881.8,23889.15,0
2026-03-09 06:06:00+00:00,23889.2,23889.2,23881.85,23884.45,0
2026-03-09 06:07:00+00:00,23885.75,23895.45,23884.1,23892.95,0
2026-03-09 06:08:00+00:00,23894.65,23898.25,23892.85,23894.6,0
2026-03-09 06:09:00+00:00,23894.2,23904.8,23891.7,23901.05,0
2026-03-09 06:10:00+00:00,23900.8,23931.35,23900.25,23927.25,0
2026-03-09 06:11:00+00:00,23925.1,23932.0,23925.1,23927.5,0
2026-03-09 06:12:00+00:00,23925.3,23925.3,23907.0,23907.7,0
2026-03-09 06:13:00+00:00,23907.5,23911.4,23891.55,23894.6,0
2026-03-09 06:14:00+00:00,23894.2,23905.4,23892.95,23897.65,0
2026-03-09 06:15:00+00:00,23897.85,23901.4,23888.15,23889.45,0
2026-03-09 06:16:00+00:00,23888.4,23890.85,23878.75,23890.4,0
2026-03-09 06:17:00+00:00,23891.65,23910.5,23891.65,23905.25,0
2026-03-09 06:18:00+00:00,23904.4,23905.9,23897.9,23898.3,0
2026-03-09 06:19:00+00:00,23898.4,23900.2,23891.8,23892.55,0
2026-03-09 06:20:00+00:00,23892.5,23896.45,23883.95,23895.15,0
2026-03-09 06:21:00+00:00,23895.85,23896.7,23888.65,23890.7,0
2026-03-09 06:22:00+00:00,23890.35,23899.3,23889.5,23895.3,0
2026-03-09 06:23:00+00:00,23895.9,23896.6,23884.15,23888.9,0
2026-03-09 06:24:00+00:00,23889.6,23892.95,23887.0,23892.4,0
2026-03-09 06:25:00+00:00,23891.9,23893.4,23882.25,23884.4,0
2026-03-09 06:26:00+00:00,23884.4,23892.35,23883.35,23890.45,0
2026-03-09 06:27:00+00:00,23889.5,23898.2,23887.45,23894.2,0
2026-03-09 06:28:00+00:00,23894.8,23895.25,23883.1,23884.3,0
2026-03-09 06:29:00+00:00,23884.4,23888.6,23882.1,23887.2,0
2026-03-09 06:30:00+00:00,23887.5,23888.6,23873.2,23873.9,0
2026-03-09 06:31:00+00:00,23873.7,23884.75,23871.8,23884.75,0
2026-03-09 06:32:00+00:00,23884.0,23884.9,23875.25,23877.95,0
2026-03-09 06:33:00+00:00,23876.4,23877.6,23869.5,23871.25,0
2026-03-09 06:34:00+00:00,23869.65,23886.35,23867.15,23882.6,0
2026-03-09 06:35:00+00:00,23882.05,23882.4,23872.25,23874.05,0
2026-03-09 06:36:00+00:00,23873.65,23875.0,23864.8,23868.2,0
2026-03-09 06:37:00+00:00,23867.85,23869.9,23857.65,23859.45,0
2026-03-09 06:38:00+00:00,23858.7,23859.55,23853.9,23855.6,0
2026-03-09 06:39:00+00:00,23855.05,23856.25,23841.8,23841.8,0
2026-03-09 06:40:00+00:00,23841.25,23848.1,23828.35,23847.05,0
2026-03-09 06:41:00+00:00,23847.25,23869.2,23847.25,23863.0,0
2026-03-09 06:42:00+00:00,23862.7,23863.4,23855.55,23857.9,0
2026-03-09 06:43:00+00:00,23857.9,23859.2,23850.8,23853.2,0
2026-03-09 06:44:00+00:00,23852.7,23856.75,23848.9,23855.35,0
2026-03-09 06:45:00+00:00,23855.6,23862.1,23854.65,23858.4,0
2026-03-09 06:46:00+00:00,23857.95,23859.3,23852.95,23853.25,0
2026-03-09 06:47:00+00:00,23854.3,23866.8,23853.4,23856.4,0
2026-03-09 06:48:00+00:00,23855.9,23865.2,23851.0,23853.3,0
2026-03-09 06:49:00+00:00,23851.55,23855.0,23848.95,23852.6,0
2026-03-09 06:50:00+00:00,23851.9,23853.8,23839.2,23846.1,0
2026-03-09 06:51:00+00:00,23845.65,23858.85,23842.85,23858.3,0
2026-03-09 06:52:00+00:00,23858.1,23861.55,23849.05,23849.75,0
2026-03-09 06:53:00+00:00,23849.0,23850.05,23842.85,23846.55,0
2026-03-09 06:54:00+00:00,23845.65,23865.0,23845.65,23865.0,0
2026-03-09 06:55:00+00:00,23864.8,23865.8,23854.65,23857.05,0
2026-03-09 06:56:00+00:00,23857.25,23868.25,23856.1,23867.35,0
2026-03-09 06:57:00+00:00,23868.35,23870.85,23864.2,23865.45,0
2026-03-09 06:58:00+00:00,23864.85,23868.3,23857.65,23858.95,0
2026-03-09 06:59:00+00:00,23857.55,23864.9,23854.1,23862.2,0
2026-03-09 07:00:00+00:00,23862.8,23870.1,23862.35,23868.75,0
2026-03-09 07:01:00+00:00,23867.9,23870.7,23849.8,23869.55,0
2026-03-09 07:02:00+00:00,23869.85,23870.4,23850.4,23851.25,0
2026-03-09 07:03:00+00:00,23852.0,23855.55,23850.25,23854.75,0
2026-03-09 07:04:00+00:00,23854.1,23861.55,23844.5,23844.5,0
2026-03-09 07:05:00+00:00,23844.15,23844.75,23834.1,23842.1,0
2026-03-09 07:06:00+00:00,23842.1,23852.7,23840.85,23848.7,0
2026-03-09 07:07:00+00:00,23850.15,23857.25,23850.15,23857.25,0
2026-03-09 07:08:00+00:00,23856.75,23858.95,23853.45,23858.95,0
2026-03-09 07:09:00+00:00,23859.0,23871.15,23858.7,23867.5,0
2026-03-09 07:10:00+00:00,23866.95,23870.15,23862.7,23864.3,0
2026-03-09 07:11:00+00:00,23866.45,23877.85,23859.0,23874.2,0
2026-03-09 07:12:00+00:00,23872.8,23876.9,23867.75,23868.6,0
2026-03-09 07:13:00+00:00,23869.3,23883.15,23868.6,23879.85,0
2026-03-09 07:14:00+00:00,23879.1,23880.9,23872.55,23873.45,0
2026-03-09 07:15:00+00:00,23874.65,23882.85,23871.9,23881.25,0
2026-03-09 07:16:00+00:00,23880.55,23884.0,23875.1,23876.8,0
2026-03-09 07:17:00+00:00,23876.65,23880.8,23874.0,23874.3,0
2026-03-09 07:18:00+00:00,23873.7,23876.55,23861.8,23864.7,0
2026-03-09 07:19:00+00:00,23862.75,23863.95,23854.3,23856.1,0
2026-03-09 07:20:00+00:00,23855.35,23862.3,23854.4,23859.8,0
2026-03-09 07:21:00+00:00,23858.95,23868.65,23857.1,23866.2,0
2026-03-09 07:22:00+00:00,23866.6,23867.7,23858.6,23861.8,0
2026-03-09 07:23:00+00:00,23861.05,23886.4,23859.85,23884.6,0
2026-03-09 07:24:00+00:00,23884.65,23891.4,23882.1,23889.5,0
2026-03-09 07:25:00+00:00,23889.9,23895.65,23881.0,23888.9,0
2026-03-09 07:26:00+00:00,23889.3,23897.25,23889.1,23895.35,0
2026-03-09 07:27:00+00:00,23894.3,23914.95,23894.3,23908.3,0
2026-03-09 07:28:00+00:00,23906.9,23910.9,23897.6,23904.5,0
2026-03-09 07:29:00+00:00,23903.2,23912.45,23902.75,23910.95,0
2026-03-09 07:30:00+00:00,23909.35,23911.75,23900.95,23902.7,0
2026-03-09 07:31:00+00:00,23901.45,23915.9,23898.6,23915.65,0
2026-03-09 07:32:00+00:00,23914.8,23916.25,23906.0,23915.3,0
2026-03-09 07:33:00+00:00,23915.2,23916.85,23905.0,23906.3,0
2026-03-09 07:34:00+00:00,23907.7,23917.75,23890.2,23914.45,0
2026-03-09 07:35:00+00:00,23913.3,23918.2,23902.7,23910.55,0
2026-03-09 07:36:00+00:00,23909.1,23914.4,23907.3,23907.85,0
2026-03-09 07:37:00+00:00,23906.75,23909.2,23900.15,23902.1,0
2026-03-09 07:38:00+00:00,23901.65,23903.3,23893.4,23897.45,0
2026-03-09 07:39:00+00:00,23896.2,23902.6,23895.05,23897.55,0
2026-03-09 07:40:00+00:00,23897.2,23900.25,23896.25,23899.7,0
2026-03-09 07:41:00+00:00,23898.35,23900.1,23890.7,23893.5,0
2026-03-09 07:42:00+00:00,23893.3,23896.15,23886.4,23893.4,0
2026-03-09 07:43:00+00:00,23892.3,23893.35,23866.95,23867.2,0
2026-03-09 07:44:00+00:00,23867.4,23873.7,23863.35,23869.7,0
2026-03-09 07:45:00+00:00,23870.0,23883.75,23870.0,23878.4,0
2026-03-09 07:46:00+00:00,23878.6,23883.7,23873.35,23873.85,0
2026-03-09 07:47:00+00:00,23874.35,23876.7,23862.35,23863.8,0
2026-03-09 07:48:00+00:00,23862.4,23863.05,23854.65,23856.2,0
2026-03-09 07:49:00+00:00,23856.5,23864.85,23853.85,23863.35,0
2026-03-09 07:50:00+00:00,23864.8,23902.5,23861.15,23902.5,0
2026-03-09 07:51:00+00:00,23902.25,23902.8,23868.15,23868.15,0
2026-03-09 07:52:00+00:00,23868.25,23879.9,23867.05,23868.55,0
2026-03-09 07:53:00+00:00,23868.35,23878.25,23863.3,23874.95,0
2026-03-09 07:54:00+00:00,23875.15,23878.95,23866.2,23866.75,0
2026-03-09 07:55:00+00:00,23866.15,23876.45,23858.75,23876.45,0
2026-03-09 07:56:00+00:00,23875.75,23898.0,23875.75,23898.0,0
2026-03-09 07:57:00+00:00,23898.15,23904.05,23891.05,23901.05,0
2026-03-09 07:58:00+00:00,23900.8,23903.85,23893.25,23901.25,0
2026-03-09 07:59:00+00:00,23901.35,23906.85,23880.6,23882.15,0
2026-03-09 08:00:00+00:00,23883.6,23893.95,23882.5,23892.7,0
2026-03-09 08:01:00+00:00,23891.6,23901.65,23888.55,23898.65,0
2026-03-09 08:02:00+00:00,23898.35,23906.4,23896.7,23904.2,0
2026-03-09 08:03:00+00:00,23902.0,23937.55,23900.05,23931.95,0
2026-03-09 08:04:00+00:00,23931.45,23935.5,23912.3,23912.3,0
2026-03-09 08:05:00+00:00,23911.35,23911.35,23901.05,23905.1,0
2026-03-09 08:06:00+00:00,23904.75,23905.55,23894.85,23895.7,0
2026-03-09 08:07:00+00:00,23895.05,23899.6,23891.3,23899.6,0
2026-03-09 08:08:00+00:00,23899.75,23903.1,23896.15,23900.9,0
2026-03-09 08:09:00+00:00,23900.85,23914.4,23899.55,23909.05,0
2026-03-09 08:10:00+00:00,23909.3,23919.35,23907.6,23909.15,0
2026-03-09 08:11:00+00:00,23909.45,23914.2,23904.0,23909.5,0
2026-03-09 08:12:00+00:00,23910.35,23910.95,23904.0,23904.0,0
2026-03-09 08:13:00+00:00,23904.9,23911.8,23899.3,23909.75,0
2026-03-09 08:14:00+00:00,23909.1,23917.65,23902.85,23902.85,0
2026-03-09 08:15:00+00:00,23903.1,23903.7,23895.25,23896.0,0
2026-03-09 08:16:00+00:00,23895.4,23895.4,23878.7,23879.55,0
2026-03-09 08:17:00+00:00,23879.85,23892.65,23876.9,23891.95,0
2026-03-09 08:18:00+00:00,23891.8,23907.05,23885.65,23892.1,0
2026-03-09 08:19:00+00:00,23891.0,23891.0,23885.6,23886.75,0
2026-03-09 08:20:00+00:00,23885.9,23891.55,23882.7,23887.5,0
2026-03-09 08:21:00+00:00,23885.85,23889.05,23883.9,23887.0,0
2026-03-09 08:22:00+00:00,23885.75,23908.65,23884.8,23907.85,0
2026-03-09 08:23:00+00:00,23907.3,23910.35,23903.05,23906.8,0
2026-03-09 08:24:00+00:00,23906.7,23906.7,23898.05,23901.15,0
2026-03-09 08:25:00+00:00,23900.9,23906.75,23899.15,23905.3,0
2026-03-09 08:26:00+00:00,23904.4,23911.55,23903.85,23907.5,0
2026-03-09 08:27:00+00:00,23907.4,23909.0,23904.05,23906.4,0
2026-03-09 08:28:00+00:00,23905.85,23907.8,23884.85,23885.25,0
2026-03-09 08:29:00+00:00,23884.05,23884.05,23876.05,23878.5,0
2026-03-09 08:30:00+00:00,23878.65,23882.35,23869.85,23871.25,0
2026-03-09 08:31:00+00:00,23871.15,23873.75,23867.05,23871.05,0
2026-03-09 08:32:00+00:00,23871.2,23873.15,23859.6,23866.5,0
2026-03-09 08:33:00+00:00,23867.25,23885.7,23865.95,23878.2,0
2026-03-09 08:34:00+00:00,23877.55,23884.9,23869.4,23883.65,0
2026-03-09 08:35:00+00:00,23883.9,23888.0,23877.3,23878.0,0
2026-03-09 08:36:00+00:00,23878.7,23886.75,23876.65,23883.0,0
2026-03-09 08:37:00+00:00,23881.35,23895.2,23876.85,23895.2,0
2026-03-09 08:38:00+00:00,23897.0,23900.2,23886.85,23893.55,0
2026-03-09 08:39:00+00:00,23893.1,23898.4,23892.1,23895.1,0
2026-03-09 08:40:00+00:00,23893.95,23904.8,23893.0,23901.7,0
2026-03-09 08:41:00+00:00,23903.3,23903.3,23893.95,23894.95,0
2026-03-09 08:42:00+00:00,23893.9,23902.4,23883.9,23901.3,0
2026-03-09 08:43:00+00:00,23901.5,23904.6,23889.3,23889.75,0
2026-03-09 08:44:00+00:00,23889.7,23890.05,23878.75,23883.6,0
2026-03-09 08:45:00+00:00,23884.55,23886.85,23869.5,23869.5,0
2026-03-09 08:46:00+00:00,23869.8,23879.45,23868.45,23873.9,0
2026-03-09 08:47:00+00:00,23873.75,23876.7,23867.1,23867.1,0
2026-03-09 08:48:00+00:00,23867.75,23885.7,23865.9,23878.85,0
2026-03-09 08:49:00+00:00,23878.6,23879.35,23871.55,23875.45,0
2026-03-09 08:50:00+00:00,23875.15,23877.65,23865.5,23866.2,0
2026-03-09 08:51:00+00:00,23865.6,23878.2,23863.95,23873.3,0
2026-03-09 08:52:00+00:00,23872.6,23894.25,23871.7,23894.1,0
2026-03-09 08:53:00+00:00,23894.05,23899.75,23892.65,23894.65,0
2026-03-09 08:54:00+00:00,23894.2,23901.15,23891.25,23899.15,0
2026-03-09 08:55:00+00:00,23898.3,23914.2,23896.9,23913.3,0
2026-03-09 08:56:00+00:00,23913.3,23917.3,23896.8,23909.4,0
2026-03-09 08:57:00+00:00,23908.95,23915.45,23908.05,23913.25,0
2026-03-09 08:58:00+00:00,23912.55,23912.55,23893.05,23893.05,0
2026-03-09 08:59:00+00:00,23894.1,23905.0,23891.8,23902.5,0
2026-03-09 09:00:00+00:00,23903.0,23912.15,23895.6,23895.6,0
2026-03-09 09:01:00+00:00,23895.75,23914.8,23895.75,23913.95,0
2026-03-09 09:02:00+00:00,23914.85,23925.0,23914.85,23924.7,0
2026-03-09 09:03:00+00:00,23923.35,23923.55,23911.95,23911.95,0
2026-03-09 09:04:00+00:00,23911.95,23916.45,23906.05,23907.75,0
2026-03-09 09:05:00+00:00,23907.8,23914.95,23901.15,23914.95,0
2026-03-09 09:06:00+00:00,23915.45,23920.3,23908.65,23909.85,0
2026-03-09 09:07:00+00:00,23911.35,23917.8,23910.4,23916.8,0
2026-03-09 09:08:00+00:00,23917.45,23928.05,23915.0,23924.45,0
2026-03-09 09:09:00+00:00,23923.85,23931.55,23921.05,23929.8,0
2026-03-09 09:10:00+00:00,23929.85,23936.9,23928.95,23932.9,0
2026-03-09 09:11:00+00:00,23930.85,23930.85,23914.0,23925.75,0
2026-03-09 09:12:00+00:00,23924.75,23939.3,23922.85,23938.55,0
2026-03-09 09:13:00+00:00,23939.05,23953.0,23939.05,23949.65,0
2026-03-09 09:14:00+00:00,23949.4,23956.3,23938.0,23946.95,0
2026-03-09 09:15:00+00:00,23947.25,23969.8,23939.3,23969.25,0
2026-03-09 09:16:00+00:00,23973.9,24017.1,23973.9,24001.55,0
2026-03-09 09:17:00+00:00,24001.75,24011.45,23996.6,24006.0,0
2026-03-09 09:18:00+00:00,24006.55,24013.7,24005.05,24010.55,0
2026-03-09 09:19:00+00:00,24010.35,24010.35,23975.8,23981.05,0
2026-03-09 09:20:00+00:00,23983.65,23995.7,23983.05,23989.3,0
2026-03-09 09:21:00+00:00,23987.95,23999.75,23987.25,23999.55,0
2026-03-09 09:22:00+00:00,24001.55,24006.3,23981.25,23981.25,0
2026-03-09 09:23:00+00:00,23979.25,23983.45,23968.1,23983.3,0
2026-03-09 09:24:00+00:00,23985.15,24012.45,23985.05,24011.65,0
2026-03-09 09:25:00+00:00,24012.85,24018.0,24008.5,24013.6,0
2026-03-09 09:26:00+00:00,24013.6,24019.35,24009.95,24010.8,0
2026-03-09 09:27:00+00:00,24009.7,24010.4,23991.35,24004.65,0
2026-03-09 09:28:00+00:00,24003.5,24009.0,24000.95,24006.3,0
2026-03-09 09:29:00+00:00,24006.8,24011.0,23999.15,24011.0,0
2026-03-09 09:30:00+00:00,24012.3,24013.4,23983.3,23985.45,0
2026-03-09 09:31:00+00:00,23986.65,23995.4,23973.95,23994.65,0
2026-03-09 09:32:00+00:00,23995.0,24013.9,23995.0,24013.9,0
2026-03-09 09:33:00+00:00,24014.2,24052.95,24013.3,24042.45,0
2026-03-09 09:34:00+00:00,24043.2,24056.45,24042.2,24049.4,0
2026-03-09 09:35:00+00:00,24050.25,24060.85,24049.3,24057.3,0
2026-03-09 09:36:00+00:00,24057.25,24078.15,24056.45,24057.7,0
2026-03-09 09:37:00+00:00,24058.4,24058.55,24029.8,24031.15,0
2026-03-09 09:38:00+00:00,24031.4,24031.4,24021.6,24028.55,0
2026-03-09 09:39:00+00:00,24029.4,24033.9,24023.8,24033.3,0
2026-03-09 09:40:00+00:00,24031.7,24036.3,24024.7,24035.9,0
2026-03-09 09:41:00+00:00,24037.15,24048.05,24036.9,24038.35,0
2026-03-09 09:42:00+00:00,24039.6,24059.25,24039.6,24054.2,0
2026-03-09 09:43:00+00:00,24054.2,24061.0,24046.05,24051.6,0
2026-03-09 09:44:00+00:00,24051.55,24051.55,24043.65,24047.7,0
2026-03-09 09:45:00+00:00,24047.15,24056.15,24042.9,24052.7,0
2026-03-09 09:46:00+00:00,24053.15,24053.15,24037.8,24039.4,0
2026-03-09 09:47:00+00:00,24040.8,24045.35,24037.8,24045.35,0
2026-03-09 09:48:00+00:00,24045.65,24046.05,24039.3,24041.7,0
2026-03-09 09:49:00+00:00,24043.05,24047.05,24039.2,24040.6,0
2026-03-09 09:50:00+00:00,24040.75,24040.75,24010.75,24012.4,0
2026-03-09 09:51:00+00:00,24012.2,24014.5,24008.5,24011.6,0
2026-03-09 09:52:00+00:00,24011.85,24017.6,24009.9,24017.0,0
2026-03-09 09:53:00+00:00,24016.8,24019.15,24014.1,24017.95,0
2026-03-09 09:54:00+00:00,24018.2,24018.2,24006.15,24014.65,0
2026-03-09 09:55:00+00:00,24015.05,24015.7,23999.65,24012.55,0
2026-03-09 09:56:00+00:00,24012.95,24016.85,24006.2,24008.45,0
2026-03-09 09:57:00+00:00,24008.2,24008.8,23999.25,24001.35,0
2026-03-09 09:58:00+00:00,24000.6,24002.6,23994.7,23998.75,0
2026-03-09 09:59:00+00:00,23997.1,24009.0,23996.65,24005.8,0
2026-03-10 03:45:00+00:00,24280.8,24303.8,24186.05,24195.8,0
2026-03-10 03:46:00+00:00,24197.1,24206.85,24183.5,24200.35,0
2026-03-10 03:47:00+00:00,24200.65,24201.0,24162.8,24180.95,0
2026-03-10 03:48:00+00:00,24181.3,24181.3,24161.2,24161.2,0
2026-03-10 03:49:00+00:00,24158.3,24165.5,24149.0,24150.4,0
2026-03-10 03:50:00+00:00,24150.7,24160.8,24138.6,24159.4,0
2026-03-10 03:51:00+00:00,24159.1,24161.05,24143.1,24148.45,0
2026-03-10 03:52:00+00:00,24147.65,24174.65,24145.15,24163.4,0
2026-03-10 03:53:00+00:00,24164.55,24174.1,24158.75,24160.7,0
2026-03-10 03:54:00+00:00,24159.85,24161.55,24146.05,24152.6,0
2026-03-10 03:55:00+00:00,24151.65,24157.15,24144.6,24145.85,0
2026-03-10 03:56:00+00:00,24145.1,24149.55,24125.15,24129.65,0
2026-03-10 03:57:00+00:00,24129.6,24153.75,24129.6,24149.65,0
2026-03-10 03:58:00+00:00,24146.7,24157.6,24132.2,24157.6,0
2026-03-10 03:59:00+00:00,24156.65,24171.2,24148.7,24159.8,0
2026-03-10 04:00:00+00:00,24159.35,24164.6,24124.9,24133.1,0
2026-03-10 04:01:00+00:00,24131.55,24140.2,24121.2,24137.4,0
2026-03-10 04:02:00+00:00,24137.5,24155.5,24137.5,24143.55,0
2026-03-10 04:03:00+00:00,24142.35,24146.9,24131.65,24135.8,0
2026-03-10 04:04:00+00:00,24135.25,24135.25,24122.1,24124.45,0
2026-03-10 04:05:00+00:00,24124.25,24124.25,24115.55,24119.3,0
2026-03-10 04:06:00+00:00,24119.7,24120.0,24085.6,24091.25,0
2026-03-10 04:07:00+00:00,24091.1,24111.4,24088.9,24108.75,0
2026-03-10 04:08:00+00:00,24108.45,24111.0,24100.05,24107.95,0
2026-03-10 04:09:00+00:00,24107.3,24107.3,24091.9,24093.4,0
2026-03-10 04:10:00+00:00,24093.15,24102.05,24093.15,24097.35,0
2026-03-10 04:11:00+00:00,24096.8,24101.3,24089.35,24097.55,0
2026-03-10 04:12:00+00:00,24096.1,24117.4,24094.7,24117.4,0
2026-03-10 04:13:00+00:00,24117.35,24129.9,24114.45,24127.95,0
2026-03-10 04:14:00+00:00,24128.35,24155.25,24126.4,24153.45,0
2026-03-10 04:15:00+00:00,24152.95,24158.3,24130.9,24138.35,0
2026-03-10 04:16:00+00:00,24138.7,24149.3,24133.3,24149.3,0
2026-03-10 04:17:00+00:00,24149.1,24150.6,24126.05,24126.3,0
2026-03-10 04:18:00+00:00,24125.3,24132.65,24115.05,24131.2,0
2026-03-10 04:19:00+00:00,24130.25,24140.25,24128.7,24136.65,0
2026-03-10 04:20:00+00:00,24136.6,24140.25,24128.9,24138.6,0
2026-03-10 04:21:00+00:00,24138.95,24139.2,24127.15,24130.9,0
2026-03-10 04:22:00+00:00,24130.4,24135.75,24125.75,24131.55,0
2026-03-10 04:23:00+00:00,24131.85,24139.2,24130.55,24133.9,0
2026-03-10 04:24:00+00:00,24133.85,24133.85,24121.8,24131.4,0
2026-03-10 04:25:00+00:00,24131.85,24131.95,24118.65,24118.95,0
2026-03-10 04:26:00+00:00,24119.05,24120.9,24108.35,24109.25,0
2026-03-10 04:27:00+00:00,24108.8,24109.0,24093.35,24100.7,0
2026-03-10 04:28:00+00:00,24099.75,24100.4,24085.05,24085.7,0
2026-03-10 04:29:00+00:00,24085.1,24094.25,24079.95,24093.1,0
2026-03-10 04:30:00+00:00,24092.05,24100.35,24091.3,24098.7,0
2026-03-10 04:31:00+00:00,24098.65,24122.7,24098.45,24121.9,0
2026-03-10 04:32:00+00:00,24122.1,24132.75,24119.25,24131.0,0
2026-03-10 04:33:00+00:00,24131.2,24138.65,24129.6,24133.2,0
2026-03-10 04:34:00+00:00,24132.05,24133.2,24123.95,24131.6,0
2026-03-10 04:35:00+00:00,24130.8,24137.35,24126.35,24127.55,0
2026-03-10 04:36:00+00:00,24127.45,24128.05,24121.4,24127.65,0
2026-03-10 04:37:00+00:00,24128.25,24133.8,24127.95,24132.95,0
2026-03-10 04:38:00+00:00,24132.25,24147.5,24130.4,24147.0,0
2026-03-10 04:39:00+00:00,24147.2,24147.2,24136.85,24139.5,0
2026-03-10 04:40:00+00:00,24139.15,24142.15,24134.65,24140.0,0
2026-03-10 04:41:00+00:00,24139.45,24139.8,24131.1,24131.85,0
2026-03-10 04:42:00+00:00,24131.8,24141.6,24131.1,24134.65,0
2026-03-10 04:43:00+00:00,24135.0,24139.8,24132.7,24134.45,0
2026-03-10 04:44:00+00:00,24134.2,24160.95,24134.2,24151.05,0
2026-03-10 04:45:00+00:00,24151.5,24195.15,24149.3,24187.75,0
2026-03-10 04:46:00+00:00,24188.95,24197.85,24183.3,24197.85,0
2026-03-10 04:47:00+00:00,24197.95,24213.7,24190.25,24211.25,0
2026-03-10 04:48:00+00:00,24210.7,24211.8,24197.95,24203.75,0
2026-03-10 04:49:00+00:00,24203.2,24206.85,24197.9,24204.55,0
2026-03-10 04:50:00+00:00,24205.0,24208.2,24193.5,24197.8,0
2026-03-10 04:51:00+00:00,24197.55,24197.55,24180.65,24181.95,0
2026-03-10 04:52:00+00:00,24181.85,24182.7,24159.7,24164.0,0
2026-03-10 04:53:00+00:00,24163.95,24163.95,24151.9,24157.25,0
2026-03-10 04:54:00+00:00,24156.25,24171.85,24156.25,24169.0,0
2026-03-10 04:55:00+00:00,24169.2,24175.95,24168.7,24169.3,0
2026-03-10 04:56:00+00:00,24168.3,24168.8,24160.0,24160.0,0
2026-03-10 04:57:00+00:00,24160.55,24163.55,24154.55,24156.2,0
2026-03-10 04:58:00+00:00,24157.25,24175.95,24153.2,24175.7,0
2026-03-10 04:59:00+00:00,24175.15,24175.15,24160.4,24160.6,0
2026-03-10 05:00:00+00:00,24160.3,24168.65,24159.1,24166.25,0
2026-03-10 05:01:00+00:00,24165.7,24177.95,24163.0,24177.95,0
2026-03-10 05:02:00+00:00,24177.45,24188.2,24173.4,24186.55,0
2026-03-10 05:03:00+00:00,24185.7,24204.95,24181.95,24204.95,0
2026-03-10 05:04:00+00:00,24205.05,24207.3,24191.5,24200.3,0
2026-03-10 05:05:00+00:00,24200.3,24205.05,24191.7,24204.25,0
2026-03-10 05:06:00+00:00,24204.05,24209.15,24200.4,24200.45,0
2026-03-10 05:07:00+00:00,24200.7,24201.5,24185.45,24190.45,0
2026-03-10 05:08:00+00:00,24190.2,24195.25,24187.8,24193.0,0
2026-03-10 05:09:00+00:00,24192.95,24195.1,24189.05,24193.2,0
2026-03-10 05:10:00+00:00,24192.7,24215.85,24191.5,24204.7,0
2026-03-10 05:11:00+00:00,24204.6,24215.25,24203.9,24214.5,0
2026-03-10 05:12:00+00:00,24215.0,24221.45,24214.75,24216.5,0
2026-03-10 05:13:00+00:00,24217.8,24224.8,24214.95,24216.85,0
2026-03-10 05:14:00+00:00,24216.2,24219.0,24210.8,24217.05,0
2026-03-10 05:15:00+00:00,24217.2,24229.05,24217.0,24222.3,0
2026-03-10 05:16:00+00:00,24220.95,24221.9,24213.25,24218.8,0
2026-03-10 05:17:00+00:00,24218.35,24224.7,24216.0,24224.7,0
2026-03-10 05:18:00+00:00,24223.95,24233.2,24222.5,24231.1,0
2026-03-10 05:19:00+00:00,24231.35,24232.3,24221.35,24222.4,0
2026-03-10 05:20:00+00:00,24222.2,24224.1,24217.65,24224.1,0
2026-03-10 05:21:00+00:00,24224.15,24225.8,24214.0,24214.0,0
2026-03-10 05:22:00+00:00,24213.1,24213.7,24202.0,24203.05,0
2026-03-10 05:23:00+00:00,24202.45,24203.2,24184.95,24192.6,0
2026-03-10 05:24:00+00:00,24193.35,24193.4,24186.05,24192.05,0
2026-03-10 05:25:00+00:00,24192.2,24196.9,24188.95,24188.95,0
2026-03-10 05:26:00+00:00,24188.05,24189.5,24178.8,24179.1,0
2026-03-10 05:27:00+00:00,24178.25,24189.55,24173.95,24188.4,0
2026-03-10 05:28:00+00:00,24188.05,24197.25,24188.05,24197.15,0
2026-03-10 05:29:00+00:00,24196.85,24198.8,24193.0,24197.4,0
2026-03-10 05:30:00+00:00,24197.6,24205.75,24196.95,24205.1,0
2026-03-10 05:31:00+00:00,24205.65,24207.3,24193.25,24200.2,0
2026-03-10 05:32:00+00:00,24199.85,24201.5,24189.45,24189.45,0
2026-03-10 05:33:00+00:00,24187.25,24200.3,24186.6,24198.6,0
2026-03-10 05:34:00+00:00,24198.7,24205.5,24198.45,24202.65,0
2026-03-10 05:35:00+00:00,24202.8,24208.85,24201.45,24207.65,0
2026-03-10 05:36:00+00:00,24208.75,24215.75,24208.75,24210.65,0
2026-03-10 05:37:00+00:00,24210.75,24213.1,24196.75,24200.5,0
2026-03-10 05:38:00+00:00,24200.45,24208.45,24200.45,24207.7,0
2026-03-10 05:39:00+00:00,24208.9,24219.6,24207.5,24219.6,0
2026-03-10 05:40:00+00:00,24219.1,24222.0,24216.2,24219.7,0
2026-03-10 05:41:00+00:00,24219.6,24224.65,24218.85,24221.5,0
2026-03-10 05:42:00+00:00,24221.65,24224.6,24217.55,24222.1,0
2026-03-10 05:43:00+00:00,24222.5,24224.4,24219.2,24222.05,0
2026-03-10 05:44:00+00:00,24221.75,24224.95,24217.9,24222.4,0
2026-03-10 05:45:00+00:00,24222.2,24243.5,24221.75,24240.75,0
2026-03-10 05:46:00+00:00,24241.1,24241.1,24231.55,24231.9,0
2026-03-10 05:47:00+00:00,24231.45,24234.0,24223.2,24224.55,0
2026-03-10 05:48:00+00:00,24224.4,24225.8,24220.05,24221.45,0
2026-03-10 05:49:00+00:00,24220.6,24220.95,24208.3,24210.25,0
2026-03-10 05:50:00+00:00,24210.8,24215.7,24206.1,24214.4,0
2026-03-10 05:51:00+00:00,24214.3,24231.4,24214.0,24231.4,0
2026-03-10 05:52:00+00:00,24231.35,24233.05,24229.35,24232.75,0
2026-03-10 05:53:00+00:00,24232.15,24233.85,24227.7,24228.35,0
2026-03-10 05:54:00+00:00,24228.85,24234.45,24228.8,24233.3,0
2026-03-10 05:55:00+00:00,24233.4,24237.7,24224.9,24224.9,0
2026-03-10 05:56:00+00:00,24226.5,24230.4,24221.45,24223.3,0
2026-03-10 05:57:00+00:00,24223.15,24224.55,24216.95,24220.2,0
2026-03-10 05:58:00+00:00,24219.75,24224.25,24218.4,24223.15,0
2026-03-10 05:59:00+00:00,24223.3,24229.25,24221.5,24229.0,0
2026-03-10 06:00:00+00:00,24229.55,24240.15,24226.95,24228.55,0
2026-03-10 06:01:00+00:00,24228.45,24235.1,24228.45,24233.95,0
2026-03-10 06:02:00+00:00,24233.55,24239.65,24233.55,24239.05,0
2026-03-10 06:03:00+00:00,24240.85,24246.85,24240.8,24243.1,0
2026-03-10 06:04:00+00:00,24242.45,24246.05,24238.25,24244.65,0
2026-03-10 06:05:00+00:00,24245.4,24250.75,24244.8,24248.55,0
2026-03-10 06:06:00+00:00,24248.95,24249.5,24242.5,24246.65,0
2026-03-10 06:07:00+00:00,24247.2,24249.4,24243.9,24243.9,0
2026-03-10 06:08:00+00:00,24243.45,24249.05,24242.35,24248.2,0
2026-03-10 06:09:00+00:00,24248.25,24255.05,24246.3,24252.05,0
2026-03-10 06:10:00+00:00,24252.3,24253.25,24247.95,24252.75,0
2026-03-10 06:11:00+00:00,24252.95,24253.05,24247.85,24250.55,0
2026-03-10 06:12:00+00:00,24251.15,24255.3,24250.25,24253.55,0
2026-03-10 06:13:00+00:00,24253.6,24254.65,24250.75,24253.75,0
2026-03-10 06:14:00+00:00,24253.95,24254.9,24249.3,24250.1,0
2026-03-10 06:15:00+00:00,24250.0,24250.5,24241.35,24246.3,0
2026-03-10 06:16:00+00:00,24246.85,24247.0,24238.25,24239.55,0
2026-03-10 06:17:00+00:00,24239.25,24239.8,24230.85,24231.55,0
2026-03-10 06:18:00+00:00,24231.75,24232.0,24212.8,24212.95,0
2026-03-10 06:19:00+00:00,24213.1,24214.4,24208.0,24208.2,0
2026-03-10 06:20:00+00:00,24207.45,24207.85,24201.85,24203.5,0
2026-03-10 06:21:00+00:00,24204.3,24204.3,24196.65,24196.65,0
2026-03-10 06:22:00+00:00,24197.35,24201.35,24195.7,24200.05,0
2026-03-10 06:23:00+00:00,24200.4,24207.65,24199.7,24207.05,0
2026-03-10 06:24:00+00:00,24207.25,24214.6,24206.45,24213.15,0
2026-03-10 06:25:00+00:00,24214.3,24225.25,24214.2,24219.4,0
2026-03-10 06:26:00+00:00,24219.65,24219.65,24198.4,24199.1,0
2026-03-10 06:27:00+00:00,24197.95,24208.6,24193.9,24204.15,0
2026-03-10 06:28:00+00:00,24204.45,24208.5,24202.25,24207.45,0
2026-03-10 06:29:00+00:00,24208.15,24215.9,24207.65,24210.65,0
2026-03-10 06:30:00+00:00,24210.8,24212.85,24207.95,24212.8,0
2026-03-10 06:31:00+00:00,24212.95,24217.1,24212.4,24216.15,0
2026-03-10 06:32:00+00:00,24216.5,24222.75,24215.95,24218.45,0
2026-03-10 06:33:00+00:00,24220.1,24220.2,24217.55,24218.2,0
2026-03-10 06:34:00+00:00,24218.65,24219.05,24212.5,24214.15,0
2026-03-10 06:35:00+00:00,24214.45,24220.95,24212.95,24220.2,0
2026-03-10 06:36:00+00:00,24221.6,24223.25,24216.4,24217.95,0
2026-03-10 06:37:00+00:00,24218.15,24229.2,24218.15,24229.2,0
2026-03-10 06:38:00+00:00,24229.45,24229.45,24206.25,24212.7,0
2026-03-10 06:39:00+00:00,24213.65,24217.5,24205.3,24205.3,0
2026-03-10 06:40:00+00:00,24205.35,24208.8,24199.2,24208.8,0
2026-03-10 06:41:00+00:00,24208.7,24213.9,24208.35,24213.25,0
2026-03-10 06:42:00+00:00,24213.25,24215.9,24209.9,24211.1,0
2026-03-10 06:43:00+00:00,24210.3,24211.0,24198.15,24198.15,0
2026-03-10 06:44:00+00:00,24200.55,24201.1,24172.5,24172.5,0
2026-03-10 06:45:00+00:00,24173.1,24185.1,24149.95,24176.9,0
2026-03-10 06:46:00+00:00,24176.7,24189.45,24173.9,24185.95,0
2026-03-10 06:47:00+00:00,24185.15,24185.45,24172.95,24183.1,0
2026-03-10 06:48:00+00:00,24183.2,24188.5,24182.5,24182.8,0
2026-03-10 06:49:00+00:00,24182.6,24187.4,24176.1,24184.5,0
2026-03-10 06:50:00+00:00,24184.4,24186.65,24178.75,24178.75,0
2026-03-10 06:51:00+00:00,24178.8,24180.7,24171.9,24172.25,0
2026-03-10 06:52:00+00:00,24171.95,24173.95,24144.4,24144.4,0
2026-03-10 06:53:00+00:00,24144.85,24160.65,24143.05,24153.95,0
2026-03-10 06:54:00+00:00,24154.05,24154.05,24144.9,24152.0,0
2026-03-10 06:55:00+00:00,24152.0,24166.05,24149.75,24166.05,0
2026-03-10 06:56:00+00:00,24166.05,24166.05,24156.45,24157.05,0
2026-03-10 06:57:00+00:00,24154.25,24156.5,24151.15,24153.6,0
2026-03-10 06:58:00+00:00,24153.95,24156.85,24147.6,24151.8,0
2026-03-10 06:59:00+00:00,24152.35,24165.25,24151.35,24162.65,0
2026-03-10 07:00:00+00:00,24163.3,24163.55,24153.15,24159.3,0
2026-03-10 07:01:00+00:00,24159.85,24165.8,24158.15,24163.55,0
2026-03-10 07:02:00+00:00,24163.35,24163.95,24156.75,24161.65,0
2026-03-10 07:03:00+00:00,24161.2,24165.9,24157.0,24159.1,0
2026-03-10 07:04:00+00:00,24159.75,24165.0,24158.2,24160.9,0
2026-03-10 07:05:00+00:00,24160.0,24189.5,24156.5,24187.05,0
2026-03-10 07:06:00+00:00,24187.05,24191.5,24179.4,24179.4,0
2026-03-10 07:07:00+00:00,24180.65,24180.65,24160.35,24161.4,0
2026-03-10 07:08:00+00:00,24161.65,24168.6,24160.25,24162.6,0
2026-03-10 07:09:00+00:00,24161.9,24164.75,24157.0,24157.0,0
2026-03-10 07:10:00+00:00,24156.65,24161.75,24155.1,24159.45,0
2026-03-10 07:11:00+00:00,24160.6,24163.35,24155.1,24160.05,0
2026-03-10 07:12:00+00:00,24160.85,24163.0,24153.0,24155.4,0
2026-03-10 07:13:00+00:00,24156.45,24156.45,24145.85,24145.85,0
2026-03-10 07:14:00+00:00,24146.5,24150.65,24142.45,24147.05,0
2026-03-10 07:15:00+00:00,24147.6,24159.7,24142.75,24159.7,0
2026-03-10 07:16:00+00:00,24160.15,24172.7,24160.15,24170.3,0
2026-03-10 07:17:00+00:00,24171.05,24172.35,24167.35,24171.3,0
2026-03-10 07:18:00+00:00,24171.65,24177.3,24171.65,24173.9,0
2026-03-10 07:19:00+00:00,24174.4,24184.5,24172.25,24184.5,0
2026-03-10 07:20:00+00:00,24184.45,24195.1,24181.9,24194.25,0
2026-03-10 07:21:00+00:00,24194.45,24199.55,24194.25,24194.4,0
2026-03-10 07:22:00+00:00,24194.6,24195.9,24191.65,24195.9,0
2026-03-10 07:23:00+00:00,24196.1,24197.9,24183.35,24196.3,0
2026-03-10 07:24:00+00:00,24196.0,24220.05,24195.6,24218.4,0
2026-03-10 07:25:00+00:00,24218.55,24224.75,24209.4,24222.85,0
2026-03-10 07:26:00+00:00,24225.05,24231.35,24223.55,24228.3,0
2026-03-10 07:27:00+00:00,24228.5,24231.0,24223.7,24223.7,0
2026-03-10 07:28:00+00:00,24224.7,24227.25,24219.15,24219.6,0
2026-03-10 07:29:00+00:00,24219.6,24220.35,24211.55,24219.15,0
2026-03-10 07:30:00+00:00,24219.4,24222.5,24215.2,24216.15,0
2026-03-10 07:31:00+00:00,24216.15,24236.5,24213.6,24228.45,0
2026-03-10 07:32:00+00:00,24228.85,24232.4,24219.85,24224.4,0
2026-03-10 07:33:00+00:00,24224.85,24229.45,24222.2,24225.9,0
2026-03-10 07:34:00+00:00,24226.6,24226.85,24220.3,24224.1,0
2026-03-10 07:35:00+00:00,24226.35,24226.7,24216.15,24216.9,0
2026-03-10 07:36:00+00:00,24217.0,24222.6,24207.6,24208.2,0
2026-03-10 07:37:00+00:00,24206.85,24213.05,24205.3,24208.6,0
2026-03-10 07:38:00+00:00,24208.6,24212.1,24201.7,24203.5,0
2026-03-10 07:39:00+00:00,24202.8,24210.55,24201.55,24206.3,0
2026-03-10 07:40:00+00:00,24208.05,24217.85,24205.55,24210.4,0
2026-03-10 07:41:00+00:00,24209.45,24209.45,24200.4,24200.7,0
2026-03-10 07:42:00+00:00,24200.95,24206.55,24194.9,24203.0,0
2026-03-10 07:43:00+00:00,24202.8,24207.1,24198.9,24203.0,0
2026-03-10 07:44:00+00:00,24203.35,24212.5,24202.75,24209.35,0
2026-03-10 07:45:00+00:00,24209.9,24214.05,24205.7,24213.2,0
2026-03-10 07:46:00+00:00,24212.9,24219.05,24208.25,24211.3,0
2026-03-10 07:47:00+00:00,24211.15,24214.65,24203.6,24210.8,0
2026-03-10 07:48:00+00:00,24208.75,24214.2,24207.25,24210.6,0
2026-03-10 07:49:00+00:00,24211.0,24218.9,24210.35,24215.4,0
2026-03-10 07:50:00+00:00,24215.75,24223.85,24211.9,24223.85,0
2026-03-10 07:51:00+00:00,24223.95,24225.3,24215.0,24217.35,0
2026-03-10 07:52:00+00:00,24217.05,24217.55,24204.45,24205.8,0
2026-03-10 07:53:00+00:00,24203.75,24203.75,24190.4,24196.25,0
2026-03-10 07:54:00+00:00,24196.1,24211.45,24194.95,24199.85,0
2026-03-10 07:55:00+00:00,24199.35,24210.85,24197.85,24197.85,0
2026-03-10 07:56:00+00:00,24197.3,24203.05,24191.85,24202.35,0
2026-03-10 07:57:00+00:00,24203.45,24203.45,24195.65,24200.7,0
2026-03-10 07:58:00+00:00,24200.85,24212.05,24200.75,24208.55,0
2026-03-10 07:59:00+00:00,24208.25,24213.35,24207.35,24212.6,0
2026-03-10 08:00:00+00:00,24212.55,24232.4,24212.4,24232.4,0
2026-03-10 08:01:00+00:00,24234.0,24236.05,24221.9,24230.5,0
2026-03-10 08:02:00+00:00,24231.45,24231.45,24223.65,24228.5,0
2026-03-10 08:03:00+00:00,24228.9,24230.55,24225.3,24226.0,0
2026-03-10 08:04:00+00:00,24224.85,24231.95,24223.35,24231.8,0
2026-03-10 08:05:00+00:00,24231.4,24235.45,24221.0,24235.45,0
2026-03-10 08:06:00+00:00,24235.6,24236.8,24225.0,24225.0,0
2026-03-10 08:07:00+00:00,24220.25,24222.8,24215.75,24222.7,0
2026-03-10 08:08:00+00:00,24223.05,24258.1,24223.05,24256.6,0
2026-03-10 08:09:00+00:00,24256.0,24262.85,24252.15,24252.15,0
2026-03-10 08:10:00+00:00,24251.7,24258.1,24250.95,24256.7,0
2026-03-10 08:11:00+00:00,24256.9,24257.25,24241.7,24241.8,0
2026-03-10 08:12:00+00:00,24242.85,24243.35,24234.85,24239.55,0
2026-03-10 08:13:00+00:00,24239.3,24240.15,24230.35,24235.0,0
2026-03-10 08:14:00+00:00,24235.05,24240.7,24234.95,24238.55,0
2026-03-10 08:15:00+00:00,24238.5,24238.7,24228.6,24229.75,0
2026-03-10 08:16:00+00:00,24229.55,24238.2,24227.6,24236.6,0
2026-03-10 08:17:00+00:00,24236.95,24236.95,24229.8,24230.35,0
2026-03-10 08:18:00+00:00,24230.95,24231.45,24223.5,24224.55,0
2026-03-10 08:19:00+00:00,24224.65,24234.55,24224.35,24233.65,0
2026-03-10 08:20:00+00:00,24233.8,24247.05,24232.75,24246.05,0
2026-03-10 08:21:00+00:00,24245.95,24249.65,24236.9,24238.75,0
2026-03-10 08:22:00+00:00,24238.45,24246.55,24238.45,24245.6,0
2026-03-10 08:23:00+00:00,24245.45,24253.5,24244.15,24248.95,0
2026-03-10 08:24:00+00:00,24249.6,24249.75,24237.45,24239.5,0
2026-03-10 08:25:00+00:00,24239.7,24244.35,24239.7,24242.75,0
2026-03-10 08:26:00+00:00,24242.8,24242.95,24239.1,24239.6,0
2026-03-10 08:27:00+00:00,24240.15,24241.0,24237.2,24239.25,0
2026-03-10 08:28:00+00:00,24239.2,24243.3,24236.45,24237.95,0
2026-03-10 08:29:00+00:00,24237.8,24238.6,24232.8,24233.2,0
2026-03-10 08:30:00+00:00,24233.45,24236.65,24227.85,24228.4,0
2026-03-10 08:31:00+00:00,24228.9,24229.3,24215.6,24218.85,0
2026-03-10 08:32:00+00:00,24219.35,24224.35,24218.05,24221.6,0
2026-03-10 08:33:00+00:00,24221.4,24222.45,24219.05,24221.9,0
2026-03-10 08:34:00+00:00,24221.35,24233.6,24219.1,24233.35,0
2026-03-10 08:35:00+00:00,24232.8,24247.45,24232.8,24244.4,0
2026-03-10 08:36:00+00:00,24245.25,24246.25,24227.65,24236.75,0
2026-03-10 08:37:00+00:00,24236.8,24246.65,24235.9,24245.5,0
2026-03-10 08:38:00+00:00,24245.35,24270.2,24245.05,24270.2,0
2026-03-10 08:39:00+00:00,24270.4,24289.95,24262.15,24275.5,0
2026-03-10 08:40:00+00:00,24276.75,24290.0,24274.05,24289.9,0
2026-03-10 08:41:00+00:00,24290.1,24294.0,24285.3,24288.65,0
2026-03-10 08:42:00+00:00,24289.4,24291.3,24280.5,24281.4,0
2026-03-10 08:43:00+00:00,24281.15,24283.9,24269.6,24281.2,0
2026-03-10 08:44:00+00:00,24280.5,24288.25,24279.75,24285.95,0
2026-03-10 08:45:00+00:00,24286.25,24296.65,24273.25,24273.8,0
2026-03-10 08:46:00+00:00,24273.65,24274.9,24261.15,24265.65,0
2026-03-10 08:47:00+00:00,24266.4,24271.9,24264.2,24264.35,0
2026-03-10 08:48:00+00:00,24264.4,24265.85,24258.6,24259.95,0
2026-03-10 08:49:00+00:00,24259.55,24260.35,24248.45,24252.85,0
2026-03-10 08:50:00+00:00,24252.65,24253.8,24239.15,24241.65,0
2026-03-10 08:51:00+00:00,24241.65,24247.35,24228.55,24228.7,0
2026-03-10 08:52:00+00:00,24226.8,24238.2,24222.45,24234.2,0
2026-03-10 08:53:00+00:00,24234.15,24245.05,24234.15,24240.25,0
2026-03-10 08:54:00+00:00,24240.7,24246.3,24238.1,24239.35,0
2026-03-10 08:55:00+00:00,24238.05,24244.45,24236.55,24244.45,0
2026-03-10 08:56:00+00:00,24243.0,24244.15,24221.7,24224.9,0
2026-03-10 08:57:00+00:00,24224.7,24232.5,24222.05,24223.95,0
2026-03-10 08:58:00+00:00,24222.65,24229.3,24221.7,24224.15,0
2026-03-10 08:59:00+00:00,24223.4,24236.1,24221.25,24235.45,0
2026-03-10 09:00:00+00:00,24235.2,24238.95,24232.0,24238.95,0
2026-03-10 09:01:00+00:00,24238.05,24245.95,24237.95,24245.55,0
2026-03-10 09:02:00+00:00,24244.4,24245.7,24234.35,24237.25,0
2026-03-10 09:03:00+00:00,24236.65,24240.4,24209.65,24211.4,0
2026-03-10 09:04:00+00:00,24211.8,24224.6,24201.95,24215.15,0
2026-03-10 09:05:00+00:00,24215.3,24230.6,24214.05,24227.4,0
2026-03-10 09:06:00+00:00,24227.15,24231.85,24221.15,24231.0,0
2026-03-10 09:07:00+00:00,24230.2,24238.75,24230.2,24237.05,0
2026-03-10 09:08:00+00:00,24236.7,24242.05,24235.4,24241.6,0
2026-03-10 09:09:00+00:00,24241.35,24245.15,24226.15,24228.45,0
2026-03-10 09:10:00+00:00,24227.5,24235.45,24223.65,24232.1,0
2026-03-10 09:11:00+00:00,24232.35,24236.4,24203.05,24205.4,0
2026-03-10 09:12:00+00:00,24203.95,24217.9,24203.95,24217.45,0
2026-03-10 09:13:00+00:00,24214.95,24224.9,24212.55,24217.9,0
2026-03-10 09:14:00+00:00,24216.8,24225.1,24216.6,24224.6,0
2026-03-10 09:15:00+00:00,24224.85,24225.85,24212.0,24213.9,0
2026-03-10 09:16:00+00:00,24213.4,24216.2,24211.2,24215.35,0
2026-03-10 09:17:00+00:00,24215.15,24218.4,24212.7,24212.75,0
2026-03-10 09:18:00+00:00,24212.7,24247.2,24208.5,24245.7,0
2026-03-10 09:19:00+00:00,24245.3,24267.65,24236.95,24264.6,0
2026-03-10 09:20:00+00:00,24265.75,24267.1,24256.4,24261.45,0
2026-03-10 09:21:00+00:00,24260.95,24261.9,24248.5,24248.65,0
2026-03-10 09:22:00+00:00,24248.25,24278.15,24240.35,24273.85,0
2026-03-10 09:23:00+00:00,24271.9,24273.7,24260.0,24269.8,0
2026-03-10 09:24:00+00:00,24272.35,24273.5,24261.65,24263.8,0
2026-03-10 09:25:00+00:00,24263.85,24273.9,24253.1,24265.05,0
2026-03-10 09:26:00+00:00,24265.05,24265.05,24250.15,24262.0,0
2026-03-10 09:27:00+00:00,24260.5,24260.95,24253.75,24260.0,0
2026-03-10 09:28:00+00:00,24259.95,24262.9,24254.8,24262.35,0
2026-03-10 09:29:00+00:00,24261.75,24266.3,24259.45,24261.45,0
2026-03-10 09:30:00+00:00,24261.95,24264.05,24228.1,24232.5,0
2026-03-10 09:31:00+00:00,24232.75,24241.05,24217.5,24223.55,0
2026-03-10 09:32:00+00:00,24221.65,24228.15,24219.35,24223.05,0
2026-03-10 09:33:00+00:00,24222.15,24246.35,24222.15,24245.5,0
2026-03-10 09:34:00+00:00,24244.75,24252.9,24244.75,24252.4,0
2026-03-10 09:35:00+00:00,24252.05,24256.25,24246.55,24256.25,0
2026-03-10 09:36:00+00:00,24255.15,24269.2,24255.15,24262.3,0
2026-03-10 09:37:00+00:00,24261.9,24261.9,24251.8,24256.55,0
2026-03-10 09:38:00+00:00,24256.05,24261.0,24254.95,24257.6,0
2026-03-10 09:39:00+00:00,24258.4,24259.95,24255.45,24259.0,0
2026-03-10 09:40:00+00:00,24259.0,24264.55,24250.6,24264.55,0
2026-03-10 09:41:00+00:00,24265.85,24276.25,24265.85,24275.5,0
2026-03-10 09:42:00+00:00,24275.65,24276.05,24263.1,24264.8,0
2026-03-10 09:43:00+00:00,24264.05,24266.45,24258.2,24259.25,0
2026-03-10 09:44:00+00:00,24258.4,24261.7,24257.05,24258.0,0
2026-03-10 09:45:00+00:00,24257.4,24266.95,24256.95,24266.0,0
2026-03-10 09:46:00+00:00,24266.1,24273.7,24264.05,24273.7,0
2026-03-10 09:47:00+00:00,24272.35,24280.05,24272.35,24279.7,0
2026-03-10 09:48:00+00:00,24279.2,24280.4,24275.85,24278.2,0
2026-03-10 09:49:00+00:00,24277.4,24279.55,24271.15,24274.25,0
2026-03-10 09:50:00+00:00,24273.6,24274.9,24265.75,24268.1,0
2026-03-10 09:51:00+00:00,24267.35,24268.4,24264.85,24265.8,0
2026-03-10 09:52:00+00:00,24266.35,24267.85,24257.25,24257.25,0
2026-03-10 09:53:00+00:00,24254.25,24276.1,24254.0,24275.6,0
2026-03-10 09:54:00+00:00,24275.6,24292.0,24274.8,24291.35,0
2026-03-10 09:55:00+00:00,24291.6,24301.3,24288.35,24294.4,0
2026-03-10 09:56:00+00:00,24294.7,24300.2,24291.9,24298.4,0
2026-03-10 09:57:00+00:00,24297.6,24302.5,24288.25,24291.75,0
2026-03-10 09:58:00+00:00,24289.15,24289.8,24283.55,24289.05,0
2026-03-10 09:59:00+00:00,24289.9,24295.55,24281.25,24286.15,0
2026-03-11 03:45:00+00:00,24231.85,24292.35,24218.5,24228.75,0
2026-03-11 03:46:00+00:00,24230.15,24257.45,24230.15,24255.55,0
2026-03-11 03:47:00+00:00,24257.95,24281.35,24256.55,24274.0,0
2026-03-11 03:48:00+00:00,24274.8,24287.35,24269.0,24283.7,0
2026-03-11 03:49:00+00:00,24285.9,24294.1,24276.45,24285.9,0
2026-03-11 03:50:00+00:00,24288.8,24297.05,24280.95,24295.85,0
2026-03-11 03:51:00+00:00,24297.2,24298.4,24287.95,24293.5,0
2026-03-11 03:52:00+00:00,24293.4,24299.0,24275.05,24277.35,0
2026-03-11 03:53:00+00:00,24278.15,24284.85,24271.0,24272.15,0
2026-03-11 03:54:00+00:00,24272.95,24272.95,24239.35,24242.5,0
2026-03-11 03:55:00+00:00,24243.6,24245.7,24225.35,24225.55,0
2026-03-11 03:56:00+00:00,24228.0,24233.65,24213.75,24232.85,0
2026-03-11 03:57:00+00:00,24235.05,24250.35,24234.75,24245.05,0
2026-03-11 03:58:00+00:00,24245.4,24245.65,24234.6,24237.0,0
2026-03-11 03:59:00+00:00,24237.45,24241.1,24232.3,24237.35,0
2026-03-11 04:00:00+00:00,24237.9,24237.9,24222.0,24227.25,0
2026-03-11 04:01:00+00:00,24227.15,24238.25,24216.7,24217.05,0
2026-03-11 04:02:00+00:00,24219.35,24223.05,24203.1,24208.45,0
2026-03-11 04:03:00+00:00,24209.35,24223.65,24206.15,24219.45,0
2026-03-11 04:04:00+00:00,24219.75,24232.3,24213.6,24228.6,0
2026-03-11 04:05:00+00:00,24228.75,24230.7,24215.0,24215.4,0
2026-03-11 04:06:00+00:00,24216.85,24217.0,24190.25,24192.7,0
2026-03-11 04:07:00+00:00,24190.95,24195.4,24184.65,24185.25,0
2026-03-11 04:08:00+00:00,24186.2,24190.8,24181.75,24186.6,0
2026-03-11 04:09:00+00:00,24188.2,24197.3,24184.15,24192.45,0
2026-03-11 04:10:00+00:00,24194.7,24194.7,24176.25,24181.35,0
2026-03-11 04:11:00+00:00,24181.55,24197.6,24181.15,24185.8,0
2026-03-11 04:12:00+00:00,24187.55,24189.75,24182.45,24184.25,0
2026-03-11 04:13:00+00:00,24184.45,24191.75,24172.75,24191.75,0
2026-03-11 04:14:00+00:00,24191.6,24194.35,24185.35,24187.65,0
2026-03-11 04:15:00+00:00,24188.95,24200.05,24187.85,24199.15,0
2026-03-11 04:16:00+00:00,24200.4,24201.65,24184.65,24185.5,0
2026-03-11 04:17:00+00:00,24185.65,24188.4,24179.95,24181.45,0
2026-03-11 04:18:00+00:00,24182.85,24201.8,24182.25,24195.75,0
2026-03-11 04:19:00+00:00,24196.7,24207.5,24196.15,24198.8,0
2026-03-11 04:20:00+00:00,24199.3,24205.35,24197.45,24197.45,0
2026-03-11 04:21:00+00:00,24200.2,24200.2,24189.9,24189.9,0
2026-03-11 04:22:00+00:00,24191.0,24201.1,24189.95,24190.3,0
2026-03-11 04:23:00+00:00,24191.6,24191.6,24159.0,24160.95,0
2026-03-11 04:24:00+00:00,24161.55,24163.65,24146.5,24148.55,0
2026-03-11 04:25:00+00:00,24148.35,24162.45,24144.65,24149.0,0
2026-03-11 04:26:00+00:00,24149.7,24163.6,24147.2,24163.6,0
2026-03-11 04:27:00+00:00,24164.2,24170.0,24161.65,24164.75,0
2026-03-11 04:28:00+00:00,24165.8,24170.55,24158.75,24158.9,0
2026-03-11 04:29:00+00:00,24159.9,24161.45,24153.45,24153.7,0
2026-03-11 04:30:00+00:00,24154.6,24154.6,24145.0,24146.0,0
2026-03-11 04:31:00+00:00,24147.05,24147.05,24138.15,24141.05,0
2026-03-11 04:32:00+00:00,24142.45,24152.2,24134.2,24151.7,0
2026-03-11 04:33:00+00:00,24152.7,24161.7,24152.1,24154.25,0
2026-03-11 04:34:00+00:00,24155.25,24161.45,24154.8,24160.6,0
2026-03-11 04:35:00+00:00,24160.95,24160.95,24143.05,24146.15,0
2026-03-11 04:36:00+00:00,24147.1,24152.8,24143.35,24143.35,0
2026-03-11 04:37:00+00:00,24144.65,24148.8,24138.9,24139.45,0
2026-03-11 04:38:00+00:00,24139.65,24140.4,24123.05,24123.15,0
2026-03-11 04:39:00+00:00,24124.45,24127.55,24117.05,24118.2,0
2026-03-11 04:40:00+00:00,24118.85,24125.2,24110.3,24119.2,0
2026-03-11 04:41:00+00:00,24119.3,24125.9,24117.95,24121.15,0
2026-03-11 04:42:00+00:00,24122.45,24122.45,24109.6,24112.3,0
2026-03-11 04:43:00+00:00,24113.5,24124.7,24113.05,24118.6,0
2026-03-11 04:44:00+00:00,24118.8,24120.95,24115.45,24116.5,0
2026-03-11 04:45:00+00:00,24117.1,24120.5,24112.45,24119.25,0
2026-03-11 04:46:00+00:00,24119.65,24119.65,24112.0,24112.5,0
2026-03-11 04:47:00+00:00,24113.75,24130.6,24112.5,24130.25,0
2026-03-11 04:48:00+00:00,24131.1,24132.25,24126.7,24128.85,0
2026-03-11 04:49:00+00:00,24129.9,24130.7,24124.0,24124.0,0
2026-03-11 04:50:00+00:00,24124.6,24126.05,24103.45,24113.15,0
2026-03-11 04:51:00+00:00,24113.5,24118.0,24109.55,24110.7,0
2026-03-11 04:52:00+00:00,24112.2,24115.7,24110.7,24115.7,0
2026-03-11 04:53:00+00:00,24116.9,24130.35,24116.9,24127.65,0
2026-03-11 04:54:00+00:00,24128.3,24129.1,24125.05,24125.05,0
2026-03-11 04:55:00+00:00,24126.3,24126.85,24122.15,24124.4,0
2026-03-11 04:56:00+00:00,24125.15,24131.95,24124.2,24126.0,0
2026-03-11 04:57:00+00:00,24126.9,24127.85,24118.35,24118.35,0
2026-03-11 04:58:00+00:00,24119.25,24119.4,24111.0,24112.25,0
2026-03-11 04:59:00+00:00,24113.35,24121.85,24112.25,24121.65,0
2026-03-11 05:00:00+00:00,24122.35,24137.45,24121.45,24135.4,0
2026-03-11 05:01:00+00:00,24136.65,24141.95,24135.85,24137.75,0
2026-03-11 05:02:00+00:00,24138.55,24141.25,24134.7,24134.7,0
2026-03-11 05:03:00+00:00,24136.15,24139.05,24126.55,24126.8,0
2026-03-11 05:04:00+00:00,24128.05,24128.35,24119.4,24125.4,0
2026-03-11 05:05:00+00:00,24125.35,24125.6,24096.25,24097.4,0
2026-03-11 05:06:00+00:00,24098.6,24104.4,24091.7,24095.8,0
2026-03-11 05:07:00+00:00,24096.25,24097.55,24089.35,24090.7,0
2026-03-11 05:08:00+00:00,24091.0,24095.5,24088.7,24094.15,0
2026-03-11 05:09:00+00:00,24094.35,24094.35,24084.85,24085.55,0
2026-03-11 05:10:00+00:00,24087.0,24090.45,24083.3,24088.75,0
2026-03-11 05:11:00+00:00,24088.85,24101.4,24087.4,24100.5,0
2026-03-11 05:12:00+00:00,24101.35,24101.35,24086.65,24087.35,0
2026-03-11 05:13:00+00:00,24088.35,24088.35,24072.3,24074.1,0
2026-03-11 05:14:00+00:00,24074.65,24074.9,24069.85,24074.1,0
2026-03-11 05:15:00+00:00,24074.0,24074.15,24060.9,24062.55,0
2026-03-11 05:16:00+00:00,24064.15,24066.55,24049.35,24054.45,0
2026-03-11 05:17:00+00:00,24055.95,24078.9,24049.05,24073.75,0
2026-03-11 05:18:00+00:00,24075.15,24081.25,24073.65,24080.0,0
2026-03-11 05:19:00+00:00,24080.25,24088.35,24076.9,24087.6,0
2026-03-11 05:20:00+00:00,24087.4,24094.05,24081.3,24093.9,0
2026-03-11 05:21:00+00:00,24094.15,24097.65,24079.8,24079.8,0
2026-03-11 05:22:00+00:00,24080.0,24081.65,24077.4,24079.65,0
2026-03-11 05:23:00+00:00,24080.05,24080.35,24072.35,24073.85,0
2026-03-11 05:24:00+00:00,24073.85,24084.55,24073.05,24083.45,0
2026-03-11 05:25:00+00:00,24083.45,24085.2,24080.35,24084.0,0
2026-03-11 05:26:00+00:00,24084.85,24087.95,24084.0,24087.15,0
2026-03-11 05:27:00+00:00,24086.85,24089.25,24081.15,24081.8,0
2026-03-11 05:28:00+00:00,24081.95,24101.8,24081.95,24100.8,0
2026-03-11 05:29:00+00:00,24101.1,24104.1,24098.65,24102.95,0
2026-03-11 05:30:00+00:00,24102.95,24103.8,24092.45,24094.65,0
2026-03-11 05:31:00+00:00,24093.1,24095.5,24090.5,24093.0,0
2026-03-11 05:32:00+00:00,24093.05,24098.5,24089.9,24097.95,0
2026-03-11 05:33:00+00:00,24098.45,24108.2,24098.45,24107.3,0
2026-03-11 05:34:00+00:00,24108.35,24114.1,24108.35,24110.85,0
2026-03-11 05:35:00+00:00,24111.45,24111.95,24100.5,24106.05,0
2026-03-11 05:36:00+00:00,24106.55,24106.75,24098.6,24099.05,0
2026-03-11 05:37:00+00:00,24099.65,24099.65,24090.0,24090.5,0
2026-03-11 05:38:00+00:00,24090.7,24093.95,24088.25,24091.5,0
2026-03-11 05:39:00+00:00,24092.3,24092.3,24083.65,24085.65,0
2026-03-11 05:40:00+00:00,24085.75,24087.4,24080.5,24085.85,0
2026-03-11 05:41:00+00:00,24086.1,24086.1,24078.15,24084.5,0
2026-03-11 05:42:00+00:00,24085.4,24085.4,24079.8,24080.45,0
2026-03-11 05:43:00+00:00,24081.15,24081.15,24072.95,24073.6,0
2026-03-11 05:44:00+00:00,24074.05,24074.05,24063.3,24071.4,0
2026-03-11 05:45:00+00:00,24073.75,24073.75,24067.1,24068.0,0
2026-03-11 05:46:00+00:00,24068.35,24068.35,24048.25,24050.9,0
2026-03-11 05:47:00+00:00,24051.3,24064.1,24047.6,24055.75,0
2026-03-11 05:48:00+00:00,24056.65,24056.75,24047.05,24047.1,0
2026-03-11 05:49:00+00:00,24047.3,24047.3,24037.65,24042.1,0
2026-03-11 05:50:00+00:00,24042.1,24042.1,24025.6,24026.85,0
2026-03-11 05:51:00+00:00,24027.75,24036.25,24023.15,24035.85,0
2026-03-11 05:52:00+00:00,24036.2,24037.05,24027.1,24027.1,0
2026-03-11 05:53:00+00:00,24027.75,24030.85,24022.5,24023.6,0
2026-03-11 05:54:00+00:00,24023.0,24023.95,24009.2,24010.6,0
2026-03-11 05:55:00+00:00,24013.5,24023.6,24011.95,24022.65,0
2026-03-11 05:56:00+00:00,24023.25,24027.35,24017.95,24027.35,0
2026-03-11 05:57:00+00:00,24026.8,24032.45,24023.85,24031.55,0
2026-03-11 05:58:00+00:00,24031.8,24033.1,24027.25,24032.1,0
2026-03-11 05:59:00+00:00,24032.05,24033.7,24029.4,24033.55,0
2026-03-11 06:00:00+00:00,24033.9,24034.35,24025.0,24025.4,0
2026-03-11 06:01:00+00:00,24025.45,24025.45,24007.05,24007.9,0
2026-03-11 06:02:00+00:00,24008.55,24008.55,24002.85,24003.95,0
2026-03-11 06:03:00+00:00,24005.8,24005.9,23996.4,24003.15,0
2026-03-11 06:04:00+00:00,24003.05,24003.05,23997.9,24001.2,0
2026-03-11 06:05:00+00:00,24001.45,24003.3,23987.55,23987.85,0
2026-03-11 06:06:00+00:00,23988.05,24005.95,23986.0,24005.4,0
2026-03-11 06:07:00+00:00,24006.55,24019.0,24004.75,24017.35,0
2026-03-11 06:08:00+00:00,24017.7,24023.6,24016.45,24018.95,0
2026-03-11 06:09:00+00:00,24019.6,24019.6,24009.6,24009.6,0
2026-03-11 06:10:00+00:00,24010.45,24012.45,24006.75,24010.7,0
2026-03-11 06:11:00+00:00,24011.05,24014.25,24009.6,24011.7,0
2026-03-11 06:12:00+00:00,24011.85,24012.4,24002.5,24004.25,0
2026-03-11 06:13:00+00:00,24004.3,24014.05,24000.1,24013.15,0
2026-03-11 06:14:00+00:00,24013.75,24014.45,24009.65,24013.55,0
2026-03-11 06:15:00+00:00,24014.45,24015.95,24009.0,24009.25,0
2026-03-11 06:16:00+00:00,24010.05,24011.6,24007.65,24010.25,0
2026-03-11 06:17:00+00:00,24011.25,24015.05,24004.05,24004.45,0
2026-03-11 06:18:00+00:00,24005.1,24007.05,24002.05,24003.35,0
2026-03-11 06:19:00+00:00,24003.65,24003.65,23995.9,23996.75,0
2026-03-11 06:20:00+00:00,23997.95,23998.2,23989.3,23992.8,0
2026-03-11 06:21:00+00:00,23993.1,23993.85,23989.55,23990.45,0
2026-03-11 06:22:00+00:00,23991.65,23991.65,23974.8,23975.7,0
2026-03-11 06:23:00+00:00,23976.45,23996.45,23974.45,23995.45,0
2026-03-11 06:24:00+00:00,23995.8,23998.25,23993.5,23995.25,0
2026-03-11 06:25:00+00:00,23995.55,23995.55,23980.35,23981.2,0
2026-03-11 06:26:00+00:00,23981.95,23987.5,23978.55,23978.75,0
2026-03-11 06:27:00+00:00,23979.95,23983.5,23978.5,23981.65,0
2026-03-11 06:28:00+00:00,23982.5,23982.85,23975.85,23976.85,0
2026-03-11 06:29:00+00:00,23976.6,23984.8,23971.6,23982.3,0
2026-03-11 06:30:00+00:00,23982.6,23983.85,23978.8,23983.0,0
2026-03-11 06:31:00+00:00,23983.35,23997.7,23983.25,23996.9,0
2026-03-11 06:32:00+00:00,23997.15,24006.7,23996.15,24006.2,0
2026-03-11 06:33:00+00:00,24007.0,24020.95,24006.0,24020.25,0
2026-03-11 06:34:00+00:00,24021.45,24022.85,24019.15,24021.95,0
2026-03-11 06:35:00+00:00,24022.1,24023.85,24016.95,24018.9,0
2026-03-11 06:36:00+00:00,24018.1,24018.1,24009.6,24011.15,0
2026-03-11 06:37:00+00:00,24011.7,24011.7,24001.65,24002.25,0
2026-03-11 06:38:00+00:00,24002.55,24003.2,23997.9,23998.25,0
2026-03-11 06:39:00+00:00,23998.95,24006.8,23997.6,24002.5,0
2026-03-11 06:40:00+00:00,24003.15,24003.4,23999.65,24001.6,0
2026-03-11 06:41:00+00:00,24002.85,24019.45,24001.9,24018.9,0
2026-03-11 06:42:00+00:00,24020.5,24020.8,24013.75,24017.5,0
2026-03-11 06:43:00+00:00,24018.3,24020.75,24006.55,24006.55,0
2026-03-11 06:44:00+00:00,24008.05,24012.7,24004.45,24011.6,0
2026-03-11 06:45:00+00:00,24012.55,24013.45,24006.25,24010.7,0
2026-03-11 06:46:00+00:00,24011.05,24016.8,24010.2,24014.85,0
2026-03-11 06:47:00+00:00,24015.75,24019.75,24014.6,24015.9,0
2026-03-11 06:48:00+00:00,24016.85,24016.85,24007.65,24013.05,0
2026-03-11 06:49:00+00:00,24014.65,24016.5,24010.15,24015.3,0
2026-03-11 06:50:00+00:00,24016.05,24016.05,24009.15,24011.35,0
2026-03-11 06:51:00+00:00,24011.95,24023.2,24010.85,24022.25,0
2026-03-11 06:52:00+00:00,24022.75,24024.2,24011.85,24012.05,0
2026-03-11 06:53:00+00:00,24012.1,24017.5,24009.05,24017.15,0
2026-03-11 06:54:00+00:00,24017.65,24018.7,24014.95,24015.6,0
2026-03-11 06:55:00+00:00,24016.2,24017.0,24006.0,24007.0,0
2026-03-11 06:56:00+00:00,24007.4,24007.7,24004.35,24006.5,0
2026-03-11 06:57:00+00:00,24007.65,24012.9,24005.35,24005.55,0
2026-03-11 06:58:00+00:00,24006.15,24009.95,24002.5,24009.15,0
2026-03-11 06:59:00+00:00,24009.45,24014.35,24008.15,24011.9,0
2026-03-11 07:00:00+00:00,24012.35,24020.65,24008.95,24019.9,0
2026-03-11 07:01:00+00:00,24020.8,24022.05,24018.65,24020.55,0
2026-03-11 07:02:00+00:00,24021.2,24023.65,24018.95,24022.35,0
2026-03-11 07:03:00+00:00,24022.45,24022.75,24005.85,24006.55,0
2026-03-11 07:04:00+00:00,24007.0,24007.35,23984.0,23990.9,0
2026-03-11 07:05:00+00:00,23993.25,24001.75,23988.5,23988.5,0
2026-03-11 07:06:00+00:00,23989.2,23990.2,23983.8,23986.4,0
2026-03-11 07:07:00+00:00,23986.5,23987.6,23979.05,23980.85,0
2026-03-11 07:08:00+00:00,23982.1,23982.85,23976.7,23976.9,0
2026-03-11 07:09:00+00:00,23977.45,23977.8,23969.7,23972.2,0
2026-03-11 07:10:00+00:00,23973.6,23977.75,23970.95,23977.0,0
2026-03-11 07:11:00+00:00,23977.85,23989.8,23976.6,23989.8,0
2026-03-11 07:12:00+00:00,23989.95,23994.35,23986.85,23993.65,0
2026-03-11 07:13:00+00:00,23995.2,24005.55,23993.55,24003.95,0
2026-03-11 07:14:00+00:00,24005.7,24011.0,24002.05,24010.95,0
2026-03-11 07:15:00+00:00,24011.85,24011.85,23999.45,23999.45,0
2026-03-11 07:16:00+00:00,24000.85,24001.75,23996.55,23997.35,0
2026-03-11 07:17:00+00:00,23998.3,23998.3,23988.75,23989.3,0
2026-03-11 07:18:00+00:00,23989.85,23989.85,23983.1,23983.85,0
2026-03-11 07:19:00+00:00,23985.1,23993.2,23983.45,23992.55,0
2026-03-11 07:20:00+00:00,23993.4,23997.4,23990.65,23993.95,0
2026-03-11 07:21:00+00:00,23994.45,23996.4,23989.35,23992.6,0
2026-03-11 07:22:00+00:00,23992.55,23997.9,23991.7,23996.7,0
2026-03-11 07:23:00+00:00,23997.05,23999.25,23989.3,23989.3,0
2026-03-11 07:24:00+00:00,23990.05,23990.05,23983.2,23985.95,0
2026-03-11 07:25:00+00:00,23986.3,23990.85,23986.2,23988.35,0
2026-03-11 07:26:00+00:00,23989.1,23989.1,23976.15,23976.95,0
2026-03-11 07:27:00+00:00,23977.45,23977.45,23971.15,23974.95,0
2026-03-11 07:28:00+00:00,23975.5,23979.35,23973.0,23975.2,0
2026-03-11 07:29:00+00:00,23976.0,23976.0,23972.15,23973.3,0
2026-03-11 07:30:00+00:00,23973.8,23993.75,23966.45,23983.1,0
2026-03-11 07:31:00+00:00,23983.0,23991.65,23973.8,23974.05,0
2026-03-11 07:32:00+00:00,23974.85,23974.85,23966.7,23968.2,0
2026-03-11 07:33:00+00:00,23968.1,23968.1,23954.0,23957.6,0
2026-03-11 07:34:00+00:00,23958.7,23964.35,23957.75,23961.5,0
2026-03-11 07:35:00+00:00,23962.15,23964.15,23958.7,23962.15,0
2026-03-11 07:36:00+00:00,23963.1,23970.75,23961.15,23969.4,0
2026-03-11 07:37:00+00:00,23969.75,23970.0,23959.0,23964.05,0
2026-03-11 07:38:00+00:00,23964.25,23973.7,23964.25,23969.75,0
2026-03-11 07:39:00+00:00,23970.05,23974.35,23966.5,23971.5,0
2026-03-11 07:40:00+00:00,23971.55,23971.55,23951.85,23954.4,0
2026-03-11 07:41:00+00:00,23955.85,23958.0,23933.9,23945.45,0
2026-03-11 07:42:00+00:00,23945.0,23945.8,23939.45,23940.9,0
2026-03-11 07:43:00+00:00,23941.75,23941.85,23927.5,23929.3,0
2026-03-11 07:44:00+00:00,23927.55,23936.0,23919.8,23929.65,0
2026-03-11 07:45:00+00:00,23930.7,23932.85,23924.4,23929.9,0
2026-03-11 07:46:00+00:00,23929.8,23931.35,23923.35,23923.5,0
2026-03-11 07:47:00+00:00,23923.1,23923.8,23913.45,23917.8,0
2026-03-11 07:48:00+00:00,23917.4,23933.0,23915.5,23929.95,0
2026-03-11 07:49:00+00:00,23930.4,23939.65,23929.35,23938.75,0
2026-03-11 07:50:00+00:00,23939.65,23940.75,23934.75,23940.2,0
2026-03-11 07:51:00+00:00,23939.9,23943.15,23935.7,23939.4,0
2026-03-11 07:52:00+00:00,23939.95,23951.65,23937.85,23947.95,0
2026-03-11 07:53:00+00:00,23948.15,23953.4,23947.5,23950.25,0
2026-03-11 07:54:00+00:00,23950.65,23963.2,23949.95,23961.45,0
2026-03-11 07:55:00+00:00,23962.05,23962.05,23952.4,23959.35,0
2026-03-11 07:56:00+00:00,23959.5,23971.3,23957.2,23970.55,0
2026-03-11 07:57:00+00:00,23971.25,23971.25,23960.05,23960.25,0
2026-03-11 07:58:00+00:00,23960.95,23966.55,23956.5,23965.5,0
2026-03-11 07:59:00+00:00,23966.45,23980.65,23964.95,23980.0,0
2026-03-11 08:00:00+00:00,23980.45,24002.7,23979.85,24002.7,0
2026-03-11 08:01:00+00:00,24003.45,24005.35,23991.35,23991.85,0
2026-03-11 08:02:00+00:00,23991.05,23991.05,23977.5,23985.65,0
2026-03-11 08:03:00+00:00,23986.25,23990.0,23980.45,23987.55,0
2026-03-11 08:04:00+00:00,23987.0,23987.0,23973.9,23977.1,0
2026-03-11 08:05:00+00:00,23977.55,23977.55,23971.45,23972.65,0
2026-03-11 08:06:00+00:00,23974.25,23985.6,23973.85,23976.95,0
2026-03-11 08:07:00+00:00,23976.2,23977.3,23969.2,23971.6,0
2026-03-11 08:08:00+00:00,23971.25,23971.25,23959.8,23959.95,0
2026-03-11 08:09:00+00:00,23961.6,23962.95,23958.35,23961.35,0
2026-03-11 08:10:00+00:00,23962.1,23962.1,23956.5,23960.05,0
2026-03-11 08:11:00+00:00,23961.15,23967.9,23960.65,23964.55,0
2026-03-11 08:12:00+00:00,23965.2,23973.75,23964.7,23973.25,0
2026-03-11 08:13:00+00:00,23973.2,23974.25,23966.5,23968.4,0
2026-03-11 08:14:00+00:00,23968.65,23968.65,23955.85,23957.95,0
2026-03-11 08:15:00+00:00,23958.45,23961.35,23957.4,23957.85,0
2026-03-11 08:16:00+00:00,23958.4,23964.4,23950.75,23953.05,0
2026-03-11 08:17:00+00:00,23953.25,23953.9,23943.65,23943.65,0
2026-03-11 08:18:00+00:00,23945.15,23959.55,23941.8,23959.55,0
2026-03-11 08:19:00+00:00,23959.25,23961.65,23951.75,23951.75,0
2026-03-11 08:20:00+00:00,23951.85,23951.85,23942.2,23942.55,0
2026-03-11 08:21:00+00:00,23943.3,23955.25,23938.7,23954.4,0
2026-03-11 08:22:00+00:00,23955.1,23965.65,23954.65,23958.8,0
2026-03-11 08:23:00+00:00,23959.3,23959.95,23953.3,23958.85,0
2026-03-11 08:24:00+00:00,23959.1,23965.5,23958.65,23961.5,0
2026-03-11 08:25:00+00:00,23961.85,23966.25,23960.0,23960.95,0
2026-03-11 08:26:00+00:00,23960.85,23960.85,23951.15,23951.15,0
2026-03-11 08:27:00+00:00,23952.0,23952.0,23942.9,23944.7,0
2026-03-11 08:28:00+00:00,23945.2,23957.9,23942.45,23955.05,0
2026-03-11 08:29:00+00:00,23955.45,23960.4,23954.2,23959.2,0
2026-03-11 08:30:00+00:00,23959.0,23960.9,23950.05,23958.9,0
2026-03-11 08:31:00+00:00,23957.65,23959.15,23946.6,23947.8,0
2026-03-11 08:32:00+00:00,23947.6,23947.6,23940.6,23943.2,0
2026-03-11 08:33:00+00:00,23943.35,23958.5,23943.35,23958.5,0
2026-03-11 08:34:00+00:00,23959.5,23960.15,23952.85,23955.05,0
2026-03-11 08:35:00+00:00,23955.1,23955.1,23946.8,23952.5,0
2026-03-11 08:36:00+00:00,23952.15,23958.15,23951.25,23957.35,0
2026-03-11 08:37:00+00:00,23957.95,23959.4,23946.05,23946.2,0
2026-03-11 08:38:00+00:00,23946.4,23946.4,23934.55,23936.55,0
2026-03-11 08:39:00+00:00,23936.95,23944.15,23934.35,23934.35,0
2026-03-11 08:40:00+00:00,23936.2,23938.65,23931.45,23938.15,0
2026-03-11 08:41:00+00:00,23939.35,23941.0,23933.05,23934.95,0
2026-03-11 08:42:00+00:00,23934.55,23935.85,23931.6,23934.65,0
2026-03-11 08:43:00+00:00,23933.9,23938.2,23929.2,23936.4,0
2026-03-11 08:44:00+00:00,23937.05,23944.15,23935.6,23939.95,0
2026-03-11 08:45:00+00:00,23940.95,23948.4,23940.05,23945.8,0
2026-03-11 08:46:00+00:00,23946.5,23946.5,23930.7,23935.8,0
2026-03-11 08:47:00+00:00,23935.55,23937.3,23928.75,23928.75,0
2026-03-11 08:48:00+00:00,23929.4,23929.4,23907.65,23909.7,0
2026-03-11 08:49:00+00:00,23910.85,23915.3,23903.6,23915.3,0
2026-03-11 08:50:00+00:00,23916.9,23927.35,23915.6,23919.8,0
2026-03-11 08:51:00+00:00,23920.75,23920.75,23908.2,23914.35,0
2026-03-11 08:52:00+00:00,23913.95,23915.15,23907.65,23907.9,0
2026-03-11 08:53:00+00:00,23908.5,23908.5,23900.3,23902.45,0
2026-03-11 08:54:00+00:00,23904.05,23911.35,23900.1,23900.1,0
2026-03-11 08:55:00+00:00,23899.55,23905.6,23894.4,23903.15,0
2026-03-11 08:56:00+00:00,23905.15,23908.55,23896.65,23898.35,0
2026-03-11 08:57:00+00:00,23898.95,23934.5,23892.0,23934.35,0
2026-03-11 08:58:00+00:00,23935.05,23949.25,23934.1,23949.25,0
2026-03-11 08:59:00+00:00,23949.8,23974.6,23949.1,23974.55,0
2026-03-11 09:00:00+00:00,23975.8,23977.05,23943.7,23943.7,0
2026-03-11 09:01:00+00:00,23945.2,23945.2,23926.35,23929.9,0
2026-03-11 09:02:00+00:00,23930.4,23956.3,23927.05,23950.05,0
2026-03-11 09:03:00+00:00,23950.85,23950.85,23931.55,23931.55,0
2026-03-11 09:04:00+00:00,23932.45,23932.45,23924.3,23924.3,0
2026-03-11 09:05:00+00:00,23923.25,23931.0,23918.65,23931.0,0
2026-03-11 09:06:00+00:00,23931.1,23932.85,23924.55,23927.45,0
2026-03-11 09:07:00+00:00,23928.6,23931.8,23922.75,23930.1,0
2026-03-11 09:08:00+00:00,23931.3,23932.2,23921.95,23925.35,0
2026-03-11 09:09:00+00:00,23925.55,23939.5,23923.15,23936.8,0
2026-03-11 09:10:00+00:00,23938.6,23938.6,23921.4,23923.75,0
2026-03-11 09:11:00+00:00,23923.9,23924.3,23920.8,23920.85,0
2026-03-11 09:12:00+00:00,23922.55,23929.4,23921.8,23928.75,0
2026-03-11 09:13:00+00:00,23928.6,23929.25,23920.55,23929.25,0
2026-03-11 09:14:00+00:00,23930.15,23930.2,23913.7,23921.3,0
2026-03-11 09:15:00+00:00,23921.55,23924.2,23915.5,23920.8,0
2026-03-11 09:16:00+00:00,23923.05,23930.4,23921.2,23928.6,0
2026-03-11 09:17:00+00:00,23928.55,23929.5,23918.95,23918.95,0
2026-03-11 09:18:00+00:00,23919.25,23925.5,23916.65,23920.05,0
2026-03-11 09:19:00+00:00,23921.15,23921.75,23912.3,23916.45,0
2026-03-11 09:20:00+00:00,23917.4,23923.85,23914.5,23917.65,0
2026-03-11 09:21:00+00:00,23918.05,23918.25,23909.9,23910.45,0
2026-03-11 09:22:00+00:00,23911.05,23911.4,23895.5,23898.15,0
2026-03-11 09:23:00+00:00,23897.7,23905.85,23894.5,23905.85,0
2026-03-11 09:24:00+00:00,23907.55,23917.9,23907.55,23916.15,0
2026-03-11 09:25:00+00:00,23916.75,23916.75,23907.35,23909.85,0
2026-03-11 09:26:00+00:00,23911.1,23911.75,23905.65,23910.45,0
2026-03-11 09:27:00+00:00,23910.2,23910.75,23902.35,23907.5,0
2026-03-11 09:28:00+00:00,23909.45,23909.65,23888.95,23890.45,0
2026-03-11 09:29:00+00:00,23890.15,23890.15,23871.8,23872.4,0
2026-03-11 09:30:00+00:00,23874.8,23899.15,23871.65,23898.6,0
2026-03-11 09:31:00+00:00,23900.7,23910.7,23897.55,23907.4,0
2026-03-11 09:32:00+00:00,23908.7,23912.45,23904.25,23904.25,0
2026-03-11 09:33:00+00:00,23908.8,23913.1,23904.95,23904.95,0
2026-03-11 09:34:00+00:00,23907.2,23910.0,23883.95,23883.95,0
2026-03-11 09:35:00+00:00,23887.15,23896.4,23881.55,23884.05,0
2026-03-11 09:36:00+00:00,23885.6,23886.65,23874.5,23874.5,0
2026-03-11 09:37:00+00:00,23877.65,23878.35,23854.8,23858.7,0
2026-03-11 09:38:00+00:00,23860.5,23864.9,23854.35,23862.85,0
2026-03-11 09:39:00+00:00,23865.9,23880.15,23865.7,23878.9,0
2026-03-11 09:40:00+00:00,23880.55,23883.2,23874.75,23879.45,0
2026-03-11 09:41:00+00:00,23881.4,23885.85,23879.15,23879.15,0
2026-03-11 09:42:00+00:00,23881.95,23883.3,23872.0,23872.0,0
2026-03-11 09:43:00+00:00,23874.85,23875.65,23862.8,23862.8,0
2026-03-11 09:44:00+00:00,23866.35,23866.9,23857.5,23861.9,0
2026-03-11 09:45:00+00:00,23864.2,23866.05,23856.45,23864.05,0
2026-03-11 09:46:00+00:00,23866.8,23873.75,23864.8,23869.5,0
2026-03-11 09:47:00+00:00,23872.8,23879.3,23869.55,23871.4,0
2026-03-11 09:48:00+00:00,23874.2,23876.2,23864.8,23873.3,0
2026-03-11 09:49:00+00:00,23875.65,23879.6,23872.35,23874.55,0
2026-03-11 09:50:00+00:00,23876.5,23878.45,23873.15,23874.55,0
2026-03-11 09:51:00+00:00,23875.9,23875.9,23864.95,23864.95,0
2026-03-11 09:52:00+00:00,23867.6,23870.2,23858.25,23858.25,0
2026-03-11 09:53:00+00:00,23861.25,23861.6,23854.75,23854.75,0
2026-03-11 09:54:00+00:00,23856.65,23860.25,23846.25,23860.25,0
2026-03-11 09:55:00+00:00,23860.55,23860.55,23842.55,23855.3,0
2026-03-11 09:56:00+00:00,23855.7,23856.55,23845.0,23845.0,0
2026-03-11 09:57:00+00:00,23848.45,23849.2,23835.2,23840.15,0
2026-03-11 09:58:00+00:00,23841.6,23844.5,23834.3,23842.95,0
2026-03-11 09:59:00+00:00,23844.0,23850.6,23839.55,23848.2,0
2026-03-12 03:45:00+00:00,23674.85,23690.85,23580.9,23585.9,0
2026-03-12 03:46:00+00:00,23586.35,23608.4,23568.7,23575.45,0
2026-03-12 03:47:00+00:00,23575.25,23587.2,23556.3,23562.95,0
2026-03-12 03:48:00+00:00,23560.95,23572.0,23559.35,23568.4,0
2026-03-12 03:49:00+00:00,23572.2,23572.85,23561.05,23563.15,0
2026-03-12 03:50:00+00:00,23564.5,23594.35,23558.85,23594.35,0
2026-03-12 03:51:00+00:00,23597.95,23600.95,23569.05,23570.65,0
2026-03-12 03:52:00+00:00,23570.05,23580.0,23568.65,23573.2,0
2026-03-12 03:53:00+00:00,23575.5,23588.3,23557.85,23588.3,0
2026-03-12 03:54:00+00:00,23590.5,23601.4,23585.3,23601.4,0
2026-03-12 03:55:00+00:00,23601.65,23607.95,23586.85,23598.15,0
2026-03-12 03:56:00+00:00,23599.95,23604.55,23588.95,23602.65,0
2026-03-12 03:57:00+00:00,23604.25,23611.25,23593.2,23597.25,0
2026-03-12 03:58:00+00:00,23598.2,23602.35,23590.0,23593.8,0
2026-03-12 03:59:00+00:00,23594.6,23612.75,23593.2,23603.35,0
2026-03-12 04:00:00+00:00,23600.45,23603.55,23594.25,23598.05,0
2026-03-12 04:01:00+00:00,23598.5,23619.6,23596.85,23610.6,0
2026-03-12 04:02:00+00:00,23610.55,23615.15,23601.85,23605.4,0
2026-03-12 04:03:00+00:00,23606.8,23614.15,23599.45,23604.05,0
2026-03-12 04:04:00+00:00,23604.15,23605.8,23589.55,23592.65,0
2026-03-12 04:05:00+00:00,23593.95,23599.0,23583.4,23588.45,0
2026-03-12 04:06:00+00:00,23591.05,23597.85,23583.25,23588.3,0
2026-03-12 04:07:00+00:00,23588.85,23602.95,23584.25,23600.3,0
2026-03-12 04:08:00+00:00,23600.15,23610.1,23590.9,23590.9,0
2026-03-12 04:09:00+00:00,23592.3,23592.6,23571.85,23572.85,0
2026-03-12 04:10:00+00:00,23574.5,23581.25,23569.4,23575.7,0
2026-03-12 04:11:00+00:00,23578.9,23586.0,23575.85,23578.45,0
2026-03-12 04:12:00+00:00,23580.7,23605.4,23577.45,23603.5,0
2026-03-12 04:13:00+00:00,23605.05,23606.9,23594.3,23594.95,0
2026-03-12 04:14:00+00:00,23596.45,23603.95,23592.8,23602.65,0
2026-03-12 04:15:00+00:00,23606.2,23614.8,23603.95,23612.75,0
2026-03-12 04:16:00+00:00,23612.75,23615.55,23600.4,23600.55,0
2026-03-12 04:17:00+00:00,23600.1,23608.7,23595.05,23599.35,0
2026-03-12 04:18:00+00:00,23601.25,23610.95,23599.05,23608.7,0
2026-03-12 04:19:00+00:00,23611.2,23624.55,23608.45,23623.15,0
2026-03-12 04:20:00+00:00,23623.5,23633.4,23618.45,23625.1,0
2026-03-12 04:21:00+00:00,23625.45,23641.95,23623.15,23638.85,0
2026-03-12 04:22:00+00:00,23639.5,23651.2,23637.15,23645.9,0
2026-03-12 04:23:00+00:00,23644.05,23647.85,23641.0,23646.45,0
2026-03-12 04:24:00+00:00,23646.7,23657.0,23643.95,23656.75,0
2026-03-12 04:25:00+00:00,23657.0,23657.2,23643.75,23647.8,0
2026-03-12 04:26:00+00:00,23650.25,23656.35,23645.1,23656.15,0
2026-03-12 04:27:00+00:00,23658.15,23672.6,23655.35,23669.1,0
2026-03-12 04:28:00+00:00,23670.65,23683.8,23670.0,23683.8,0
2026-03-12 04:29:00+00:00,23686.9,23696.6,23685.85,23693.8,0
2026-03-12 04:30:00+00:00,23695.4,23696.75,23675.05,23676.75,0
2026-03-12 04:31:00+00:00,23678.15,23678.55,23670.6,23676.1,0
2026-03-12 04:32:00+00:00,23676.45,23691.0,23676.45,23685.8,0
2026-03-12 04:33:00+00:00,23687.2,23687.35,23676.1,23680.7,0
2026-03-12 04:34:00+00:00,23681.15,23684.75,23676.8,23677.85,0
2026-03-12 04:35:00+00:00,23679.85,23679.85,23656.9,23657.25,0
2026-03-12 04:36:00+00:00,23657.45,23659.55,23652.5,23652.5,0
2026-03-12 04:37:00+00:00,23653.8,23654.1,23637.5,23640.05,0
2026-03-12 04:38:00+00:00,23642.45,23645.25,23624.1,23625.8,0
2026-03-12 04:39:00+00:00,23625.25,23635.05,23620.15,23628.2,0
2026-03-12 04:40:00+00:00,23632.45,23651.4,23628.25,23649.6,0
2026-03-12 04:41:00+00:00,23647.9,23647.9,23630.55,23633.15,0
2026-03-12 04:42:00+00:00,23634.9,23640.2,23625.6,23626.95,0
2026-03-12 04:43:00+00:00,23627.8,23627.8,23618.85,23620.65,0
2026-03-12 04:44:00+00:00,23622.05,23622.15,23605.35,23610.15,0
2026-03-12 04:45:00+00:00,23610.5,23614.25,23606.8,23608.1,0
2026-03-12 04:46:00+00:00,23608.75,23610.65,23596.1,23599.1,0
2026-03-12 04:47:00+00:00,23599.4,23605.1,23594.4,23594.95,0
2026-03-12 04:48:00+00:00,23595.35,23611.4,23589.9,23607.2,0
2026-03-12 04:49:00+00:00,23609.8,23615.9,23606.55,23612.65,0
2026-03-12 04:50:00+00:00,23614.75,23619.1,23609.25,23612.9,0
2026-03-12 04:51:00+00:00,23614.4,23624.1,23611.1,23623.6,0
2026-03-12 04:52:00+00:00,23624.45,23628.95,23615.65,23616.75,0
2026-03-12 04:53:00+00:00,23617.75,23620.6,23609.45,23609.45,0
2026-03-12 04:54:00+00:00,23610.4,23618.9,23608.5,23616.45,0
2026-03-12 04:55:00+00:00,23617.2,23638.35,23617.15,23636.55,0
2026-03-12 04:56:00+00:00,23639.15,23671.15,23630.0,23670.45,0
2026-03-12 04:57:00+00:00,23669.7,23681.55,23655.9,23660.0,0
2026-03-12 04:58:00+00:00,23658.95,23664.45,23649.25,23656.35,0
2026-03-12 04:59:00+00:00,23657.6,23666.65,23656.75,23666.65,0
2026-03-12 05:00:00+00:00,23666.35,23668.1,23640.55,23640.55,0
2026-03-12 05:01:00+00:00,23643.15,23643.15,23632.35,23636.35,0
2026-03-12 05:02:00+00:00,23640.65,23661.75,23637.3,23661.75,0
2026-03-12 05:03:00+00:00,23662.3,23676.95,23658.95,23671.65,0
2026-03-12 05:04:00+00:00,23674.0,23690.1,23668.25,23685.45,0
2026-03-12 05:05:00+00:00,23686.15,23689.4,23676.35,23676.65,0
2026-03-12 05:06:00+00:00,23677.0,23690.05,23673.45,23690.05,0
2026-03-12 05:07:00+00:00,23691.75,23714.4,23690.9,23711.35,0
2026-03-12 05:08:00+00:00,23711.6,23720.0,23703.2,23714.75,0
2026-03-12 05:09:00+00:00,23716.35,23717.85,23707.45,23712.95,0
2026-03-12 05:10:00+00:00,23714.35,23721.05,23710.45,23716.7,0
2026-03-12 05:11:00+00:00,23716.5,23716.5,23697.9,23711.45,0
2026-03-12 05:12:00+00:00,23712.55,23715.5,23700.3,23701.95,0
2026-03-12 05:13:00+00:00,23702.55,23705.15,23688.5,23688.55,0
2026-03-12 05:14:00+00:00,23689.0,23702.1,23684.65,23692.7,0
2026-03-12 05:15:00+00:00,23693.4,23699.8,23691.35,23696.1,0
2026-03-12 05:16:00+00:00,23697.05,23704.85,23691.95,23693.25,0
2026-03-12 05:17:00+00:00,23693.55,23703.1,23690.6,23699.5,0
2026-03-12 05:18:00+00:00,23701.65,23701.65,23692.7,23697.85,0
2026-03-12 05:19:00+00:00,23698.6,23699.65,23691.2,23694.0,0
2026-03-12 05:20:00+00:00,23694.6,23695.1,23676.9,23677.15,0
2026-03-12 05:21:00+00:00,23679.05,23683.65,23676.1,23676.9,0
2026-03-12 05:22:00+00:00,23676.15,23680.15,23669.3,23669.55,0
2026-03-12 05:23:00+00:00,23672.35,23710.7,23670.25,23709.3,0
2026-03-12 05:24:00+00:00,23711.1,23713.65,23694.4,23694.5,0
2026-03-12 05:25:00+00:00,23695.25,23697.2,23681.7,23685.6,0
2026-03-12 05:26:00+00:00,23685.9,23699.2,23685.9,23698.45,0
2026-03-12 05:27:00+00:00,23699.95,23725.1,23699.95,23724.65,0
2026-03-12 05:28:00+00:00,23725.1,23737.2,23721.65,23736.75,0
2026-03-12 05:29:00+00:00,23737.95,23742.15,23736.1,23740.9,0
2026-03-12 05:30:00+00:00,23741.6,23746.65,23741.15,23744.55,0
2026-03-12 05:31:00+00:00,23745.5,23758.65,23743.75,23749.9,0
2026-03-12 05:32:00+00:00,23751.05,23758.85,23750.3,23757.1,0
2026-03-12 05:33:00+00:00,23757.75,23762.2,23750.2,23755.8,0
2026-03-12 05:34:00+00:00,23756.05,23768.75,23755.25,23767.2,0
2026-03-12 05:35:00+00:00,23768.55,23774.0,23760.5,23762.4,0
2026-03-12 05:36:00+00:00,23762.2,23762.7,23743.4,23746.55,0
2026-03-12 05:37:00+00:00,23747.3,23748.65,23733.95,23741.55,0
2026-03-12 05:38:00+00:00,23741.25,23745.55,23735.15,23741.6,0
2026-03-12 05:39:00+00:00,23743.05,23743.7,23735.6,23738.4,0
2026-03-12 05:40:00+00:00,23739.45,23754.3,23739.1,23753.05,0
2026-03-12 05:41:00+00:00,23756.2,23764.4,23752.4,23752.95,0
2026-03-12 05:42:00+00:00,23755.35,23755.35,23741.75,23745.75,0
2026-03-12 05:43:00+00:00,23746.2,23751.05,23737.2,23742.7,0
2026-03-12 05:44:00+00:00,23742.85,23751.0,23737.55,23741.05,0
2026-03-12 05:45:00+00:00,23741.75,23749.55,23740.25,23749.55,0
2026-03-12 05:46:00+00:00,23750.05,23756.65,23748.15,23751.6,0
2026-03-12 05:47:00+00:00,23752.75,23753.85,23741.75,23745.2,0
2026-03-12 05:48:00+00:00,23745.85,23746.85,23678.15,23678.15,0
2026-03-12 05:49:00+00:00,23680.3,23704.85,23678.6,23696.9,0
2026-03-12 05:50:00+00:00,23700.7,23700.7,23681.95,23683.0,0
2026-03-12 05:51:00+00:00,23683.35,23683.35,23666.25,23667.8,0
2026-03-12 05:52:00+00:00,23669.45,23677.0,23665.0,23670.5,0
2026-03-12 05:53:00+00:00,23672.2,23678.6,23668.45,23674.4,0
2026-03-12 05:54:00+00:00,23675.2,23703.9,23673.6,23703.5,0
2026-03-12 05:55:00+00:00,23703.85,23704.15,23690.5,23690.95,0
2026-03-12 05:56:00+00:00,23692.8,23701.65,23691.85,23695.65,0
2026-03-12 05:57:00+00:00,23696.65,23705.35,23693.8,23695.3,0
2026-03-12 05:58:00+00:00,23695.65,23701.5,23693.05,23700.05,0
2026-03-12 05:59:00+00:00,23701.95,23713.45,23700.65,23703.3,0
2026-03-12 06:00:00+00:00,23704.2,23704.2,23686.5,23686.9,0
2026-03-12 06:01:00+00:00,23686.7,23686.95,23680.8,23683.4,0
2026-03-12 06:02:00+00:00,23683.25,23685.85,23676.6,23679.9,0
2026-03-12 06:03:00+00:00,23681.6,23689.6,23678.2,23684.2,0
2026-03-12 06:04:00+00:00,23685.2,23698.75,23684.25,23697.9,0
2026-03-12 06:05:00+00:00,23698.35,23701.25,23690.4,23699.15,0
2026-03-12 06:06:00+00:00,23698.35,23698.95,23692.45,23693.65,0
2026-03-12 06:07:00+00:00,23693.75,23694.65,23689.35,23690.5,0
2026-03-12 06:08:00+00:00,23690.5,23698.15,23682.65,23697.05,0
2026-03-12 06:09:00+00:00,23698.5,23700.2,23693.95,23697.25,0
2026-03-12 06:10:00+00:00,23699.4,23709.65,23696.85,23709.65,0
2026-03-12 06:11:00+00:00,23710.55,23714.55,23689.8,23691.0,0
2026-03-12 06:12:00+00:00,23692.35,23701.45,23690.9,23698.7,0
2026-03-12 06:13:00+00:00,23698.15,23718.25,23695.25,23709.1,0
2026-03-12 06:14:00+00:00,23709.05,23716.05,23706.2,23711.35,0
2026-03-12 06:15:00+00:00,23712.45,23725.0,23710.45,23723.3,0
2026-03-12 06:16:00+00:00,23723.6,23724.3,23708.0,23714.55,0
2026-03-12 06:17:00+00:00,23714.15,23717.25,23707.25,23716.15,0
2026-03-12 06:18:00+00:00,23716.5,23716.55,23705.55,23706.75,0
2026-03-12 06:19:00+00:00,23706.85,23706.85,23688.1,23694.3,0
2026-03-12 06:20:00+00:00,23695.7,23704.05,23692.5,23698.25,0
2026-03-12 06:21:00+00:00,23698.3,23712.8,23697.8,23703.75,0
2026-03-12 06:22:00+00:00,23705.35,23709.85,23703.1,23705.7,0
2026-03-12 06:23:00+00:00,23706.2,23714.9,23699.95,23713.4,0
2026-03-12 06:24:00+00:00,23714.3,23718.85,23712.5,23712.95,0
2026-03-12 06:25:00+00:00,23713.9,23714.75,23708.15,23711.5,0
2026-03-12 06:26:00+00:00,23711.85,23737.4,23711.65,23734.1,0
2026-03-12 06:27:00+00:00,23735.25,23739.25,23731.05,23736.6,0
2026-03-12 06:28:00+00:00,23736.1,23736.7,23729.55,23732.7,0
2026-03-12 06:29:00+00:00,23734.35,23742.2,23733.25,23739.85,0
2026-03-12 06:30:00+00:00,23739.45,23742.85,23735.3,23739.3,0
2026-03-12 06:31:00+00:00,23741.15,23748.1,23736.4,23738.9,0
2026-03-12 06:32:00+00:00,23741.35,23741.5,23735.9,23738.75,0
2026-03-12 06:33:00+00:00,23740.55,23748.0,23738.9,23745.05,0
2026-03-12 06:34:00+00:00,23744.85,23747.55,23741.65,23744.2,0
2026-03-12 06:35:00+00:00,23744.4,23748.45,23729.0,23729.0,0
2026-03-12 06:36:00+00:00,23731.0,23734.85,23729.0,23733.0,0
2026-03-12 06:37:00+00:00,23734.3,23736.65,23719.1,23719.95,0
2026-03-12 06:38:00+00:00,23720.75,23725.3,23718.1,23721.15,0
2026-03-12 06:39:00+00:00,23721.7,23732.25,23718.6,23725.65,0
2026-03-12 06:40:00+00:00,23727.8,23727.8,23720.2,23722.65,0
2026-03-12 06:41:00+00:00,23724.6,23725.75,23711.6,23711.6,0
2026-03-12 06:42:00+00:00,23713.05,23725.9,23710.5,23725.9,0
2026-03-12 06:43:00+00:00,23726.65,23739.8,23726.65,23738.95,0
2026-03-12 06:44:00+00:00,23739.8,23750.65,23738.6,23749.35,0
2026-03-12 06:45:00+00:00,23751.15,23751.15,23742.4,23745.85,0
2026-03-12 06:46:00+00:00,23747.05,23748.45,23721.8,23724.35,0
2026-03-12 06:47:00+00:00,23724.95,23733.3,23723.2,23731.95,0
2026-03-12 06:48:00+00:00,23734.5,23741.1,23731.85,23731.85,0
2026-03-12 06:49:00+00:00,23732.1,23732.3,23722.5,23724.3,0
2026-03-12 06:50:00+00:00,23725.7,23733.9,23724.0,23732.5,0
2026-03-12 06:51:00+00:00,23732.6,23745.45,23732.15,23743.75,0
2026-03-12 06:52:00+00:00,23743.15,23755.95,23741.8,23749.15,0
2026-03-12 06:53:00+00:00,23750.0,23750.2,23736.2,23738.75,0
2026-03-12 06:54:00+00:00,23738.1,23749.95,23733.45,23749.2,0
2026-03-12 06:55:00+00:00,23750.85,23752.65,23743.95,23745.45,0
2026-03-12 06:56:00+00:00,23745.2,23759.2,23744.0,23756.35,0
2026-03-12 06:57:00+00:00,23756.85,23757.55,23749.1,23753.3,0
2026-03-12 06:58:00+00:00,23753.9,23754.1,23739.95,23741.65,0
2026-03-12 06:59:00+00:00,23742.2,23745.9,23735.2,23744.1,0
2026-03-12 07:00:00+00:00,23744.4,23747.6,23739.4,23741.25,0
2026-03-12 07:01:00+00:00,23741.1,23743.85,23738.25,23742.35,0
2026-03-12 07:02:00+00:00,23742.55,23742.95,23730.2,23731.15,0
2026-03-12 07:03:00+00:00,23730.2,23733.8,23719.05,23719.45,0
2026-03-12 07:04:00+00:00,23719.95,23725.85,23717.5,23721.9,0
2026-03-12 07:05:00+00:00,23721.75,23731.7,23718.45,23730.95,0
2026-03-12 07:06:00+00:00,23730.45,23730.45,23704.55,23707.6,0
2026-03-12 07:07:00+00:00,23709.45,23722.35,23706.2,23720.8,0
2026-03-12 07:08:00+00:00,23722.25,23722.55,23707.5,23708.95,0
2026-03-12 07:09:00+00:00,23709.05,23712.15,23702.4,23709.75,0
2026-03-12 07:10:00+00:00,23710.65,23710.65,23702.3,23708.05,0
2026-03-12 07:11:00+00:00,23706.55,23717.55,23706.55,23717.55,0
2026-03-12 07:12:00+00:00,23718.15,23720.6,23712.1,23713.2,0
2026-03-12 07:13:00+00:00,23714.05,23722.35,23712.2,23714.7,0
2026-03-12 07:14:00+00:00,23715.25,23716.6,23708.0,23715.8,0
2026-03-12 07:15:00+00:00,23716.7,23720.15,23714.1,23714.1,0
2026-03-12 07:16:00+00:00,23715.45,23728.35,23714.5,23724.4,0
2026-03-12 07:17:00+00:00,23725.5,23729.0,23721.55,23729.0,0
2026-03-12 07:18:00+00:00,23729.45,23731.25,23724.95,23724.95,0
2026-03-12 07:19:00+00:00,23725.75,23726.65,23718.05,23722.1,0
2026-03-12 07:20:00+00:00,23722.85,23727.05,23719.6,23726.05,0
2026-03-12 07:21:00+00:00,23727.35,23728.9,23721.05,23723.55,0
2026-03-12 07:22:00+00:00,23723.4,23723.6,23710.25,23711.0,0
2026-03-12 07:23:00+00:00,23711.7,23713.7,23701.5,23713.7,0
2026-03-12 07:24:00+00:00,23715.15,23716.05,23703.5,23708.35,0
2026-03-12 07:25:00+00:00,23710.7,23711.7,23700.8,23703.05,0
2026-03-12 07:26:00+00:00,23703.7,23711.4,23703.35,23711.4,0
2026-03-12 07:27:00+00:00,23710.5,23716.2,23709.15,23714.45,0
2026-03-12 07:28:00+00:00,23714.95,23723.8,23714.95,23722.85,0
2026-03-12 07:29:00+00:00,23722.95,23722.95,23712.0,23717.0,0
2026-03-12 07:30:00+00:00,23717.85,23718.7,23709.6,23709.85,0
2026-03-12 07:31:00+00:00,23711.7,23713.6,23697.65,23697.65,0
2026-03-12 07:32:00+00:00,23698.4,23707.85,23691.4,23702.7,0
2026-03-12 07:33:00+00:00,23703.1,23704.75,23697.35,23704.45,0
2026-03-12 07:34:00+00:00,23705.1,23707.95,23701.55,23702.75,0
2026-03-12 07:35:00+00:00,23702.45,23702.6,23663.4,23664.15,0
2026-03-12 07:36:00+00:00,23663.3,23663.65,23656.4,23658.9,0
2026-03-12 07:37:00+00:00,23660.7,23673.45,23659.6,23673.45,0
2026-03-12 07:38:00+00:00,23673.45,23677.75,23669.25,23676.5,0
2026-03-12 07:39:00+00:00,23677.6,23686.45,23673.35,23682.55,0
2026-03-12 07:40:00+00:00,23683.55,23693.2,23678.75,23693.2,0
2026-03-12 07:41:00+00:00,23693.8,23696.9,23692.05,23695.9,0
2026-03-12 07:42:00+00:00,23696.5,23705.8,23694.85,23699.05,0
2026-03-12 07:43:00+00:00,23700.6,23710.85,23696.2,23710.85,0
2026-03-12 07:44:00+00:00,23711.45,23722.4,23710.3,23715.25,0
2026-03-12 07:45:00+00:00,23718.3,23718.3,23711.75,23716.7,0
2026-03-12 07:46:00+00:00,23715.6,23717.5,23707.0,23711.25,0
2026-03-12 07:47:00+00:00,23712.6,23718.5,23709.8,23712.2,0
2026-03-12 07:48:00+00:00,23713.35,23713.35,23700.5,23701.75,0
2026-03-12 07:49:00+00:00,23701.7,23704.95,23697.25,23702.25,0
2026-03-12 07:50:00+00:00,23702.95,23705.35,23698.95,23700.1,0
2026-03-12 07:51:00+00:00,23700.9,23701.6,23695.8,23699.25,0
2026-03-12 07:52:00+00:00,23700.3,23722.35,23700.3,23719.05,0
2026-03-12 07:53:00+00:00,23720.45,23732.2,23718.15,23731.75,0
2026-03-12 07:54:00+00:00,23731.35,23744.1,23731.35,23740.35,0
2026-03-12 07:55:00+00:00,23741.7,23751.1,23732.7,23749.95,0
2026-03-12 07:56:00+00:00,23750.85,23753.75,23745.85,23750.8,0
2026-03-12 07:57:00+00:00,23750.5,23755.25,23743.2,23754.0,0
2026-03-12 07:58:00+00:00,23755.7,23765.75,23753.85,23761.7,0
2026-03-12 07:59:00+00:00,23762.55,23767.95,23748.95,23764.3,0
2026-03-12 08:00:00+00:00,23765.25,23778.1,23764.7,23776.05,0
2026-03-12 08:01:00+00:00,23776.3,23782.0,23771.2,23779.15,0
2026-03-12 08:02:00+00:00,23780.55,23780.7,23772.05,23775.05,0
2026-03-12 08:03:00+00:00,23776.35,23810.8,23771.5,23810.8,0
2026-03-12 08:04:00+00:00,23809.6,23815.8,23799.45,23804.3,0
2026-03-12 08:05:00+00:00,23805.25,23818.2,23796.6,23817.3,0
2026-03-12 08:06:00+00:00,23817.65,23819.1,23810.9,23815.75,0
2026-03-12 08:07:00+00:00,23816.2,23818.45,23805.15,23807.05,0
2026-03-12 08:08:00+00:00,23809.35,23813.95,23806.9,23808.15,0
2026-03-12 08:09:00+00:00,23808.9,23814.8,23806.15,23811.8,0
2026-03-12 08:10:00+00:00,23813.6,23824.5,23813.6,23823.3,0
2026-03-12 08:11:00+00:00,23824.1,23833.15,23811.45,23813.2,0
2026-03-12 08:12:00+00:00,23813.65,23813.65,23790.3,23796.45,0
2026-03-12 08:13:00+00:00,23796.45,23801.95,23784.25,23788.2,0
2026-03-12 08:14:00+00:00,23789.35,23792.3,23786.75,23789.9,0
2026-03-12 08:15:00+00:00,23789.35,23795.85,23776.25,23794.85,0
2026-03-12 08:16:00+00:00,23795.25,23801.25,23793.65,23795.2,0
2026-03-12 08:17:00+00:00,23794.55,23799.15,23784.35,23794.4,0
2026-03-12 08:18:00+00:00,23796.25,23798.85,23790.8,23793.2,0
2026-03-12 08:19:00+00:00,23791.95,23792.6,23778.7,23782.55,0
2026-03-12 08:20:00+00:00,23783.6,23793.1,23779.4,23779.4,0
2026-03-12 08:21:00+00:00,23780.15,23781.1,23762.5,23774.0,0
2026-03-12 08:22:00+00:00,23774.65,23775.35,23769.2,23774.45,0
2026-03-12 08:23:00+00:00,23774.75,23774.75,23764.55,23766.05,0
2026-03-12 08:24:00+00:00,23767.55,23775.65,23767.55,23771.45,0
2026-03-12 08:25:00+00:00,23771.85,23772.0,23752.45,23753.75,0
2026-03-12 08:26:00+00:00,23754.9,23762.95,23752.65,23757.7,0
2026-03-12 08:27:00+00:00,23757.9,23761.5,23745.35,23748.6,0
2026-03-12 08:28:00+00:00,23749.65,23751.6,23744.1,23746.25,0
2026-03-12 08:29:00+00:00,23747.25,23747.85,23738.6,23738.6,0
2026-03-12 08:30:00+00:00,23740.55,23759.3,23733.5,23757.5,0
2026-03-12 08:31:00+00:00,23759.45,23762.45,23755.2,23757.4,0
2026-03-12 08:32:00+00:00,23758.5,23761.55,23750.15,23755.6,0
2026-03-12 08:33:00+00:00,23758.1,23758.4,23751.05,23751.75,0
2026-03-12 08:34:00+00:00,23751.85,23753.55,23746.35,23752.85,0
2026-03-12 08:35:00+00:00,23752.85,23771.55,23749.7,23765.65,0
2026-03-12 08:36:00+00:00,23765.2,23766.85,23758.35,23760.8,0
2026-03-12 08:37:00+00:00,23761.95,23763.1,23741.7,23743.0,0
2026-03-12 08:38:00+00:00,23743.9,23745.15,23736.4,23737.6,0
2026-03-12 08:39:00+00:00,23738.0,23738.7,23720.05,23721.5,0
2026-03-12 08:40:00+00:00,23721.7,23722.35,23714.0,23715.25,0
2026-03-12 08:41:00+00:00,23715.2,23717.5,23706.1,23708.1,0
2026-03-12 08:42:00+00:00,23708.65,23709.35,23701.95,23705.3,0
2026-03-12 08:43:00+00:00,23705.95,23725.55,23705.8,23720.45,0
2026-03-12 08:44:00+00:00,23720.35,23747.65,23719.6,23738.9,0
2026-03-12 08:45:00+00:00,23739.35,23750.8,23723.3,23749.85,0
2026-03-12 08:46:00+00:00,23750.25,23758.15,23750.25,23751.2,0
2026-03-12 08:47:00+00:00,23752.35,23752.35,23731.6,23739.7,0
2026-03-12 08:48:00+00:00,23740.35,23745.45,23734.85,23744.7,0
2026-03-12 08:49:00+00:00,23745.85,23751.1,23743.6,23749.35,0
2026-03-12 08:50:00+00:00,23749.5,23755.8,23744.9,23747.45,0
2026-03-12 08:51:00+00:00,23747.9,23748.25,23741.65,23748.25,0
2026-03-12 08:52:00+00:00,23747.8,23751.9,23744.95,23745.15,0
2026-03-12 08:53:00+00:00,23746.4,23753.95,23745.15,23750.55,0
2026-03-12 08:54:00+00:00,23749.75,23751.9,23730.35,23732.95,0
2026-03-12 08:55:00+00:00,23734.15,23740.7,23732.1,23733.5,0
2026-03-12 08:56:00+00:00,23734.1,23742.8,23730.75,23739.7,0
2026-03-12 08:57:00+00:00,23741.15,23744.3,23732.2,23732.35,0
2026-03-12 08:58:00+00:00,23733.1,23733.1,23717.2,23719.75,0
2026-03-12 08:59:00+00:00,23722.75,23723.4,23709.65,23711.8,0
2026-03-12 09:00:00+00:00,23713.5,23729.0,23712.75,23729.0,0
2026-03-12 09:01:00+00:00,23731.25,23733.05,23717.85,23721.4,0
2026-03-12 09:02:00+00:00,23721.4,23721.4,23710.4,23716.05,0
2026-03-12 09:03:00+00:00,23717.45,23739.35,23715.2,23728.45,0
2026-03-12 09:04:00+00:00,23730.5,23739.95,23730.5,23738.3,0
2026-03-12 09:05:00+00:00,23739.3,23740.45,23733.45,23737.25,0
2026-03-12 09:06:00+00:00,23737.9,23745.15,23731.4,23731.4,0
2026-03-12 09:07:00+00:00,23733.3,23734.25,23721.4,23726.0,0
2026-03-12 09:08:00+00:00,23727.25,23739.9,23727.15,23739.15,0
2026-03-12 09:09:00+00:00,23739.55,23739.55,23721.7,23724.95,0
2026-03-12 09:10:00+00:00,23726.15,23726.15,23697.95,23704.75,0
2026-03-12 09:11:00+00:00,23702.7,23706.2,23699.15,23699.7,0
2026-03-12 09:12:00+00:00,23701.5,23702.95,23692.25,23692.25,0
2026-03-12 09:13:00+00:00,23693.25,23697.35,23681.95,23684.9,0
2026-03-12 09:14:00+00:00,23685.95,23685.95,23667.6,23673.8,0
2026-03-12 09:15:00+00:00,23673.15,23684.1,23659.5,23675.45,0
2026-03-12 09:16:00+00:00,23677.9,23680.05,23660.1,23660.1,0
2026-03-12 09:17:00+00:00,23661.55,23666.25,23657.2,23660.55,0
2026-03-12 09:18:00+00:00,23659.35,23677.3,23658.75,23674.1,0
2026-03-12 09:19:00+00:00,23675.7,23678.3,23669.95,23672.55,0
2026-03-12 09:20:00+00:00,23674.25,23674.7,23627.9,23627.9,0
2026-03-12 09:21:00+00:00,23627.25,23632.05,23616.4,23617.7,0
2026-03-12 09:22:00+00:00,23618.35,23623.7,23605.55,23621.7,0
2026-03-12 09:23:00+00:00,23622.1,23639.8,23619.95,23631.8,0
2026-03-12 09:24:00+00:00,23634.6,23642.45,23630.8,23633.05,0
2026-03-12 09:25:00+00:00,23634.5,23637.5,23619.95,23633.8,0
2026-03-12 09:26:00+00:00,23635.9,23647.95,23635.9,23641.35,0
2026-03-12 09:27:00+00:00,23642.8,23646.05,23633.3,23635.1,0
2026-03-12 09:28:00+00:00,23635.0,23639.05,23631.9,23635.3,0
2026-03-12 09:29:00+00:00,23637.55,23647.75,23633.45,23639.45,0
2026-03-12 09:30:00+00:00,23641.1,23644.45,23613.95,23619.4,0
2026-03-12 09:31:00+00:00,23620.5,23621.2,23609.95,23611.5,0
2026-03-12 09:32:00+00:00,23610.85,23632.15,23610.85,23623.5,0
2026-03-12 09:33:00+00:00,23623.65,23633.65,23622.65,23631.75,0
2026-03-12 09:34:00+00:00,23633.4,23655.8,23631.75,23654.9,0
2026-03-12 09:35:00+00:00,23655.65,23665.85,23651.5,23660.0,0
2026-03-12 09:36:00+00:00,23662.0,23662.0,23644.0,23644.0,0
2026-03-12 09:37:00+00:00,23644.4,23654.2,23640.8,23640.8,0
2026-03-12 09:38:00+00:00,23642.05,23646.4,23637.9,23646.4,0
2026-03-12 09:39:00+00:00,23649.2,23669.05,23649.2,23666.8,0
2026-03-12 09:40:00+00:00,23665.35,23679.8,23664.5,23676.7,0
2026-03-12 09:41:00+00:00,23677.65,23678.35,23650.25,23650.25,0
2026-03-12 09:42:00+00:00,23649.85,23654.55,23628.8,23631.0,0
2026-03-12 09:43:00+00:00,23632.0,23642.6,23632.0,23637.45,0
2026-03-12 09:44:00+00:00,23637.6,23649.75,23631.45,23633.9,0
2026-03-12 09:45:00+00:00,23636.35,23638.75,23629.0,23630.0,0
2026-03-12 09:46:00+00:00,23629.35,23636.2,23625.05,23625.15,0
2026-03-12 09:47:00+00:00,23626.3,23647.4,23624.75,23646.75,0
2026-03-12 09:48:00+00:00,23647.4,23652.0,23647.05,23649.15,0
2026-03-12 09:49:00+00:00,23649.15,23651.25,23645.0,23649.55,0
2026-03-12 09:50:00+00:00,23650.65,23652.15,23642.4,23643.0,0
2026-03-12 09:51:00+00:00,23643.35,23647.35,23631.85,23633.2,0
2026-03-12 09:52:00+00:00,23633.75,23645.0,23632.85,23640.55,0
2026-03-12 09:53:00+00:00,23641.45,23644.2,23636.55,23637.25,0
2026-03-12 09:54:00+00:00,23638.05,23640.6,23630.55,23635.6,0
2026-03-12 09:55:00+00:00,23635.55,23638.1,23627.65,23628.15,0
2026-03-12 09:56:00+00:00,23629.55,23637.35,23628.95,23634.4,0
2026-03-12 09:57:00+00:00,23634.7,23638.2,23631.45,23634.55,0
2026-03-12 09:58:00+00:00,23632.0,23636.45,23630.75,23634.8,0
2026-03-12 09:59:00+00:00,23633.4,23643.1,23624.6,23639.35,0
