datetime,open,high,low,close,volume
2026-05-29 03:45:00+00:00,23902.15,24002.8,23902.0,23971.85,0
2026-05-29 03:46:00+00:00,23972.75,23972.75,23932.1,23934.8,0
2026-05-29 03:47:00+00:00,23934.8,23959.25,23932.85,23948.0,0
2026-05-29 03:48:00+00:00,23949.55,23958.45,23944.35,23950.1,0
2026-05-29 03:49:00+00:00,23950.3,23964.9,23950.0,23963.3,0
2026-05-29 03:50:00+00:00,23962.05,23976.15,23958.25,23960.45,0
2026-05-29 03:51:00+00:00,23960.35,23965.15,23944.7,23947.8,0
2026-05-29 03:52:00+00:00,23947.3,23952.95,23943.25,23945.75,0
2026-05-29 03:53:00+00:00,23946.45,23948.75,23937.95,23942.65,0
2026-05-29 03:54:00+00:00,23942.85,23952.1,23932.4,23933.1,0
2026-05-29 03:55:00+00:00,23932.3,23938.35,23924.75,23925.15,0
2026-05-29 03:56:00+00:00,23923.6,23928.25,23914.35,23924.15,0
2026-05-29 03:57:00+00:00,23923.35,23925.75,23914.85,23917.8,0
2026-05-29 03:58:00+00:00,23918.05,23919.8,23892.35,23894.25,0
2026-05-29 03:59:00+00:00,23893.7,23906.35,23889.15,23893.4,0
2026-05-29 04:00:00+00:00,23892.2,23905.4,23885.4,23898.1,0
2026-05-29 04:01:00+00:00,23898.6,23915.55,23897.6,23903.05,0
2026-05-29 04:02:00+00:00,23903.2,23912.75,23899.55,23900.25,0
2026-05-29 04:03:00+00:00,23900.45,23905.1,23895.75,23904.2,0
2026-05-29 04:04:00+00:00,23903.95,23907.35,23892.9,23898.1,0
2026-05-29 04:05:00+00:00,23898.65,23918.25,23898.3,23916.05,0
2026-05-29 04:06:00+00:00,23916.9,23928.4,23916.2,23922.55,0
2026-05-29 04:07:00+00:00,23922.45,23933.6,23922.45,23933.35,0
2026-05-29 04:08:00+00:00,23933.45,23933.85,23912.25,23913.4,0
2026-05-29 04:09:00+00:00,23913.25,23926.95,23912.1,23922.65,0
2026-05-29 04:10:00+00:00,23923.4,23933.0,23917.45,23917.45,0
2026-05-29 04:11:00+00:00,23915.75,23918.85,23901.15,23901.9,0
2026-05-29 04:12:00+00:00,23902.05,23903.05,23894.35,23900.9,0
2026-05-29 04:13:00+00:00,23899.4,23902.75,23880.25,23880.8,0
2026-05-29 04:14:00+00:00,23880.95,23880.95,23872.6,23875.75,0
2026-05-29 04:15:00+00:00,23875.8,23899.65,23871.1,23898.0,0
2026-05-29 04:16:00+00:00,23897.7,23902.95,23896.8,23898.4,0
2026-05-29 04:17:00+00:00,23897.85,23909.2,23893.85,23894.3,0
2026-05-29 04:18:00+00:00,23894.4,23913.6,23891.95,23911.5,0
2026-05-29 04:19:00+00:00,23911.55,23913.1,23905.45,23912.0,0
2026-05-29 04:20:00+00:00,23911.2,23912.75,23906.3,23911.65,0
2026-05-29 04:21:00+00:00,23911.0,23913.95,23910.05,23913.3,0
2026-05-29 04:22:00+00:00,23913.3,23913.9,23904.35,23912.05,0
2026-05-29 04:23:00+00:00,23911.8,23921.7,23911.05,23920.5,0
2026-05-29 04:24:00+00:00,23920.55,23922.8,23903.05,23904.05,0
2026-05-29 04:25:00+00:00,23903.85,23905.1,23890.0,23890.05,0
2026-05-29 04:26:00+00:00,23889.75,23894.45,23887.4,23888.95,0
2026-05-29 04:27:00+00:00,23888.6,23901.55,23888.45,23897.15,0
2026-05-29 04:28:00+00:00,23897.15,23902.05,23892.65,23900.95,0
2026-05-29 04:29:00+00:00,23901.85,23907.7,23900.35,23907.45,0
2026-05-29 04:30:00+00:00,23907.45,23917.25,23906.7,23907.5,0
2026-05-29 04:31:00+00:00,23907.6,23911.3,23901.0,23901.0,0
2026-05-29 04:32:00+00:00,23900.4,23913.25,23894.75,23912.8,0
2026-05-29 04:33:00+00:00,23912.85,23931.35,23912.45,23925.9,0
2026-05-29 04:34:00+00:00,23924.8,23930.1,23922.45,23928.45,0
2026-05-29 04:35:00+00:00,23928.2,23943.65,23928.1,23942.3,0
2026-05-29 04:36:00+00:00,23941.7,23947.15,23941.7,23942.9,0
2026-05-29 04:37:00+00:00,23942.8,23954.5,23941.45,23950.9,0
2026-05-29 04:38:00+00:00,23950.3,23953.2,23944.45,23947.5,0
2026-05-29 04:39:00+00:00,23947.2,23950.8,23940.55,23943.2,0
2026-05-29 04:40:00+00:00,23942.5,23947.4,23941.55,23943.4,0
2026-05-29 04:41:00+00:00,23943.35,23948.0,23941.8,23942.1,0
2026-05-29 04:42:00+00:00,23941.85,23950.15,23939.95,23949.0,0
2026-05-29 04:43:00+00:00,23948.75,23949.85,23933.4,23935.25,0
2026-05-29 04:44:00+00:00,23935.5,23947.1,23935.4,23945.7,0
2026-05-29 04:45:00+00:00,23946.1,23951.9,23942.05,23942.85,0
2026-05-29 04:46:00+00:00,23942.8,23943.85,23934.8,23941.05,0
2026-05-29 04:47:00+00:00,23941.0,23941.9,23936.75,23938.55,0
2026-05-29 04:48:00+00:00,23937.75,23938.65,23931.45,23935.35,0
2026-05-29 04:49:00+00:00,23935.25,23937.85,23932.4,23933.95,0
2026-05-29 04:50:00+00:00,23934.4,23939.8,23932.6,23932.6,0
2026-05-29 04:51:00+00:00,23933.2,23938.5,23931.1,23931.95,0
2026-05-29 04:52:00+00:00,23931.55,23935.15,23929.6,23932.75,0
2026-05-29 04:53:00+00:00,23933.65,23944.05,23930.2,23942.95,0
2026-05-29 04:54:00+00:00,23943.4,23947.35,23933.8,23936.9,0
2026-05-29 04:55:00+00:00,23936.95,23941.55,23928.6,23928.6,0
2026-05-29 04:56:00+00:00,23929.2,23929.8,23920.25,23921.4,0
2026-05-29 04:57:00+00:00,23921.75,23928.45,23920.0,23920.5,0
2026-05-29 04:58:00+00:00,23920.9,23921.25,23914.15,23915.55,0
2026-05-29 04:59:00+00:00,23915.4,23916.9,23908.95,23911.65,0
2026-05-29 05:00:00+00:00,23911.2,23912.6,23902.4,23903.45,0
2026-05-29 05:01:00+00:00,23904.15,23910.65,23903.1,23907.75,0
2026-05-29 05:02:00+00:00,23906.85,23916.0,23906.5,23914.35,0
2026-05-29 05:03:00+00:00,23914.55,23915.6,23912.2,23912.85,0
2026-05-29 05:04:00+00:00,23913.05,23920.65,23911.8,23918.95,0
2026-05-29 05:05:00+00:00,23918.65,23921.25,23917.1,23918.9,0
2026-05-29 05:06:00+00:00,23918.85,23925.75,23918.8,23921.05,0
2026-05-29 05:07:00+00:00,23922.1,23929.65,23921.85,23926.4,0
2026-05-29 05:08:00+00:00,23926.8,23927.25,23917.25,23917.95,0
2026-05-29 05:09:00+00:00,23919.4,23922.55,23916.4,23916.55,0
2026-05-29 05:10:00+00:00,23915.2,23919.45,23907.25,23907.55,0
2026-05-29 05:11:00+00:00,23907.85,23917.2,23906.7,23916.65,0
2026-05-29 05:12:00+00:00,23916.65,23921.0,23911.1,23913.25,0
2026-05-29 05:13:00+00:00,23913.45,23915.0,23908.95,23908.95,0
2026-05-29 05:14:00+00:00,23908.6,23909.9,23900.45,23900.65,0
2026-05-29 05:15:00+00:00,23900.9,23901.05,23893.0,23900.15,0
2026-05-29 05:16:00+00:00,23899.95,23901.25,23893.25,23895.15,0
2026-05-29 05:17:00+00:00,23894.95,23895.55,23890.35,23891.85,0
2026-05-29 05:18:00+00:00,23891.9,23895.2,23889.35,23891.85,0
2026-05-29 05:19:00+00:00,23891.8,23896.4,23889.7,23896.2,0
2026-05-29 05:20:00+00:00,23896.0,23896.35,23888.65,23890.7,0
2026-05-29 05:21:00+00:00,23890.55,23894.1,23886.7,23886.7,0
2026-05-29 05:22:00+00:00,23887.05,23890.55,23885.9,23890.2,0
2026-05-29 05:23:00+00:00,23889.6,23891.55,23879.05,23879.75,0
2026-05-29 05:24:00+00:00,23879.65,23887.15,23877.65,23883.4,0
2026-05-29 05:25:00+00:00,23884.45,23889.35,23879.65,23888.75,0
2026-05-29 05:26:00+00:00,23888.7,23903.05,23885.65,23902.9,0
2026-05-29 05:27:00+00:00,23902.7,23907.8,23902.05,23903.85,0
2026-05-29 05:28:00+00:00,23903.35,23905.2,23902.25,23904.2,0
2026-05-29 05:29:00+00:00,23904.85,23905.3,23902.15,23903.1,0
2026-05-29 05:30:00+00:00,23902.8,23909.7,23902.65,23907.7,0
2026-05-29 05:31:00+00:00,23906.95,23908.4,23903.35,23906.2,0
2026-05-29 05:32:00+00:00,23905.85,23905.85,23898.7,23902.5,0
2026-05-29 05:33:00+00:00,23902.15,23905.85,23900.65,23903.45,0
2026-05-29 05:34:00+00:00,23903.55,23911.2,23902.7,23908.85,0
2026-05-29 05:35:00+00:00,23908.85,23911.55,23905.0,23909.55,0
2026-05-29 05:36:00+00:00,23910.2,23910.3,23904.75,23906.05,0
2026-05-29 05:37:00+00:00,23906.1,23909.2,23904.95,23908.5,0
2026-05-29 05:38:00+00:00,23908.65,23911.45,23907.15,23907.15,0
2026-05-29 05:39:00+00:00,23907.2,23908.9,23904.85,23908.3,0
2026-05-29 05:40:00+00:00,23907.9,23912.7,23906.65,23910.55,0
2026-05-29 05:41:00+00:00,23910.65,23911.4,23894.9,23899.55,0
2026-05-29 05:42:00+00:00,23899.2,23902.7,23896.35,23897.85,0
2026-05-29 05:43:00+00:00,23897.8,23897.8,23892.75,23894.85,0
2026-05-29 05:44:00+00:00,23894.4,23899.4,23894.3,23896.85,0
2026-05-29 05:45:00+00:00,23897.2,23902.65,23895.25,23896.75,0
2026-05-29 05:46:00+00:00,23896.6,23902.1,23896.6,23898.75,0
2026-05-29 05:47:00+00:00,23899.0,23910.15,23897.85,23907.15,0
2026-05-29 05:48:00+00:00,23907.75,23909.1,23905.6,23906.55,0
2026-05-29 05:49:00+00:00,23906.9,23909.2,23903.8,23903.9,0
2026-05-29 05:50:00+00:00,23903.55,23905.0,23898.35,23899.3,0
2026-05-29 05:51:00+00:00,23898.65,23902.9,23898.65,23901.65,0
2026-05-29 05:52:00+00:00,23901.8,23902.45,23896.0,23896.95,0
2026-05-29 05:53:00+00:00,23897.05,23905.2,23895.25,23902.1,0
2026-05-29 05:54:00+00:00,23902.6,23903.2,23899.05,23902.95,0
2026-05-29 05:55:00+00:00,23902.95,23903.55,23899.75,23901.4,0
2026-05-29 05:56:00+00:00,23901.3,23902.25,23897.8,23898.6,0
2026-05-29 05:57:00+00:00,23898.25,23899.3,23894.4,23895.2,0
2026-05-29 05:58:00+00:00,23895.3,23897.4,23894.55,23895.6,0
2026-05-29 05:59:00+00:00,23895.25,23896.3,23888.95,23889.55,0
2026-05-29 06:00:00+00:00,23889.2,23893.55,23888.7,23889.5,0
2026-05-29 06:01:00+00:00,23889.6,23892.55,23887.7,23888.85,0
2026-05-29 06:02:00+00:00,23887.9,23892.25,23886.45,23888.6,0
2026-05-29 06:03:00+00:00,23888.8,23889.95,23880.65,23881.5,0
2026-05-29 06:04:00+00:00,23881.6,23882.45,23875.45,23876.8,0
2026-05-29 06:05:00+00:00,23877.3,23882.5,23875.35,23882.15,0
2026-05-29 06:06:00+00:00,23882.3,23888.1,23882.3,23887.4,0
2026-05-29 06:07:00+00:00,23887.95,23888.85,23883.0,23886.55,0
2026-05-29 06:08:00+00:00,23886.35,23888.35,23882.75,23885.75,0
2026-05-29 06:09:00+00:00,23885.85,23894.5,23884.9,23886.75,0
2026-05-29 06:10:00+00:00,23886.05,23888.9,23884.15,23885.5,0
2026-05-29 06:11:00+00:00,23884.5,23886.9,23880.45,23881.6,0
2026-05-29 06:12:00+00:00,23882.05,23884.9,23880.0,23880.95,0
2026-05-29 06:13:00+00:00,23881.0,23881.0,23876.2,23876.3,0
2026-05-29 06:14:00+00:00,23876.35,23888.55,23876.25,23885.9,0
2026-05-29 06:15:00+00:00,23885.55,23892.05,23883.35,23890.85,0
2026-05-29 06:16:00+00:00,23891.0,23892.35,23886.3,23890.25,0
2026-05-29 06:17:00+00:00,23890.6,23893.45,23886.95,23887.45,0
2026-05-29 06:18:00+00:00,23887.8,23890.45,23883.75,23885.25,0
2026-05-29 06:19:00+00:00,23886.15,23897.0,23884.85,23892.95,0
2026-05-29 06:20:00+00:00,23892.55,23898.4,23891.85,23896.3,0
2026-05-29 06:21:00+00:00,23896.4,23896.45,23892.25,23893.5,0
2026-05-29 06:22:00+00:00,23893.7,23900.4,23893.05,23898.4,0
2026-05-29 06:23:00+00:00,23899.25,23907.8,23898.65,23907.6,0
2026-05-29 06:24:00+00:00,23908.0,23914.0,23907.05,23907.8,0
2026-05-29 06:25:00+00:00,23908.0,23908.15,23896.85,23899.1,0
2026-05-29 06:26:00+00:00,23898.4,23899.4,23888.7,23889.2,0
2026-05-29 06:27:00+00:00,23888.7,23894.9,23888.1,23890.95,0
2026-05-29 06:28:00+00:00,23890.6,23891.35,23888.05,23889.0,0
2026-05-29 06:29:00+00:00,23889.4,23892.85,23888.1,23890.8,0
2026-05-29 06:30:00+00:00,23890.3,23891.65,23884.5,23885.75,0
2026-05-29 06:31:00+00:00,23885.9,23887.5,23882.9,23885.5,0
2026-05-29 06:32:00+00:00,23885.45,23886.25,23875.5,23877.55,0
2026-05-29 06:33:00+00:00,23877.5,23877.5,23869.4,23870.5,0
2026-05-29 06:34:00+00:00,23870.25,23872.95,23865.2,23870.5,0
2026-05-29 06:35:00+00:00,23870.3,23871.35,23868.4,23869.1,0
2026-05-29 06:36:00+00:00,23868.85,23871.8,23868.25,23869.45,0
2026-05-29 06:37:00+00:00,23869.7,23870.75,23865.85,23867.85,0
2026-05-29 06:38:00+00:00,23867.55,23873.65,23867.15,23871.85,0
2026-05-29 06:39:00+00:00,23872.05,23874.55,23866.6,23867.4,0
2026-05-29 06:40:00+00:00,23866.85,23867.1,23861.05,23862.65,0
2026-05-29 06:41:00+00:00,23862.45,23863.65,23860.35,23861.3,0
2026-05-29 06:42:00+00:00,23861.05,23862.9,23851.25,23851.5,0
2026-05-29 06:43:00+00:00,23851.65,23852.55,23830.85,23831.05,0
2026-05-29 06:44:00+00:00,23830.65,23841.5,23825.35,23835.7,0
2026-05-29 06:45:00+00:00,23835.95,23836.0,23822.55,23822.6,0
2026-05-29 06:46:00+00:00,23822.45,23822.75,23815.1,23819.7,0
2026-05-29 06:47:00+00:00,23819.85,23834.55,23819.85,23824.35,0
2026-05-29 06:48:00+00:00,23824.45,23830.4,23824.1,23828.05,0
2026-05-29 06:49:00+00:00,23827.55,23841.15,23826.55,23839.0,0
2026-05-29 06:50:00+00:00,23838.55,23839.35,23833.15,23835.75,0
2026-05-29 06:51:00+00:00,23835.55,23839.7,23835.0,23838.85,0
2026-05-29 06:52:00+00:00,23838.85,23847.05,23838.35,23842.65,0
2026-05-29 06:53:00+00:00,23842.0,23845.0,23840.85,23844.2,0
2026-05-29 06:54:00+00:00,23844.15,23850.5,23843.55,23849.1,0
2026-05-29 06:55:00+00:00,23849.1,23851.9,23848.1,23851.25,0
2026-05-29 06:56:00+00:00,23851.05,23853.15,23849.3,23852.8,0
2026-05-29 06:57:00+00:00,23853.2,23854.55,23850.8,23853.9,0
2026-05-29 06:58:00+00:00,23853.8,23857.75,23853.8,23856.8,0
2026-05-29 06:59:00+00:00,23856.6,23857.1,23853.5,23855.8,0
2026-05-29 07:00:00+00:00,23856.2,23856.6,23851.95,23852.7,0
2026-05-29 07:01:00+00:00,23852.5,23856.4,23851.95,23856.1,0
2026-05-29 07:02:00+00:00,23856.05,23858.2,23855.2,23856.45,0
2026-05-29 07:03:00+00:00,23856.2,23858.0,23850.7,23850.9,0
2026-05-29 07:04:00+00:00,23850.3,23850.7,23844.9,23845.6,0
2026-05-29 07:05:00+00:00,23846.15,23846.4,23841.0,23842.5,0
2026-05-29 07:06:00+00:00,23842.45,23850.3,23840.95,23848.15,0
2026-05-29 07:07:00+00:00,23848.2,23850.0,23846.75,23847.25,0
2026-05-29 07:08:00+00:00,23847.2,23847.9,23842.5,23846.7,0
2026-05-29 07:09:00+00:00,23846.7,23859.05,23846.65,23856.85,0
2026-05-29 07:10:00+00:00,23856.25,23857.5,23851.4,23856.95,0
2026-05-29 07:11:00+00:00,23856.4,23857.45,23852.7,23852.8,0
2026-05-29 07:12:00+00:00,23852.7,23856.4,23850.55,23851.05,0
2026-05-29 07:13:00+00:00,23850.5,23852.1,23846.35,23846.55,0
2026-05-29 07:14:00+00:00,23846.3,23853.7,23846.3,23849.9,0
2026-05-29 07:15:00+00:00,23849.85,23850.75,23845.6,23846.75,0
2026-05-29 07:16:00+00:00,23846.9,23849.2,23844.5,23849.2,0
2026-05-29 07:17:00+00:00,23849.55,23852.05,23848.05,23849.25,0
2026-05-29 07:18:00+00:00,23850.05,23855.25,23848.7,23850.55,0
2026-05-29 07:19:00+00:00,23850.75,23853.4,23849.05,23851.2,0
2026-05-29 07:20:00+00:00,23850.7,23851.85,23844.85,23845.45,0
2026-05-29 07:21:00+00:00,23845.45,23848.6,23843.2,23847.3,0
2026-05-29 07:22:00+00:00,23847.8,23850.4,23846.6,23849.25,0
2026-05-29 07:23:00+00:00,23848.55,23851.9,23848.55,23850.8,0
2026-05-29 07:24:00+00:00,23850.65,23851.45,23837.5,23838.55,0
2026-05-29 07:25:00+00:00,23837.35,23839.45,23833.9,23835.4,0
2026-05-29 07:26:00+00:00,23835.45,23836.0,23830.45,23834.15,0
2026-05-29 07:27:00+00:00,23834.6,23836.1,23825.6,23825.85,0
2026-05-29 07:28:00+00:00,23825.85,23832.25,23821.95,23830.6,0
2026-05-29 07:29:00+00:00,23830.3,23838.2,23829.75,23837.55,0
2026-05-29 07:30:00+00:00,23837.05,23838.3,23823.95,23826.2,0
2026-05-29 07:31:00+00:00,23825.7,23826.1,23821.85,23824.0,0
2026-05-29 07:32:00+00:00,23823.7,23824.7,23819.25,23821.3,0
2026-05-29 07:33:00+00:00,23821.2,23824.3,23820.05,23821.5,0
2026-05-29 07:34:00+00:00,23821.4,23822.15,23817.45,23818.25,0
2026-05-29 07:35:00+00:00,23818.35,23818.4,23811.25,23811.75,0
2026-05-29 07:36:00+00:00,23811.45,23817.2,23809.45,23811.5,0
2026-05-29 07:37:00+00:00,23811.4,23811.55,23805.25,23806.6,0
2026-05-29 07:38:00+00:00,23806.55,23808.7,23804.15,23804.75,0
2026-05-29 07:39:00+00:00,23804.7,23806.65,23798.4,23798.4,0
2026-05-29 07:40:00+00:00,23798.45,23802.8,23796.65,23796.85,0
2026-05-29 07:41:00+00:00,23797.35,23798.2,23785.85,23786.1,0
2026-05-29 07:42:00+00:00,23786.6,23790.0,23783.7,23784.35,0
2026-05-29 07:43:00+00:00,23784.1,23785.4,23775.05,23775.55,0
2026-05-29 07:44:00+00:00,23775.2,23776.4,23769.15,23769.25,0
2026-05-29 07:45:00+00:00,23769.65,23769.65,23760.25,23761.2,0
2026-05-29 07:46:00+00:00,23761.95,23774.45,23759.55,23773.4,0
2026-05-29 07:47:00+00:00,23773.65,23781.7,23770.45,23781.4,0
2026-05-29 07:48:00+00:00,23780.85,23789.5,23780.85,23788.7,0
2026-05-29 07:49:00+00:00,23787.9,23789.4,23779.35,23780.7,0
2026-05-29 07:50:00+00:00,23780.45,23782.6,23775.2,23782.35,0
2026-05-29 07:51:00+00:00,23781.15,23782.65,23775.95,23780.45,0
2026-05-29 07:52:00+00:00,23780.35,23782.0,23769.65,23772.1,0
2026-05-29 07:53:00+00:00,23771.25,23773.2,23760.8,23762.6,0
2026-05-29 07:54:00+00:00,23762.75,23776.6,23761.6,23772.5,0
2026-05-29 07:55:00+00:00,23772.6,23779.45,23771.65,23776.0,0
2026-05-29 07:56:00+00:00,23776.8,23778.95,23772.35,23777.95,0
2026-05-29 07:57:00+00:00,23777.95,23781.05,23775.7,23776.65,0
2026-05-29 07:58:00+00:00,23776.65,23776.85,23765.5,23769.0,0
2026-05-29 07:59:00+00:00,23768.4,23776.95,23768.25,23775.6,0
2026-05-29 08:00:00+00:00,23775.35,23785.55,23774.85,23785.55,0
2026-05-29 08:01:00+00:00,23784.8,23786.05,23778.7,23782.9,0
2026-05-29 08:02:00+00:00,23782.85,23783.75,23777.7,23778.3,0
2026-05-29 08:03:00+00:00,23778.4,23779.8,23775.05,23776.3,0
2026-05-29 08:04:00+00:00,23776.3,23779.05,23771.9,23772.75,0
2026-05-29 08:05:00+00:00,23773.05,23777.7,23771.5,23776.55,0
2026-05-29 08:06:00+00:00,23776.9,23777.3,23765.95,23767.9,0
2026-05-29 08:07:00+00:00,23767.75,23776.65,23767.25,23775.75,0
2026-05-29 08:08:00+00:00,23776.0,23779.4,23775.0,23776.25,0
2026-05-29 08:09:00+00:00,23776.15,23776.95,23768.9,23769.4,0
2026-05-29 08:10:00+00:00,23769.35,23777.8,23767.2,23777.05,0
2026-05-29 08:11:00+00:00,23776.1,23778.75,23771.25,23777.3,0
2026-05-29 08:12:00+00:00,23776.65,23780.3,23775.0,23777.15,0
2026-05-29 08:13:00+00:00,23777.4,23778.05,23773.5,23774.35,0
2026-05-29 08:14:00+00:00,23774.65,23777.3,23771.0,23773.4,0
2026-05-29 08:15:00+00:00,23773.15,23775.1,23769.1,23771.45,0
2026-05-29 08:16:00+00:00,23771.3,23773.55,23765.95,23773.15,0
2026-05-29 08:17:00+00:00,23772.9,23773.4,23765.4,23765.95,0
2026-05-29 08:18:00+00:00,23765.65,23766.7,23758.1,23763.15,0
2026-05-29 08:19:00+00:00,23763.1,23764.95,23751.65,23754.1,0
2026-05-29 08:20:00+00:00,23753.9,23762.45,23751.25,23762.3,0
2026-05-29 08:21:00+00:00,23762.45,23762.95,23749.35,23749.95,0
2026-05-29 08:22:00+00:00,23749.9,23750.9,23741.6,23744.95,0
2026-05-29 08:23:00+00:00,23745.15,23749.65,23743.1,23745.75,0
2026-05-29 08:24:00+00:00,23745.3,23748.75,23739.7,23746.05,0
2026-05-29 08:25:00+00:00,23746.35,23749.4,23743.55,23748.55,0
2026-05-29 08:26:00+00:00,23748.5,23753.3,23746.3,23752.25,0
2026-05-29 08:27:00+00:00,23752.5,23763.4,23752.0,23763.3,0
2026-05-29 08:28:00+00:00,23763.45,23765.35,23755.1,23756.1,0
2026-05-29 08:29:00+00:00,23756.05,23759.1,23753.7,23757.65,0
2026-05-29 08:30:00+00:00,23758.05,23759.5,23750.75,23751.25,0
2026-05-29 08:31:00+00:00,23751.45,23751.6,23742.5,23743.15,0
2026-05-29 08:32:00+00:00,23743.55,23753.05,23742.8,23749.45,0
2026-05-29 08:33:00+00:00,23749.35,23753.6,23743.2,23744.7,0
2026-05-29 08:34:00+00:00,23744.5,23749.15,23743.25,23747.15,0
2026-05-29 08:35:00+00:00,23747.5,23748.0,23731.25,23733.0,0
2026-05-29 08:36:00+00:00,23732.1,23748.2,23731.5,23742.9,0
2026-05-29 08:37:00+00:00,23743.95,23746.45,23742.0,23745.3,0
2026-05-29 08:38:00+00:00,23744.95,23751.3,23744.45,23750.95,0
2026-05-29 08:39:00+00:00,23751.5,23751.9,23743.9,23744.2,0
2026-05-29 08:40:00+00:00,23744.6,23747.15,23742.0,23744.1,0
2026-05-29 08:41:00+00:00,23744.0,23746.6,23743.6,23745.85,0
2026-05-29 08:42:00+00:00,23746.6,23747.65,23743.5,23745.7,0
2026-05-29 08:43:00+00:00,23744.9,23746.65,23743.65,23746.6,0
2026-05-29 08:44:00+00:00,23746.3,23751.4,23744.3,23744.45,0
2026-05-29 08:45:00+00:00,23743.8,23745.05,23739.7,23740.35,0
2026-05-29 08:46:00+00:00,23740.05,23740.95,23736.2,23736.8,0
2026-05-29 08:47:00+00:00,23736.45,23744.3,23734.55,23742.95,0
2026-05-29 08:48:00+00:00,23743.05,23747.85,23741.7,23742.5,0
2026-05-29 08:49:00+00:00,23743.15,23744.05,23734.95,23736.8,0
2026-05-29 08:50:00+00:00,23736.0,23742.1,23732.65,23733.95,0
2026-05-29 08:51:00+00:00,23733.8,23743.75,23731.55,23742.6,0
2026-05-29 08:52:00+00:00,23743.65,23747.9,23741.45,23745.15,0
2026-05-29 08:53:00+00:00,23744.8,23752.4,23743.85,23752.1,0
2026-05-29 08:54:00+00:00,23752.25,23753.2,23746.35,23749.35,0
2026-05-29 08:55:00+00:00,23749.15,23751.05,23742.8,23745.55,0
2026-05-29 08:56:00+00:00,23745.55,23751.25,23745.3,23747.25,0
2026-05-29 08:57:00+00:00,23746.75,23754.95,23746.75,23754.65,0
2026-05-29 08:58:00+00:00,23754.35,23759.55,23749.8,23758.1,0
2026-05-29 08:59:00+00:00,23758.1,23762.25,23757.35,23760.1,0
2026-05-29 09:00:00+00:00,23759.55,23779.1,23759.55,23775.55,0
2026-05-29 09:01:00+00:00,23775.75,23777.1,23768.0,23774.85,0
2026-05-29 09:02:00+00:00,23774.65,23786.2,23774.1,23786.2,0
2026-05-29 09:03:00+00:00,23785.45,23799.25,23785.45,23798.65,0
2026-05-29 09:04:00+00:00,23798.05,23802.05,23791.2,23792.55,0
2026-05-29 09:05:00+00:00,23792.65,23798.8,23792.4,23793.15,0
2026-05-29 09:06:00+00:00,23793.05,23795.55,23791.25,23794.15,0
2026-05-29 09:07:00+00:00,23794.0,23800.05,23787.15,23787.95,0
2026-05-29 09:08:00+00:00,23787.3,23788.5,23782.3,23786.6,0
2026-05-29 09:09:00+00:00,23786.7,23792.65,23784.2,23789.6,0
2026-05-29 09:10:00+00:00,23789.25,23790.1,23782.9,23784.35,0
2026-05-29 09:11:00+00:00,23783.85,23788.6,23781.2,23785.15,0
2026-05-29 09:12:00+00:00,23785.55,23795.05,23782.3,23791.35,0
2026-05-29 09:13:00+00:00,23791.3,23794.25,23786.35,23786.35,0
2026-05-29 09:14:00+00:00,23786.2,23788.6,23782.6,23786.1,0
2026-05-29 09:15:00+00:00,23786.75,23788.85,23780.5,23782.1,0
2026-05-29 09:16:00+00:00,23781.6,23795.3,23778.05,23791.75,0
2026-05-29 09:17:00+00:00,23792.25,23793.3,23781.5,23783.35,0
2026-05-29 09:18:00+00:00,23783.6,23785.05,23779.35,23783.3,0
2026-05-29 09:19:00+00:00,23783.15,23789.25,23783.15,23785.45,0
2026-05-29 09:20:00+00:00,23785.75,23787.9,23781.1,23782.35,0
2026-05-29 09:21:00+00:00,23781.95,23781.95,23768.3,23776.8,0
2026-05-29 09:22:00+00:00,23776.9,23778.35,23772.9,23773.8,0
2026-05-29 09:23:00+00:00,23773.3,23781.05,23772.35,23776.6,0
2026-05-29 09:24:00+00:00,23777.4,23778.9,23771.7,23776.6,0
2026-05-29 09:25:00+00:00,23775.65,23779.05,23765.4,23766.35,0
2026-05-29 09:26:00+00:00,23766.2,23770.75,23766.15,23768.7,0
2026-05-29 09:27:00+00:00,23769.7,23777.95,23766.85,23776.15,0
2026-05-29 09:28:00+00:00,23776.7,23787.25,23773.8,23774.45,0
2026-05-29 09:29:00+00:00,23775.0,23775.75,23752.25,23773.35,0
2026-05-29 09:30:00+00:00,23773.3,23773.3,23682.5,23684.9,0
2026-05-29 09:31:00+00:00,23685.4,23685.4,23639.2,23640.55,0
2026-05-29 09:32:00+00:00,23640.65,23640.65,23605.65,23610.45,0
2026-05-29 09:33:00+00:00,23611.1,23611.1,23584.35,23588.95,0
2026-05-29 09:34:00+00:00,23587.75,23589.55,23566.1,23569.4,0
2026-05-29 09:35:00+00:00,23570.6,23571.15,23549.8,23556.5,0
2026-05-29 09:36:00+00:00,23556.05,23559.95,23544.3,23547.2,0
2026-05-29 09:37:00+00:00,23546.55,23550.6,23530.1,23530.25,0
2026-05-29 09:38:00+00:00,23532.85,23533.75,23515.7,23521.1,0
2026-05-29 09:39:00+00:00,23522.9,23525.35,23511.05,23512.75,0
2026-05-29 09:40:00+00:00,23512.85,23521.15,23505.6,23517.6,0
2026-05-29 09:41:00+00:00,23518.4,23528.75,23516.4,23523.15,0
2026-05-29 09:42:00+00:00,23522.25,23526.85,23515.05,23522.45,0
2026-05-29 09:43:00+00:00,23522.95,23525.25,23513.25,23523.9,0
2026-05-29 09:44:00+00:00,23523.65,23529.35,23522.05,23528.7,0
2026-05-29 09:45:00+00:00,23527.2,23556.7,23525.4,23556.2,0
2026-05-29 09:46:00+00:00,23556.15,23560.8,23541.35,23545.1,0
2026-05-29 09:47:00+00:00,23542.95,23549.1,23539.6,23547.35,0
2026-05-29 09:48:00+00:00,23547.7,23553.3,23545.1,23547.2,0
2026-05-29 09:49:00+00:00,23547.5,23554.05,23538.35,23538.35,0
2026-05-29 09:50:00+00:00,23539.7,23540.8,23524.4,23528.7,0
2026-05-29 09:51:00+00:00,23527.4,23532.05,23516.9,23524.2,0
2026-05-29 09:52:00+00:00,23521.95,23523.8,23514.75,23519.25,0
2026-05-29 09:53:00+00:00,23518.85,23523.35,23500.6,23503.15,0
2026-05-29 09:54:00+00:00,23502.75,23503.6,23486.85,23490.5,0
2026-05-29 09:55:00+00:00,23490.8,23506.55,23484.75,23496.65,0
2026-05-29 09:56:00+00:00,23496.25,23502.2,23491.1,23499.35,0
2026-05-29 09:57:00+00:00,23499.9,23526.1,23496.4,23525.2,0
2026-05-29 09:58:00+00:00,23525.95,23576.75,23514.65,23569.2,0
2026-05-29 09:59:00+00:00,23572.65,23618.0,23571.2,23609.3,0
2026-06-01 03:45:00+00:00,23654.5,23733.7,23625.3,23631.45,0
2026-06-01 03:46:00+00:00,23636.0,23649.9,23614.5,23630.85,0
2026-06-01 03:47:00+00:00,23630.4,23645.0,23625.35,23640.5,0
2026-06-01 03:48:00+00:00,23638.95,23649.2,23634.0,23644.95,0
2026-06-01 03:49:00+00:00,23644.35,23653.4,23629.25,23633.0,0
2026-06-01 03:50:00+00:00,23633.4,23646.05,23627.2,23630.55,0
2026-06-01 03:51:00+00:00,23629.85,23632.8,23616.05,23631.2,0
2026-06-01 03:52:00+00:00,23630.35,23631.7,23608.75,23614.45,0
2026-06-01 03:53:00+00:00,23613.3,23618.6,23603.15,23606.45,0
2026-06-01 03:54:00+00:00,23606.55,23607.6,23588.55,23598.9,0
2026-06-01 03:55:00+00:00,23597.95,23612.4,23589.05,23590.15,0
2026-06-01 03:56:00+00:00,23590.3,23609.75,23590.3,23608.8,0
2026-06-01 03:57:00+00:00,23609.1,23610.85,23595.55,23598.55,0
2026-06-01 03:58:00+00:00,23598.65,23608.65,23597.8,23606.25,0
2026-06-01 03:59:00+00:00,23604.9,23608.05,23587.75,23592.95,0
2026-06-01 04:00:00+00:00,23591.95,23607.6,23587.7,23605.95,0
2026-06-01 04:01:00+00:00,23606.15,23615.95,23603.25,23604.65,0
2026-06-01 04:02:00+00:00,23604.8,23616.15,23600.25,23614.3,0
2026-06-01 04:03:00+00:00,23614.85,23618.7,23607.2,23607.2,0
2026-06-01 04:04:00+00:00,23607.45,23616.05,23606.55,23609.6,0
2026-06-01 04:05:00+00:00,23609.7,23611.0,23585.0,23587.0,0
2026-06-01 04:06:00+00:00,23585.9,23587.25,23569.4,23571.15,0
2026-06-01 04:07:00+00:00,23570.65,23582.45,23565.8,23577.4,0
2026-06-01 04:08:00+00:00,23576.65,23598.0,23576.55,23596.75,0
2026-06-01 04:09:00+00:00,23597.3,23611.1,23595.2,23608.75,0
2026-06-01 04:10:00+00:00,23608.4,23623.8,23608.3,23612.5,0
2026-06-01 04:11:00+00:00,23611.75,23617.85,23604.0,23605.0,0
2026-06-01 04:12:00+00:00,23604.2,23607.25,23592.8,23594.9,0
2026-06-01 04:13:00+00:00,23593.9,23598.15,23587.65,23592.95,0
2026-06-01 04:14:00+00:00,23592.6,23594.4,23572.35,23576.7,0
2026-06-01 04:15:00+00:00,23575.35,23592.1,23575.25,23592.1,0
2026-06-01 04:16:00+00:00,23590.75,23594.5,23582.85,23583.45,0
2026-06-01 04:17:00+00:00,23581.4,23584.3,23567.45,23571.85,0
2026-06-01 04:18:00+00:00,23570.7,23580.6,23570.7,23574.8,0
2026-06-01 04:19:00+00:00,23573.9,23580.2,23567.7,23580.2,0
2026-06-01 04:20:00+00:00,23579.1,23595.4,23576.7,23579.9,0
2026-06-01 04:21:00+00:00,23580.25,23586.55,23573.75,23581.25,0
2026-06-01 04:22:00+00:00,23579.6,23581.75,23572.05,23572.55,0
2026-06-01 04:23:00+00:00,23573.05,23592.0,23573.05,23588.95,0
2026-06-01 04:24:00+00:00,23588.35,23591.1,23584.95,23585.55,0
2026-06-01 04:25:00+00:00,23584.95,23588.8,23576.45,23578.15,0
2026-06-01 04:26:00+00:00,23577.5,23579.35,23569.5,23570.7,0
2026-06-01 04:27:00+00:00,23570.05,23577.7,23561.7,23576.0,0
2026-06-01 04:28:00+00:00,23575.4,23581.55,23566.3,23566.85,0
2026-06-01 04:29:00+00:00,23566.15,23574.5,23556.75,23561.8,0
2026-06-01 04:30:00+00:00,23561.05,23567.55,23561.05,23563.3,0
2026-06-01 04:31:00+00:00,23562.35,23566.9,23553.85,23554.45,0
2026-06-01 04:32:00+00:00,23555.1,23558.65,23552.3,23555.9,0
2026-06-01 04:33:00+00:00,23555.5,23557.5,23537.0,23537.65,0
2026-06-01 04:34:00+00:00,23537.55,23545.8,23537.55,23538.7,0
2026-06-01 04:35:00+00:00,23539.35,23547.95,23537.95,23541.85,0
2026-06-01 04:36:00+00:00,23541.85,23554.05,23541.85,23551.2,0
2026-06-01 04:37:00+00:00,23550.65,23558.95,23549.8,23558.95,0
2026-06-01 04:38:00+00:00,23558.6,23567.8,23556.0,23562.2,0
2026-06-01 04:39:00+00:00,23561.6,23569.95,23556.05,23569.85,0
2026-06-01 04:40:00+00:00,23569.25,23570.65,23560.2,23561.65,0
2026-06-01 04:41:00+00:00,23560.8,23567.9,23553.35,23554.6,0
2026-06-01 04:42:00+00:00,23555.1,23567.95,23555.1,23561.2,0
2026-06-01 04:43:00+00:00,23559.4,23572.35,23559.3,23560.0,0
2026-06-01 04:44:00+00:00,23560.0,23564.65,23553.15,23553.15,0
2026-06-01 04:45:00+00:00,23552.7,23554.9,23539.05,23548.45,0
2026-06-01 04:46:00+00:00,23547.95,23552.45,23545.65,23549.7,0
2026-06-01 04:47:00+00:00,23549.1,23564.1,23549.1,23562.4,0
2026-06-01 04:48:00+00:00,23561.45,23563.45,23556.85,23560.1,0
2026-06-01 04:49:00+00:00,23559.55,23561.5,23549.7,23558.65,0
2026-06-01 04:50:00+00:00,23558.15,23558.55,23552.15,23555.9,0
2026-06-01 04:51:00+00:00,23555.3,23560.15,23553.7,23559.25,0
2026-06-01 04:52:00+00:00,23559.4,23565.75,23558.15,23565.25,0
2026-06-01 04:53:00+00:00,23565.05,23566.4,23556.15,23559.75,0
2026-06-01 04:54:00+00:00,23559.7,23562.15,23548.95,23549.6,0
2026-06-01 04:55:00+00:00,23549.15,23557.8,23549.15,23553.75,0
2026-06-01 04:56:00+00:00,23553.5,23561.15,23551.6,23552.4,0
2026-06-01 04:57:00+00:00,23551.4,23553.0,23536.8,23539.4,0
2026-06-01 04:58:00+00:00,23538.85,23544.35,23537.8,23543.05,0
2026-06-01 04:59:00+00:00,23542.55,23547.85,23539.85,23539.85,0
2026-06-01 05:00:00+00:00,23539.35,23544.95,23535.1,23538.55,0
2026-06-01 05:01:00+00:00,23537.3,23539.8,23531.5,23536.95,0
2026-06-01 05:02:00+00:00,23537.2,23550.2,23535.1,23535.4,0
2026-06-01 05:03:00+00:00,23534.95,23539.55,23523.65,23524.3,0
2026-06-01 05:04:00+00:00,23523.8,23532.5,23517.7,23530.0,0
2026-06-01 05:05:00+00:00,23529.2,23533.25,23523.2,23525.85,0
2026-06-01 05:06:00+00:00,23524.75,23533.25,23518.75,23530.35,0
2026-06-01 05:07:00+00:00,23530.35,23534.4,23527.95,23534.4,0
2026-06-01 05:08:00+00:00,23533.9,23553.95,23533.9,23546.35,0
2026-06-01 05:09:00+00:00,23546.7,23547.3,23540.7,23543.05,0
2026-06-01 05:10:00+00:00,23542.3,23547.75,23535.75,23539.35,0
2026-06-01 05:11:00+00:00,23539.05,23547.6,23536.4,23546.45,0
2026-06-01 05:12:00+00:00,23546.2,23552.6,23544.3,23551.4,0
2026-06-01 05:13:00+00:00,23551.65,23555.15,23538.3,23542.95,0
2026-06-01 05:14:00+00:00,23542.35,23544.45,23538.0,23538.25,0
2026-06-01 05:15:00+00:00,23538.2,23544.85,23537.0,23544.85,0
2026-06-01 05:16:00+00:00,23544.3,23556.85,23544.3,23555.35,0
2026-06-01 05:17:00+00:00,23554.25,23562.15,23554.25,23556.7,0
2026-06-01 05:18:00+00:00,23556.8,23570.4,23555.9,23570.35,0
2026-06-01 05:19:00+00:00,23570.15,23578.6,23568.8,23570.7,0
2026-06-01 05:20:00+00:00,23570.2,23574.05,23564.75,23571.15,0
2026-06-01 05:21:00+00:00,23570.7,23580.1,23569.9,23580.1,0
2026-06-01 05:22:00+00:00,23578.9,23588.75,23578.9,23588.7,0
2026-06-01 05:23:00+00:00,23587.9,23592.2,23586.4,23590.9,0
2026-06-01 05:24:00+00:00,23590.3,23593.85,23587.25,23593.65,0
2026-06-01 05:25:00+00:00,23592.45,23595.75,23590.25,23595.05,0
2026-06-01 05:26:00+00:00,23594.6,23597.2,23589.95,23592.1,0
2026-06-01 05:27:00+00:00,23591.35,23594.3,23587.25,23587.25,0
2026-06-01 05:28:00+00:00,23586.5,23589.9,23573.0,23574.65,0
2026-06-01 05:29:00+00:00,23573.75,23576.6,23567.65,23569.75,0
2026-06-01 05:30:00+00:00,23569.95,23587.3,23569.95,23584.95,0
2026-06-01 05:31:00+00:00,23584.9,23596.2,23584.9,23592.85,0
2026-06-01 05:32:00+00:00,23592.2,23595.15,23587.9,23590.2,0
2026-06-01 05:33:00+00:00,23589.8,23591.45,23586.75,23589.2,0
2026-06-01 05:34:00+00:00,23588.7,23594.6,23588.7,23593.25,0
2026-06-01 05:35:00+00:00,23592.2,23595.2,23587.25,23587.25,0
2026-06-01 05:36:00+00:00,23586.55,23591.75,23586.15,23590.1,0
2026-06-01 05:37:00+00:00,23589.3,23594.7,23589.3,23594.4,0
2026-06-01 05:38:00+00:00,23593.5,23597.1,23588.15,23595.65,0
2026-06-01 05:39:00+00:00,23595.05,23613.4,23594.65,23610.05,0
2026-06-01 05:40:00+00:00,23609.45,23615.5,23609.3,23609.7,0
2026-06-01 05:41:00+00:00,23608.6,23610.65,23601.15,23602.85,0
2026-06-01 05:42:00+00:00,23602.35,23607.45,23602.1,23606.0,0
2026-06-01 05:43:00+00:00,23605.2,23610.9,23603.2,23603.65,0
2026-06-01 05:44:00+00:00,23603.7,23611.75,23603.05,23606.2,0
2026-06-01 05:45:00+00:00,23605.4,23608.35,23601.45,23602.15,0
2026-06-01 05:46:00+00:00,23601.8,23604.4,23597.45,23599.4,0
2026-06-01 05:47:00+00:00,23599.55,23611.55,23599.0,23611.3,0
2026-06-01 05:48:00+00:00,23611.1,23619.25,23605.45,23607.4,0
2026-06-01 05:49:00+00:00,23607.85,23613.15,23605.1,23607.9,0
2026-06-01 05:50:00+00:00,23607.05,23607.6,23599.15,23600.0,0
2026-06-01 05:51:00+00:00,23598.95,23600.8,23592.6,23595.4,0
2026-06-01 05:52:00+00:00,23594.55,23596.75,23587.6,23588.6,0
2026-06-01 05:53:00+00:00,23588.65,23590.6,23585.55,23586.4,0
2026-06-01 05:54:00+00:00,23585.55,23589.75,23580.85,23581.05,0
2026-06-01 05:55:00+00:00,23580.3,23583.7,23580.2,23581.0,0
2026-06-01 05:56:00+00:00,23579.9,23584.0,23574.8,23576.0,0
2026-06-01 05:57:00+00:00,23574.85,23577.15,23571.5,23574.65,0
2026-06-01 05:58:00+00:00,23573.85,23575.05,23569.5,23572.75,0
2026-06-01 05:59:00+00:00,23572.0,23573.05,23558.45,23559.15,0
2026-06-01 06:00:00+00:00,23558.6,23561.85,23556.65,23559.25,0
2026-06-01 06:01:00+00:00,23558.95,23560.95,23556.5,23560.65,0
2026-06-01 06:02:00+00:00,23559.95,23561.4,23547.95,23549.35,0
2026-06-01 06:03:00+00:00,23548.45,23549.75,23540.25,23541.55,0
2026-06-01 06:04:00+00:00,23540.7,23547.25,23539.0,23545.0,0
2026-06-01 06:05:00+00:00,23544.85,23554.25,23542.85,23553.95,0
2026-06-01 06:06:00+00:00,23553.2,23558.25,23545.85,23547.1,0
2026-06-01 06:07:00+00:00,23546.75,23556.6,23546.75,23556.6,0
2026-06-01 06:08:00+00:00,23556.25,23570.1,23555.9,23568.5,0
2026-06-01 06:09:00+00:00,23568.2,23569.2,23559.75,23567.5,0
2026-06-01 06:10:00+00:00,23567.3,23568.75,23563.35,23564.0,0
2026-06-01 06:11:00+00:00,23562.95,23565.6,23562.7,23564.9,0
2026-06-01 06:12:00+00:00,23564.1,23567.85,23554.1,23555.3,0
2026-06-01 06:13:00+00:00,23553.65,23558.05,23553.65,23555.6,0
2026-06-01 06:14:00+00:00,23554.8,23556.55,23548.9,23550.0,0
2026-06-01 06:15:00+00:00,23549.75,23551.05,23539.75,23540.35,0
2026-06-01 06:16:00+00:00,23539.45,23543.95,23534.7,23543.75,0
2026-06-01 06:17:00+00:00,23543.6,23549.65,23540.95,23549.65,0
2026-06-01 06:18:00+00:00,23549.15,23552.55,23547.4,23550.95,0
2026-06-01 06:19:00+00:00,23550.4,23555.8,23548.5,23554.35,0
2026-06-01 06:20:00+00:00,23553.4,23561.15,23549.5,23559.85,0
2026-06-01 06:21:00+00:00,23559.65,23562.2,23553.8,23555.25,0
2026-06-01 06:22:00+00:00,23554.6,23559.15,23553.45,23557.8,0
2026-06-01 06:23:00+00:00,23557.3,23560.3,23548.7,23550.45,0
2026-06-01 06:24:00+00:00,23550.05,23556.9,23549.9,23554.75,0
2026-06-01 06:25:00+00:00,23554.8,23555.2,23544.55,23548.9,0
2026-06-01 06:26:00+00:00,23549.5,23551.15,23538.1,23538.1,0
2026-06-01 06:27:00+00:00,23538.3,23539.7,23526.5,23527.85,0
2026-06-01 06:28:00+00:00,23524.35,23525.35,23506.65,23507.05,0
2026-06-01 06:29:00+00:00,23507.3,23509.65,23491.85,23493.75,0
2026-06-01 06:30:00+00:00,23493.65,23500.8,23489.2,23494.7,0
2026-06-01 06:31:00+00:00,23495.0,23497.45,23486.0,23493.0,0
2026-06-01 06:32:00+00:00,23494.2,23504.1,23488.1,23503.9,0
2026-06-01 06:33:00+00:00,23503.3,23504.9,23491.35,23496.8,0
2026-06-01 06:34:00+00:00,23497.25,23502.4,23496.5,23499.25,0
2026-06-01 06:35:00+00:00,23498.3,23507.75,23498.3,23503.7,0
2026-06-01 06:36:00+00:00,23502.25,23520.25,23498.3,23515.7,0
2026-06-01 06:37:00+00:00,23515.15,23518.0,23509.15,23509.15,0
2026-06-01 06:38:00+00:00,23508.5,23516.1,23508.5,23511.55,0
2026-06-01 06:39:00+00:00,23511.3,23511.8,23505.0,23506.05,0
2026-06-01 06:40:00+00:00,23506.9,23508.9,23499.75,23504.8,0
2026-06-01 06:41:00+00:00,23504.6,23511.15,23502.95,23504.55,0
2026-06-01 06:42:00+00:00,23504.15,23512.65,23504.0,23512.0,0
2026-06-01 06:43:00+00:00,23511.75,23524.85,23511.75,23523.65,0
2026-06-01 06:44:00+00:00,23522.85,23533.35,23522.85,23530.0,0
2026-06-01 06:45:00+00:00,23529.35,23530.15,23519.35,23523.0,0
2026-06-01 06:46:00+00:00,23522.55,23528.45,23521.75,23521.75,0
2026-06-01 06:47:00+00:00,23521.7,23523.85,23514.65,23517.25,0
2026-06-01 06:48:00+00:00,23516.35,23531.2,23515.9,23529.75,0
2026-06-01 06:49:00+00:00,23529.5,23533.15,23528.15,23528.75,0
2026-06-01 06:50:00+00:00,23527.85,23528.9,23515.9,23516.1,0
2026-06-01 06:51:00+00:00,23515.95,23517.6,23510.65,23514.45,0
2026-06-01 06:52:00+00:00,23514.8,23530.85,23514.4,23524.1,0
2026-06-01 06:53:00+00:00,23524.5,23526.2,23518.0,23518.0,0
2026-06-01 06:54:00+00:00,23517.55,23519.35,23514.9,23518.85,0
2026-06-01 06:55:00+00:00,23518.1,23520.95,23516.65,23516.75,0
2026-06-01 06:56:00+00:00,23517.35,23525.4,23515.6,23523.35,0
2026-06-01 06:57:00+00:00,23522.85,23524.15,23519.05,23519.5,0
2026-06-01 06:58:00+00:00,23518.85,23521.2,23515.1,23515.35,0
2026-06-01 06:59:00+00:00,23514.45,23519.35,23514.45,23516.95,0
2026-06-01 07:00:00+00:00,23516.4,23522.7,23514.65,23518.75,0
2026-06-01 07:01:00+00:00,23518.55,23520.15,23515.7,23518.7,0
2026-06-01 07:02:00+00:00,23518.6,23520.2,23511.05,23512.55,0
2026-06-01 07:03:00+00:00,23512.6,23514.1,23509.1,23511.85,0
2026-06-01 07:04:00+00:00,23510.5,23516.8,23510.45,23513.4,0
2026-06-01 07:05:00+00:00,23512.95,23521.3,23511.1,23518.55,0
2026-06-01 07:06:00+00:00,23518.45,23524.95,23518.45,23521.2,0
2026-06-01 07:07:00+00:00,23520.85,23521.3,23516.75,23518.7,0
2026-06-01 07:08:00+00:00,23518.15,23526.0,23517.2,23517.75,0
2026-06-01 07:09:00+00:00,23517.5,23519.25,23512.8,23514.65,0
2026-06-01 07:10:00+00:00,23514.35,23515.9,23509.55,23510.1,0
2026-06-01 07:11:00+00:00,23510.05,23511.5,23502.95,23507.8,0
2026-06-01 07:12:00+00:00,23507.3,23515.6,23505.85,23512.85,0
2026-06-01 07:13:00+00:00,23513.1,23513.95,23506.45,23511.15,0
2026-06-01 07:14:00+00:00,23510.9,23515.85,23509.4,23515.85,0
2026-06-01 07:15:00+00:00,23515.05,23520.8,23515.05,23516.65,0
2026-06-01 07:16:00+00:00,23516.9,23518.4,23514.05,23518.2,0
2026-06-01 07:17:00+00:00,23518.85,23531.9,23518.85,23531.8,0
2026-06-01 07:18:00+00:00,23530.7,23536.95,23530.7,23531.75,0
2026-06-01 07:19:00+00:00,23531.35,23533.65,23525.05,23532.8,0
2026-06-01 07:20:00+00:00,23532.3,23535.85,23528.6,23530.9,0
2026-06-01 07:21:00+00:00,23530.9,23535.75,23530.15,23530.95,0
2026-06-01 07:22:00+00:00,23531.45,23532.65,23524.55,23524.8,0
2026-06-01 07:23:00+00:00,23525.1,23529.5,23522.05,23527.95,0
2026-06-01 07:24:00+00:00,23527.7,23533.75,23525.8,23528.2,0
2026-06-01 07:25:00+00:00,23528.0,23531.45,23518.75,23523.55,0
2026-06-01 07:26:00+00:00,23522.6,23525.25,23516.4,23517.75,0
2026-06-01 07:27:00+00:00,23517.35,23518.1,23513.05,23514.9,0
2026-06-01 07:28:00+00:00,23514.3,23515.65,23499.25,23504.8,0
2026-06-01 07:29:00+00:00,23504.7,23515.15,23504.4,23513.45,0
2026-06-01 07:30:00+00:00,23513.05,23520.75,23510.35,23510.5,0
2026-06-01 07:31:00+00:00,23509.9,23511.1,23502.5,23502.6,0
2026-06-01 07:32:00+00:00,23501.9,23503.6,23494.7,23497.15,0
2026-06-01 07:33:00+00:00,23496.35,23497.65,23491.8,23492.05,0
2026-06-01 07:34:00+00:00,23491.95,23499.3,23491.95,23496.5,0
2026-06-01 07:35:00+00:00,23495.7,23501.3,23495.7,23498.55,0
2026-06-01 07:36:00+00:00,23497.85,23500.3,23492.7,23493.2,0
2026-06-01 07:37:00+00:00,23492.4,23501.4,23492.4,23495.1,0
2026-06-01 07:38:00+00:00,23494.85,23496.6,23473.5,23481.95,0
2026-06-01 07:39:00+00:00,23481.7,23483.55,23477.9,23478.65,0
2026-06-01 07:40:00+00:00,23477.35,23479.05,23468.95,23468.95,0
2026-06-01 07:41:00+00:00,23468.5,23471.55,23456.6,23456.7,0
2026-06-01 07:42:00+00:00,23456.1,23463.1,23453.25,23460.8,0
2026-06-01 07:43:00+00:00,23460.4,23464.25,23454.6,23459.0,0
2026-06-01 07:44:00+00:00,23458.35,23468.05,23458.35,23460.65,0
2026-06-01 07:45:00+00:00,23459.95,23469.25,23458.15,23467.85,0
2026-06-01 07:46:00+00:00,23467.5,23472.9,23465.85,23471.7,0
2026-06-01 07:47:00+00:00,23471.2,23474.25,23467.15,23467.2,0
2026-06-01 07:48:00+00:00,23466.95,23470.8,23465.55,23469.75,0
2026-06-01 07:49:00+00:00,23469.55,23478.35,23469.3,23474.25,0
2026-06-01 07:50:00+00:00,23473.05,23479.1,23473.05,23475.35,0
2026-06-01 07:51:00+00:00,23474.4,23475.9,23467.6,23468.9,0
2026-06-01 07:52:00+00:00,23469.05,23472.05,23468.9,23470.3,0
2026-06-01 07:53:00+00:00,23469.9,23476.8,23469.1,23471.35,0
2026-06-01 07:54:00+00:00,23471.1,23472.7,23468.85,23469.0,0
2026-06-01 07:55:00+00:00,23469.0,23476.95,23467.5,23473.85,0
2026-06-01 07:56:00+00:00,23473.6,23475.55,23465.75,23466.8,0
2026-06-01 07:57:00+00:00,23466.15,23473.25,23464.2,23471.7,0
2026-06-01 07:58:00+00:00,23471.1,23474.3,23468.8,23473.4,0
2026-06-01 07:59:00+00:00,23473.2,23486.45,23471.85,23483.5,0
2026-06-01 08:00:00+00:00,23482.3,23484.55,23477.6,23478.7,0
2026-06-01 08:01:00+00:00,23478.4,23480.9,23476.0,23476.45,0
2026-06-01 08:02:00+00:00,23476.15,23488.5,23476.15,23488.45,0
2026-06-01 08:03:00+00:00,23488.15,23500.4,23488.15,23494.8,0
2026-06-01 08:04:00+00:00,23494.1,23495.15,23485.7,23485.7,0
2026-06-01 08:05:00+00:00,23484.95,23486.9,23479.5,23484.75,0
2026-06-01 08:06:00+00:00,23484.55,23489.35,23482.95,23487.15,0
2026-06-01 08:07:00+00:00,23486.55,23492.3,23483.25,23483.6,0
2026-06-01 08:08:00+00:00,23483.45,23484.65,23475.2,23476.15,0
2026-06-01 08:09:00+00:00,23475.8,23491.25,23475.75,23488.15,0
2026-06-01 08:10:00+00:00,23487.35,23489.15,23477.25,23482.2,0
2026-06-01 08:11:00+00:00,23482.05,23485.15,23481.35,23484.05,0
2026-06-01 08:12:00+00:00,23483.85,23491.1,23483.85,23487.4,0
2026-06-01 08:13:00+00:00,23487.35,23489.15,23482.3,23483.55,0
2026-06-01 08:14:00+00:00,23483.05,23487.1,23482.25,23482.95,0
2026-06-01 08:15:00+00:00,23481.85,23483.55,23471.55,23473.25,0
2026-06-01 08:16:00+00:00,23472.75,23476.7,23471.8,23475.85,0
2026-06-01 08:17:00+00:00,23475.4,23479.7,23473.55,23474.1,0
2026-06-01 08:18:00+00:00,23472.85,23475.7,23461.75,23462.0,0
2026-06-01 08:19:00+00:00,23461.0,23464.05,23457.6,23462.1,0
2026-06-01 08:20:00+00:00,23461.95,23464.5,23458.25,23463.1,0
2026-06-01 08:21:00+00:00,23462.65,23465.4,23458.5,23458.5,0
2026-06-01 08:22:00+00:00,23458.6,23462.5,23455.8,23456.5,0
2026-06-01 08:23:00+00:00,23455.85,23458.05,23449.6,23451.95,0
2026-06-01 08:24:00+00:00,23451.45,23454.9,23447.7,23452.95,0
2026-06-01 08:25:00+00:00,23452.65,23464.2,23451.65,23459.45,0
2026-06-01 08:26:00+00:00,23458.5,23461.3,23452.7,23452.7,0
2026-06-01 08:27:00+00:00,23452.85,23457.25,23450.5,23455.75,0
2026-06-01 08:28:00+00:00,23455.15,23457.1,23450.95,23452.25,0
2026-06-01 08:29:00+00:00,23452.6,23459.1,23450.85,23456.1,0
2026-06-01 08:30:00+00:00,23456.35,23459.6,23452.4,23453.15,0
2026-06-01 08:31:00+00:00,23452.1,23454.2,23439.4,23441.1,0
2026-06-01 08:32:00+00:00,23440.35,23443.45,23432.5,23432.85,0
2026-06-01 08:33:00+00:00,23432.6,23447.35,23429.05,23444.95,0
2026-06-01 08:34:00+00:00,23444.7,23446.9,23439.15,23442.65,0
2026-06-01 08:35:00+00:00,23442.9,23445.25,23438.4,23439.4,0
2026-06-01 08:36:00+00:00,23439.15,23440.7,23432.35,23433.4,0
2026-06-01 08:37:00+00:00,23433.05,23435.25,23424.65,23426.95,0
2026-06-01 08:38:00+00:00,23427.65,23432.75,23426.95,23430.1,0
2026-06-01 08:39:00+00:00,23430.25,23431.6,23423.5,23425.05,0
2026-06-01 08:40:00+00:00,23425.55,23430.3,23425.0,23428.1,0
2026-06-01 08:41:00+00:00,23427.75,23431.75,23427.45,23429.65,0
2026-06-01 08:42:00+00:00,23429.5,23434.2,23427.1,23427.85,0
2026-06-01 08:43:00+00:00,23427.8,23429.2,23422.55,23423.7,0
2026-06-01 08:44:00+00:00,23422.5,23424.45,23413.0,23416.95,0
2026-06-01 08:45:00+00:00,23417.05,23420.3,23409.85,23410.65,0
2026-06-01 08:46:00+00:00,23410.65,23413.85,23408.5,23411.1,0
2026-06-01 08:47:00+00:00,23411.25,23414.0,23406.15,23407.2,0
2026-06-01 08:48:00+00:00,23406.4,23407.7,23401.55,23403.7,0
2026-06-01 08:49:00+00:00,23403.3,23428.3,23403.05,23425.1,0
2026-06-01 08:50:00+00:00,23422.55,23422.85,23408.65,23411.2,0
2026-06-01 08:51:00+00:00,23410.65,23412.8,23406.5,23411.65,0
2026-06-01 08:52:00+00:00,23411.25,23419.2,23405.2,23405.45,0
2026-06-01 08:53:00+00:00,23405.65,23407.4,23399.3,23399.65,0
2026-06-01 08:54:00+00:00,23399.1,23400.3,23390.75,23393.05,0
2026-06-01 08:55:00+00:00,23392.4,23404.65,23392.4,23404.15,0
2026-06-01 08:56:00+00:00,23404.0,23407.25,23402.6,23403.4,0
2026-06-01 08:57:00+00:00,23403.15,23405.95,23398.65,23402.35,0
2026-06-01 08:58:00+00:00,23402.55,23403.85,23389.65,23392.25,0
2026-06-01 08:59:00+00:00,23391.8,23398.1,23389.6,23395.0,0
2026-06-01 09:00:00+00:00,23394.1,23405.05,23394.1,23403.75,0
2026-06-01 09:01:00+00:00,23404.35,23406.05,23387.6,23387.65,0
2026-06-01 09:02:00+00:00,23387.1,23390.5,23379.95,23389.75,0
2026-06-01 09:03:00+00:00,23389.6,23401.05,23387.2,23398.5,0
2026-06-01 09:04:00+00:00,23398.05,23401.25,23393.2,23394.6,0
2026-06-01 09:05:00+00:00,23394.75,23403.15,23394.75,23400.3,0
2026-06-01 09:06:00+00:00,23400.1,23413.55,23398.95,23407.35,0
2026-06-01 09:07:00+00:00,23406.9,23414.75,23406.2,23412.6,0
2026-06-01 09:08:00+00:00,23412.1,23418.55,23412.1,23415.65,0
2026-06-01 09:09:00+00:00,23416.3,23421.85,23414.85,23419.95,0
2026-06-01 09:10:00+00:00,23419.75,23422.3,23417.05,23417.75,0
2026-06-01 09:11:00+00:00,23420.15,23420.55,23411.6,23417.0,0
2026-06-01 09:12:00+00:00,23416.6,23422.65,23415.75,23417.95,0
2026-06-01 09:13:00+00:00,23418.05,23421.5,23413.7,23413.8,0
2026-06-01 09:14:00+00:00,23414.4,23417.4,23411.75,23417.3,0
2026-06-01 09:15:00+00:00,23416.75,23421.3,23415.7,23417.2,0
2026-06-01 09:16:00+00:00,23417.6,23427.35,23416.15,23423.15,0
2026-06-01 09:17:00+00:00,23423.25,23424.55,23414.8,23418.9,0
2026-06-01 09:18:00+00:00,23418.45,23426.65,23417.35,23422.7,0
2026-06-01 09:19:00+00:00,23421.9,23422.25,23392.95,23403.45,0
2026-06-01 09:20:00+00:00,23403.95,23405.35,23390.95,23390.95,0
2026-06-01 09:21:00+00:00,23391.6,23395.25,23391.0,23393.2,0
2026-06-01 09:22:00+00:00,23393.55,23393.55,23376.85,23379.55,0
2026-06-01 09:23:00+00:00,23378.4,23379.15,23371.6,23373.8,0
2026-06-01 09:24:00+00:00,23373.65,23385.35,23373.1,23381.35,0
2026-06-01 09:25:00+00:00,23381.3,23383.1,23377.15,23379.65,0
2026-06-01 09:26:00+00:00,23379.0,23382.7,23368.0,23369.25,0
2026-06-01 09:27:00+00:00,23369.35,23374.85,23367.0,23372.85,0
2026-06-01 09:28:00+00:00,23372.6,23372.6,23360.15,23363.85,0
2026-06-01 09:29:00+00:00,23366.0,23383.4,23366.0,23373.7,0
2026-06-01 09:30:00+00:00,23373.95,23373.95,23357.95,23372.6,0
2026-06-01 09:31:00+00:00,23374.45,23382.7,23373.9,23376.7,0
2026-06-01 09:32:00+00:00,23377.15,23385.85,23373.65,23379.95,0
2026-06-01 09:33:00+00:00,23381.0,23384.3,23374.6,23376.0,0
2026-06-01 09:34:00+00:00,23376.65,23393.15,23376.05,23391.65,0
2026-06-01 09:35:00+00:00,23392.5,23393.7,23380.35,23384.35,0
2026-06-01 09:36:00+00:00,23385.75,23387.35,23376.4,23377.3,0
2026-06-01 09:37:00+00:00,23378.6,23386.5,23377.3,23386.05,0
2026-06-01 09:38:00+00:00,23387.45,23396.5,23387.0,23392.6,0
2026-06-01 09:39:00+00:00,23393.35,23410.9,23392.9,23404.35,0
2026-06-01 09:40:00+00:00,23406.05,23412.1,23406.05,23408.6,0
2026-06-01 09:41:00+00:00,23409.5,23409.5,23404.0,23408.25,0
2026-06-01 09:42:00+00:00,23408.95,23409.95,23402.0,23402.4,0
2026-06-01 09:43:00+00:00,23404.0,23404.7,23396.75,23397.7,0
2026-06-01 09:44:00+00:00,23398.65,23399.05,23388.05,23389.25,0
2026-06-01 09:45:00+00:00,23389.4,23393.85,23382.3,23393.4,0
2026-06-01 09:46:00+00:00,23395.3,23402.8,23394.4,23397.9,0
2026-06-01 09:47:00+00:00,23399.25,23399.25,23390.05,23391.05,0
2026-06-01 09:48:00+00:00,23390.85,23392.35,23383.35,23384.85,0
2026-06-01 09:49:00+00:00,23385.7,23385.9,23375.6,23376.85,0
2026-06-01 09:50:00+00:00,23378.2,23382.15,23376.75,23376.9,0
2026-06-01 09:51:00+00:00,23378.25,23378.25,23367.8,23368.0,0
2026-06-01 09:52:00+00:00,23369.9,23369.95,23362.8,23365.35,0
2026-06-01 09:53:00+00:00,23366.1,23368.95,23365.4,23367.2,0
2026-06-01 09:54:00+00:00,23367.65,23371.6,23363.95,23370.9,0
2026-06-01 09:55:00+00:00,23371.3,23374.2,23365.75,23373.1,0
2026-06-01 09:56:00+00:00,23373.45,23374.5,23370.85,23374.2,0
2026-06-01 09:57:00+00:00,23374.7,23389.2,23372.7,23380.6,0
2026-06-01 09:58:00+00:00,23378.3,23383.3,23369.85,23376.05,0
2026-06-01 09:59:00+00:00,23376.6,23386.25,23371.15,23379.2,0
2026-06-02 03:45:00+00:00,23229.15,23286.9,23229.15,23255.65,0
2026-06-02 03:46:00+00:00,23254.7,23257.1,23233.4,23241.7,0
2026-06-02 03:47:00+00:00,23240.5,23249.7,23234.0,23247.4,0
2026-06-02 03:48:00+00:00,23248.0,23270.65,23242.15,23269.35,0
2026-06-02 03:49:00+00:00,23270.55,23287.4,23268.45,23286.5,0
2026-06-02 03:50:00+00:00,23286.5,23288.9,23266.1,23287.3,0
2026-06-02 03:51:00+00:00,23289.75,23290.95,23271.65,23278.6,0
2026-06-02 03:52:00+00:00,23278.8,23284.8,23261.65,23272.8,0
2026-06-02 03:53:00+00:00,23272.4,23283.5,23270.8,23281.7,0
2026-06-02 03:54:00+00:00,23282.1,23286.6,23266.45,23281.6,0
2026-06-02 03:55:00+00:00,23281.5,23283.7,23271.4,23273.15,0
2026-06-02 03:56:00+00:00,23273.1,23297.75,23270.8,23295.25,0
2026-06-02 03:57:00+00:00,23296.5,23297.3,23284.55,23289.75,0
2026-06-02 03:58:00+00:00,23290.2,23294.25,23281.1,23294.25,0
2026-06-02 03:59:00+00:00,23294.75,23295.75,23278.35,23282.1,0
2026-06-02 04:00:00+00:00,23281.3,23282.2,23264.1,23276.9,0
2026-06-02 04:01:00+00:00,23276.5,23288.05,23270.35,23287.85,0
2026-06-02 04:02:00+00:00,23288.05,23288.25,23272.95,23274.1,0
2026-06-02 04:03:00+00:00,23274.45,23274.7,23261.2,23266.55,0
2026-06-02 04:04:00+00:00,23266.45,23283.7,23265.85,23283.7,0
2026-06-02 04:05:00+00:00,23282.8,23297.25,23281.35,23293.3,0
2026-06-02 04:06:00+00:00,23294.25,23297.2,23282.8,23285.35,0
2026-06-02 04:07:00+00:00,23285.3,23299.95,23284.45,23295.4,0
2026-06-02 04:08:00+00:00,23295.55,23299.2,23290.95,23296.2,0
2026-06-02 04:09:00+00:00,23295.9,23304.5,23292.25,23295.7,0
2026-06-02 04:10:00+00:00,23295.05,23307.15,23293.4,23293.9,0
2026-06-02 04:11:00+00:00,23293.5,23294.25,23286.6,23286.75,0
2026-06-02 04:12:00+00:00,23286.25,23287.1,23268.35,23271.2,0
2026-06-02 04:13:00+00:00,23270.6,23289.5,23269.15,23288.4,0
2026-06-02 04:14:00+00:00,23288.0,23302.4,23284.15,23301.95,0
2026-06-02 04:15:00+00:00,23301.7,23304.95,23287.7,23294.95,0
2026-06-02 04:16:00+00:00,23295.25,23301.65,23292.5,23298.35,0
2026-06-02 04:17:00+00:00,23299.15,23299.15,23275.7,23276.9,0
2026-06-02 04:18:00+00:00,23276.65,23278.8,23270.95,23276.85,0
2026-06-02 04:19:00+00:00,23276.95,23284.6,23275.7,23283.35,0
2026-06-02 04:20:00+00:00,23283.0,23289.45,23281.8,23285.3,0
2026-06-02 04:21:00+00:00,23284.65,23291.4,23277.65,23285.55,0
2026-06-02 04:22:00+00:00,23286.35,23296.15,23285.15,23293.55,0
2026-06-02 04:23:00+00:00,23293.6,23311.65,23293.4,23307.9,0
2026-06-02 04:24:00+00:00,23307.95,23313.55,23302.45,23309.85,0
2026-06-02 04:25:00+00:00,23309.6,23321.8,23307.9,23320.0,0
2026-06-02 04:26:00+00:00,23320.15,23321.85,23314.4,23316.4,0
2026-06-02 04:27:00+00:00,23316.15,23322.75,23304.55,23304.65,0
2026-06-02 04:28:00+00:00,23304.15,23310.45,23298.95,23300.3,0
2026-06-02 04:29:00+00:00,23300.55,23316.85,23300.0,23316.2,0
2026-06-02 04:30:00+00:00,23317.0,23320.15,23312.2,23318.4,0
2026-06-02 04:31:00+00:00,23317.9,23320.9,23306.35,23311.25,0
2026-06-02 04:32:00+00:00,23311.3,23319.35,23311.3,23314.65,0
2026-06-02 04:33:00+00:00,23314.2,23317.55,23308.35,23314.3,0
2026-06-02 04:34:00+00:00,23313.4,23319.35,23313.35,23318.55,0
2026-06-02 04:35:00+00:00,23318.4,23325.15,23314.55,23319.1,0
2026-06-02 04:36:00+00:00,23318.9,23321.1,23305.25,23305.25,0
2026-06-02 04:37:00+00:00,23304.4,23307.35,23298.25,23305.9,0
2026-06-02 04:38:00+00:00,23304.95,23307.2,23291.05,23296.45,0
2026-06-02 04:39:00+00:00,23296.95,23303.85,23293.05,23295.45,0
2026-06-02 04:40:00+00:00,23295.95,23298.0,23287.25,23296.35,0
2026-06-02 04:41:00+00:00,23296.15,23298.0,23291.85,23292.05,0
2026-06-02 04:42:00+00:00,23291.9,23296.1,23285.15,23292.55,0
2026-06-02 04:43:00+00:00,23293.7,23294.4,23287.65,23291.95,0
2026-06-02 04:44:00+00:00,23292.65,23292.95,23280.95,23281.4,0
2026-06-02 04:45:00+00:00,23281.95,23283.05,23271.55,23272.3,0
2026-06-02 04:46:00+00:00,23271.8,23271.95,23265.65,23269.6,0
2026-06-02 04:47:00+00:00,23269.15,23287.2,23269.0,23287.2,0
2026-06-02 04:48:00+00:00,23286.35,23304.0,23286.35,23303.2,0
2026-06-02 04:49:00+00:00,23303.8,23309.5,23303.8,23308.4,0
2026-06-02 04:50:00+00:00,23308.65,23316.6,23305.65,23315.05,0
2026-06-02 04:51:00+00:00,23314.95,23319.8,23311.8,23318.85,0
2026-06-02 04:52:00+00:00,23319.45,23332.15,23318.75,23330.95,0
2026-06-02 04:53:00+00:00,23330.05,23354.0,23329.95,23352.35,0
2026-06-02 04:54:00+00:00,23352.0,23361.45,23342.65,23349.75,0
2026-06-02 04:55:00+00:00,23349.25,23356.6,23344.85,23355.35,0
2026-06-02 04:56:00+00:00,23354.95,23366.35,23353.95,23364.8,0
2026-06-02 04:57:00+00:00,23364.75,23374.85,23364.6,23372.2,0
2026-06-02 04:58:00+00:00,23372.5,23375.95,23365.5,23365.5,0
2026-06-02 04:59:00+00:00,23366.6,23374.6,23365.5,23371.0,0
2026-06-02 05:00:00+00:00,23371.2,23373.2,23358.2,23358.2,0
2026-06-02 05:01:00+00:00,23357.7,23358.4,23348.1,23350.8,0
2026-06-02 05:02:00+00:00,23350.7,23353.4,23345.4,23345.55,0
2026-06-02 05:03:00+00:00,23345.75,23346.3,23334.75,23335.85,0
2026-06-02 05:04:00+00:00,23335.65,23347.05,23334.75,23343.85,0
2026-06-02 05:05:00+00:00,23343.6,23343.85,23336.35,23336.8,0
2026-06-02 05:06:00+00:00,23335.95,23347.5,23327.75,23339.25,0
2026-06-02 05:07:00+00:00,23339.35,23346.5,23333.65,23341.65,0
2026-06-02 05:08:00+00:00,23341.3,23348.1,23339.3,23345.8,0
2026-06-02 05:09:00+00:00,23345.7,23353.8,23344.45,23351.2,0
2026-06-02 05:10:00+00:00,23350.35,23354.2,23345.8,23349.4,0
2026-06-02 05:11:00+00:00,23347.9,23356.0,23344.95,23354.55,0
2026-06-02 05:12:00+00:00,23354.3,23358.8,23350.25,23351.4,0
2026-06-02 05:13:00+00:00,23350.4,23354.15,23348.9,23350.3,0
2026-06-02 05:14:00+00:00,23349.85,23353.7,23348.0,23352.35,0
2026-06-02 05:15:00+00:00,23350.45,23352.15,23339.1,23351.65,0
2026-06-02 05:16:00+00:00,23351.55,23351.7,23340.3,23346.15,0
2026-06-02 05:17:00+00:00,23346.65,23347.75,23339.3,23341.55,0
2026-06-02 05:18:00+00:00,23340.9,23345.55,23337.65,23344.35,0
2026-06-02 05:19:00+00:00,23344.8,23345.1,23327.8,23330.7,0
2026-06-02 05:20:00+00:00,23330.85,23337.6,23328.7,23330.1,0
2026-06-02 05:21:00+00:00,23329.75,23333.7,23318.75,23319.5,0
2026-06-02 05:22:00+00:00,23318.4,23319.9,23309.45,23309.45,0
2026-06-02 05:23:00+00:00,23309.9,23309.9,23301.4,23303.2,0
2026-06-02 05:24:00+00:00,23303.1,23305.35,23298.15,23302.6,0
2026-06-02 05:25:00+00:00,23301.7,23302.6,23287.75,23288.0,0
2026-06-02 05:26:00+00:00,23288.9,23293.6,23286.8,23287.4,0
2026-06-02 05:27:00+00:00,23286.95,23293.3,23282.3,23284.0,0
2026-06-02 05:28:00+00:00,23285.25,23287.9,23281.55,23285.55,0
2026-06-02 05:29:00+00:00,23285.65,23308.95,23284.5,23301.15,0
2026-06-02 05:30:00+00:00,23300.6,23310.8,23300.6,23302.85,0
2026-06-02 05:31:00+00:00,23303.7,23307.75,23298.7,23301.6,0
2026-06-02 05:32:00+00:00,23302.45,23308.55,23299.0,23299.9,0
2026-06-02 05:33:00+00:00,23299.4,23302.05,23296.4,23299.0,0
2026-06-02 05:34:00+00:00,23299.6,23302.1,23293.95,23298.85,0
2026-06-02 05:35:00+00:00,23299.4,23304.8,23299.4,23304.35,0
2026-06-02 05:36:00+00:00,23304.4,23308.8,23303.85,23303.85,0
2026-06-02 05:37:00+00:00,23304.75,23306.35,23297.3,23297.4,0
2026-06-02 05:38:00+00:00,23297.35,23299.0,23293.75,23295.8,0
2026-06-02 05:39:00+00:00,23294.9,23297.2,23293.05,23293.35,0
2026-06-02 05:40:00+00:00,23293.4,23302.65,23293.0,23301.7,0
2026-06-02 05:41:00+00:00,23301.0,23302.4,23296.8,23296.8,0
2026-06-02 05:42:00+00:00,23297.1,23311.1,23296.7,23309.6,0
2026-06-02 05:43:00+00:00,23309.4,23314.65,23305.9,23306.05,0
2026-06-02 05:44:00+00:00,23306.3,23310.9,23302.05,23309.65,0
2026-06-02 05:45:00+00:00,23309.45,23313.25,23302.65,23305.05,0
2026-06-02 05:46:00+00:00,23305.45,23308.65,23299.9,23300.75,0
2026-06-02 05:47:00+00:00,23300.65,23305.5,23299.25,23300.35,0
2026-06-02 05:48:00+00:00,23300.05,23301.65,23295.85,23299.0,0
2026-06-02 05:49:00+00:00,23298.8,23310.45,23297.5,23309.45,0
2026-06-02 05:50:00+00:00,23309.4,23327.25,23309.4,23323.85,0
2026-06-02 05:51:00+00:00,23323.75,23326.7,23320.75,23324.15,0
2026-06-02 05:52:00+00:00,23324.05,23337.65,23321.2,23337.65,0
2026-06-02 05:53:00+00:00,23337.15,23352.5,23337.05,23351.55,0
2026-06-02 05:54:00+00:00,23351.3,23363.95,23350.6,23361.35,0
2026-06-02 05:55:00+00:00,23361.2,23362.85,23346.15,23348.45,0
2026-06-02 05:56:00+00:00,23348.85,23350.2,23340.8,23340.95,0
2026-06-02 05:57:00+00:00,23340.8,23343.25,23328.15,23338.15,0
2026-06-02 05:58:00+00:00,23338.15,23339.6,23329.95,23332.85,0
2026-06-02 05:59:00+00:00,23332.65,23341.45,23331.8,23340.45,0
2026-06-02 06:00:00+00:00,23340.2,23343.35,23331.85,23336.75,0
2026-06-02 06:01:00+00:00,23336.75,23344.5,23336.55,23342.95,0
2026-06-02 06:02:00+00:00,23342.6,23343.5,23329.85,23332.95,0
2026-06-02 06:03:00+00:00,23333.45,23335.7,23330.85,23333.7,0
2026-06-02 06:04:00+00:00,23333.6,23338.35,23333.3,23334.55,0
2026-06-02 06:05:00+00:00,23333.45,23335.55,23329.05,23331.8,0
2026-06-02 06:06:00+00:00,23331.5,23332.1,23319.45,23320.55,0
2026-06-02 06:07:00+00:00,23320.95,23321.2,23303.95,23304.7,0
2026-06-02 06:08:00+00:00,23304.55,23307.5,23294.9,23294.9,0
2026-06-02 06:09:00+00:00,23296.0,23297.6,23290.7,23292.3,0
2026-06-02 06:10:00+00:00,23292.0,23300.55,23290.5,23298.85,0
2026-06-02 06:11:00+00:00,23298.95,23304.6,23298.95,23301.3,0
2026-06-02 06:12:00+00:00,23301.25,23311.2,23299.5,23310.8,0
2026-06-02 06:13:00+00:00,23311.3,23315.65,23309.45,23312.85,0
2026-06-02 06:14:00+00:00,23313.2,23314.4,23296.4,23298.3,0
2026-06-02 06:15:00+00:00,23298.3,23305.65,23292.25,23305.2,0
2026-06-02 06:16:00+00:00,23304.7,23306.4,23298.25,23305.85,0
2026-06-02 06:17:00+00:00,23305.9,23307.05,23298.9,23299.2,0
2026-06-02 06:18:00+00:00,23300.1,23300.6,23291.75,23291.75,0
2026-06-02 06:19:00+00:00,23292.75,23305.0,23291.2,23302.8,0
2026-06-02 06:20:00+00:00,23302.85,23306.35,23299.8,23302.8,0
2026-06-02 06:21:00+00:00,23303.4,23306.45,23302.5,23302.65,0
2026-06-02 06:22:00+00:00,23303.25,23310.0,23301.45,23309.45,0
2026-06-02 06:23:00+00:00,23309.6,23310.7,23304.5,23306.65,0
2026-06-02 06:24:00+00:00,23306.6,23307.6,23300.0,23300.3,0
2026-06-02 06:25:00+00:00,23300.35,23300.85,23295.45,23300.05,0
2026-06-02 06:26:00+00:00,23300.7,23303.8,23299.7,23301.4,0
2026-06-02 06:27:00+00:00,23303.55,23304.9,23301.25,23301.45,0
2026-06-02 06:28:00+00:00,23301.55,23301.55,23292.7,23293.85,0
2026-06-02 06:29:00+00:00,23294.0,23294.6,23280.75,23284.1,0
2026-06-02 06:30:00+00:00,23283.45,23289.5,23276.6,23289.5,0
2026-06-02 06:31:00+00:00,23289.75,23296.2,23288.45,23291.95,0
2026-06-02 06:32:00+00:00,23291.7,23297.1,23290.6,23290.6,0
2026-06-02 06:33:00+00:00,23291.25,23295.7,23289.15,23294.95,0
2026-06-02 06:34:00+00:00,23295.5,23300.65,23287.0,23287.65,0
2026-06-02 06:35:00+00:00,23287.4,23287.85,23278.25,23282.5,0
2026-06-02 06:36:00+00:00,23283.5,23295.4,23283.5,23290.95,0
2026-06-02 06:37:00+00:00,23291.95,23294.95,23287.85,23294.05,0
2026-06-02 06:38:00+00:00,23294.2,23301.4,23293.5,23300.65,0
2026-06-02 06:39:00+00:00,23300.45,23304.4,23298.75,23302.55,0
2026-06-02 06:40:00+00:00,23301.85,23302.5,23293.3,23296.45,0
2026-06-02 06:41:00+00:00,23296.65,23297.9,23292.65,23293.9,0
2026-06-02 06:42:00+00:00,23293.95,23302.5,23292.7,23300.7,0
2026-06-02 06:43:00+00:00,23301.55,23302.65,23287.5,23287.95,0
2026-06-02 06:44:00+00:00,23288.15,23289.1,23276.6,23279.3,0
2026-06-02 06:45:00+00:00,23279.7,23289.1,23278.6,23287.75,0
2026-06-02 06:46:00+00:00,23287.85,23289.3,23285.35,23286.55,0
2026-06-02 06:47:00+00:00,23286.4,23294.5,23286.4,23288.8,0
2026-06-02 06:48:00+00:00,23288.95,23296.6,23283.7,23291.35,0
2026-06-02 06:49:00+00:00,23290.7,23292.6,23284.45,23287.8,0
2026-06-02 06:50:00+00:00,23287.95,23291.3,23283.7,23290.3,0
2026-06-02 06:51:00+00:00,23290.25,23292.85,23286.4,23287.0,0
2026-06-02 06:52:00+00:00,23287.65,23291.1,23286.55,23289.35,0
2026-06-02 06:53:00+00:00,23287.75,23293.45,23287.3,23289.9,0
2026-06-02 06:54:00+00:00,23289.8,23294.45,23284.9,23286.65,0
2026-06-02 06:55:00+00:00,23286.85,23297.35,23284.55,23290.3,0
2026-06-02 06:56:00+00:00,23289.0,23293.1,23286.35,23286.35,0
2026-06-02 06:57:00+00:00,23285.15,23289.85,23284.1,23286.85,0
2026-06-02 06:58:00+00:00,23287.35,23292.8,23275.35,23276.5,0
2026-06-02 06:59:00+00:00,23275.7,23279.45,23270.95,23274.75,0
2026-06-02 07:00:00+00:00,23274.85,23281.75,23271.45,23279.9,0
2026-06-02 07:01:00+00:00,23279.7,23280.85,23275.2,23278.2,0
2026-06-02 07:02:00+00:00,23278.3,23303.25,23278.05,23302.7,0
2026-06-02 07:03:00+00:00,23302.5,23333.7,23301.8,23331.9,0
2026-06-02 07:04:00+00:00,23332.25,23350.0,23328.3,23332.0,0
2026-06-02 07:05:00+00:00,23331.25,23335.45,23325.0,23328.15,0
2026-06-02 07:06:00+00:00,23328.2,23339.4,23319.4,23338.35,0
2026-06-02 07:07:00+00:00,23337.7,23343.35,23337.5,23338.5,0
2026-06-02 07:08:00+00:00,23338.65,23342.95,23333.45,23333.8,0
2026-06-02 07:09:00+00:00,23333.95,23341.1,23331.3,23337.75,0
2026-06-02 07:10:00+00:00,23338.0,23340.9,23335.9,23340.4,0
2026-06-02 07:11:00+00:00,23340.9,23347.4,23336.6,23345.2,0
2026-06-02 07:12:00+00:00,23344.9,23349.25,23342.1,23344.8,0
2026-06-02 07:13:00+00:00,23344.9,23358.75,23343.45,23358.75,0
2026-06-02 07:14:00+00:00,23360.4,23374.6,23358.4,23371.3,0
2026-06-02 07:15:00+00:00,23371.4,23400.45,23370.6,23399.8,0
2026-06-02 07:16:00+00:00,23399.65,23424.6,23397.95,23421.8,0
2026-06-02 07:17:00+00:00,23422.35,23431.55,23419.65,23429.8,0
2026-06-02 07:18:00+00:00,23429.75,23433.15,23420.15,23428.0,0
2026-06-02 07:19:00+00:00,23428.45,23434.5,23420.2,23426.15,0
2026-06-02 07:20:00+00:00,23425.1,23448.7,23425.1,23446.75,0
2026-06-02 07:21:00+00:00,23446.6,23449.75,23435.9,23441.3,0
2026-06-02 07:22:00+00:00,23441.05,23447.2,23438.65,23444.05,0
2026-06-02 07:23:00+00:00,23444.15,23448.35,23424.75,23430.65,0
2026-06-02 07:24:00+00:00,23430.9,23434.55,23419.25,23434.35,0
2026-06-02 07:25:00+00:00,23432.95,23444.25,23429.6,23441.45,0
2026-06-02 07:26:00+00:00,23440.6,23448.75,23439.05,23444.55,0
2026-06-02 07:27:00+00:00,23443.6,23467.4,23437.3,23465.75,0
2026-06-02 07:28:00+00:00,23467.85,23470.8,23451.2,23459.65,0
2026-06-02 07:29:00+00:00,23460.85,23466.2,23450.85,23456.9,0
2026-06-02 07:30:00+00:00,23458.8,23459.8,23438.4,23438.95,0
2026-06-02 07:31:00+00:00,23439.3,23449.5,23439.3,23446.0,0
2026-06-02 07:32:00+00:00,23445.8,23455.4,23441.5,23454.05,0
2026-06-02 07:33:00+00:00,23454.5,23455.25,23444.55,23449.9,0
2026-06-02 07:34:00+00:00,23449.65,23454.9,23446.1,23452.6,0
2026-06-02 07:35:00+00:00,23452.45,23453.95,23448.1,23449.65,0
2026-06-02 07:36:00+00:00,23449.25,23458.6,23448.35,23454.3,0
2026-06-02 07:37:00+00:00,23454.9,23470.4,23454.9,23459.5,0
2026-06-02 07:38:00+00:00,23458.8,23463.6,23455.1,23457.0,0
2026-06-02 07:39:00+00:00,23457.75,23461.1,23454.95,23457.4,0
2026-06-02 07:40:00+00:00,23457.2,23460.35,23453.1,23458.45,0
2026-06-02 07:41:00+00:00,23458.1,23459.75,23451.85,23459.1,0
2026-06-02 07:42:00+00:00,23459.2,23495.65,23453.65,23492.25,0
2026-06-02 07:43:00+00:00,23494.55,23499.25,23471.7,23480.6,0
2026-06-02 07:44:00+00:00,23479.95,23480.45,23464.05,23474.25,0
2026-06-02 07:45:00+00:00,23474.25,23483.05,23472.55,23475.2,0
2026-06-02 07:46:00+00:00,23475.65,23483.6,23473.35,23478.75,0
2026-06-02 07:47:00+00:00,23478.55,23480.35,23471.4,23479.05,0
2026-06-02 07:48:00+00:00,23478.85,23480.3,23467.45,23467.7,0
2026-06-02 07:49:00+00:00,23466.85,23476.55,23466.05,23467.1,0
2026-06-02 07:50:00+00:00,23466.9,23469.2,23456.8,23463.15,0
2026-06-02 07:51:00+00:00,23462.7,23480.05,23462.7,23479.6,0
2026-06-02 07:52:00+00:00,23479.75,23482.0,23473.6,23479.7,0
2026-06-02 07:53:00+00:00,23480.1,23481.2,23476.15,23478.15,0
2026-06-02 07:54:00+00:00,23478.05,23486.9,23476.75,23486.9,0
2026-06-02 07:55:00+00:00,23487.15,23488.4,23479.75,23480.75,0
2026-06-02 07:56:00+00:00,23482.1,23488.3,23480.15,23487.5,0
2026-06-02 07:57:00+00:00,23487.5,23491.95,23480.65,23490.4,0
2026-06-02 07:58:00+00:00,23490.45,23491.65,23487.0,23488.0,0
2026-06-02 07:59:00+00:00,23488.1,23503.65,23487.05,23502.95,0
2026-06-02 08:00:00+00:00,23502.7,23517.1,23502.7,23514.7,0
2026-06-02 08:01:00+00:00,23514.45,23523.6,23512.5,23515.2,0
2026-06-02 08:02:00+00:00,23516.15,23518.45,23512.8,23517.8,0
2026-06-02 08:03:00+00:00,23517.75,23522.45,23515.65,23521.9,0
2026-06-02 08:04:00+00:00,23521.95,23535.05,23520.0,23529.85,0
2026-06-02 08:05:00+00:00,23529.6,23531.05,23510.45,23511.95,0
2026-06-02 08:06:00+00:00,23511.65,23520.7,23511.65,23517.55,0
2026-06-02 08:07:00+00:00,23517.85,23522.7,23515.25,23518.15,0
2026-06-02 08:08:00+00:00,23518.35,23520.0,23508.65,23513.25,0
2026-06-02 08:09:00+00:00,23513.9,23514.8,23502.3,23507.5,0
2026-06-02 08:10:00+00:00,23507.85,23509.3,23505.1,23507.55,0
2026-06-02 08:11:00+00:00,23507.5,23508.55,23492.6,23493.95,0
2026-06-02 08:12:00+00:00,23493.8,23510.95,23493.8,23509.95,0
2026-06-02 08:13:00+00:00,23508.95,23510.65,23505.05,23505.7,0
2026-06-02 08:14:00+00:00,23506.3,23507.45,23499.7,23500.5,0
2026-06-02 08:15:00+00:00,23500.7,23508.45,23500.25,23506.6,0
2026-06-02 08:16:00+00:00,23507.2,23514.8,23504.1,23513.5,0
2026-06-02 08:17:00+00:00,23513.0,23517.2,23510.75,23512.5,0
2026-06-02 08:18:00+00:00,23512.55,23517.7,23510.35,23515.75,0
2026-06-02 08:19:00+00:00,23514.7,23523.75,23514.7,23520.6,0
2026-06-02 08:20:00+00:00,23520.8,23521.75,23513.4,23513.9,0
2026-06-02 08:21:00+00:00,23513.9,23519.9,23513.9,23519.85,0
2026-06-02 08:22:00+00:00,23520.05,23530.05,23519.55,23523.3,0
2026-06-02 08:23:00+00:00,23524.3,23525.9,23506.45,23510.75,0
2026-06-02 08:24:00+00:00,23510.7,23520.6,23509.05,23517.85,0
2026-06-02 08:25:00+00:00,23517.75,23522.55,23508.6,23510.1,0
2026-06-02 08:26:00+00:00,23509.85,23512.55,23506.9,23508.2,0
2026-06-02 08:27:00+00:00,23507.8,23518.7,23504.95,23518.0,0
2026-06-02 08:28:00+00:00,23518.2,23518.9,23512.95,23517.7,0
2026-06-02 08:29:00+00:00,23518.0,23521.45,23513.35,23515.15,0
2026-06-02 08:30:00+00:00,23514.3,23519.65,23512.45,23517.5,0
2026-06-02 08:31:00+00:00,23517.5,23520.5,23513.4,23517.5,0
2026-06-02 08:32:00+00:00,23517.25,23520.95,23515.1,23516.0,0
2026-06-02 08:33:00+00:00,23516.2,23520.65,23514.45,23520.65,0
2026-06-02 08:34:00+00:00,23520.2,23528.25,23520.2,23527.8,0
2026-06-02 08:35:00+00:00,23527.8,23530.05,23523.1,23525.7,0
2026-06-02 08:36:00+00:00,23525.55,23534.7,23524.95,23531.75,0
2026-06-02 08:37:00+00:00,23531.05,23536.1,23530.4,23531.8,0
2026-06-02 08:38:00+00:00,23532.2,23537.0,23528.95,23533.45,0
2026-06-02 08:39:00+00:00,23534.3,23546.2,23531.7,23544.7,0
2026-06-02 08:40:00+00:00,23544.5,23546.8,23534.0,23545.25,0
2026-06-02 08:41:00+00:00,23544.85,23546.6,23535.95,23541.15,0
2026-06-02 08:42:00+00:00,23541.4,23545.6,23540.85,23543.25,0
2026-06-02 08:43:00+00:00,23542.9,23544.9,23539.7,23540.1,0
2026-06-02 08:44:00+00:00,23540.15,23542.4,23536.55,23539.65,0
2026-06-02 08:45:00+00:00,23540.1,23545.2,23539.5,23541.55,0
2026-06-02 08:46:00+00:00,23541.6,23542.6,23519.5,23528.4,0
2026-06-02 08:47:00+00:00,23528.8,23529.55,23525.3,23528.05,0
2026-06-02 08:48:00+00:00,23528.4,23531.4,23525.65,23529.3,0
2026-06-02 08:49:00+00:00,23528.95,23531.15,23512.15,23514.6,0
2026-06-02 08:50:00+00:00,23514.15,23526.05,23510.45,23525.45,0
2026-06-02 08:51:00+00:00,23525.2,23527.9,23521.65,23527.55,0
2026-06-02 08:52:00+00:00,23527.1,23548.55,23527.1,23547.45,0
2026-06-02 08:53:00+00:00,23547.05,23556.95,23540.5,23548.2,0
2026-06-02 08:54:00+00:00,23547.15,23551.55,23533.7,23541.1,0
2026-06-02 08:55:00+00:00,23541.7,23543.85,23516.0,23520.9,0
2026-06-02 08:56:00+00:00,23520.6,23541.85,23520.6,23537.25,0
2026-06-02 08:57:00+00:00,23536.15,23542.25,23532.7,23535.4,0
2026-06-02 08:58:00+00:00,23535.2,23541.35,23532.4,23534.8,0
2026-06-02 08:59:00+00:00,23535.15,23538.15,23514.85,23516.75,0
2026-06-02 09:00:00+00:00,23517.0,23522.15,23508.3,23518.45,0
2026-06-02 09:01:00+00:00,23519.85,23531.45,23518.1,23526.1,0
2026-06-02 09:02:00+00:00,23525.35,23528.9,23519.55,23520.95,0
2026-06-02 09:03:00+00:00,23520.7,23522.45,23517.35,23519.85,0
2026-06-02 09:04:00+00:00,23520.5,23535.3,23520.35,23527.65,0
2026-06-02 09:05:00+00:00,23527.35,23529.6,23522.15,23526.15,0
2026-06-02 09:06:00+00:00,23525.5,23527.6,23507.3,23507.3,0
2026-06-02 09:07:00+00:00,23506.65,23508.0,23494.25,23500.95,0
2026-06-02 09:08:00+00:00,23500.35,23505.6,23490.6,23494.6,0
2026-06-02 09:09:00+00:00,23493.75,23497.2,23478.45,23478.45,0
2026-06-02 09:10:00+00:00,23478.35,23480.35,23463.1,23468.9,0
2026-06-02 09:11:00+00:00,23468.55,23472.3,23455.4,23456.15,0
2026-06-02 09:12:00+00:00,23454.75,23470.35,23444.15,23467.1,0
2026-06-02 09:13:00+00:00,23466.85,23466.85,23443.95,23450.6,0
2026-06-02 09:14:00+00:00,23451.1,23456.9,23448.1,23452.35,0
2026-06-02 09:15:00+00:00,23452.55,23456.3,23432.8,23433.6,0
2026-06-02 09:16:00+00:00,23434.85,23453.5,23433.8,23452.85,0
2026-06-02 09:17:00+00:00,23452.3,23454.45,23442.45,23453.5,0
2026-06-02 09:18:00+00:00,23452.8,23466.1,23449.0,23455.85,0
2026-06-02 09:19:00+00:00,23456.65,23465.5,23453.55,23464.55,0
2026-06-02 09:20:00+00:00,23465.35,23480.3,23465.15,23472.65,0
2026-06-02 09:21:00+00:00,23472.5,23473.3,23461.95,23467.1,0
2026-06-02 09:22:00+00:00,23466.65,23473.0,23462.95,23464.15,0
2026-06-02 09:23:00+00:00,23463.5,23470.3,23462.7,23465.15,0
2026-06-02 09:24:00+00:00,23464.0,23475.95,23458.25,23469.1,0
2026-06-02 09:25:00+00:00,23469.35,23470.3,23458.6,23467.65,0
2026-06-02 09:26:00+00:00,23467.65,23469.1,23457.75,23460.35,0
2026-06-02 09:27:00+00:00,23459.5,23464.4,23458.1,23462.55,0
2026-06-02 09:28:00+00:00,23463.15,23464.85,23447.55,23447.55,0
2026-06-02 09:29:00+00:00,23447.5,23453.6,23440.7,23441.55,0
2026-06-02 09:30:00+00:00,23443.55,23445.5,23422.65,23437.6,0
2026-06-02 09:31:00+00:00,23438.05,23456.7,23436.75,23451.5,0
2026-06-02 09:32:00+00:00,23451.1,23460.55,23443.2,23446.15,0
2026-06-02 09:33:00+00:00,23445.95,23465.45,23445.7,23460.45,0
2026-06-02 09:34:00+00:00,23457.6,23468.25,23457.6,23464.15,0
2026-06-02 09:35:00+00:00,23464.1,23480.25,23463.8,23479.2,0
2026-06-02 09:36:00+00:00,23479.35,23485.75,23477.0,23477.55,0
2026-06-02 09:37:00+00:00,23476.95,23492.0,23472.5,23474.15,0
2026-06-02 09:38:00+00:00,23473.85,23482.05,23465.0,23470.6,0
2026-06-02 09:39:00+00:00,23469.85,23492.25,23469.85,23486.95,0
2026-06-02 09:40:00+00:00,23487.35,23494.65,23483.05,23493.0,0
2026-06-02 09:41:00+00:00,23493.0,23500.15,23492.25,23499.3,0
2026-06-02 09:42:00+00:00,23498.9,23499.8,23492.9,23494.55,0
2026-06-02 09:43:00+00:00,23494.1,23497.0,23491.4,23493.6,0
2026-06-02 09:44:00+00:00,23493.2,23493.8,23486.6,23489.8,0
2026-06-02 09:45:00+00:00,23490.45,23493.35,23488.55,23493.0,0
2026-06-02 09:46:00+00:00,23494.0,23502.65,23492.25,23501.8,0
2026-06-02 09:47:00+00:00,23500.9,23508.0,23500.35,23507.15,0
2026-06-02 09:48:00+00:00,23507.05,23518.85,23506.45,23518.3,0
2026-06-02 09:49:00+00:00,23518.1,23520.35,23506.8,23510.85,0
2026-06-02 09:50:00+00:00,23511.4,23514.05,23501.65,23503.05,0
2026-06-02 09:51:00+00:00,23502.85,23507.2,23499.6,23506.25,0
2026-06-02 09:52:00+00:00,23506.95,23511.8,23504.5,23510.0,0
2026-06-02 09:53:00+00:00,23511.05,23513.3,23505.05,23510.2,0
2026-06-02 09:54:00+00:00,23510.75,23514.45,23504.65,23511.75,0
2026-06-02 09:55:00+00:00,23512.05,23512.9,23504.55,23506.5,0
2026-06-02 09:56:00+00:00,23506.6,23512.1,23504.2,23510.95,0
2026-06-02 09:57:00+00:00,23510.7,23512.1,23502.75,23504.25,0
2026-06-02 09:58:00+00:00,23505.2,23510.6,23500.75,23510.3,0
2026-06-02 09:59:00+00:00,23510.3,23525.7,23507.55,23523.3,0
2026-06-03 03:45:00+00:00,23415.95,23447.65,23349.95,23361.2,0
2026-06-03 03:46:00+00:00,23361.25,23361.25,23306.6,23311.7,0
2026-06-03 03:47:00+00:00,23312.6,23322.95,23301.05,23315.05,0
2026-06-03 03:48:00+00:00,23319.2,23320.0,23303.2,23303.2,0
2026-06-03 03:49:00+00:00,23305.05,23305.25,23288.2,23299.3,0
2026-06-03 03:50:00+00:00,23299.9,23302.55,23285.95,23298.85,0
2026-06-03 03:51:00+00:00,23299.05,23310.8,23292.1,23297.25,0
2026-06-03 03:52:00+00:00,23298.2,23311.85,23296.55,23304.45,0
2026-06-03 03:53:00+00:00,23304.95,23304.95,23287.2,23300.95,0
2026-06-03 03:54:00+00:00,23301.85,23307.25,23287.0,23304.25,0
2026-06-03 03:55:00+00:00,23305.8,23307.8,23296.4,23301.3,0
2026-06-03 03:56:00+00:00,23301.8,23303.7,23284.2,23284.35,0
2026-06-03 03:57:00+00:00,23287.45,23287.45,23265.25,23275.9,0
2026-06-03 03:58:00+00:00,23276.1,23293.3,23269.15,23292.75,0
2026-06-03 03:59:00+00:00,23294.0,23294.35,23288.8,23292.7,0
2026-06-03 04:00:00+00:00,23293.5,23295.25,23267.55,23276.9,0
2026-06-03 04:01:00+00:00,23278.3,23299.1,23274.2,23295.3,0
2026-06-03 04:02:00+00:00,23297.45,23299.8,23259.75,23261.9,0
2026-06-03 04:03:00+00:00,23262.2,23280.95,23260.65,23272.5,0
2026-06-03 04:04:00+00:00,23273.5,23274.5,23247.0,23248.45,0
2026-06-03 04:05:00+00:00,23248.85,23262.1,23244.45,23262.1,0
2026-06-03 04:06:00+00:00,23262.65,23279.65,23257.85,23258.2,0
2026-06-03 04:07:00+00:00,23259.9,23275.15,23258.8,23271.4,0
2026-06-03 04:08:00+00:00,23272.1,23279.8,23267.1,23267.45,0
2026-06-03 04:09:00+00:00,23268.55,23276.8,23267.45,23270.9,0
2026-06-03 04:10:00+00:00,23272.45,23272.65,23260.2,23267.9,0
2026-06-03 04:11:00+00:00,23269.2,23270.25,23258.7,23261.85,0
2026-06-03 04:12:00+00:00,23263.9,23277.55,23261.35,23271.3,0
2026-06-03 04:13:00+00:00,23271.55,23273.4,23262.65,23262.9,0
2026-06-03 04:14:00+00:00,23260.15,23271.45,23255.25,23268.95,0
2026-06-03 04:15:00+00:00,23269.05,23270.55,23263.25,23264.65,0
2026-06-03 04:16:00+00:00,23265.7,23279.25,23259.35,23279.25,0
2026-06-03 04:17:00+00:00,23280.3,23280.3,23267.65,23272.5,0
2026-06-03 04:18:00+00:00,23274.65,23280.8,23270.8,23277.5,0
2026-06-03 04:19:00+00:00,23278.5,23280.95,23273.5,23274.6,0
2026-06-03 04:20:00+00:00,23275.15,23278.35,23268.9,23275.3,0
2026-06-03 04:21:00+00:00,23276.6,23288.95,23274.6,23288.8,0
2026-06-03 04:22:00+00:00,23290.35,23299.55,23283.9,23284.15,0
2026-06-03 04:23:00+00:00,23285.45,23286.2,23278.65,23279.55,0
2026-06-03 04:24:00+00:00,23280.65,23282.15,23242.25,23244.0,0
2026-06-03 04:25:00+00:00,23245.0,23245.9,23228.95,23230.15,0
2026-06-03 04:26:00+00:00,23230.75,23233.3,23226.1,23227.05,0
2026-06-03 04:27:00+00:00,23228.85,23234.9,23225.5,23234.1,0
2026-06-03 04:28:00+00:00,23234.65,23243.35,23231.35,23243.35,0
2026-06-03 04:29:00+00:00,23244.55,23268.85,23244.55,23252.65,0
2026-06-03 04:30:00+00:00,23253.15,23255.6,23246.7,23253.85,0
2026-06-03 04:31:00+00:00,23255.15,23256.6,23247.9,23247.9,0
2026-06-03 04:32:00+00:00,23249.7,23255.05,23249.7,23254.35,0
2026-06-03 04:33:00+00:00,23255.4,23267.75,23254.05,23266.3,0
2026-06-03 04:34:00+00:00,23267.85,23281.25,23266.95,23281.25,0
2026-06-03 04:35:00+00:00,23281.6,23285.15,23271.75,23271.9,0
2026-06-03 04:36:00+00:00,23272.25,23278.05,23270.9,23277.9,0
2026-06-03 04:37:00+00:00,23279.75,23287.4,23268.75,23274.2,0
2026-06-03 04:38:00+00:00,23274.95,23275.1,23258.55,23262.65,0
2026-06-03 04:39:00+00:00,23263.75,23264.25,23257.45,23258.0,0
2026-06-03 04:40:00+00:00,23256.35,23257.5,23240.05,23244.95,0
2026-06-03 04:41:00+00:00,23246.95,23255.65,23244.25,23249.05,0
2026-06-03 04:42:00+00:00,23248.8,23250.8,23239.6,23240.8,0
2026-06-03 04:43:00+00:00,23241.35,23243.95,23232.75,23237.25,0
2026-06-03 04:44:00+00:00,23238.45,23240.5,23233.1,23240.5,0
2026-06-03 04:45:00+00:00,23240.45,23249.9,23240.45,23241.15,0
2026-06-03 04:46:00+00:00,23242.2,23243.05,23230.6,23234.85,0
2026-06-03 04:47:00+00:00,23234.85,23239.35,23228.95,23239.35,0
2026-06-03 04:48:00+00:00,23240.5,23263.65,23239.05,23257.8,0
2026-06-03 04:49:00+00:00,23259.95,23269.8,23259.05,23265.25,0
2026-06-03 04:50:00+00:00,23265.95,23273.3,23264.85,23271.1,0
2026-06-03 04:51:00+00:00,23271.5,23282.55,23267.75,23280.8,0
2026-06-03 04:52:00+00:00,23281.75,23283.2,23278.0,23279.4,0
2026-06-03 04:53:00+00:00,23279.8,23280.5,23272.85,23273.3,0
2026-06-03 04:54:00+00:00,23274.1,23274.8,23260.9,23261.45,0
2026-06-03 04:55:00+00:00,23261.85,23272.25,23260.0,23266.35,0
2026-06-03 04:56:00+00:00,23267.05,23269.75,23258.75,23265.45,0
2026-06-03 04:57:00+00:00,23266.1,23266.6,23247.4,23248.05,0
2026-06-03 04:58:00+00:00,23249.1,23250.05,23240.25,23241.45,0
2026-06-03 04:59:00+00:00,23241.7,23248.3,23241.7,23246.3,0
2026-06-03 05:00:00+00:00,23247.0,23255.3,23243.95,23246.35,0
2026-06-03 05:01:00+00:00,23246.75,23247.6,23236.6,23237.35,0
2026-06-03 05:02:00+00:00,23237.65,23238.15,23228.3,23229.25,0
2026-06-03 05:03:00+00:00,23229.15,23230.1,23215.05,23216.5,0
2026-06-03 05:04:00+00:00,23216.8,23217.65,23212.1,23215.0,0
2026-06-03 05:05:00+00:00,23216.1,23225.35,23213.65,23222.45,0
2026-06-03 05:06:00+00:00,23222.6,23230.85,23220.4,23227.0,0
2026-06-03 05:07:00+00:00,23227.45,23237.65,23226.7,23234.05,0
2026-06-03 05:08:00+00:00,23234.35,23237.8,23230.3,23236.85,0
2026-06-03 05:09:00+00:00,23238.85,23240.65,23232.05,23232.85,0
2026-06-03 05:10:00+00:00,23233.3,23236.15,23231.5,23232.65,0
2026-06-03 05:11:00+00:00,23233.95,23241.4,23232.4,23239.1,0
2026-06-03 05:12:00+00:00,23239.65,23240.6,23232.05,23236.5,0
2026-06-03 05:13:00+00:00,23237.75,23244.3,23236.55,23244.25,0
2026-06-03 05:14:00+00:00,23244.8,23245.0,23225.15,23227.15,0
2026-06-03 05:15:00+00:00,23227.55,23233.8,23217.1,23233.8,0
2026-06-03 05:16:00+00:00,23234.9,23235.0,23222.55,23226.2,0
2026-06-03 05:17:00+00:00,23227.1,23238.05,23227.1,23235.85,0
2026-06-03 05:18:00+00:00,23236.65,23239.8,23229.65,23231.0,0
2026-06-03 05:19:00+00:00,23232.45,23241.55,23230.9,23241.2,0
2026-06-03 05:20:00+00:00,23242.15,23242.9,23234.15,23239.1,0
2026-06-03 05:21:00+00:00,23239.95,23242.5,23236.0,23240.45,0
2026-06-03 05:22:00+00:00,23241.4,23243.35,23236.95,23241.6,0
2026-06-03 05:23:00+00:00,23242.25,23243.15,23228.6,23229.9,0
2026-06-03 05:24:00+00:00,23230.55,23242.95,23228.85,23242.95,0
2026-06-03 05:25:00+00:00,23243.65,23244.25,23238.85,23240.55,0
2026-06-03 05:26:00+00:00,23241.45,23242.15,23232.35,23233.4,0
2026-06-03 05:27:00+00:00,23233.95,23235.05,23219.6,23220.65,0
2026-06-03 05:28:00+00:00,23221.55,23234.75,23218.25,23230.5,0
2026-06-03 05:29:00+00:00,23231.5,23235.5,23222.9,23226.05,0
2026-06-03 05:30:00+00:00,23227.25,23227.25,23218.35,23219.9,0
2026-06-03 05:31:00+00:00,23220.95,23226.05,23211.5,23225.45,0
2026-06-03 05:32:00+00:00,23226.55,23232.25,23222.65,23230.4,0
2026-06-03 05:33:00+00:00,23231.25,23233.0,23220.85,23222.15,0
2026-06-03 05:34:00+00:00,23223.1,23224.3,23217.55,23219.15,0
2026-06-03 05:35:00+00:00,23219.5,23220.15,23204.65,23210.05,0
2026-06-03 05:36:00+00:00,23210.6,23210.95,23204.55,23210.65,0
2026-06-03 05:37:00+00:00,23210.7,23211.8,23206.95,23206.95,0
2026-06-03 05:38:00+00:00,23207.65,23209.95,23204.35,23209.8,0
2026-06-03 05:39:00+00:00,23210.05,23210.85,23194.8,23195.45,0
2026-06-03 05:40:00+00:00,23195.9,23207.35,23195.9,23206.3,0
2026-06-03 05:41:00+00:00,23206.7,23208.7,23201.7,23202.45,0
2026-06-03 05:42:00+00:00,23203.45,23204.05,23196.4,23203.45,0
2026-06-03 05:43:00+00:00,23204.25,23211.25,23203.15,23205.8,0
2026-06-03 05:44:00+00:00,23206.8,23209.4,23201.9,23202.85,0
2026-06-03 05:45:00+00:00,23203.6,23207.35,23198.8,23205.0,0
2026-06-03 05:46:00+00:00,23205.25,23205.95,23200.85,23205.05,0
2026-06-03 05:47:00+00:00,23205.4,23210.35,23200.8,23210.0,0
2026-06-03 05:48:00+00:00,23211.25,23225.65,23210.9,23225.65,0
2026-06-03 05:49:00+00:00,23225.6,23227.15,23214.5,23220.1,0
2026-06-03 05:50:00+00:00,23220.45,23221.2,23214.4,23214.6,0
2026-06-03 05:51:00+00:00,23216.75,23222.0,23215.2,23218.2,0
2026-06-03 05:52:00+00:00,23219.0,23234.35,23216.55,23231.8,0
2026-06-03 05:53:00+00:00,23232.85,23244.85,23231.45,23236.05,0
2026-06-03 05:54:00+00:00,23236.75,23237.4,23223.25,23224.8,0
2026-06-03 05:55:00+00:00,23225.65,23228.8,23221.45,23228.3,0
2026-06-03 05:56:00+00:00,23230.1,23230.75,23220.25,23229.85,0
2026-06-03 05:57:00+00:00,23230.2,23236.15,23226.0,23226.65,0
2026-06-03 05:58:00+00:00,23227.9,23228.65,23210.35,23211.65,0
2026-06-03 05:59:00+00:00,23212.5,23219.05,23208.2,23215.85,0
2026-06-03 06:00:00+00:00,23216.95,23223.95,23215.55,23217.9,0
2026-06-03 06:01:00+00:00,23218.55,23218.95,23211.1,23213.05,0
2026-06-03 06:02:00+00:00,23214.5,23230.1,23212.95,23230.1,0
2026-06-03 06:03:00+00:00,23231.1,23234.75,23219.3,23220.55,0
2026-06-03 06:04:00+00:00,23221.55,23221.75,23216.15,23221.7,0
2026-06-03 06:05:00+00:00,23222.8,23223.5,23215.65,23217.2,0
2026-06-03 06:06:00+00:00,23218.3,23219.35,23212.05,23218.1,0
2026-06-03 06:07:00+00:00,23218.9,23223.95,23209.4,23209.5,0
2026-06-03 06:08:00+00:00,23209.85,23211.9,23202.85,23211.55,0
2026-06-03 06:09:00+00:00,23213.0,23213.45,23207.45,23211.5,0
2026-06-03 06:10:00+00:00,23212.6,23213.3,23210.45,23211.3,0
2026-06-03 06:11:00+00:00,23212.4,23213.15,23204.35,23208.2,0
2026-06-03 06:12:00+00:00,23208.65,23213.55,23202.6,23213.4,0
2026-06-03 06:13:00+00:00,23214.1,23222.1,23211.7,23220.55,0
2026-06-03 06:14:00+00:00,23220.8,23222.05,23213.6,23214.2,0
2026-06-03 06:15:00+00:00,23215.05,23221.75,23213.65,23219.4,0
2026-06-03 06:16:00+00:00,23220.7,23224.2,23215.0,23221.35,0
2026-06-03 06:17:00+00:00,23221.9,23222.4,23215.65,23218.1,0
2026-06-03 06:18:00+00:00,23217.45,23219.4,23214.65,23218.4,0
2026-06-03 06:19:00+00:00,23218.75,23221.05,23215.95,23217.6,0
2026-06-03 06:20:00+00:00,23217.5,23225.9,23216.8,23223.95,0
2026-06-03 06:21:00+00:00,23225.2,23225.2,23215.75,23217.3,0
2026-06-03 06:22:00+00:00,23218.0,23218.2,23213.25,23215.6,0
2026-06-03 06:23:00+00:00,23215.9,23216.5,23206.7,23213.85,0
2026-06-03 06:24:00+00:00,23214.25,23221.1,23214.25,23219.4,0
2026-06-03 06:25:00+00:00,23220.1,23220.1,23212.05,23213.5,0
2026-06-03 06:26:00+00:00,23214.4,23214.4,23203.45,23203.45,0
2026-06-03 06:27:00+00:00,23204.0,23205.5,23194.3,23198.25,0
2026-06-03 06:28:00+00:00,23199.9,23203.1,23197.15,23200.75,0
2026-06-03 06:29:00+00:00,23201.1,23201.7,23191.4,23192.25,0
2026-06-03 06:30:00+00:00,23193.25,23202.75,23189.55,23201.3,0
2026-06-03 06:31:00+00:00,23201.45,23202.0,23188.85,23189.75,0
2026-06-03 06:32:00+00:00,23189.95,23190.8,23170.2,23170.6,0
2026-06-03 06:33:00+00:00,23171.8,23173.55,23151.5,23154.6,0
2026-06-03 06:34:00+00:00,23154.95,23171.55,23154.3,23170.4,0
2026-06-03 06:35:00+00:00,23172.0,23178.1,23168.6,23171.6,0
2026-06-03 06:36:00+00:00,23172.2,23182.45,23170.85,23180.6,0
2026-06-03 06:37:00+00:00,23181.3,23184.45,23177.75,23180.4,0
2026-06-03 06:38:00+00:00,23181.8,23184.3,23175.45,23176.5,0
2026-06-03 06:39:00+00:00,23177.7,23186.8,23172.4,23184.3,0
2026-06-03 06:40:00+00:00,23185.0,23188.75,23178.55,23186.85,0
2026-06-03 06:41:00+00:00,23187.75,23188.0,23178.25,23178.55,0
2026-06-03 06:42:00+00:00,23179.2,23181.4,23172.4,23178.05,0
2026-06-03 06:43:00+00:00,23178.25,23179.25,23171.75,23178.4,0
2026-06-03 06:44:00+00:00,23179.6,23181.45,23177.5,23180.7,0
2026-06-03 06:45:00+00:00,23181.25,23182.45,23176.55,23179.9,0
2026-06-03 06:46:00+00:00,23179.6,23183.3,23176.8,23182.9,0
2026-06-03 06:47:00+00:00,23183.9,23184.1,23179.4,23181.8,0
2026-06-03 06:48:00+00:00,23182.6,23184.55,23180.65,23184.55,0
2026-06-03 06:49:00+00:00,23186.6,23187.55,23180.95,23184.9,0
2026-06-03 06:50:00+00:00,23185.25,23192.6,23181.9,23190.7,0
2026-06-03 06:51:00+00:00,23191.8,23198.6,23191.4,23197.0,0
2026-06-03 06:52:00+00:00,23199.1,23201.35,23193.25,23193.65,0
2026-06-03 06:53:00+00:00,23194.65,23195.7,23184.45,23187.55,0
2026-06-03 06:54:00+00:00,23187.35,23192.4,23187.05,23187.95,0
2026-06-03 06:55:00+00:00,23188.1,23192.0,23185.15,23186.45,0
2026-06-03 06:56:00+00:00,23186.65,23201.15,23185.55,23199.75,0
2026-06-03 06:57:00+00:00,23199.45,23202.05,23193.9,23201.6,0
2026-06-03 06:58:00+00:00,23202.5,23222.45,23201.05,23222.45,0
2026-06-03 06:59:00+00:00,23223.05,23241.65,23223.05,23235.45,0
2026-06-03 07:00:00+00:00,23236.35,23257.45,23236.2,23254.8,0
2026-06-03 07:01:00+00:00,23254.9,23275.1,23253.85,23275.1,0
2026-06-03 07:02:00+00:00,23276.5,23290.1,23275.85,23282.7,0
2026-06-03 07:03:00+00:00,23284.35,23289.9,23279.1,23288.15,0
2026-06-03 07:04:00+00:00,23288.7,23290.8,23281.65,23289.9,0
2026-06-03 07:05:00+00:00,23290.55,23324.35,23283.85,23324.35,0
2026-06-03 07:06:00+00:00,23326.65,23335.9,23324.35,23333.4,0
2026-06-03 07:07:00+00:00,23334.25,23335.85,23315.75,23316.85,0
2026-06-03 07:08:00+00:00,23317.35,23335.15,23317.35,23327.5,0
2026-06-03 07:09:00+00:00,23328.5,23329.65,23310.7,23324.5,0
2026-06-03 07:10:00+00:00,23325.8,23339.8,23324.55,23335.05,0
2026-06-03 07:11:00+00:00,23334.45,23337.9,23325.8,23337.2,0
2026-06-03 07:12:00+00:00,23339.3,23347.55,23328.25,23332.8,0
2026-06-03 07:13:00+00:00,23332.75,23345.7,23332.0,23338.7,0
2026-06-03 07:14:00+00:00,23339.05,23340.15,23320.7,23323.0,0
2026-06-03 07:15:00+00:00,23325.15,23331.55,23325.15,23327.7,0
2026-06-03 07:16:00+00:00,23328.55,23330.6,23323.95,23327.4,0
2026-06-03 07:17:00+00:00,23328.9,23330.45,23306.75,23307.3,0
2026-06-03 07:18:00+00:00,23307.75,23309.4,23294.75,23294.9,0
2026-06-03 07:19:00+00:00,23294.95,23300.6,23291.85,23300.45,0
2026-06-03 07:20:00+00:00,23301.15,23301.7,23286.05,23289.35,0
2026-06-03 07:21:00+00:00,23290.35,23315.15,23289.05,23304.2,0
2026-06-03 07:22:00+00:00,23304.6,23309.0,23294.1,23294.1,0
2026-06-03 07:23:00+00:00,23295.1,23296.0,23287.6,23287.6,0
2026-06-03 07:24:00+00:00,23287.3,23287.3,23274.6,23275.2,0
2026-06-03 07:25:00+00:00,23275.7,23288.25,23273.25,23284.7,0
2026-06-03 07:26:00+00:00,23285.75,23287.25,23274.2,23274.3,0
2026-06-03 07:27:00+00:00,23275.55,23280.95,23271.95,23277.7,0
2026-06-03 07:28:00+00:00,23277.85,23280.7,23276.25,23279.3,0
2026-06-03 07:29:00+00:00,23279.8,23298.75,23278.8,23283.3,0
2026-06-03 07:30:00+00:00,23284.2,23294.8,23279.95,23291.65,0
2026-06-03 07:31:00+00:00,23291.85,23304.8,23288.4,23304.8,0
2026-06-03 07:32:00+00:00,23303.65,23305.95,23295.35,23295.8,0
2026-06-03 07:33:00+00:00,23296.6,23301.5,23293.75,23294.95,0
2026-06-03 07:34:00+00:00,23296.2,23297.45,23288.05,23292.2,0
2026-06-03 07:35:00+00:00,23293.3,23296.75,23285.4,23286.65,0
2026-06-03 07:36:00+00:00,23287.2,23288.65,23275.05,23280.3,0
2026-06-03 07:37:00+00:00,23280.15,23294.4,23279.85,23292.85,0
2026-06-03 07:38:00+00:00,23293.3,23293.5,23288.25,23291.85,0
2026-06-03 07:39:00+00:00,23292.25,23293.05,23282.7,23286.95,0
2026-06-03 07:40:00+00:00,23287.0,23287.6,23275.7,23276.85,0
2026-06-03 07:41:00+00:00,23278.05,23283.9,23275.9,23283.7,0
2026-06-03 07:42:00+00:00,23285.1,23292.0,23283.35,23286.4,0
2026-06-03 07:43:00+00:00,23288.4,23290.5,23279.75,23287.45,0
2026-06-03 07:44:00+00:00,23290.0,23298.35,23286.5,23298.35,0
2026-06-03 07:45:00+00:00,23302.95,23318.8,23302.45,23303.7,0
2026-06-03 07:46:00+00:00,23304.55,23312.25,23300.3,23312.15,0
2026-06-03 07:47:00+00:00,23313.3,23321.05,23312.0,23320.45,0
2026-06-03 07:48:00+00:00,23321.25,23326.3,23318.3,23320.45,0
2026-06-03 07:49:00+00:00,23322.25,23323.8,23306.25,23307.8,0
2026-06-03 07:50:00+00:00,23309.95,23325.7,23308.65,23324.55,0
2026-06-03 07:51:00+00:00,23325.2,23333.95,23323.3,23328.35,0
2026-06-03 07:52:00+00:00,23327.7,23330.4,23324.05,23325.75,0
2026-06-03 07:53:00+00:00,23327.4,23337.65,23325.7,23336.65,0
2026-06-03 07:54:00+00:00,23338.15,23345.25,23336.55,23338.1,0
2026-06-03 07:55:00+00:00,23339.1,23347.6,23338.45,23346.35,0
2026-06-03 07:56:00+00:00,23347.6,23349.75,23341.15,23342.9,0
2026-06-03 07:57:00+00:00,23344.1,23349.25,23336.2,23336.2,0
2026-06-03 07:58:00+00:00,23336.7,23344.65,23335.2,23338.35,0
2026-06-03 07:59:00+00:00,23338.2,23345.95,23335.0,23345.0,0
2026-06-03 08:00:00+00:00,23345.95,23351.5,23332.4,23334.7,0
2026-06-03 08:01:00+00:00,23335.4,23340.0,23332.3,23339.55,0
2026-06-03 08:02:00+00:00,23339.55,23340.75,23332.75,23333.8,0
2026-06-03 08:03:00+00:00,23334.05,23338.4,23323.1,23338.4,0
2026-06-03 08:04:00+00:00,23338.25,23347.15,23337.85,23344.6,0
2026-06-03 08:05:00+00:00,23344.65,23345.85,23333.75,23337.6,0
2026-06-03 08:06:00+00:00,23338.15,23339.8,23333.65,23337.6,0
2026-06-03 08:07:00+00:00,23338.25,23348.5,23335.55,23344.5,0
2026-06-03 08:08:00+00:00,23344.65,23346.6,23334.8,23344.85,0
2026-06-03 08:09:00+00:00,23345.45,23348.05,23335.7,23336.05,0
2026-06-03 08:10:00+00:00,23336.8,23344.7,23335.8,23343.15,0
2026-06-03 08:11:00+00:00,23343.2,23347.05,23338.6,23344.85,0
2026-06-03 08:12:00+00:00,23345.45,23349.4,23344.05,23347.35,0
2026-06-03 08:13:00+00:00,23347.6,23352.8,23341.2,23342.45,0
2026-06-03 08:14:00+00:00,23342.8,23343.05,23316.4,23320.6,0
2026-06-03 08:15:00+00:00,23322.25,23339.05,23321.35,23336.0,0
2026-06-03 08:16:00+00:00,23336.35,23367.3,23334.05,23367.05,0
2026-06-03 08:17:00+00:00,23367.75,23385.25,23362.35,23384.65,0
2026-06-03 08:18:00+00:00,23385.3,23427.05,23382.95,23409.25,0
2026-06-03 08:19:00+00:00,23409.75,23409.8,23387.9,23392.55,0
2026-06-03 08:20:00+00:00,23393.0,23397.8,23378.65,23379.6,0
2026-06-03 08:21:00+00:00,23381.45,23381.9,23368.1,23368.15,0
2026-06-03 08:22:00+00:00,23370.3,23383.0,23368.5,23382.55,0
2026-06-03 08:23:00+00:00,23384.1,23385.75,23363.35,23363.5,0
2026-06-03 08:24:00+00:00,23363.05,23376.75,23360.35,23375.8,0
2026-06-03 08:25:00+00:00,23376.8,23377.1,23366.1,23367.1,0
2026-06-03 08:26:00+00:00,23368.1,23368.9,23356.3,23356.9,0
2026-06-03 08:27:00+00:00,23359.2,23359.65,23349.3,23350.55,0
2026-06-03 08:28:00+00:00,23351.65,23362.35,23349.8,23356.65,0
2026-06-03 08:29:00+00:00,23356.45,23362.65,23346.85,23361.1,0
2026-06-03 08:30:00+00:00,23363.55,23372.5,23363.1,23369.85,0
2026-06-03 08:31:00+00:00,23370.5,23378.15,23364.55,23377.9,0
2026-06-03 08:32:00+00:00,23378.0,23382.95,23365.6,23366.65,0
2026-06-03 08:33:00+00:00,23367.4,23383.35,23367.4,23382.7,0
2026-06-03 08:34:00+00:00,23383.3,23395.3,23383.3,23394.95,0
2026-06-03 08:35:00+00:00,23394.95,23404.1,23393.05,23401.45,0
2026-06-03 08:36:00+00:00,23402.25,23402.45,23383.05,23384.15,0
2026-06-03 08:37:00+00:00,23384.75,23385.25,23375.35,23377.7,0
2026-06-03 08:38:00+00:00,23378.8,23396.55,23378.4,23395.05,0
2026-06-03 08:39:00+00:00,23395.8,23396.05,23382.55,23383.3,0
2026-06-03 08:40:00+00:00,23384.6,23391.6,23383.05,23384.1,0
2026-06-03 08:41:00+00:00,23384.5,23387.35,23374.35,23376.75,0
2026-06-03 08:42:00+00:00,23377.45,23383.55,23371.25,23380.65,0
2026-06-03 08:43:00+00:00,23381.55,23383.0,23374.45,23375.5,0
2026-06-03 08:44:00+00:00,23376.7,23388.2,23376.7,23388.2,0
2026-06-03 08:45:00+00:00,23388.3,23394.05,23387.7,23392.0,0
2026-06-03 08:46:00+00:00,23392.4,23393.0,23387.5,23388.7,0
2026-06-03 08:47:00+00:00,23389.1,23399.1,23387.7,23395.55,0
2026-06-03 08:48:00+00:00,23396.35,23399.95,23393.5,23398.8,0
2026-06-03 08:49:00+00:00,23399.5,23415.65,23399.0,23406.05,0
2026-06-03 08:50:00+00:00,23407.65,23412.95,23397.35,23409.0,0
2026-06-03 08:51:00+00:00,23412.1,23415.15,23403.7,23403.7,0
2026-06-03 08:52:00+00:00,23405.7,23426.15,23402.1,23424.9,0
2026-06-03 08:53:00+00:00,23426.0,23439.5,23424.55,23436.2,0
2026-06-03 08:54:00+00:00,23438.25,23438.6,23427.35,23433.65,0
2026-06-03 08:55:00+00:00,23434.7,23435.55,23416.5,23422.4,0
2026-06-03 08:56:00+00:00,23423.75,23425.5,23413.6,23416.35,0
2026-06-03 08:57:00+00:00,23416.75,23417.4,23400.75,23404.7,0
2026-06-03 08:58:00+00:00,23404.5,23418.05,23404.5,23413.3,0
2026-06-03 08:59:00+00:00,23415.0,23417.25,23406.45,23406.75,0
2026-06-03 09:00:00+00:00,23408.45,23413.65,23405.2,23409.6,0
2026-06-03 09:01:00+00:00,23409.95,23418.85,23409.3,23417.7,0
2026-06-03 09:02:00+00:00,23419.1,23428.35,23419.1,23421.75,0
2026-06-03 09:03:00+00:00,23422.8,23433.4,23415.35,23426.5,0
2026-06-03 09:04:00+00:00,23427.3,23430.0,23423.1,23424.5,0
2026-06-03 09:05:00+00:00,23426.5,23427.25,23410.8,23410.8,0
2026-06-03 09:06:00+00:00,23412.15,23412.75,23400.55,23401.25,0
2026-06-03 09:07:00+00:00,23402.45,23414.25,23401.35,23408.7,0
2026-06-03 09:08:00+00:00,23410.05,23419.6,23410.05,23416.45,0
2026-06-03 09:09:00+00:00,23418.25,23429.05,23417.7,23424.45,0
2026-06-03 09:10:00+00:00,23425.65,23443.2,23423.65,23437.35,0
2026-06-03 09:11:00+00:00,23437.85,23438.85,23427.4,23430.85,0
2026-06-03 09:12:00+00:00,23432.5,23441.55,23428.8,23434.4,0
2026-06-03 09:13:00+00:00,23436.1,23443.3,23433.65,23438.75,0
2026-06-03 09:14:00+00:00,23440.1,23445.2,23435.65,23439.8,0
2026-06-03 09:15:00+00:00,23440.1,23444.65,23430.1,23435.4,0
2026-06-03 09:16:00+00:00,23436.45,23438.5,23432.3,23434.4,0
2026-06-03 09:17:00+00:00,23436.55,23438.35,23427.5,23430.95,0
2026-06-03 09:18:00+00:00,23432.15,23435.85,23425.85,23431.5,0
2026-06-03 09:19:00+00:00,23431.7,23436.7,23428.65,23435.05,0
2026-06-03 09:20:00+00:00,23435.95,23438.95,23428.95,23438.55,0
2026-06-03 09:21:00+00:00,23439.6,23458.15,23438.4,23455.05,0
2026-06-03 09:22:00+00:00,23457.25,23457.75,23444.6,23453.05,0
2026-06-03 09:23:00+00:00,23455.3,23459.55,23443.7,23449.1,0
2026-06-03 09:24:00+00:00,23450.95,23457.25,23447.75,23450.3,0
2026-06-03 09:25:00+00:00,23452.25,23452.95,23432.65,23432.65,0
2026-06-03 09:26:00+00:00,23434.2,23444.1,23428.15,23442.25,0
2026-06-03 09:27:00+00:00,23444.2,23448.3,23442.1,23445.35,0
2026-06-03 09:28:00+00:00,23446.3,23447.3,23427.1,23430.8,0
2026-06-03 09:29:00+00:00,23431.85,23449.05,23431.85,23442.95,0
2026-06-03 09:30:00+00:00,23443.8,23459.65,23403.1,23413.4,0
2026-06-03 09:31:00+00:00,23414.45,23418.65,23392.4,23418.25,0
2026-06-03 09:32:00+00:00,23418.55,23422.05,23412.0,23417.95,0
2026-06-03 09:33:00+00:00,23419.55,23435.05,23414.35,23433.25,0
2026-06-03 09:34:00+00:00,23433.55,23441.15,23430.7,23431.2,0
2026-06-03 09:35:00+00:00,23431.55,23443.45,23429.8,23442.1,0
2026-06-03 09:36:00+00:00,23442.7,23447.05,23430.1,23430.15,0
2026-06-03 09:37:00+00:00,23430.4,23434.65,23417.5,23419.75,0
2026-06-03 09:38:00+00:00,23420.4,23420.7,23385.85,23389.0,0
2026-06-03 09:39:00+00:00,23390.85,23396.35,23382.55,23389.4,0
2026-06-03 09:40:00+00:00,23391.05,23395.9,23384.25,23389.55,0
2026-06-03 09:41:00+00:00,23391.15,23394.3,23387.15,23387.15,0
2026-06-03 09:42:00+00:00,23387.4,23390.75,23373.9,23375.35,0
2026-06-03 09:43:00+00:00,23376.8,23389.3,23376.3,23387.4,0
2026-06-03 09:44:00+00:00,23388.4,23396.6,23388.4,23395.85,0
2026-06-03 09:45:00+00:00,23396.1,23409.75,23394.1,23409.5,0
2026-06-03 09:46:00+00:00,23409.8,23411.3,23404.15,23405.8,0
2026-06-03 09:47:00+00:00,23405.55,23406.9,23398.25,23399.45,0
2026-06-03 09:48:00+00:00,23399.55,23407.7,23394.8,23403.95,0
2026-06-03 09:49:00+00:00,23403.95,23405.55,23400.85,23402.35,0
2026-06-03 09:50:00+00:00,23402.5,23403.75,23399.2,23402.85,0
2026-06-03 09:51:00+00:00,23402.05,23405.3,23400.2,23404.95,0
2026-06-03 09:52:00+00:00,23405.25,23408.95,23403.15,23406.6,0
2026-06-03 09:53:00+00:00,23406.3,23408.55,23402.55,23405.4,0
2026-06-03 09:54:00+00:00,23406.0,23406.8,23398.7,23400.15,0
2026-06-03 09:55:00+00:00,23400.9,23409.35,23399.45,23405.7,0
2026-06-03 09:56:00+00:00,23406.6,23408.55,23395.65,23396.2,0
2026-06-03 09:57:00+00:00,23396.25,23398.2,23389.5,23395.4,0
2026-06-03 09:58:00+00:00,23395.2,23399.8,23393.05,23394.75,0
2026-06-03 09:59:00+00:00,23395.4,23399.7,23389.0,23396.95,0
2026-06-04 03:45:00+00:00,23282.45,23311.45,23247.3,23281.8,0
2026-06-04 03:46:00+00:00,23282.75,23333.6,23274.55,23327.7,0
2026-06-04 03:47:00+00:00,23327.8,23334.4,23314.0,23332.85,0
2026-06-04 03:48:00+00:00,23331.2,23362.85,23328.85,23349.6,0
2026-06-04 03:49:00+00:00,23350.15,23360.7,23345.5,23345.9,0
2026-06-04 03:50:00+00:00,23344.5,23351.75,23330.4,23349.7,0
2026-06-04 03:51:00+00:00,23349.85,23355.8,23328.15,23329.2,0
2026-06-04 03:52:00+00:00,23328.95,23345.15,23318.2,23342.0,0
2026-06-04 03:53:00+00:00,23341.9,23350.55,23328.5,23347.95,0
2026-06-04 03:54:00+00:00,23348.95,23357.8,23337.6,23340.45,0
2026-06-04 03:55:00+00:00,23339.6,23350.65,23334.3,23349.95,0
2026-06-04 03:56:00+00:00,23349.85,23356.75,23329.75,23331.1,0
2026-06-04 03:57:00+00:00,23331.5,23345.15,23330.0,23342.25,0
2026-06-04 03:58:00+00:00,23342.05,23354.55,23335.0,23354.55,0
2026-06-04 03:59:00+00:00,23354.9,23355.75,23333.15,23334.8,0
2026-06-04 04:00:00+00:00,23334.75,23336.9,23323.0,23330.4,0
2026-06-04 04:01:00+00:00,23330.5,23339.3,23304.35,23328.65,0
2026-06-04 04:02:00+00:00,23328.4,23334.15,23324.0,23328.7,0
2026-06-04 04:03:00+00:00,23328.1,23334.55,23326.6,23331.4,0
2026-06-04 04:04:00+00:00,23332.0,23332.15,23320.05,23330.95,0
2026-06-04 04:05:00+00:00,23331.5,23334.5,23325.15,23333.5,0
2026-06-04 04:06:00+00:00,23333.9,23362.7,23332.55,23362.7,0
2026-06-04 04:07:00+00:00,23362.85,23366.65,23358.05,23359.7,0
2026-06-04 04:08:00+00:00,23359.35,23359.5,23342.95,23343.1,0
2026-06-04 04:09:00+00:00,23341.8,23341.95,23320.75,23321.45,0
2026-06-04 04:10:00+00:00,23321.8,23326.6,23307.8,23309.4,0
2026-06-04 04:11:00+00:00,23309.25,23324.85,23308.55,23324.4,0
2026-06-04 04:12:00+00:00,23324.25,23347.65,23323.15,23346.9,0
2026-06-04 04:13:00+00:00,23346.2,23353.15,23331.85,23344.3,0
2026-06-04 04:14:00+00:00,23345.55,23356.9,23343.7,23355.35,0
2026-06-04 04:15:00+00:00,23355.5,23371.7,23355.5,23368.95,0
2026-06-04 04:16:00+00:00,23368.35,23374.8,23366.9,23369.6,0
2026-06-04 04:17:00+00:00,23369.15,23370.7,23358.45,23369.9,0
2026-06-04 04:18:00+00:00,23370.3,23383.15,23368.25,23382.15,0
2026-06-04 04:19:00+00:00,23382.0,23395.0,23380.45,23388.35,0
2026-06-04 04:20:00+00:00,23386.9,23389.05,23377.1,23380.5,0
2026-06-04 04:21:00+00:00,23380.5,23386.6,23375.3,23386.15,0
2026-06-04 04:22:00+00:00,23386.0,23386.0,23377.95,23384.65,0
2026-06-04 04:23:00+00:00,23384.75,23385.5,23375.6,23380.2,0
2026-06-04 04:24:00+00:00,23380.65,23394.5,23379.85,23394.35,0
2026-06-04 04:25:00+00:00,23393.85,23403.1,23388.35,23403.1,0
2026-06-04 04:26:00+00:00,23403.45,23418.9,23402.15,23418.55,0
2026-06-04 04:27:00+00:00,23418.45,23443.35,23417.1,23429.7,0
2026-06-04 04:28:00+00:00,23428.95,23431.8,23409.55,23411.95,0
2026-06-04 04:29:00+00:00,23412.15,23412.15,23403.2,23407.85,0
2026-06-04 04:30:00+00:00,23407.3,23411.05,23398.9,23403.75,0
2026-06-04 04:31:00+00:00,23403.85,23408.1,23399.8,23406.25,0
2026-06-04 04:32:00+00:00,23406.4,23418.95,23404.95,23411.5,0
2026-06-04 04:33:00+00:00,23411.65,23423.6,23411.55,23419.85,0
2026-06-04 04:34:00+00:00,23419.75,23430.65,23418.9,23420.8,0
2026-06-04 04:35:00+00:00,23421.15,23431.65,23420.65,23431.55,0
2026-06-04 04:36:00+00:00,23431.2,23439.2,23430.65,23438.95,0
2026-06-04 04:37:00+00:00,23439.05,23440.75,23431.65,23435.55,0
2026-06-04 04:38:00+00:00,23435.45,23438.15,23432.4,23435.35,0
2026-06-04 04:39:00+00:00,23435.05,23442.3,23431.9,23433.8,0
2026-06-04 04:40:00+00:00,23432.2,23443.7,23432.2,23442.0,0
2026-06-04 04:41:00+00:00,23442.2,23442.5,23431.95,23435.85,0
2026-06-04 04:42:00+00:00,23436.1,23440.3,23427.45,23435.8,0
2026-06-04 04:43:00+00:00,23436.0,23436.0,23426.75,23428.55,0
2026-06-04 04:44:00+00:00,23428.55,23434.05,23427.35,23431.35,0
2026-06-04 04:45:00+00:00,23431.9,23440.2,23431.9,23433.05,0
2026-06-04 04:46:00+00:00,23432.6,23433.25,23417.05,23420.8,0
2026-06-04 04:47:00+00:00,23421.35,23433.2,23420.3,23432.6,0
2026-06-04 04:48:00+00:00,23432.65,23447.9,23431.2,23447.25,0
2026-06-04 04:49:00+00:00,23447.6,23449.5,23437.5,23442.85,0
2026-06-04 04:50:00+00:00,23443.2,23444.95,23439.15,23442.45,0
2026-06-04 04:51:00+00:00,23443.35,23445.4,23438.9,23440.95,0
2026-06-04 04:52:00+00:00,23439.85,23442.65,23434.15,23441.85,0
2026-06-04 04:53:00+00:00,23441.55,23444.4,23438.05,23443.3,0
2026-06-04 04:54:00+00:00,23442.6,23449.7,23441.6,23447.55,0
2026-06-04 04:55:00+00:00,23447.2,23448.45,23445.0,23445.85,0
2026-06-04 04:56:00+00:00,23446.25,23450.1,23440.8,23442.0,0
2026-06-04 04:57:00+00:00,23442.45,23443.05,23430.5,23431.9,0
2026-06-04 04:58:00+00:00,23431.55,23431.55,23423.65,23429.4,0
2026-06-04 04:59:00+00:00,23429.85,23431.9,23422.55,23423.5,0
2026-06-04 05:00:00+00:00,23423.0,23426.6,23418.85,23419.35,0
2026-06-04 05:01:00+00:00,23418.55,23419.4,23404.5,23406.45,0
2026-06-04 05:02:00+00:00,23407.2,23409.75,23403.3,23403.55,0
2026-06-04 05:03:00+00:00,23403.3,23408.75,23389.95,23390.0,0
2026-06-04 05:04:00+00:00,23390.75,23398.05,23387.4,23388.0,0
2026-06-04 05:05:00+00:00,23388.45,23391.7,23385.55,23391.3,0
2026-06-04 05:06:00+00:00,23391.7,23401.65,23390.0,23399.9,0
2026-06-04 05:07:00+00:00,23400.1,23401.45,23375.55,23380.6,0
2026-06-04 05:08:00+00:00,23379.1,23387.65,23376.6,23387.05,0
2026-06-04 05:09:00+00:00,23387.5,23389.3,23385.25,23385.95,0
2026-06-04 05:10:00+00:00,23385.7,23401.75,23385.4,23401.1,0
2026-06-04 05:11:00+00:00,23400.5,23411.05,23400.5,23405.0,0
2026-06-04 05:12:00+00:00,23404.75,23406.3,23392.5,23396.05,0
2026-06-04 05:13:00+00:00,23395.55,23398.05,23388.45,23392.9,0
2026-06-04 05:14:00+00:00,23392.8,23411.7,23391.75,23410.65,0
2026-06-04 05:15:00+00:00,23411.05,23423.15,23409.65,23423.05,0
2026-06-04 05:16:00+00:00,23422.75,23444.95,23421.8,23442.7,0
2026-06-04 05:17:00+00:00,23444.25,23446.45,23434.45,23435.2,0
2026-06-04 05:18:00+00:00,23434.5,23435.25,23423.2,23423.85,0
2026-06-04 05:19:00+00:00,23423.5,23425.4,23415.35,23420.05,0
2026-06-04 05:20:00+00:00,23420.3,23428.2,23420.3,23422.75,0
2026-06-04 05:21:00+00:00,23423.25,23425.45,23409.8,23417.0,0
2026-06-04 05:22:00+00:00,23416.9,23419.05,23413.5,23417.0,0
2026-06-04 05:23:00+00:00,23415.8,23423.15,23414.8,23422.7,0
2026-06-04 05:24:00+00:00,23422.05,23426.6,23420.65,23421.6,0
2026-06-04 05:25:00+00:00,23421.4,23429.2,23421.4,23428.55,0
2026-06-04 05:26:00+00:00,23428.6,23433.25,23423.45,23430.15,0
2026-06-04 05:27:00+00:00,23430.65,23433.65,23428.95,23430.8,0
2026-06-04 05:28:00+00:00,23430.8,23434.65,23428.45,23432.85,0
2026-06-04 05:29:00+00:00,23432.7,23433.5,23423.8,23424.9,0
2026-06-04 05:30:00+00:00,23424.1,23430.35,23422.95,23427.75,0
2026-06-04 05:31:00+00:00,23428.55,23430.0,23423.95,23426.3,0
2026-06-04 05:32:00+00:00,23425.1,23426.4,23410.2,23411.15,0
2026-06-04 05:33:00+00:00,23410.8,23411.8,23385.85,23385.85,0
2026-06-04 05:34:00+00:00,23385.55,23405.7,23385.35,23398.4,0
2026-06-04 05:35:00+00:00,23398.1,23400.4,23389.45,23391.0,0
2026-06-04 05:36:00+00:00,23391.2,23391.75,23374.8,23377.4,0
2026-06-04 05:37:00+00:00,23378.5,23387.2,23376.3,23386.0,0
2026-06-04 05:38:00+00:00,23386.4,23396.45,23383.1,23383.1,0
2026-06-04 05:39:00+00:00,23382.5,23387.9,23380.6,23385.4,0
2026-06-04 05:40:00+00:00,23385.7,23389.65,23383.75,23386.35,0
2026-06-04 05:41:00+00:00,23386.8,23395.65,23386.8,23391.05,0
2026-06-04 05:42:00+00:00,23391.4,23392.2,23382.95,23385.25,0
2026-06-04 05:43:00+00:00,23385.4,23400.15,23383.3,23399.25,0
2026-06-04 05:44:00+00:00,23397.85,23405.6,23394.55,23401.85,0
2026-06-04 05:45:00+00:00,23402.05,23403.8,23396.2,23396.25,0
2026-06-04 05:46:00+00:00,23396.6,23399.6,23393.45,23396.5,0
2026-06-04 05:47:00+00:00,23396.9,23403.05,23394.75,23401.6,0
2026-06-04 05:48:00+00:00,23401.55,23403.2,23394.1,23396.1,0
2026-06-04 05:49:00+00:00,23396.0,23396.5,23385.05,23385.05,0
2026-06-04 05:50:00+00:00,23385.05,23392.15,23384.4,23389.05,0
2026-06-04 05:51:00+00:00,23388.35,23390.5,23384.25,23388.85,0
2026-06-04 05:52:00+00:00,23388.6,23394.1,23384.15,23385.1,0
2026-06-04 05:53:00+00:00,23385.5,23389.9,23383.95,23387.95,0
2026-06-04 05:54:00+00:00,23388.1,23392.6,23384.25,23389.1,0
2026-06-04 05:55:00+00:00,23389.35,23391.8,23382.45,23382.75,0
2026-06-04 05:56:00+00:00,23382.6,23390.5,23379.5,23388.7,0
2026-06-04 05:57:00+00:00,23389.35,23399.75,23389.35,23398.85,0
2026-06-04 05:58:00+00:00,23399.0,23403.75,23392.2,23393.1,0
2026-06-04 05:59:00+00:00,23393.0,23399.25,23388.5,23392.7,0
2026-06-04 06:00:00+00:00,23392.65,23394.05,23384.35,23387.0,0
2026-06-04 06:01:00+00:00,23386.65,23390.95,23369.45,23369.85,0
2026-06-04 06:02:00+00:00,23367.45,23384.2,23359.45,23381.65,0
2026-06-04 06:03:00+00:00,23380.25,23391.45,23379.3,23389.65,0
2026-06-04 06:04:00+00:00,23389.95,23401.8,23389.7,23401.55,0
2026-06-04 06:05:00+00:00,23401.45,23417.35,23397.6,23414.7,0
2026-06-04 06:06:00+00:00,23414.55,23431.35,23413.75,23428.3,0
2026-06-04 06:07:00+00:00,23428.45,23446.3,23428.0,23444.1,0
2026-06-04 06:08:00+00:00,23444.35,23446.05,23435.4,23439.1,0
2026-06-04 06:09:00+00:00,23439.0,23446.45,23438.55,23445.7,0
2026-06-04 06:10:00+00:00,23445.65,23448.3,23443.45,23445.45,0
2026-06-04 06:11:00+00:00,23445.95,23453.9,23442.65,23453.8,0
2026-06-04 06:12:00+00:00,23454.05,23462.3,23454.05,23458.1,0
2026-06-04 06:13:00+00:00,23458.5,23458.5,23448.25,23450.35,0
2026-06-04 06:14:00+00:00,23449.8,23451.7,23442.6,23443.65,0
2026-06-04 06:15:00+00:00,23443.75,23449.45,23442.05,23448.2,0
2026-06-04 06:16:00+00:00,23448.35,23451.65,23445.0,23445.6,0
2026-06-04 06:17:00+00:00,23445.15,23446.55,23438.35,23441.35,0
2026-06-04 06:18:00+00:00,23440.65,23445.3,23435.45,23436.3,0
2026-06-04 06:19:00+00:00,23436.2,23442.15,23436.2,23439.9,0
2026-06-04 06:20:00+00:00,23439.3,23442.5,23436.3,23440.75,0
2026-06-04 06:21:00+00:00,23440.15,23440.15,23432.65,23434.75,0
2026-06-04 06:22:00+00:00,23434.85,23440.35,23428.5,23428.5,0
2026-06-04 06:23:00+00:00,23428.75,23429.1,23410.15,23411.65,0
2026-06-04 06:24:00+00:00,23411.3,23411.7,23398.75,23402.3,0
2026-06-04 06:25:00+00:00,23403.1,23415.45,23397.0,23414.75,0
2026-06-04 06:26:00+00:00,23415.4,23419.0,23412.3,23416.9,0
2026-06-04 06:27:00+00:00,23416.05,23431.05,23416.05,23418.4,0
2026-06-04 06:28:00+00:00,23418.35,23425.65,23415.45,23418.05,0
2026-06-04 06:29:00+00:00,23417.7,23425.75,23416.6,23419.05,0
2026-06-04 06:30:00+00:00,23419.15,23435.8,23416.25,23435.4,0
2026-06-04 06:31:00+00:00,23435.35,23435.55,23417.1,23421.75,0
2026-06-04 06:32:00+00:00,23421.45,23431.0,23420.05,23429.6,0
2026-06-04 06:33:00+00:00,23428.4,23441.35,23428.4,23441.35,0
2026-06-04 06:34:00+00:00,23440.35,23441.75,23430.1,23431.2,0
2026-06-04 06:35:00+00:00,23431.4,23438.05,23429.4,23437.15,0
2026-06-04 06:36:00+00:00,23437.9,23439.35,23432.1,23436.25,0
2026-06-04 06:37:00+00:00,23436.15,23441.55,23431.75,23436.7,0
2026-06-04 06:38:00+00:00,23436.7,23445.7,23436.35,23440.1,0
2026-06-04 06:39:00+00:00,23440.3,23447.85,23439.05,23445.15,0
2026-06-04 06:40:00+00:00,23445.85,23450.45,23439.05,23442.3,0
2026-06-04 06:41:00+00:00,23442.4,23448.25,23438.95,23442.75,0
2026-06-04 06:42:00+00:00,23442.9,23444.15,23429.25,23430.05,0
2026-06-04 06:43:00+00:00,23430.4,23438.7,23428.75,23436.55,0
2026-06-04 06:44:00+00:00,23436.45,23449.55,23435.5,23439.7,0
2026-06-04 06:45:00+00:00,23439.25,23444.0,23436.5,23440.0,0
2026-06-04 06:46:00+00:00,23438.95,23448.4,23434.9,23448.3,0
2026-06-04 06:47:00+00:00,23445.8,23450.0,23439.1,23439.45,0
2026-06-04 06:48:00+00:00,23440.05,23442.85,23431.75,23433.95,0
2026-06-04 06:49:00+00:00,23433.8,23435.2,23428.1,23430.55,0
2026-06-04 06:50:00+00:00,23430.0,23437.3,23430.0,23433.85,0
2026-06-04 06:51:00+00:00,23433.1,23434.25,23423.35,23426.75,0
2026-06-04 06:52:00+00:00,23426.05,23433.4,23425.75,23431.75,0
2026-06-04 06:53:00+00:00,23431.5,23433.75,23428.45,23428.65,0
2026-06-04 06:54:00+00:00,23429.1,23430.45,23424.55,23428.8,0
2026-06-04 06:55:00+00:00,23428.5,23435.3,23428.4,23429.2,0
2026-06-04 06:56:00+00:00,23428.85,23430.25,23423.2,23426.0,0
2026-06-04 06:57:00+00:00,23425.1,23430.3,23424.3,23428.5,0
2026-06-04 06:58:00+00:00,23428.1,23429.3,23422.25,23424.65,0
2026-06-04 06:59:00+00:00,23423.9,23433.1,23423.9,23430.65,0
2026-06-04 07:00:00+00:00,23430.45,23432.0,23422.85,23425.95,0
2026-06-04 07:01:00+00:00,23425.2,23427.2,23413.35,23415.65,0
2026-06-04 07:02:00+00:00,23415.5,23416.7,23407.7,23411.75,0
2026-06-04 07:03:00+00:00,23411.05,23411.85,23397.75,23398.75,0
2026-06-04 07:04:00+00:00,23398.35,23401.65,23395.95,23397.05,0
2026-06-04 07:05:00+00:00,23396.55,23397.5,23384.05,23394.3,0
2026-06-04 07:06:00+00:00,23394.4,23395.15,23386.95,23388.9,0
2026-06-04 07:07:00+00:00,23389.4,23390.8,23381.3,23384.85,0
2026-06-04 07:08:00+00:00,23385.1,23393.85,23385.1,23389.75,0
2026-06-04 07:09:00+00:00,23389.5,23402.05,23389.5,23402.05,0
2026-06-04 07:10:00+00:00,23402.35,23406.0,23391.95,23397.55,0
2026-06-04 07:11:00+00:00,23397.9,23400.15,23393.9,23396.4,0
2026-06-04 07:12:00+00:00,23396.0,23401.65,23392.5,23394.05,0
2026-06-04 07:13:00+00:00,23393.85,23398.45,23391.45,23393.05,0
2026-06-04 07:14:00+00:00,23393.0,23396.65,23383.5,23385.35,0
2026-06-04 07:15:00+00:00,23384.45,23391.05,23382.9,23384.8,0
2026-06-04 07:16:00+00:00,23384.2,23405.15,23384.1,23404.3,0
2026-06-04 07:17:00+00:00,23404.25,23404.35,23395.65,23398.15,0
2026-06-04 07:18:00+00:00,23399.25,23403.6,23389.6,23391.9,0
2026-06-04 07:19:00+00:00,23390.5,23399.8,23390.4,23399.0,0
2026-06-04 07:20:00+00:00,23398.45,23402.5,23394.25,23394.8,0
2026-06-04 07:21:00+00:00,23394.6,23396.3,23390.05,23392.05,0
2026-06-04 07:22:00+00:00,23392.55,23395.05,23391.15,23391.75,0
2026-06-04 07:23:00+00:00,23391.95,23400.7,23391.75,23399.15,0
2026-06-04 07:24:00+00:00,23399.2,23405.0,23397.25,23405.0,0
2026-06-04 07:25:00+00:00,23405.1,23411.95,23403.9,23411.95,0
2026-06-04 07:26:00+00:00,23411.85,23416.05,23410.0,23413.3,0
2026-06-04 07:27:00+00:00,23413.2,23413.95,23402.85,23404.0,0
2026-06-04 07:28:00+00:00,23404.1,23414.0,23401.25,23414.0,0
2026-06-04 07:29:00+00:00,23414.0,23415.9,23410.6,23415.9,0
2026-06-04 07:30:00+00:00,23415.75,23416.6,23403.7,23404.7,0
2026-06-04 07:31:00+00:00,23404.7,23415.3,23401.5,23413.65,0
2026-06-04 07:32:00+00:00,23413.7,23416.85,23410.1,23413.6,0
2026-06-04 07:33:00+00:00,23413.05,23421.9,23413.0,23420.9,0
2026-06-04 07:34:00+00:00,23421.1,23422.0,23411.4,23411.85,0
2026-06-04 07:35:00+00:00,23411.9,23412.1,23391.6,23396.7,0
2026-06-04 07:36:00+00:00,23395.9,23396.6,23383.1,23392.35,0
2026-06-04 07:37:00+00:00,23392.55,23395.85,23390.0,23392.6,0
2026-06-04 07:38:00+00:00,23392.6,23404.4,23392.2,23403.4,0
2026-06-04 07:39:00+00:00,23405.75,23410.3,23402.5,23405.8,0
2026-06-04 07:40:00+00:00,23405.25,23409.85,23400.7,23401.65,0
2026-06-04 07:41:00+00:00,23401.95,23402.7,23387.5,23388.95,0
2026-06-04 07:42:00+00:00,23388.95,23389.95,23365.6,23377.0,0
2026-06-04 07:43:00+00:00,23376.0,23377.1,23367.65,23368.6,0
2026-06-04 07:44:00+00:00,23368.55,23368.75,23332.8,23334.25,0
2026-06-04 07:45:00+00:00,23333.65,23334.95,23313.15,23325.5,0
2026-06-04 07:46:00+00:00,23324.5,23338.2,23319.45,23332.8,0
2026-06-04 07:47:00+00:00,23333.15,23351.1,23333.15,23344.95,0
2026-06-04 07:48:00+00:00,23345.65,23348.15,23335.9,23340.8,0
2026-06-04 07:49:00+00:00,23340.65,23356.7,23338.75,23353.3,0
2026-06-04 07:50:00+00:00,23352.7,23363.7,23344.95,23344.95,0
2026-06-04 07:51:00+00:00,23343.8,23344.5,23336.1,23341.55,0
2026-06-04 07:52:00+00:00,23341.15,23354.3,23341.15,23352.95,0
2026-06-04 07:53:00+00:00,23353.4,23363.05,23352.8,23358.75,0
2026-06-04 07:54:00+00:00,23357.5,23362.0,23352.65,23356.15,0
2026-06-04 07:55:00+00:00,23354.75,23357.4,23349.85,23351.1,0
2026-06-04 07:56:00+00:00,23350.15,23367.25,23349.45,23364.4,0
2026-06-04 07:57:00+00:00,23364.75,23368.65,23359.65,23364.85,0
2026-06-04 07:58:00+00:00,23364.6,23365.05,23353.5,23363.6,0
2026-06-04 07:59:00+00:00,23364.0,23368.05,23360.45,23362.25,0
2026-06-04 08:00:00+00:00,23362.55,23362.55,23348.7,23350.5,0
2026-06-04 08:01:00+00:00,23350.5,23356.0,23349.55,23354.65,0
2026-06-04 08:02:00+00:00,23355.8,23366.35,23353.8,23364.65,0
2026-06-04 08:03:00+00:00,23365.25,23366.0,23361.25,23361.85,0
2026-06-04 08:04:00+00:00,23361.9,23365.6,23358.35,23365.1,0
2026-06-04 08:05:00+00:00,23364.65,23368.4,23362.85,23364.7,0
2026-06-04 08:06:00+00:00,23363.55,23372.6,23362.3,23371.3,0
2026-06-04 08:07:00+00:00,23371.4,23372.45,23365.45,23367.55,0
2026-06-04 08:08:00+00:00,23368.3,23370.55,23364.9,23370.05,0
2026-06-04 08:09:00+00:00,23369.4,23375.25,23368.65,23372.2,0
2026-06-04 08:10:00+00:00,23372.1,23374.75,23366.9,23369.0,0
2026-06-04 08:11:00+00:00,23368.8,23371.85,23355.15,23356.0,0
2026-06-04 08:12:00+00:00,23355.95,23356.75,23346.15,23355.2,0
2026-06-04 08:13:00+00:00,23354.5,23365.8,23353.7,23361.65,0
2026-06-04 08:14:00+00:00,23361.65,23361.8,23353.9,23361.5,0
2026-06-04 08:15:00+00:00,23360.9,23362.8,23355.35,23357.0,0
2026-06-04 08:16:00+00:00,23357.3,23360.7,23355.85,23359.7,0
2026-06-04 08:17:00+00:00,23360.25,23361.35,23358.25,23359.4,0
2026-06-04 08:18:00+00:00,23359.25,23372.35,23359.0,23370.2,0
2026-06-04 08:19:00+00:00,23370.75,23375.35,23367.75,23369.95,0
2026-06-04 08:20:00+00:00,23370.05,23374.1,23360.8,23362.05,0
2026-06-04 08:21:00+00:00,23362.4,23362.4,23355.3,23355.3,0
2026-06-04 08:22:00+00:00,23355.2,23360.75,23351.8,23360.3,0
2026-06-04 08:23:00+00:00,23361.2,23371.95,23358.75,23362.8,0
2026-06-04 08:24:00+00:00,23362.8,23373.75,23359.75,23365.75,0
2026-06-04 08:25:00+00:00,23365.6,23365.6,23357.0,23361.2,0
2026-06-04 08:26:00+00:00,23361.5,23361.5,23350.25,23352.8,0
2026-06-04 08:27:00+00:00,23352.95,23361.3,23352.3,23359.55,0
2026-06-04 08:28:00+00:00,23359.35,23366.15,23358.15,23365.9,0
2026-06-04 08:29:00+00:00,23366.5,23377.85,23364.9,23367.9,0
2026-06-04 08:30:00+00:00,23368.9,23409.8,23367.75,23409.8,0
2026-06-04 08:31:00+00:00,23410.45,23418.0,23403.25,23410.7,0
2026-06-04 08:32:00+00:00,23407.7,23418.4,23404.65,23416.0,0
2026-06-04 08:33:00+00:00,23415.9,23416.45,23399.65,23400.2,0
2026-06-04 08:34:00+00:00,23398.85,23411.7,23394.85,23410.05,0
2026-06-04 08:35:00+00:00,23410.55,23417.55,23406.15,23414.4,0
2026-06-04 08:36:00+00:00,23414.2,23417.85,23412.3,23412.8,0
2026-06-04 08:37:00+00:00,23412.75,23418.35,23405.35,23417.9,0
2026-06-04 08:38:00+00:00,23417.75,23419.05,23400.25,23415.0,0
2026-06-04 08:39:00+00:00,23417.0,23425.35,23414.0,23424.6,0
2026-06-04 08:40:00+00:00,23424.35,23433.75,23419.65,23419.65,0
2026-06-04 08:41:00+00:00,23419.8,23421.75,23417.25,23418.25,0
2026-06-04 08:42:00+00:00,23418.1,23420.9,23415.65,23416.7,0
2026-06-04 08:43:00+00:00,23416.35,23418.05,23413.5,23414.8,0
2026-06-04 08:44:00+00:00,23415.1,23419.8,23412.85,23413.9,0
2026-06-04 08:45:00+00:00,23414.3,23429.15,23413.9,23422.85,0
2026-06-04 08:46:00+00:00,23423.15,23426.7,23421.0,23421.9,0
2026-06-04 08:47:00+00:00,23421.9,23425.0,23417.95,23422.45,0
2026-06-04 08:48:00+00:00,23422.55,23426.65,23421.1,23423.3,0
2026-06-04 08:49:00+00:00,23423.05,23424.3,23414.0,23417.3,0
2026-06-04 08:50:00+00:00,23417.6,23424.9,23413.1,23413.25,0
2026-06-04 08:51:00+00:00,23413.4,23417.55,23411.55,23415.55,0
2026-06-04 08:52:00+00:00,23415.65,23415.65,23406.15,23406.75,0
2026-06-04 08:53:00+00:00,23405.9,23413.4,23405.9,23412.65,0
2026-06-04 08:54:00+00:00,23413.05,23414.6,23410.65,23413.35,0
2026-06-04 08:55:00+00:00,23413.5,23419.35,23413.35,23417.95,0
2026-06-04 08:56:00+00:00,23417.8,23429.15,23417.0,23423.8,0
2026-06-04 08:57:00+00:00,23423.5,23424.95,23421.45,23422.65,0
2026-06-04 08:58:00+00:00,23422.65,23425.7,23420.55,23422.75,0
2026-06-04 08:59:00+00:00,23423.1,23423.7,23417.9,23419.75,0
2026-06-04 09:00:00+00:00,23420.1,23444.55,23415.3,23440.35,0
2026-06-04 09:01:00+00:00,23440.25,23448.3,23429.2,23436.6,0
2026-06-04 09:02:00+00:00,23436.7,23437.8,23430.6,23431.65,0
2026-06-04 09:03:00+00:00,23432.1,23435.75,23417.95,23433.25,0
2026-06-04 09:04:00+00:00,23433.4,23439.15,23428.8,23429.0,0
2026-06-04 09:05:00+00:00,23430.0,23442.15,23429.95,23440.1,0
2026-06-04 09:06:00+00:00,23441.7,23443.55,23437.3,23438.4,0
2026-06-04 09:07:00+00:00,23437.85,23444.65,23435.4,23436.9,0
2026-06-04 09:08:00+00:00,23436.85,23452.1,23436.6,23449.0,0
2026-06-04 09:09:00+00:00,23449.65,23452.85,23448.05,23448.5,0
2026-06-04 09:10:00+00:00,23449.35,23450.15,23442.45,23447.0,0
2026-06-04 09:11:00+00:00,23446.5,23448.55,23438.75,23439.4,0
2026-06-04 09:12:00+00:00,23440.65,23448.2,23438.2,23441.6,0
2026-06-04 09:13:00+00:00,23441.05,23441.85,23435.35,23436.4,0
2026-06-04 09:14:00+00:00,23437.4,23440.35,23431.8,23433.2,0
2026-06-04 09:15:00+00:00,23433.3,23436.25,23427.85,23432.4,0
2026-06-04 09:16:00+00:00,23432.3,23465.3,23432.3,23450.2,0
2026-06-04 09:17:00+00:00,23449.1,23454.05,23446.65,23448.95,0
2026-06-04 09:18:00+00:00,23449.55,23450.55,23446.3,23447.85,0
2026-06-04 09:19:00+00:00,23447.65,23448.35,23432.8,23437.6,0
2026-06-04 09:20:00+00:00,23438.1,23441.45,23434.4,23438.6,0
2026-06-04 09:21:00+00:00,23438.0,23441.45,23418.0,23419.05,0
2026-06-04 09:22:00+00:00,23418.85,23427.75,23411.1,23423.35,0
2026-06-04 09:23:00+00:00,23422.55,23422.55,23412.2,23416.2,0
2026-06-04 09:24:00+00:00,23415.95,23417.3,23406.8,23407.65,0
2026-06-04 09:25:00+00:00,23406.55,23417.3,23406.55,23416.4,0
2026-06-04 09:26:00+00:00,23416.2,23417.05,23413.65,23414.35,0
2026-06-04 09:27:00+00:00,23414.15,23415.9,23411.45,23414.85,0
2026-06-04 09:28:00+00:00,23415.3,23416.25,23402.7,23408.9,0
2026-06-04 09:29:00+00:00,23409.15,23416.65,23408.55,23415.15,0
2026-06-04 09:30:00+00:00,23414.8,23418.35,23387.8,23390.75,0
2026-06-04 09:31:00+00:00,23390.45,23400.35,23385.3,23396.3,0
2026-06-04 09:32:00+00:00,23396.8,23404.2,23393.35,23397.0,0
2026-06-04 09:33:00+00:00,23396.85,23407.75,23394.6,23403.8,0
2026-06-04 09:34:00+00:00,23400.8,23408.95,23389.15,23390.65,0
2026-06-04 09:35:00+00:00,23390.7,23416.75,23388.4,23414.8,0
2026-06-04 09:36:00+00:00,23414.85,23415.8,23398.6,23398.65,0
2026-06-04 09:37:00+00:00,23398.1,23406.45,23396.45,23405.25,0
2026-06-04 09:38:00+00:00,23404.7,23406.35,23402.35,23403.4,0
2026-06-04 09:39:00+00:00,23402.9,23413.7,23401.1,23412.65,0
2026-06-04 09:40:00+00:00,23413.1,23415.1,23409.75,23411.2,0
2026-06-04 09:41:00+00:00,23410.15,23419.0,23410.15,23414.75,0
2026-06-04 09:42:00+00:00,23415.0,23418.5,23411.85,23416.35,0
2026-06-04 09:43:00+00:00,23416.85,23418.7,23412.25,23417.35,0
2026-06-04 09:44:00+00:00,23417.15,23420.35,23414.6,23418.05,0
2026-06-04 09:45:00+00:00,23417.05,23419.6,23413.0,23417.8,0
2026-06-04 09:46:00+00:00,23417.15,23426.0,23417.15,23423.85,0
2026-06-04 09:47:00+00:00,23424.1,23425.35,23417.95,23418.5,0
2026-06-04 09:48:00+00:00,23418.45,23428.45,23418.45,23425.95,0
2026-06-04 09:49:00+00:00,23427.55,23427.85,23419.7,23419.7,0
2026-06-04 09:50:00+00:00,23419.6,23421.85,23414.15,23418.35,0
2026-06-04 09:51:00+00:00,23419.15,23419.55,23411.7,23416.95,0
2026-06-04 09:52:00+00:00,23416.15,23424.7,23414.75,23423.25,0
2026-06-04 09:53:00+00:00,23423.0,23434.35,23422.0,23432.3,0
2026-06-04 09:54:00+00:00,23432.75,23433.85,23429.15,23430.2,0
2026-06-04 09:55:00+00:00,23429.7,23441.35,23428.2,23440.5,0
2026-06-04 09:56:00+00:00,23441.8,23444.3,23438.4,23439.5,0
2026-06-04 09:57:00+00:00,23439.7,23442.8,23436.45,23440.05,0
2026-06-04 09:58:00+00:00,23438.35,23442.95,23436.35,23436.85,0
2026-06-04 09:59:00+00:00,23438.9,23446.8,23434.2,23438.0,0
