datetime,open,high,low,close,volume
2026-07-17 03:45:00+00:00,24127.6,24153.7,24099.05,24151.25,0
2026-07-17 03:46:00+00:00,24152.4,24171.35,24152.4,24171.0,0
2026-07-17 03:47:00+00:00,24168.6,24180.4,24167.4,24176.15,0
2026-07-17 03:48:00+00:00,24176.1,24189.9,24170.5,24187.4,0
2026-07-17 03:49:00+00:00,24186.7,24194.9,24183.4,24187.85,0
2026-07-17 03:50:00+00:00,24188.9,24196.25,24184.9,24187.75,0
2026-07-17 03:51:00+00:00,24188.95,24191.25,24183.5,24185.75,0
2026-07-17 03:52:00+00:00,24186.75,24191.4,24182.95,24188.75,0
2026-07-17 03:53:00+00:00,24188.75,24191.3,24184.25,24186.15,0
2026-07-17 03:54:00+00:00,24187.3,24194.0,24182.65,24191.9,0
2026-07-17 03:55:00+00:00,24193.3,24202.8,24192.85,24198.85,0
2026-07-17 03:56:00+00:00,24200.5,24205.95,24198.15,24199.8,0
2026-07-17 03:57:00+00:00,24200.5,24205.0,24196.95,24202.85,0
2026-07-17 03:58:00+00:00,24200.9,24207.4,24200.25,24204.8,0
2026-07-17 03:59:00+00:00,24205.75,24211.7,24202.45,24210.0,0
2026-07-17 04:00:00+00:00,24211.65,24216.75,24201.65,24203.7,0
2026-07-17 04:01:00+00:00,24204.65,24207.25,24196.4,24196.85,0
2026-07-17 04:02:00+00:00,24198.2,24205.2,24193.2,24205.2,0
2026-07-17 04:03:00+00:00,24206.05,24213.5,24204.3,24210.7,0
2026-07-17 04:04:00+00:00,24212.3,24220.25,24205.6,24206.6,0
2026-07-17 04:05:00+00:00,24207.0,24209.75,24204.1,24207.05,0
2026-07-17 04:06:00+00:00,24207.4,24210.2,24203.05,24209.4,0
2026-07-17 04:07:00+00:00,24209.55,24217.05,24209.05,24216.25,0
2026-07-17 04:08:00+00:00,24216.25,24224.15,24215.5,24221.55,0
2026-07-17 04:09:00+00:00,24222.45,24225.35,24217.4,24219.15,0
2026-07-17 04:10:00+00:00,24218.45,24224.05,24216.6,24221.05,0
2026-07-17 04:11:00+00:00,24222.25,24225.65,24218.7,24222.2,0
2026-07-17 04:12:00+00:00,24221.8,24226.4,24220.0,24224.7,0
2026-07-17 04:13:00+00:00,24224.9,24230.25,24222.4,24225.15,0
2026-07-17 04:14:00+00:00,24227.3,24231.85,24222.7,24231.3,0
2026-07-17 04:15:00+00:00,24231.8,24243.75,24231.05,24234.5,0
2026-07-17 04:16:00+00:00,24234.6,24242.1,24233.05,24241.45,0
2026-07-17 04:17:00+00:00,24241.7,24245.3,24236.35,24236.35,0
2026-07-17 04:18:00+00:00,24236.4,24242.15,24236.05,24240.05,0
2026-07-17 04:19:00+00:00,24240.7,24241.9,24234.3,24236.85,0
2026-07-17 04:20:00+00:00,24236.8,24246.95,24236.8,24243.2,0
2026-07-17 04:21:00+00:00,24242.4,24242.5,24227.35,24228.9,0
2026-07-17 04:22:00+00:00,24229.7,24231.9,24227.6,24229.95,0
2026-07-17 04:23:00+00:00,24229.55,24235.4,24227.3,24233.1,0
2026-07-17 04:24:00+00:00,24233.85,24243.8,24233.0,24240.0,0
2026-07-17 04:25:00+00:00,24241.3,24242.05,24230.05,24230.2,0
2026-07-17 04:26:00+00:00,24231.5,24232.2,24222.05,24223.1,0
2026-07-17 04:27:00+00:00,24223.9,24224.6,24217.35,24219.35,0
2026-07-17 04:28:00+00:00,24219.9,24229.05,24217.85,24229.05,0
2026-07-17 04:29:00+00:00,24229.15,24231.6,24225.55,24228.85,0
2026-07-17 04:30:00+00:00,24230.3,24235.35,24221.65,24221.65,0
2026-07-17 04:31:00+00:00,24222.45,24225.3,24210.25,24212.35,0
2026-07-17 04:32:00+00:00,24213.35,24219.3,24213.1,24215.95,0
2026-07-17 04:33:00+00:00,24215.9,24218.3,24210.3,24214.95,0
2026-07-17 04:34:00+00:00,24214.7,24218.65,24210.4,24214.5,0
2026-07-17 04:35:00+00:00,24215.45,24222.95,24211.05,24221.3,0
2026-07-17 04:36:00+00:00,24221.8,24229.5,24221.25,24222.7,0
2026-07-17 04:37:00+00:00,24224.05,24227.05,24221.9,24225.65,0
2026-07-17 04:38:00+00:00,24225.6,24228.85,24219.85,24227.6,0
2026-07-17 04:39:00+00:00,24227.25,24236.0,24227.25,24231.95,0
2026-07-17 04:40:00+00:00,24232.45,24234.15,24229.9,24230.65,0
2026-07-17 04:41:00+00:00,24231.9,24234.25,24229.8,24233.25,0
2026-07-17 04:42:00+00:00,24233.05,24241.9,24231.25,24239.9,0
2026-07-17 04:43:00+00:00,24240.65,24249.2,24240.0,24244.9,0
2026-07-17 04:44:00+00:00,24246.1,24246.4,24239.05,24239.85,0
2026-07-17 04:45:00+00:00,24240.95,24246.7,24238.2,24245.7,0
2026-07-17 04:46:00+00:00,24245.75,24248.75,24244.15,24247.15,0
2026-07-17 04:47:00+00:00,24247.7,24254.85,24246.35,24253.65,0
2026-07-17 04:48:00+00:00,24254.1,24275.5,24252.25,24274.45,0
2026-07-17 04:49:00+00:00,24274.7,24279.0,24271.1,24273.95,0
2026-07-17 04:50:00+00:00,24273.85,24275.9,24266.35,24266.75,0
2026-07-17 04:51:00+00:00,24267.45,24270.75,24264.7,24268.3,0
2026-07-17 04:52:00+00:00,24268.55,24268.75,24262.95,24262.95,0
2026-07-17 04:53:00+00:00,24263.3,24263.5,24257.5,24258.8,0
2026-07-17 04:54:00+00:00,24259.05,24259.25,24253.85,24255.6,0
2026-07-17 04:55:00+00:00,24256.9,24265.7,24254.95,24263.9,0
2026-07-17 04:56:00+00:00,24265.6,24266.5,24262.25,24265.75,0
2026-07-17 04:57:00+00:00,24265.85,24269.95,24264.15,24267.65,0
2026-07-17 04:58:00+00:00,24267.65,24276.95,24266.75,24273.3,0
2026-07-17 04:59:00+00:00,24274.1,24282.6,24272.6,24281.55,0
2026-07-17 05:00:00+00:00,24282.55,24284.0,24276.1,24279.4,0
2026-07-17 05:01:00+00:00,24280.6,24284.6,24278.5,24283.1,0
2026-07-17 05:02:00+00:00,24283.6,24288.9,24281.3,24285.2,0
2026-07-17 05:03:00+00:00,24285.1,24285.1,24276.4,24279.65,0
2026-07-17 05:04:00+00:00,24281.35,24286.15,24279.2,24284.3,0
2026-07-17 05:05:00+00:00,24284.85,24286.65,24271.6,24272.2,0
2026-07-17 05:06:00+00:00,24273.2,24275.2,24268.7,24272.5,0
2026-07-17 05:07:00+00:00,24272.95,24275.0,24266.8,24267.25,0
2026-07-17 05:08:00+00:00,24267.7,24268.45,24262.8,24267.8,0
2026-07-17 05:09:00+00:00,24268.6,24269.4,24265.3,24267.25,0
2026-07-17 05:10:00+00:00,24267.7,24269.55,24264.45,24268.45,0
2026-07-17 05:11:00+00:00,24267.8,24271.4,24267.0,24270.75,0
2026-07-17 05:12:00+00:00,24271.15,24274.35,24268.6,24269.25,0
2026-07-17 05:13:00+00:00,24269.55,24270.15,24244.2,24248.15,0
2026-07-17 05:14:00+00:00,24252.1,24259.7,24248.05,24259.1,0
2026-07-17 05:15:00+00:00,24259.05,24262.65,24247.05,24253.3,0
2026-07-17 05:16:00+00:00,24253.5,24253.5,24245.05,24252.5,0
2026-07-17 05:17:00+00:00,24252.1,24256.05,24251.3,24254.4,0
2026-07-17 05:18:00+00:00,24256.1,24258.25,24253.55,24253.6,0
2026-07-17 05:19:00+00:00,24254.0,24255.1,24248.2,24249.9,0
2026-07-17 05:20:00+00:00,24249.9,24253.45,24247.9,24251.05,0
2026-07-17 05:21:00+00:00,24252.5,24253.65,24247.05,24248.9,0
2026-07-17 05:22:00+00:00,24250.0,24252.9,24246.15,24251.75,0
2026-07-17 05:23:00+00:00,24252.45,24258.25,24252.0,24256.2,0
2026-07-17 05:24:00+00:00,24257.35,24260.8,24250.3,24255.55,0
2026-07-17 05:25:00+00:00,24252.05,24257.05,24249.1,24256.75,0
2026-07-17 05:26:00+00:00,24257.8,24262.75,24253.6,24255.85,0
2026-07-17 05:27:00+00:00,24257.0,24258.7,24252.6,24256.5,0
2026-07-17 05:28:00+00:00,24257.0,24260.0,24254.85,24257.75,0
2026-07-17 05:29:00+00:00,24258.65,24259.0,24251.7,24257.0,0
2026-07-17 05:30:00+00:00,24257.05,24262.15,24256.15,24259.9,0
2026-07-17 05:31:00+00:00,24260.2,24262.6,24255.1,24256.6,0
2026-07-17 05:32:00+00:00,24255.6,24255.7,24247.5,24248.55,0
2026-07-17 05:33:00+00:00,24248.55,24254.2,24248.35,24250.15,0
2026-07-17 05:34:00+00:00,24251.55,24258.65,24251.1,24258.15,0
2026-07-17 05:35:00+00:00,24258.85,24264.15,24256.4,24262.2,0
2026-07-17 05:36:00+00:00,24261.6,24262.8,24255.7,24261.9,0
2026-07-17 05:37:00+00:00,24263.2,24263.2,24245.7,24246.15,0
2026-07-17 05:38:00+00:00,24246.55,24246.8,24235.35,24238.35,0
2026-07-17 05:39:00+00:00,24238.85,24244.5,24238.15,24241.9,0
2026-07-17 05:40:00+00:00,24243.5,24244.85,24237.3,24238.9,0
2026-07-17 05:41:00+00:00,24239.95,24244.35,24238.7,24240.75,0
2026-07-17 05:42:00+00:00,24241.65,24242.15,24238.35,24241.7,0
2026-07-17 05:43:00+00:00,24242.0,24243.55,24236.95,24237.9,0
2026-07-17 05:44:00+00:00,24237.75,24238.35,24230.9,24235.7,0
2026-07-17 05:45:00+00:00,24237.3,24240.65,24233.95,24237.6,0
2026-07-17 05:46:00+00:00,24238.95,24239.45,24232.65,24235.35,0
2026-07-17 05:47:00+00:00,24236.55,24242.1,24235.5,24239.5,0
2026-07-17 05:48:00+00:00,24240.45,24240.5,24234.45,24236.9,0
2026-07-17 05:49:00+00:00,24237.95,24243.35,24235.7,24241.65,0
2026-07-17 05:50:00+00:00,24242.75,24243.55,24239.55,24241.75,0
2026-07-17 05:51:00+00:00,24242.7,24244.7,24238.85,24241.7,0
2026-07-17 05:52:00+00:00,24243.35,24250.6,24242.5,24249.45,0
2026-07-17 05:53:00+00:00,24250.2,24250.2,24235.75,24238.45,0
2026-07-17 05:54:00+00:00,24240.65,24246.3,24237.05,24246.2,0
2026-07-17 05:55:00+00:00,24246.7,24248.2,24241.2,24242.8,0
2026-07-17 05:56:00+00:00,24242.7,24242.7,24238.0,24240.8,0
2026-07-17 05:57:00+00:00,24241.4,24246.1,24241.3,24243.5,0
2026-07-17 05:58:00+00:00,24244.45,24247.85,24241.75,24245.2,0
2026-07-17 05:59:00+00:00,24245.75,24250.9,24243.0,24243.0,0
2026-07-17 06:00:00+00:00,24243.9,24248.2,24243.2,24244.15,0
2026-07-17 06:01:00+00:00,24244.9,24248.05,24243.35,24245.35,0
2026-07-17 06:02:00+00:00,24246.2,24247.35,24241.45,24242.85,0
2026-07-17 06:03:00+00:00,24243.5,24248.95,24241.0,24248.0,0
2026-07-17 06:04:00+00:00,24248.95,24256.85,24247.05,24252.6,0
2026-07-17 06:05:00+00:00,24253.0,24258.85,24252.0,24258.15,0
2026-07-17 06:06:00+00:00,24258.55,24259.45,24250.5,24250.85,0
2026-07-17 06:07:00+00:00,24251.6,24254.25,24245.05,24246.9,0
2026-07-17 06:08:00+00:00,24247.65,24251.95,24244.6,24251.2,0
2026-07-17 06:09:00+00:00,24251.95,24257.2,24248.85,24257.05,0
2026-07-17 06:10:00+00:00,24257.2,24259.6,24253.95,24258.5,0
2026-07-17 06:11:00+00:00,24259.55,24263.3,24256.8,24263.3,0
2026-07-17 06:12:00+00:00,24264.0,24264.9,24259.85,24261.4,0
2026-07-17 06:13:00+00:00,24261.6,24264.8,24259.1,24262.1,0
2026-07-17 06:14:00+00:00,24262.45,24269.0,24262.0,24267.2,0
2026-07-17 06:15:00+00:00,24268.7,24271.9,24267.15,24271.55,0
2026-07-17 06:16:00+00:00,24272.15,24272.25,24266.55,24269.05,0
2026-07-17 06:17:00+00:00,24269.6,24271.25,24265.1,24266.35,0
2026-07-17 06:18:00+00:00,24267.05,24270.2,24265.2,24267.65,0
2026-07-17 06:19:00+00:00,24268.25,24270.7,24265.3,24267.65,0
2026-07-17 06:20:00+00:00,24268.1,24270.65,24264.9,24270.6,0
2026-07-17 06:21:00+00:00,24270.7,24274.25,24268.9,24272.35,0
2026-07-17 06:22:00+00:00,24272.35,24274.05,24269.65,24273.85,0
2026-07-17 06:23:00+00:00,24273.8,24279.3,24273.5,24278.7,0
2026-07-17 06:24:00+00:00,24279.2,24282.5,24277.6,24279.0,0
2026-07-17 06:25:00+00:00,24279.65,24281.55,24274.0,24274.8,0
2026-07-17 06:26:00+00:00,24275.55,24281.9,24271.35,24279.7,0
2026-07-17 06:27:00+00:00,24280.35,24283.2,24279.1,24279.35,0
2026-07-17 06:28:00+00:00,24280.55,24280.6,24273.75,24275.0,0
2026-07-17 06:29:00+00:00,24275.9,24278.35,24273.85,24277.85,0
2026-07-17 06:30:00+00:00,24277.2,24279.8,24265.55,24270.9,0
2026-07-17 06:31:00+00:00,24270.7,24271.95,24266.75,24268.15,0
2026-07-17 06:32:00+00:00,24269.75,24270.35,24264.9,24267.3,0
2026-07-17 06:33:00+00:00,24267.55,24276.3,24264.85,24275.5,0
2026-07-17 06:34:00+00:00,24275.95,24279.95,24273.6,24274.85,0
2026-07-17 06:35:00+00:00,24275.25,24276.95,24271.4,24274.25,0
2026-07-17 06:36:00+00:00,24274.5,24274.5,24266.2,24267.8,0
2026-07-17 06:37:00+00:00,24269.35,24270.3,24262.1,24263.35,0
2026-07-17 06:38:00+00:00,24264.95,24268.1,24260.7,24268.1,0
2026-07-17 06:39:00+00:00,24269.2,24275.4,24267.75,24274.2,0
2026-07-17 06:40:00+00:00,24274.6,24279.9,24272.9,24274.0,0
2026-07-17 06:41:00+00:00,24275.9,24276.7,24270.45,24271.55,0
2026-07-17 06:42:00+00:00,24272.9,24278.25,24270.45,24275.9,0
2026-07-17 06:43:00+00:00,24276.8,24278.35,24269.8,24270.5,0
2026-07-17 06:44:00+00:00,24271.6,24278.25,24269.0,24276.55,0
2026-07-17 06:45:00+00:00,24277.3,24281.4,24275.95,24280.5,0
2026-07-17 06:46:00+00:00,24281.25,24284.45,24272.15,24274.3,0
2026-07-17 06:47:00+00:00,24274.75,24275.95,24267.35,24272.2,0
2026-07-17 06:48:00+00:00,24272.95,24277.35,24270.3,24275.65,0
2026-07-17 06:49:00+00:00,24276.5,24279.3,24273.65,24275.45,0
2026-07-17 06:50:00+00:00,24276.35,24281.9,24274.65,24280.75,0
2026-07-17 06:51:00+00:00,24282.4,24282.65,24277.0,24279.5,0
2026-07-17 06:52:00+00:00,24280.25,24281.5,24268.6,24271.9,0
2026-07-17 06:53:00+00:00,24272.1,24282.15,24271.95,24281.05,0
2026-07-17 06:54:00+00:00,24282.15,24283.6,24279.05,24281.75,0
2026-07-17 06:55:00+00:00,24282.5,24286.35,24278.55,24278.7,0
2026-07-17 06:56:00+00:00,24279.6,24283.3,24276.45,24277.3,0
2026-07-17 06:57:00+00:00,24278.8,24283.0,24277.05,24278.55,0
2026-07-17 06:58:00+00:00,24279.3,24282.05,24277.9,24277.9,0
2026-07-17 06:59:00+00:00,24279.0,24280.1,24273.2,24277.65,0
2026-07-17 07:00:00+00:00,24278.35,24278.7,24271.65,24274.55,0
2026-07-17 07:01:00+00:00,24274.6,24278.35,24272.9,24277.1,0
2026-07-17 07:02:00+00:00,24277.25,24279.95,24273.1,24273.75,0
2026-07-17 07:03:00+00:00,24274.5,24281.15,24273.45,24280.45,0
2026-07-17 07:04:00+00:00,24280.7,24284.6,24280.15,24281.15,0
2026-07-17 07:05:00+00:00,24282.45,24283.9,24277.5,24281.3,0
2026-07-17 07:06:00+00:00,24282.0,24283.75,24281.15,24281.65,0
2026-07-17 07:07:00+00:00,24282.7,24284.0,24278.35,24278.9,0
2026-07-17 07:08:00+00:00,24280.2,24280.8,24275.25,24278.5,0
2026-07-17 07:09:00+00:00,24278.75,24280.75,24273.95,24277.75,0
2026-07-17 07:10:00+00:00,24278.25,24279.0,24265.95,24266.55,0
2026-07-17 07:11:00+00:00,24266.5,24269.05,24259.75,24269.05,0
2026-07-17 07:12:00+00:00,24269.75,24281.2,24268.7,24280.15,0
2026-07-17 07:13:00+00:00,24280.65,24281.1,24273.2,24275.0,0
2026-07-17 07:14:00+00:00,24275.7,24279.5,24274.35,24277.05,0
2026-07-17 07:15:00+00:00,24277.5,24285.6,24277.0,24283.5,0
2026-07-17 07:16:00+00:00,24283.35,24285.65,24281.55,24282.25,0
2026-07-17 07:17:00+00:00,24283.5,24286.55,24282.55,24286.55,0
2026-07-17 07:18:00+00:00,24287.05,24287.9,24281.95,24287.25,0
2026-07-17 07:19:00+00:00,24287.75,24297.5,24287.75,24294.0,0
2026-07-17 07:20:00+00:00,24294.45,24295.0,24280.05,24283.6,0
2026-07-17 07:21:00+00:00,24282.3,24282.4,24276.8,24281.35,0
2026-07-17 07:22:00+00:00,24281.65,24282.25,24278.7,24279.75,0
2026-07-17 07:23:00+00:00,24280.15,24280.15,24270.9,24272.5,0
2026-07-17 07:24:00+00:00,24273.4,24275.4,24270.85,24273.9,0
2026-07-17 07:25:00+00:00,24274.15,24278.55,24270.7,24271.2,0
2026-07-17 07:26:00+00:00,24271.6,24275.8,24271.0,24274.55,0
2026-07-17 07:27:00+00:00,24275.55,24284.5,24274.05,24280.35,0
2026-07-17 07:28:00+00:00,24281.35,24283.85,24277.5,24278.95,0
2026-07-17 07:29:00+00:00,24280.05,24285.2,24278.65,24283.3,0
2026-07-17 07:30:00+00:00,24283.5,24285.0,24281.6,24282.4,0
2026-07-17 07:31:00+00:00,24282.8,24286.7,24282.45,24283.75,0
2026-07-17 07:32:00+00:00,24284.45,24286.55,24278.55,24278.65,0
2026-07-17 07:33:00+00:00,24279.65,24283.6,24276.35,24279.25,0
2026-07-17 07:34:00+00:00,24280.7,24286.8,24279.75,24279.85,0
2026-07-17 07:35:00+00:00,24281.55,24282.8,24278.3,24281.1,0
2026-07-17 07:36:00+00:00,24282.35,24284.55,24279.65,24283.3,0
2026-07-17 07:37:00+00:00,24283.95,24287.45,24275.95,24276.45,0
2026-07-17 07:38:00+00:00,24277.55,24281.65,24276.55,24279.75,0
2026-07-17 07:39:00+00:00,24280.7,24281.35,24276.55,24278.0,0
2026-07-17 07:40:00+00:00,24277.85,24282.0,24277.45,24279.5,0
2026-07-17 07:41:00+00:00,24280.2,24283.7,24279.25,24279.3,0
2026-07-17 07:42:00+00:00,24280.35,24283.4,24276.5,24277.35,0
2026-07-17 07:43:00+00:00,24277.9,24281.6,24276.2,24276.45,0
2026-07-17 07:44:00+00:00,24277.15,24286.75,24277.15,24282.55,0
2026-07-17 07:45:00+00:00,24282.0,24283.6,24267.8,24271.9,0
2026-07-17 07:46:00+00:00,24269.8,24273.5,24267.8,24272.8,0
2026-07-17 07:47:00+00:00,24273.05,24275.9,24271.95,24275.4,0
2026-07-17 07:48:00+00:00,24275.6,24277.75,24271.9,24272.55,0
2026-07-17 07:49:00+00:00,24273.15,24277.65,24271.2,24273.6,0
2026-07-17 07:50:00+00:00,24274.35,24280.9,24273.95,24277.3,0
2026-07-17 07:51:00+00:00,24277.05,24279.8,24274.25,24277.45,0
2026-07-17 07:52:00+00:00,24277.5,24278.75,24271.4,24274.5,0
2026-07-17 07:53:00+00:00,24274.35,24275.5,24268.4,24269.05,0
2026-07-17 07:54:00+00:00,24269.1,24274.1,24263.7,24266.45,0
2026-07-17 07:55:00+00:00,24266.05,24269.0,24262.3,24268.65,0
2026-07-17 07:56:00+00:00,24269.2,24272.2,24264.1,24265.0,0
2026-07-17 07:57:00+00:00,24264.45,24266.85,24260.7,24261.85,0
2026-07-17 07:58:00+00:00,24262.15,24263.05,24257.4,24260.65,0
2026-07-17 07:59:00+00:00,24261.25,24272.1,24261.25,24267.3,0
2026-07-17 08:00:00+00:00,24267.3,24271.1,24266.8,24269.75,0
2026-07-17 08:01:00+00:00,24269.7,24276.45,24267.15,24268.05,0
2026-07-17 08:02:00+00:00,24268.05,24269.8,24262.95,24266.5,0
2026-07-17 08:03:00+00:00,24266.8,24268.1,24263.25,24263.95,0
2026-07-17 08:04:00+00:00,24264.75,24267.0,24262.7,24265.7,0
2026-07-17 08:05:00+00:00,24266.0,24270.65,24265.7,24267.6,0
2026-07-17 08:06:00+00:00,24268.45,24274.3,24267.6,24269.8,0
2026-07-17 08:07:00+00:00,24268.9,24272.5,24264.65,24264.7,0
2026-07-17 08:08:00+00:00,24264.95,24267.05,24262.15,24265.8,0
2026-07-17 08:09:00+00:00,24265.4,24270.4,24264.45,24269.5,0
2026-07-17 08:10:00+00:00,24269.5,24270.1,24257.25,24258.25,0
2026-07-17 08:11:00+00:00,24258.5,24260.25,24249.85,24254.65,0
2026-07-17 08:12:00+00:00,24254.85,24256.6,24249.2,24251.2,0
2026-07-17 08:13:00+00:00,24251.35,24252.1,24245.9,24248.35,0
2026-07-17 08:14:00+00:00,24248.1,24256.0,24247.55,24254.25,0
2026-07-17 08:15:00+00:00,24253.95,24255.25,24249.25,24252.4,0
2026-07-17 08:16:00+00:00,24251.95,24253.3,24243.85,24245.1,0
2026-07-17 08:17:00+00:00,24244.75,24244.95,24235.75,24238.7,0
2026-07-17 08:18:00+00:00,24238.85,24247.4,24238.35,24247.05,0
2026-07-17 08:19:00+00:00,24246.8,24248.55,24239.2,24239.95,0
2026-07-17 08:20:00+00:00,24239.4,24240.0,24226.0,24226.7,0
2026-07-17 08:21:00+00:00,24227.05,24227.05,24213.45,24215.95,0
2026-07-17 08:22:00+00:00,24215.4,24228.3,24215.4,24222.35,0
2026-07-17 08:23:00+00:00,24221.8,24229.7,24221.8,24229.25,0
2026-07-17 08:24:00+00:00,24230.05,24232.95,24228.65,24232.0,0
2026-07-17 08:25:00+00:00,24232.15,24238.75,24230.25,24236.5,0
2026-07-17 08:26:00+00:00,24236.85,24237.25,24229.7,24232.75,0
2026-07-17 08:27:00+00:00,24232.7,24236.4,24231.7,24233.7,0
2026-07-17 08:28:00+00:00,24232.9,24238.5,24232.65,24237.6,0
2026-07-17 08:29:00+00:00,24237.7,24252.4,24237.55,24250.1,0
2026-07-17 08:30:00+00:00,24247.45,24251.3,24245.95,24248.8,0
2026-07-17 08:31:00+00:00,24248.0,24250.65,24244.65,24246.8,0
2026-07-17 08:32:00+00:00,24246.65,24248.65,24241.8,24243.6,0
2026-07-17 08:33:00+00:00,24242.95,24247.3,24242.25,24246.25,0
2026-07-17 08:34:00+00:00,24246.65,24254.05,24246.55,24250.35,0
2026-07-17 08:35:00+00:00,24250.55,24257.45,24249.95,24254.7,0
2026-07-17 08:36:00+00:00,24254.7,24256.75,24249.45,24249.65,0
2026-07-17 08:37:00+00:00,24249.15,24252.6,24246.35,24251.05,0
2026-07-17 08:38:00+00:00,24250.45,24254.05,24248.1,24251.1,0
2026-07-17 08:39:00+00:00,24251.6,24255.25,24250.65,24252.95,0
2026-07-17 08:40:00+00:00,24253.25,24256.05,24252.75,24254.0,0
2026-07-17 08:41:00+00:00,24254.5,24266.65,24254.5,24265.25,0
2026-07-17 08:42:00+00:00,24264.5,24272.85,24264.5,24271.6,0
2026-07-17 08:43:00+00:00,24271.25,24278.05,24271.25,24277.25,0
2026-07-17 08:44:00+00:00,24276.95,24284.45,24276.95,24280.55,0
2026-07-17 08:45:00+00:00,24281.7,24346.3,24281.7,24345.4,0
2026-07-17 08:46:00+00:00,24345.3,24364.4,24334.2,24362.9,0
2026-07-17 08:47:00+00:00,24362.75,24367.3,24344.0,24347.45,0
2026-07-17 08:48:00+00:00,24347.7,24348.05,24331.55,24332.7,0
2026-07-17 08:49:00+00:00,24332.95,24333.3,24308.3,24308.45,0
2026-07-17 08:50:00+00:00,24308.6,24320.7,24308.5,24312.75,0
2026-07-17 08:51:00+00:00,24313.4,24315.35,24304.45,24308.9,0
2026-07-17 08:52:00+00:00,24309.35,24309.95,24300.95,24300.95,0
2026-07-17 08:53:00+00:00,24300.7,24302.1,24292.7,24292.7,0
2026-07-17 08:54:00+00:00,24293.0,24297.95,24290.8,24297.45,0
2026-07-17 08:55:00+00:00,24298.3,24309.55,24293.3,24307.3,0
2026-07-17 08:56:00+00:00,24306.55,24316.5,24306.55,24311.25,0
2026-07-17 08:57:00+00:00,24310.55,24312.75,24306.7,24310.95,0
2026-07-17 08:58:00+00:00,24310.45,24317.05,24309.25,24309.5,0
2026-07-17 08:59:00+00:00,24309.7,24311.65,24284.65,24287.4,0
2026-07-17 09:00:00+00:00,24287.2,24307.0,24286.85,24304.65,0
2026-07-17 09:01:00+00:00,24304.3,24307.4,24298.1,24300.3,0
2026-07-17 09:02:00+00:00,24299.55,24303.1,24296.35,24299.15,0
2026-07-17 09:03:00+00:00,24299.15,24301.7,24295.05,24295.55,0
2026-07-17 09:04:00+00:00,24296.0,24301.1,24294.9,24298.0,0
2026-07-17 09:05:00+00:00,24299.0,24301.4,24295.85,24298.65,0
2026-07-17 09:06:00+00:00,24298.7,24299.45,24291.1,24293.25,0
2026-07-17 09:07:00+00:00,24293.65,24295.05,24291.0,24293.05,0
2026-07-17 09:08:00+00:00,24292.55,24301.35,24290.0,24298.95,0
2026-07-17 09:09:00+00:00,24298.0,24299.65,24295.85,24297.9,0
2026-07-17 09:10:00+00:00,24298.0,24304.8,24298.0,24302.0,0
2026-07-17 09:11:00+00:00,24302.4,24312.15,24299.7,24311.85,0
2026-07-17 09:12:00+00:00,24310.9,24313.85,24305.75,24310.4,0
2026-07-17 09:13:00+00:00,24310.5,24317.8,24310.5,24312.1,0
2026-07-17 09:14:00+00:00,24312.15,24321.05,24310.95,24317.65,0
2026-07-17 09:15:00+00:00,24318.85,24322.7,24317.5,24319.5,0
2026-07-17 09:16:00+00:00,24318.2,24326.55,24315.9,24325.05,0
2026-07-17 09:17:00+00:00,24323.75,24327.65,24320.35,24321.6,0
2026-07-17 09:18:00+00:00,24322.4,24323.05,24316.4,24320.25,0
2026-07-17 09:19:00+00:00,24321.15,24327.1,24320.7,24324.0,0
2026-07-17 09:20:00+00:00,24323.9,24325.5,24318.05,24320.0,0
2026-07-17 09:21:00+00:00,24319.8,24325.05,24315.35,24317.05,0
2026-07-17 09:22:00+00:00,24316.65,24321.55,24316.5,24319.6,0
2026-07-17 09:23:00+00:00,24319.1,24321.05,24313.9,24320.5,0
2026-07-17 09:24:00+00:00,24321.1,24321.8,24316.25,24320.95,0
2026-07-17 09:25:00+00:00,24321.05,24329.9,24318.55,24327.4,0
2026-07-17 09:26:00+00:00,24328.1,24334.8,24321.45,24324.9,0
2026-07-17 09:27:00+00:00,24325.6,24328.55,24321.6,24321.6,0
2026-07-17 09:28:00+00:00,24321.35,24323.7,24315.15,24315.85,0
2026-07-17 09:29:00+00:00,24316.3,24319.95,24311.7,24311.75,0
2026-07-17 09:30:00+00:00,24311.85,24325.5,24311.2,24323.7,0
2026-07-17 09:31:00+00:00,24323.6,24332.8,24323.4,24325.6,0
2026-07-17 09:32:00+00:00,24326.15,24326.8,24321.05,24324.35,0
2026-07-17 09:33:00+00:00,24324.3,24325.35,24317.8,24317.95,0
2026-07-17 09:34:00+00:00,24318.65,24324.15,24317.1,24322.05,0
2026-07-17 09:35:00+00:00,24321.8,24328.55,24321.75,24327.55,0
2026-07-17 09:36:00+00:00,24327.5,24331.7,24326.35,24330.2,0
2026-07-17 09:37:00+00:00,24329.65,24334.65,24329.35,24334.3,0
2026-07-17 09:38:00+00:00,24333.2,24333.25,24330.2,24332.1,0
2026-07-17 09:39:00+00:00,24331.95,24335.05,24330.45,24333.55,0
2026-07-17 09:40:00+00:00,24332.9,24335.45,24330.5,24331.75,0
2026-07-17 09:41:00+00:00,24331.45,24335.55,24330.1,24332.25,0
2026-07-17 09:42:00+00:00,24332.25,24338.25,24331.7,24336.05,0
2026-07-17 09:43:00+00:00,24335.0,24336.55,24331.7,24334.9,0
2026-07-17 09:44:00+00:00,24335.1,24335.35,24327.95,24328.75,0
2026-07-17 09:45:00+00:00,24328.9,24329.65,24320.3,24323.85,0
2026-07-17 09:46:00+00:00,24324.1,24326.1,24320.95,24322.9,0
2026-07-17 09:47:00+00:00,24323.1,24327.0,24321.75,24325.55,0
2026-07-17 09:48:00+00:00,24325.15,24330.35,24324.45,24328.8,0
2026-07-17 09:49:00+00:00,24327.2,24330.4,24324.8,24329.0,0
2026-07-17 09:50:00+00:00,24327.25,24332.95,24326.35,24332.95,0
2026-07-17 09:51:00+00:00,24332.7,24335.55,24328.5,24333.15,0
2026-07-17 09:52:00+00:00,24333.45,24337.4,24332.25,24336.85,0
2026-07-17 09:53:00+00:00,24337.15,24339.65,24334.2,24337.95,0
2026-07-17 09:54:00+00:00,24336.75,24343.5,24336.6,24342.8,0
2026-07-17 09:55:00+00:00,24341.55,24348.0,24339.75,24345.0,0
2026-07-17 09:56:00+00:00,24344.65,24345.55,24340.4,24342.8,0
2026-07-17 09:57:00+00:00,24341.2,24346.75,24340.75,24344.0,0
2026-07-17 09:58:00+00:00,24345.25,24346.95,24339.2,24339.4,0
2026-07-17 09:59:00+00:00,24342.4,24352.65,24340.05,24346.7,0
2026-07-20 03:45:00+00:00,24190.05,24262.35,24149.9,24252.0,0
2026-07-20 03:46:00+00:00,24252.7,24253.25,24192.9,24217.2,0
2026-07-20 03:47:00+00:00,24216.7,24230.0,24206.5,24225.7,0
2026-07-20 03:48:00+00:00,24226.1,24229.55,24212.05,24216.5,0
2026-07-20 03:49:00+00:00,24216.8,24216.8,24203.25,24209.7,0
2026-07-20 03:50:00+00:00,24205.85,24211.7,24192.15,24198.2,0
2026-07-20 03:51:00+00:00,24196.35,24203.15,24188.9,24188.9,0
2026-07-20 03:52:00+00:00,24189.6,24191.75,24178.3,24187.6,0
2026-07-20 03:53:00+00:00,24187.95,24197.6,24186.5,24192.35,0
2026-07-20 03:54:00+00:00,24192.1,24217.15,24191.45,24212.65,0
2026-07-20 03:55:00+00:00,24213.5,24214.4,24194.25,24198.0,0
2026-07-20 03:56:00+00:00,24197.7,24205.55,24192.85,24203.85,0
2026-07-20 03:57:00+00:00,24204.55,24204.55,24192.95,24196.65,0
2026-07-20 03:58:00+00:00,24197.0,24197.3,24181.65,24188.35,0
2026-07-20 03:59:00+00:00,24188.25,24195.7,24185.2,24191.7,0
2026-07-20 04:00:00+00:00,24191.9,24193.05,24179.85,24182.95,0
2026-07-20 04:01:00+00:00,24184.2,24188.3,24176.4,24181.35,0
2026-07-20 04:02:00+00:00,24182.6,24184.85,24174.9,24182.1,0
2026-07-20 04:03:00+00:00,24178.5,24182.35,24170.2,24175.65,0
2026-07-20 04:04:00+00:00,24175.4,24181.55,24171.05,24180.45,0
2026-07-20 04:05:00+00:00,24182.0,24185.1,24175.9,24183.95,0
2026-07-20 04:06:00+00:00,24184.15,24190.65,24183.4,24189.45,0
2026-07-20 04:07:00+00:00,24191.05,24191.8,24180.75,24181.0,0
2026-07-20 04:08:00+00:00,24182.1,24183.55,24170.35,24172.1,0
2026-07-20 04:09:00+00:00,24172.05,24174.05,24162.75,24162.75,0
2026-07-20 04:10:00+00:00,24162.6,24169.7,24160.95,24168.35,0
2026-07-20 04:11:00+00:00,24167.9,24169.6,24161.7,24161.7,0
2026-07-20 04:12:00+00:00,24161.65,24168.5,24159.6,24167.85,0
2026-07-20 04:13:00+00:00,24168.0,24178.9,24167.35,24175.65,0
2026-07-20 04:14:00+00:00,24175.75,24177.7,24169.05,24171.45,0
2026-07-20 04:15:00+00:00,24170.6,24175.6,24163.15,24163.35,0
2026-07-20 04:16:00+00:00,24164.65,24170.0,24163.9,24166.0,0
2026-07-20 04:17:00+00:00,24167.65,24168.25,24160.55,24161.35,0
2026-07-20 04:18:00+00:00,24161.35,24165.2,24158.1,24159.55,0
2026-07-20 04:19:00+00:00,24159.8,24163.8,24157.5,24163.3,0
2026-07-20 04:20:00+00:00,24162.7,24175.9,24162.05,24172.0,0
2026-07-20 04:21:00+00:00,24171.75,24174.55,24164.25,24165.1,0
2026-07-20 04:22:00+00:00,24164.5,24170.75,24163.15,24169.6,0
2026-07-20 04:23:00+00:00,24170.35,24179.15,24168.55,24172.1,0
2026-07-20 04:24:00+00:00,24172.25,24178.8,24171.95,24178.15,0
2026-07-20 04:25:00+00:00,24176.2,24185.55,24174.75,24183.25,0
2026-07-20 04:26:00+00:00,24183.85,24190.95,24181.7,24189.25,0
2026-07-20 04:27:00+00:00,24189.3,24193.7,24185.0,24192.25,0
2026-07-20 04:28:00+00:00,24190.7,24198.5,24190.45,24196.1,0
2026-07-20 04:29:00+00:00,24195.45,24196.2,24188.2,24190.25,0
2026-07-20 04:30:00+00:00,24191.25,24191.25,24179.8,24187.1,0
2026-07-20 04:31:00+00:00,24187.5,24190.65,24181.8,24186.65,0
2026-07-20 04:32:00+00:00,24187.05,24197.65,24185.95,24195.2,0
2026-07-20 04:33:00+00:00,24195.05,24207.1,24193.0,24197.4,0
2026-07-20 04:34:00+00:00,24198.85,24199.05,24192.25,24194.55,0
2026-07-20 04:35:00+00:00,24194.55,24203.25,24192.4,24201.75,0
2026-07-20 04:36:00+00:00,24202.0,24209.5,24201.55,24202.55,0
2026-07-20 04:37:00+00:00,24202.5,24203.25,24195.7,24199.85,0
2026-07-20 04:38:00+00:00,24199.3,24201.6,24190.5,24191.6,0
2026-07-20 04:39:00+00:00,24192.25,24203.6,24192.25,24201.55,0
2026-07-20 04:40:00+00:00,24201.7,24210.75,24199.85,24207.75,0
2026-07-20 04:41:00+00:00,24207.35,24212.35,24206.0,24212.1,0
2026-07-20 04:42:00+00:00,24212.65,24218.0,24210.75,24217.9,0
2026-07-20 04:43:00+00:00,24218.1,24219.4,24208.6,24209.5,0
2026-07-20 04:44:00+00:00,24210.35,24211.6,24206.25,24209.95,0
2026-07-20 04:45:00+00:00,24210.4,24214.95,24207.35,24214.45,0
2026-07-20 04:46:00+00:00,24213.7,24222.15,24210.55,24222.15,0
2026-07-20 04:47:00+00:00,24221.7,24232.2,24221.1,24229.8,0
2026-07-20 04:48:00+00:00,24231.15,24232.35,24227.5,24229.8,0
2026-07-20 04:49:00+00:00,24230.3,24231.9,24224.3,24228.1,0
2026-07-20 04:50:00+00:00,24228.3,24230.15,24221.35,24222.6,0
2026-07-20 04:51:00+00:00,24222.6,24223.45,24219.25,24222.45,0
2026-07-20 04:52:00+00:00,24222.9,24226.9,24215.6,24217.25,0
2026-07-20 04:53:00+00:00,24217.5,24220.05,24210.8,24211.75,0
2026-07-20 04:54:00+00:00,24211.5,24215.25,24208.0,24213.75,0
2026-07-20 04:55:00+00:00,24213.75,24216.0,24209.9,24214.45,0
2026-07-20 04:56:00+00:00,24214.15,24223.45,24211.95,24223.3,0
2026-07-20 04:57:00+00:00,24223.3,24227.8,24222.25,24223.1,0
2026-07-20 04:58:00+00:00,24223.05,24229.35,24222.75,24228.7,0
2026-07-20 04:59:00+00:00,24228.3,24230.25,24226.45,24230.25,0
2026-07-20 05:00:00+00:00,24229.9,24233.7,24228.05,24233.05,0
2026-07-20 05:01:00+00:00,24233.15,24239.2,24230.3,24235.4,0
2026-07-20 05:02:00+00:00,24236.4,24237.85,24229.4,24235.5,0
2026-07-20 05:03:00+00:00,24235.8,24238.1,24232.65,24235.0,0
2026-07-20 05:04:00+00:00,24234.3,24236.5,24224.2,24224.2,0
2026-07-20 05:05:00+00:00,24225.6,24226.35,24215.5,24217.05,0
2026-07-20 05:06:00+00:00,24217.8,24223.35,24216.3,24220.7,0
2026-07-20 05:07:00+00:00,24220.5,24221.85,24213.95,24215.4,0
2026-07-20 05:08:00+00:00,24215.25,24219.7,24214.35,24218.35,0
2026-07-20 05:09:00+00:00,24218.0,24226.9,24217.4,24224.2,0
2026-07-20 05:10:00+00:00,24224.0,24229.9,24217.05,24217.05,0
2026-07-20 05:11:00+00:00,24217.45,24221.65,24215.9,24216.85,0
2026-07-20 05:12:00+00:00,24217.05,24221.05,24213.55,24217.5,0
2026-07-20 05:13:00+00:00,24217.3,24223.9,24215.9,24223.15,0
2026-07-20 05:14:00+00:00,24223.05,24227.05,24218.45,24218.45,0
2026-07-20 05:15:00+00:00,24218.4,24220.1,24216.55,24218.5,0
2026-07-20 05:16:00+00:00,24218.4,24225.1,24218.0,24222.85,0
2026-07-20 05:17:00+00:00,24222.65,24228.15,24220.5,24222.75,0
2026-07-20 05:18:00+00:00,24222.85,24226.25,24222.15,24222.55,0
2026-07-20 05:19:00+00:00,24222.45,24226.95,24221.7,24225.8,0
2026-07-20 05:20:00+00:00,24225.95,24232.15,24224.05,24230.3,0
2026-07-20 05:21:00+00:00,24230.6,24232.4,24228.25,24229.45,0
2026-07-20 05:22:00+00:00,24228.95,24229.35,24225.6,24227.4,0
2026-07-20 05:23:00+00:00,24226.85,24228.15,24216.75,24219.45,0
2026-07-20 05:24:00+00:00,24218.75,24224.25,24218.75,24223.15,0
2026-07-20 05:25:00+00:00,24223.8,24224.45,24216.55,24217.9,0
2026-07-20 05:26:00+00:00,24218.0,24226.45,24218.0,24224.35,0
2026-07-20 05:27:00+00:00,24224.85,24230.5,24222.75,24226.5,0
2026-07-20 05:28:00+00:00,24226.8,24228.25,24222.35,24224.3,0
2026-07-20 05:29:00+00:00,24223.85,24231.55,24223.1,24228.65,0
2026-07-20 05:30:00+00:00,24228.6,24231.0,24221.1,24222.85,0
2026-07-20 05:31:00+00:00,24223.65,24225.3,24220.75,24224.0,0
2026-07-20 05:32:00+00:00,24223.85,24224.6,24220.15,24221.3,0
2026-07-20 05:33:00+00:00,24221.2,24226.1,24220.45,24224.1,0
2026-07-20 05:34:00+00:00,24223.3,24225.15,24219.25,24222.8,0
2026-07-20 05:35:00+00:00,24222.85,24222.85,24211.05,24215.35,0
2026-07-20 05:36:00+00:00,24215.65,24217.65,24212.15,24217.2,0
2026-07-20 05:37:00+00:00,24216.9,24231.7,24216.15,24230.8,0
2026-07-20 05:38:00+00:00,24230.15,24234.3,24227.4,24233.05,0
2026-07-20 05:39:00+00:00,24233.5,24234.9,24227.05,24229.15,0
2026-07-20 05:40:00+00:00,24229.65,24231.65,24219.45,24219.45,0
2026-07-20 05:41:00+00:00,24223.2,24224.55,24218.75,24220.45,0
2026-07-20 05:42:00+00:00,24221.05,24222.9,24218.2,24221.15,0
2026-07-20 05:43:00+00:00,24220.55,24221.65,24215.0,24218.4,0
2026-07-20 05:44:00+00:00,24218.4,24219.15,24213.9,24214.6,0
2026-07-20 05:45:00+00:00,24215.45,24218.55,24207.7,24207.9,0
2026-07-20 05:46:00+00:00,24207.95,24210.95,24203.05,24210.65,0
2026-07-20 05:47:00+00:00,24210.8,24217.35,24210.0,24217.35,0
2026-07-20 05:48:00+00:00,24217.2,24221.1,24215.7,24218.4,0
2026-07-20 05:49:00+00:00,24218.4,24219.0,24215.65,24216.65,0
2026-07-20 05:50:00+00:00,24217.3,24222.95,24215.05,24221.5,0
2026-07-20 05:51:00+00:00,24221.5,24224.8,24220.4,24222.0,0
2026-07-20 05:52:00+00:00,24221.7,24222.0,24214.0,24217.0,0
2026-07-20 05:53:00+00:00,24216.85,24217.6,24212.25,24212.6,0
2026-07-20 05:54:00+00:00,24212.95,24214.05,24208.75,24211.5,0
2026-07-20 05:55:00+00:00,24211.2,24216.45,24211.0,24215.75,0
2026-07-20 05:56:00+00:00,24215.35,24218.5,24214.6,24216.75,0
2026-07-20 05:57:00+00:00,24217.45,24221.9,24216.1,24219.85,0
2026-07-20 05:58:00+00:00,24220.65,24222.2,24210.95,24212.65,0
2026-07-20 05:59:00+00:00,24210.8,24211.95,24205.85,24209.9,0
2026-07-20 06:00:00+00:00,24210.05,24212.55,24205.75,24206.55,0
2026-07-20 06:01:00+00:00,24207.35,24207.95,24200.6,24201.35,0
2026-07-20 06:02:00+00:00,24201.45,24210.3,24200.35,24208.0,0
2026-07-20 06:03:00+00:00,24207.6,24211.4,24206.4,24209.6,0
2026-07-20 06:04:00+00:00,24209.65,24210.65,24205.2,24207.15,0
2026-07-20 06:05:00+00:00,24206.75,24208.2,24194.95,24199.0,0
2026-07-20 06:06:00+00:00,24199.35,24205.2,24197.85,24204.5,0
2026-07-20 06:07:00+00:00,24204.2,24209.7,24203.4,24208.85,0
2026-07-20 06:08:00+00:00,24208.85,24215.45,24208.8,24211.05,0
2026-07-20 06:09:00+00:00,24211.05,24213.0,24208.8,24209.85,0
2026-07-20 06:10:00+00:00,24209.65,24211.85,24204.65,24205.9,0
2026-07-20 06:11:00+00:00,24205.6,24210.35,24203.55,24207.65,0
2026-07-20 06:12:00+00:00,24208.25,24208.4,24204.15,24205.3,0
2026-07-20 06:13:00+00:00,24205.5,24206.25,24200.05,24201.0,0
2026-07-20 06:14:00+00:00,24201.1,24201.5,24195.45,24196.25,0
2026-07-20 06:15:00+00:00,24196.45,24196.65,24188.25,24188.55,0
2026-07-20 06:16:00+00:00,24188.15,24197.15,24188.15,24196.7,0
2026-07-20 06:17:00+00:00,24196.65,24197.05,24190.95,24192.9,0
2026-07-20 06:18:00+00:00,24192.8,24195.8,24191.0,24192.25,0
2026-07-20 06:19:00+00:00,24192.15,24194.2,24189.55,24191.95,0
2026-07-20 06:20:00+00:00,24192.6,24194.8,24189.15,24191.7,0
2026-07-20 06:21:00+00:00,24192.1,24194.25,24187.0,24187.8,0
2026-07-20 06:22:00+00:00,24187.5,24188.65,24181.95,24187.55,0
2026-07-20 06:23:00+00:00,24187.85,24190.4,24185.8,24187.2,0
2026-07-20 06:24:00+00:00,24187.7,24188.65,24179.35,24179.5,0
2026-07-20 06:25:00+00:00,24179.75,24182.5,24177.0,24181.8,0
2026-07-20 06:26:00+00:00,24182.4,24186.65,24181.7,24185.45,0
2026-07-20 06:27:00+00:00,24185.35,24186.25,24179.15,24182.9,0
2026-07-20 06:28:00+00:00,24183.1,24190.25,24180.5,24189.6,0
2026-07-20 06:29:00+00:00,24189.85,24192.95,24188.6,24189.5,0
2026-07-20 06:30:00+00:00,24189.6,24191.35,24182.85,24182.85,0
2026-07-20 06:31:00+00:00,24183.15,24185.25,24182.2,24183.1,0
2026-07-20 06:32:00+00:00,24183.6,24184.05,24179.75,24182.1,0
2026-07-20 06:33:00+00:00,24181.7,24183.5,24175.15,24175.9,0
2026-07-20 06:34:00+00:00,24175.15,24179.6,24174.25,24177.05,0
2026-07-20 06:35:00+00:00,24177.2,24184.65,24175.1,24181.8,0
2026-07-20 06:36:00+00:00,24182.1,24185.3,24179.9,24183.25,0
2026-07-20 06:37:00+00:00,24183.1,24185.4,24180.0,24183.2,0
2026-07-20 06:38:00+00:00,24183.45,24183.75,24176.3,24180.4,0
2026-07-20 06:39:00+00:00,24180.65,24182.4,24176.45,24179.5,0
2026-07-20 06:40:00+00:00,24179.3,24186.4,24178.6,24181.95,0
2026-07-20 06:41:00+00:00,24183.2,24191.85,24181.7,24190.9,0
2026-07-20 06:42:00+00:00,24191.05,24192.45,24188.1,24189.35,0
2026-07-20 06:43:00+00:00,24189.45,24191.5,24185.85,24186.45,0
2026-07-20 06:44:00+00:00,24186.9,24189.3,24184.65,24187.7,0
2026-07-20 06:45:00+00:00,24187.7,24192.85,24186.95,24191.85,0
2026-07-20 06:46:00+00:00,24191.95,24194.4,24188.85,24193.9,0
2026-07-20 06:47:00+00:00,24193.65,24199.9,24192.9,24198.05,0
2026-07-20 06:48:00+00:00,24197.55,24198.1,24192.15,24192.5,0
2026-07-20 06:49:00+00:00,24193.35,24196.0,24191.85,24196.0,0
2026-07-20 06:50:00+00:00,24195.55,24195.7,24192.2,24192.85,0
2026-07-20 06:51:00+00:00,24192.8,24198.3,24191.7,24197.05,0
2026-07-20 06:52:00+00:00,24197.85,24198.05,24191.8,24192.7,0
2026-07-20 06:53:00+00:00,24192.8,24193.0,24184.2,24185.15,0
2026-07-20 06:54:00+00:00,24185.35,24185.35,24179.5,24179.8,0
2026-07-20 06:55:00+00:00,24180.0,24184.5,24179.95,24182.5,0
2026-07-20 06:56:00+00:00,24182.35,24185.1,24178.25,24178.25,0
2026-07-20 06:57:00+00:00,24178.55,24181.55,24176.0,24179.05,0
2026-07-20 06:58:00+00:00,24179.5,24181.7,24174.95,24176.35,0
2026-07-20 06:59:00+00:00,24176.35,24176.9,24168.2,24171.7,0
2026-07-20 07:00:00+00:00,24172.0,24179.85,24172.0,24179.45,0
2026-07-20 07:01:00+00:00,24179.2,24182.25,24178.2,24180.2,0
2026-07-20 07:02:00+00:00,24180.9,24182.3,24177.6,24179.25,0
2026-07-20 07:03:00+00:00,24179.3,24182.1,24177.75,24179.2,0
2026-07-20 07:04:00+00:00,24179.8,24180.2,24173.4,24175.25,0
2026-07-20 07:05:00+00:00,24175.85,24179.2,24172.35,24173.3,0
2026-07-20 07:06:00+00:00,24173.6,24174.2,24166.5,24166.65,0
2026-07-20 07:07:00+00:00,24166.55,24169.15,24164.5,24168.35,0
2026-07-20 07:08:00+00:00,24168.7,24170.4,24163.4,24164.5,0
2026-07-20 07:09:00+00:00,24165.1,24168.25,24163.9,24166.25,0
2026-07-20 07:10:00+00:00,24166.55,24169.95,24165.9,24169.05,0
2026-07-20 07:11:00+00:00,24168.95,24171.2,24164.8,24171.2,0
2026-07-20 07:12:00+00:00,24171.2,24173.3,24165.7,24165.7,0
2026-07-20 07:13:00+00:00,24165.85,24165.85,24157.8,24157.8,0
2026-07-20 07:14:00+00:00,24159.25,24161.45,24156.05,24157.2,0
2026-07-20 07:15:00+00:00,24157.4,24158.05,24153.9,24156.4,0
2026-07-20 07:16:00+00:00,24155.7,24159.35,24153.35,24153.75,0
2026-07-20 07:17:00+00:00,24155.15,24155.35,24140.4,24140.95,0
2026-07-20 07:18:00+00:00,24140.8,24142.35,24135.85,24141.05,0
2026-07-20 07:19:00+00:00,24142.1,24144.5,24138.6,24143.5,0
2026-07-20 07:20:00+00:00,24142.55,24151.75,24142.55,24149.8,0
2026-07-20 07:21:00+00:00,24150.0,24152.25,24146.4,24146.45,0
2026-07-20 07:22:00+00:00,24146.75,24164.3,24145.2,24162.85,0
2026-07-20 07:23:00+00:00,24162.65,24163.2,24158.35,24158.35,0
2026-07-20 07:24:00+00:00,24158.85,24166.4,24158.8,24164.85,0
2026-07-20 07:25:00+00:00,24164.85,24171.2,24163.3,24168.1,0
2026-07-20 07:26:00+00:00,24168.8,24171.55,24167.25,24170.05,0
2026-07-20 07:27:00+00:00,24169.7,24177.9,24168.25,24175.8,0
2026-07-20 07:28:00+00:00,24175.75,24190.3,24175.55,24186.9,0
2026-07-20 07:29:00+00:00,24187.05,24189.25,24183.65,24186.8,0
2026-07-20 07:30:00+00:00,24186.7,24189.35,24185.6,24186.0,0
2026-07-20 07:31:00+00:00,24186.0,24186.5,24179.9,24182.25,0
2026-07-20 07:32:00+00:00,24182.2,24184.2,24180.0,24181.85,0
2026-07-20 07:33:00+00:00,24182.05,24184.25,24180.7,24182.05,0
2026-07-20 07:34:00+00:00,24182.5,24186.25,24181.55,24185.2,0
2026-07-20 07:35:00+00:00,24185.55,24186.55,24180.65,24181.25,0
2026-07-20 07:36:00+00:00,24181.1,24184.15,24179.7,24180.95,0
2026-07-20 07:37:00+00:00,24181.15,24183.7,24180.45,24181.75,0
2026-07-20 07:38:00+00:00,24182.35,24184.05,24175.8,24177.2,0
2026-07-20 07:39:00+00:00,24177.1,24181.4,24176.85,24179.85,0
2026-07-20 07:40:00+00:00,24180.15,24181.9,24178.55,24178.85,0
2026-07-20 07:41:00+00:00,24179.0,24184.85,24178.05,24182.65,0
2026-07-20 07:42:00+00:00,24182.1,24189.15,24181.3,24186.55,0
2026-07-20 07:43:00+00:00,24187.0,24196.45,24186.45,24194.3,0
2026-07-20 07:44:00+00:00,24193.2,24226.0,24193.2,24225.0,0
2026-07-20 07:45:00+00:00,24224.75,24236.5,24212.4,24214.8,0
2026-07-20 07:46:00+00:00,24215.0,24222.5,24214.45,24219.25,0
2026-07-20 07:47:00+00:00,24219.35,24220.8,24216.3,24216.75,0
2026-07-20 07:48:00+00:00,24216.75,24220.2,24215.95,24217.15,0
2026-07-20 07:49:00+00:00,24218.0,24222.55,24217.35,24219.95,0
2026-07-20 07:50:00+00:00,24220.95,24223.5,24219.35,24220.0,0
2026-07-20 07:51:00+00:00,24219.7,24222.45,24218.9,24220.6,0
2026-07-20 07:52:00+00:00,24220.35,24233.55,24220.35,24232.7,0
2026-07-20 07:53:00+00:00,24232.85,24237.5,24232.6,24234.85,0
2026-07-20 07:54:00+00:00,24234.9,24236.25,24232.55,24234.7,0
2026-07-20 07:55:00+00:00,24234.6,24235.15,24224.8,24227.7,0
2026-07-20 07:56:00+00:00,24228.7,24233.95,24227.55,24232.5,0
2026-07-20 07:57:00+00:00,24232.8,24245.05,24232.75,24243.65,0
2026-07-20 07:58:00+00:00,24243.4,24246.35,24241.95,24242.4,0
2026-07-20 07:59:00+00:00,24242.9,24244.25,24240.15,24243.3,0
2026-07-20 08:00:00+00:00,24243.2,24246.5,24236.6,24236.85,0
2026-07-20 08:01:00+00:00,24236.7,24241.05,24236.15,24237.15,0
2026-07-20 08:02:00+00:00,24237.8,24241.3,24235.4,24238.25,0
2026-07-20 08:03:00+00:00,24237.55,24241.95,24236.15,24239.35,0
2026-07-20 08:04:00+00:00,24239.25,24243.9,24236.1,24236.45,0
2026-07-20 08:05:00+00:00,24237.4,24245.45,24234.45,24242.8,0
2026-07-20 08:06:00+00:00,24243.3,24250.05,24242.6,24243.2,0
2026-07-20 08:07:00+00:00,24244.05,24245.75,24237.65,24238.05,0
2026-07-20 08:08:00+00:00,24238.8,24241.55,24238.6,24239.55,0
2026-07-20 08:09:00+00:00,24239.4,24241.4,24238.35,24241.15,0
2026-07-20 08:10:00+00:00,24240.75,24241.05,24237.05,24238.9,0
2026-07-20 08:11:00+00:00,24238.55,24239.6,24235.45,24235.45,0
2026-07-20 08:12:00+00:00,24236.15,24237.55,24233.75,24234.45,0
2026-07-20 08:13:00+00:00,24233.95,24236.0,24232.45,24233.55,0
2026-07-20 08:14:00+00:00,24232.85,24233.4,24227.5,24228.8,0
2026-07-20 08:15:00+00:00,24228.25,24241.05,24227.15,24233.55,0
2026-07-20 08:16:00+00:00,24233.55,24245.45,24233.1,24244.6,0
2026-07-20 08:17:00+00:00,24245.1,24255.15,24244.7,24251.35,0
2026-07-20 08:18:00+00:00,24251.3,24256.6,24247.2,24248.65,0
2026-07-20 08:19:00+00:00,24248.2,24252.7,24245.7,24252.4,0
2026-07-20 08:20:00+00:00,24252.4,24253.75,24245.5,24247.0,0
2026-07-20 08:21:00+00:00,24247.05,24248.75,24239.7,24243.1,0
2026-07-20 08:22:00+00:00,24242.5,24243.15,24235.2,24236.75,0
2026-07-20 08:23:00+00:00,24236.6,24238.7,24232.8,24233.3,0
2026-07-20 08:24:00+00:00,24233.9,24241.25,24233.5,24240.5,0
2026-07-20 08:25:00+00:00,24240.65,24248.65,24240.0,24246.45,0
2026-07-20 08:26:00+00:00,24246.1,24247.45,24242.65,24246.25,0
2026-07-20 08:27:00+00:00,24246.25,24255.35,24246.1,24253.95,0
2026-07-20 08:28:00+00:00,24253.8,24257.9,24252.8,24256.0,0
2026-07-20 08:29:00+00:00,24255.8,24256.55,24253.15,24254.65,0
2026-07-20 08:30:00+00:00,24254.5,24256.0,24248.25,24251.1,0
2026-07-20 08:31:00+00:00,24251.15,24260.45,24250.9,24259.25,0
2026-07-20 08:32:00+00:00,24258.5,24261.55,24256.35,24257.7,0
2026-07-20 08:33:00+00:00,24257.85,24259.8,24256.8,24258.75,0
2026-07-20 08:34:00+00:00,24258.8,24263.2,24257.65,24262.25,0
2026-07-20 08:35:00+00:00,24261.85,24266.1,24260.5,24263.35,0
2026-07-20 08:36:00+00:00,24262.95,24264.3,24257.4,24261.75,0
2026-07-20 08:37:00+00:00,24261.55,24265.1,24256.6,24258.0,0
2026-07-20 08:38:00+00:00,24257.75,24264.5,24257.4,24261.7,0
2026-07-20 08:39:00+00:00,24261.45,24262.1,24253.95,24254.1,0
2026-07-20 08:40:00+00:00,24253.75,24257.4,24251.45,24253.75,0
2026-07-20 08:41:00+00:00,24253.15,24258.3,24251.7,24255.25,0
2026-07-20 08:42:00+00:00,24255.3,24261.55,24254.3,24260.05,0
2026-07-20 08:43:00+00:00,24260.05,24261.75,24253.7,24254.4,0
2026-07-20 08:44:00+00:00,24254.45,24255.55,24250.15,24250.9,0
2026-07-20 08:45:00+00:00,24250.55,24250.85,24243.7,24245.55,0
2026-07-20 08:46:00+00:00,24245.2,24247.45,24242.15,24242.75,0
2026-07-20 08:47:00+00:00,24243.3,24245.3,24241.05,24245.3,0
2026-07-20 08:48:00+00:00,24246.0,24251.15,24244.25,24250.55,0
2026-07-20 08:49:00+00:00,24250.25,24255.45,24249.75,24254.25,0
2026-07-20 08:50:00+00:00,24254.85,24255.0,24251.0,24251.7,0
2026-07-20 08:51:00+00:00,24251.35,24253.55,24249.45,24253.3,0
2026-07-20 08:52:00+00:00,24253.25,24255.55,24252.35,24254.05,0
2026-07-20 08:53:00+00:00,24253.8,24258.25,24253.35,24256.55,0
2026-07-20 08:54:00+00:00,24256.45,24259.1,24253.3,24253.95,0
2026-07-20 08:55:00+00:00,24253.75,24254.4,24249.65,24251.9,0
2026-07-20 08:56:00+00:00,24251.9,24255.65,24250.25,24253.35,0
2026-07-20 08:57:00+00:00,24253.15,24258.35,24251.65,24257.2,0
2026-07-20 08:58:00+00:00,24257.3,24258.0,24252.25,24254.05,0
2026-07-20 08:59:00+00:00,24254.35,24256.85,24252.4,24254.75,0
2026-07-20 09:00:00+00:00,24254.8,24256.55,24243.65,24245.25,0
2026-07-20 09:01:00+00:00,24245.0,24249.1,24241.8,24244.1,0
2026-07-20 09:02:00+00:00,24243.55,24245.55,24242.25,24244.0,0
2026-07-20 09:03:00+00:00,24243.55,24243.8,24239.7,24243.5,0
2026-07-20 09:04:00+00:00,24243.15,24245.6,24241.0,24242.9,0
2026-07-20 09:05:00+00:00,24242.6,24245.7,24236.15,24237.8,0
2026-07-20 09:06:00+00:00,24237.4,24238.75,24232.75,24232.75,0
2026-07-20 09:07:00+00:00,24233.25,24234.4,24224.75,24229.5,0
2026-07-20 09:08:00+00:00,24229.5,24232.65,24226.4,24231.9,0
2026-07-20 09:09:00+00:00,24231.45,24233.35,24228.2,24230.15,0
2026-07-20 09:10:00+00:00,24230.45,24236.25,24225.6,24236.25,0
2026-07-20 09:11:00+00:00,24236.25,24242.75,24235.4,24240.55,0
2026-07-20 09:12:00+00:00,24240.55,24241.7,24237.4,24239.35,0
2026-07-20 09:13:00+00:00,24239.5,24240.05,24233.7,24234.05,0
2026-07-20 09:14:00+00:00,24234.6,24238.1,24233.25,24237.1,0
2026-07-20 09:15:00+00:00,24237.1,24238.0,24233.1,24233.95,0
2026-07-20 09:16:00+00:00,24236.95,24241.7,24234.0,24240.45,0
2026-07-20 09:17:00+00:00,24240.3,24242.85,24239.35,24240.45,0
2026-07-20 09:18:00+00:00,24240.6,24243.05,24237.95,24239.3,0
2026-07-20 09:19:00+00:00,24239.25,24240.55,24236.9,24237.35,0
2026-07-20 09:20:00+00:00,24237.35,24241.85,24237.0,24241.05,0
2026-07-20 09:21:00+00:00,24240.95,24247.55,24239.95,24245.05,0
2026-07-20 09:22:00+00:00,24244.65,24248.5,24243.4,24248.5,0
2026-07-20 09:23:00+00:00,24247.7,24251.0,24246.1,24246.4,0
2026-07-20 09:24:00+00:00,24246.95,24248.4,24243.15,24243.95,0
2026-07-20 09:25:00+00:00,24243.65,24247.4,24241.2,24246.05,0
2026-07-20 09:26:00+00:00,24246.55,24246.8,24241.0,24242.35,0
2026-07-20 09:27:00+00:00,24242.55,24243.25,24237.9,24238.05,0
2026-07-20 09:28:00+00:00,24239.15,24242.1,24235.55,24236.1,0
2026-07-20 09:29:00+00:00,24236.95,24238.05,24230.1,24230.7,0
2026-07-20 09:30:00+00:00,24233.6,24246.5,24228.4,24233.35,0
2026-07-20 09:31:00+00:00,24235.65,24242.2,24233.1,24238.55,0
2026-07-20 09:32:00+00:00,24239.6,24240.45,24235.05,24235.85,0
2026-07-20 09:33:00+00:00,24237.6,24242.25,24232.95,24234.25,0
2026-07-20 09:34:00+00:00,24236.5,24236.75,24232.2,24233.45,0
2026-07-20 09:35:00+00:00,24234.95,24234.95,24229.55,24232.95,0
2026-07-20 09:36:00+00:00,24233.75,24236.85,24230.2,24234.25,0
2026-07-20 09:37:00+00:00,24235.9,24237.9,24233.6,24236.2,0
2026-07-20 09:38:00+00:00,24237.75,24238.15,24234.9,24237.0,0
2026-07-20 09:39:00+00:00,24237.9,24239.9,24234.9,24235.45,0
2026-07-20 09:40:00+00:00,24236.7,24241.75,24234.5,24241.35,0
2026-07-20 09:41:00+00:00,24243.1,24243.55,24235.0,24236.25,0
2026-07-20 09:42:00+00:00,24237.65,24240.15,24235.45,24237.0,0
2026-07-20 09:43:00+00:00,24238.85,24239.85,24236.55,24238.15,0
2026-07-20 09:44:00+00:00,24239.2,24239.2,24234.85,24238.15,0
2026-07-20 09:45:00+00:00,24240.15,24243.2,24238.2,24241.6,0
2026-07-20 09:46:00+00:00,24243.6,24243.6,24237.7,24239.65,0
2026-07-20 09:47:00+00:00,24239.45,24241.95,24237.65,24239.9,0
2026-07-20 09:48:00+00:00,24240.2,24240.65,24234.55,24236.25,0
2026-07-20 09:49:00+00:00,24237.7,24242.6,24233.35,24239.25,0
2026-07-20 09:50:00+00:00,24241.25,24241.6,24235.55,24238.95,0
2026-07-20 09:51:00+00:00,24240.95,24241.45,24234.6,24238.0,0
2026-07-20 09:52:00+00:00,24239.0,24239.0,24234.65,24237.15,0
2026-07-20 09:53:00+00:00,24238.05,24242.8,24236.35,24241.6,0
2026-07-20 09:54:00+00:00,24243.15,24247.05,24239.9,24245.15,0
2026-07-20 09:55:00+00:00,24246.95,24248.45,24241.6,24243.35,0
2026-07-20 09:56:00+00:00,24245.5,24245.65,24240.7,24243.3,0
2026-07-20 09:57:00+00:00,24244.5,24246.75,24241.85,24245.35,0
2026-07-20 09:58:00+00:00,24244.9,24246.65,24238.75,24243.55,0
2026-07-20 09:59:00+00:00,24241.05,24246.2,24237.85,24239.5,0
2026-07-21 03:45:00+00:00,24216.05,24260.65,24203.6,24242.85,0
2026-07-21 03:46:00+00:00,24245.75,24245.75,24227.8,24229.65,0
2026-07-21 03:47:00+00:00,24231.1,24243.6,24230.6,24239.1,0
2026-07-21 03:48:00+00:00,24240.55,24258.45,24233.55,24256.0,0
2026-07-21 03:49:00+00:00,24259.05,24262.2,24253.6,24255.55,0
2026-07-21 03:50:00+00:00,24256.15,24257.8,24244.5,24247.85,0
2026-07-21 03:51:00+00:00,24250.8,24255.9,24247.15,24254.9,0
2026-07-21 03:52:00+00:00,24257.05,24257.7,24246.75,24246.75,0
2026-07-21 03:53:00+00:00,24248.5,24251.85,24240.9,24240.9,0
2026-07-21 03:54:00+00:00,24242.9,24242.9,24228.4,24236.55,0
2026-07-21 03:55:00+00:00,24237.9,24237.9,24224.95,24229.55,0
2026-07-21 03:56:00+00:00,24231.15,24248.65,24228.6,24246.8,0
2026-07-21 03:57:00+00:00,24248.45,24255.95,24247.15,24248.15,0
2026-07-21 03:58:00+00:00,24249.05,24253.5,24245.55,24252.2,0
2026-07-21 03:59:00+00:00,24253.1,24254.9,24246.75,24247.75,0
2026-07-21 04:00:00+00:00,24248.6,24255.8,24237.45,24238.6,0
2026-07-21 04:01:00+00:00,24239.8,24241.15,24233.65,24234.8,0
2026-07-21 04:02:00+00:00,24234.75,24238.85,24230.9,24231.75,0
2026-07-21 04:03:00+00:00,24233.3,24233.3,24224.2,24226.65,0
2026-07-21 04:04:00+00:00,24228.65,24231.9,24225.8,24225.8,0
2026-07-21 04:05:00+00:00,24228.85,24228.85,24217.55,24219.55,0
2026-07-21 04:06:00+00:00,24222.55,24224.6,24217.35,24224.25,0
2026-07-21 04:07:00+00:00,24225.55,24237.15,24222.4,24234.45,0
2026-07-21 04:08:00+00:00,24235.4,24236.0,24226.95,24230.45,0
2026-07-21 04:09:00+00:00,24230.7,24230.95,24225.3,24226.05,0
2026-07-21 04:10:00+00:00,24226.7,24231.0,24224.85,24225.9,0
2026-07-21 04:11:00+00:00,24228.05,24232.5,24225.4,24231.15,0
2026-07-21 04:12:00+00:00,24232.5,24232.7,24225.05,24230.4,0
2026-07-21 04:13:00+00:00,24232.45,24232.45,24221.0,24223.25,0
2026-07-21 04:14:00+00:00,24226.25,24238.0,24222.45,24236.95,0
2026-07-21 04:15:00+00:00,24237.1,24237.95,24224.95,24225.5,0
2026-07-21 04:16:00+00:00,24226.15,24234.1,24222.8,24229.35,0
2026-07-21 04:17:00+00:00,24231.9,24232.5,24218.25,24218.55,0
2026-07-21 04:18:00+00:00,24220.4,24222.35,24217.4,24218.45,0
2026-07-21 04:19:00+00:00,24219.5,24223.15,24216.9,24222.15,0
2026-07-21 04:20:00+00:00,24224.2,24230.3,24219.65,24230.3,0
2026-07-21 04:21:00+00:00,24231.95,24234.55,24228.6,24229.9,0
2026-07-21 04:22:00+00:00,24231.95,24233.95,24226.35,24232.9,0
2026-07-21 04:23:00+00:00,24234.6,24240.9,24232.8,24236.1,0
2026-07-21 04:24:00+00:00,24238.25,24238.3,24226.25,24230.55,0
2026-07-21 04:25:00+00:00,24232.6,24233.6,24226.9,24229.0,0
2026-07-21 04:26:00+00:00,24230.75,24232.65,24225.3,24225.3,0
2026-07-21 04:27:00+00:00,24227.6,24235.9,24226.6,24232.25,0
2026-07-21 04:28:00+00:00,24234.1,24234.1,24226.8,24228.3,0
2026-07-21 04:29:00+00:00,24229.95,24231.05,24227.1,24229.4,0
2026-07-21 04:30:00+00:00,24232.0,24233.6,24229.4,24229.4,0
2026-07-21 04:31:00+00:00,24231.35,24231.35,24222.15,24223.3,0
2026-07-21 04:32:00+00:00,24225.5,24225.5,24218.75,24220.0,0
2026-07-21 04:33:00+00:00,24223.25,24223.25,24217.65,24221.7,0
2026-07-21 04:34:00+00:00,24223.7,24224.85,24218.75,24220.15,0
2026-07-21 04:35:00+00:00,24221.6,24223.9,24217.55,24221.95,0
2026-07-21 04:36:00+00:00,24224.4,24228.75,24218.85,24222.95,0
2026-07-21 04:37:00+00:00,24225.05,24229.85,24222.0,24226.5,0
2026-07-21 04:38:00+00:00,24227.9,24229.55,24224.15,24225.1,0
2026-07-21 04:39:00+00:00,24227.7,24228.45,24223.5,24226.55,0
2026-07-21 04:40:00+00:00,24226.95,24227.4,24222.45,24222.45,0
2026-07-21 04:41:00+00:00,24225.2,24225.55,24220.0,24220.45,0
2026-07-21 04:42:00+00:00,24222.35,24227.0,24219.05,24225.3,0
2026-07-21 04:43:00+00:00,24227.5,24227.5,24218.15,24218.95,0
2026-07-21 04:44:00+00:00,24220.5,24220.5,24211.75,24212.3,0
2026-07-21 04:45:00+00:00,24214.7,24214.7,24206.15,24210.55,0
2026-07-21 04:46:00+00:00,24211.5,24212.85,24207.05,24208.5,0
2026-07-21 04:47:00+00:00,24210.0,24210.35,24204.2,24204.5,0
2026-07-21 04:48:00+00:00,24207.4,24209.65,24201.95,24208.05,0
2026-07-21 04:49:00+00:00,24208.9,24209.85,24204.85,24207.35,0
2026-07-21 04:50:00+00:00,24208.9,24208.9,24203.95,24205.45,0
2026-07-21 04:51:00+00:00,24207.05,24207.8,24203.3,24205.2,0
2026-07-21 04:52:00+00:00,24206.9,24206.9,24194.0,24194.25,0
2026-07-21 04:53:00+00:00,24195.6,24196.4,24190.0,24192.9,0
2026-07-21 04:54:00+00:00,24193.95,24195.05,24188.1,24192.4,0
2026-07-21 04:55:00+00:00,24194.5,24199.9,24192.05,24197.9,0
2026-07-21 04:56:00+00:00,24199.95,24200.05,24190.85,24191.8,0
2026-07-21 04:57:00+00:00,24192.35,24192.35,24186.2,24188.05,0
2026-07-21 04:58:00+00:00,24189.9,24196.05,24187.6,24195.1,0
2026-07-21 04:59:00+00:00,24196.05,24201.1,24193.9,24199.6,0
2026-07-21 05:00:00+00:00,24202.4,24202.4,24196.0,24200.0,0
2026-07-21 05:01:00+00:00,24200.95,24201.5,24195.1,24197.05,0
2026-07-21 05:02:00+00:00,24198.75,24199.45,24194.35,24194.75,0
2026-07-21 05:03:00+00:00,24195.8,24195.8,24189.2,24189.2,0
2026-07-21 05:04:00+00:00,24190.85,24190.85,24185.55,24187.3,0
2026-07-21 05:05:00+00:00,24188.8,24192.7,24184.7,24191.4,0
2026-07-21 05:06:00+00:00,24192.2,24192.2,24188.2,24188.2,0
2026-07-21 05:07:00+00:00,24190.45,24191.15,24188.0,24190.25,0
2026-07-21 05:08:00+00:00,24192.05,24192.3,24178.3,24179.85,0
2026-07-21 05:09:00+00:00,24180.85,24180.85,24174.15,24176.9,0
2026-07-21 05:10:00+00:00,24178.05,24182.7,24175.05,24181.4,0
2026-07-21 05:11:00+00:00,24184.75,24185.25,24179.2,24180.8,0
2026-07-21 05:12:00+00:00,24180.8,24186.5,24180.25,24184.9,0
2026-07-21 05:13:00+00:00,24186.3,24187.95,24183.85,24187.95,0
2026-07-21 05:14:00+00:00,24189.4,24192.15,24186.3,24187.8,0
2026-07-21 05:15:00+00:00,24189.05,24189.05,24180.1,24181.55,0
2026-07-21 05:16:00+00:00,24182.65,24184.6,24180.1,24182.1,0
2026-07-21 05:17:00+00:00,24183.85,24184.3,24178.9,24179.45,0
2026-07-21 05:18:00+00:00,24180.4,24181.7,24177.5,24178.95,0
2026-07-21 05:19:00+00:00,24180.4,24180.4,24173.55,24176.9,0
2026-07-21 05:20:00+00:00,24178.45,24178.45,24169.05,24170.35,0
2026-07-21 05:21:00+00:00,24171.35,24171.35,24165.75,24166.3,0
2026-07-21 05:22:00+00:00,24168.4,24169.55,24163.75,24166.75,0
2026-07-21 05:23:00+00:00,24169.25,24171.3,24165.65,24170.75,0
2026-07-21 05:24:00+00:00,24171.8,24171.8,24166.0,24169.0,0
2026-07-21 05:25:00+00:00,24170.9,24176.2,24166.85,24175.65,0
2026-07-21 05:26:00+00:00,24177.4,24186.45,24176.7,24184.4,0
2026-07-21 05:27:00+00:00,24186.2,24186.2,24180.45,24183.1,0
2026-07-21 05:28:00+00:00,24184.7,24186.85,24182.55,24182.55,0
2026-07-21 05:29:00+00:00,24184.6,24186.35,24182.55,24185.15,0
2026-07-21 05:30:00+00:00,24186.1,24187.1,24181.6,24183.65,0
2026-07-21 05:31:00+00:00,24185.3,24189.6,24182.95,24187.3,0
2026-07-21 05:32:00+00:00,24189.15,24190.35,24185.05,24186.3,0
2026-07-21 05:33:00+00:00,24188.3,24194.65,24187.6,24191.65,0
2026-07-21 05:34:00+00:00,24192.85,24193.6,24188.25,24190.85,0
2026-07-21 05:35:00+00:00,24192.4,24192.65,24186.65,24189.25,0
2026-07-21 05:36:00+00:00,24191.0,24193.95,24189.55,24193.1,0
2026-07-21 05:37:00+00:00,24194.35,24196.6,24191.5,24192.0,0
2026-07-21 05:38:00+00:00,24193.05,24193.6,24188.5,24188.5,0
2026-07-21 05:39:00+00:00,24189.5,24189.5,24180.75,24181.5,0
2026-07-21 05:40:00+00:00,24183.15,24191.25,24180.95,24190.2,0
2026-07-21 05:41:00+00:00,24191.5,24192.2,24187.0,24188.3,0
2026-07-21 05:42:00+00:00,24189.3,24189.3,24182.65,24182.9,0
2026-07-21 05:43:00+00:00,24185.2,24185.65,24182.4,24184.4,0
2026-07-21 05:44:00+00:00,24186.05,24187.15,24183.7,24186.5,0
2026-07-21 05:45:00+00:00,24186.45,24188.7,24184.35,24184.45,0
2026-07-21 05:46:00+00:00,24186.15,24186.15,24179.6,24180.6,0
2026-07-21 05:47:00+00:00,24182.15,24182.55,24177.05,24181.45,0
2026-07-21 05:48:00+00:00,24182.6,24185.3,24179.5,24183.4,0
2026-07-21 05:49:00+00:00,24184.75,24185.2,24181.25,24184.05,0
2026-07-21 05:50:00+00:00,24185.45,24185.65,24181.85,24182.55,0
2026-07-21 05:51:00+00:00,24184.05,24184.05,24175.7,24176.9,0
2026-07-21 05:52:00+00:00,24178.45,24178.45,24171.4,24171.55,0
2026-07-21 05:53:00+00:00,24173.3,24174.15,24166.65,24173.8,0
2026-07-21 05:54:00+00:00,24176.0,24178.25,24173.75,24175.15,0
2026-07-21 05:55:00+00:00,24177.3,24181.1,24175.55,24179.75,0
2026-07-21 05:56:00+00:00,24181.45,24182.0,24175.15,24176.1,0
2026-07-21 05:57:00+00:00,24177.95,24177.95,24172.2,24172.8,0
2026-07-21 05:58:00+00:00,24173.75,24174.95,24170.5,24173.8,0
2026-07-21 05:59:00+00:00,24174.9,24175.3,24170.55,24173.05,0
2026-07-21 06:00:00+00:00,24174.25,24175.55,24170.3,24173.3,0
2026-07-21 06:01:00+00:00,24175.3,24178.9,24172.4,24177.2,0
2026-07-21 06:02:00+00:00,24179.0,24181.7,24175.9,24181.7,0
2026-07-21 06:03:00+00:00,24182.5,24185.2,24179.8,24185.1,0
2026-07-21 06:04:00+00:00,24186.25,24187.1,24182.8,24184.15,0
2026-07-21 06:05:00+00:00,24185.0,24188.1,24182.95,24184.95,0
2026-07-21 06:06:00+00:00,24187.0,24187.0,24181.7,24181.7,0
2026-07-21 06:07:00+00:00,24184.0,24184.0,24168.8,24172.1,0
2026-07-21 06:08:00+00:00,24173.45,24175.7,24169.65,24174.4,0
2026-07-21 06:09:00+00:00,24176.15,24176.15,24169.85,24172.3,0
2026-07-21 06:10:00+00:00,24173.65,24173.65,24162.3,24165.9,0
2026-07-21 06:11:00+00:00,24168.75,24169.1,24164.55,24168.5,0
2026-07-21 06:12:00+00:00,24169.7,24169.85,24161.65,24165.3,0
2026-07-21 06:13:00+00:00,24166.95,24167.05,24159.55,24160.75,0
2026-07-21 06:14:00+00:00,24163.6,24164.4,24159.95,24161.65,0
2026-07-21 06:15:00+00:00,24162.65,24162.75,24158.2,24159.3,0
2026-07-21 06:16:00+00:00,24161.05,24166.45,24158.05,24165.65,0
2026-07-21 06:17:00+00:00,24166.7,24169.5,24163.85,24163.85,0
2026-07-21 06:18:00+00:00,24165.7,24166.65,24161.9,24164.75,0
2026-07-21 06:19:00+00:00,24165.6,24167.65,24163.6,24164.45,0
2026-07-21 06:20:00+00:00,24165.95,24168.9,24164.15,24168.25,0
2026-07-21 06:21:00+00:00,24169.25,24169.25,24163.8,24163.8,0
2026-07-21 06:22:00+00:00,24165.45,24165.9,24162.1,24162.45,0
2026-07-21 06:23:00+00:00,24164.0,24165.5,24162.15,24162.7,0
2026-07-21 06:24:00+00:00,24165.2,24167.05,24162.6,24164.45,0
2026-07-21 06:25:00+00:00,24165.7,24171.05,24162.45,24170.9,0
2026-07-21 06:26:00+00:00,24172.45,24173.3,24169.6,24171.0,0
2026-07-21 06:27:00+00:00,24172.45,24173.5,24169.65,24172.55,0
2026-07-21 06:28:00+00:00,24174.4,24175.2,24170.65,24171.8,0
2026-07-21 06:29:00+00:00,24173.3,24173.95,24169.1,24169.3,0
2026-07-21 06:30:00+00:00,24172.55,24173.5,24169.55,24171.55,0
2026-07-21 06:31:00+00:00,24172.1,24175.25,24168.45,24173.55,0
2026-07-21 06:32:00+00:00,24176.5,24178.6,24173.15,24176.65,0
2026-07-21 06:33:00+00:00,24178.65,24180.3,24175.2,24178.3,0
2026-07-21 06:34:00+00:00,24180.2,24181.9,24175.7,24181.5,0
2026-07-21 06:35:00+00:00,24182.3,24183.7,24178.75,24182.1,0
2026-07-21 06:36:00+00:00,24183.15,24183.45,24179.75,24181.95,0
2026-07-21 06:37:00+00:00,24183.25,24183.25,24179.1,24180.25,0
2026-07-21 06:38:00+00:00,24183.1,24183.1,24175.1,24176.25,0
2026-07-21 06:39:00+00:00,24178.25,24178.4,24173.9,24174.8,0
2026-07-21 06:40:00+00:00,24176.2,24180.2,24174.95,24177.4,0
2026-07-21 06:41:00+00:00,24179.9,24180.6,24177.5,24177.7,0
2026-07-21 06:42:00+00:00,24179.85,24179.85,24175.3,24176.25,0
2026-07-21 06:43:00+00:00,24178.25,24178.25,24172.65,24172.7,0
2026-07-21 06:44:00+00:00,24175.2,24175.2,24172.15,24173.65,0
2026-07-21 06:45:00+00:00,24174.9,24176.55,24172.55,24172.85,0
2026-07-21 06:46:00+00:00,24176.4,24177.85,24173.05,24174.1,0
2026-07-21 06:47:00+00:00,24175.15,24175.15,24170.85,24172.3,0
2026-07-21 06:48:00+00:00,24174.2,24174.55,24170.75,24172.45,0
2026-07-21 06:49:00+00:00,24173.3,24173.75,24170.75,24171.95,0
2026-07-21 06:50:00+00:00,24173.45,24177.7,24171.75,24177.65,0
2026-07-21 06:51:00+00:00,24179.25,24179.75,24175.85,24178.5,0
2026-07-21 06:52:00+00:00,24179.4,24180.3,24176.75,24178.6,0
2026-07-21 06:53:00+00:00,24180.3,24182.7,24176.7,24182.05,0
2026-07-21 06:54:00+00:00,24182.35,24182.35,24169.85,24173.35,0
2026-07-21 06:55:00+00:00,24174.5,24177.75,24173.0,24175.55,0
2026-07-21 06:56:00+00:00,24176.6,24178.55,24173.85,24176.9,0
2026-07-21 06:57:00+00:00,24178.3,24179.25,24173.75,24174.6,0
2026-07-21 06:58:00+00:00,24175.85,24175.85,24171.0,24172.4,0
2026-07-21 06:59:00+00:00,24174.15,24174.15,24170.45,24171.95,0
2026-07-21 07:00:00+00:00,24173.25,24178.3,24169.55,24176.65,0
2026-07-21 07:01:00+00:00,24178.1,24178.1,24172.3,24173.6,0
2026-07-21 07:02:00+00:00,24175.75,24179.65,24172.65,24178.7,0
2026-07-21 07:03:00+00:00,24179.6,24184.9,24174.0,24184.9,0
2026-07-21 07:04:00+00:00,24185.7,24186.4,24179.6,24180.8,0
2026-07-21 07:05:00+00:00,24182.9,24183.3,24178.5,24182.6,0
2026-07-21 07:06:00+00:00,24183.95,24185.3,24180.1,24182.95,0
2026-07-21 07:07:00+00:00,24184.75,24188.15,24182.8,24186.15,0
2026-07-21 07:08:00+00:00,24186.7,24189.7,24184.7,24189.3,0
2026-07-21 07:09:00+00:00,24190.15,24190.5,24179.0,24179.0,0
2026-07-21 07:10:00+00:00,24180.9,24181.2,24176.95,24177.5,0
2026-07-21 07:11:00+00:00,24179.5,24179.5,24176.1,24178.15,0
2026-07-21 07:12:00+00:00,24179.15,24179.35,24167.7,24172.15,0
2026-07-21 07:13:00+00:00,24173.05,24177.3,24171.05,24175.35,0
2026-07-21 07:14:00+00:00,24177.15,24177.15,24168.65,24172.8,0
2026-07-21 07:15:00+00:00,24175.9,24177.3,24171.65,24174.65,0
2026-07-21 07:16:00+00:00,24175.3,24176.45,24172.9,24173.8,0
2026-07-21 07:17:00+00:00,24175.15,24175.15,24169.75,24172.7,0
2026-07-21 07:18:00+00:00,24173.2,24173.7,24168.65,24172.3,0
2026-07-21 07:19:00+00:00,24173.5,24174.65,24170.0,24174.15,0
2026-07-21 07:20:00+00:00,24174.4,24174.65,24170.4,24171.85,0
2026-07-21 07:21:00+00:00,24174.1,24174.1,24166.95,24167.9,0
2026-07-21 07:22:00+00:00,24168.45,24169.35,24164.7,24166.1,0
2026-07-21 07:23:00+00:00,24166.95,24168.1,24163.7,24166.1,0
2026-07-21 07:24:00+00:00,24166.95,24171.2,24165.3,24169.1,0
2026-07-21 07:25:00+00:00,24170.85,24172.8,24168.45,24168.45,0
2026-07-21 07:26:00+00:00,24170.8,24170.95,24166.7,24168.05,0
2026-07-21 07:27:00+00:00,24169.6,24169.7,24163.85,24164.55,0
2026-07-21 07:28:00+00:00,24166.6,24166.6,24154.8,24155.6,0
2026-07-21 07:29:00+00:00,24157.2,24157.35,24148.75,24151.05,0
2026-07-21 07:30:00+00:00,24153.05,24153.25,24138.95,24139.4,0
2026-07-21 07:31:00+00:00,24141.15,24146.4,24135.65,24145.75,0
2026-07-21 07:32:00+00:00,24148.3,24152.1,24146.9,24148.0,0
2026-07-21 07:33:00+00:00,24149.6,24149.6,24143.45,24143.45,0
2026-07-21 07:34:00+00:00,24144.95,24145.2,24140.7,24142.0,0
2026-07-21 07:35:00+00:00,24144.05,24147.9,24139.35,24145.55,0
2026-07-21 07:36:00+00:00,24146.7,24151.6,24144.85,24148.55,0
2026-07-21 07:37:00+00:00,24150.6,24150.6,24145.45,24145.8,0
2026-07-21 07:38:00+00:00,24147.25,24149.4,24144.45,24148.25,0
2026-07-21 07:39:00+00:00,24149.3,24153.4,24147.1,24152.45,0
2026-07-21 07:40:00+00:00,24153.8,24159.1,24151.35,24154.55,0
2026-07-21 07:41:00+00:00,24157.15,24158.35,24151.75,24156.4,0
2026-07-21 07:42:00+00:00,24158.1,24158.1,24150.55,24153.85,0
2026-07-21 07:43:00+00:00,24156.05,24156.05,24149.55,24153.65,0
2026-07-21 07:44:00+00:00,24155.9,24156.9,24150.85,24151.55,0
2026-07-21 07:45:00+00:00,24152.2,24153.7,24148.7,24149.1,0
2026-07-21 07:46:00+00:00,24150.85,24152.8,24148.4,24149.75,0
2026-07-21 07:47:00+00:00,24151.1,24152.7,24149.35,24150.35,0
2026-07-21 07:48:00+00:00,24151.2,24156.0,24149.55,24154.8,0
2026-07-21 07:49:00+00:00,24156.45,24156.45,24152.45,24153.5,0
2026-07-21 07:50:00+00:00,24156.0,24158.8,24152.75,24157.6,0
2026-07-21 07:51:00+00:00,24158.05,24160.1,24155.75,24158.1,0
2026-07-21 07:52:00+00:00,24159.8,24164.1,24157.35,24163.7,0
2026-07-21 07:53:00+00:00,24165.4,24169.4,24163.45,24165.5,0
2026-07-21 07:54:00+00:00,24167.5,24167.5,24164.65,24165.5,0
2026-07-21 07:55:00+00:00,24166.95,24170.75,24163.95,24168.9,0
2026-07-21 07:56:00+00:00,24170.85,24172.15,24167.6,24168.45,0
2026-07-21 07:57:00+00:00,24169.85,24173.3,24166.85,24172.7,0
2026-07-21 07:58:00+00:00,24173.9,24174.1,24169.7,24171.1,0
2026-07-21 07:59:00+00:00,24171.55,24172.2,24166.35,24171.85,0
2026-07-21 08:00:00+00:00,24173.9,24175.45,24170.45,24170.5,0
2026-07-21 08:01:00+00:00,24172.45,24175.5,24170.65,24173.75,0
2026-07-21 08:02:00+00:00,24176.1,24176.3,24173.0,24174.55,0
2026-07-21 08:03:00+00:00,24176.15,24180.65,24175.4,24176.65,0
2026-07-21 08:04:00+00:00,24178.25,24181.4,24175.9,24180.7,0
2026-07-21 08:05:00+00:00,24182.4,24185.2,24180.8,24183.35,0
2026-07-21 08:06:00+00:00,24184.7,24187.85,24183.4,24186.5,0
2026-07-21 08:07:00+00:00,24188.0,24189.2,24186.05,24188.05,0
2026-07-21 08:08:00+00:00,24189.75,24190.25,24186.4,24189.1,0
2026-07-21 08:09:00+00:00,24191.05,24191.45,24187.05,24190.1,0
2026-07-21 08:10:00+00:00,24192.0,24194.45,24190.15,24192.5,0
2026-07-21 08:11:00+00:00,24193.9,24195.3,24190.65,24192.1,0
2026-07-21 08:12:00+00:00,24193.8,24193.8,24185.05,24185.65,0
2026-07-21 08:13:00+00:00,24186.7,24188.75,24183.7,24186.4,0
2026-07-21 08:14:00+00:00,24188.1,24192.35,24186.25,24190.45,0
2026-07-21 08:15:00+00:00,24192.5,24192.5,24185.7,24188.15,0
2026-07-21 08:16:00+00:00,24189.5,24191.55,24186.55,24187.15,0
2026-07-21 08:17:00+00:00,24188.5,24188.5,24183.1,24183.4,0
2026-07-21 08:18:00+00:00,24186.0,24188.95,24179.75,24180.6,0
2026-07-21 08:19:00+00:00,24184.4,24188.2,24176.2,24188.2,0
2026-07-21 08:20:00+00:00,24187.95,24192.1,24183.4,24183.55,0
2026-07-21 08:21:00+00:00,24184.5,24184.5,24177.8,24181.2,0
2026-07-21 08:22:00+00:00,24182.4,24183.9,24180.6,24181.35,0
2026-07-21 08:23:00+00:00,24183.45,24184.15,24180.45,24180.75,0
2026-07-21 08:24:00+00:00,24183.15,24184.75,24179.75,24179.75,0
2026-07-21 08:25:00+00:00,24181.3,24181.3,24168.0,24168.65,0
2026-07-21 08:26:00+00:00,24170.05,24170.05,24163.45,24163.85,0
2026-07-21 08:27:00+00:00,24165.1,24165.1,24161.3,24162.8,0
2026-07-21 08:28:00+00:00,24163.3,24166.25,24161.95,24163.35,0
2026-07-21 08:29:00+00:00,24164.05,24164.05,24158.45,24163.25,0
2026-07-21 08:30:00+00:00,24164.55,24174.45,24163.05,24173.2,0
2026-07-21 08:31:00+00:00,24172.75,24175.95,24170.5,24170.6,0
2026-07-21 08:32:00+00:00,24173.05,24175.1,24171.0,24174.5,0
2026-07-21 08:33:00+00:00,24176.2,24178.05,24173.85,24173.85,0
2026-07-21 08:34:00+00:00,24176.2,24176.9,24173.4,24175.0,0
2026-07-21 08:35:00+00:00,24176.25,24182.05,24175.0,24178.65,0
2026-07-21 08:36:00+00:00,24180.2,24180.2,24176.95,24177.35,0
2026-07-21 08:37:00+00:00,24178.55,24180.6,24176.15,24176.15,0
2026-07-21 08:38:00+00:00,24177.75,24177.85,24167.9,24167.9,0
2026-07-21 08:39:00+00:00,24169.45,24169.45,24163.8,24166.75,0
2026-07-21 08:40:00+00:00,24168.45,24168.7,24165.4,24167.55,0
2026-07-21 08:41:00+00:00,24168.1,24168.15,24161.1,24161.55,0
2026-07-21 08:42:00+00:00,24164.55,24170.6,24162.7,24168.1,0
2026-07-21 08:43:00+00:00,24169.75,24169.75,24163.1,24163.55,0
2026-07-21 08:44:00+00:00,24165.5,24165.5,24161.9,24163.25,0
2026-07-21 08:45:00+00:00,24164.65,24170.55,24163.65,24169.25,0
2026-07-21 08:46:00+00:00,24170.8,24170.8,24161.7,24163.7,0
2026-07-21 08:47:00+00:00,24163.6,24163.6,24154.3,24162.9,0
2026-07-21 08:48:00+00:00,24164.3,24169.15,24158.15,24160.5,0
2026-07-21 08:49:00+00:00,24163.75,24179.25,24160.15,24178.15,0
2026-07-21 08:50:00+00:00,24176.75,24179.3,24168.4,24174.65,0
2026-07-21 08:51:00+00:00,24175.6,24175.6,24167.15,24168.15,0
2026-07-21 08:52:00+00:00,24169.9,24175.45,24169.0,24173.3,0
2026-07-21 08:53:00+00:00,24174.35,24177.75,24171.55,24175.25,0
2026-07-21 08:54:00+00:00,24177.6,24177.7,24170.95,24174.55,0
2026-07-21 08:55:00+00:00,24176.4,24176.4,24171.65,24173.75,0
2026-07-21 08:56:00+00:00,24174.4,24177.85,24170.4,24171.15,0
2026-07-21 08:57:00+00:00,24172.6,24177.2,24171.5,24176.7,0
2026-07-21 08:58:00+00:00,24177.65,24180.5,24174.15,24174.65,0
2026-07-21 08:59:00+00:00,24176.0,24176.0,24167.95,24167.95,0
2026-07-21 09:00:00+00:00,24169.6,24170.25,24161.85,24165.8,0
2026-07-21 09:01:00+00:00,24166.0,24175.1,24163.15,24175.1,0
2026-07-21 09:02:00+00:00,24175.4,24175.6,24170.4,24170.65,0
2026-07-21 09:03:00+00:00,24172.45,24172.95,24166.95,24167.45,0
2026-07-21 09:04:00+00:00,24169.2,24169.85,24166.0,24167.15,0
2026-07-21 09:05:00+00:00,24168.1,24176.3,24167.4,24173.75,0
2026-07-21 09:06:00+00:00,24175.0,24175.55,24156.35,24157.25,0
2026-07-21 09:07:00+00:00,24159.7,24163.65,24156.05,24159.8,0
2026-07-21 09:08:00+00:00,24161.55,24162.65,24158.75,24160.25,0
2026-07-21 09:09:00+00:00,24161.7,24161.95,24158.1,24159.6,0
2026-07-21 09:10:00+00:00,24161.05,24165.5,24160.2,24162.75,0
2026-07-21 09:11:00+00:00,24164.5,24166.95,24161.95,24165.9,0
2026-07-21 09:12:00+00:00,24167.7,24169.0,24165.6,24167.75,0
2026-07-21 09:13:00+00:00,24168.9,24171.85,24167.7,24171.0,0
2026-07-21 09:14:00+00:00,24172.25,24173.0,24170.1,24173.0,0
2026-07-21 09:15:00+00:00,24173.4,24175.3,24171.55,24173.4,0
2026-07-21 09:16:00+00:00,24175.4,24176.25,24172.4,24172.7,0
2026-07-21 09:17:00+00:00,24173.85,24174.25,24165.85,24166.2,0
2026-07-21 09:18:00+00:00,24170.0,24182.9,24165.9,24182.55,0
2026-07-21 09:19:00+00:00,24182.8,24185.05,24179.85,24184.75,0
2026-07-21 09:20:00+00:00,24186.15,24186.5,24172.2,24173.25,0
2026-07-21 09:21:00+00:00,24173.95,24175.0,24171.5,24173.4,0
2026-07-21 09:22:00+00:00,24172.95,24172.95,24164.85,24165.45,0
2026-07-21 09:23:00+00:00,24166.4,24180.55,24164.85,24178.1,0
2026-07-21 09:24:00+00:00,24179.6,24182.15,24176.95,24180.5,0
2026-07-21 09:25:00+00:00,24181.75,24181.75,24174.6,24178.4,0
2026-07-21 09:26:00+00:00,24180.25,24192.15,24176.75,24190.9,0
2026-07-21 09:27:00+00:00,24191.35,24191.55,24185.9,24190.7,0
2026-07-21 09:28:00+00:00,24192.2,24192.2,24185.15,24185.55,0
2026-07-21 09:29:00+00:00,24188.0,24192.75,24181.05,24182.1,0
2026-07-21 09:30:00+00:00,24183.75,24197.05,24180.75,24196.3,0
2026-07-21 09:31:00+00:00,24196.9,24197.2,24186.8,24188.55,0
2026-07-21 09:32:00+00:00,24189.4,24194.35,24188.2,24193.25,0
2026-07-21 09:33:00+00:00,24193.25,24195.65,24188.85,24191.15,0
2026-07-21 09:34:00+00:00,24190.75,24190.8,24181.4,24181.65,0
2026-07-21 09:35:00+00:00,24183.3,24190.05,24181.5,24189.6,0
2026-07-21 09:36:00+00:00,24189.7,24192.05,24187.1,24188.6,0
2026-07-21 09:37:00+00:00,24188.15,24194.6,24184.65,24193.35,0
2026-07-21 09:38:00+00:00,24192.25,24195.5,24188.75,24188.75,0
2026-07-21 09:39:00+00:00,24188.65,24190.75,24183.9,24185.75,0
2026-07-21 09:40:00+00:00,24184.15,24185.9,24180.1,24180.95,0
2026-07-21 09:41:00+00:00,24181.65,24185.8,24180.05,24184.3,0
2026-07-21 09:42:00+00:00,24185.3,24187.3,24183.4,24186.2,0
2026-07-21 09:43:00+00:00,24185.45,24188.25,24181.95,24182.05,0
2026-07-21 09:44:00+00:00,24182.75,24185.05,24180.8,24184.1,0
2026-07-21 09:45:00+00:00,24183.4,24186.3,24182.95,24183.85,0
2026-07-21 09:46:00+00:00,24183.95,24186.95,24182.1,24186.2,0
2026-07-21 09:47:00+00:00,24186.0,24190.0,24185.8,24189.3,0
2026-07-21 09:48:00+00:00,24187.95,24191.5,24185.6,24188.7,0
2026-07-21 09:49:00+00:00,24189.25,24192.7,24184.85,24185.85,0
2026-07-21 09:50:00+00:00,24184.4,24187.9,24183.15,24186.75,0
2026-07-21 09:51:00+00:00,24186.65,24188.85,24184.65,24187.7,0
2026-07-21 09:52:00+00:00,24187.25,24191.05,24187.25,24188.8,0
2026-07-21 09:53:00+00:00,24189.55,24191.05,24187.1,24188.55,0
2026-07-21 09:54:00+00:00,24188.6,24190.15,24184.85,24188.55,0
2026-07-21 09:55:00+00:00,24187.55,24190.2,24183.55,24186.4,0
2026-07-21 09:56:00+00:00,24185.35,24190.75,24184.1,24185.55,0
2026-07-21 09:57:00+00:00,24184.8,24192.05,24183.9,24190.35,0
2026-07-21 09:58:00+00:00,24190.1,24196.15,24188.35,24192.1,0
2026-07-21 09:59:00+00:00,24189.8,24196.15,24185.2,24193.05,0
2026-07-22 03:45:00+00:00,24150.45,24166.3,24091.35,24093.2,0
2026-07-22 03:46:00+00:00,24096.25,24100.6,24077.45,24086.3,0
2026-07-22 03:47:00+00:00,24088.1,24090.85,24076.15,24083.85,0
2026-07-22 03:48:00+00:00,24084.45,24090.8,24078.0,24089.6,0
2026-07-22 03:49:00+00:00,24091.65,24098.65,24089.1,24094.1,0
2026-07-22 03:50:00+00:00,24096.6,24105.2,24091.15,24104.4,0
2026-07-22 03:51:00+00:00,24105.45,24111.35,24089.75,24091.55,0
2026-07-22 03:52:00+00:00,24093.65,24096.9,24087.55,24093.0,0
2026-07-22 03:53:00+00:00,24095.45,24099.7,24090.0,24090.2,0
2026-07-22 03:54:00+00:00,24092.5,24096.55,24089.35,24095.35,0
2026-07-22 03:55:00+00:00,24097.2,24097.2,24090.15,24092.0,0
2026-07-22 03:56:00+00:00,24094.0,24094.6,24076.5,24076.5,0
2026-07-22 03:57:00+00:00,24078.6,24078.6,24066.05,24068.4,0
2026-07-22 03:58:00+00:00,24071.7,24071.85,24056.55,24058.65,0
2026-07-22 03:59:00+00:00,24060.65,24060.65,24046.95,24048.9,0
2026-07-22 04:00:00+00:00,24051.0,24058.05,24047.35,24051.45,0
2026-07-22 04:01:00+00:00,24053.1,24053.9,24031.65,24032.55,0
2026-07-22 04:02:00+00:00,24035.0,24036.05,24021.9,24035.45,0
2026-07-22 04:03:00+00:00,24035.75,24036.95,24027.4,24030.9,0
2026-07-22 04:04:00+00:00,24032.4,24033.25,24023.7,24024.25,0
2026-07-22 04:05:00+00:00,24026.25,24026.65,24017.6,24021.45,0
2026-07-22 04:06:00+00:00,24024.05,24024.15,24016.15,24020.95,0
2026-07-22 04:07:00+00:00,24021.3,24021.3,24016.65,24018.6,0
2026-07-22 04:08:00+00:00,24020.4,24032.5,24020.3,24030.4,0
2026-07-22 04:09:00+00:00,24031.5,24031.75,24020.75,24024.05,0
2026-07-22 04:10:00+00:00,24025.8,24029.8,24022.0,24029.4,0
2026-07-22 04:11:00+00:00,24031.0,24031.05,24024.25,24024.4,0
2026-07-22 04:12:00+00:00,24026.65,24030.9,24024.3,24027.95,0
2026-07-22 04:13:00+00:00,24029.0,24030.85,24024.55,24029.6,0
2026-07-22 04:14:00+00:00,24030.0,24031.15,24026.0,24027.0,0
2026-07-22 04:15:00+00:00,24028.35,24031.3,24027.35,24028.95,0
2026-07-22 04:16:00+00:00,24030.4,24030.4,24021.25,24021.7,0
2026-07-22 04:17:00+00:00,24024.05,24024.15,24011.9,24012.3,0
2026-07-22 04:18:00+00:00,24014.8,24018.3,24012.65,24016.4,0
2026-07-22 04:19:00+00:00,24018.0,24018.6,24013.15,24014.45,0
2026-07-22 04:20:00+00:00,24015.55,24022.1,24012.25,24020.55,0
2026-07-22 04:21:00+00:00,24023.5,24027.3,24020.35,24021.2,0
2026-07-22 04:22:00+00:00,24024.3,24026.1,24019.8,24023.15,0
2026-07-22 04:23:00+00:00,24024.2,24024.85,24018.55,24021.95,0
2026-07-22 04:24:00+00:00,24024.55,24024.8,24018.65,24020.45,0
2026-07-22 04:25:00+00:00,24021.1,24021.65,24013.65,24014.8,0
2026-07-22 04:26:00+00:00,24017.1,24018.0,24010.35,24010.65,0
2026-07-22 04:27:00+00:00,24012.8,24017.4,24008.7,24015.95,0
2026-07-22 04:28:00+00:00,24019.05,24020.65,24016.95,24018.15,0
2026-07-22 04:29:00+00:00,24019.3,24022.75,24017.65,24020.2,0
2026-07-22 04:30:00+00:00,24021.8,24021.85,24012.9,24015.05,0
2026-07-22 04:31:00+00:00,24016.35,24017.65,24013.65,24015.15,0
2026-07-22 04:32:00+00:00,24017.45,24021.45,24012.75,24021.45,0
2026-07-22 04:33:00+00:00,24022.65,24026.55,24021.9,24024.85,0
2026-07-22 04:34:00+00:00,24026.7,24029.7,24024.15,24025.05,0
2026-07-22 04:35:00+00:00,24027.55,24031.2,24020.55,24028.95,0
2026-07-22 04:36:00+00:00,24031.15,24043.6,24030.1,24042.05,0
2026-07-22 04:37:00+00:00,24043.85,24050.75,24041.3,24049.65,0
2026-07-22 04:38:00+00:00,24050.1,24052.75,24046.95,24049.5,0
2026-07-22 04:39:00+00:00,24052.2,24052.25,24046.8,24050.9,0
2026-07-22 04:40:00+00:00,24052.1,24052.1,24045.2,24045.6,0
2026-07-22 04:41:00+00:00,24047.5,24048.3,24042.05,24042.1,0
2026-07-22 04:42:00+00:00,24043.5,24044.45,24041.55,24042.95,0
2026-07-22 04:43:00+00:00,24044.9,24046.75,24041.5,24045.25,0
2026-07-22 04:44:00+00:00,24045.95,24046.45,24030.85,24033.45,0
2026-07-22 04:45:00+00:00,24033.8,24033.8,24028.55,24031.2,0
2026-07-22 04:46:00+00:00,24031.65,24032.35,24019.55,24019.95,0
2026-07-22 04:47:00+00:00,24022.6,24024.1,24019.05,24019.8,0
2026-07-22 04:48:00+00:00,24021.6,24024.15,24018.65,24021.95,0
2026-07-22 04:49:00+00:00,24023.15,24024.95,24016.5,24021.45,0
2026-07-22 04:50:00+00:00,24022.65,24022.65,24014.15,24020.1,0
2026-07-22 04:51:00+00:00,24021.6,24021.6,24014.8,24015.75,0
2026-07-22 04:52:00+00:00,24017.05,24018.4,24012.4,24013.15,0
2026-07-22 04:53:00+00:00,24015.75,24015.8,24002.0,24002.55,0
2026-07-22 04:54:00+00:00,24004.35,24006.6,24000.0,24001.75,0
2026-07-22 04:55:00+00:00,24003.95,24003.95,23988.55,23989.55,0
2026-07-22 04:56:00+00:00,23990.05,23990.05,23976.9,23977.95,0
2026-07-22 04:57:00+00:00,23980.25,23988.75,23973.7,23986.4,0
2026-07-22 04:58:00+00:00,23987.1,23999.8,23986.45,23998.7,0
2026-07-22 04:59:00+00:00,23999.55,24008.4,23998.7,24007.6,0
2026-07-22 05:00:00+00:00,24009.25,24010.2,24003.85,24008.25,0
2026-07-22 05:01:00+00:00,24010.3,24013.5,24005.0,24005.0,0
2026-07-22 05:02:00+00:00,24006.0,24007.05,23999.15,23999.15,0
2026-07-22 05:03:00+00:00,24000.85,24005.95,23997.85,24005.05,0
2026-07-22 05:04:00+00:00,24006.4,24006.4,24000.8,24002.1,0
2026-07-22 05:05:00+00:00,24003.5,24004.75,24001.75,24004.15,0
2026-07-22 05:06:00+00:00,24005.35,24007.4,23999.4,23999.85,0
2026-07-22 05:07:00+00:00,24001.1,24007.35,24000.25,24002.45,0
2026-07-22 05:08:00+00:00,24004.2,24004.2,23994.65,23994.8,0
2026-07-22 05:09:00+00:00,23997.05,24000.15,23993.45,23994.1,0
2026-07-22 05:10:00+00:00,23996.4,23997.55,23992.55,23993.55,0
2026-07-22 05:11:00+00:00,23996.65,23997.45,23991.55,23993.0,0
2026-07-22 05:12:00+00:00,23995.15,23996.2,23991.15,23991.95,0
2026-07-22 05:13:00+00:00,23993.45,23994.45,23991.05,23992.0,0
2026-07-22 05:14:00+00:00,23993.9,23994.4,23989.2,23989.2,0
2026-07-22 05:15:00+00:00,23991.6,23998.55,23988.25,23998.55,0
2026-07-22 05:16:00+00:00,23999.3,24006.35,23998.3,24001.55,0
2026-07-22 05:17:00+00:00,24002.9,24007.55,24000.85,24006.55,0
2026-07-22 05:18:00+00:00,24007.7,24012.4,24005.85,24010.15,0
2026-07-22 05:19:00+00:00,24011.8,24015.45,24010.0,24010.9,0
2026-07-22 05:20:00+00:00,24013.0,24013.15,24008.2,24009.8,0
2026-07-22 05:21:00+00:00,24011.55,24014.2,24009.25,24012.15,0
2026-07-22 05:22:00+00:00,24014.8,24017.5,24012.55,24015.8,0
2026-07-22 05:23:00+00:00,24017.9,24019.65,24015.2,24017.65,0
2026-07-22 05:24:00+00:00,24018.85,24021.3,24017.65,24017.7,0
2026-07-22 05:25:00+00:00,24019.75,24024.55,24017.6,24018.85,0
2026-07-22 05:26:00+00:00,24020.25,24026.0,24018.1,24025.4,0
2026-07-22 05:27:00+00:00,24027.4,24029.75,24025.85,24028.0,0
2026-07-22 05:28:00+00:00,24029.65,24030.8,24021.9,24022.2,0
2026-07-22 05:29:00+00:00,24023.65,24026.5,24021.85,24025.95,0
2026-07-22 05:30:00+00:00,24027.35,24028.1,24020.05,24020.3,0
2026-07-22 05:31:00+00:00,24022.85,24023.15,24017.3,24017.6,0
2026-07-22 05:32:00+00:00,24018.0,24019.3,24014.85,24015.15,0
2026-07-22 05:33:00+00:00,24016.6,24019.35,24013.55,24017.05,0
2026-07-22 05:34:00+00:00,24018.1,24021.3,24016.3,24018.35,0
2026-07-22 05:35:00+00:00,24019.4,24019.4,24012.5,24014.35,0
2026-07-22 05:36:00+00:00,24015.65,24015.65,24011.35,24012.55,0
2026-07-22 05:37:00+00:00,24014.55,24018.85,24012.0,24017.2,0
2026-07-22 05:38:00+00:00,24019.4,24021.6,24017.8,24019.8,0
2026-07-22 05:39:00+00:00,24019.95,24022.65,24019.25,24022.35,0
2026-07-22 05:40:00+00:00,24024.0,24025.8,24022.05,24025.2,0
2026-07-22 05:41:00+00:00,24026.45,24027.1,24020.65,24020.65,0
2026-07-22 05:42:00+00:00,24023.05,24023.05,24015.4,24017.25,0
2026-07-22 05:43:00+00:00,24018.55,24019.0,24012.4,24013.9,0
2026-07-22 05:44:00+00:00,24015.9,24018.7,24012.25,24013.7,0
2026-07-22 05:45:00+00:00,24015.2,24017.05,24013.0,24013.35,0
2026-07-22 05:46:00+00:00,24014.65,24019.5,24012.9,24017.85,0
2026-07-22 05:47:00+00:00,24019.2,24025.05,24017.25,24023.85,0
2026-07-22 05:48:00+00:00,24025.7,24030.5,24023.15,24025.3,0
2026-07-22 05:49:00+00:00,24027.5,24027.5,24023.4,24024.95,0
2026-07-22 05:50:00+00:00,24027.9,24027.95,24023.2,24026.85,0
2026-07-22 05:51:00+00:00,24028.2,24034.05,24026.75,24032.25,0
2026-07-22 05:52:00+00:00,24034.4,24035.95,24031.45,24035.45,0
2026-07-22 05:53:00+00:00,24036.6,24040.35,24035.9,24037.65,0
2026-07-22 05:54:00+00:00,24038.85,24039.6,24036.25,24037.7,0
2026-07-22 05:55:00+00:00,24039.55,24042.0,24037.35,24039.3,0
2026-07-22 05:56:00+00:00,24041.4,24041.4,24034.4,24035.7,0
2026-07-22 05:57:00+00:00,24038.65,24040.55,24034.85,24037.6,0
2026-07-22 05:58:00+00:00,24039.4,24040.75,24037.8,24039.35,0
2026-07-22 05:59:00+00:00,24040.95,24041.95,24038.0,24041.55,0
2026-07-22 06:00:00+00:00,24042.75,24043.8,24040.05,24041.05,0
2026-07-22 06:01:00+00:00,24042.2,24043.05,24038.75,24038.8,0
2026-07-22 06:02:00+00:00,24040.65,24044.5,24038.15,24042.05,0
2026-07-22 06:03:00+00:00,24044.15,24046.5,24042.6,24044.4,0
2026-07-22 06:04:00+00:00,24045.5,24048.95,24044.0,24047.65,0
2026-07-22 06:05:00+00:00,24048.7,24050.65,24041.35,24041.4,0
2026-07-22 06:06:00+00:00,24042.9,24043.65,24038.85,24039.85,0
2026-07-22 06:07:00+00:00,24041.65,24042.05,24037.35,24038.9,0
2026-07-22 06:08:00+00:00,24040.55,24040.75,24036.5,24037.8,0
2026-07-22 06:09:00+00:00,24039.25,24042.55,24037.2,24041.8,0
2026-07-22 06:10:00+00:00,24043.0,24043.9,24037.9,24039.1,0
2026-07-22 06:11:00+00:00,24041.4,24043.15,24038.95,24040.8,0
2026-07-22 06:12:00+00:00,24041.9,24044.65,24040.55,24044.3,0
2026-07-22 06:13:00+00:00,24045.85,24047.9,24043.0,24043.75,0
2026-07-22 06:14:00+00:00,24045.35,24047.25,24043.3,24045.7,0
2026-07-22 06:15:00+00:00,24046.8,24048.3,24042.75,24042.9,0
2026-07-22 06:16:00+00:00,24044.7,24045.8,24042.05,24045.2,0
2026-07-22 06:17:00+00:00,24046.85,24049.0,24044.35,24046.25,0
2026-07-22 06:18:00+00:00,24048.1,24048.6,24042.25,24043.4,0
2026-07-22 06:19:00+00:00,24045.45,24045.45,24038.2,24039.2,0
2026-07-22 06:20:00+00:00,24041.4,24042.3,24035.55,24039.55,0
2026-07-22 06:21:00+00:00,24041.75,24042.0,24037.35,24039.15,0
2026-07-22 06:22:00+00:00,24040.65,24041.6,24036.65,24039.05,0
2026-07-22 06:23:00+00:00,24040.15,24040.55,24033.85,24034.7,0
2026-07-22 06:24:00+00:00,24036.65,24036.65,24030.1,24030.1,0
2026-07-22 06:25:00+00:00,24031.75,24032.9,24027.15,24032.4,0
2026-07-22 06:26:00+00:00,24033.5,24034.15,24028.65,24031.6,0
2026-07-22 06:27:00+00:00,24033.25,24033.25,24027.35,24028.05,0
2026-07-22 06:28:00+00:00,24030.45,24031.7,24026.05,24026.9,0
2026-07-22 06:29:00+00:00,24028.6,24028.8,24022.0,24022.0,0
2026-07-22 06:30:00+00:00,24023.4,24024.5,24014.4,24014.4,0
2026-07-22 06:31:00+00:00,24016.7,24016.7,24008.55,24008.85,0
2026-07-22 06:32:00+00:00,24010.95,24011.0,23998.35,24003.25,0
2026-07-22 06:33:00+00:00,24004.7,24008.4,24003.15,24006.5,0
2026-07-22 06:34:00+00:00,24006.2,24011.5,24005.75,24009.25,0
2026-07-22 06:35:00+00:00,24011.0,24012.45,24007.5,24011.5,0
2026-07-22 06:36:00+00:00,24013.3,24015.7,24009.55,24013.85,0
2026-07-22 06:37:00+00:00,24015.65,24016.25,24010.75,24010.75,0
2026-07-22 06:38:00+00:00,24013.2,24013.3,24006.35,24006.9,0
2026-07-22 06:39:00+00:00,24008.45,24008.45,23999.0,23999.45,0
2026-07-22 06:40:00+00:00,24001.15,24002.2,23997.05,24000.5,0
2026-07-22 06:41:00+00:00,24002.4,24005.05,24000.4,24002.55,0
2026-07-22 06:42:00+00:00,24004.75,24004.75,23998.2,23998.2,0
2026-07-22 06:43:00+00:00,24000.6,24000.6,23995.95,23997.4,0
2026-07-22 06:44:00+00:00,23998.35,23999.65,23995.25,23996.25,0
2026-07-22 06:45:00+00:00,23997.85,23997.85,23991.65,23995.95,0
2026-07-22 06:46:00+00:00,23997.25,23999.3,23995.45,23997.9,0
2026-07-22 06:47:00+00:00,23999.8,23999.8,23996.1,23997.8,0
2026-07-22 06:48:00+00:00,23998.8,23998.8,23987.45,23987.9,0
2026-07-22 06:49:00+00:00,23989.65,23990.0,23978.55,23978.85,0
2026-07-22 06:50:00+00:00,23979.25,23979.25,23968.55,23971.8,0
2026-07-22 06:51:00+00:00,23973.5,23981.25,23972.15,23979.7,0
2026-07-22 06:52:00+00:00,23979.85,23982.0,23974.8,23977.35,0
2026-07-22 06:53:00+00:00,23978.35,23986.2,23975.45,23985.9,0
2026-07-22 06:54:00+00:00,23987.5,23990.4,23984.1,23988.8,0
2026-07-22 06:55:00+00:00,23990.15,23992.25,23989.2,23991.1,0
2026-07-22 06:56:00+00:00,23992.65,23992.95,23989.95,23991.5,0
2026-07-22 06:57:00+00:00,23992.55,23992.55,23986.6,23988.05,0
2026-07-22 06:58:00+00:00,23989.25,23989.25,23983.5,23985.1,0
2026-07-22 06:59:00+00:00,23986.95,23986.95,23979.35,23980.9,0
2026-07-22 07:00:00+00:00,23982.4,23982.4,23974.8,23976.35,0
2026-07-22 07:01:00+00:00,23976.95,23976.95,23971.05,23971.25,0
2026-07-22 07:02:00+00:00,23972.75,23974.3,23969.45,23972.95,0
2026-07-22 07:03:00+00:00,23974.25,23975.5,23969.4,23974.9,0
2026-07-22 07:04:00+00:00,23976.1,23977.95,23971.9,23974.95,0
2026-07-22 07:05:00+00:00,23976.3,23976.5,23971.15,23972.3,0
2026-07-22 07:06:00+00:00,23973.65,23973.95,23967.95,23969.65,0
2026-07-22 07:07:00+00:00,23971.45,23973.7,23968.7,23970.15,0
2026-07-22 07:08:00+00:00,23971.2,23973.0,23964.2,23965.25,0
2026-07-22 07:09:00+00:00,23966.1,23967.05,23962.5,23965.15,0
2026-07-22 07:10:00+00:00,23965.95,23965.95,23961.45,23962.3,0
2026-07-22 07:11:00+00:00,23963.65,23965.7,23961.4,23965.35,0
2026-07-22 07:12:00+00:00,23966.55,23979.4,23965.4,23978.15,0
2026-07-22 07:13:00+00:00,23979.35,23979.85,23976.65,23978.05,0
2026-07-22 07:14:00+00:00,23979.45,23983.4,23977.6,23983.25,0
2026-07-22 07:15:00+00:00,23985.1,23985.65,23980.4,23981.1,0
2026-07-22 07:16:00+00:00,23981.85,23982.9,23978.0,23981.85,0
2026-07-22 07:17:00+00:00,23983.15,23987.2,23979.1,23987.2,0
2026-07-22 07:18:00+00:00,23993.5,24000.85,23993.5,23999.3,0
2026-07-22 07:19:00+00:00,24000.3,24003.65,23998.85,24003.1,0
2026-07-22 07:20:00+00:00,24004.5,24005.8,24001.5,24004.35,0
2026-07-22 07:21:00+00:00,24006.1,24006.4,24002.95,24006.05,0
2026-07-22 07:22:00+00:00,24007.7,24012.05,24005.05,24010.95,0
2026-07-22 07:23:00+00:00,24013.4,24017.05,24008.55,24009.5,0
2026-07-22 07:24:00+00:00,24010.7,24010.7,24004.15,24006.65,0
2026-07-22 07:25:00+00:00,24008.1,24008.65,24004.75,24005.5,0
2026-07-22 07:26:00+00:00,24007.5,24009.85,24005.85,24007.35,0
2026-07-22 07:27:00+00:00,24009.15,24009.85,24006.6,24009.25,0
2026-07-22 07:28:00+00:00,24010.85,24013.2,24007.0,24007.9,0
2026-07-22 07:29:00+00:00,24010.05,24010.1,24002.85,24003.6,0
2026-07-22 07:30:00+00:00,24003.3,24003.8,23997.75,23997.9,0
2026-07-22 07:31:00+00:00,23999.6,23999.6,23989.25,23995.25,0
2026-07-22 07:32:00+00:00,23996.1,23996.35,23991.2,23995.9,0
2026-07-22 07:33:00+00:00,23996.6,23997.1,23988.6,23990.55,0
2026-07-22 07:34:00+00:00,23992.35,23992.35,23985.1,23985.1,0
2026-07-22 07:35:00+00:00,23986.75,23988.1,23981.75,23983.35,0
2026-07-22 07:36:00+00:00,23985.35,23988.95,23982.8,23987.3,0
2026-07-22 07:37:00+00:00,23988.7,23989.15,23984.8,23988.5,0
2026-07-22 07:38:00+00:00,23990.3,23993.25,23988.55,23991.35,0
2026-07-22 07:39:00+00:00,23993.2,23993.4,23988.3,23988.75,0
2026-07-22 07:40:00+00:00,23990.3,23991.2,23986.95,23989.25,0
2026-07-22 07:41:00+00:00,23991.6,23991.65,23979.35,23979.8,0
2026-07-22 07:42:00+00:00,23981.35,23981.35,23975.9,23976.15,0
2026-07-22 07:43:00+00:00,23978.15,23978.15,23968.3,23973.3,0
2026-07-22 07:44:00+00:00,23975.8,23981.1,23972.45,23978.85,0
2026-07-22 07:45:00+00:00,23980.45,23981.15,23976.15,23978.2,0
2026-07-22 07:46:00+00:00,23979.7,23982.15,23977.45,23981.95,0
2026-07-22 07:47:00+00:00,23983.5,23986.35,23981.55,23983.1,0
2026-07-22 07:48:00+00:00,23984.85,23984.85,23978.85,23982.35,0
2026-07-22 07:49:00+00:00,23984.1,23984.45,23979.45,23979.9,0
2026-07-22 07:50:00+00:00,23982.45,23984.15,23980.45,23982.15,0
2026-07-22 07:51:00+00:00,23983.75,23986.05,23979.6,23982.35,0
2026-07-22 07:52:00+00:00,23982.8,23985.3,23973.75,23978.65,0
2026-07-22 07:53:00+00:00,23979.95,23980.95,23976.5,23980.6,0
2026-07-22 07:54:00+00:00,23981.75,23982.75,23978.55,23978.65,0
2026-07-22 07:55:00+00:00,23980.7,23981.0,23974.5,23976.6,0
2026-07-22 07:56:00+00:00,23978.15,23978.7,23973.15,23974.2,0
2026-07-22 07:57:00+00:00,23976.05,23979.5,23973.6,23979.5,0
2026-07-22 07:58:00+00:00,23979.85,23981.7,23976.25,23979.7,0
2026-07-22 07:59:00+00:00,23981.7,23983.7,23978.7,23979.3,0
2026-07-22 08:00:00+00:00,23981.45,23987.7,23979.3,23987.05,0
2026-07-22 08:01:00+00:00,23988.65,23988.65,23981.4,23985.85,0
2026-07-22 08:02:00+00:00,23987.25,23990.0,23985.05,23988.8,0
2026-07-22 08:03:00+00:00,23990.05,23990.55,23983.6,23987.6,0
2026-07-22 08:04:00+00:00,23988.65,23995.15,23987.0,23994.2,0
2026-07-22 08:05:00+00:00,23996.4,24014.4,23990.75,24004.0,0
2026-07-22 08:06:00+00:00,24006.3,24010.6,24003.5,24004.25,0
2026-07-22 08:07:00+00:00,24006.45,24006.45,24001.7,24002.55,0
2026-07-22 08:08:00+00:00,24004.55,24005.0,23998.6,23999.45,0
2026-07-22 08:09:00+00:00,24001.1,24002.0,23997.6,23997.8,0
2026-07-22 08:10:00+00:00,23999.4,24002.0,23997.9,23999.25,0
2026-07-22 08:11:00+00:00,24000.25,24001.7,23988.35,23989.35,0
2026-07-22 08:12:00+00:00,23991.1,23991.1,23983.25,23984.7,0
2026-07-22 08:13:00+00:00,23986.85,23997.5,23984.45,23997.0,0
2026-07-22 08:14:00+00:00,23998.4,23998.7,23993.3,23995.35,0
2026-07-22 08:15:00+00:00,23996.45,23996.55,23990.95,23991.0,0
2026-07-22 08:16:00+00:00,23992.95,23992.95,23984.0,23986.25,0
2026-07-22 08:17:00+00:00,23987.45,23989.8,23985.55,23988.65,0
2026-07-22 08:18:00+00:00,23990.7,23990.8,23987.05,23987.8,0
2026-07-22 08:19:00+00:00,23989.65,23989.8,23980.8,23981.6,0
2026-07-22 08:20:00+00:00,23983.3,23984.65,23978.9,23978.9,0
2026-07-22 08:21:00+00:00,23980.95,23981.0,23977.15,23978.8,0
2026-07-22 08:22:00+00:00,23981.5,23982.9,23980.0,23981.85,0
2026-07-22 08:23:00+00:00,23983.25,23983.55,23978.8,23979.95,0
2026-07-22 08:24:00+00:00,23982.05,23982.1,23977.85,23977.85,0
2026-07-22 08:25:00+00:00,23980.7,23981.0,23977.4,23978.85,0
2026-07-22 08:26:00+00:00,23980.5,23982.4,23979.3,23981.1,0
2026-07-22 08:27:00+00:00,23983.1,23986.05,23981.1,23981.1,0
2026-07-22 08:28:00+00:00,23982.8,23982.8,23976.9,23977.3,0
2026-07-22 08:29:00+00:00,23978.95,23978.95,23974.4,23976.5,0
2026-07-22 08:30:00+00:00,23978.15,23981.0,23971.7,23978.25,0
2026-07-22 08:31:00+00:00,23980.75,23980.75,23976.05,23978.85,0
2026-07-22 08:32:00+00:00,23979.85,23983.55,23977.6,23982.05,0
2026-07-22 08:33:00+00:00,23984.6,23984.6,23977.7,23978.8,0
2026-07-22 08:34:00+00:00,23980.3,23980.3,23975.2,23976.0,0
2026-07-22 08:35:00+00:00,23978.15,23979.85,23975.75,23976.1,0
2026-07-22 08:36:00+00:00,23978.15,23979.25,23975.95,23976.9,0
2026-07-22 08:37:00+00:00,23977.55,23979.15,23973.35,23973.35,0
2026-07-22 08:38:00+00:00,23975.5,23978.9,23973.6,23976.8,0
2026-07-22 08:39:00+00:00,23979.2,23981.8,23976.35,23977.4,0
2026-07-22 08:40:00+00:00,23979.15,23979.2,23976.35,23977.25,0
2026-07-22 08:41:00+00:00,23979.85,23979.85,23976.45,23976.6,0
2026-07-22 08:42:00+00:00,23977.5,23977.5,23964.6,23970.5,0
2026-07-22 08:43:00+00:00,23972.9,23977.15,23969.45,23975.6,0
2026-07-22 08:44:00+00:00,23977.9,23977.9,23972.3,23973.35,0
2026-07-22 08:45:00+00:00,23975.25,23975.5,23970.6,23975.1,0
2026-07-22 08:46:00+00:00,23976.3,23982.7,23974.8,23982.4,0
2026-07-22 08:47:00+00:00,23984.7,23988.8,23982.25,23985.2,0
2026-07-22 08:48:00+00:00,23986.45,23987.7,23981.5,23982.55,0
2026-07-22 08:49:00+00:00,23984.05,23986.0,23980.1,23984.3,0
2026-07-22 08:50:00+00:00,23986.4,23987.35,23983.3,23984.4,0
2026-07-22 08:51:00+00:00,23986.25,23986.3,23977.8,23978.35,0
2026-07-22 08:52:00+00:00,23980.15,23981.35,23977.25,23977.8,0
2026-07-22 08:53:00+00:00,23980.0,23981.15,23975.25,23979.35,0
2026-07-22 08:54:00+00:00,23981.0,23982.85,23978.55,23981.15,0
2026-07-22 08:55:00+00:00,23983.9,23983.9,23976.75,23977.45,0
2026-07-22 08:56:00+00:00,23979.3,23979.5,23975.35,23976.25,0
2026-07-22 08:57:00+00:00,23978.3,23979.2,23974.9,23976.65,0
2026-07-22 08:58:00+00:00,23979.55,23979.55,23974.8,23975.1,0
2026-07-22 08:59:00+00:00,23976.7,23977.1,23970.95,23972.35,0
2026-07-22 09:00:00+00:00,23974.3,23974.5,23968.6,23968.7,0
2026-07-22 09:01:00+00:00,23970.85,23973.0,23968.5,23970.8,0
2026-07-22 09:02:00+00:00,23972.25,23973.1,23969.7,23970.75,0
2026-07-22 09:03:00+00:00,23972.6,23977.8,23970.1,23976.2,0
2026-07-22 09:04:00+00:00,23979.3,23980.05,23975.75,23977.85,0
2026-07-22 09:05:00+00:00,23980.4,23988.75,23979.45,23986.8,0
2026-07-22 09:06:00+00:00,23989.05,23989.95,23987.05,23988.05,0
2026-07-22 09:07:00+00:00,23989.8,23992.05,23988.15,23988.7,0
2026-07-22 09:08:00+00:00,23991.6,23991.8,23987.45,23988.45,0
2026-07-22 09:09:00+00:00,23991.5,23991.5,23982.5,23983.35,0
2026-07-22 09:10:00+00:00,23985.45,23988.25,23981.05,23981.6,0
2026-07-22 09:11:00+00:00,23984.15,23984.35,23976.7,23976.7,0
2026-07-22 09:12:00+00:00,23979.45,23979.7,23974.0,23976.2,0
2026-07-22 09:13:00+00:00,23978.95,23980.3,23974.05,23974.05,0
2026-07-22 09:14:00+00:00,23977.7,23978.85,23972.7,23976.3,0
2026-07-22 09:15:00+00:00,23978.45,23981.65,23975.0,23980.15,0
2026-07-22 09:16:00+00:00,23982.5,23982.5,23976.55,23977.35,0
2026-07-22 09:17:00+00:00,23980.2,23980.95,23976.4,23976.4,0
2026-07-22 09:18:00+00:00,23979.3,23980.3,23974.95,23977.25,0
2026-07-22 09:19:00+00:00,23977.65,23983.0,23977.0,23981.55,0
2026-07-22 09:20:00+00:00,23982.6,23985.35,23978.85,23985.2,0
2026-07-22 09:21:00+00:00,23987.25,23988.85,23984.9,23987.3,0
2026-07-22 09:22:00+00:00,23989.25,23989.55,23984.95,23987.0,0
2026-07-22 09:23:00+00:00,23988.85,23991.85,23986.1,23988.3,0
2026-07-22 09:24:00+00:00,23990.2,23990.55,23985.1,23987.45,0
2026-07-22 09:25:00+00:00,23990.1,23990.75,23982.6,23983.2,0
2026-07-22 09:26:00+00:00,23986.05,23986.4,23981.05,23981.05,0
2026-07-22 09:27:00+00:00,23983.9,23984.4,23975.05,23975.05,0
2026-07-22 09:28:00+00:00,23977.5,23982.55,23975.6,23981.3,0
2026-07-22 09:29:00+00:00,23983.35,23984.65,23975.0,23979.9,0
2026-07-22 09:30:00+00:00,23979.9,23993.5,23979.9,23986.2,0
2026-07-22 09:31:00+00:00,23987.8,23987.8,23980.0,23983.9,0
2026-07-22 09:32:00+00:00,23984.9,23989.25,23983.9,23987.45,0
2026-07-22 09:33:00+00:00,23987.8,23993.45,23975.9,23979.0,0
2026-07-22 09:34:00+00:00,23979.85,23983.0,23973.35,23981.65,0
2026-07-22 09:35:00+00:00,23981.25,23997.65,23980.5,23995.75,0
2026-07-22 09:36:00+00:00,23996.5,24005.4,23993.6,23993.8,0
2026-07-22 09:37:00+00:00,23995.3,23995.85,23985.8,23986.65,0
2026-07-22 09:38:00+00:00,23988.65,23998.55,23985.85,23996.75,0
2026-07-22 09:39:00+00:00,23995.85,23998.35,23993.3,23997.9,0
2026-07-22 09:40:00+00:00,23998.35,24001.9,23996.05,23997.9,0
2026-07-22 09:41:00+00:00,23997.5,24003.75,23997.35,23998.45,0
2026-07-22 09:42:00+00:00,23998.45,24005.2,23997.45,24004.2,0
2026-07-22 09:43:00+00:00,24003.6,24010.15,24003.6,24010.15,0
2026-07-22 09:44:00+00:00,24009.5,24023.95,24009.5,24021.15,0
2026-07-22 09:45:00+00:00,24021.6,24024.8,24010.05,24014.65,0
2026-07-22 09:46:00+00:00,24016.9,24023.0,24015.4,24019.85,0
2026-07-22 09:47:00+00:00,24019.2,24022.0,24017.35,24019.9,0
2026-07-22 09:48:00+00:00,24018.95,24020.9,24014.55,24020.1,0
2026-07-22 09:49:00+00:00,24019.0,24022.4,24013.4,24016.2,0
2026-07-22 09:50:00+00:00,24017.85,24018.25,24011.45,24013.4,0
2026-07-22 09:51:00+00:00,24012.8,24015.55,24005.1,24006.25,0
2026-07-22 09:52:00+00:00,24005.05,24007.0,24000.65,24001.4,0
2026-07-22 09:53:00+00:00,24000.45,24002.95,23992.65,23994.05,0
2026-07-22 09:54:00+00:00,23993.15,24000.45,23991.45,23999.2,0
2026-07-22 09:55:00+00:00,24000.1,24000.85,23992.45,23994.45,0
2026-07-22 09:56:00+00:00,23995.4,23996.6,23991.05,23993.7,0
2026-07-22 09:57:00+00:00,23993.55,23999.3,23992.75,23993.95,0
2026-07-22 09:58:00+00:00,23994.1,23996.85,23990.95,23995.5,0
2026-07-22 09:59:00+00:00,23991.9,24002.25,23990.8,23991.05,0
2026-07-23 03:45:00+00:00,23904.8,23914.4,23876.2,23894.6,0
2026-07-23 03:46:00+00:00,23896.1,23908.35,23887.5,23907.35,0
2026-07-23 03:47:00+00:00,23906.75,23906.75,23891.15,23892.95,0
2026-07-23 03:48:00+00:00,23894.3,23905.35,23893.4,23901.0,0
2026-07-23 03:49:00+00:00,23901.15,23916.05,23899.05,23915.35,0
2026-07-23 03:50:00+00:00,23913.6,23946.45,23913.6,23946.45,0
2026-07-23 03:51:00+00:00,23945.9,23949.65,23929.1,23942.35,0
2026-07-23 03:52:00+00:00,23942.75,23948.2,23940.4,23944.55,0
2026-07-23 03:53:00+00:00,23945.4,23949.7,23942.25,23948.55,0
2026-07-23 03:54:00+00:00,23948.1,23952.0,23945.85,23950.2,0
2026-07-23 03:55:00+00:00,23950.15,23950.15,23933.6,23939.9,0
2026-07-23 03:56:00+00:00,23940.5,23944.0,23936.0,23936.35,0
2026-07-23 03:57:00+00:00,23936.1,23936.8,23925.25,23929.35,0
2026-07-23 03:58:00+00:00,23928.7,23931.7,23923.0,23929.9,0
2026-07-23 03:59:00+00:00,23930.7,23930.7,23920.35,23921.55,0
2026-07-23 04:00:00+00:00,23922.55,23926.25,23915.7,23916.0,0
2026-07-23 04:01:00+00:00,23918.7,23929.8,23910.75,23912.75,0
2026-07-23 04:02:00+00:00,23913.15,23915.9,23906.3,23909.25,0
2026-07-23 04:03:00+00:00,23910.25,23914.25,23906.8,23910.95,0
2026-07-23 04:04:00+00:00,23911.35,23918.55,23911.2,23917.7,0
2026-07-23 04:05:00+00:00,23918.3,23918.3,23902.85,23902.85,0
2026-07-23 04:06:00+00:00,23902.25,23903.3,23893.25,23898.65,0
2026-07-23 04:07:00+00:00,23899.3,23904.1,23893.15,23895.0,0
2026-07-23 04:08:00+00:00,23895.3,23902.65,23892.6,23901.35,0
2026-07-23 04:09:00+00:00,23900.8,23919.85,23900.15,23916.45,0
2026-07-23 04:10:00+00:00,23916.15,23916.15,23904.55,23908.6,0
2026-07-23 04:11:00+00:00,23907.75,23912.2,23904.05,23912.2,0
2026-07-23 04:12:00+00:00,23911.9,23917.2,23910.0,23910.65,0
2026-07-23 04:13:00+00:00,23911.1,23911.7,23904.1,23908.15,0
2026-07-23 04:14:00+00:00,23907.9,23915.65,23906.75,23907.75,0
2026-07-23 04:15:00+00:00,23907.6,23923.6,23907.4,23917.5,0
2026-07-23 04:16:00+00:00,23917.7,23918.75,23908.05,23910.6,0
2026-07-23 04:17:00+00:00,23908.85,23911.9,23903.65,23905.55,0
2026-07-23 04:18:00+00:00,23906.1,23908.6,23901.45,23906.4,0
2026-07-23 04:19:00+00:00,23907.5,23919.4,23906.8,23917.2,0
2026-07-23 04:20:00+00:00,23917.15,23920.75,23914.15,23916.3,0
2026-07-23 04:21:00+00:00,23915.45,23927.2,23911.9,23922.4,0
2026-07-23 04:22:00+00:00,23923.4,23926.0,23920.65,23924.7,0
2026-07-23 04:23:00+00:00,23924.8,23930.9,23922.6,23928.7,0
2026-07-23 04:24:00+00:00,23928.9,23929.45,23920.4,23922.85,0
2026-07-23 04:25:00+00:00,23923.6,23935.5,23923.6,23933.7,0
2026-07-23 04:26:00+00:00,23932.85,23937.0,23932.75,23934.35,0
2026-07-23 04:27:00+00:00,23935.25,23936.65,23930.9,23931.95,0
2026-07-23 04:28:00+00:00,23931.95,23937.6,23930.9,23936.8,0
2026-07-23 04:29:00+00:00,23937.55,23944.0,23935.7,23942.95,0
2026-07-23 04:30:00+00:00,23943.55,23947.6,23940.25,23940.9,0
2026-07-23 04:31:00+00:00,23941.5,23951.0,23941.05,23945.55,0
2026-07-23 04:32:00+00:00,23946.1,23955.25,23944.25,23955.15,0
2026-07-23 04:33:00+00:00,23955.9,23962.45,23953.85,23959.2,0
2026-07-23 04:34:00+00:00,23960.1,23964.95,23954.75,23962.45,0
2026-07-23 04:35:00+00:00,23962.5,23962.95,23954.0,23956.4,0
2026-07-23 04:36:00+00:00,23957.6,23957.75,23951.1,23955.2,0
2026-07-23 04:37:00+00:00,23954.55,23958.1,23948.35,23951.8,0
2026-07-23 04:38:00+00:00,23950.9,23959.25,23946.6,23957.2,0
2026-07-23 04:39:00+00:00,23958.95,23969.95,23957.45,23965.55,0
2026-07-23 04:40:00+00:00,23966.6,23968.0,23955.8,23962.25,0
2026-07-23 04:41:00+00:00,23962.15,23963.9,23957.35,23961.3,0
2026-07-23 04:42:00+00:00,23961.55,23965.15,23955.75,23960.25,0
2026-07-23 04:43:00+00:00,23962.0,23964.2,23959.2,23961.65,0
2026-07-23 04:44:00+00:00,23962.4,23962.55,23956.35,23957.35,0
2026-07-23 04:45:00+00:00,23957.35,23958.25,23951.3,23957.45,0
2026-07-23 04:46:00+00:00,23957.0,23962.1,23953.8,23961.5,0
2026-07-23 04:47:00+00:00,23962.3,23968.15,23960.65,23967.55,0
2026-07-23 04:48:00+00:00,23967.5,23967.55,23958.3,23963.9,0
2026-07-23 04:49:00+00:00,23963.35,23965.45,23955.2,23955.75,0
2026-07-23 04:50:00+00:00,23957.6,23958.2,23952.65,23953.7,0
2026-07-23 04:51:00+00:00,23953.5,23957.05,23951.0,23952.45,0
2026-07-23 04:52:00+00:00,23953.05,23953.45,23947.5,23949.25,0
2026-07-23 04:53:00+00:00,23950.3,23950.3,23943.8,23946.0,0
2026-07-23 04:54:00+00:00,23947.7,23954.8,23946.05,23954.8,0
2026-07-23 04:55:00+00:00,23952.0,23954.55,23949.95,23954.35,0
2026-07-23 04:56:00+00:00,23955.0,23956.95,23951.45,23953.85,0
2026-07-23 04:57:00+00:00,23955.15,23970.2,23954.6,23965.35,0
2026-07-23 04:58:00+00:00,23965.55,23971.95,23965.1,23970.45,0
2026-07-23 04:59:00+00:00,23970.9,23973.7,23967.2,23969.65,0
2026-07-23 05:00:00+00:00,23970.3,23973.2,23964.6,23965.35,0
2026-07-23 05:01:00+00:00,23965.55,23968.25,23963.8,23964.95,0
2026-07-23 05:02:00+00:00,23964.1,23965.55,23962.4,23962.45,0
2026-07-23 05:03:00+00:00,23963.25,23964.7,23959.95,23963.35,0
2026-07-23 05:04:00+00:00,23964.65,23964.65,23958.2,23962.8,0
2026-07-23 05:05:00+00:00,23962.55,23970.45,23962.45,23969.75,0
2026-07-23 05:06:00+00:00,23969.95,23974.15,23968.65,23973.4,0
2026-07-23 05:07:00+00:00,23972.65,23973.2,23968.0,23971.3,0
2026-07-23 05:08:00+00:00,23971.5,23972.8,23968.2,23972.2,0
2026-07-23 05:09:00+00:00,23972.4,23974.85,23969.55,23969.85,0
2026-07-23 05:10:00+00:00,23969.45,23978.85,23969.45,23975.4,0
2026-07-23 05:11:00+00:00,23976.15,23976.35,23972.6,23975.1,0
2026-07-23 05:12:00+00:00,23974.75,23976.6,23969.7,23971.0,0
2026-07-23 05:13:00+00:00,23971.35,23974.7,23970.45,23973.8,0
2026-07-23 05:14:00+00:00,23973.9,23976.4,23972.0,23974.95,0
2026-07-23 05:15:00+00:00,23974.8,23976.4,23969.9,23973.55,0
2026-07-23 05:16:00+00:00,23975.95,23977.9,23972.8,23974.65,0
2026-07-23 05:17:00+00:00,23974.95,23977.25,23971.25,23975.15,0
2026-07-23 05:18:00+00:00,23975.1,23979.65,23972.7,23976.5,0
2026-07-23 05:19:00+00:00,23976.9,23982.25,23975.9,23979.6,0
2026-07-23 05:20:00+00:00,23980.7,23984.3,23978.2,23981.4,0
2026-07-23 05:21:00+00:00,23981.05,23984.7,23977.65,23979.9,0
2026-07-23 05:22:00+00:00,23980.15,23983.1,23975.55,23977.45,0
2026-07-23 05:23:00+00:00,23978.15,23978.15,23966.4,23970.45,0
2026-07-23 05:24:00+00:00,23970.45,23972.1,23966.15,23967.0,0
2026-07-23 05:25:00+00:00,23967.95,23971.1,23966.25,23969.95,0
2026-07-23 05:26:00+00:00,23970.3,23975.5,23968.9,23974.9,0
2026-07-23 05:27:00+00:00,23974.65,23981.05,23974.05,23975.75,0
2026-07-23 05:28:00+00:00,23976.5,23978.9,23974.0,23974.75,0
2026-07-23 05:29:00+00:00,23975.4,23979.35,23974.35,23977.3,0
2026-07-23 05:30:00+00:00,23978.45,23983.55,23977.35,23982.9,0
2026-07-23 05:31:00+00:00,23983.2,23984.95,23979.4,23982.15,0
2026-07-23 05:32:00+00:00,23982.25,23984.55,23981.2,23983.4,0
2026-07-23 05:33:00+00:00,23984.3,23986.75,23982.05,23985.0,0
2026-07-23 05:34:00+00:00,23985.55,23988.7,23984.05,23986.7,0
2026-07-23 05:35:00+00:00,23987.45,23990.75,23984.8,23987.4,0
2026-07-23 05:36:00+00:00,23987.1,23987.7,23979.9,23980.0,0
2026-07-23 05:37:00+00:00,23981.95,23985.35,23979.3,23983.4,0
2026-07-23 05:38:00+00:00,23983.6,23988.15,23982.95,23985.25,0
2026-07-23 05:39:00+00:00,23985.45,23987.85,23983.75,23986.3,0
2026-07-23 05:40:00+00:00,23986.75,23989.05,23984.5,23986.25,0
2026-07-23 05:41:00+00:00,23987.25,23987.25,23980.45,23981.7,0
2026-07-23 05:42:00+00:00,23981.85,23985.05,23976.7,23981.3,0
2026-07-23 05:43:00+00:00,23983.45,23984.45,23973.65,23974.8,0
2026-07-23 05:44:00+00:00,23975.75,23978.4,23971.45,23972.1,0
2026-07-23 05:45:00+00:00,23973.8,23973.8,23967.4,23967.8,0
2026-07-23 05:46:00+00:00,23969.55,23970.75,23963.2,23964.5,0
2026-07-23 05:47:00+00:00,23965.35,23968.75,23962.1,23966.15,0
2026-07-23 05:48:00+00:00,23966.3,23966.85,23960.2,23962.7,0
2026-07-23 05:49:00+00:00,23963.9,23966.5,23961.05,23962.1,0
2026-07-23 05:50:00+00:00,23963.45,23963.45,23956.5,23958.05,0
2026-07-23 05:51:00+00:00,23959.55,23961.2,23955.85,23956.4,0
2026-07-23 05:52:00+00:00,23957.8,23957.8,23952.6,23955.35,0
2026-07-23 05:53:00+00:00,23957.1,23961.65,23955.5,23958.3,0
2026-07-23 05:54:00+00:00,23958.7,23958.7,23952.95,23954.55,0
2026-07-23 05:55:00+00:00,23954.85,23956.15,23950.65,23952.25,0
2026-07-23 05:56:00+00:00,23953.15,23956.55,23948.35,23955.25,0
2026-07-23 05:57:00+00:00,23955.2,23956.0,23949.2,23950.4,0
2026-07-23 05:58:00+00:00,23952.15,23952.35,23948.1,23952.0,0
2026-07-23 05:59:00+00:00,23951.8,23951.95,23944.25,23945.05,0
2026-07-23 06:00:00+00:00,23946.9,23947.55,23941.95,23945.9,0
2026-07-23 06:01:00+00:00,23945.8,23953.05,23943.55,23952.55,0
2026-07-23 06:02:00+00:00,23952.55,23956.3,23949.8,23951.3,0
2026-07-23 06:03:00+00:00,23951.95,23953.15,23947.7,23950.35,0
2026-07-23 06:04:00+00:00,23949.85,23953.35,23948.45,23953.25,0
2026-07-23 06:05:00+00:00,23953.85,23955.45,23952.6,23953.7,0
2026-07-23 06:06:00+00:00,23954.05,23955.6,23951.9,23952.3,0
2026-07-23 06:07:00+00:00,23953.1,23954.15,23939.95,23943.75,0
2026-07-23 06:08:00+00:00,23944.25,23946.95,23942.2,23946.4,0
2026-07-23 06:09:00+00:00,23947.25,23947.7,23943.6,23944.0,0
2026-07-23 06:10:00+00:00,23944.65,23946.05,23943.05,23944.55,0
2026-07-23 06:11:00+00:00,23944.9,23944.9,23941.25,23942.15,0
2026-07-23 06:12:00+00:00,23942.45,23950.05,23942.1,23948.55,0
2026-07-23 06:13:00+00:00,23948.3,23949.25,23945.7,23946.35,0
2026-07-23 06:14:00+00:00,23947.15,23948.05,23943.65,23947.6,0
2026-07-23 06:15:00+00:00,23948.55,23950.05,23945.9,23946.65,0
2026-07-23 06:16:00+00:00,23948.3,23948.95,23943.9,23945.75,0
2026-07-23 06:17:00+00:00,23946.7,23949.1,23943.6,23944.5,0
2026-07-23 06:18:00+00:00,23946.5,23948.65,23944.1,23945.65,0
2026-07-23 06:19:00+00:00,23946.25,23948.45,23943.4,23945.4,0
2026-07-23 06:20:00+00:00,23945.2,23946.85,23942.9,23943.05,0
2026-07-23 06:21:00+00:00,23944.8,23944.8,23939.45,23940.3,0
2026-07-23 06:22:00+00:00,23941.05,23941.2,23936.0,23937.4,0
2026-07-23 06:23:00+00:00,23937.8,23938.4,23930.65,23931.55,0
2026-07-23 06:24:00+00:00,23932.8,23938.75,23931.75,23938.25,0
2026-07-23 06:25:00+00:00,23938.9,23943.9,23937.85,23943.8,0
2026-07-23 06:26:00+00:00,23942.75,23944.45,23935.5,23937.1,0
2026-07-23 06:27:00+00:00,23937.65,23939.1,23933.9,23938.65,0
2026-07-23 06:28:00+00:00,23939.05,23948.2,23937.25,23946.3,0
2026-07-23 06:29:00+00:00,23946.05,23956.45,23944.2,23953.5,0
2026-07-23 06:30:00+00:00,23954.35,23964.3,23953.05,23962.65,0
2026-07-23 06:31:00+00:00,23962.7,23963.35,23952.95,23957.0,0
2026-07-23 06:32:00+00:00,23956.05,23956.5,23947.25,23948.75,0
2026-07-23 06:33:00+00:00,23950.15,23956.05,23947.45,23948.45,0
2026-07-23 06:34:00+00:00,23948.5,23950.7,23944.7,23945.55,0
2026-07-23 06:35:00+00:00,23947.0,23947.65,23942.05,23943.45,0
2026-07-23 06:36:00+00:00,23945.2,23947.8,23942.1,23944.15,0
2026-07-23 06:37:00+00:00,23944.6,23950.55,23943.0,23949.5,0
2026-07-23 06:38:00+00:00,23950.5,23952.2,23947.0,23952.2,0
2026-07-23 06:39:00+00:00,23952.15,23959.6,23950.8,23959.35,0
2026-07-23 06:40:00+00:00,23958.8,23962.0,23951.65,23953.1,0
2026-07-23 06:41:00+00:00,23953.7,23953.85,23943.1,23946.75,0
2026-07-23 06:42:00+00:00,23946.35,23948.05,23937.5,23941.6,0
2026-07-23 06:43:00+00:00,23941.8,23942.25,23935.8,23935.8,0
2026-07-23 06:44:00+00:00,23936.35,23937.9,23933.2,23934.85,0
2026-07-23 06:45:00+00:00,23936.4,23936.4,23930.5,23933.7,0
2026-07-23 06:46:00+00:00,23934.5,23939.35,23933.55,23936.35,0
2026-07-23 06:47:00+00:00,23937.15,23937.7,23933.35,23936.3,0
2026-07-23 06:48:00+00:00,23936.05,23937.85,23933.7,23935.4,0
2026-07-23 06:49:00+00:00,23936.4,23937.55,23932.4,23935.85,0
2026-07-23 06:50:00+00:00,23937.0,23937.9,23932.35,23933.85,0
2026-07-23 06:51:00+00:00,23934.65,23934.65,23928.15,23928.85,0
2026-07-23 06:52:00+00:00,23930.1,23933.9,23930.1,23931.6,0
2026-07-23 06:53:00+00:00,23932.0,23934.3,23925.15,23925.75,0
2026-07-23 06:54:00+00:00,23926.2,23926.7,23922.45,23925.05,0
2026-07-23 06:55:00+00:00,23926.05,23926.4,23921.05,23923.75,0
2026-07-23 06:56:00+00:00,23923.85,23925.15,23916.75,23918.95,0
2026-07-23 06:57:00+00:00,23918.55,23920.2,23915.2,23916.7,0
2026-07-23 06:58:00+00:00,23917.8,23919.95,23914.6,23915.85,0
2026-07-23 06:59:00+00:00,23916.45,23917.1,23911.85,23911.85,0
2026-07-23 07:00:00+00:00,23912.5,23915.0,23895.5,23895.5,0
2026-07-23 07:01:00+00:00,23895.45,23895.45,23883.35,23892.1,0
2026-07-23 07:02:00+00:00,23893.05,23894.95,23889.75,23893.0,0
2026-07-23 07:03:00+00:00,23893.85,23898.85,23892.65,23895.35,0
2026-07-23 07:04:00+00:00,23895.7,23900.15,23894.9,23899.65,0
2026-07-23 07:05:00+00:00,23899.7,23900.25,23888.9,23889.35,0
2026-07-23 07:06:00+00:00,23889.55,23889.55,23880.25,23889.2,0
2026-07-23 07:07:00+00:00,23889.55,23890.8,23885.8,23889.8,0
2026-07-23 07:08:00+00:00,23889.3,23897.75,23887.25,23896.05,0
2026-07-23 07:09:00+00:00,23897.1,23897.2,23886.25,23886.85,0
2026-07-23 07:10:00+00:00,23888.05,23888.05,23876.8,23876.8,0
2026-07-23 07:11:00+00:00,23877.25,23879.95,23874.0,23877.4,0
2026-07-23 07:12:00+00:00,23877.7,23877.8,23862.85,23863.2,0
2026-07-23 07:13:00+00:00,23864.0,23864.8,23855.7,23857.0,0
2026-07-23 07:14:00+00:00,23859.0,23859.8,23854.9,23856.95,0
2026-07-23 07:15:00+00:00,23857.25,23861.75,23851.65,23852.4,0
2026-07-23 07:16:00+00:00,23852.7,23857.95,23849.9,23857.15,0
2026-07-23 07:17:00+00:00,23858.85,23862.95,23857.45,23860.0,0
2026-07-23 07:18:00+00:00,23860.25,23864.45,23857.2,23861.75,0
2026-07-23 07:19:00+00:00,23862.0,23862.35,23850.75,23852.2,0
2026-07-23 07:20:00+00:00,23852.4,23855.95,23851.35,23851.45,0
2026-07-23 07:21:00+00:00,23851.75,23852.0,23846.95,23850.75,0
2026-07-23 07:22:00+00:00,23851.3,23851.3,23843.55,23845.0,0
2026-07-23 07:23:00+00:00,23845.95,23847.8,23843.05,23846.35,0
2026-07-23 07:24:00+00:00,23848.35,23855.65,23847.55,23854.55,0
2026-07-23 07:25:00+00:00,23855.15,23860.85,23853.7,23860.2,0
2026-07-23 07:26:00+00:00,23860.05,23860.85,23851.5,23851.5,0
2026-07-23 07:27:00+00:00,23852.25,23854.15,23843.85,23853.6,0
2026-07-23 07:28:00+00:00,23853.4,23854.3,23851.0,23851.7,0
2026-07-23 07:29:00+00:00,23852.3,23853.95,23849.95,23852.6,0
2026-07-23 07:30:00+00:00,23853.2,23854.35,23847.7,23848.75,0
2026-07-23 07:31:00+00:00,23847.65,23848.8,23844.1,23844.55,0
2026-07-23 07:32:00+00:00,23844.95,23845.75,23840.05,23842.7,0
2026-07-23 07:33:00+00:00,23843.45,23850.05,23842.6,23848.25,0
2026-07-23 07:34:00+00:00,23848.45,23849.9,23841.65,23842.6,0
2026-07-23 07:35:00+00:00,23843.75,23843.75,23835.7,23838.65,0
2026-07-23 07:36:00+00:00,23839.3,23841.5,23836.65,23838.95,0
2026-07-23 07:37:00+00:00,23839.85,23841.1,23837.35,23839.2,0
2026-07-23 07:38:00+00:00,23838.4,23839.45,23830.8,23831.2,0
2026-07-23 07:39:00+00:00,23831.85,23836.75,23831.2,23833.05,0
2026-07-23 07:40:00+00:00,23833.5,23833.65,23828.8,23831.25,0
2026-07-23 07:41:00+00:00,23833.1,23833.25,23826.85,23831.1,0
2026-07-23 07:42:00+00:00,23832.1,23832.3,23828.75,23829.15,0
2026-07-23 07:43:00+00:00,23830.4,23834.3,23826.35,23831.65,0
2026-07-23 07:44:00+00:00,23832.75,23839.25,23831.1,23831.95,0
2026-07-23 07:45:00+00:00,23832.45,23832.75,23827.2,23827.9,0
2026-07-23 07:46:00+00:00,23828.35,23828.5,23817.45,23818.2,0
2026-07-23 07:47:00+00:00,23817.7,23829.3,23811.85,23828.45,0
2026-07-23 07:48:00+00:00,23828.1,23839.0,23823.8,23837.75,0
2026-07-23 07:49:00+00:00,23838.65,23840.0,23829.15,23831.0,0
2026-07-23 07:50:00+00:00,23832.3,23835.6,23830.35,23835.1,0
2026-07-23 07:51:00+00:00,23835.45,23844.1,23834.7,23838.2,0
2026-07-23 07:52:00+00:00,23839.6,23839.8,23832.35,23839.25,0
2026-07-23 07:53:00+00:00,23837.25,23841.3,23836.0,23837.75,0
2026-07-23 07:54:00+00:00,23839.15,23840.05,23830.95,23839.85,0
2026-07-23 07:55:00+00:00,23839.9,23846.15,23837.3,23842.7,0
2026-07-23 07:56:00+00:00,23844.1,23844.1,23836.85,23838.85,0
2026-07-23 07:57:00+00:00,23839.1,23839.75,23835.8,23836.45,0
2026-07-23 07:58:00+00:00,23837.15,23838.0,23832.9,23833.55,0
2026-07-23 07:59:00+00:00,23833.7,23838.95,23833.6,23838.05,0
2026-07-23 08:00:00+00:00,23838.75,23840.45,23827.3,23833.65,0
2026-07-23 08:01:00+00:00,23833.65,23834.65,23827.35,23828.7,0
2026-07-23 08:02:00+00:00,23830.4,23833.1,23825.95,23831.8,0
2026-07-23 08:03:00+00:00,23831.8,23836.65,23830.85,23833.7,0
2026-07-23 08:04:00+00:00,23834.35,23834.4,23827.6,23829.75,0
2026-07-23 08:05:00+00:00,23831.2,23832.25,23828.55,23831.3,0
2026-07-23 08:06:00+00:00,23831.55,23833.55,23829.05,23829.9,0
2026-07-23 08:07:00+00:00,23830.7,23845.3,23827.35,23844.7,0
2026-07-23 08:08:00+00:00,23845.05,23858.65,23844.5,23858.0,0
2026-07-23 08:09:00+00:00,23857.75,23857.75,23851.3,23855.0,0
2026-07-23 08:10:00+00:00,23855.2,23863.45,23854.5,23860.2,0
2026-07-23 08:11:00+00:00,23860.85,23864.35,23858.9,23863.45,0
2026-07-23 08:12:00+00:00,23863.3,23863.3,23847.05,23847.7,0
2026-07-23 08:13:00+00:00,23847.8,23849.9,23841.45,23841.5,0
2026-07-23 08:14:00+00:00,23844.9,23852.05,23840.45,23850.8,0
2026-07-23 08:15:00+00:00,23851.85,23862.25,23850.9,23861.95,0
2026-07-23 08:16:00+00:00,23859.05,23864.2,23857.45,23863.5,0
2026-07-23 08:17:00+00:00,23863.55,23871.15,23861.45,23868.65,0
2026-07-23 08:18:00+00:00,23868.3,23868.8,23863.4,23865.8,0
2026-07-23 08:19:00+00:00,23866.65,23866.65,23858.65,23863.5,0
2026-07-23 08:20:00+00:00,23864.6,23868.5,23863.75,23865.6,0
2026-07-23 08:21:00+00:00,23867.1,23871.95,23865.4,23868.2,0
2026-07-23 08:22:00+00:00,23868.05,23868.55,23861.75,23864.7,0
2026-07-23 08:23:00+00:00,23864.65,23865.7,23858.45,23859.85,0
2026-07-23 08:24:00+00:00,23859.95,23860.55,23856.85,23857.55,0
2026-07-23 08:25:00+00:00,23858.5,23860.55,23854.95,23855.35,0
2026-07-23 08:26:00+00:00,23856.05,23863.25,23852.0,23862.55,0
2026-07-23 08:27:00+00:00,23862.8,23866.7,23861.25,23866.4,0
2026-07-23 08:28:00+00:00,23865.05,23866.85,23861.0,23861.95,0
2026-07-23 08:29:00+00:00,23862.45,23863.05,23859.05,23861.9,0
2026-07-23 08:30:00+00:00,23862.05,23864.2,23859.55,23862.45,0
2026-07-23 08:31:00+00:00,23862.5,23866.55,23860.85,23864.75,0
2026-07-23 08:32:00+00:00,23865.35,23865.65,23855.2,23860.65,0
2026-07-23 08:33:00+00:00,23860.8,23862.35,23857.55,23858.85,0
2026-07-23 08:34:00+00:00,23860.75,23867.45,23858.9,23864.15,0
2026-07-23 08:35:00+00:00,23862.95,23868.1,23862.0,23863.75,0
2026-07-23 08:36:00+00:00,23865.0,23865.0,23858.55,23859.8,0
2026-07-23 08:37:00+00:00,23861.1,23863.75,23857.25,23860.55,0
2026-07-23 08:38:00+00:00,23859.9,23861.25,23857.35,23861.2,0
2026-07-23 08:39:00+00:00,23859.55,23860.1,23852.35,23852.7,0
2026-07-23 08:40:00+00:00,23854.15,23855.75,23851.1,23854.35,0
2026-07-23 08:41:00+00:00,23853.95,23857.8,23853.5,23855.9,0
2026-07-23 08:42:00+00:00,23856.75,23860.8,23854.4,23857.15,0
2026-07-23 08:43:00+00:00,23857.85,23859.75,23853.7,23854.3,0
2026-07-23 08:44:00+00:00,23854.85,23854.9,23849.9,23850.6,0
2026-07-23 08:45:00+00:00,23851.9,23854.55,23846.8,23852.35,0
2026-07-23 08:46:00+00:00,23852.65,23861.95,23851.8,23860.8,0
2026-07-23 08:47:00+00:00,23862.0,23863.5,23857.9,23859.2,0
2026-07-23 08:48:00+00:00,23859.3,23859.9,23857.1,23857.45,0
2026-07-23 08:49:00+00:00,23857.9,23859.8,23851.55,23852.25,0
2026-07-23 08:50:00+00:00,23853.45,23858.95,23851.75,23857.5,0
2026-07-23 08:51:00+00:00,23858.5,23862.5,23855.2,23861.75,0
2026-07-23 08:52:00+00:00,23862.55,23864.8,23859.8,23861.5,0
2026-07-23 08:53:00+00:00,23863.9,23866.8,23860.45,23864.1,0
2026-07-23 08:54:00+00:00,23865.45,23869.3,23861.95,23864.2,0
2026-07-23 08:55:00+00:00,23866.05,23866.6,23858.05,23859.65,0
2026-07-23 08:56:00+00:00,23860.2,23867.6,23858.95,23865.05,0
2026-07-23 08:57:00+00:00,23866.5,23866.5,23861.95,23863.1,0
2026-07-23 08:58:00+00:00,23863.95,23864.05,23857.75,23859.85,0
2026-07-23 08:59:00+00:00,23860.2,23864.1,23857.5,23859.65,0
2026-07-23 09:00:00+00:00,23860.4,23865.0,23853.35,23853.9,0
2026-07-23 09:01:00+00:00,23854.5,23858.6,23852.3,23857.1,0
2026-07-23 09:02:00+00:00,23857.6,23860.6,23854.0,23859.6,0
2026-07-23 09:03:00+00:00,23859.85,23888.2,23856.1,23884.5,0
2026-07-23 09:04:00+00:00,23884.1,23889.0,23881.3,23888.8,0
2026-07-23 09:05:00+00:00,23889.3,23891.25,23882.6,23885.7,0
2026-07-23 09:06:00+00:00,23886.2,23886.85,23878.9,23878.9,0
2026-07-23 09:07:00+00:00,23880.0,23880.25,23865.5,23865.6,0
2026-07-23 09:08:00+00:00,23866.95,23866.95,23855.55,23856.65,0
2026-07-23 09:09:00+00:00,23857.0,23857.6,23850.85,23851.5,0
2026-07-23 09:10:00+00:00,23852.5,23853.3,23847.35,23850.95,0
2026-07-23 09:11:00+00:00,23851.35,23851.35,23842.95,23843.6,0
2026-07-23 09:12:00+00:00,23845.4,23845.4,23835.8,23835.8,0
2026-07-23 09:13:00+00:00,23836.55,23840.6,23829.5,23839.25,0
2026-07-23 09:14:00+00:00,23839.95,23842.2,23835.75,23835.75,0
2026-07-23 09:15:00+00:00,23836.65,23838.55,23832.3,23834.05,0
2026-07-23 09:16:00+00:00,23834.1,23835.7,23827.65,23830.0,0
2026-07-23 09:17:00+00:00,23829.75,23829.95,23825.9,23828.0,0
2026-07-23 09:18:00+00:00,23828.05,23828.95,23819.3,23823.35,0
2026-07-23 09:19:00+00:00,23821.75,23822.35,23816.95,23817.95,0
2026-07-23 09:20:00+00:00,23817.4,23818.4,23813.45,23813.65,0
2026-07-23 09:21:00+00:00,23814.1,23814.9,23807.9,23808.8,0
2026-07-23 09:22:00+00:00,23809.6,23820.65,23807.2,23819.05,0
2026-07-23 09:23:00+00:00,23820.0,23821.85,23813.7,23821.35,0
2026-07-23 09:24:00+00:00,23821.9,23827.8,23818.75,23823.8,0
2026-07-23 09:25:00+00:00,23824.8,23828.95,23823.55,23827.0,0
2026-07-23 09:26:00+00:00,23826.75,23830.4,23824.0,23825.65,0
2026-07-23 09:27:00+00:00,23826.45,23833.35,23824.55,23832.65,0
2026-07-23 09:28:00+00:00,23832.55,23837.45,23831.55,23836.3,0
2026-07-23 09:29:00+00:00,23836.2,23843.3,23833.95,23840.35,0
2026-07-23 09:30:00+00:00,23841.3,23845.2,23830.4,23839.0,0
2026-07-23 09:31:00+00:00,23840.75,23852.95,23838.85,23850.2,0
2026-07-23 09:32:00+00:00,23851.2,23869.45,23847.6,23869.45,0
2026-07-23 09:33:00+00:00,23869.5,23871.95,23850.95,23851.8,0
2026-07-23 09:34:00+00:00,23852.5,23852.5,23842.8,23847.05,0
2026-07-23 09:35:00+00:00,23849.15,23857.5,23846.8,23855.35,0
2026-07-23 09:36:00+00:00,23856.1,23863.05,23854.65,23860.15,0
2026-07-23 09:37:00+00:00,23861.4,23869.8,23856.8,23869.3,0
2026-07-23 09:38:00+00:00,23870.75,23877.95,23869.0,23876.35,0
2026-07-23 09:39:00+00:00,23878.05,23880.0,23867.95,23868.95,0
2026-07-23 09:40:00+00:00,23870.55,23871.75,23863.75,23864.6,0
2026-07-23 09:41:00+00:00,23866.35,23870.85,23865.4,23869.2,0
2026-07-23 09:42:00+00:00,23871.0,23872.5,23862.55,23863.2,0
2026-07-23 09:43:00+00:00,23865.45,23869.65,23860.6,23868.8,0
2026-07-23 09:44:00+00:00,23869.2,23875.15,23867.55,23873.05,0
2026-07-23 09:45:00+00:00,23873.6,23878.1,23870.7,23872.95,0
2026-07-23 09:46:00+00:00,23872.3,23873.0,23863.2,23863.55,0
2026-07-23 09:47:00+00:00,23865.0,23865.8,23861.65,23862.5,0
2026-07-23 09:48:00+00:00,23864.5,23870.1,23858.55,23868.5,0
2026-07-23 09:49:00+00:00,23870.6,23871.5,23866.65,23866.65,0
2026-07-23 09:50:00+00:00,23868.45,23871.05,23866.35,23869.1,0
2026-07-23 09:51:00+00:00,23870.35,23872.4,23868.25,23871.75,0
2026-07-23 09:52:00+00:00,23872.05,23873.0,23859.9,23863.8,0
2026-07-23 09:53:00+00:00,23865.4,23880.65,23864.3,23879.85,0
2026-07-23 09:54:00+00:00,23881.0,23883.65,23876.05,23881.95,0
2026-07-23 09:55:00+00:00,23883.55,23889.9,23878.9,23879.2,0
2026-07-23 09:56:00+00:00,23881.9,23885.4,23878.95,23883.7,0
2026-07-23 09:57:00+00:00,23884.45,23889.05,23878.65,23880.15,0
2026-07-23 09:58:00+00:00,23882.35,23882.35,23869.5,23875.6,0
2026-07-23 09:59:00+00:00,23875.0,23881.3,23863.9,23871.7,0
