datetime,open,high,low,close,volume
2026-07-24 03:45:00+00:00,23666.35,23699.95,23646.9,23692.5,0
2026-07-24 03:46:00+00:00,23691.35,23716.35,23684.55,23715.95,0
2026-07-24 03:47:00+00:00,23716.6,23724.6,23703.7,23723.35,0
2026-07-24 03:48:00+00:00,23722.6,23738.9,23720.45,23737.8,0
2026-07-24 03:49:00+00:00,23737.65,23752.8,23737.65,23751.7,0
2026-07-24 03:50:00+00:00,23751.7,23763.55,23742.4,23754.5,0
2026-07-24 03:51:00+00:00,23755.15,23760.85,23750.2,23751.4,0
2026-07-24 03:52:00+00:00,23751.55,23759.85,23750.55,23755.9,0
2026-07-24 03:53:00+00:00,23756.1,23760.2,23739.85,23741.05,0
2026-07-24 03:54:00+00:00,23740.1,23746.8,23731.1,23731.4,0
2026-07-24 03:55:00+00:00,23732.7,23732.7,23712.8,23714.35,0
2026-07-24 03:56:00+00:00,23714.4,23715.85,23707.65,23711.55,0
2026-07-24 03:57:00+00:00,23710.4,23711.85,23695.3,23699.55,0
2026-07-24 03:58:00+00:00,23698.75,23702.05,23696.05,23697.25,0
2026-07-24 03:59:00+00:00,23698.0,23704.8,23693.25,23703.55,0
2026-07-24 04:00:00+00:00,23703.4,23713.0,23702.35,23710.65,0
2026-07-24 04:01:00+00:00,23710.65,23712.75,23697.85,23700.45,0
2026-07-24 04:02:00+00:00,23700.75,23703.15,23694.65,23700.15,0
2026-07-24 04:03:00+00:00,23700.3,23703.0,23697.65,23700.95,0
2026-07-24 04:04:00+00:00,23701.4,23707.3,23686.75,23688.6,0
2026-07-24 04:05:00+00:00,23688.8,23696.2,23683.85,23691.6,0
2026-07-24 04:06:00+00:00,23690.55,23692.45,23677.35,23678.55,0
2026-07-24 04:07:00+00:00,23678.85,23680.65,23671.3,23678.0,0
2026-07-24 04:08:00+00:00,23678.35,23681.0,23672.7,23676.85,0
2026-07-24 04:09:00+00:00,23676.6,23677.4,23668.3,23669.45,0
2026-07-24 04:10:00+00:00,23669.8,23675.8,23668.75,23671.85,0
2026-07-24 04:11:00+00:00,23672.1,23675.05,23668.0,23673.95,0
2026-07-24 04:12:00+00:00,23675.25,23677.1,23661.25,23662.35,0
2026-07-24 04:13:00+00:00,23661.75,23662.7,23652.6,23654.15,0
2026-07-24 04:14:00+00:00,23653.75,23659.45,23652.95,23656.7,0
2026-07-24 04:15:00+00:00,23657.4,23662.1,23653.8,23659.9,0
2026-07-24 04:16:00+00:00,23660.35,23664.6,23652.3,23653.9,0
2026-07-24 04:17:00+00:00,23653.5,23655.35,23650.65,23654.85,0
2026-07-24 04:18:00+00:00,23655.15,23656.05,23643.45,23645.15,0
2026-07-24 04:19:00+00:00,23645.0,23650.8,23641.5,23649.0,0
2026-07-24 04:20:00+00:00,23648.7,23650.15,23635.65,23643.6,0
2026-07-24 04:21:00+00:00,23643.55,23648.3,23637.65,23638.55,0
2026-07-24 04:22:00+00:00,23638.65,23639.75,23631.35,23639.75,0
2026-07-24 04:23:00+00:00,23639.15,23655.35,23638.7,23654.3,0
2026-07-24 04:24:00+00:00,23653.7,23657.05,23651.8,23653.7,0
2026-07-24 04:25:00+00:00,23654.75,23656.25,23651.55,23653.1,0
2026-07-24 04:26:00+00:00,23653.0,23655.8,23651.25,23652.0,0
2026-07-24 04:27:00+00:00,23651.7,23663.1,23651.7,23661.45,0
2026-07-24 04:28:00+00:00,23661.4,23664.75,23655.4,23656.55,0
2026-07-24 04:29:00+00:00,23656.8,23658.0,23645.85,23646.05,0
2026-07-24 04:30:00+00:00,23647.05,23648.1,23639.75,23644.55,0
2026-07-24 04:31:00+00:00,23644.3,23645.95,23639.35,23640.95,0
2026-07-24 04:32:00+00:00,23641.05,23642.05,23626.2,23627.35,0
2026-07-24 04:33:00+00:00,23627.3,23629.6,23619.3,23623.35,0
2026-07-24 04:34:00+00:00,23623.25,23629.3,23622.8,23624.65,0
2026-07-24 04:35:00+00:00,23625.2,23627.6,23621.95,23623.05,0
2026-07-24 04:36:00+00:00,23623.05,23625.5,23612.95,23613.25,0
2026-07-24 04:37:00+00:00,23612.85,23625.55,23612.85,23623.95,0
2026-07-24 04:38:00+00:00,23623.85,23629.25,23623.05,23624.7,0
2026-07-24 04:39:00+00:00,23624.1,23625.7,23618.65,23619.05,0
2026-07-24 04:40:00+00:00,23619.0,23624.95,23616.7,23618.5,0
2026-07-24 04:41:00+00:00,23618.25,23619.95,23614.6,23616.1,0
2026-07-24 04:42:00+00:00,23616.45,23618.4,23611.4,23613.7,0
2026-07-24 04:43:00+00:00,23613.5,23615.15,23611.2,23612.3,0
2026-07-24 04:44:00+00:00,23612.3,23613.45,23607.45,23608.7,0
2026-07-24 04:45:00+00:00,23608.3,23616.6,23607.2,23615.75,0
2026-07-24 04:46:00+00:00,23614.95,23623.15,23611.55,23622.65,0
2026-07-24 04:47:00+00:00,23622.25,23627.65,23621.8,23624.7,0
2026-07-24 04:48:00+00:00,23624.25,23625.8,23613.65,23614.4,0
2026-07-24 04:49:00+00:00,23613.95,23618.1,23607.75,23611.9,0
2026-07-24 04:50:00+00:00,23611.35,23617.75,23610.05,23615.05,0
2026-07-24 04:51:00+00:00,23615.6,23617.35,23611.25,23611.7,0
2026-07-24 04:52:00+00:00,23611.2,23614.9,23607.1,23610.3,0
2026-07-24 04:53:00+00:00,23609.2,23614.4,23606.3,23613.35,0
2026-07-24 04:54:00+00:00,23612.95,23622.9,23612.6,23620.0,0
2026-07-24 04:55:00+00:00,23619.8,23623.5,23615.4,23615.75,0
2026-07-24 04:56:00+00:00,23615.85,23617.4,23613.45,23615.75,0
2026-07-24 04:57:00+00:00,23616.45,23622.05,23616.0,23619.75,0
2026-07-24 04:58:00+00:00,23620.3,23622.75,23617.2,23620.35,0
2026-07-24 04:59:00+00:00,23620.1,23623.55,23619.45,23622.25,0
2026-07-24 05:00:00+00:00,23622.2,23623.15,23617.65,23618.75,0
2026-07-24 05:01:00+00:00,23618.2,23622.25,23612.55,23612.7,0
2026-07-24 05:02:00+00:00,23612.85,23615.5,23610.9,23612.4,0
2026-07-24 05:03:00+00:00,23611.75,23626.25,23611.35,23623.35,0
2026-07-24 05:04:00+00:00,23623.25,23623.95,23613.35,23614.9,0
2026-07-24 05:05:00+00:00,23614.15,23617.2,23612.0,23615.65,0
2026-07-24 05:06:00+00:00,23615.45,23619.4,23612.6,23616.25,0
2026-07-24 05:07:00+00:00,23621.15,23626.15,23618.45,23622.3,0
2026-07-24 05:08:00+00:00,23622.65,23628.35,23622.4,23627.0,0
2026-07-24 05:09:00+00:00,23627.3,23641.7,23627.3,23637.15,0
2026-07-24 05:10:00+00:00,23637.35,23637.45,23629.55,23632.85,0
2026-07-24 05:11:00+00:00,23633.35,23636.5,23630.6,23635.8,0
2026-07-24 05:12:00+00:00,23635.65,23641.9,23634.7,23640.2,0
2026-07-24 05:13:00+00:00,23640.6,23646.05,23640.0,23643.75,0
2026-07-24 05:14:00+00:00,23644.4,23645.85,23637.75,23640.9,0
2026-07-24 05:15:00+00:00,23640.4,23643.95,23639.95,23640.95,0
2026-07-24 05:16:00+00:00,23641.75,23645.9,23640.6,23644.65,0
2026-07-24 05:17:00+00:00,23644.95,23651.25,23644.15,23646.25,0
2026-07-24 05:18:00+00:00,23646.1,23647.9,23644.0,23646.6,0
2026-07-24 05:19:00+00:00,23646.25,23649.6,23644.0,23649.1,0
2026-07-24 05:20:00+00:00,23649.25,23652.25,23648.7,23649.2,0
2026-07-24 05:21:00+00:00,23650.0,23651.9,23642.95,23643.5,0
2026-07-24 05:22:00+00:00,23644.25,23646.9,23638.95,23640.05,0
2026-07-24 05:23:00+00:00,23640.85,23642.05,23635.55,23638.5,0
2026-07-24 05:24:00+00:00,23638.2,23640.6,23634.85,23637.05,0
2026-07-24 05:25:00+00:00,23637.0,23638.65,23629.05,23629.05,0
2026-07-24 05:26:00+00:00,23628.8,23633.3,23628.75,23632.35,0
2026-07-24 05:27:00+00:00,23632.0,23633.2,23628.65,23629.1,0
2026-07-24 05:28:00+00:00,23629.05,23631.2,23627.4,23627.95,0
2026-07-24 05:29:00+00:00,23627.9,23630.8,23626.3,23627.65,0
2026-07-24 05:30:00+00:00,23627.3,23631.45,23624.05,23624.15,0
2026-07-24 05:31:00+00:00,23625.15,23628.0,23624.2,23627.3,0
2026-07-24 05:32:00+00:00,23627.35,23631.65,23625.9,23630.6,0
2026-07-24 05:33:00+00:00,23630.25,23631.75,23624.9,23625.45,0
2026-07-24 05:34:00+00:00,23626.2,23634.5,23625.25,23633.65,0
2026-07-24 05:35:00+00:00,23633.45,23637.4,23629.9,23630.65,0
2026-07-24 05:36:00+00:00,23630.4,23632.65,23628.2,23630.1,0
2026-07-24 05:37:00+00:00,23630.95,23631.45,23627.0,23627.7,0
2026-07-24 05:38:00+00:00,23627.1,23628.8,23623.6,23627.05,0
2026-07-24 05:39:00+00:00,23626.7,23630.9,23625.05,23628.85,0
2026-07-24 05:40:00+00:00,23629.4,23634.5,23628.45,23629.3,0
2026-07-24 05:41:00+00:00,23629.3,23630.55,23623.7,23625.55,0
2026-07-24 05:42:00+00:00,23625.55,23626.95,23617.1,23623.75,0
2026-07-24 05:43:00+00:00,23623.6,23626.75,23621.95,23623.55,0
2026-07-24 05:44:00+00:00,23623.35,23627.5,23623.15,23624.25,0
2026-07-24 05:45:00+00:00,23624.25,23631.05,23622.6,23630.7,0
2026-07-24 05:46:00+00:00,23631.5,23636.2,23630.6,23635.05,0
2026-07-24 05:47:00+00:00,23635.05,23640.95,23634.45,23640.2,0
2026-07-24 05:48:00+00:00,23640.2,23648.85,23639.3,23645.35,0
2026-07-24 05:49:00+00:00,23646.25,23655.05,23645.95,23651.8,0
2026-07-24 05:50:00+00:00,23651.8,23668.65,23650.85,23666.1,0
2026-07-24 05:51:00+00:00,23667.15,23670.3,23661.05,23661.85,0
2026-07-24 05:52:00+00:00,23662.05,23668.75,23660.95,23668.4,0
2026-07-24 05:53:00+00:00,23668.4,23673.4,23667.3,23673.2,0
2026-07-24 05:54:00+00:00,23673.0,23678.15,23669.65,23670.2,0
2026-07-24 05:55:00+00:00,23670.35,23673.6,23668.65,23670.65,0
2026-07-24 05:56:00+00:00,23671.25,23672.4,23664.65,23669.4,0
2026-07-24 05:57:00+00:00,23670.0,23671.25,23662.6,23662.95,0
2026-07-24 05:58:00+00:00,23662.95,23667.95,23661.05,23663.3,0
2026-07-24 05:59:00+00:00,23662.65,23666.45,23655.2,23655.7,0
2026-07-24 06:00:00+00:00,23655.7,23657.6,23650.1,23654.2,0
2026-07-24 06:01:00+00:00,23654.1,23655.55,23650.45,23651.5,0
2026-07-24 06:02:00+00:00,23652.5,23658.35,23649.15,23651.5,0
2026-07-24 06:03:00+00:00,23651.15,23657.0,23649.5,23653.65,0
2026-07-24 06:04:00+00:00,23654.15,23656.7,23652.5,23653.35,0
2026-07-24 06:05:00+00:00,23654.05,23660.0,23653.65,23659.45,0
2026-07-24 06:06:00+00:00,23659.25,23661.3,23655.55,23655.55,0
2026-07-24 06:07:00+00:00,23656.5,23664.0,23651.25,23663.2,0
2026-07-24 06:08:00+00:00,23663.1,23664.7,23659.35,23659.95,0
2026-07-24 06:09:00+00:00,23659.95,23665.05,23659.8,23663.2,0
2026-07-24 06:10:00+00:00,23663.45,23667.1,23662.4,23666.8,0
2026-07-24 06:11:00+00:00,23666.55,23671.25,23665.8,23670.2,0
2026-07-24 06:12:00+00:00,23670.55,23675.95,23670.1,23675.75,0
2026-07-24 06:13:00+00:00,23675.95,23686.35,23675.45,23684.65,0
2026-07-24 06:14:00+00:00,23685.4,23687.5,23680.4,23682.2,0
2026-07-24 06:15:00+00:00,23682.25,23687.5,23682.2,23686.05,0
2026-07-24 06:16:00+00:00,23685.9,23691.25,23685.3,23690.65,0
2026-07-24 06:17:00+00:00,23691.1,23697.9,23690.15,23695.85,0
2026-07-24 06:18:00+00:00,23696.05,23697.9,23694.05,23695.55,0
2026-07-24 06:19:00+00:00,23695.8,23699.85,23695.15,23698.25,0
2026-07-24 06:20:00+00:00,23698.45,23706.95,23698.3,23706.55,0
2026-07-24 06:21:00+00:00,23706.55,23709.2,23701.15,23702.35,0
2026-07-24 06:22:00+00:00,23702.6,23706.3,23701.85,23706.2,0
2026-07-24 06:23:00+00:00,23706.45,23710.7,23705.15,23708.55,0
2026-07-24 06:24:00+00:00,23708.35,23710.05,23704.0,23704.05,0
2026-07-24 06:25:00+00:00,23702.45,23704.35,23695.0,23697.0,0
2026-07-24 06:26:00+00:00,23696.75,23703.7,23695.75,23702.65,0
2026-07-24 06:27:00+00:00,23702.6,23704.5,23699.15,23703.8,0
2026-07-24 06:28:00+00:00,23703.5,23704.85,23699.9,23701.0,0
2026-07-24 06:29:00+00:00,23700.35,23701.65,23693.6,23696.7,0
2026-07-24 06:30:00+00:00,23697.25,23698.2,23689.25,23690.8,0
2026-07-24 06:31:00+00:00,23690.75,23697.55,23690.4,23696.2,0
2026-07-24 06:32:00+00:00,23696.0,23697.45,23693.6,23695.65,0
2026-07-24 06:33:00+00:00,23695.75,23701.4,23694.85,23698.4,0
2026-07-24 06:34:00+00:00,23698.25,23713.95,23698.05,23713.95,0
2026-07-24 06:35:00+00:00,23713.85,23716.2,23709.0,23715.75,0
2026-07-24 06:36:00+00:00,23715.6,23717.9,23711.25,23715.5,0
2026-07-24 06:37:00+00:00,23715.5,23716.35,23710.8,23712.5,0
2026-07-24 06:38:00+00:00,23712.65,23713.2,23709.3,23710.85,0
2026-07-24 06:39:00+00:00,23711.0,23715.3,23710.45,23713.05,0
2026-07-24 06:40:00+00:00,23713.2,23715.2,23705.85,23707.0,0
2026-07-24 06:41:00+00:00,23706.9,23710.5,23705.5,23708.3,0
2026-07-24 06:42:00+00:00,23708.1,23709.75,23707.15,23707.75,0
2026-07-24 06:43:00+00:00,23707.8,23710.05,23704.8,23705.35,0
2026-07-24 06:44:00+00:00,23706.15,23706.9,23701.85,23702.85,0
2026-07-24 06:45:00+00:00,23702.45,23708.05,23701.35,23706.5,0
2026-07-24 06:46:00+00:00,23706.55,23713.0,23706.4,23709.6,0
2026-07-24 06:47:00+00:00,23709.55,23717.25,23706.9,23715.45,0
2026-07-24 06:48:00+00:00,23715.35,23719.5,23712.6,23714.3,0
2026-07-24 06:49:00+00:00,23714.75,23718.5,23714.3,23717.25,0
2026-07-24 06:50:00+00:00,23717.05,23719.4,23713.75,23718.4,0
2026-07-24 06:51:00+00:00,23718.7,23722.15,23717.85,23718.15,0
2026-07-24 06:52:00+00:00,23718.2,23722.2,23716.45,23721.55,0
2026-07-24 06:53:00+00:00,23722.55,23729.55,23721.65,23728.0,0
2026-07-24 06:54:00+00:00,23727.7,23739.85,23727.7,23737.45,0
2026-07-24 06:55:00+00:00,23737.45,23744.5,23736.9,23744.5,0
2026-07-24 06:56:00+00:00,23743.8,23757.85,23743.8,23756.45,0
2026-07-24 06:57:00+00:00,23756.65,23760.3,23755.6,23759.35,0
2026-07-24 06:58:00+00:00,23759.1,23789.25,23759.1,23787.75,0
2026-07-24 06:59:00+00:00,23788.3,23792.3,23780.9,23784.25,0
2026-07-24 07:00:00+00:00,23783.8,23788.65,23778.7,23781.8,0
2026-07-24 07:01:00+00:00,23783.2,23794.65,23782.6,23791.4,0
2026-07-24 07:02:00+00:00,23791.4,23791.85,23787.3,23788.8,0
2026-07-24 07:03:00+00:00,23789.15,23790.45,23771.65,23773.45,0
2026-07-24 07:04:00+00:00,23773.7,23774.85,23760.6,23766.5,0
2026-07-24 07:05:00+00:00,23766.85,23771.6,23765.15,23765.35,0
2026-07-24 07:06:00+00:00,23765.55,23773.9,23765.55,23773.4,0
2026-07-24 07:07:00+00:00,23773.05,23775.2,23764.1,23764.15,0
2026-07-24 07:08:00+00:00,23764.05,23764.95,23756.0,23759.6,0
2026-07-24 07:09:00+00:00,23759.4,23773.65,23759.4,23771.2,0
2026-07-24 07:10:00+00:00,23771.95,23775.7,23769.55,23773.05,0
2026-07-24 07:11:00+00:00,23773.25,23778.65,23773.05,23775.0,0
2026-07-24 07:12:00+00:00,23775.05,23780.5,23773.95,23775.55,0
2026-07-24 07:13:00+00:00,23776.2,23790.6,23775.85,23789.2,0
2026-07-24 07:14:00+00:00,23788.9,23796.55,23788.8,23793.65,0
2026-07-24 07:15:00+00:00,23793.8,23797.35,23791.25,23796.05,0
2026-07-24 07:16:00+00:00,23796.5,23798.0,23786.55,23786.75,0
2026-07-24 07:17:00+00:00,23787.4,23793.6,23784.65,23792.9,0
2026-07-24 07:18:00+00:00,23793.2,23802.8,23791.7,23801.05,0
2026-07-24 07:19:00+00:00,23801.5,23805.2,23798.5,23799.9,0
2026-07-24 07:20:00+00:00,23798.95,23806.0,23798.95,23804.3,0
2026-07-24 07:21:00+00:00,23803.75,23805.5,23794.5,23794.75,0
2026-07-24 07:22:00+00:00,23794.9,23797.8,23793.35,23793.45,0
2026-07-24 07:23:00+00:00,23793.55,23797.65,23793.2,23797.65,0
2026-07-24 07:24:00+00:00,23797.5,23799.35,23795.1,23795.45,0
2026-07-24 07:25:00+00:00,23795.55,23799.4,23790.7,23799.4,0
2026-07-24 07:26:00+00:00,23799.25,23808.7,23798.85,23804.95,0
2026-07-24 07:27:00+00:00,23805.3,23806.5,23796.9,23798.4,0
2026-07-24 07:28:00+00:00,23798.35,23800.35,23796.55,23799.2,0
2026-07-24 07:29:00+00:00,23798.95,23800.9,23794.85,23797.5,0
2026-07-24 07:30:00+00:00,23797.35,23798.7,23793.75,23795.35,0
2026-07-24 07:31:00+00:00,23794.65,23800.25,23791.3,23792.1,0
2026-07-24 07:32:00+00:00,23792.05,23795.65,23788.4,23789.25,0
2026-07-24 07:33:00+00:00,23789.45,23790.35,23776.9,23777.7,0
2026-07-24 07:34:00+00:00,23777.45,23777.9,23771.45,23774.65,0
2026-07-24 07:35:00+00:00,23774.5,23775.25,23766.25,23766.85,0
2026-07-24 07:36:00+00:00,23767.15,23768.8,23763.3,23764.0,0
2026-07-24 07:37:00+00:00,23765.05,23773.4,23765.05,23772.2,0
2026-07-24 07:38:00+00:00,23772.55,23773.75,23764.15,23764.9,0
2026-07-24 07:39:00+00:00,23765.2,23769.1,23763.55,23767.5,0
2026-07-24 07:40:00+00:00,23767.85,23774.25,23767.5,23771.75,0
2026-07-24 07:41:00+00:00,23771.5,23773.0,23768.25,23768.9,0
2026-07-24 07:42:00+00:00,23768.4,23772.9,23767.8,23770.4,0
2026-07-24 07:43:00+00:00,23770.35,23777.4,23769.25,23777.4,0
2026-07-24 07:44:00+00:00,23777.1,23784.45,23776.35,23783.85,0
2026-07-24 07:45:00+00:00,23783.75,23786.6,23777.9,23778.55,0
2026-07-24 07:46:00+00:00,23778.75,23782.75,23775.2,23782.3,0
2026-07-24 07:47:00+00:00,23782.35,23785.0,23779.5,23784.7,0
2026-07-24 07:48:00+00:00,23783.95,23787.55,23783.8,23786.9,0
2026-07-24 07:49:00+00:00,23786.9,23792.9,23786.6,23790.9,0
2026-07-24 07:50:00+00:00,23792.2,23793.3,23786.2,23786.2,0
2026-07-24 07:51:00+00:00,23786.8,23790.65,23784.45,23790.65,0
2026-07-24 07:52:00+00:00,23790.35,23797.4,23789.4,23789.8,0
2026-07-24 07:53:00+00:00,23790.0,23792.1,23786.6,23790.35,0
2026-07-24 07:54:00+00:00,23790.25,23796.85,23789.8,23791.05,0
2026-07-24 07:55:00+00:00,23790.85,23793.2,23787.75,23788.95,0
2026-07-24 07:56:00+00:00,23788.9,23792.85,23786.75,23791.3,0
2026-07-24 07:57:00+00:00,23790.9,23799.95,23790.9,23799.95,0
2026-07-24 07:58:00+00:00,23798.2,23800.05,23793.6,23793.75,0
2026-07-24 07:59:00+00:00,23795.9,23797.45,23789.7,23790.65,0
2026-07-24 08:00:00+00:00,23790.6,23791.65,23785.8,23787.2,0
2026-07-24 08:01:00+00:00,23787.3,23787.75,23777.0,23777.2,0
2026-07-24 08:02:00+00:00,23777.9,23778.95,23770.85,23771.95,0
2026-07-24 08:03:00+00:00,23772.05,23773.8,23766.9,23768.85,0
2026-07-24 08:04:00+00:00,23769.15,23770.95,23764.4,23765.7,0
2026-07-24 08:05:00+00:00,23765.2,23766.55,23752.2,23753.7,0
2026-07-24 08:06:00+00:00,23753.25,23763.0,23752.6,23760.95,0
2026-07-24 08:07:00+00:00,23761.1,23764.0,23760.25,23761.15,0
2026-07-24 08:08:00+00:00,23761.3,23766.2,23761.3,23763.1,0
2026-07-24 08:09:00+00:00,23763.0,23768.3,23762.45,23766.3,0
2026-07-24 08:10:00+00:00,23767.2,23768.15,23761.15,23761.35,0
2026-07-24 08:11:00+00:00,23761.25,23762.85,23743.65,23743.65,0
2026-07-24 08:12:00+00:00,23744.6,23746.85,23736.0,23740.95,0
2026-07-24 08:13:00+00:00,23741.05,23741.95,23737.1,23741.15,0
2026-07-24 08:14:00+00:00,23741.1,23750.1,23740.75,23747.75,0
2026-07-24 08:15:00+00:00,23747.9,23750.8,23742.25,23750.8,0
2026-07-24 08:16:00+00:00,23750.5,23754.65,23748.1,23753.2,0
2026-07-24 08:17:00+00:00,23753.4,23757.0,23747.95,23750.8,0
2026-07-24 08:18:00+00:00,23750.1,23756.65,23748.25,23756.4,0
2026-07-24 08:19:00+00:00,23756.7,23765.1,23754.95,23762.3,0
2026-07-24 08:20:00+00:00,23762.95,23771.5,23762.95,23768.75,0
2026-07-24 08:21:00+00:00,23769.15,23770.2,23764.45,23768.55,0
2026-07-24 08:22:00+00:00,23768.1,23784.35,23768.1,23782.4,0
2026-07-24 08:23:00+00:00,23782.05,23786.8,23777.75,23778.2,0
2026-07-24 08:24:00+00:00,23778.7,23786.3,23777.6,23784.05,0
2026-07-24 08:25:00+00:00,23784.5,23791.05,23780.1,23790.0,0
2026-07-24 08:26:00+00:00,23788.15,23792.15,23785.9,23790.05,0
2026-07-24 08:27:00+00:00,23789.05,23791.9,23785.2,23789.4,0
2026-07-24 08:28:00+00:00,23789.4,23794.8,23787.7,23792.9,0
2026-07-24 08:29:00+00:00,23792.9,23803.05,23792.8,23802.95,0
2026-07-24 08:30:00+00:00,23803.05,23808.35,23798.45,23798.85,0
2026-07-24 08:31:00+00:00,23798.65,23799.9,23788.8,23795.6,0
2026-07-24 08:32:00+00:00,23795.9,23812.1,23795.5,23810.6,0
2026-07-24 08:33:00+00:00,23810.55,23818.85,23810.25,23818.3,0
2026-07-24 08:34:00+00:00,23818.25,23823.6,23816.8,23817.15,0
2026-07-24 08:35:00+00:00,23816.85,23817.75,23808.15,23809.65,0
2026-07-24 08:36:00+00:00,23809.5,23812.3,23806.25,23808.3,0
2026-07-24 08:37:00+00:00,23808.25,23812.7,23805.6,23810.6,0
2026-07-24 08:38:00+00:00,23810.7,23812.35,23800.65,23800.9,0
2026-07-24 08:39:00+00:00,23801.05,23805.85,23800.35,23800.35,0
2026-07-24 08:40:00+00:00,23799.7,23801.65,23791.6,23797.1,0
2026-07-24 08:41:00+00:00,23797.0,23799.95,23793.2,23794.4,0
2026-07-24 08:42:00+00:00,23794.7,23798.75,23790.6,23791.5,0
2026-07-24 08:43:00+00:00,23791.5,23796.2,23790.0,23794.0,0
2026-07-24 08:44:00+00:00,23794.15,23798.95,23793.9,23797.4,0
2026-07-24 08:45:00+00:00,23797.5,23800.3,23795.4,23799.3,0
2026-07-24 08:46:00+00:00,23799.2,23805.75,23798.55,23801.8,0
2026-07-24 08:47:00+00:00,23801.85,23803.75,23797.85,23798.3,0
2026-07-24 08:48:00+00:00,23798.3,23800.05,23788.25,23788.55,0
2026-07-24 08:49:00+00:00,23788.8,23792.0,23787.05,23789.9,0
2026-07-24 08:50:00+00:00,23789.8,23791.0,23779.3,23779.3,0
2026-07-24 08:51:00+00:00,23781.85,23781.85,23776.5,23781.05,0
2026-07-24 08:52:00+00:00,23781.15,23784.35,23776.4,23776.9,0
2026-07-24 08:53:00+00:00,23776.75,23778.1,23772.6,23775.1,0
2026-07-24 08:54:00+00:00,23775.05,23779.15,23773.75,23776.0,0
2026-07-24 08:55:00+00:00,23776.1,23785.25,23773.65,23783.25,0
2026-07-24 08:56:00+00:00,23783.25,23788.0,23776.7,23776.7,0
2026-07-24 08:57:00+00:00,23777.4,23778.55,23770.4,23771.45,0
2026-07-24 08:58:00+00:00,23770.95,23776.4,23770.7,23776.0,0
2026-07-24 08:59:00+00:00,23776.1,23778.55,23774.5,23777.65,0
2026-07-24 09:00:00+00:00,23777.35,23778.65,23771.45,23771.65,0
2026-07-24 09:01:00+00:00,23771.4,23783.3,23768.45,23781.3,0
2026-07-24 09:02:00+00:00,23781.2,23782.9,23774.45,23774.75,0
2026-07-24 09:03:00+00:00,23774.8,23778.7,23773.05,23775.0,0
2026-07-24 09:04:00+00:00,23775.0,23776.75,23765.65,23767.15,0
2026-07-24 09:05:00+00:00,23766.65,23771.6,23761.05,23769.3,0
2026-07-24 09:06:00+00:00,23769.9,23772.85,23766.7,23769.35,0
2026-07-24 09:07:00+00:00,23769.35,23775.75,23768.0,23774.15,0
2026-07-24 09:08:00+00:00,23774.55,23776.7,23768.6,23769.2,0
2026-07-24 09:09:00+00:00,23768.7,23774.75,23767.35,23772.35,0
2026-07-24 09:10:00+00:00,23772.5,23774.55,23770.6,23772.4,0
2026-07-24 09:11:00+00:00,23772.5,23778.15,23770.55,23775.0,0
2026-07-24 09:12:00+00:00,23774.85,23777.15,23763.4,23764.3,0
2026-07-24 09:13:00+00:00,23762.6,23765.95,23760.2,23764.3,0
2026-07-24 09:14:00+00:00,23764.5,23771.45,23763.85,23768.4,0
2026-07-24 09:15:00+00:00,23768.1,23771.6,23766.4,23767.25,0
2026-07-24 09:16:00+00:00,23767.0,23770.9,23765.5,23767.5,0
2026-07-24 09:17:00+00:00,23767.9,23772.75,23767.8,23769.15,0
2026-07-24 09:18:00+00:00,23769.35,23769.95,23761.85,23766.2,0
2026-07-24 09:19:00+00:00,23766.2,23774.15,23765.05,23773.7,0
2026-07-24 09:20:00+00:00,23773.15,23777.0,23770.8,23773.2,0
2026-07-24 09:21:00+00:00,23772.9,23777.75,23771.25,23777.3,0
2026-07-24 09:22:00+00:00,23777.6,23781.9,23775.95,23778.45,0
2026-07-24 09:23:00+00:00,23778.35,23793.0,23778.15,23791.75,0
2026-07-24 09:24:00+00:00,23791.3,23794.15,23789.15,23790.45,0
2026-07-24 09:25:00+00:00,23791.35,23792.7,23783.2,23785.55,0
2026-07-24 09:26:00+00:00,23785.35,23788.45,23783.6,23787.8,0
2026-07-24 09:27:00+00:00,23787.8,23788.55,23779.6,23781.75,0
2026-07-24 09:28:00+00:00,23782.2,23784.65,23779.0,23781.2,0
2026-07-24 09:29:00+00:00,23781.15,23781.15,23773.3,23776.8,0
2026-07-24 09:30:00+00:00,23777.95,23782.45,23762.15,23763.15,0
2026-07-24 09:31:00+00:00,23764.5,23764.5,23750.1,23750.6,0
2026-07-24 09:32:00+00:00,23751.8,23755.9,23747.65,23755.15,0
2026-07-24 09:33:00+00:00,23756.3,23757.5,23750.5,23752.3,0
2026-07-24 09:34:00+00:00,23753.4,23757.15,23753.4,23756.4,0
2026-07-24 09:35:00+00:00,23756.45,23757.55,23752.4,23753.75,0
2026-07-24 09:36:00+00:00,23754.45,23763.1,23752.4,23761.6,0
2026-07-24 09:37:00+00:00,23762.4,23764.25,23755.15,23755.65,0
2026-07-24 09:38:00+00:00,23756.75,23757.0,23751.5,23752.0,0
2026-07-24 09:39:00+00:00,23752.8,23759.4,23751.35,23757.15,0
2026-07-24 09:40:00+00:00,23757.35,23758.4,23751.95,23753.65,0
2026-07-24 09:41:00+00:00,23755.05,23758.25,23753.6,23756.4,0
2026-07-24 09:42:00+00:00,23757.35,23759.25,23755.6,23757.2,0
2026-07-24 09:43:00+00:00,23757.95,23759.5,23756.35,23758.75,0
2026-07-24 09:44:00+00:00,23760.35,23772.35,23758.4,23771.9,0
2026-07-24 09:45:00+00:00,23771.45,23789.8,23770.0,23788.75,0
2026-07-24 09:46:00+00:00,23789.5,23789.5,23775.75,23776.2,0
2026-07-24 09:47:00+00:00,23777.95,23778.05,23768.95,23769.6,0
2026-07-24 09:48:00+00:00,23770.55,23772.05,23767.45,23770.9,0
2026-07-24 09:49:00+00:00,23771.65,23774.35,23770.6,23772.7,0
2026-07-24 09:50:00+00:00,23774.2,23775.8,23772.45,23774.4,0
2026-07-24 09:51:00+00:00,23774.95,23777.45,23772.2,23776.75,0
2026-07-24 09:52:00+00:00,23777.8,23777.8,23773.85,23774.95,0
2026-07-24 09:53:00+00:00,23775.1,23781.0,23774.05,23780.55,0
2026-07-24 09:54:00+00:00,23780.8,23782.2,23775.75,23779.4,0
2026-07-24 09:55:00+00:00,23779.3,23782.1,23773.4,23776.4,0
2026-07-24 09:56:00+00:00,23777.35,23779.7,23772.05,23778.4,0
2026-07-24 09:57:00+00:00,23779.0,23786.4,23776.1,23786.15,0
2026-07-24 09:58:00+00:00,23785.25,23790.3,23779.15,23787.25,0
2026-07-24 09:59:00+00:00,23783.05,23792.95,23783.05,23787.0,0
2026-07-27 03:45:00+00:00,23928.4,23964.5,23925.4,23941.05,0
2026-07-27 03:46:00+00:00,23944.65,23948.0,23923.65,23934.25,0
2026-07-27 03:47:00+00:00,23936.05,23936.05,23918.6,23921.15,0
2026-07-27 03:48:00+00:00,23923.45,23923.65,23904.75,23905.9,0
2026-07-27 03:49:00+00:00,23908.75,23913.8,23896.7,23912.3,0
2026-07-27 03:50:00+00:00,23913.75,23931.7,23911.75,23927.3,0
2026-07-27 03:51:00+00:00,23930.0,23939.5,23925.8,23934.85,0
2026-07-27 03:52:00+00:00,23935.8,23937.05,23929.25,23936.0,0
2026-07-27 03:53:00+00:00,23937.7,23937.7,23925.4,23930.35,0
2026-07-27 03:54:00+00:00,23932.0,23932.6,23926.3,23929.4,0
2026-07-27 03:55:00+00:00,23930.35,23930.35,23913.6,23915.7,0
2026-07-27 03:56:00+00:00,23919.0,23936.5,23916.8,23934.6,0
2026-07-27 03:57:00+00:00,23935.65,23935.7,23922.55,23922.55,0
2026-07-27 03:58:00+00:00,23925.25,23937.05,23919.75,23935.8,0
2026-07-27 03:59:00+00:00,23937.8,23940.75,23933.45,23939.95,0
2026-07-27 04:00:00+00:00,23941.8,23948.85,23940.2,23941.35,0
2026-07-27 04:01:00+00:00,23942.9,23942.9,23929.6,23931.7,0
2026-07-27 04:02:00+00:00,23932.2,23933.05,23927.75,23929.7,0
2026-07-27 04:03:00+00:00,23931.35,23935.95,23929.05,23932.25,0
2026-07-27 04:04:00+00:00,23933.4,23939.15,23931.7,23937.35,0
2026-07-27 04:05:00+00:00,23939.6,23941.55,23936.1,23937.25,0
2026-07-27 04:06:00+00:00,23938.3,23943.05,23936.05,23942.2,0
2026-07-27 04:07:00+00:00,23942.75,23943.5,23939.9,23942.2,0
2026-07-27 04:08:00+00:00,23944.3,23952.3,23943.65,23948.25,0
2026-07-27 04:09:00+00:00,23950.0,23950.05,23941.8,23944.1,0
2026-07-27 04:10:00+00:00,23944.9,23948.55,23941.85,23942.15,0
2026-07-27 04:11:00+00:00,23945.0,23945.1,23941.1,23945.1,0
2026-07-27 04:12:00+00:00,23945.75,23948.45,23943.8,23945.75,0
2026-07-27 04:13:00+00:00,23946.8,23950.2,23942.4,23948.0,0
2026-07-27 04:14:00+00:00,23949.55,23951.3,23944.95,23951.05,0
2026-07-27 04:15:00+00:00,23952.1,23954.95,23948.85,23950.5,0
2026-07-27 04:16:00+00:00,23952.35,23954.35,23946.25,23947.15,0
2026-07-27 04:17:00+00:00,23948.3,23951.15,23945.05,23949.8,0
2026-07-27 04:18:00+00:00,23951.4,23954.8,23947.55,23953.95,0
2026-07-27 04:19:00+00:00,23955.5,23955.9,23949.7,23951.85,0
2026-07-27 04:20:00+00:00,23953.45,23953.45,23947.05,23947.9,0
2026-07-27 04:21:00+00:00,23949.5,23949.75,23944.05,23948.0,0
2026-07-27 04:22:00+00:00,23949.1,23950.05,23944.65,23947.95,0
2026-07-27 04:23:00+00:00,23950.0,23950.55,23937.7,23938.3,0
2026-07-27 04:24:00+00:00,23939.95,23939.95,23929.5,23933.4,0
2026-07-27 04:25:00+00:00,23934.95,23934.95,23920.15,23922.55,0
2026-07-27 04:26:00+00:00,23924.35,23928.0,23920.4,23921.85,0
2026-07-27 04:27:00+00:00,23923.85,23923.85,23916.8,23921.5,0
2026-07-27 04:28:00+00:00,23924.3,23930.9,23923.95,23929.35,0
2026-07-27 04:29:00+00:00,23930.55,23936.0,23928.8,23933.85,0
2026-07-27 04:30:00+00:00,23933.35,23934.9,23927.6,23928.75,0
2026-07-27 04:31:00+00:00,23930.3,23931.3,23925.95,23927.95,0
2026-07-27 04:32:00+00:00,23928.65,23930.0,23924.35,23928.85,0
2026-07-27 04:33:00+00:00,23930.55,23930.55,23921.55,23923.7,0
2026-07-27 04:34:00+00:00,23926.0,23926.0,23916.75,23918.85,0
2026-07-27 04:35:00+00:00,23920.4,23922.8,23917.55,23919.35,0
2026-07-27 04:36:00+00:00,23920.1,23922.95,23912.95,23922.2,0
2026-07-27 04:37:00+00:00,23925.8,23925.8,23918.05,23919.05,0
2026-07-27 04:38:00+00:00,23921.4,23921.7,23914.0,23914.05,0
2026-07-27 04:39:00+00:00,23916.55,23916.55,23909.0,23912.6,0
2026-07-27 04:40:00+00:00,23913.25,23916.45,23910.4,23914.4,0
2026-07-27 04:41:00+00:00,23916.15,23922.85,23914.0,23922.0,0
2026-07-27 04:42:00+00:00,23923.6,23925.4,23922.25,23923.75,0
2026-07-27 04:43:00+00:00,23925.25,23932.05,23923.4,23930.5,0
2026-07-27 04:44:00+00:00,23931.55,23933.35,23929.35,23933.3,0
2026-07-27 04:45:00+00:00,23934.0,23935.75,23930.3,23930.8,0
2026-07-27 04:46:00+00:00,23931.95,23932.7,23927.65,23928.4,0
2026-07-27 04:47:00+00:00,23929.6,23931.65,23922.15,23922.85,0
2026-07-27 04:48:00+00:00,23924.35,23926.15,23920.65,23925.7,0
2026-07-27 04:49:00+00:00,23927.2,23927.75,23922.05,23923.95,0
2026-07-27 04:50:00+00:00,23925.35,23925.5,23918.6,23918.6,0
2026-07-27 04:51:00+00:00,23920.3,23921.7,23914.8,23920.9,0
2026-07-27 04:52:00+00:00,23922.35,23923.9,23919.8,23921.3,0
2026-07-27 04:53:00+00:00,23922.9,23924.55,23917.9,23918.55,0
2026-07-27 04:54:00+00:00,23918.7,23918.7,23908.75,23911.4,0
2026-07-27 04:55:00+00:00,23912.8,23914.35,23910.3,23912.7,0
2026-07-27 04:56:00+00:00,23914.5,23917.1,23910.85,23917.1,0
2026-07-27 04:57:00+00:00,23918.4,23918.4,23913.65,23914.4,0
2026-07-27 04:58:00+00:00,23916.5,23917.55,23911.15,23912.25,0
2026-07-27 04:59:00+00:00,23915.15,23918.2,23913.75,23915.2,0
2026-07-27 05:00:00+00:00,23917.05,23921.05,23913.2,23920.65,0
2026-07-27 05:01:00+00:00,23922.65,23924.05,23913.1,23913.5,0
2026-07-27 05:02:00+00:00,23914.8,23914.8,23907.25,23908.85,0
2026-07-27 05:03:00+00:00,23910.65,23911.45,23906.5,23909.8,0
2026-07-27 05:04:00+00:00,23912.1,23916.35,23910.6,23915.9,0
2026-07-27 05:05:00+00:00,23917.45,23917.45,23905.75,23907.6,0
2026-07-27 05:06:00+00:00,23908.4,23908.55,23900.05,23901.3,0
2026-07-27 05:07:00+00:00,23902.45,23903.45,23898.45,23899.6,0
2026-07-27 05:08:00+00:00,23901.0,23901.0,23895.55,23896.85,0
2026-07-27 05:09:00+00:00,23897.65,23898.05,23891.55,23892.1,0
2026-07-27 05:10:00+00:00,23894.25,23904.75,23892.25,23904.4,0
2026-07-27 05:11:00+00:00,23906.4,23911.9,23904.7,23910.6,0
2026-07-27 05:12:00+00:00,23912.4,23915.05,23910.15,23914.45,0
2026-07-27 05:13:00+00:00,23916.55,23921.45,23914.45,23919.35,0
2026-07-27 05:14:00+00:00,23922.0,23927.65,23919.85,23925.3,0
2026-07-27 05:15:00+00:00,23927.25,23927.75,23920.8,23924.25,0
2026-07-27 05:16:00+00:00,23925.45,23925.45,23921.35,23922.65,0
2026-07-27 05:17:00+00:00,23924.3,23924.3,23919.05,23919.3,0
2026-07-27 05:18:00+00:00,23920.7,23920.7,23915.45,23918.75,0
2026-07-27 05:19:00+00:00,23920.3,23920.3,23912.5,23917.2,0
2026-07-27 05:20:00+00:00,23918.3,23919.35,23912.55,23914.05,0
2026-07-27 05:21:00+00:00,23916.5,23916.5,23907.8,23910.2,0
2026-07-27 05:22:00+00:00,23912.25,23919.45,23910.0,23918.15,0
2026-07-27 05:23:00+00:00,23919.5,23924.3,23917.4,23921.6,0
2026-07-27 05:24:00+00:00,23923.95,23923.95,23915.75,23917.1,0
2026-07-27 05:25:00+00:00,23917.8,23917.8,23911.05,23913.5,0
2026-07-27 05:26:00+00:00,23914.8,23919.5,23912.05,23918.8,0
2026-07-27 05:27:00+00:00,23920.45,23923.95,23918.95,23922.6,0
2026-07-27 05:28:00+00:00,23924.25,23931.75,23921.65,23930.85,0
2026-07-27 05:29:00+00:00,23932.6,23939.3,23930.9,23933.45,0
2026-07-27 05:30:00+00:00,23935.6,23938.4,23930.0,23930.6,0
2026-07-27 05:31:00+00:00,23934.0,23937.5,23929.15,23935.4,0
2026-07-27 05:32:00+00:00,23936.5,23937.6,23930.0,23931.25,0
2026-07-27 05:33:00+00:00,23933.75,23934.35,23930.15,23930.25,0
2026-07-27 05:34:00+00:00,23931.7,23933.2,23927.7,23930.05,0
2026-07-27 05:35:00+00:00,23931.15,23932.95,23929.1,23929.6,0
2026-07-27 05:36:00+00:00,23932.7,23932.7,23922.15,23923.65,0
2026-07-27 05:37:00+00:00,23925.75,23926.45,23922.95,23923.9,0
2026-07-27 05:38:00+00:00,23925.2,23929.1,23920.0,23928.8,0
2026-07-27 05:39:00+00:00,23930.7,23936.25,23928.8,23932.85,0
2026-07-27 05:40:00+00:00,23936.05,23937.45,23927.95,23928.4,0
2026-07-27 05:41:00+00:00,23929.75,23929.75,23923.15,23924.8,0
2026-07-27 05:42:00+00:00,23926.05,23929.1,23922.75,23928.0,0
2026-07-27 05:43:00+00:00,23929.65,23929.65,23926.05,23927.5,0
2026-07-27 05:44:00+00:00,23928.95,23928.95,23924.0,23924.75,0
2026-07-27 05:45:00+00:00,23926.0,23933.55,23923.35,23931.35,0
2026-07-27 05:46:00+00:00,23933.5,23933.5,23927.6,23930.1,0
2026-07-27 05:47:00+00:00,23932.25,23932.25,23926.8,23930.55,0
2026-07-27 05:48:00+00:00,23932.5,23937.95,23929.75,23937.95,0
2026-07-27 05:49:00+00:00,23939.25,23945.0,23935.6,23944.4,0
2026-07-27 05:50:00+00:00,23945.7,23947.25,23941.7,23944.75,0
2026-07-27 05:51:00+00:00,23947.1,23947.1,23942.25,23944.85,0
2026-07-27 05:52:00+00:00,23946.4,23946.4,23939.5,23940.5,0
2026-07-27 05:53:00+00:00,23943.25,23945.9,23941.0,23944.55,0
2026-07-27 05:54:00+00:00,23946.55,23950.95,23942.95,23949.45,0
2026-07-27 05:55:00+00:00,23951.55,23955.7,23949.1,23955.7,0
2026-07-27 05:56:00+00:00,23956.65,23958.85,23952.65,23956.55,0
2026-07-27 05:57:00+00:00,23958.55,23964.2,23955.55,23962.4,0
2026-07-27 05:58:00+00:00,23964.25,23968.05,23961.9,23965.95,0
2026-07-27 05:59:00+00:00,23967.8,23968.55,23961.15,23961.9,0
2026-07-27 06:00:00+00:00,23963.55,23970.55,23959.85,23969.95,0
2026-07-27 06:01:00+00:00,23971.7,23972.0,23961.95,23966.3,0
2026-07-27 06:02:00+00:00,23968.25,23968.25,23962.8,23964.3,0
2026-07-27 06:03:00+00:00,23966.5,23966.5,23958.9,23963.25,0
2026-07-27 06:04:00+00:00,23964.9,23965.6,23962.25,23964.0,0
2026-07-27 06:05:00+00:00,23966.45,23966.45,23960.1,23962.1,0
2026-07-27 06:06:00+00:00,23962.2,23962.2,23957.3,23958.7,0
2026-07-27 06:07:00+00:00,23959.55,23962.3,23956.3,23960.3,0
2026-07-27 06:08:00+00:00,23962.45,23964.9,23960.05,23961.7,0
2026-07-27 06:09:00+00:00,23963.5,23963.5,23958.0,23960.2,0
2026-07-27 06:10:00+00:00,23961.7,23963.7,23959.4,23961.45,0
2026-07-27 06:11:00+00:00,23963.95,23966.85,23960.7,23966.15,0
2026-07-27 06:12:00+00:00,23967.75,23968.45,23965.2,23967.2,0
2026-07-27 06:13:00+00:00,23968.75,23968.9,23961.65,23963.3,0
2026-07-27 06:14:00+00:00,23964.65,23965.65,23962.5,23963.55,0
2026-07-27 06:15:00+00:00,23966.05,23967.35,23959.75,23965.25,0
2026-07-27 06:16:00+00:00,23967.7,23970.3,23965.15,23968.2,0
2026-07-27 06:17:00+00:00,23969.95,23969.95,23964.85,23965.4,0
2026-07-27 06:18:00+00:00,23968.05,23968.05,23961.15,23963.75,0
2026-07-27 06:19:00+00:00,23965.1,23965.1,23952.65,23954.2,0
2026-07-27 06:20:00+00:00,23956.25,23956.25,23950.45,23953.35,0
2026-07-27 06:21:00+00:00,23956.05,23956.6,23951.45,23955.0,0
2026-07-27 06:22:00+00:00,23956.8,23957.8,23954.3,23956.9,0
2026-07-27 06:23:00+00:00,23958.15,23958.15,23949.1,23950.45,0
2026-07-27 06:24:00+00:00,23951.85,23961.0,23949.1,23959.7,0
2026-07-27 06:25:00+00:00,23961.95,23970.65,23959.25,23968.0,0
2026-07-27 06:26:00+00:00,23970.0,23972.8,23968.05,23969.6,0
2026-07-27 06:27:00+00:00,23971.9,23971.9,23964.6,23966.2,0
2026-07-27 06:28:00+00:00,23967.2,23967.2,23962.85,23964.15,0
2026-07-27 06:29:00+00:00,23966.4,23966.4,23961.35,23963.4,0
2026-07-27 06:30:00+00:00,23965.7,23967.4,23960.15,23960.25,0
2026-07-27 06:31:00+00:00,23962.75,23962.75,23955.95,23958.05,0
2026-07-27 06:32:00+00:00,23959.45,23961.35,23956.55,23960.5,0
2026-07-27 06:33:00+00:00,23962.65,23962.65,23956.55,23958.95,0
2026-07-27 06:34:00+00:00,23961.95,23961.95,23953.15,23955.3,0
2026-07-27 06:35:00+00:00,23957.3,23957.3,23950.65,23953.65,0
2026-07-27 06:36:00+00:00,23955.0,23955.0,23949.05,23953.05,0
2026-07-27 06:37:00+00:00,23954.95,23956.2,23952.75,23956.2,0
2026-07-27 06:38:00+00:00,23956.35,23958.05,23953.35,23955.15,0
2026-07-27 06:39:00+00:00,23956.7,23956.7,23950.65,23952.35,0
2026-07-27 06:40:00+00:00,23954.3,23954.35,23947.45,23948.4,0
2026-07-27 06:41:00+00:00,23950.2,23954.0,23945.6,23953.1,0
2026-07-27 06:42:00+00:00,23955.3,23958.15,23951.85,23955.75,0
2026-07-27 06:43:00+00:00,23957.95,23962.35,23954.7,23961.15,0
2026-07-27 06:44:00+00:00,23963.15,23963.15,23954.7,23956.2,0
2026-07-27 06:45:00+00:00,23959.05,23960.95,23955.1,23957.75,0
2026-07-27 06:46:00+00:00,23960.85,23963.9,23957.55,23963.5,0
2026-07-27 06:47:00+00:00,23965.8,23965.8,23961.45,23963.2,0
2026-07-27 06:48:00+00:00,23965.0,23965.0,23957.75,23958.7,0
2026-07-27 06:49:00+00:00,23960.6,23961.1,23957.7,23959.25,0
2026-07-27 06:50:00+00:00,23960.6,23960.6,23954.1,23954.65,0
2026-07-27 06:51:00+00:00,23957.15,23957.7,23952.95,23955.4,0
2026-07-27 06:52:00+00:00,23956.05,23960.7,23953.25,23960.1,0
2026-07-27 06:53:00+00:00,23961.75,23961.75,23956.65,23958.5,0
2026-07-27 06:54:00+00:00,23959.8,23959.8,23952.9,23957.9,0
2026-07-27 06:55:00+00:00,23960.3,23960.3,23955.85,23957.75,0
2026-07-27 06:56:00+00:00,23959.45,23962.9,23957.45,23960.0,0
2026-07-27 06:57:00+00:00,23961.75,23962.45,23958.2,23959.15,0
2026-07-27 06:58:00+00:00,23961.4,23962.9,23958.8,23960.05,0
2026-07-27 06:59:00+00:00,23961.05,23961.55,23954.25,23954.75,0
2026-07-27 07:00:00+00:00,23956.9,23960.25,23951.1,23960.25,0
2026-07-27 07:01:00+00:00,23962.15,23965.05,23959.85,23961.55,0
2026-07-27 07:02:00+00:00,23962.95,23964.95,23959.0,23962.8,0
2026-07-27 07:03:00+00:00,23965.1,23967.3,23959.75,23960.7,0
2026-07-27 07:04:00+00:00,23963.0,23963.0,23958.0,23958.5,0
2026-07-27 07:05:00+00:00,23961.8,23961.8,23954.15,23955.95,0
2026-07-27 07:06:00+00:00,23958.35,23958.35,23953.4,23954.75,0
2026-07-27 07:07:00+00:00,23956.0,23956.0,23950.1,23951.45,0
2026-07-27 07:08:00+00:00,23953.3,23953.65,23948.8,23950.85,0
2026-07-27 07:09:00+00:00,23952.05,23952.7,23948.9,23951.2,0
2026-07-27 07:10:00+00:00,23952.05,23952.05,23946.1,23947.8,0
2026-07-27 07:11:00+00:00,23949.5,23949.5,23944.95,23945.05,0
2026-07-27 07:12:00+00:00,23947.85,23947.85,23944.1,23944.55,0
2026-07-27 07:13:00+00:00,23946.1,23949.5,23943.05,23949.5,0
2026-07-27 07:14:00+00:00,23950.8,23953.35,23949.35,23951.2,0
2026-07-27 07:15:00+00:00,23952.55,23953.2,23949.2,23951.3,0
2026-07-27 07:16:00+00:00,23954.05,23954.05,23949.55,23953.05,0
2026-07-27 07:17:00+00:00,23954.1,23954.65,23951.45,23954.25,0
2026-07-27 07:18:00+00:00,23954.9,23957.65,23953.15,23954.55,0
2026-07-27 07:19:00+00:00,23957.45,23957.45,23950.5,23951.2,0
2026-07-27 07:20:00+00:00,23953.8,23955.35,23951.25,23952.05,0
2026-07-27 07:21:00+00:00,23954.85,23955.85,23951.85,23954.55,0
2026-07-27 07:22:00+00:00,23957.05,23958.0,23953.65,23956.3,0
2026-07-27 07:23:00+00:00,23957.85,23957.85,23949.2,23949.75,0
2026-07-27 07:24:00+00:00,23951.75,23951.75,23946.85,23949.0,0
2026-07-27 07:25:00+00:00,23951.3,23951.3,23943.75,23946.5,0
2026-07-27 07:26:00+00:00,23947.75,23950.4,23944.9,23949.9,0
2026-07-27 07:27:00+00:00,23951.25,23954.4,23949.4,23952.65,0
2026-07-27 07:28:00+00:00,23954.15,23956.5,23949.65,23955.6,0
2026-07-27 07:29:00+00:00,23958.05,23958.05,23951.75,23953.9,0
2026-07-27 07:30:00+00:00,23955.85,23955.85,23948.75,23949.2,0
2026-07-27 07:31:00+00:00,23951.9,23962.45,23948.2,23961.45,0
2026-07-27 07:32:00+00:00,23963.6,23963.6,23957.85,23960.4,0
2026-07-27 07:33:00+00:00,23961.9,23963.25,23957.2,23962.8,0
2026-07-27 07:34:00+00:00,23965.5,23968.8,23962.5,23962.7,0
2026-07-27 07:35:00+00:00,23965.8,23968.2,23961.0,23965.85,0
2026-07-27 07:36:00+00:00,23968.05,23969.6,23965.7,23967.55,0
2026-07-27 07:37:00+00:00,23970.25,23970.7,23965.4,23968.45,0
2026-07-27 07:38:00+00:00,23970.5,23970.5,23960.35,23961.75,0
2026-07-27 07:39:00+00:00,23963.85,23963.85,23959.6,23962.2,0
2026-07-27 07:40:00+00:00,23964.55,23967.75,23959.0,23964.1,0
2026-07-27 07:41:00+00:00,23965.95,23966.4,23961.6,23962.6,0
2026-07-27 07:42:00+00:00,23964.85,23967.7,23961.5,23962.35,0
2026-07-27 07:43:00+00:00,23964.05,23965.2,23960.8,23964.5,0
2026-07-27 07:44:00+00:00,23966.55,23970.8,23963.85,23970.1,0
2026-07-27 07:45:00+00:00,23971.9,23977.9,23969.35,23975.9,0
2026-07-27 07:46:00+00:00,23979.15,23979.15,23973.25,23976.1,0
2026-07-27 07:47:00+00:00,23978.65,23979.4,23974.6,23977.3,0
2026-07-27 07:48:00+00:00,23978.8,23978.8,23972.7,23974.6,0
2026-07-27 07:49:00+00:00,23976.3,23976.35,23971.0,23972.3,0
2026-07-27 07:50:00+00:00,23974.2,23975.15,23971.15,23971.25,0
2026-07-27 07:51:00+00:00,23973.15,23974.45,23970.3,23972.05,0
2026-07-27 07:52:00+00:00,23974.25,23974.25,23968.1,23970.95,0
2026-07-27 07:53:00+00:00,23972.8,23973.65,23969.45,23969.85,0
2026-07-27 07:54:00+00:00,23972.45,23975.7,23969.7,23972.2,0
2026-07-27 07:55:00+00:00,23973.8,23973.8,23969.2,23970.2,0
2026-07-27 07:56:00+00:00,23972.3,23972.4,23968.65,23968.95,0
2026-07-27 07:57:00+00:00,23970.6,23970.6,23958.85,23959.8,0
2026-07-27 07:58:00+00:00,23961.7,23961.7,23956.85,23957.7,0
2026-07-27 07:59:00+00:00,23960.35,23960.55,23954.3,23954.55,0
2026-07-27 08:00:00+00:00,23956.25,23960.1,23953.1,23959.0,0
2026-07-27 08:01:00+00:00,23960.1,23960.85,23951.55,23951.6,0
2026-07-27 08:02:00+00:00,23953.5,23953.5,23949.25,23949.8,0
2026-07-27 08:03:00+00:00,23951.45,23952.55,23947.75,23951.3,0
2026-07-27 08:04:00+00:00,23952.65,23953.8,23938.5,23938.5,0
2026-07-27 08:05:00+00:00,23940.6,23940.6,23935.4,23937.7,0
2026-07-27 08:06:00+00:00,23939.65,23948.85,23937.25,23947.25,0
2026-07-27 08:07:00+00:00,23950.4,23956.8,23948.1,23956.15,0
2026-07-27 08:08:00+00:00,23958.4,23958.95,23952.95,23956.35,0
2026-07-27 08:09:00+00:00,23957.65,23959.55,23953.9,23958.35,0
2026-07-27 08:10:00+00:00,23959.95,23960.7,23956.8,23957.35,0
2026-07-27 08:11:00+00:00,23959.25,23959.25,23949.05,23949.65,0
2026-07-27 08:12:00+00:00,23951.85,23953.55,23947.9,23949.8,0
2026-07-27 08:13:00+00:00,23951.35,23953.2,23946.6,23951.85,0
2026-07-27 08:14:00+00:00,23954.4,23957.4,23950.95,23956.25,0
2026-07-27 08:15:00+00:00,23958.25,23958.35,23954.15,23956.25,0
2026-07-27 08:16:00+00:00,23958.4,23958.4,23953.25,23957.5,0
2026-07-27 08:17:00+00:00,23958.75,23961.95,23956.55,23961.5,0
2026-07-27 08:18:00+00:00,23963.75,23967.25,23960.0,23960.0,0
2026-07-27 08:19:00+00:00,23961.45,23961.45,23955.15,23957.65,0
2026-07-27 08:20:00+00:00,23959.0,23959.0,23954.1,23954.45,0
2026-07-27 08:21:00+00:00,23958.25,23961.6,23954.45,23958.45,0
2026-07-27 08:22:00+00:00,23960.65,23963.9,23958.1,23961.45,0
2026-07-27 08:23:00+00:00,23963.45,23965.8,23961.3,23964.45,0
2026-07-27 08:24:00+00:00,23966.0,23967.3,23962.75,23964.3,0
2026-07-27 08:25:00+00:00,23965.8,23968.0,23962.85,23967.8,0
2026-07-27 08:26:00+00:00,23969.9,23972.4,23964.6,23966.05,0
2026-07-27 08:27:00+00:00,23968.15,23968.15,23962.0,23964.0,0
2026-07-27 08:28:00+00:00,23965.85,23969.45,23963.2,23967.7,0
2026-07-27 08:29:00+00:00,23969.5,23971.5,23966.6,23971.35,0
2026-07-27 08:30:00+00:00,23973.6,23977.1,23970.5,23975.95,0
2026-07-27 08:31:00+00:00,23978.7,23981.2,23976.65,23978.25,0
2026-07-27 08:32:00+00:00,23980.35,23980.35,23975.65,23977.7,0
2026-07-27 08:33:00+00:00,23980.95,23988.3,23979.0,23987.45,0
2026-07-27 08:34:00+00:00,23989.5,23989.5,23983.75,23984.65,0
2026-07-27 08:35:00+00:00,23986.75,23986.8,23981.25,23983.7,0
2026-07-27 08:36:00+00:00,23986.3,23989.1,23983.45,23985.2,0
2026-07-27 08:37:00+00:00,23986.5,23987.75,23983.3,23986.0,0
2026-07-27 08:38:00+00:00,23988.9,23990.75,23985.25,23988.5,0
2026-07-27 08:39:00+00:00,23991.5,23995.15,23986.75,23993.25,0
2026-07-27 08:40:00+00:00,23995.95,23996.1,23988.15,23989.65,0
2026-07-27 08:41:00+00:00,23990.85,23992.35,23987.7,23991.3,0
2026-07-27 08:42:00+00:00,23994.0,23997.85,23990.45,23994.0,0
2026-07-27 08:43:00+00:00,23996.4,23998.35,23992.45,23993.75,0
2026-07-27 08:44:00+00:00,23997.2,23997.2,23990.95,23995.9,0
2026-07-27 08:45:00+00:00,23997.55,23999.15,23993.3,23997.45,0
2026-07-27 08:46:00+00:00,23998.2,23998.2,23994.55,23995.4,0
2026-07-27 08:47:00+00:00,23996.8,23996.8,23986.55,23986.7,0
2026-07-27 08:48:00+00:00,23988.7,23993.15,23984.55,23992.55,0
2026-07-27 08:49:00+00:00,23992.5,23992.5,23987.65,23990.15,0
2026-07-27 08:50:00+00:00,23992.55,23992.55,23988.5,23991.25,0
2026-07-27 08:51:00+00:00,23993.0,23994.75,23990.3,23992.6,0
2026-07-27 08:52:00+00:00,23994.45,23995.85,23991.9,23993.6,0
2026-07-27 08:53:00+00:00,23995.8,23996.05,23990.85,23991.3,0
2026-07-27 08:54:00+00:00,23994.1,23998.4,23991.8,23998.25,0
2026-07-27 08:55:00+00:00,23999.3,24006.9,23996.75,24005.6,0
2026-07-27 08:56:00+00:00,24007.75,24008.55,23998.85,23998.85,0
2026-07-27 08:57:00+00:00,24002.0,24004.45,23995.2,24004.1,0
2026-07-27 08:58:00+00:00,24005.55,24007.6,24003.15,24006.7,0
2026-07-27 08:59:00+00:00,24008.15,24009.75,24005.55,24006.7,0
2026-07-27 09:00:00+00:00,24008.65,24008.65,24002.9,24005.5,0
2026-07-27 09:01:00+00:00,24007.45,24011.6,24004.55,24007.25,0
2026-07-27 09:02:00+00:00,24009.3,24009.3,23998.65,23999.5,0
2026-07-27 09:03:00+00:00,24001.55,24001.55,23996.0,24000.0,0
2026-07-27 09:04:00+00:00,24002.0,24002.0,23997.3,23998.1,0
2026-07-27 09:05:00+00:00,24000.45,24003.7,23997.1,23997.1,0
2026-07-27 09:06:00+00:00,24000.55,24000.55,23988.35,23989.35,0
2026-07-27 09:07:00+00:00,23991.85,23992.55,23988.3,23990.8,0
2026-07-27 09:08:00+00:00,23993.8,23994.15,23989.0,23991.15,0
2026-07-27 09:09:00+00:00,23992.6,23999.75,23990.2,23998.1,0
2026-07-27 09:10:00+00:00,23999.6,24000.4,23995.9,23997.9,0
2026-07-27 09:11:00+00:00,24001.1,24001.75,23996.25,23997.35,0
2026-07-27 09:12:00+00:00,23999.95,23999.95,23993.9,23994.35,0
2026-07-27 09:13:00+00:00,23996.4,23996.4,23991.4,23992.65,0
2026-07-27 09:14:00+00:00,23994.9,23996.5,23988.8,23996.25,0
2026-07-27 09:15:00+00:00,23997.65,23999.55,23994.25,23998.25,0
2026-07-27 09:16:00+00:00,24001.25,24003.5,23998.05,23999.45,0
2026-07-27 09:17:00+00:00,24001.1,24001.1,23986.95,23987.0,0
2026-07-27 09:18:00+00:00,23990.2,23995.5,23986.9,23994.65,0
2026-07-27 09:19:00+00:00,23996.45,23996.45,23991.8,23992.65,0
2026-07-27 09:20:00+00:00,23995.2,23996.6,23991.4,23992.2,0
2026-07-27 09:21:00+00:00,23994.5,23998.0,23990.95,23997.7,0
2026-07-27 09:22:00+00:00,23999.0,24000.35,23994.4,23996.05,0
2026-07-27 09:23:00+00:00,23998.15,23998.15,23992.3,23994.2,0
2026-07-27 09:24:00+00:00,23996.15,23996.15,23984.8,23985.4,0
2026-07-27 09:25:00+00:00,23986.75,23994.2,23984.1,23993.75,0
2026-07-27 09:26:00+00:00,23995.65,23997.4,23992.45,23995.55,0
2026-07-27 09:27:00+00:00,23997.35,23997.35,23984.25,23987.85,0
2026-07-27 09:28:00+00:00,23989.75,23995.45,23988.15,23992.0,0
2026-07-27 09:29:00+00:00,23993.95,23993.95,23987.75,23989.15,0
2026-07-27 09:30:00+00:00,23989.55,23996.85,23988.5,23990.95,0
2026-07-27 09:31:00+00:00,23991.85,24000.1,23989.65,23998.8,0
2026-07-27 09:32:00+00:00,23999.25,24000.85,23995.6,23996.55,0
2026-07-27 09:33:00+00:00,23997.4,23997.4,23991.5,23991.6,0
2026-07-27 09:34:00+00:00,23993.05,23995.05,23988.6,23990.7,0
2026-07-27 09:35:00+00:00,23991.2,23995.75,23990.6,23993.45,0
2026-07-27 09:36:00+00:00,23994.65,23997.2,23992.2,23992.9,0
2026-07-27 09:37:00+00:00,23994.3,23996.3,23992.6,23995.0,0
2026-07-27 09:38:00+00:00,23996.2,23997.55,23993.05,23996.65,0
2026-07-27 09:39:00+00:00,23997.35,23998.3,23995.55,23995.85,0
2026-07-27 09:40:00+00:00,23996.85,23998.85,23994.15,23997.55,0
2026-07-27 09:41:00+00:00,23998.95,24001.75,23997.95,23999.95,0
2026-07-27 09:42:00+00:00,24000.45,24000.45,23995.2,23996.7,0
2026-07-27 09:43:00+00:00,23997.0,23997.6,23986.55,23987.95,0
2026-07-27 09:44:00+00:00,23987.65,23991.95,23986.4,23987.15,0
2026-07-27 09:45:00+00:00,23985.1,23990.4,23985.1,23989.15,0
2026-07-27 09:46:00+00:00,23989.25,23990.4,23987.2,23989.15,0
2026-07-27 09:47:00+00:00,23989.4,23991.95,23988.45,23990.8,0
2026-07-27 09:48:00+00:00,23991.2,23992.6,23986.8,23991.5,0
2026-07-27 09:49:00+00:00,23991.25,23997.15,23990.45,23996.75,0
2026-07-27 09:50:00+00:00,23995.35,23999.65,23993.0,23997.05,0
2026-07-27 09:51:00+00:00,23997.5,24002.2,23995.6,24001.0,0
2026-07-27 09:52:00+00:00,24000.95,24004.05,23999.95,24002.35,0
2026-07-27 09:53:00+00:00,24002.45,24007.45,24000.25,24004.9,0
2026-07-27 09:54:00+00:00,24005.3,24005.55,23999.55,24003.75,0
2026-07-27 09:55:00+00:00,24003.2,24006.8,23996.6,23999.8,0
2026-07-27 09:56:00+00:00,24000.4,24002.8,23998.75,24000.9,0
2026-07-27 09:57:00+00:00,24001.1,24006.5,23999.35,24005.3,0
2026-07-27 09:58:00+00:00,24005.85,24008.1,23999.75,24001.5,0
2026-07-27 09:59:00+00:00,24001.05,24005.85,23997.25,24003.65,0
2026-07-28 03:45:00+00:00,23971.25,24011.4,23968.15,24002.2,0
2026-07-28 03:46:00+00:00,24001.3,24013.2,23999.65,24003.4,0
2026-07-28 03:47:00+00:00,24004.3,24030.15,24002.15,24029.55,0
2026-07-28 03:48:00+00:00,24028.7,24040.9,24027.0,24030.6,0
2026-07-28 03:49:00+00:00,24029.45,24031.35,24024.3,24029.7,0
2026-07-28 03:50:00+00:00,24030.15,24036.5,24028.7,24035.25,0
2026-07-28 03:51:00+00:00,24035.5,24037.05,24031.05,24031.25,0
2026-07-28 03:52:00+00:00,24030.25,24031.65,24017.65,24018.25,0
2026-07-28 03:53:00+00:00,24019.25,24020.4,24011.15,24016.4,0
2026-07-28 03:54:00+00:00,24016.7,24018.6,24011.5,24015.55,0
2026-07-28 03:55:00+00:00,24015.3,24015.45,24000.2,24004.85,0
2026-07-28 03:56:00+00:00,24004.5,24005.05,23994.1,23999.9,0
2026-07-28 03:57:00+00:00,23998.55,24001.75,23996.7,24001.05,0
2026-07-28 03:58:00+00:00,24001.45,24009.15,23998.25,24008.2,0
2026-07-28 03:59:00+00:00,24008.3,24012.0,24005.65,24006.25,0
2026-07-28 04:00:00+00:00,24006.7,24013.4,24002.2,24009.0,0
2026-07-28 04:01:00+00:00,24009.8,24011.6,23997.75,23998.3,0
2026-07-28 04:02:00+00:00,23998.45,24002.0,23992.8,23994.2,0
2026-07-28 04:03:00+00:00,23993.6,23997.2,23985.95,23989.0,0
2026-07-28 04:04:00+00:00,23987.7,23995.1,23985.75,23993.4,0
2026-07-28 04:05:00+00:00,23994.3,24011.2,23993.9,24006.1,0
2026-07-28 04:06:00+00:00,24005.6,24016.3,24003.8,24016.15,0
2026-07-28 04:07:00+00:00,24015.65,24018.0,24010.9,24011.35,0
2026-07-28 04:08:00+00:00,24011.5,24018.7,24009.2,24017.9,0
2026-07-28 04:09:00+00:00,24017.55,24020.45,24015.1,24018.75,0
2026-07-28 04:10:00+00:00,24020.05,24022.45,24015.25,24020.7,0
2026-07-28 04:11:00+00:00,24021.0,24021.0,24015.3,24015.9,0
2026-07-28 04:12:00+00:00,24015.7,24020.6,24015.7,24018.15,0
2026-07-28 04:13:00+00:00,24017.85,24025.1,24017.45,24021.9,0
2026-07-28 04:14:00+00:00,24021.65,24025.2,24016.8,24018.05,0
2026-07-28 04:15:00+00:00,24018.6,24019.9,24012.75,24014.8,0
2026-07-28 04:16:00+00:00,24015.75,24015.75,24008.65,24009.3,0
2026-07-28 04:17:00+00:00,24008.75,24011.1,24005.2,24010.75,0
2026-07-28 04:18:00+00:00,24010.95,24012.55,24007.75,24011.0,0
2026-07-28 04:19:00+00:00,24010.35,24014.6,24006.5,24012.95,0
2026-07-28 04:20:00+00:00,24012.25,24012.65,24006.35,24008.35,0
2026-07-28 04:21:00+00:00,24007.55,24007.55,24001.1,24002.3,0
2026-07-28 04:22:00+00:00,24002.15,24002.8,23996.75,23998.3,0
2026-07-28 04:23:00+00:00,23998.25,24002.6,23995.25,24001.75,0
2026-07-28 04:24:00+00:00,24000.05,24014.05,24000.05,24012.4,0
2026-07-28 04:25:00+00:00,24012.7,24016.7,24010.1,24016.7,0
2026-07-28 04:26:00+00:00,24017.15,24017.95,24013.05,24013.35,0
2026-07-28 04:27:00+00:00,24013.25,24015.65,24009.1,24011.35,0
2026-07-28 04:28:00+00:00,24011.7,24013.7,24008.9,24009.25,0
2026-07-28 04:29:00+00:00,24008.95,24014.45,24007.35,24012.25,0
2026-07-28 04:30:00+00:00,24011.7,24013.5,24004.5,24010.7,0
2026-07-28 04:31:00+00:00,24010.15,24013.55,23998.35,23998.35,0
2026-07-28 04:32:00+00:00,23997.6,23999.3,23981.75,23983.7,0
2026-07-28 04:33:00+00:00,23982.7,23984.85,23967.0,23974.65,0
2026-07-28 04:34:00+00:00,23974.55,23979.25,23970.3,23972.9,0
2026-07-28 04:35:00+00:00,23973.25,23974.3,23968.05,23969.65,0
2026-07-28 04:36:00+00:00,23970.0,23977.3,23969.25,23976.45,0
2026-07-28 04:37:00+00:00,23976.75,23978.6,23962.75,23965.15,0
2026-07-28 04:38:00+00:00,23965.2,23970.5,23961.95,23969.8,0
2026-07-28 04:39:00+00:00,23971.0,23973.35,23968.15,23971.25,0
2026-07-28 04:40:00+00:00,23971.3,23971.85,23962.45,23966.65,0
2026-07-28 04:41:00+00:00,23966.25,23970.05,23964.85,23966.4,0
2026-07-28 04:42:00+00:00,23966.3,23975.9,23965.75,23975.3,0
2026-07-28 04:43:00+00:00,23975.1,23986.15,23973.95,23985.55,0
2026-07-28 04:44:00+00:00,23985.8,23988.4,23983.75,23985.6,0
2026-07-28 04:45:00+00:00,23985.8,23994.95,23985.05,23993.8,0
2026-07-28 04:46:00+00:00,23993.45,23999.2,23990.95,23996.35,0
2026-07-28 04:47:00+00:00,23996.1,24005.45,23994.45,24005.3,0
2026-07-28 04:48:00+00:00,24006.1,24006.1,23997.8,23999.85,0
2026-07-28 04:49:00+00:00,23999.9,24002.8,23997.4,23997.4,0
2026-07-28 04:50:00+00:00,23997.8,23999.55,23994.75,23995.9,0
2026-07-28 04:51:00+00:00,23995.0,23996.45,23988.7,23989.2,0
2026-07-28 04:52:00+00:00,23989.6,23991.65,23984.8,23988.4,0
2026-07-28 04:53:00+00:00,23988.65,23992.45,23988.45,23990.55,0
2026-07-28 04:54:00+00:00,23991.1,23995.8,23990.0,23994.7,0
2026-07-28 04:55:00+00:00,23994.95,24001.9,23992.15,23999.2,0
2026-07-28 04:56:00+00:00,23999.55,24000.15,23993.9,23996.65,0
2026-07-28 04:57:00+00:00,23996.3,23998.05,23993.55,23994.2,0
2026-07-28 04:58:00+00:00,23994.7,23998.2,23989.8,23991.1,0
2026-07-28 04:59:00+00:00,23991.1,23992.75,23985.65,23986.55,0
2026-07-28 05:00:00+00:00,23986.6,23994.45,23986.2,23993.75,0
2026-07-28 05:01:00+00:00,23994.15,24000.3,23994.15,23996.7,0
2026-07-28 05:02:00+00:00,23997.5,24001.75,23996.25,24000.55,0
2026-07-28 05:03:00+00:00,24000.25,24004.85,23997.35,24004.85,0
2026-07-28 05:04:00+00:00,24004.8,24007.3,23998.8,23999.15,0
2026-07-28 05:05:00+00:00,24000.9,24002.35,23996.8,23998.55,0
2026-07-28 05:06:00+00:00,23999.45,24001.85,23996.1,23998.85,0
2026-07-28 05:07:00+00:00,23999.1,24005.3,23997.45,24004.05,0
2026-07-28 05:08:00+00:00,24004.35,24013.45,24004.35,24012.05,0
2026-07-28 05:09:00+00:00,24012.7,24014.0,24006.35,24007.5,0
2026-07-28 05:10:00+00:00,24007.4,24012.2,24006.1,24010.5,0
2026-07-28 05:11:00+00:00,24010.15,24013.7,24008.9,24010.9,0
2026-07-28 05:12:00+00:00,24010.85,24015.6,24010.6,24015.6,0
2026-07-28 05:13:00+00:00,24016.3,24023.35,24015.05,24021.6,0
2026-07-28 05:14:00+00:00,24021.95,24022.75,24017.5,24020.1,0
2026-07-28 05:15:00+00:00,24020.35,24027.35,24020.0,24027.35,0
2026-07-28 05:16:00+00:00,24027.15,24030.1,24023.3,24024.6,0
2026-07-28 05:17:00+00:00,24024.5,24027.75,24023.25,24023.8,0
2026-07-28 05:18:00+00:00,24023.4,24031.4,24022.7,24030.05,0
2026-07-28 05:19:00+00:00,24029.8,24033.35,24028.35,24030.7,0
2026-07-28 05:20:00+00:00,24030.3,24034.45,24026.0,24031.25,0
2026-07-28 05:21:00+00:00,24031.6,24036.95,24031.3,24034.05,0
2026-07-28 05:22:00+00:00,24034.35,24034.75,24027.5,24030.45,0
2026-07-28 05:23:00+00:00,24030.7,24036.55,24025.6,24035.75,0
2026-07-28 05:24:00+00:00,24035.95,24039.0,24034.0,24036.4,0
2026-07-28 05:25:00+00:00,24036.65,24041.15,24035.7,24039.35,0
2026-07-28 05:26:00+00:00,24039.35,24040.45,24034.15,24035.35,0
2026-07-28 05:27:00+00:00,24035.15,24036.55,24033.1,24033.85,0
2026-07-28 05:28:00+00:00,24033.85,24037.25,24032.7,24036.5,0
2026-07-28 05:29:00+00:00,24036.55,24037.85,24034.55,24035.75,0
2026-07-28 05:30:00+00:00,24036.65,24039.55,24028.9,24030.3,0
2026-07-28 05:31:00+00:00,24029.75,24030.55,24019.7,24020.3,0
2026-07-28 05:32:00+00:00,24021.15,24025.25,24019.85,24023.3,0
2026-07-28 05:33:00+00:00,24023.5,24024.1,24019.45,24020.55,0
2026-07-28 05:34:00+00:00,24020.35,24026.65,24017.9,24024.45,0
2026-07-28 05:35:00+00:00,24023.7,24025.8,24020.75,24023.65,0
2026-07-28 05:36:00+00:00,24023.35,24024.55,24018.2,24018.35,0
2026-07-28 05:37:00+00:00,24018.25,24023.55,24017.95,24019.65,0
2026-07-28 05:38:00+00:00,24020.1,24024.25,24020.0,24020.4,0
2026-07-28 05:39:00+00:00,24021.0,24025.6,24020.65,24024.1,0
2026-07-28 05:40:00+00:00,24023.75,24024.55,24017.75,24018.25,0
2026-07-28 05:41:00+00:00,24018.2,24018.85,24014.35,24014.55,0
2026-07-28 05:42:00+00:00,24014.8,24015.5,24010.05,24011.65,0
2026-07-28 05:43:00+00:00,24011.85,24014.8,24011.6,24014.45,0
2026-07-28 05:44:00+00:00,24014.4,24016.3,24013.45,24015.2,0
2026-07-28 05:45:00+00:00,24015.05,24020.45,24014.9,24019.7,0
2026-07-28 05:46:00+00:00,24019.55,24022.6,24019.0,24020.0,0
2026-07-28 05:47:00+00:00,24019.85,24027.5,24019.35,24027.5,0
2026-07-28 05:48:00+00:00,24027.8,24029.8,24026.45,24028.45,0
2026-07-28 05:49:00+00:00,24028.3,24028.55,24024.05,24025.3,0
2026-07-28 05:50:00+00:00,24025.35,24026.15,24013.45,24016.6,0
2026-07-28 05:51:00+00:00,24018.0,24021.0,24015.7,24019.75,0
2026-07-28 05:52:00+00:00,24018.35,24019.8,24015.85,24016.2,0
2026-07-28 05:53:00+00:00,24016.5,24018.8,24015.3,24015.95,0
2026-07-28 05:54:00+00:00,24015.85,24016.65,24013.65,24014.9,0
2026-07-28 05:55:00+00:00,24014.75,24015.55,24011.0,24011.55,0
2026-07-28 05:56:00+00:00,24011.65,24015.55,24010.65,24014.55,0
2026-07-28 05:57:00+00:00,24015.5,24021.2,24015.15,24019.9,0
2026-07-28 05:58:00+00:00,24019.95,24021.3,24016.05,24016.25,0
2026-07-28 05:59:00+00:00,24016.65,24018.85,24013.5,24013.9,0
2026-07-28 06:00:00+00:00,24014.45,24016.15,24011.35,24012.25,0
2026-07-28 06:01:00+00:00,24011.8,24014.8,24009.2,24010.45,0
2026-07-28 06:02:00+00:00,24009.95,24010.4,24007.1,24008.4,0
2026-07-28 06:03:00+00:00,24008.55,24008.8,24002.4,24003.6,0
2026-07-28 06:04:00+00:00,24003.9,24006.75,24001.8,24002.8,0
2026-07-28 06:05:00+00:00,24002.1,24006.15,24000.35,24002.65,0
2026-07-28 06:06:00+00:00,24002.95,24004.25,23999.95,23999.95,0
2026-07-28 06:07:00+00:00,24000.4,24003.9,24000.1,24003.65,0
2026-07-28 06:08:00+00:00,24004.05,24007.55,24003.1,24007.15,0
2026-07-28 06:09:00+00:00,24006.75,24010.7,24005.55,24010.7,0
2026-07-28 06:10:00+00:00,24010.2,24012.45,24008.15,24011.15,0
2026-07-28 06:11:00+00:00,24012.1,24016.1,24011.05,24014.7,0
2026-07-28 06:12:00+00:00,24015.15,24018.7,24013.8,24017.5,0
2026-07-28 06:13:00+00:00,24017.85,24023.75,24017.25,24022.25,0
2026-07-28 06:14:00+00:00,24022.4,24025.05,24020.3,24021.2,0
2026-07-28 06:15:00+00:00,24020.9,24022.3,24018.85,24020.95,0
2026-07-28 06:16:00+00:00,24021.0,24024.2,24018.5,24021.7,0
2026-07-28 06:17:00+00:00,24022.1,24029.75,24021.65,24028.75,0
2026-07-28 06:18:00+00:00,24028.65,24035.15,24028.6,24033.4,0
2026-07-28 06:19:00+00:00,24033.7,24036.8,24030.75,24030.8,0
2026-07-28 06:20:00+00:00,24030.85,24031.9,24022.85,24023.95,0
2026-07-28 06:21:00+00:00,24024.25,24026.05,24021.65,24023.65,0
2026-07-28 06:22:00+00:00,24023.9,24024.65,24015.5,24016.8,0
2026-07-28 06:23:00+00:00,24017.35,24017.4,24011.2,24012.9,0
2026-07-28 06:24:00+00:00,24013.2,24018.25,24011.75,24013.75,0
2026-07-28 06:25:00+00:00,24014.1,24015.85,24011.95,24011.95,0
2026-07-28 06:26:00+00:00,24011.3,24011.4,24003.65,24007.15,0
2026-07-28 06:27:00+00:00,24007.1,24009.2,24005.9,24007.05,0
2026-07-28 06:28:00+00:00,24007.15,24013.6,24006.65,24013.3,0
2026-07-28 06:29:00+00:00,24013.15,24014.85,24010.8,24011.0,0
2026-07-28 06:30:00+00:00,24011.05,24014.2,24010.1,24010.65,0
2026-07-28 06:31:00+00:00,24010.65,24012.85,24005.05,24006.95,0
2026-07-28 06:32:00+00:00,24007.35,24007.7,24003.75,24006.45,0
2026-07-28 06:33:00+00:00,24006.5,24009.1,24005.75,24007.4,0
2026-07-28 06:34:00+00:00,24007.6,24010.45,24006.15,24008.8,0
2026-07-28 06:35:00+00:00,24008.25,24016.65,24005.65,24014.7,0
2026-07-28 06:36:00+00:00,24014.2,24019.8,24014.2,24015.05,0
2026-07-28 06:37:00+00:00,24015.4,24018.55,24014.15,24016.75,0
2026-07-28 06:38:00+00:00,24016.65,24021.05,24015.25,24020.25,0
2026-07-28 06:39:00+00:00,24020.3,24022.75,24019.1,24021.45,0
2026-07-28 06:40:00+00:00,24020.75,24023.75,24018.2,24021.9,0
2026-07-28 06:41:00+00:00,24022.6,24023.5,24020.25,24020.7,0
2026-07-28 06:42:00+00:00,24020.9,24026.0,24020.2,24025.25,0
2026-07-28 06:43:00+00:00,24025.8,24027.15,24023.2,24024.75,0
2026-07-28 06:44:00+00:00,24025.0,24028.6,24023.5,24026.25,0
2026-07-28 06:45:00+00:00,24026.5,24028.4,24024.7,24025.15,0
2026-07-28 06:46:00+00:00,24025.05,24027.35,24022.15,24023.65,0
2026-07-28 06:47:00+00:00,24023.1,24025.3,24019.15,24020.5,0
2026-07-28 06:48:00+00:00,24020.25,24020.7,24015.45,24016.85,0
2026-07-28 06:49:00+00:00,24016.75,24019.55,24015.3,24017.75,0
2026-07-28 06:50:00+00:00,24017.35,24019.8,24013.45,24014.2,0
2026-07-28 06:51:00+00:00,24013.4,24014.85,24010.85,24013.1,0
2026-07-28 06:52:00+00:00,24013.45,24016.65,24012.3,24016.25,0
2026-07-28 06:53:00+00:00,24015.95,24020.25,24015.1,24017.05,0
2026-07-28 06:54:00+00:00,24016.2,24018.55,24013.5,24017.75,0
2026-07-28 06:55:00+00:00,24017.7,24018.85,24012.85,24013.4,0
2026-07-28 06:56:00+00:00,24013.6,24017.4,24013.05,24015.25,0
2026-07-28 06:57:00+00:00,24015.25,24021.65,24015.25,24021.65,0
2026-07-28 06:58:00+00:00,24022.25,24027.65,24018.85,24026.6,0
2026-07-28 06:59:00+00:00,24027.25,24028.9,24022.9,24023.5,0
2026-07-28 07:00:00+00:00,24023.6,24025.95,24022.1,24024.4,0
2026-07-28 07:01:00+00:00,24024.55,24026.8,24022.4,24026.45,0
2026-07-28 07:02:00+00:00,24026.3,24027.2,24023.05,24023.95,0
2026-07-28 07:03:00+00:00,24024.4,24027.25,24020.35,24020.85,0
2026-07-28 07:04:00+00:00,24021.35,24021.45,24017.3,24017.3,0
2026-07-28 07:05:00+00:00,24017.25,24018.1,24011.45,24012.25,0
2026-07-28 07:06:00+00:00,24012.45,24014.3,24009.4,24010.75,0
2026-07-28 07:07:00+00:00,24010.75,24016.05,24010.6,24014.0,0
2026-07-28 07:08:00+00:00,24013.8,24020.15,24013.8,24019.95,0
2026-07-28 07:09:00+00:00,24020.05,24021.3,24017.45,24018.15,0
2026-07-28 07:10:00+00:00,24017.75,24019.35,24015.7,24017.5,0
2026-07-28 07:11:00+00:00,24018.15,24022.85,24017.15,24021.95,0
2026-07-28 07:12:00+00:00,24022.2,24023.45,24017.95,24019.4,0
2026-07-28 07:13:00+00:00,24018.95,24019.8,24014.95,24015.9,0
2026-07-28 07:14:00+00:00,24015.7,24019.05,24014.3,24015.65,0
2026-07-28 07:15:00+00:00,24015.75,24022.0,24014.4,24018.05,0
2026-07-28 07:16:00+00:00,24018.3,24020.7,24017.0,24019.1,0
2026-07-28 07:17:00+00:00,24018.7,24021.85,24016.45,24019.15,0
2026-07-28 07:18:00+00:00,24018.75,24019.8,24011.15,24014.4,0
2026-07-28 07:19:00+00:00,24014.15,24015.9,24012.45,24015.25,0
2026-07-28 07:20:00+00:00,24014.85,24015.75,24009.35,24010.45,0
2026-07-28 07:21:00+00:00,24010.65,24016.2,24010.25,24013.3,0
2026-07-28 07:22:00+00:00,24013.25,24014.95,24010.75,24012.95,0
2026-07-28 07:23:00+00:00,24012.65,24015.1,24011.15,24013.25,0
2026-07-28 07:24:00+00:00,24013.3,24015.6,24011.25,24013.45,0
2026-07-28 07:25:00+00:00,24014.25,24014.5,24010.85,24013.35,0
2026-07-28 07:26:00+00:00,24013.9,24015.8,24010.85,24014.3,0
2026-07-28 07:27:00+00:00,24013.75,24017.95,24012.05,24012.25,0
2026-07-28 07:28:00+00:00,24012.55,24014.25,24004.4,24005.95,0
2026-07-28 07:29:00+00:00,24006.35,24011.05,24003.9,24004.05,0
2026-07-28 07:30:00+00:00,24005.45,24005.9,24002.4,24004.75,0
2026-07-28 07:31:00+00:00,24007.5,24008.75,24002.5,24003.8,0
2026-07-28 07:32:00+00:00,24005.35,24006.6,24002.05,24005.8,0
2026-07-28 07:33:00+00:00,24007.0,24007.0,24002.65,24003.75,0
2026-07-28 07:34:00+00:00,24004.95,24005.1,24000.85,24002.15,0
2026-07-28 07:35:00+00:00,24003.35,24005.45,24002.15,24004.65,0
2026-07-28 07:36:00+00:00,24005.65,24006.45,24000.5,24000.8,0
2026-07-28 07:37:00+00:00,24003.45,24005.6,24000.35,24001.6,0
2026-07-28 07:38:00+00:00,24003.2,24007.85,24002.6,24003.75,0
2026-07-28 07:39:00+00:00,24005.4,24006.65,24001.6,24005.7,0
2026-07-28 07:40:00+00:00,24006.3,24006.35,23989.95,23993.4,0
2026-07-28 07:41:00+00:00,23995.3,23995.8,23988.85,23988.85,0
2026-07-28 07:42:00+00:00,23992.4,23994.75,23989.5,23993.9,0
2026-07-28 07:43:00+00:00,23995.45,23995.5,23988.85,23989.45,0
2026-07-28 07:44:00+00:00,23991.3,23991.3,23982.9,23983.05,0
2026-07-28 07:45:00+00:00,23982.65,23984.05,23969.85,23970.6,0
2026-07-28 07:46:00+00:00,23971.05,23978.3,23968.65,23973.85,0
2026-07-28 07:47:00+00:00,23973.95,23980.1,23973.6,23980.0,0
2026-07-28 07:48:00+00:00,23980.25,23980.65,23976.8,23977.65,0
2026-07-28 07:49:00+00:00,23977.3,23978.55,23974.15,23978.55,0
2026-07-28 07:50:00+00:00,23979.35,23979.6,23974.55,23976.05,0
2026-07-28 07:51:00+00:00,23976.0,23983.45,23975.5,23983.45,0
2026-07-28 07:52:00+00:00,23983.5,23990.45,23982.15,23989.85,0
2026-07-28 07:53:00+00:00,23989.65,23991.7,23986.25,23989.8,0
2026-07-28 07:54:00+00:00,23989.65,23993.7,23988.75,23991.15,0
2026-07-28 07:55:00+00:00,23990.25,23991.1,23987.15,23988.35,0
2026-07-28 07:56:00+00:00,23988.9,23990.2,23983.15,23983.9,0
2026-07-28 07:57:00+00:00,23984.35,23987.8,23982.1,23985.3,0
2026-07-28 07:58:00+00:00,23985.35,23986.75,23983.8,23986.45,0
2026-07-28 07:59:00+00:00,23986.5,23987.85,23984.85,23984.85,0
2026-07-28 08:00:00+00:00,23984.85,23986.0,23980.5,23982.0,0
2026-07-28 08:01:00+00:00,23982.1,23985.85,23981.7,23982.95,0
2026-07-28 08:02:00+00:00,23982.8,23987.5,23981.85,23986.35,0
2026-07-28 08:03:00+00:00,23986.25,23992.5,23986.25,23990.05,0
2026-07-28 08:04:00+00:00,23989.65,23991.25,23986.45,23987.05,0
2026-07-28 08:05:00+00:00,23986.65,23993.1,23985.5,23988.3,0
2026-07-28 08:06:00+00:00,23988.3,23992.25,23988.05,23989.45,0
2026-07-28 08:07:00+00:00,23988.75,23990.0,23983.4,23985.35,0
2026-07-28 08:08:00+00:00,23985.65,23989.55,23983.8,23984.9,0
2026-07-28 08:09:00+00:00,23984.65,23986.7,23982.1,23985.0,0
2026-07-28 08:10:00+00:00,23985.2,23986.8,23980.8,23982.35,0
2026-07-28 08:11:00+00:00,23982.3,23984.05,23978.65,23978.65,0
2026-07-28 08:12:00+00:00,23978.35,23981.85,23977.4,23979.2,0
2026-07-28 08:13:00+00:00,23979.95,23984.35,23978.05,23981.4,0
2026-07-28 08:14:00+00:00,23981.95,23985.6,23980.2,23983.35,0
2026-07-28 08:15:00+00:00,23983.3,23983.55,23980.35,23982.15,0
2026-07-28 08:16:00+00:00,23982.5,23984.25,23980.85,23982.95,0
2026-07-28 08:17:00+00:00,23983.55,23984.2,23980.9,23982.55,0
2026-07-28 08:18:00+00:00,23982.0,23983.75,23972.4,23976.9,0
2026-07-28 08:19:00+00:00,23976.45,23981.5,23974.5,23980.65,0
2026-07-28 08:20:00+00:00,23980.65,23989.8,23980.45,23989.6,0
2026-07-28 08:21:00+00:00,23989.3,24009.15,23988.85,24006.55,0
2026-07-28 08:22:00+00:00,24006.55,24007.8,24001.75,24005.55,0
2026-07-28 08:23:00+00:00,24005.35,24005.4,23998.35,24002.4,0
2026-07-28 08:24:00+00:00,24001.95,24007.05,24001.9,24006.2,0
2026-07-28 08:25:00+00:00,24006.4,24011.75,24002.6,24002.75,0
2026-07-28 08:26:00+00:00,24002.95,24005.6,24000.35,24001.7,0
2026-07-28 08:27:00+00:00,24001.4,24001.9,23999.05,23999.8,0
2026-07-28 08:28:00+00:00,23999.9,24001.15,23995.9,23996.0,0
2026-07-28 08:29:00+00:00,23995.65,24002.0,23995.45,24001.9,0
2026-07-28 08:30:00+00:00,24000.85,24002.5,23998.25,23998.25,0
2026-07-28 08:31:00+00:00,23997.9,24005.0,23997.9,24002.0,0
2026-07-28 08:32:00+00:00,24001.9,24004.6,23998.4,24000.95,0
2026-07-28 08:33:00+00:00,24000.35,24001.6,23997.0,23997.8,0
2026-07-28 08:34:00+00:00,23999.55,24004.65,23997.0,24001.4,0
2026-07-28 08:35:00+00:00,24003.55,24005.05,23999.7,24003.05,0
2026-07-28 08:36:00+00:00,24005.9,24005.9,23996.7,23999.25,0
2026-07-28 08:37:00+00:00,24000.95,24002.85,23998.5,23999.9,0
2026-07-28 08:38:00+00:00,24002.1,24003.8,23999.1,24001.05,0
2026-07-28 08:39:00+00:00,24000.5,24003.1,23997.65,23998.2,0
2026-07-28 08:40:00+00:00,23998.0,23999.85,23995.05,23995.6,0
2026-07-28 08:41:00+00:00,23995.15,23996.5,23992.15,23994.55,0
2026-07-28 08:42:00+00:00,23994.1,23997.4,23993.15,23993.25,0
2026-07-28 08:43:00+00:00,23993.6,23995.25,23989.85,23990.95,0
2026-07-28 08:44:00+00:00,23990.45,23993.85,23989.75,23993.35,0
2026-07-28 08:45:00+00:00,23993.25,24001.25,23992.55,23997.3,0
2026-07-28 08:46:00+00:00,23996.95,23999.2,23993.0,23993.0,0
2026-07-28 08:47:00+00:00,23993.4,23995.65,23990.8,23991.2,0
2026-07-28 08:48:00+00:00,23991.3,23996.1,23989.6,23992.1,0
2026-07-28 08:49:00+00:00,23991.75,23993.8,23987.2,23991.7,0
2026-07-28 08:50:00+00:00,23991.4,23996.4,23990.85,23994.25,0
2026-07-28 08:51:00+00:00,23993.65,23995.05,23989.9,23992.9,0
2026-07-28 08:52:00+00:00,23992.35,23994.0,23989.5,23990.1,0
2026-07-28 08:53:00+00:00,23989.65,23991.25,23986.45,23989.35,0
2026-07-28 08:54:00+00:00,23988.65,23990.1,23985.0,23988.3,0
2026-07-28 08:55:00+00:00,23986.2,23997.0,23986.2,23995.25,0
2026-07-28 08:56:00+00:00,23994.2,23998.4,23992.2,23995.25,0
2026-07-28 08:57:00+00:00,23994.45,23995.55,23990.35,23991.55,0
2026-07-28 08:58:00+00:00,23991.4,23994.65,23987.6,23989.3,0
2026-07-28 08:59:00+00:00,23988.8,23991.4,23986.65,23987.55,0
2026-07-28 09:00:00+00:00,23986.25,23986.7,23980.75,23983.4,0
2026-07-28 09:01:00+00:00,23982.8,23984.95,23978.7,23978.95,0
2026-07-28 09:02:00+00:00,23977.75,23979.5,23970.1,23974.55,0
2026-07-28 09:03:00+00:00,23974.0,23976.9,23972.95,23974.85,0
2026-07-28 09:04:00+00:00,23974.2,23976.35,23971.6,23973.4,0
2026-07-28 09:05:00+00:00,23972.2,23983.1,23972.2,23982.7,0
2026-07-28 09:06:00+00:00,23981.65,23987.65,23979.25,23985.15,0
2026-07-28 09:07:00+00:00,23984.35,23989.35,23983.95,23988.0,0
2026-07-28 09:08:00+00:00,23987.1,23993.75,23987.1,23989.15,0
2026-07-28 09:09:00+00:00,23988.6,23993.5,23986.75,23991.45,0
2026-07-28 09:10:00+00:00,23989.05,23997.95,23987.55,23995.3,0
2026-07-28 09:11:00+00:00,23994.7,23997.15,23992.9,23996.5,0
2026-07-28 09:12:00+00:00,23996.05,23998.5,23993.9,23995.4,0
2026-07-28 09:13:00+00:00,23994.15,23996.1,23983.5,23987.0,0
2026-07-28 09:14:00+00:00,23985.5,23996.85,23981.45,23995.35,0
2026-07-28 09:15:00+00:00,23992.9,23995.45,23982.65,23984.05,0
2026-07-28 09:16:00+00:00,23983.25,23988.6,23980.55,23986.4,0
2026-07-28 09:17:00+00:00,23984.95,23985.0,23975.35,23976.9,0
2026-07-28 09:18:00+00:00,23976.5,23981.0,23974.3,23980.25,0
2026-07-28 09:19:00+00:00,23979.55,23983.2,23974.35,23975.3,0
2026-07-28 09:20:00+00:00,23974.85,23976.45,23968.1,23970.7,0
2026-07-28 09:21:00+00:00,23969.55,23974.9,23969.55,23974.35,0
2026-07-28 09:22:00+00:00,23974.0,23984.2,23973.9,23981.6,0
2026-07-28 09:23:00+00:00,23981.2,23984.45,23978.85,23980.55,0
2026-07-28 09:24:00+00:00,23978.9,23991.1,23978.3,23987.95,0
2026-07-28 09:25:00+00:00,23986.8,23991.0,23983.85,23983.85,0
2026-07-28 09:26:00+00:00,23983.85,23985.7,23981.5,23982.35,0
2026-07-28 09:27:00+00:00,23981.65,23982.85,23978.55,23979.8,0
2026-07-28 09:28:00+00:00,23979.5,23982.25,23978.7,23980.3,0
2026-07-28 09:29:00+00:00,23978.15,23981.95,23977.15,23980.9,0
2026-07-28 09:30:00+00:00,23981.6,23985.15,23958.95,23960.95,0
2026-07-28 09:31:00+00:00,23962.75,23963.1,23954.6,23960.55,0
2026-07-28 09:32:00+00:00,23961.15,23968.35,23959.95,23962.3,0
2026-07-28 09:33:00+00:00,23961.9,23966.55,23960.05,23965.6,0
2026-07-28 09:34:00+00:00,23966.15,23966.55,23961.7,23962.9,0
2026-07-28 09:35:00+00:00,23963.4,23969.4,23962.6,23966.35,0
2026-07-28 09:36:00+00:00,23967.2,23971.35,23966.0,23968.8,0
2026-07-28 09:37:00+00:00,23969.4,23970.65,23964.55,23965.1,0
2026-07-28 09:38:00+00:00,23965.3,23968.2,23964.35,23967.85,0
2026-07-28 09:39:00+00:00,23967.45,23968.3,23965.45,23966.0,0
2026-07-28 09:40:00+00:00,23966.0,23967.8,23963.65,23964.5,0
2026-07-28 09:41:00+00:00,23964.55,23966.3,23963.15,23964.1,0
2026-07-28 09:42:00+00:00,23964.3,23965.9,23961.9,23965.3,0
2026-07-28 09:43:00+00:00,23965.55,23970.2,23965.5,23966.9,0
2026-07-28 09:44:00+00:00,23967.2,23969.8,23966.05,23969.4,0
2026-07-28 09:45:00+00:00,23969.0,23980.7,23968.7,23980.7,0
2026-07-28 09:46:00+00:00,23978.5,23981.85,23975.45,23977.8,0
2026-07-28 09:47:00+00:00,23978.1,23979.05,23971.15,23974.9,0
2026-07-28 09:48:00+00:00,23974.25,23992.05,23974.25,23992.05,0
2026-07-28 09:49:00+00:00,23991.0,24004.4,23991.0,24004.2,0
2026-07-28 09:50:00+00:00,24003.1,24007.95,23999.5,24001.9,0
2026-07-28 09:51:00+00:00,24001.05,24013.35,24000.8,24010.0,0
2026-07-28 09:52:00+00:00,24009.65,24011.2,24003.55,24009.95,0
2026-07-28 09:53:00+00:00,24010.15,24012.4,24005.75,24007.65,0
2026-07-28 09:54:00+00:00,24006.8,24007.55,23989.1,23991.75,0
2026-07-28 09:55:00+00:00,23990.55,23995.65,23986.85,23990.3,0
2026-07-28 09:56:00+00:00,23990.75,23991.25,23986.45,23987.9,0
2026-07-28 09:57:00+00:00,23988.1,23992.7,23986.05,23989.65,0
2026-07-28 09:58:00+00:00,23989.7,23993.1,23985.0,23987.05,0
2026-07-28 09:59:00+00:00,23988.1,23992.5,23976.4,23987.8,0
2026-07-29 03:45:00+00:00,24176.65,24203.2,24136.75,24166.15,0
2026-07-29 03:46:00+00:00,24166.2,24181.6,24165.5,24176.05,0
2026-07-29 03:47:00+00:00,24177.05,24194.7,24174.65,24193.65,0
2026-07-29 03:48:00+00:00,24193.2,24195.5,24182.65,24183.5,0
2026-07-29 03:49:00+00:00,24182.95,24193.85,24182.9,24187.1,0
2026-07-29 03:50:00+00:00,24187.15,24191.55,24178.6,24178.6,0
2026-07-29 03:51:00+00:00,24178.4,24189.2,24175.15,24175.15,0
2026-07-29 03:52:00+00:00,24174.6,24177.75,24166.8,24167.2,0
2026-07-29 03:53:00+00:00,24165.5,24172.75,24162.0,24168.9,0
2026-07-29 03:54:00+00:00,24170.35,24177.35,24169.1,24177.35,0
2026-07-29 03:55:00+00:00,24177.85,24182.2,24174.7,24174.75,0
2026-07-29 03:56:00+00:00,24174.2,24179.95,24170.9,24179.95,0
2026-07-29 03:57:00+00:00,24179.8,24196.2,24179.8,24189.6,0
2026-07-29 03:58:00+00:00,24188.5,24192.0,24183.95,24186.55,0
2026-07-29 03:59:00+00:00,24187.15,24188.15,24176.7,24178.5,0
2026-07-29 04:00:00+00:00,24175.6,24187.65,24175.6,24182.5,0
2026-07-29 04:01:00+00:00,24181.55,24187.45,24177.45,24180.3,0
2026-07-29 04:02:00+00:00,24180.5,24188.85,24179.55,24187.2,0
2026-07-29 04:03:00+00:00,24187.05,24193.45,24184.8,24190.45,0
2026-07-29 04:04:00+00:00,24189.45,24191.8,24181.8,24187.95,0
2026-07-29 04:05:00+00:00,24188.15,24194.55,24187.4,24192.1,0
2026-07-29 04:06:00+00:00,24192.95,24195.5,24186.95,24187.3,0
2026-07-29 04:07:00+00:00,24187.15,24198.05,24185.95,24194.3,0
2026-07-29 04:08:00+00:00,24194.55,24200.95,24192.15,24196.0,0
2026-07-29 04:09:00+00:00,24196.2,24210.95,24195.15,24208.3,0
2026-07-29 04:10:00+00:00,24208.5,24217.85,24208.5,24215.3,0
2026-07-29 04:11:00+00:00,24215.95,24217.9,24203.75,24204.9,0
2026-07-29 04:12:00+00:00,24204.75,24206.0,24199.05,24202.9,0
2026-07-29 04:13:00+00:00,24203.35,24207.8,24203.35,24204.6,0
2026-07-29 04:14:00+00:00,24204.7,24214.95,24204.7,24212.2,0
2026-07-29 04:15:00+00:00,24211.85,24213.35,24205.65,24207.65,0
2026-07-29 04:16:00+00:00,24206.85,24209.4,24204.0,24208.1,0
2026-07-29 04:17:00+00:00,24208.7,24213.6,24207.4,24212.65,0
2026-07-29 04:18:00+00:00,24212.05,24214.25,24208.25,24210.3,0
2026-07-29 04:19:00+00:00,24211.25,24218.4,24208.85,24218.0,0
2026-07-29 04:20:00+00:00,24217.95,24221.7,24209.25,24210.05,0
2026-07-29 04:21:00+00:00,24209.85,24211.2,24203.25,24204.0,0
2026-07-29 04:22:00+00:00,24201.5,24204.8,24198.75,24202.75,0
2026-07-29 04:23:00+00:00,24201.1,24207.2,24197.2,24206.2,0
2026-07-29 04:24:00+00:00,24206.5,24210.0,24200.45,24204.95,0
2026-07-29 04:25:00+00:00,24205.55,24209.15,24201.0,24201.0,0
2026-07-29 04:26:00+00:00,24201.35,24203.05,24199.5,24201.8,0
2026-07-29 04:27:00+00:00,24201.95,24203.9,24194.5,24194.5,0
2026-07-29 04:28:00+00:00,24195.3,24197.0,24190.7,24191.8,0
2026-07-29 04:29:00+00:00,24192.0,24193.05,24184.95,24187.65,0
2026-07-29 04:30:00+00:00,24186.3,24198.5,24186.3,24197.95,0
2026-07-29 04:31:00+00:00,24198.1,24201.9,24198.1,24201.0,0
2026-07-29 04:32:00+00:00,24200.95,24203.15,24195.2,24199.0,0
2026-07-29 04:33:00+00:00,24198.15,24204.5,24197.75,24202.35,0
2026-07-29 04:34:00+00:00,24202.7,24207.0,24202.7,24204.65,0
2026-07-29 04:35:00+00:00,24204.4,24210.75,24203.9,24208.8,0
2026-07-29 04:36:00+00:00,24208.4,24215.3,24208.4,24212.25,0
2026-07-29 04:37:00+00:00,24212.15,24220.45,24212.15,24217.85,0
2026-07-29 04:38:00+00:00,24218.3,24223.85,24218.3,24221.65,0
2026-07-29 04:39:00+00:00,24222.05,24224.25,24219.0,24220.6,0
2026-07-29 04:40:00+00:00,24219.65,24223.55,24216.95,24218.45,0
2026-07-29 04:41:00+00:00,24218.35,24220.15,24213.1,24217.0,0
2026-07-29 04:42:00+00:00,24216.7,24223.75,24216.35,24220.0,0
2026-07-29 04:43:00+00:00,24220.0,24221.3,24215.6,24218.85,0
2026-07-29 04:44:00+00:00,24218.5,24222.25,24216.8,24221.3,0
2026-07-29 04:45:00+00:00,24220.9,24222.75,24214.0,24217.35,0
2026-07-29 04:46:00+00:00,24218.25,24228.4,24218.25,24226.5,0
2026-07-29 04:47:00+00:00,24226.45,24229.4,24225.25,24225.8,0
2026-07-29 04:48:00+00:00,24226.55,24228.4,24222.75,24225.75,0
2026-07-29 04:49:00+00:00,24225.95,24227.8,24220.05,24220.05,0
2026-07-29 04:50:00+00:00,24219.55,24226.15,24219.55,24225.6,0
2026-07-29 04:51:00+00:00,24225.25,24229.9,24224.75,24229.7,0
2026-07-29 04:52:00+00:00,24229.55,24233.0,24226.95,24227.85,0
2026-07-29 04:53:00+00:00,24228.2,24231.95,24225.8,24226.55,0
2026-07-29 04:54:00+00:00,24226.95,24230.75,24223.25,24228.9,0
2026-07-29 04:55:00+00:00,24231.3,24232.5,24228.65,24230.75,0
2026-07-29 04:56:00+00:00,24230.3,24233.3,24229.4,24232.3,0
2026-07-29 04:57:00+00:00,24232.0,24235.5,24231.1,24233.7,0
2026-07-29 04:58:00+00:00,24233.15,24234.75,24230.3,24232.8,0
2026-07-29 04:59:00+00:00,24231.45,24234.25,24224.8,24225.3,0
2026-07-29 05:00:00+00:00,24224.75,24231.1,24222.8,24222.8,0
2026-07-29 05:01:00+00:00,24223.0,24227.5,24222.3,24226.0,0
2026-07-29 05:02:00+00:00,24225.75,24227.45,24221.75,24225.6,0
2026-07-29 05:03:00+00:00,24225.35,24232.6,24224.45,24228.55,0
2026-07-29 05:04:00+00:00,24228.2,24236.6,24228.2,24234.2,0
2026-07-29 05:05:00+00:00,24234.15,24237.2,24229.3,24232.0,0
2026-07-29 05:06:00+00:00,24231.95,24238.45,24231.95,24235.35,0
2026-07-29 05:07:00+00:00,24234.7,24237.6,24230.7,24231.65,0
2026-07-29 05:08:00+00:00,24232.1,24235.2,24231.1,24232.55,0
2026-07-29 05:09:00+00:00,24232.95,24234.25,24230.95,24231.15,0
2026-07-29 05:10:00+00:00,24230.7,24237.3,24230.7,24237.05,0
2026-07-29 05:11:00+00:00,24236.45,24238.35,24234.6,24236.05,0
2026-07-29 05:12:00+00:00,24235.85,24238.2,24232.9,24234.25,0
2026-07-29 05:13:00+00:00,24235.1,24236.65,24230.2,24232.4,0
2026-07-29 05:14:00+00:00,24232.85,24235.75,24231.0,24233.8,0
2026-07-29 05:15:00+00:00,24233.7,24234.05,24224.95,24226.55,0
2026-07-29 05:16:00+00:00,24226.3,24231.8,24225.05,24227.45,0
2026-07-29 05:17:00+00:00,24226.7,24228.85,24219.5,24220.2,0
2026-07-29 05:18:00+00:00,24220.4,24221.45,24213.4,24216.45,0
2026-07-29 05:19:00+00:00,24216.15,24220.45,24215.35,24219.0,0
2026-07-29 05:20:00+00:00,24219.5,24221.6,24217.75,24220.2,0
2026-07-29 05:21:00+00:00,24220.1,24221.85,24218.15,24219.55,0
2026-07-29 05:22:00+00:00,24219.45,24221.4,24214.3,24216.8,0
2026-07-29 05:23:00+00:00,24216.7,24217.9,24214.25,24216.6,0
2026-07-29 05:24:00+00:00,24216.3,24219.4,24215.45,24218.15,0
2026-07-29 05:25:00+00:00,24218.4,24225.35,24218.3,24223.0,0
2026-07-29 05:26:00+00:00,24222.85,24225.7,24220.5,24223.9,0
2026-07-29 05:27:00+00:00,24224.95,24226.3,24218.7,24220.35,0
2026-07-29 05:28:00+00:00,24220.3,24223.5,24219.1,24221.8,0
2026-07-29 05:29:00+00:00,24222.05,24223.9,24219.55,24220.65,0
2026-07-29 05:30:00+00:00,24221.2,24223.5,24215.25,24216.55,0
2026-07-29 05:31:00+00:00,24217.6,24224.95,24217.6,24224.7,0
2026-07-29 05:32:00+00:00,24224.4,24228.7,24224.25,24225.05,0
2026-07-29 05:33:00+00:00,24225.45,24231.25,24225.1,24229.6,0
2026-07-29 05:34:00+00:00,24229.95,24234.1,24229.55,24232.4,0
2026-07-29 05:35:00+00:00,24232.35,24235.65,24230.85,24232.05,0
2026-07-29 05:36:00+00:00,24232.65,24239.25,24232.55,24235.65,0
2026-07-29 05:37:00+00:00,24236.45,24243.45,24235.85,24239.7,0
2026-07-29 05:38:00+00:00,24239.15,24244.55,24238.1,24241.25,0
2026-07-29 05:39:00+00:00,24241.65,24243.35,24237.7,24238.65,0
2026-07-29 05:40:00+00:00,24238.75,24241.6,24232.1,24232.75,0
2026-07-29 05:41:00+00:00,24232.85,24235.05,24229.2,24233.3,0
2026-07-29 05:42:00+00:00,24234.0,24236.8,24232.55,24234.55,0
2026-07-29 05:43:00+00:00,24234.95,24239.15,24234.95,24237.9,0
2026-07-29 05:44:00+00:00,24237.45,24239.4,24232.35,24233.7,0
2026-07-29 05:45:00+00:00,24233.3,24235.2,24228.05,24229.05,0
2026-07-29 05:46:00+00:00,24229.05,24231.0,24225.4,24226.85,0
2026-07-29 05:47:00+00:00,24226.3,24228.3,24224.25,24224.75,0
2026-07-29 05:48:00+00:00,24224.55,24232.75,24223.35,24229.1,0
2026-07-29 05:49:00+00:00,24229.55,24234.4,24226.5,24230.35,0
2026-07-29 05:50:00+00:00,24230.2,24234.3,24228.1,24231.35,0
2026-07-29 05:51:00+00:00,24231.25,24235.6,24229.95,24231.7,0
2026-07-29 05:52:00+00:00,24231.55,24235.3,24229.2,24230.8,0
2026-07-29 05:53:00+00:00,24231.2,24238.7,24230.35,24236.6,0
2026-07-29 05:54:00+00:00,24237.1,24241.35,24236.25,24237.25,0
2026-07-29 05:55:00+00:00,24237.05,24239.0,24233.55,24234.05,0
2026-07-29 05:56:00+00:00,24235.05,24241.1,24234.35,24235.95,0
2026-07-29 05:57:00+00:00,24236.65,24239.55,24234.6,24235.85,0
2026-07-29 05:58:00+00:00,24236.0,24238.2,24232.9,24234.05,0
2026-07-29 05:59:00+00:00,24234.7,24238.05,24232.4,24232.4,0
2026-07-29 06:00:00+00:00,24232.15,24235.7,24230.65,24232.6,0
2026-07-29 06:01:00+00:00,24232.35,24236.8,24229.8,24230.85,0
2026-07-29 06:02:00+00:00,24231.15,24237.1,24231.15,24233.5,0
2026-07-29 06:03:00+00:00,24234.85,24236.95,24229.8,24229.8,0
2026-07-29 06:04:00+00:00,24230.35,24232.75,24228.45,24229.3,0
2026-07-29 06:05:00+00:00,24229.8,24231.1,24223.1,24224.0,0
2026-07-29 06:06:00+00:00,24224.7,24227.25,24218.75,24224.65,0
2026-07-29 06:07:00+00:00,24225.55,24227.05,24222.4,24226.15,0
2026-07-29 06:08:00+00:00,24225.4,24228.3,24223.85,24224.65,0
2026-07-29 06:09:00+00:00,24225.9,24227.0,24220.15,24221.35,0
2026-07-29 06:10:00+00:00,24221.85,24226.85,24221.55,24222.65,0
2026-07-29 06:11:00+00:00,24222.65,24226.5,24221.3,24223.65,0
2026-07-29 06:12:00+00:00,24224.6,24229.1,24224.2,24226.25,0
2026-07-29 06:13:00+00:00,24226.25,24233.75,24225.45,24230.65,0
2026-07-29 06:14:00+00:00,24231.5,24235.2,24229.25,24232.25,0
2026-07-29 06:15:00+00:00,24232.5,24234.9,24231.25,24232.05,0
2026-07-29 06:16:00+00:00,24232.1,24236.35,24227.9,24228.25,0
2026-07-29 06:17:00+00:00,24228.8,24236.05,24227.8,24233.95,0
2026-07-29 06:18:00+00:00,24233.5,24237.15,24232.5,24234.55,0
2026-07-29 06:19:00+00:00,24234.95,24240.35,24231.55,24231.8,0
2026-07-29 06:20:00+00:00,24231.9,24234.2,24228.75,24230.15,0
2026-07-29 06:21:00+00:00,24230.2,24232.25,24226.9,24226.9,0
2026-07-29 06:22:00+00:00,24227.3,24231.45,24226.7,24226.95,0
2026-07-29 06:23:00+00:00,24227.85,24230.2,24223.9,24228.0,0
2026-07-29 06:24:00+00:00,24227.55,24232.25,24227.4,24228.95,0
2026-07-29 06:25:00+00:00,24229.2,24231.1,24221.65,24223.25,0
2026-07-29 06:26:00+00:00,24224.15,24226.85,24221.35,24222.75,0
2026-07-29 06:27:00+00:00,24222.5,24226.45,24220.95,24221.5,0
2026-07-29 06:28:00+00:00,24222.25,24226.75,24219.8,24224.05,0
2026-07-29 06:29:00+00:00,24225.35,24229.5,24224.0,24225.65,0
2026-07-29 06:30:00+00:00,24225.85,24229.25,24224.85,24225.75,0
2026-07-29 06:31:00+00:00,24226.2,24227.85,24223.25,24223.4,0
2026-07-29 06:32:00+00:00,24223.5,24230.75,24223.5,24230.0,0
2026-07-29 06:33:00+00:00,24229.4,24232.45,24228.15,24229.75,0
2026-07-29 06:34:00+00:00,24230.7,24231.75,24228.7,24230.2,0
2026-07-29 06:35:00+00:00,24230.35,24234.05,24229.45,24230.9,0
2026-07-29 06:36:00+00:00,24230.8,24234.15,24229.55,24232.2,0
2026-07-29 06:37:00+00:00,24232.1,24234.0,24229.65,24230.6,0
2026-07-29 06:38:00+00:00,24230.6,24238.35,24230.6,24238.35,0
2026-07-29 06:39:00+00:00,24237.9,24247.8,24237.05,24244.7,0
2026-07-29 06:40:00+00:00,24244.05,24246.15,24239.05,24240.45,0
2026-07-29 06:41:00+00:00,24240.45,24243.85,24240.45,24241.35,0
2026-07-29 06:42:00+00:00,24241.65,24242.55,24236.2,24239.15,0
2026-07-29 06:43:00+00:00,24238.75,24241.7,24238.55,24240.1,0
2026-07-29 06:44:00+00:00,24240.2,24241.5,24238.2,24238.45,0
2026-07-29 06:45:00+00:00,24238.8,24240.4,24231.4,24232.45,0
2026-07-29 06:46:00+00:00,24232.5,24235.2,24230.05,24230.9,0
2026-07-29 06:47:00+00:00,24230.9,24233.05,24227.15,24228.2,0
2026-07-29 06:48:00+00:00,24228.0,24232.0,24227.0,24230.3,0
2026-07-29 06:49:00+00:00,24230.35,24232.15,24227.1,24228.25,0
2026-07-29 06:50:00+00:00,24229.05,24233.45,24228.15,24232.2,0
2026-07-29 06:51:00+00:00,24232.05,24234.55,24226.95,24231.75,0
2026-07-29 06:52:00+00:00,24231.4,24232.7,24225.4,24228.7,0
2026-07-29 06:53:00+00:00,24229.0,24231.05,24227.8,24229.15,0
2026-07-29 06:54:00+00:00,24228.7,24230.75,24226.7,24227.4,0
2026-07-29 06:55:00+00:00,24228.05,24229.55,24224.9,24225.75,0
2026-07-29 06:56:00+00:00,24225.5,24227.95,24224.75,24225.6,0
2026-07-29 06:57:00+00:00,24225.5,24227.45,24222.6,24223.7,0
2026-07-29 06:58:00+00:00,24223.65,24226.95,24222.7,24223.9,0
2026-07-29 06:59:00+00:00,24223.2,24225.45,24219.7,24221.5,0
2026-07-29 07:00:00+00:00,24222.1,24228.55,24222.1,24224.4,0
2026-07-29 07:01:00+00:00,24225.0,24226.65,24221.05,24223.1,0
2026-07-29 07:02:00+00:00,24223.45,24226.1,24221.65,24223.85,0
2026-07-29 07:03:00+00:00,24223.35,24227.55,24222.85,24226.4,0
2026-07-29 07:04:00+00:00,24225.75,24233.0,24225.3,24231.3,0
2026-07-29 07:05:00+00:00,24232.05,24234.95,24226.5,24227.95,0
2026-07-29 07:06:00+00:00,24228.15,24231.5,24226.45,24229.85,0
2026-07-29 07:07:00+00:00,24229.35,24231.5,24227.95,24229.7,0
2026-07-29 07:08:00+00:00,24230.15,24231.75,24227.3,24228.8,0
2026-07-29 07:09:00+00:00,24229.25,24231.15,24225.65,24228.05,0
2026-07-29 07:10:00+00:00,24228.05,24232.0,24225.2,24227.8,0
2026-07-29 07:11:00+00:00,24228.3,24232.45,24227.6,24227.7,0
2026-07-29 07:12:00+00:00,24228.1,24230.45,24225.6,24228.5,0
2026-07-29 07:13:00+00:00,24229.15,24229.65,24220.9,24222.35,0
2026-07-29 07:14:00+00:00,24222.25,24224.85,24218.9,24220.8,0
2026-07-29 07:15:00+00:00,24221.45,24224.7,24218.85,24219.6,0
2026-07-29 07:16:00+00:00,24220.5,24224.1,24219.75,24220.55,0
2026-07-29 07:17:00+00:00,24220.8,24224.95,24220.15,24223.1,0
2026-07-29 07:18:00+00:00,24223.8,24225.15,24217.0,24218.65,0
2026-07-29 07:19:00+00:00,24218.75,24219.75,24210.6,24210.65,0
2026-07-29 07:20:00+00:00,24211.05,24217.85,24209.95,24216.85,0
2026-07-29 07:21:00+00:00,24216.45,24218.35,24210.85,24213.5,0
2026-07-29 07:22:00+00:00,24214.15,24222.6,24214.15,24221.25,0
2026-07-29 07:23:00+00:00,24221.75,24226.7,24219.65,24224.7,0
2026-07-29 07:24:00+00:00,24224.6,24229.15,24223.75,24227.1,0
2026-07-29 07:25:00+00:00,24227.4,24228.8,24224.25,24227.1,0
2026-07-29 07:26:00+00:00,24227.9,24229.95,24222.15,24226.3,0
2026-07-29 07:27:00+00:00,24227.0,24230.45,24225.5,24229.15,0
2026-07-29 07:28:00+00:00,24229.95,24231.45,24226.3,24227.05,0
2026-07-29 07:29:00+00:00,24226.8,24230.45,24226.05,24228.75,0
2026-07-29 07:30:00+00:00,24228.85,24232.6,24228.65,24230.4,0
2026-07-29 07:31:00+00:00,24229.9,24238.25,24229.9,24236.15,0
2026-07-29 07:32:00+00:00,24237.0,24237.9,24232.95,24236.3,0
2026-07-29 07:33:00+00:00,24235.75,24239.15,24234.75,24238.5,0
2026-07-29 07:34:00+00:00,24238.4,24240.85,24235.2,24235.9,0
2026-07-29 07:35:00+00:00,24236.3,24243.5,24236.3,24239.8,0
2026-07-29 07:36:00+00:00,24239.45,24245.7,24238.7,24243.65,0
2026-07-29 07:37:00+00:00,24243.8,24255.45,24243.8,24246.9,0
2026-07-29 07:38:00+00:00,24247.4,24252.3,24243.75,24251.25,0
2026-07-29 07:39:00+00:00,24251.5,24254.5,24247.9,24252.25,0
2026-07-29 07:40:00+00:00,24253.05,24257.95,24253.05,24255.45,0
2026-07-29 07:41:00+00:00,24255.75,24259.7,24253.95,24255.35,0
2026-07-29 07:42:00+00:00,24256.4,24258.95,24253.45,24255.25,0
2026-07-29 07:43:00+00:00,24255.25,24257.8,24252.65,24254.95,0
2026-07-29 07:44:00+00:00,24254.8,24261.45,24253.85,24257.55,0
2026-07-29 07:45:00+00:00,24257.4,24259.9,24254.55,24257.15,0
2026-07-29 07:46:00+00:00,24258.3,24259.5,24248.5,24250.05,0
2026-07-29 07:47:00+00:00,24250.9,24254.2,24248.8,24252.75,0
2026-07-29 07:48:00+00:00,24252.55,24253.85,24248.5,24251.5,0
2026-07-29 07:49:00+00:00,24251.6,24256.55,24250.9,24254.55,0
2026-07-29 07:50:00+00:00,24254.25,24255.15,24250.8,24253.0,0
2026-07-29 07:51:00+00:00,24252.35,24254.55,24249.65,24249.65,0
2026-07-29 07:52:00+00:00,24250.0,24251.95,24248.4,24249.1,0
2026-07-29 07:53:00+00:00,24249.1,24253.95,24248.7,24250.15,0
2026-07-29 07:54:00+00:00,24250.55,24252.0,24245.8,24246.5,0
2026-07-29 07:55:00+00:00,24247.05,24249.9,24244.55,24249.5,0
2026-07-29 07:56:00+00:00,24249.25,24253.1,24248.05,24250.9,0
2026-07-29 07:57:00+00:00,24250.65,24251.85,24248.45,24249.95,0
2026-07-29 07:58:00+00:00,24249.9,24254.2,24246.2,24249.05,0
2026-07-29 07:59:00+00:00,24248.9,24250.4,24245.6,24245.8,0
2026-07-29 08:00:00+00:00,24245.75,24249.4,24245.0,24247.1,0
2026-07-29 08:01:00+00:00,24247.1,24253.7,24246.8,24250.45,0
2026-07-29 08:02:00+00:00,24250.4,24252.25,24249.15,24251.4,0
2026-07-29 08:03:00+00:00,24251.7,24252.75,24248.55,24250.7,0
2026-07-29 08:04:00+00:00,24250.6,24256.7,24249.35,24255.0,0
2026-07-29 08:05:00+00:00,24255.1,24256.85,24248.3,24249.55,0
2026-07-29 08:06:00+00:00,24249.3,24252.65,24248.55,24250.95,0
2026-07-29 08:07:00+00:00,24251.05,24252.95,24249.0,24249.0,0
2026-07-29 08:08:00+00:00,24250.3,24252.6,24246.35,24248.5,0
2026-07-29 08:09:00+00:00,24248.65,24249.25,24243.35,24245.15,0
2026-07-29 08:10:00+00:00,24245.45,24246.3,24241.75,24244.55,0
2026-07-29 08:11:00+00:00,24244.2,24251.7,24244.2,24248.65,0
2026-07-29 08:12:00+00:00,24249.15,24251.1,24239.2,24240.1,0
2026-07-29 08:13:00+00:00,24239.85,24242.05,24236.0,24240.65,0
2026-07-29 08:14:00+00:00,24240.35,24244.0,24236.55,24238.4,0
2026-07-29 08:15:00+00:00,24236.2,24242.35,24235.65,24241.45,0
2026-07-29 08:16:00+00:00,24241.55,24251.35,24241.55,24250.75,0
2026-07-29 08:17:00+00:00,24250.85,24253.3,24249.8,24252.2,0
2026-07-29 08:18:00+00:00,24251.8,24257.5,24251.8,24254.0,0
2026-07-29 08:19:00+00:00,24253.85,24254.6,24246.1,24246.2,0
2026-07-29 08:20:00+00:00,24245.85,24250.6,24245.85,24249.6,0
2026-07-29 08:21:00+00:00,24250.4,24251.9,24246.6,24247.75,0
2026-07-29 08:22:00+00:00,24247.05,24251.05,24245.35,24248.95,0
2026-07-29 08:23:00+00:00,24249.65,24259.25,24248.4,24258.65,0
2026-07-29 08:24:00+00:00,24257.95,24259.95,24254.0,24258.25,0
2026-07-29 08:25:00+00:00,24257.9,24259.25,24255.55,24258.15,0
2026-07-29 08:26:00+00:00,24257.75,24259.1,24251.95,24255.65,0
2026-07-29 08:27:00+00:00,24256.0,24257.1,24251.75,24252.75,0
2026-07-29 08:28:00+00:00,24253.25,24255.75,24251.05,24251.85,0
2026-07-29 08:29:00+00:00,24252.1,24253.45,24249.65,24250.5,0
2026-07-29 08:30:00+00:00,24249.75,24255.55,24249.75,24255.25,0
2026-07-29 08:31:00+00:00,24256.2,24266.65,24255.95,24265.05,0
2026-07-29 08:32:00+00:00,24264.7,24267.6,24260.7,24265.75,0
2026-07-29 08:33:00+00:00,24265.6,24269.65,24262.0,24267.75,0
2026-07-29 08:34:00+00:00,24268.5,24271.4,24266.4,24267.1,0
2026-07-29 08:35:00+00:00,24269.15,24271.1,24266.75,24270.0,0
2026-07-29 08:36:00+00:00,24269.9,24272.1,24266.45,24268.1,0
2026-07-29 08:37:00+00:00,24267.95,24270.7,24258.1,24260.5,0
2026-07-29 08:38:00+00:00,24260.35,24263.55,24260.35,24263.55,0
2026-07-29 08:39:00+00:00,24263.05,24265.4,24261.45,24263.85,0
2026-07-29 08:40:00+00:00,24263.6,24268.15,24263.05,24266.6,0
2026-07-29 08:41:00+00:00,24266.4,24272.15,24265.9,24270.05,0
2026-07-29 08:42:00+00:00,24269.75,24271.1,24266.45,24268.5,0
2026-07-29 08:43:00+00:00,24268.15,24269.1,24261.15,24264.6,0
2026-07-29 08:44:00+00:00,24264.2,24265.95,24262.3,24263.8,0
2026-07-29 08:45:00+00:00,24263.8,24271.0,24263.3,24269.8,0
2026-07-29 08:46:00+00:00,24269.95,24273.55,24267.05,24270.25,0
2026-07-29 08:47:00+00:00,24270.7,24273.7,24268.8,24272.15,0
2026-07-29 08:48:00+00:00,24272.5,24276.2,24271.6,24275.05,0
2026-07-29 08:49:00+00:00,24275.45,24277.75,24271.7,24274.1,0
2026-07-29 08:50:00+00:00,24274.2,24275.75,24271.8,24272.95,0
2026-07-29 08:51:00+00:00,24272.55,24275.5,24271.1,24272.8,0
2026-07-29 08:52:00+00:00,24272.55,24277.45,24271.8,24276.15,0
2026-07-29 08:53:00+00:00,24276.25,24278.7,24267.35,24268.85,0
2026-07-29 08:54:00+00:00,24268.6,24271.15,24266.3,24270.05,0
2026-07-29 08:55:00+00:00,24269.95,24271.95,24267.4,24269.5,0
2026-07-29 08:56:00+00:00,24269.55,24272.05,24266.05,24268.0,0
2026-07-29 08:57:00+00:00,24268.15,24270.45,24263.4,24267.85,0
2026-07-29 08:58:00+00:00,24267.75,24274.75,24265.6,24272.5,0
2026-07-29 08:59:00+00:00,24272.35,24273.3,24269.05,24272.65,0
2026-07-29 09:00:00+00:00,24272.1,24278.9,24272.1,24277.0,0
2026-07-29 09:01:00+00:00,24276.55,24279.0,24274.8,24275.0,0
2026-07-29 09:02:00+00:00,24275.3,24276.4,24270.8,24270.9,0
2026-07-29 09:03:00+00:00,24270.85,24275.55,24267.1,24274.5,0
2026-07-29 09:04:00+00:00,24273.05,24275.0,24268.45,24270.15,0
2026-07-29 09:05:00+00:00,24270.15,24271.5,24265.15,24267.15,0
2026-07-29 09:06:00+00:00,24266.8,24269.55,24262.55,24265.0,0
2026-07-29 09:07:00+00:00,24265.3,24265.95,24260.05,24263.1,0
2026-07-29 09:08:00+00:00,24263.75,24264.6,24259.55,24260.7,0
2026-07-29 09:09:00+00:00,24261.55,24265.35,24259.8,24263.35,0
2026-07-29 09:10:00+00:00,24263.6,24266.1,24260.8,24262.85,0
2026-07-29 09:11:00+00:00,24263.05,24264.25,24260.35,24260.95,0
2026-07-29 09:12:00+00:00,24260.7,24264.55,24257.9,24258.45,0
2026-07-29 09:13:00+00:00,24257.9,24259.85,24253.65,24254.9,0
2026-07-29 09:14:00+00:00,24255.5,24261.25,24251.45,24259.6,0
2026-07-29 09:15:00+00:00,24259.65,24265.25,24259.65,24263.8,0
2026-07-29 09:16:00+00:00,24264.1,24268.9,24262.15,24268.9,0
2026-07-29 09:17:00+00:00,24267.5,24273.7,24266.0,24271.7,0
2026-07-29 09:18:00+00:00,24271.25,24277.25,24271.25,24273.8,0
2026-07-29 09:19:00+00:00,24274.05,24274.3,24265.85,24267.2,0
2026-07-29 09:20:00+00:00,24267.05,24268.4,24262.25,24265.0,0
2026-07-29 09:21:00+00:00,24266.85,24271.95,24264.6,24270.6,0
2026-07-29 09:22:00+00:00,24270.2,24272.4,24269.8,24270.9,0
2026-07-29 09:23:00+00:00,24270.35,24272.85,24269.75,24272.3,0
2026-07-29 09:24:00+00:00,24271.7,24274.0,24270.0,24273.3,0
2026-07-29 09:25:00+00:00,24272.75,24278.45,24271.85,24277.65,0
2026-07-29 09:26:00+00:00,24277.05,24280.45,24275.85,24277.85,0
2026-07-29 09:27:00+00:00,24277.75,24283.55,24277.45,24281.15,0
2026-07-29 09:28:00+00:00,24281.25,24282.45,24272.55,24275.3,0
2026-07-29 09:29:00+00:00,24274.55,24275.9,24271.45,24272.5,0
2026-07-29 09:30:00+00:00,24274.4,24278.55,24267.95,24269.25,0
2026-07-29 09:31:00+00:00,24270.45,24271.7,24267.05,24269.0,0
2026-07-29 09:32:00+00:00,24269.6,24270.55,24266.65,24269.45,0
2026-07-29 09:33:00+00:00,24271.1,24271.45,24265.6,24266.6,0
2026-07-29 09:34:00+00:00,24267.1,24267.2,24260.9,24262.5,0
2026-07-29 09:35:00+00:00,24263.05,24263.05,24257.05,24257.8,0
2026-07-29 09:36:00+00:00,24258.6,24258.7,24253.45,24253.9,0
2026-07-29 09:37:00+00:00,24254.65,24255.75,24251.6,24253.7,0
2026-07-29 09:38:00+00:00,24254.1,24259.75,24251.95,24259.75,0
2026-07-29 09:39:00+00:00,24260.05,24261.5,24257.3,24258.95,0
2026-07-29 09:40:00+00:00,24259.4,24260.45,24255.75,24257.05,0
2026-07-29 09:41:00+00:00,24257.45,24260.85,24255.3,24259.05,0
2026-07-29 09:42:00+00:00,24259.45,24261.9,24254.85,24255.65,0
2026-07-29 09:43:00+00:00,24256.85,24259.45,24254.0,24255.2,0
2026-07-29 09:44:00+00:00,24255.4,24256.2,24249.7,24252.0,0
2026-07-29 09:45:00+00:00,24251.45,24251.9,24247.1,24249.0,0
2026-07-29 09:46:00+00:00,24249.05,24250.65,24246.4,24249.1,0
2026-07-29 09:47:00+00:00,24249.35,24250.15,24242.85,24246.1,0
2026-07-29 09:48:00+00:00,24246.55,24246.85,24239.2,24240.7,0
2026-07-29 09:49:00+00:00,24241.55,24242.65,24238.75,24241.75,0
2026-07-29 09:50:00+00:00,24243.55,24244.6,24238.8,24244.6,0
2026-07-29 09:51:00+00:00,24244.4,24246.4,24241.45,24245.85,0
2026-07-29 09:52:00+00:00,24246.9,24247.1,24239.0,24241.95,0
2026-07-29 09:53:00+00:00,24243.1,24244.75,24239.2,24241.05,0
2026-07-29 09:54:00+00:00,24242.05,24242.5,24234.75,24238.05,0
2026-07-29 09:55:00+00:00,24238.2,24241.35,24231.05,24237.15,0
2026-07-29 09:56:00+00:00,24236.85,24241.2,24235.8,24238.55,0
2026-07-29 09:57:00+00:00,24239.75,24240.3,24233.2,24238.75,0
2026-07-29 09:58:00+00:00,24240.85,24245.8,24237.1,24242.65,0
2026-07-29 09:59:00+00:00,24239.2,24244.95,24235.55,24242.0,0
2026-07-30 03:45:00+00:00,24249.55,24251.7,24187.1,24233.2,0
2026-07-30 03:46:00+00:00,24235.55,24235.7,24209.85,24221.3,0
2026-07-30 03:47:00+00:00,24222.15,24249.15,24219.8,24245.2,0
2026-07-30 03:48:00+00:00,24244.95,24265.0,24243.85,24262.5,0
2026-07-30 03:49:00+00:00,24264.4,24266.95,24255.9,24266.55,0
2026-07-30 03:50:00+00:00,24266.45,24272.1,24255.35,24271.85,0
2026-07-30 03:51:00+00:00,24271.15,24273.45,24263.7,24269.35,0
2026-07-30 03:52:00+00:00,24269.2,24271.9,24264.5,24270.6,0
2026-07-30 03:53:00+00:00,24271.15,24276.95,24269.5,24272.05,0
2026-07-30 03:54:00+00:00,24272.2,24278.45,24269.7,24273.0,0
2026-07-30 03:55:00+00:00,24273.05,24274.7,24268.55,24272.4,0
2026-07-30 03:56:00+00:00,24273.85,24280.5,24272.65,24277.1,0
2026-07-30 03:57:00+00:00,24277.15,24279.1,24272.25,24273.25,0
2026-07-30 03:58:00+00:00,24273.45,24278.45,24270.9,24274.35,0
2026-07-30 03:59:00+00:00,24275.85,24278.5,24273.1,24276.95,0
2026-07-30 04:00:00+00:00,24274.5,24280.2,24269.4,24272.35,0
2026-07-30 04:01:00+00:00,24272.8,24281.85,24271.5,24280.4,0
2026-07-30 04:02:00+00:00,24281.3,24287.25,24280.45,24282.8,0
2026-07-30 04:03:00+00:00,24283.55,24284.55,24268.75,24269.7,0
2026-07-30 04:04:00+00:00,24269.7,24277.35,24267.55,24274.4,0
2026-07-30 04:05:00+00:00,24275.0,24278.65,24269.05,24271.05,0
2026-07-30 04:06:00+00:00,24270.3,24274.45,24260.75,24260.75,0
2026-07-30 04:07:00+00:00,24261.4,24262.6,24256.25,24257.5,0
2026-07-30 04:08:00+00:00,24258.9,24260.3,24254.6,24258.3,0
2026-07-30 04:09:00+00:00,24258.95,24267.0,24258.25,24258.55,0
2026-07-30 04:10:00+00:00,24258.7,24258.8,24249.05,24250.7,0
2026-07-30 04:11:00+00:00,24251.15,24253.3,24245.8,24251.7,0
2026-07-30 04:12:00+00:00,24252.4,24257.0,24248.5,24251.75,0
2026-07-30 04:13:00+00:00,24253.2,24256.05,24249.55,24254.55,0
2026-07-30 04:14:00+00:00,24254.65,24261.65,24254.0,24255.85,0
2026-07-30 04:15:00+00:00,24257.25,24260.4,24250.05,24253.2,0
2026-07-30 04:16:00+00:00,24253.25,24277.45,24253.25,24277.05,0
2026-07-30 04:17:00+00:00,24278.4,24283.3,24270.6,24276.2,0
2026-07-30 04:18:00+00:00,24277.8,24280.35,24272.5,24272.5,0
2026-07-30 04:19:00+00:00,24271.9,24275.25,24267.1,24271.55,0
2026-07-30 04:20:00+00:00,24272.7,24281.35,24272.7,24278.9,0
2026-07-30 04:21:00+00:00,24280.15,24285.55,24276.75,24276.75,0
2026-07-30 04:22:00+00:00,24278.2,24278.25,24267.9,24269.2,0
2026-07-30 04:23:00+00:00,24269.25,24270.1,24261.7,24267.45,0
2026-07-30 04:24:00+00:00,24267.2,24267.8,24260.1,24262.0,0
2026-07-30 04:25:00+00:00,24262.8,24262.85,24258.8,24260.5,0
2026-07-30 04:26:00+00:00,24262.3,24272.85,24260.6,24272.85,0
2026-07-30 04:27:00+00:00,24272.5,24280.0,24272.15,24275.95,0
2026-07-30 04:28:00+00:00,24276.4,24276.45,24272.95,24274.6,0
2026-07-30 04:29:00+00:00,24275.0,24277.05,24272.1,24275.6,0
2026-07-30 04:30:00+00:00,24276.75,24276.75,24272.3,24272.85,0
2026-07-30 04:31:00+00:00,24273.5,24276.55,24269.1,24270.9,0
2026-07-30 04:32:00+00:00,24272.0,24277.95,24270.45,24271.85,0
2026-07-30 04:33:00+00:00,24272.75,24277.6,24270.75,24275.25,0
2026-07-30 04:34:00+00:00,24275.45,24281.3,24274.3,24275.7,0
2026-07-30 04:35:00+00:00,24275.9,24279.15,24273.0,24273.2,0
2026-07-30 04:36:00+00:00,24274.3,24275.8,24271.45,24273.3,0
2026-07-30 04:37:00+00:00,24274.45,24275.9,24269.4,24272.55,0
2026-07-30 04:38:00+00:00,24273.75,24275.7,24263.95,24264.85,0
2026-07-30 04:39:00+00:00,24265.9,24266.05,24260.0,24260.4,0
2026-07-30 04:40:00+00:00,24261.9,24263.6,24257.7,24262.15,0
2026-07-30 04:41:00+00:00,24262.05,24264.8,24259.35,24262.1,0
2026-07-30 04:42:00+00:00,24262.1,24263.3,24247.5,24247.5,0
2026-07-30 04:43:00+00:00,24247.75,24247.75,24242.9,24246.35,0
2026-07-30 04:44:00+00:00,24247.45,24249.7,24241.5,24243.5,0
2026-07-30 04:45:00+00:00,24243.75,24247.9,24243.2,24247.05,0
2026-07-30 04:46:00+00:00,24247.15,24252.85,24245.45,24252.45,0
2026-07-30 04:47:00+00:00,24253.5,24261.15,24252.15,24258.3,0
2026-07-30 04:48:00+00:00,24258.75,24259.35,24248.05,24248.3,0
2026-07-30 04:49:00+00:00,24248.55,24250.25,24242.6,24243.65,0
2026-07-30 04:50:00+00:00,24244.45,24246.1,24239.05,24240.1,0
2026-07-30 04:51:00+00:00,24241.35,24244.0,24236.85,24237.05,0
2026-07-30 04:52:00+00:00,24239.15,24243.85,24236.0,24241.95,0
2026-07-30 04:53:00+00:00,24242.75,24250.5,24241.65,24249.55,0
2026-07-30 04:54:00+00:00,24250.2,24251.2,24247.25,24248.65,0
2026-07-30 04:55:00+00:00,24249.85,24251.65,24237.6,24237.75,0
2026-07-30 04:56:00+00:00,24239.25,24239.55,24233.65,24238.1,0
2026-07-30 04:57:00+00:00,24238.95,24242.5,24237.25,24239.6,0
2026-07-30 04:58:00+00:00,24240.45,24240.95,24234.0,24234.35,0
2026-07-30 04:59:00+00:00,24235.35,24235.5,24231.15,24232.1,0
2026-07-30 05:00:00+00:00,24232.75,24232.9,24225.55,24228.8,0
2026-07-30 05:01:00+00:00,24229.95,24234.45,24229.45,24230.75,0
2026-07-30 05:02:00+00:00,24231.45,24231.95,24224.85,24226.55,0
2026-07-30 05:03:00+00:00,24227.55,24231.65,24225.45,24226.4,0
2026-07-30 05:04:00+00:00,24226.95,24238.2,24226.2,24237.6,0
2026-07-30 05:05:00+00:00,24238.25,24245.55,24237.0,24245.55,0
2026-07-30 05:06:00+00:00,24246.05,24251.65,24244.2,24245.6,0
2026-07-30 05:07:00+00:00,24245.95,24245.95,24232.85,24233.85,0
2026-07-30 05:08:00+00:00,24234.8,24242.35,24232.95,24240.8,0
2026-07-30 05:09:00+00:00,24241.35,24244.95,24239.0,24243.6,0
2026-07-30 05:10:00+00:00,24243.5,24243.7,24239.0,24242.3,0
2026-07-30 05:11:00+00:00,24243.0,24243.0,24236.6,24239.95,0
2026-07-30 05:12:00+00:00,24240.9,24243.7,24239.0,24242.9,0
2026-07-30 05:13:00+00:00,24243.55,24251.95,24241.0,24250.9,0
2026-07-30 05:14:00+00:00,24251.7,24261.35,24250.6,24259.15,0
2026-07-30 05:15:00+00:00,24260.25,24262.7,24254.85,24256.85,0
2026-07-30 05:16:00+00:00,24257.3,24261.65,24253.35,24260.55,0
2026-07-30 05:17:00+00:00,24261.25,24262.35,24256.6,24259.6,0
2026-07-30 05:18:00+00:00,24260.15,24261.1,24257.7,24259.95,0
2026-07-30 05:19:00+00:00,24260.35,24261.05,24256.65,24258.45,0
2026-07-30 05:20:00+00:00,24259.5,24269.05,24258.6,24268.3,0
2026-07-30 05:21:00+00:00,24268.1,24269.6,24265.95,24268.45,0
2026-07-30 05:22:00+00:00,24269.4,24270.65,24264.05,24265.55,0
2026-07-30 05:23:00+00:00,24266.2,24266.9,24260.3,24262.15,0
2026-07-30 05:24:00+00:00,24263.2,24265.05,24259.8,24259.9,0
2026-07-30 05:25:00+00:00,24261.15,24264.15,24258.9,24259.3,0
2026-07-30 05:26:00+00:00,24260.5,24261.15,24256.75,24257.8,0
2026-07-30 05:27:00+00:00,24258.05,24259.6,24254.2,24257.65,0
2026-07-30 05:28:00+00:00,24258.15,24262.6,24254.9,24260.05,0
2026-07-30 05:29:00+00:00,24259.8,24259.8,24253.2,24256.9,0
2026-07-30 05:30:00+00:00,24256.45,24256.45,24249.55,24251.45,0
2026-07-30 05:31:00+00:00,24251.65,24254.4,24248.15,24254.2,0
2026-07-30 05:32:00+00:00,24254.6,24257.3,24252.8,24255.45,0
2026-07-30 05:33:00+00:00,24255.1,24262.15,24254.1,24261.05,0
2026-07-30 05:34:00+00:00,24261.0,24265.0,24256.8,24261.9,0
2026-07-30 05:35:00+00:00,24262.1,24263.6,24257.15,24257.4,0
2026-07-30 05:36:00+00:00,24257.7,24262.0,24254.0,24256.7,0
2026-07-30 05:37:00+00:00,24256.9,24257.6,24254.4,24256.3,0
2026-07-30 05:38:00+00:00,24256.1,24256.55,24250.75,24252.3,0
2026-07-30 05:39:00+00:00,24253.95,24257.15,24249.45,24257.1,0
2026-07-30 05:40:00+00:00,24256.8,24261.6,24256.8,24259.95,0
2026-07-30 05:41:00+00:00,24260.9,24268.35,24259.45,24268.35,0
2026-07-30 05:42:00+00:00,24268.25,24270.55,24266.05,24267.7,0
2026-07-30 05:43:00+00:00,24266.55,24270.05,24261.0,24262.4,0
2026-07-30 05:44:00+00:00,24262.5,24267.8,24261.15,24265.05,0
2026-07-30 05:45:00+00:00,24264.9,24267.45,24262.7,24264.9,0
2026-07-30 05:46:00+00:00,24264.8,24276.45,24263.65,24274.8,0
2026-07-30 05:47:00+00:00,24275.0,24279.95,24271.35,24276.05,0
2026-07-30 05:48:00+00:00,24279.4,24282.5,24275.15,24277.65,0
2026-07-30 05:49:00+00:00,24277.4,24279.55,24272.85,24273.15,0
2026-07-30 05:50:00+00:00,24273.0,24278.25,24273.0,24276.9,0
2026-07-30 05:51:00+00:00,24277.3,24277.3,24272.05,24273.0,0
2026-07-30 05:52:00+00:00,24273.45,24276.15,24269.4,24269.55,0
2026-07-30 05:53:00+00:00,24269.55,24271.0,24262.25,24263.65,0
2026-07-30 05:54:00+00:00,24263.45,24268.45,24262.1,24267.1,0
2026-07-30 05:55:00+00:00,24266.35,24270.0,24265.1,24267.6,0
2026-07-30 05:56:00+00:00,24267.5,24278.3,24267.35,24277.2,0
2026-07-30 05:57:00+00:00,24277.5,24279.4,24274.55,24275.85,0
2026-07-30 05:58:00+00:00,24276.2,24276.75,24272.55,24275.15,0
2026-07-30 05:59:00+00:00,24275.85,24275.95,24271.35,24274.6,0
2026-07-30 06:00:00+00:00,24274.2,24274.75,24268.65,24270.35,0
2026-07-30 06:01:00+00:00,24271.05,24272.25,24267.15,24270.1,0
2026-07-30 06:02:00+00:00,24270.35,24275.6,24269.75,24273.25,0
2026-07-30 06:03:00+00:00,24273.2,24277.7,24272.3,24275.3,0
2026-07-30 06:04:00+00:00,24275.05,24277.85,24274.25,24277.15,0
2026-07-30 06:05:00+00:00,24277.4,24279.45,24276.25,24276.25,0
2026-07-30 06:06:00+00:00,24275.9,24277.4,24272.3,24274.0,0
2026-07-30 06:07:00+00:00,24274.05,24276.0,24272.4,24272.8,0
2026-07-30 06:08:00+00:00,24274.0,24277.35,24272.15,24272.9,0
2026-07-30 06:09:00+00:00,24273.05,24275.85,24269.6,24270.9,0
2026-07-30 06:10:00+00:00,24270.05,24274.55,24268.15,24268.7,0
2026-07-30 06:11:00+00:00,24267.95,24271.45,24267.45,24269.85,0
2026-07-30 06:12:00+00:00,24269.85,24271.45,24267.75,24271.4,0
2026-07-30 06:13:00+00:00,24271.0,24272.95,24268.65,24268.7,0
2026-07-30 06:14:00+00:00,24268.5,24269.55,24264.85,24265.5,0
2026-07-30 06:15:00+00:00,24265.8,24266.7,24253.65,24254.6,0
2026-07-30 06:16:00+00:00,24254.25,24256.8,24251.05,24256.15,0
2026-07-30 06:17:00+00:00,24256.3,24259.3,24255.15,24258.05,0
2026-07-30 06:18:00+00:00,24257.35,24260.6,24256.8,24257.9,0
2026-07-30 06:19:00+00:00,24257.9,24259.05,24255.25,24256.3,0
2026-07-30 06:20:00+00:00,24256.65,24258.45,24254.95,24257.05,0
2026-07-30 06:21:00+00:00,24257.2,24260.55,24255.85,24259.55,0
2026-07-30 06:22:00+00:00,24259.3,24260.0,24255.55,24257.45,0
2026-07-30 06:23:00+00:00,24257.5,24259.0,24251.55,24253.7,0
2026-07-30 06:24:00+00:00,24252.75,24257.9,24251.85,24255.65,0
2026-07-30 06:25:00+00:00,24255.8,24264.2,24254.4,24261.9,0
2026-07-30 06:26:00+00:00,24262.15,24265.4,24259.4,24262.7,0
2026-07-30 06:27:00+00:00,24262.5,24264.6,24257.25,24260.15,0
2026-07-30 06:28:00+00:00,24259.75,24261.15,24255.7,24256.65,0
2026-07-30 06:29:00+00:00,24257.0,24264.05,24255.45,24262.5,0
2026-07-30 06:30:00+00:00,24262.6,24263.85,24257.55,24258.25,0
2026-07-30 06:31:00+00:00,24258.2,24261.9,24256.7,24261.05,0
2026-07-30 06:32:00+00:00,24261.05,24261.45,24253.3,24255.95,0
2026-07-30 06:33:00+00:00,24255.65,24261.8,24254.2,24259.35,0
2026-07-30 06:34:00+00:00,24259.45,24261.15,24257.3,24260.6,0
2026-07-30 06:35:00+00:00,24261.05,24262.2,24258.1,24259.05,0
2026-07-30 06:36:00+00:00,24259.1,24260.1,24256.35,24257.4,0
2026-07-30 06:37:00+00:00,24257.5,24259.85,24256.1,24256.75,0
2026-07-30 06:38:00+00:00,24257.0,24266.4,24257.0,24257.6,0
2026-07-30 06:39:00+00:00,24257.8,24259.25,24252.25,24253.5,0
2026-07-30 06:40:00+00:00,24253.65,24254.65,24248.95,24249.95,0
2026-07-30 06:41:00+00:00,24250.2,24256.6,24248.85,24256.2,0
2026-07-30 06:42:00+00:00,24256.8,24261.3,24256.6,24259.7,0
2026-07-30 06:43:00+00:00,24259.85,24260.8,24255.65,24255.65,0
2026-07-30 06:44:00+00:00,24257.05,24257.05,24253.15,24254.1,0
2026-07-30 06:45:00+00:00,24253.95,24255.45,24249.0,24253.7,0
2026-07-30 06:46:00+00:00,24255.75,24258.5,24253.05,24258.0,0
2026-07-30 06:47:00+00:00,24257.15,24259.75,24252.4,24255.05,0
2026-07-30 06:48:00+00:00,24255.25,24256.75,24249.75,24252.75,0
2026-07-30 06:49:00+00:00,24253.15,24260.2,24252.95,24260.2,0
2026-07-30 06:50:00+00:00,24260.15,24264.6,24258.2,24262.45,0
2026-07-30 06:51:00+00:00,24261.5,24263.5,24258.2,24263.5,0
2026-07-30 06:52:00+00:00,24263.3,24267.4,24262.5,24262.6,0
2026-07-30 06:53:00+00:00,24262.4,24264.15,24258.9,24259.95,0
2026-07-30 06:54:00+00:00,24259.75,24263.4,24257.2,24258.8,0
2026-07-30 06:55:00+00:00,24258.8,24263.45,24257.2,24263.4,0
2026-07-30 06:56:00+00:00,24263.15,24267.45,24261.8,24261.8,0
2026-07-30 06:57:00+00:00,24261.85,24263.1,24256.1,24258.75,0
2026-07-30 06:58:00+00:00,24258.75,24261.3,24256.7,24258.95,0
2026-07-30 06:59:00+00:00,24258.9,24265.5,24256.7,24264.05,0
2026-07-30 07:00:00+00:00,24264.3,24268.3,24261.95,24266.9,0
2026-07-30 07:01:00+00:00,24266.8,24276.8,24264.95,24276.4,0
2026-07-30 07:02:00+00:00,24276.25,24302.15,24276.25,24302.0,0
2026-07-30 07:03:00+00:00,24303.1,24330.5,24303.1,24330.4,0
2026-07-30 07:04:00+00:00,24331.05,24331.4,24306.45,24306.75,0
2026-07-30 07:05:00+00:00,24306.6,24319.05,24306.6,24318.45,0
2026-07-30 07:06:00+00:00,24319.8,24321.1,24316.35,24317.45,0
2026-07-30 07:07:00+00:00,24317.85,24318.8,24303.25,24303.6,0
2026-07-30 07:08:00+00:00,24303.1,24305.8,24293.35,24295.2,0
2026-07-30 07:09:00+00:00,24294.85,24304.2,24294.1,24304.05,0
2026-07-30 07:10:00+00:00,24303.65,24304.3,24298.9,24299.9,0
2026-07-30 07:11:00+00:00,24300.3,24308.65,24297.65,24308.2,0
2026-07-30 07:12:00+00:00,24306.75,24314.5,24306.2,24310.05,0
2026-07-30 07:13:00+00:00,24310.1,24311.25,24305.85,24307.7,0
2026-07-30 07:14:00+00:00,24306.65,24311.0,24303.85,24308.35,0
2026-07-30 07:15:00+00:00,24308.45,24309.55,24303.45,24304.1,0
2026-07-30 07:16:00+00:00,24304.1,24305.9,24300.6,24301.45,0
2026-07-30 07:17:00+00:00,24301.7,24303.0,24294.6,24297.95,0
2026-07-30 07:18:00+00:00,24298.15,24302.75,24295.0,24301.35,0
2026-07-30 07:19:00+00:00,24301.85,24303.2,24300.0,24301.05,0
2026-07-30 07:20:00+00:00,24300.15,24304.3,24294.65,24294.75,0
2026-07-30 07:21:00+00:00,24294.8,24298.3,24291.65,24292.85,0
2026-07-30 07:22:00+00:00,24292.95,24296.5,24291.55,24293.15,0
2026-07-30 07:23:00+00:00,24293.25,24294.5,24291.85,24293.8,0
2026-07-30 07:24:00+00:00,24293.95,24298.45,24293.05,24297.3,0
2026-07-30 07:25:00+00:00,24296.7,24299.2,24292.55,24292.65,0
2026-07-30 07:26:00+00:00,24292.65,24293.9,24290.95,24291.75,0
2026-07-30 07:27:00+00:00,24292.0,24296.9,24290.8,24295.75,0
2026-07-30 07:28:00+00:00,24295.55,24296.55,24291.55,24295.2,0
2026-07-30 07:29:00+00:00,24296.15,24300.55,24295.0,24295.7,0
2026-07-30 07:30:00+00:00,24295.65,24296.25,24279.5,24281.65,0
2026-07-30 07:31:00+00:00,24281.95,24289.95,24280.25,24289.5,0
2026-07-30 07:32:00+00:00,24288.6,24290.75,24279.3,24285.65,0
2026-07-30 07:33:00+00:00,24284.55,24290.2,24283.85,24288.9,0
2026-07-30 07:34:00+00:00,24288.6,24290.7,24280.15,24282.65,0
2026-07-30 07:35:00+00:00,24282.0,24284.9,24276.5,24284.1,0
2026-07-30 07:36:00+00:00,24284.05,24293.0,24283.45,24287.9,0
2026-07-30 07:37:00+00:00,24286.4,24297.55,24286.35,24290.6,0
2026-07-30 07:38:00+00:00,24290.75,24291.6,24281.95,24282.05,0
2026-07-30 07:39:00+00:00,24282.8,24287.4,24279.7,24281.9,0
2026-07-30 07:40:00+00:00,24281.05,24283.15,24271.45,24276.15,0
2026-07-30 07:41:00+00:00,24275.8,24277.3,24264.75,24265.15,0
2026-07-30 07:42:00+00:00,24264.95,24266.0,24252.6,24252.95,0
2026-07-30 07:43:00+00:00,24253.0,24263.05,24248.85,24260.4,0
2026-07-30 07:44:00+00:00,24259.85,24267.35,24259.85,24264.0,0
2026-07-30 07:45:00+00:00,24264.05,24266.1,24259.95,24259.95,0
2026-07-30 07:46:00+00:00,24259.45,24263.15,24259.1,24259.7,0
2026-07-30 07:47:00+00:00,24259.65,24264.1,24259.65,24261.6,0
2026-07-30 07:48:00+00:00,24261.3,24267.15,24260.4,24263.45,0
2026-07-30 07:49:00+00:00,24262.7,24265.1,24261.65,24264.7,0
2026-07-30 07:50:00+00:00,24264.95,24267.55,24264.95,24265.0,0
2026-07-30 07:51:00+00:00,24266.95,24277.0,24264.35,24275.4,0
2026-07-30 07:52:00+00:00,24274.7,24276.0,24272.65,24273.95,0
2026-07-30 07:53:00+00:00,24273.75,24280.1,24273.65,24280.1,0
2026-07-30 07:54:00+00:00,24279.75,24281.95,24279.15,24279.35,0
2026-07-30 07:55:00+00:00,24279.25,24285.55,24275.55,24280.35,0
2026-07-30 07:56:00+00:00,24280.7,24282.05,24277.9,24278.1,0
2026-07-30 07:57:00+00:00,24278.6,24280.5,24275.2,24279.5,0
2026-07-30 07:58:00+00:00,24279.55,24280.1,24270.25,24270.25,0
2026-07-30 07:59:00+00:00,24271.85,24273.1,24267.3,24269.4,0
2026-07-30 08:00:00+00:00,24269.15,24275.35,24267.7,24272.05,0
2026-07-30 08:01:00+00:00,24271.2,24273.5,24268.35,24268.7,0
2026-07-30 08:02:00+00:00,24268.65,24275.05,24266.9,24275.0,0
2026-07-30 08:03:00+00:00,24275.45,24278.7,24274.65,24277.3,0
2026-07-30 08:04:00+00:00,24276.9,24278.65,24274.55,24276.9,0
2026-07-30 08:05:00+00:00,24276.9,24282.8,24275.75,24280.75,0
2026-07-30 08:06:00+00:00,24280.9,24287.25,24276.0,24285.8,0
2026-07-30 08:07:00+00:00,24285.95,24288.4,24283.5,24286.8,0
2026-07-30 08:08:00+00:00,24286.45,24300.25,24286.45,24294.35,0
2026-07-30 08:09:00+00:00,24294.0,24294.8,24283.9,24287.25,0
2026-07-30 08:10:00+00:00,24287.15,24297.0,24287.15,24293.8,0
2026-07-30 08:11:00+00:00,24293.8,24298.5,24293.8,24295.8,0
2026-07-30 08:12:00+00:00,24295.85,24298.55,24294.55,24295.1,0
2026-07-30 08:13:00+00:00,24295.15,24298.15,24292.3,24292.35,0
2026-07-30 08:14:00+00:00,24292.4,24296.7,24289.15,24289.45,0
2026-07-30 08:15:00+00:00,24288.4,24289.6,24282.35,24282.7,0
2026-07-30 08:16:00+00:00,24282.75,24285.7,24281.65,24284.75,0
2026-07-30 08:17:00+00:00,24284.6,24288.7,24284.0,24287.8,0
2026-07-30 08:18:00+00:00,24287.4,24289.6,24284.45,24284.9,0
2026-07-30 08:19:00+00:00,24284.55,24286.4,24279.9,24280.05,0
2026-07-30 08:20:00+00:00,24280.15,24281.2,24272.3,24274.05,0
2026-07-30 08:21:00+00:00,24274.8,24282.4,24272.85,24282.4,0
2026-07-30 08:22:00+00:00,24283.55,24289.15,24282.5,24287.7,0
2026-07-30 08:23:00+00:00,24288.6,24295.1,24288.1,24293.95,0
2026-07-30 08:24:00+00:00,24294.6,24296.45,24293.7,24295.5,0
2026-07-30 08:25:00+00:00,24295.1,24295.8,24291.45,24295.55,0
2026-07-30 08:26:00+00:00,24295.45,24299.45,24290.8,24290.8,0
2026-07-30 08:27:00+00:00,24291.05,24291.9,24284.45,24285.85,0
2026-07-30 08:28:00+00:00,24285.3,24286.1,24275.95,24277.0,0
2026-07-30 08:29:00+00:00,24276.6,24284.65,24276.6,24283.85,0
2026-07-30 08:30:00+00:00,24283.35,24287.6,24281.3,24287.25,0
2026-07-30 08:31:00+00:00,24286.9,24287.75,24278.4,24279.5,0
2026-07-30 08:32:00+00:00,24279.6,24281.9,24277.1,24281.6,0
2026-07-30 08:33:00+00:00,24281.3,24283.45,24278.25,24282.65,0
2026-07-30 08:34:00+00:00,24282.15,24283.8,24279.5,24281.1,0
2026-07-30 08:35:00+00:00,24280.45,24282.75,24274.5,24275.55,0
2026-07-30 08:36:00+00:00,24275.25,24277.45,24272.3,24272.9,0
2026-07-30 08:37:00+00:00,24272.75,24277.2,24272.5,24275.4,0
2026-07-30 08:38:00+00:00,24275.35,24278.2,24272.2,24272.45,0
2026-07-30 08:39:00+00:00,24272.4,24273.15,24261.55,24263.8,0
2026-07-30 08:40:00+00:00,24263.7,24267.7,24263.25,24265.05,0
2026-07-30 08:41:00+00:00,24264.9,24266.65,24260.9,24262.1,0
2026-07-30 08:42:00+00:00,24261.8,24263.4,24258.9,24260.65,0
2026-07-30 08:43:00+00:00,24261.2,24262.75,24257.45,24258.25,0
2026-07-30 08:44:00+00:00,24258.4,24260.2,24255.45,24255.7,0
2026-07-30 08:45:00+00:00,24255.2,24257.1,24252.35,24253.6,0
2026-07-30 08:46:00+00:00,24253.1,24253.9,24247.7,24250.3,0
2026-07-30 08:47:00+00:00,24250.6,24256.0,24250.35,24252.45,0
2026-07-30 08:48:00+00:00,24252.6,24257.5,24251.6,24254.1,0
2026-07-30 08:49:00+00:00,24254.05,24260.25,24253.0,24257.2,0
2026-07-30 08:50:00+00:00,24256.8,24257.55,24244.15,24244.2,0
2026-07-30 08:51:00+00:00,24243.5,24247.65,24238.65,24238.65,0
2026-07-30 08:52:00+00:00,24239.65,24242.25,24237.25,24239.85,0
2026-07-30 08:53:00+00:00,24238.9,24246.4,24236.55,24244.6,0
2026-07-30 08:54:00+00:00,24244.0,24246.9,24243.4,24244.2,0
2026-07-30 08:55:00+00:00,24244.6,24245.0,24235.1,24239.85,0
2026-07-30 08:56:00+00:00,24239.0,24242.4,24237.05,24239.9,0
2026-07-30 08:57:00+00:00,24239.4,24243.6,24236.1,24239.6,0
2026-07-30 08:58:00+00:00,24238.85,24241.5,24236.55,24239.05,0
2026-07-30 08:59:00+00:00,24239.1,24240.5,24228.95,24235.0,0
2026-07-30 09:00:00+00:00,24235.3,24236.15,24227.25,24230.75,0
2026-07-30 09:01:00+00:00,24229.95,24241.95,24229.75,24240.4,0
2026-07-30 09:02:00+00:00,24240.2,24249.1,24240.2,24248.9,0
2026-07-30 09:03:00+00:00,24249.25,24257.95,24248.95,24252.85,0
2026-07-30 09:04:00+00:00,24252.45,24253.15,24244.45,24246.6,0
2026-07-30 09:05:00+00:00,24245.15,24249.05,24237.7,24248.05,0
2026-07-30 09:06:00+00:00,24248.05,24257.75,24247.4,24254.5,0
2026-07-30 09:07:00+00:00,24253.5,24263.05,24253.45,24260.2,0
2026-07-30 09:08:00+00:00,24260.3,24265.05,24260.25,24264.4,0
2026-07-30 09:09:00+00:00,24265.0,24268.55,24263.7,24267.55,0
2026-07-30 09:10:00+00:00,24267.65,24269.6,24261.3,24261.6,0
2026-07-30 09:11:00+00:00,24261.75,24262.35,24253.2,24253.8,0
2026-07-30 09:12:00+00:00,24254.1,24256.0,24250.1,24251.65,0
2026-07-30 09:13:00+00:00,24251.95,24255.6,24250.2,24250.2,0
2026-07-30 09:14:00+00:00,24250.4,24262.25,24249.9,24258.7,0
2026-07-30 09:15:00+00:00,24258.85,24258.95,24251.1,24255.75,0
2026-07-30 09:16:00+00:00,24256.05,24265.8,24253.45,24265.15,0
2026-07-30 09:17:00+00:00,24265.8,24268.4,24262.9,24268.35,0
2026-07-30 09:18:00+00:00,24267.3,24276.15,24267.3,24276.05,0
2026-07-30 09:19:00+00:00,24278.15,24283.45,24276.55,24277.6,0
2026-07-30 09:20:00+00:00,24276.6,24277.6,24270.6,24275.75,0
2026-07-30 09:21:00+00:00,24276.75,24277.25,24271.4,24275.45,0
2026-07-30 09:22:00+00:00,24275.1,24277.8,24272.95,24276.0,0
2026-07-30 09:23:00+00:00,24277.15,24277.2,24268.35,24269.5,0
2026-07-30 09:24:00+00:00,24268.7,24271.05,24266.3,24267.95,0
2026-07-30 09:25:00+00:00,24267.55,24268.0,24264.2,24267.25,0
2026-07-30 09:26:00+00:00,24266.55,24268.15,24264.0,24265.75,0
2026-07-30 09:27:00+00:00,24266.2,24276.0,24265.0,24272.3,0
2026-07-30 09:28:00+00:00,24271.6,24272.9,24267.75,24270.35,0
2026-07-30 09:29:00+00:00,24270.3,24276.15,24269.15,24272.85,0
2026-07-30 09:30:00+00:00,24273.1,24283.1,24268.75,24271.05,0
2026-07-30 09:31:00+00:00,24270.7,24290.9,24269.2,24290.35,0
2026-07-30 09:32:00+00:00,24292.05,24296.95,24290.15,24294.65,0
2026-07-30 09:33:00+00:00,24295.35,24297.8,24292.9,24297.3,0
2026-07-30 09:34:00+00:00,24297.45,24302.35,24296.5,24299.85,0
2026-07-30 09:35:00+00:00,24301.1,24319.2,24300.75,24313.45,0
2026-07-30 09:36:00+00:00,24313.55,24314.3,24298.8,24301.65,0
2026-07-30 09:37:00+00:00,24299.95,24323.65,24296.85,24320.65,0
2026-07-30 09:38:00+00:00,24320.5,24325.6,24316.85,24317.55,0
2026-07-30 09:39:00+00:00,24316.9,24321.55,24307.1,24319.2,0
2026-07-30 09:40:00+00:00,24321.35,24329.55,24317.3,24320.85,0
2026-07-30 09:41:00+00:00,24320.55,24325.7,24320.55,24322.0,0
2026-07-30 09:42:00+00:00,24323.45,24325.5,24319.75,24322.3,0
2026-07-30 09:43:00+00:00,24321.9,24323.45,24320.25,24322.75,0
2026-07-30 09:44:00+00:00,24322.85,24323.5,24316.6,24318.25,0
2026-07-30 09:45:00+00:00,24316.9,24318.75,24308.45,24309.65,0
2026-07-30 09:46:00+00:00,24310.5,24316.55,24309.7,24312.75,0
2026-07-30 09:47:00+00:00,24312.9,24316.25,24311.55,24315.25,0
2026-07-30 09:48:00+00:00,24315.2,24317.65,24309.65,24309.75,0
2026-07-30 09:49:00+00:00,24309.85,24314.75,24307.95,24314.75,0
2026-07-30 09:50:00+00:00,24314.95,24322.4,24313.6,24317.05,0
2026-07-30 09:51:00+00:00,24319.0,24325.8,24312.6,24316.45,0
2026-07-30 09:52:00+00:00,24316.1,24333.25,24309.8,24327.6,0
2026-07-30 09:53:00+00:00,24328.4,24340.35,24324.8,24336.45,0
2026-07-30 09:54:00+00:00,24337.8,24341.6,24326.55,24335.65,0
2026-07-30 09:55:00+00:00,24337.05,24341.75,24331.4,24335.7,0
2026-07-30 09:56:00+00:00,24336.75,24342.95,24335.7,24338.85,0
2026-07-30 09:57:00+00:00,24341.4,24341.4,24324.75,24332.15,0
2026-07-30 09:58:00+00:00,24330.6,24333.2,24300.2,24308.25,0
2026-07-30 09:59:00+00:00,24306.35,24309.35,24292.75,24296.6,0
