datetime,open,high,low,close,volume
2026-05-08 03:45:00+00:00,24233.65,24246.05,24164.45,24198.25,0
2026-05-08 03:46:00+00:00,24198.3,24205.75,24158.15,24189.6,0
2026-05-08 03:47:00+00:00,24187.3,24216.55,24181.85,24210.3,0
2026-05-08 03:48:00+00:00,24210.95,24216.25,24197.2,24204.6,0
2026-05-08 03:49:00+00:00,24204.1,24225.5,24200.95,24219.3,0
2026-05-08 03:50:00+00:00,24218.4,24222.45,24209.0,24220.8,0
2026-05-08 03:51:00+00:00,24219.7,24239.7,24219.3,24233.45,0
2026-05-08 03:52:00+00:00,24232.5,24238.4,24228.45,24238.25,0
2026-05-08 03:53:00+00:00,24238.4,24253.8,24227.45,24228.65,0
2026-05-08 03:54:00+00:00,24229.15,24229.15,24213.15,24215.0,0
2026-05-08 03:55:00+00:00,24216.4,24227.25,24210.5,24226.0,0
2026-05-08 03:56:00+00:00,24227.25,24241.6,24219.65,24222.65,0
2026-05-08 03:57:00+00:00,24224.8,24232.75,24223.05,24232.75,0
2026-05-08 03:58:00+00:00,24234.25,24243.25,24231.3,24242.95,0
2026-05-08 03:59:00+00:00,24243.35,24245.75,24236.45,24244.15,0
2026-05-08 04:00:00+00:00,24244.3,24244.95,24226.25,24233.25,0
2026-05-08 04:01:00+00:00,24235.1,24236.1,24224.4,24224.8,0
2026-05-08 04:02:00+00:00,24226.45,24226.45,24212.7,24212.7,0
2026-05-08 04:03:00+00:00,24214.1,24219.45,24197.55,24197.55,0
2026-05-08 04:04:00+00:00,24199.45,24207.15,24184.6,24207.15,0
2026-05-08 04:05:00+00:00,24209.1,24209.1,24189.55,24193.3,0
2026-05-08 04:06:00+00:00,24194.05,24202.75,24191.55,24193.8,0
2026-05-08 04:07:00+00:00,24195.0,24200.6,24188.9,24198.9,0
2026-05-08 04:08:00+00:00,24199.35,24204.5,24194.0,24194.0,0
2026-05-08 04:09:00+00:00,24195.35,24195.35,24187.55,24191.2,0
2026-05-08 04:10:00+00:00,24192.0,24192.3,24187.45,24190.45,0
2026-05-08 04:11:00+00:00,24191.7,24191.7,24183.55,24184.7,0
2026-05-08 04:12:00+00:00,24186.25,24186.25,24171.75,24173.9,0
2026-05-08 04:13:00+00:00,24175.35,24175.9,24170.65,24170.85,0
2026-05-08 04:14:00+00:00,24172.65,24172.65,24167.75,24167.75,0
2026-05-08 04:15:00+00:00,24169.05,24169.05,24138.4,24145.2,0
2026-05-08 04:16:00+00:00,24147.3,24173.2,24146.35,24171.1,0
2026-05-08 04:17:00+00:00,24173.7,24175.05,24159.05,24160.45,0
2026-05-08 04:18:00+00:00,24162.9,24162.9,24146.6,24150.55,0
2026-05-08 04:19:00+00:00,24152.95,24168.55,24151.95,24168.55,0
2026-05-08 04:20:00+00:00,24170.05,24176.85,24162.4,24163.05,0
2026-05-08 04:21:00+00:00,24164.75,24170.75,24161.8,24166.85,0
2026-05-08 04:22:00+00:00,24168.1,24172.25,24163.2,24170.9,0
2026-05-08 04:23:00+00:00,24172.8,24180.45,24170.0,24180.25,0
2026-05-08 04:24:00+00:00,24181.45,24183.7,24175.55,24182.25,0
2026-05-08 04:25:00+00:00,24183.35,24185.0,24181.15,24184.15,0
2026-05-08 04:26:00+00:00,24186.15,24188.8,24183.75,24187.7,0
2026-05-08 04:27:00+00:00,24189.65,24197.5,24186.95,24195.3,0
2026-05-08 04:28:00+00:00,24196.95,24198.25,24192.8,24194.25,0
2026-05-08 04:29:00+00:00,24196.15,24199.65,24192.6,24198.45,0
2026-05-08 04:30:00+00:00,24199.15,24202.85,24195.7,24199.45,0
2026-05-08 04:31:00+00:00,24200.3,24200.6,24194.25,24196.6,0
2026-05-08 04:32:00+00:00,24197.5,24200.4,24191.9,24194.4,0
2026-05-08 04:33:00+00:00,24195.35,24201.0,24193.1,24196.75,0
2026-05-08 04:34:00+00:00,24196.5,24197.1,24187.6,24194.25,0
2026-05-08 04:35:00+00:00,24195.8,24198.35,24193.05,24196.45,0
2026-05-08 04:36:00+00:00,24197.2,24199.1,24193.55,24194.2,0
2026-05-08 04:37:00+00:00,24196.4,24197.05,24193.0,24193.95,0
2026-05-08 04:38:00+00:00,24195.55,24198.9,24194.1,24197.5,0
2026-05-08 04:39:00+00:00,24198.15,24198.15,24193.15,24196.1,0
2026-05-08 04:40:00+00:00,24197.0,24197.0,24184.05,24185.6,0
2026-05-08 04:41:00+00:00,24186.5,24186.5,24179.25,24182.5,0
2026-05-08 04:42:00+00:00,24183.95,24183.95,24175.75,24177.5,0
2026-05-08 04:43:00+00:00,24178.65,24192.05,24175.1,24192.05,0
2026-05-08 04:44:00+00:00,24193.45,24213.7,24191.45,24211.3,0
2026-05-08 04:45:00+00:00,24213.8,24213.8,24204.75,24209.15,0
2026-05-08 04:46:00+00:00,24210.05,24214.3,24191.7,24194.2,0
2026-05-08 04:47:00+00:00,24196.15,24197.2,24183.95,24186.0,0
2026-05-08 04:48:00+00:00,24187.35,24196.9,24181.25,24195.6,0
2026-05-08 04:49:00+00:00,24197.85,24208.3,24196.0,24206.8,0
2026-05-08 04:50:00+00:00,24208.75,24210.05,24204.55,24208.7,0
2026-05-08 04:51:00+00:00,24209.5,24215.45,24207.85,24209.55,0
2026-05-08 04:52:00+00:00,24211.1,24218.35,24209.85,24218.35,0
2026-05-08 04:53:00+00:00,24219.45,24231.5,24216.35,24230.25,0
2026-05-08 04:54:00+00:00,24231.7,24232.25,24218.9,24231.5,0
2026-05-08 04:55:00+00:00,24232.5,24236.75,24230.6,24234.5,0
2026-05-08 04:56:00+00:00,24236.05,24236.05,24227.7,24229.65,0
2026-05-08 04:57:00+00:00,24231.3,24236.55,24226.0,24235.9,0
2026-05-08 04:58:00+00:00,24237.05,24243.95,24235.45,24240.9,0
2026-05-08 04:59:00+00:00,24241.75,24242.55,24236.6,24238.05,0
2026-05-08 05:00:00+00:00,24238.85,24242.55,24235.55,24241.1,0
2026-05-08 05:01:00+00:00,24242.05,24242.05,24235.0,24236.35,0
2026-05-08 05:02:00+00:00,24237.45,24239.35,24233.4,24234.3,0
2026-05-08 05:03:00+00:00,24236.5,24236.5,24229.85,24232.6,0
2026-05-08 05:04:00+00:00,24233.8,24237.1,24231.5,24232.3,0
2026-05-08 05:05:00+00:00,24232.65,24236.75,24228.35,24228.35,0
2026-05-08 05:06:00+00:00,24230.2,24234.55,24226.35,24233.75,0
2026-05-08 05:07:00+00:00,24234.8,24237.1,24230.35,24232.0,0
2026-05-08 05:08:00+00:00,24233.6,24234.1,24229.75,24231.1,0
2026-05-08 05:09:00+00:00,24232.5,24235.55,24230.2,24230.75,0
2026-05-08 05:10:00+00:00,24232.05,24234.0,24226.9,24232.55,0
2026-05-08 05:11:00+00:00,24233.75,24239.5,24231.25,24239.0,0
2026-05-08 05:12:00+00:00,24240.15,24241.3,24235.4,24236.05,0
2026-05-08 05:13:00+00:00,24237.5,24240.9,24234.35,24237.4,0
2026-05-08 05:14:00+00:00,24240.3,24240.3,24231.5,24232.25,0
2026-05-08 05:15:00+00:00,24233.65,24235.25,24230.1,24233.75,0
2026-05-08 05:16:00+00:00,24234.9,24236.85,24231.9,24235.3,0
2026-05-08 05:17:00+00:00,24236.85,24239.85,24228.35,24229.55,0
2026-05-08 05:18:00+00:00,24231.4,24231.4,24226.75,24227.8,0
2026-05-08 05:19:00+00:00,24229.35,24229.35,24222.4,24222.4,0
2026-05-08 05:20:00+00:00,24223.75,24223.75,24216.85,24219.0,0
2026-05-08 05:21:00+00:00,24219.85,24219.85,24209.45,24210.5,0
2026-05-08 05:22:00+00:00,24211.1,24214.65,24210.05,24212.4,0
2026-05-08 05:23:00+00:00,24213.7,24214.8,24210.05,24211.0,0
2026-05-08 05:24:00+00:00,24213.25,24213.25,24204.1,24206.35,0
2026-05-08 05:25:00+00:00,24207.55,24207.6,24203.2,24204.25,0
2026-05-08 05:26:00+00:00,24205.45,24208.6,24201.15,24205.05,0
2026-05-08 05:27:00+00:00,24206.25,24207.75,24201.45,24202.95,0
2026-05-08 05:28:00+00:00,24204.75,24208.05,24202.45,24206.55,0
2026-05-08 05:29:00+00:00,24207.15,24208.05,24195.95,24195.95,0
2026-05-08 05:30:00+00:00,24197.8,24202.55,24193.85,24200.45,0
2026-05-08 05:31:00+00:00,24202.25,24203.85,24197.55,24203.0,0
2026-05-08 05:32:00+00:00,24204.6,24206.5,24203.05,24205.05,0
2026-05-08 05:33:00+00:00,24206.1,24216.95,24204.35,24216.95,0
2026-05-08 05:34:00+00:00,24219.15,24230.7,24219.15,24225.25,0
2026-05-08 05:35:00+00:00,24226.6,24226.6,24221.6,24225.0,0
2026-05-08 05:36:00+00:00,24227.25,24231.95,24226.75,24231.5,0
2026-05-08 05:37:00+00:00,24232.7,24237.05,24230.7,24234.85,0
2026-05-08 05:38:00+00:00,24235.8,24235.8,24228.55,24230.55,0
2026-05-08 05:39:00+00:00,24232.55,24232.55,24224.4,24225.15,0
2026-05-08 05:40:00+00:00,24226.35,24227.0,24222.9,24223.55,0
2026-05-08 05:41:00+00:00,24224.65,24226.1,24223.5,24224.15,0
2026-05-08 05:42:00+00:00,24225.1,24225.4,24221.5,24223.6,0
2026-05-08 05:43:00+00:00,24224.75,24231.0,24222.8,24229.25,0
2026-05-08 05:44:00+00:00,24232.25,24233.5,24228.2,24233.0,0
2026-05-08 05:45:00+00:00,24234.8,24241.65,24231.35,24238.05,0
2026-05-08 05:46:00+00:00,24239.4,24239.4,24226.5,24228.4,0
2026-05-08 05:47:00+00:00,24229.55,24230.7,24222.1,24223.3,0
2026-05-08 05:48:00+00:00,24224.2,24224.8,24220.6,24221.4,0
2026-05-08 05:49:00+00:00,24223.35,24223.35,24212.45,24212.5,0
2026-05-08 05:50:00+00:00,24214.3,24222.55,24212.05,24221.7,0
2026-05-08 05:51:00+00:00,24223.1,24224.15,24217.75,24217.75,0
2026-05-08 05:52:00+00:00,24218.9,24218.9,24207.6,24207.9,0
2026-05-08 05:53:00+00:00,24208.7,24208.9,24197.4,24197.4,0
2026-05-08 05:54:00+00:00,24199.45,24207.3,24199.25,24205.0,0
2026-05-08 05:55:00+00:00,24205.95,24208.8,24203.25,24207.05,0
2026-05-08 05:56:00+00:00,24209.2,24209.2,24201.55,24202.7,0
2026-05-08 05:57:00+00:00,24204.5,24204.5,24198.5,24198.5,0
2026-05-08 05:58:00+00:00,24201.1,24204.35,24196.2,24196.9,0
2026-05-08 05:59:00+00:00,24197.95,24201.25,24195.95,24198.35,0
2026-05-08 06:00:00+00:00,24199.9,24199.9,24186.55,24186.55,0
2026-05-08 06:01:00+00:00,24189.25,24190.9,24185.6,24188.15,0
2026-05-08 06:02:00+00:00,24189.15,24197.55,24187.4,24195.55,0
2026-05-08 06:03:00+00:00,24197.05,24209.75,24195.8,24209.25,0
2026-05-08 06:04:00+00:00,24210.9,24210.9,24206.2,24207.5,0
2026-05-08 06:05:00+00:00,24209.15,24209.15,24203.65,24203.65,0
2026-05-08 06:06:00+00:00,24205.0,24206.95,24199.5,24205.8,0
2026-05-08 06:07:00+00:00,24207.6,24209.0,24205.35,24208.45,0
2026-05-08 06:08:00+00:00,24208.85,24209.15,24204.05,24204.05,0
2026-05-08 06:09:00+00:00,24205.8,24206.95,24200.5,24206.05,0
2026-05-08 06:10:00+00:00,24207.15,24207.15,24202.45,24203.95,0
2026-05-08 06:11:00+00:00,24204.9,24209.9,24203.55,24208.0,0
2026-05-08 06:12:00+00:00,24208.8,24208.8,24203.9,24205.25,0
2026-05-08 06:13:00+00:00,24206.35,24211.4,24204.55,24207.4,0
2026-05-08 06:14:00+00:00,24209.15,24212.95,24199.45,24199.45,0
2026-05-08 06:15:00+00:00,24200.6,24202.65,24195.75,24200.2,0
2026-05-08 06:16:00+00:00,24202.85,24206.8,24200.75,24205.55,0
2026-05-08 06:17:00+00:00,24207.65,24208.4,24202.6,24204.35,0
2026-05-08 06:18:00+00:00,24205.6,24206.15,24201.5,24202.85,0
2026-05-08 06:19:00+00:00,24204.85,24205.75,24199.85,24199.85,0
2026-05-08 06:20:00+00:00,24200.85,24204.6,24197.85,24203.6,0
2026-05-08 06:21:00+00:00,24204.4,24206.6,24202.05,24204.75,0
2026-05-08 06:22:00+00:00,24206.3,24206.3,24202.0,24202.4,0
2026-05-08 06:23:00+00:00,24205.05,24209.35,24201.75,24207.3,0
2026-05-08 06:24:00+00:00,24208.9,24209.8,24204.3,24204.3,0
2026-05-08 06:25:00+00:00,24205.15,24205.15,24194.85,24194.85,0
2026-05-08 06:26:00+00:00,24196.6,24196.6,24190.2,24193.85,0
2026-05-08 06:27:00+00:00,24195.85,24199.75,24193.5,24198.75,0
2026-05-08 06:28:00+00:00,24200.6,24205.1,24198.55,24204.05,0
2026-05-08 06:29:00+00:00,24204.95,24207.35,24202.45,24205.85,0
2026-05-08 06:30:00+00:00,24206.0,24210.5,24204.45,24209.75,0
2026-05-08 06:31:00+00:00,24211.5,24212.0,24195.55,24196.55,0
2026-05-08 06:32:00+00:00,24198.2,24198.2,24187.45,24190.45,0
2026-05-08 06:33:00+00:00,24192.8,24200.5,24191.7,24194.3,0
2026-05-08 06:34:00+00:00,24194.75,24204.3,24193.0,24200.9,0
2026-05-08 06:35:00+00:00,24202.0,24203.65,24197.55,24202.05,0
2026-05-08 06:36:00+00:00,24202.95,24203.3,24198.0,24199.9,0
2026-05-08 06:37:00+00:00,24201.0,24201.0,24193.2,24194.45,0
2026-05-08 06:38:00+00:00,24195.15,24196.5,24182.8,24182.8,0
2026-05-08 06:39:00+00:00,24184.9,24184.9,24177.25,24178.95,0
2026-05-08 06:40:00+00:00,24179.5,24183.0,24172.2,24181.0,0
2026-05-08 06:41:00+00:00,24182.35,24187.1,24180.05,24183.25,0
2026-05-08 06:42:00+00:00,24183.7,24183.7,24177.6,24177.6,0
2026-05-08 06:43:00+00:00,24179.5,24188.2,24177.2,24184.75,0
2026-05-08 06:44:00+00:00,24186.35,24186.35,24182.85,24184.2,0
2026-05-08 06:45:00+00:00,24185.2,24185.2,24175.2,24175.2,0
2026-05-08 06:46:00+00:00,24177.25,24178.1,24170.05,24174.35,0
2026-05-08 06:47:00+00:00,24174.8,24178.5,24171.65,24172.65,0
2026-05-08 06:48:00+00:00,24173.75,24178.55,24171.35,24178.55,0
2026-05-08 06:49:00+00:00,24178.9,24189.4,24176.55,24188.6,0
2026-05-08 06:50:00+00:00,24190.05,24195.6,24187.8,24195.6,0
2026-05-08 06:51:00+00:00,24196.65,24198.2,24184.85,24186.5,0
2026-05-08 06:52:00+00:00,24188.05,24188.05,24179.75,24182.05,0
2026-05-08 06:53:00+00:00,24183.3,24188.1,24178.25,24179.4,0
2026-05-08 06:54:00+00:00,24180.65,24186.65,24179.35,24185.8,0
2026-05-08 06:55:00+00:00,24187.05,24190.25,24185.55,24188.1,0
2026-05-08 06:56:00+00:00,24189.05,24191.6,24185.9,24188.0,0
2026-05-08 06:57:00+00:00,24188.4,24194.75,24185.45,24192.95,0
2026-05-08 06:58:00+00:00,24193.7,24198.15,24191.65,24197.2,0
2026-05-08 06:59:00+00:00,24198.45,24198.45,24191.85,24196.1,0
2026-05-08 07:00:00+00:00,24195.25,24196.6,24190.8,24190.8,0
2026-05-08 07:01:00+00:00,24192.05,24192.05,24183.4,24183.4,0
2026-05-08 07:02:00+00:00,24186.35,24186.35,24172.75,24172.85,0
2026-05-08 07:03:00+00:00,24173.7,24174.75,24169.4,24170.85,0
2026-05-08 07:04:00+00:00,24172.75,24180.4,24170.7,24177.6,0
2026-05-08 07:05:00+00:00,24178.65,24181.65,24176.95,24177.2,0
2026-05-08 07:06:00+00:00,24178.15,24178.55,24170.2,24177.75,0
2026-05-08 07:07:00+00:00,24178.45,24180.55,24172.0,24173.25,0
2026-05-08 07:08:00+00:00,24174.35,24174.35,24168.85,24172.55,0
2026-05-08 07:09:00+00:00,24173.8,24174.25,24169.95,24171.55,0
2026-05-08 07:10:00+00:00,24173.15,24175.3,24170.75,24174.95,0
2026-05-08 07:11:00+00:00,24176.15,24177.65,24171.25,24173.9,0
2026-05-08 07:12:00+00:00,24175.15,24175.9,24170.65,24173.3,0
2026-05-08 07:13:00+00:00,24176.15,24176.15,24171.65,24173.45,0
2026-05-08 07:14:00+00:00,24174.25,24174.25,24164.1,24164.3,0
2026-05-08 07:15:00+00:00,24166.0,24166.0,24156.55,24161.2,0
2026-05-08 07:16:00+00:00,24163.45,24163.45,24153.35,24154.4,0
2026-05-08 07:17:00+00:00,24154.95,24157.4,24150.95,24155.85,0
2026-05-08 07:18:00+00:00,24157.0,24163.95,24154.9,24161.35,0
2026-05-08 07:19:00+00:00,24161.8,24171.3,24159.3,24170.45,0
2026-05-08 07:20:00+00:00,24171.3,24174.0,24169.2,24172.15,0
2026-05-08 07:21:00+00:00,24173.15,24175.05,24166.3,24170.05,0
2026-05-08 07:22:00+00:00,24171.35,24171.35,24163.25,24164.45,0
2026-05-08 07:23:00+00:00,24165.5,24169.55,24159.7,24169.1,0
2026-05-08 07:24:00+00:00,24170.1,24171.8,24167.1,24170.9,0
2026-05-08 07:25:00+00:00,24172.95,24175.7,24171.1,24171.1,0
2026-05-08 07:26:00+00:00,24171.7,24171.75,24162.8,24167.2,0
2026-05-08 07:27:00+00:00,24169.2,24171.75,24160.45,24160.45,0
2026-05-08 07:28:00+00:00,24162.65,24167.45,24160.45,24166.15,0
2026-05-08 07:29:00+00:00,24168.8,24169.85,24163.35,24163.4,0
2026-05-08 07:30:00+00:00,24165.55,24165.9,24160.85,24162.7,0
2026-05-08 07:31:00+00:00,24164.2,24167.9,24161.25,24164.05,0
2026-05-08 07:32:00+00:00,24165.35,24165.35,24161.6,24164.85,0
2026-05-08 07:33:00+00:00,24165.7,24165.7,24159.85,24160.1,0
2026-05-08 07:34:00+00:00,24162.45,24164.2,24157.4,24158.7,0
2026-05-08 07:35:00+00:00,24159.45,24165.55,24157.9,24162.85,0
2026-05-08 07:36:00+00:00,24164.55,24169.3,24163.05,24164.55,0
2026-05-08 07:37:00+00:00,24166.8,24166.8,24161.0,24163.15,0
2026-05-08 07:38:00+00:00,24164.0,24171.45,24161.8,24171.4,0
2026-05-08 07:39:00+00:00,24172.25,24177.45,24170.8,24175.4,0
2026-05-08 07:40:00+00:00,24176.25,24178.05,24168.75,24168.75,0
2026-05-08 07:41:00+00:00,24169.15,24170.5,24164.55,24170.0,0
2026-05-08 07:42:00+00:00,24171.65,24172.6,24166.9,24168.8,0
2026-05-08 07:43:00+00:00,24169.4,24177.4,24166.0,24167.0,0
2026-05-08 07:44:00+00:00,24168.65,24172.65,24165.5,24167.0,0
2026-05-08 07:45:00+00:00,24169.55,24170.7,24165.5,24167.35,0
2026-05-08 07:46:00+00:00,24168.45,24169.8,24165.4,24168.25,0
2026-05-08 07:47:00+00:00,24169.4,24169.4,24161.15,24162.7,0
2026-05-08 07:48:00+00:00,24163.45,24163.9,24156.9,24163.2,0
2026-05-08 07:49:00+00:00,24164.9,24165.3,24160.75,24162.95,0
2026-05-08 07:50:00+00:00,24164.25,24170.35,24163.65,24164.3,0
2026-05-08 07:51:00+00:00,24165.3,24165.3,24157.45,24162.2,0
2026-05-08 07:52:00+00:00,24162.7,24170.7,24159.0,24169.8,0
2026-05-08 07:53:00+00:00,24169.8,24170.0,24165.75,24166.4,0
2026-05-08 07:54:00+00:00,24167.45,24167.8,24163.35,24166.7,0
2026-05-08 07:55:00+00:00,24168.7,24173.8,24165.25,24173.0,0
2026-05-08 07:56:00+00:00,24173.9,24177.8,24169.3,24177.1,0
2026-05-08 07:57:00+00:00,24177.55,24182.35,24175.6,24182.35,0
2026-05-08 07:58:00+00:00,24183.0,24190.15,24179.35,24189.0,0
2026-05-08 07:59:00+00:00,24190.45,24198.4,24189.7,24195.45,0
2026-05-08 08:00:00+00:00,24196.65,24202.65,24183.7,24185.4,0
2026-05-08 08:01:00+00:00,24186.85,24186.85,24180.3,24183.4,0
2026-05-08 08:02:00+00:00,24185.2,24188.1,24183.05,24184.8,0
2026-05-08 08:03:00+00:00,24186.15,24189.95,24183.15,24186.4,0
2026-05-08 08:04:00+00:00,24187.55,24187.7,24183.85,24184.4,0
2026-05-08 08:05:00+00:00,24186.05,24188.05,24182.65,24186.4,0
2026-05-08 08:06:00+00:00,24187.2,24187.2,24177.9,24178.95,0
2026-05-08 08:07:00+00:00,24180.9,24180.9,24175.2,24177.1,0
2026-05-08 08:08:00+00:00,24179.1,24179.1,24166.5,24168.0,0
2026-05-08 08:09:00+00:00,24169.5,24174.05,24167.75,24172.15,0
2026-05-08 08:10:00+00:00,24174.35,24182.25,24172.55,24180.5,0
2026-05-08 08:11:00+00:00,24181.4,24181.4,24172.25,24172.25,0
2026-05-08 08:12:00+00:00,24173.55,24175.15,24170.15,24175.05,0
2026-05-08 08:13:00+00:00,24176.1,24176.5,24171.1,24172.7,0
2026-05-08 08:14:00+00:00,24175.1,24175.1,24169.65,24170.95,0
2026-05-08 08:15:00+00:00,24173.35,24175.75,24170.1,24173.2,0
2026-05-08 08:16:00+00:00,24176.05,24176.15,24172.0,24173.05,0
2026-05-08 08:17:00+00:00,24174.95,24175.9,24170.45,24174.2,0
2026-05-08 08:18:00+00:00,24175.15,24178.45,24171.4,24176.75,0
2026-05-08 08:19:00+00:00,24178.65,24178.65,24172.3,24173.65,0
2026-05-08 08:20:00+00:00,24176.05,24176.5,24167.95,24168.55,0
2026-05-08 08:21:00+00:00,24169.5,24169.5,24164.7,24168.7,0
2026-05-08 08:22:00+00:00,24169.4,24169.4,24158.05,24158.05,0
2026-05-08 08:23:00+00:00,24160.1,24164.05,24150.75,24162.15,0
2026-05-08 08:24:00+00:00,24164.6,24174.7,24163.9,24174.7,0
2026-05-08 08:25:00+00:00,24174.95,24175.3,24162.3,24162.65,0
2026-05-08 08:26:00+00:00,24163.1,24181.25,24161.8,24173.45,0
2026-05-08 08:27:00+00:00,24174.9,24174.9,24158.0,24162.9,0
2026-05-08 08:28:00+00:00,24164.1,24164.35,24148.4,24148.85,0
2026-05-08 08:29:00+00:00,24149.6,24149.6,24128.35,24137.2,0
2026-05-08 08:30:00+00:00,24139.15,24140.75,24130.6,24140.75,0
2026-05-08 08:31:00+00:00,24143.3,24143.3,24130.0,24132.25,0
2026-05-08 08:32:00+00:00,24133.25,24146.8,24126.65,24145.9,0
2026-05-08 08:33:00+00:00,24147.9,24149.15,24135.6,24148.35,0
2026-05-08 08:34:00+00:00,24150.6,24155.25,24145.6,24145.6,0
2026-05-08 08:35:00+00:00,24148.45,24162.2,24145.95,24155.85,0
2026-05-08 08:36:00+00:00,24158.15,24167.65,24151.2,24157.45,0
2026-05-08 08:37:00+00:00,24158.0,24163.65,24153.65,24163.6,0
2026-05-08 08:38:00+00:00,24164.7,24175.9,24161.9,24172.6,0
2026-05-08 08:39:00+00:00,24175.25,24178.3,24166.35,24177.95,0
2026-05-08 08:40:00+00:00,24179.1,24179.5,24172.5,24174.8,0
2026-05-08 08:41:00+00:00,24176.65,24178.75,24164.55,24166.15,0
2026-05-08 08:42:00+00:00,24168.5,24169.2,24160.05,24160.05,0
2026-05-08 08:43:00+00:00,24162.45,24164.85,24155.25,24162.4,0
2026-05-08 08:44:00+00:00,24164.35,24164.35,24145.85,24145.85,0
2026-05-08 08:45:00+00:00,24147.35,24154.7,24143.5,24154.05,0
2026-05-08 08:46:00+00:00,24155.0,24163.25,24147.95,24159.5,0
2026-05-08 08:47:00+00:00,24161.55,24166.75,24157.7,24159.8,0
2026-05-08 08:48:00+00:00,24160.75,24160.75,24152.05,24152.3,0
2026-05-08 08:49:00+00:00,24153.9,24153.9,24144.75,24147.2,0
2026-05-08 08:50:00+00:00,24148.1,24154.35,24145.3,24147.1,0
2026-05-08 08:51:00+00:00,24148.3,24150.6,24143.05,24147.65,0
2026-05-08 08:52:00+00:00,24148.3,24150.3,24145.15,24145.9,0
2026-05-08 08:53:00+00:00,24146.85,24163.05,24141.75,24161.55,0
2026-05-08 08:54:00+00:00,24163.35,24164.2,24146.15,24147.85,0
2026-05-08 08:55:00+00:00,24150.4,24155.85,24149.05,24153.85,0
2026-05-08 08:56:00+00:00,24154.95,24157.8,24150.65,24156.1,0
2026-05-08 08:57:00+00:00,24157.5,24162.5,24154.5,24160.8,0
2026-05-08 08:58:00+00:00,24161.9,24167.0,24158.0,24165.0,0
2026-05-08 08:59:00+00:00,24168.5,24170.75,24164.9,24169.65,0
2026-05-08 09:00:00+00:00,24171.0,24179.9,24168.55,24179.6,0
2026-05-08 09:01:00+00:00,24181.65,24192.75,24179.45,24192.75,0
2026-05-08 09:02:00+00:00,24193.8,24199.15,24191.55,24196.95,0
2026-05-08 09:03:00+00:00,24198.95,24207.05,24196.3,24202.5,0
2026-05-08 09:04:00+00:00,24204.1,24204.75,24195.05,24195.45,0
2026-05-08 09:05:00+00:00,24196.35,24205.0,24193.5,24204.15,0
2026-05-08 09:06:00+00:00,24205.95,24214.4,24200.55,24210.1,0
2026-05-08 09:07:00+00:00,24211.7,24220.05,24207.05,24217.55,0
2026-05-08 09:08:00+00:00,24218.4,24221.05,24214.0,24217.8,0
2026-05-08 09:09:00+00:00,24220.15,24223.75,24217.7,24218.65,0
2026-05-08 09:10:00+00:00,24220.55,24235.8,24219.25,24233.15,0
2026-05-08 09:11:00+00:00,24235.1,24235.1,24223.75,24225.1,0
2026-05-08 09:12:00+00:00,24225.75,24227.95,24221.25,24226.25,0
2026-05-08 09:13:00+00:00,24226.9,24230.0,24225.25,24226.5,0
2026-05-08 09:14:00+00:00,24228.1,24235.85,24226.65,24231.7,0
2026-05-08 09:15:00+00:00,24233.55,24236.9,24225.7,24230.85,0
2026-05-08 09:16:00+00:00,24232.35,24234.9,24230.1,24233.0,0
2026-05-08 09:17:00+00:00,24234.35,24236.25,24228.5,24228.5,0
2026-05-08 09:18:00+00:00,24230.5,24230.5,24220.1,24220.35,0
2026-05-08 09:19:00+00:00,24221.95,24234.55,24220.85,24232.2,0
2026-05-08 09:20:00+00:00,24234.05,24234.05,24230.1,24232.8,0
2026-05-08 09:21:00+00:00,24234.8,24240.1,24231.4,24238.05,0
2026-05-08 09:22:00+00:00,24240.25,24240.25,24230.25,24234.05,0
2026-05-08 09:23:00+00:00,24235.9,24236.85,24230.0,24230.55,0
2026-05-08 09:24:00+00:00,24232.3,24232.4,24228.8,24231.0,0
2026-05-08 09:25:00+00:00,24232.75,24232.75,24228.3,24229.25,0
2026-05-08 09:26:00+00:00,24230.0,24230.0,24224.95,24226.2,0
2026-05-08 09:27:00+00:00,24226.9,24235.3,24224.55,24230.5,0
2026-05-08 09:28:00+00:00,24231.8,24232.75,24225.4,24230.7,0
2026-05-08 09:29:00+00:00,24230.85,24230.85,24206.6,24213.65,0
2026-05-08 09:30:00+00:00,24215.1,24215.1,24180.3,24184.75,0
2026-05-08 09:31:00+00:00,24187.2,24192.3,24183.5,24183.65,0
2026-05-08 09:32:00+00:00,24184.3,24184.3,24172.9,24177.2,0
2026-05-08 09:33:00+00:00,24178.15,24178.15,24171.05,24171.2,0
2026-05-08 09:34:00+00:00,24173.7,24173.7,24168.35,24170.3,0
2026-05-08 09:35:00+00:00,24171.1,24185.05,24169.75,24184.95,0
2026-05-08 09:36:00+00:00,24185.45,24185.5,24177.4,24179.05,0
2026-05-08 09:37:00+00:00,24179.5,24179.75,24172.75,24179.75,0
2026-05-08 09:38:00+00:00,24181.25,24184.0,24179.5,24181.55,0
2026-05-08 09:39:00+00:00,24183.2,24183.8,24179.0,24179.7,0
2026-05-08 09:40:00+00:00,24180.35,24186.25,24178.95,24185.3,0
2026-05-08 09:41:00+00:00,24186.3,24189.0,24181.95,24185.7,0
2026-05-08 09:42:00+00:00,24186.45,24186.45,24176.75,24177.75,0
2026-05-08 09:43:00+00:00,24178.3,24178.3,24172.4,24173.9,0
2026-05-08 09:44:00+00:00,24175.2,24180.95,24173.85,24180.85,0
2026-05-08 09:45:00+00:00,24180.6,24196.9,24179.25,24193.45,0
2026-05-08 09:46:00+00:00,24193.45,24194.5,24187.65,24188.6,0
2026-05-08 09:47:00+00:00,24188.5,24189.35,24179.3,24180.75,0
2026-05-08 09:48:00+00:00,24179.45,24180.2,24171.45,24175.75,0
2026-05-08 09:49:00+00:00,24175.35,24176.9,24170.5,24175.6,0
2026-05-08 09:50:00+00:00,24174.05,24174.95,24167.9,24169.7,0
2026-05-08 09:51:00+00:00,24169.5,24171.0,24164.5,24168.1,0
2026-05-08 09:52:00+00:00,24169.0,24169.9,24165.45,24166.95,0
2026-05-08 09:53:00+00:00,24166.65,24172.65,24163.5,24171.5,0
2026-05-08 09:54:00+00:00,24170.95,24171.9,24164.85,24170.7,0
2026-05-08 09:55:00+00:00,24170.55,24178.05,24169.7,24175.85,0
2026-05-08 09:56:00+00:00,24176.5,24177.4,24171.95,24173.95,0
2026-05-08 09:57:00+00:00,24173.45,24178.35,24172.1,24174.5,0
2026-05-08 09:58:00+00:00,24173.7,24176.4,24170.25,24175.75,0
2026-05-08 09:59:00+00:00,24175.25,24180.65,24170.05,24179.8,0
2026-05-11 03:45:00+00:00,23970.1,23986.8,23897.2,23943.2,0
2026-05-11 03:46:00+00:00,23943.6,23950.8,23921.25,23945.25,0
2026-05-11 03:47:00+00:00,23946.75,23951.2,23922.55,23928.05,0
2026-05-11 03:48:00+00:00,23926.05,23926.05,23906.25,23910.2,0
2026-05-11 03:49:00+00:00,23909.6,23927.95,23904.55,23918.75,0
2026-05-11 03:50:00+00:00,23919.05,23920.05,23898.6,23901.25,0
2026-05-11 03:51:00+00:00,23901.65,23911.2,23895.55,23907.6,0
2026-05-11 03:52:00+00:00,23907.65,23916.35,23903.55,23908.7,0
2026-05-11 03:53:00+00:00,23909.3,23918.0,23905.6,23918.0,0
2026-05-11 03:54:00+00:00,23917.7,23942.6,23917.7,23937.45,0
2026-05-11 03:55:00+00:00,23936.8,23944.1,23926.1,23926.5,0
2026-05-11 03:56:00+00:00,23926.2,23930.55,23918.7,23920.3,0
2026-05-11 03:57:00+00:00,23921.75,23948.6,23920.5,23944.6,0
2026-05-11 03:58:00+00:00,23944.45,23947.55,23933.4,23941.8,0
2026-05-11 03:59:00+00:00,23941.95,23956.3,23940.15,23953.25,0
2026-05-11 04:00:00+00:00,23952.2,23955.85,23945.9,23947.8,0
2026-05-11 04:01:00+00:00,23947.55,23959.55,23946.1,23955.85,0
2026-05-11 04:02:00+00:00,23956.15,23957.25,23946.75,23946.75,0
2026-05-11 04:03:00+00:00,23947.15,23948.05,23917.35,23920.4,0
2026-05-11 04:04:00+00:00,23918.55,23937.25,23917.05,23930.7,0
2026-05-11 04:05:00+00:00,23930.6,23931.3,23916.1,23918.75,0
2026-05-11 04:06:00+00:00,23917.9,23919.35,23905.55,23908.0,0
2026-05-11 04:07:00+00:00,23906.85,23908.25,23900.45,23900.95,0
2026-05-11 04:08:00+00:00,23900.65,23901.45,23890.15,23890.8,0
2026-05-11 04:09:00+00:00,23890.55,23891.65,23874.7,23881.8,0
2026-05-11 04:10:00+00:00,23881.35,23882.5,23871.0,23878.45,0
2026-05-11 04:11:00+00:00,23879.4,23895.85,23878.75,23885.45,0
2026-05-11 04:12:00+00:00,23885.55,23898.15,23882.6,23882.6,0
2026-05-11 04:13:00+00:00,23883.55,23887.1,23867.55,23872.05,0
2026-05-11 04:14:00+00:00,23872.45,23873.15,23864.1,23865.65,0
2026-05-11 04:15:00+00:00,23866.15,23876.85,23864.2,23866.0,0
2026-05-11 04:16:00+00:00,23865.25,23881.55,23864.7,23881.4,0
2026-05-11 04:17:00+00:00,23881.25,23884.55,23876.7,23883.95,0
2026-05-11 04:18:00+00:00,23884.35,23889.85,23877.5,23879.35,0
2026-05-11 04:19:00+00:00,23879.35,23887.45,23874.7,23885.0,0
2026-05-11 04:20:00+00:00,23885.35,23888.05,23878.4,23880.75,0
2026-05-11 04:21:00+00:00,23881.55,23883.8,23876.9,23877.85,0
2026-05-11 04:22:00+00:00,23878.15,23879.9,23875.45,23876.65,0
2026-05-11 04:23:00+00:00,23876.6,23885.1,23870.5,23884.15,0
2026-05-11 04:24:00+00:00,23885.05,23893.5,23884.2,23892.75,0
2026-05-11 04:25:00+00:00,23893.7,23899.95,23876.7,23876.8,0
2026-05-11 04:26:00+00:00,23876.3,23881.95,23869.6,23872.9,0
2026-05-11 04:27:00+00:00,23872.05,23882.85,23868.2,23881.0,0
2026-05-11 04:28:00+00:00,23881.4,23886.4,23876.85,23878.85,0
2026-05-11 04:29:00+00:00,23878.6,23880.15,23872.85,23874.25,0
2026-05-11 04:30:00+00:00,23874.6,23881.65,23873.25,23880.5,0
2026-05-11 04:31:00+00:00,23880.4,23884.1,23877.0,23882.4,0
2026-05-11 04:32:00+00:00,23882.4,23888.3,23881.1,23884.8,0
2026-05-11 04:33:00+00:00,23884.75,23894.55,23883.9,23893.3,0
2026-05-11 04:34:00+00:00,23893.6,23897.4,23890.45,23893.15,0
2026-05-11 04:35:00+00:00,23892.9,23896.1,23887.1,23893.2,0
2026-05-11 04:36:00+00:00,23893.35,23895.0,23888.7,23893.55,0
2026-05-11 04:37:00+00:00,23893.45,23898.9,23891.35,23891.6,0
2026-05-11 04:38:00+00:00,23891.75,23900.7,23891.75,23893.55,0
2026-05-11 04:39:00+00:00,23892.7,23903.7,23892.65,23899.15,0
2026-05-11 04:40:00+00:00,23899.6,23902.8,23890.05,23893.25,0
2026-05-11 04:41:00+00:00,23893.65,23897.55,23892.95,23893.85,0
2026-05-11 04:42:00+00:00,23893.5,23896.5,23887.3,23895.25,0
2026-05-11 04:43:00+00:00,23895.55,23900.3,23894.3,23898.6,0
2026-05-11 04:44:00+00:00,23898.6,23901.2,23892.6,23893.4,0
2026-05-11 04:45:00+00:00,23894.75,23896.25,23882.85,23884.0,0
2026-05-11 04:46:00+00:00,23883.85,23891.9,23881.85,23884.8,0
2026-05-11 04:47:00+00:00,23885.0,23887.25,23874.0,23875.6,0
2026-05-11 04:48:00+00:00,23875.15,23876.95,23854.95,23856.95,0
2026-05-11 04:49:00+00:00,23856.75,23859.9,23850.25,23851.25,0
2026-05-11 04:50:00+00:00,23850.85,23855.6,23845.3,23855.0,0
2026-05-11 04:51:00+00:00,23854.3,23866.35,23853.1,23866.35,0
2026-05-11 04:52:00+00:00,23865.8,23875.95,23864.4,23875.75,0
2026-05-11 04:53:00+00:00,23876.15,23877.5,23865.8,23866.8,0
2026-05-11 04:54:00+00:00,23867.25,23873.85,23864.7,23871.7,0
2026-05-11 04:55:00+00:00,23871.2,23872.1,23864.3,23867.35,0
2026-05-11 04:56:00+00:00,23867.35,23877.15,23865.15,23875.5,0
2026-05-11 04:57:00+00:00,23874.9,23878.3,23868.6,23869.0,0
2026-05-11 04:58:00+00:00,23869.0,23871.75,23866.8,23868.0,0
2026-05-11 04:59:00+00:00,23868.35,23871.6,23866.2,23869.2,0
2026-05-11 05:00:00+00:00,23868.45,23872.6,23864.45,23864.95,0
2026-05-11 05:01:00+00:00,23865.45,23865.9,23860.15,23863.1,0
2026-05-11 05:02:00+00:00,23862.85,23868.25,23861.9,23863.7,0
2026-05-11 05:03:00+00:00,23864.4,23869.7,23860.75,23866.05,0
2026-05-11 05:04:00+00:00,23866.35,23874.5,23865.9,23870.05,0
2026-05-11 05:05:00+00:00,23870.3,23872.6,23867.75,23872.25,0
2026-05-11 05:06:00+00:00,23872.25,23874.8,23865.25,23865.45,0
2026-05-11 05:07:00+00:00,23865.5,23866.25,23857.0,23858.5,0
2026-05-11 05:08:00+00:00,23859.0,23859.95,23853.0,23855.55,0
2026-05-11 05:09:00+00:00,23855.55,23863.15,23847.45,23863.15,0
2026-05-11 05:10:00+00:00,23862.65,23863.95,23857.1,23862.75,0
2026-05-11 05:11:00+00:00,23862.65,23865.15,23859.9,23863.45,0
2026-05-11 05:12:00+00:00,23863.7,23864.75,23854.0,23855.95,0
2026-05-11 05:13:00+00:00,23856.3,23857.85,23851.6,23857.15,0
2026-05-11 05:14:00+00:00,23857.65,23860.9,23856.6,23860.1,0
2026-05-11 05:15:00+00:00,23859.95,23861.25,23852.55,23853.8,0
2026-05-11 05:16:00+00:00,23853.75,23863.35,23851.9,23859.75,0
2026-05-11 05:17:00+00:00,23859.95,23863.0,23857.55,23857.8,0
2026-05-11 05:18:00+00:00,23858.0,23859.5,23850.85,23852.35,0
2026-05-11 05:19:00+00:00,23852.15,23863.05,23851.6,23860.4,0
2026-05-11 05:20:00+00:00,23860.15,23867.25,23859.2,23866.8,0
2026-05-11 05:21:00+00:00,23867.15,23868.95,23864.65,23864.65,0
2026-05-11 05:22:00+00:00,23864.4,23871.2,23862.4,23868.2,0
2026-05-11 05:23:00+00:00,23868.5,23878.85,23865.15,23878.1,0
2026-05-11 05:24:00+00:00,23877.2,23890.65,23876.6,23889.85,0
2026-05-11 05:25:00+00:00,23890.1,23892.2,23883.3,23886.7,0
2026-05-11 05:26:00+00:00,23887.0,23888.85,23882.1,23884.55,0
2026-05-11 05:27:00+00:00,23885.05,23890.45,23884.55,23885.7,0
2026-05-11 05:28:00+00:00,23886.0,23892.5,23885.5,23889.75,0
2026-05-11 05:29:00+00:00,23889.8,23891.4,23886.05,23886.95,0
2026-05-11 05:30:00+00:00,23887.0,23891.15,23884.75,23889.1,0
2026-05-11 05:31:00+00:00,23888.85,23891.7,23887.3,23890.6,0
2026-05-11 05:32:00+00:00,23890.6,23894.3,23881.1,23881.5,0
2026-05-11 05:33:00+00:00,23881.3,23890.6,23878.55,23889.85,0
2026-05-11 05:34:00+00:00,23889.7,23897.35,23889.45,23896.2,0
2026-05-11 05:35:00+00:00,23895.8,23900.8,23895.8,23899.65,0
2026-05-11 05:36:00+00:00,23899.3,23904.3,23898.95,23902.6,0
2026-05-11 05:37:00+00:00,23902.2,23907.3,23901.65,23902.0,0
2026-05-11 05:38:00+00:00,23901.55,23903.1,23893.35,23897.85,0
2026-05-11 05:39:00+00:00,23897.65,23904.4,23897.65,23903.25,0
2026-05-11 05:40:00+00:00,23902.9,23909.95,23902.9,23908.45,0
2026-05-11 05:41:00+00:00,23907.75,23918.2,23907.5,23918.2,0
2026-05-11 05:42:00+00:00,23918.0,23922.55,23914.05,23915.75,0
2026-05-11 05:43:00+00:00,23915.4,23918.25,23911.2,23914.9,0
2026-05-11 05:44:00+00:00,23914.8,23917.95,23911.6,23914.6,0
2026-05-11 05:45:00+00:00,23914.6,23920.15,23914.6,23916.45,0
2026-05-11 05:46:00+00:00,23916.45,23917.85,23914.2,23916.4,0
2026-05-11 05:47:00+00:00,23916.8,23921.7,23913.95,23913.95,0
2026-05-11 05:48:00+00:00,23914.6,23918.55,23912.6,23912.7,0
2026-05-11 05:49:00+00:00,23912.9,23918.95,23910.4,23918.3,0
2026-05-11 05:50:00+00:00,23918.65,23936.9,23918.2,23935.75,0
2026-05-11 05:51:00+00:00,23935.9,23942.95,23934.25,23935.15,0
2026-05-11 05:52:00+00:00,23934.95,23936.75,23930.25,23936.0,0
2026-05-11 05:53:00+00:00,23935.8,23937.95,23932.5,23935.45,0
2026-05-11 05:54:00+00:00,23935.1,23936.25,23925.9,23926.2,0
2026-05-11 05:55:00+00:00,23926.2,23931.7,23926.2,23928.45,0
2026-05-11 05:56:00+00:00,23929.0,23934.95,23922.1,23922.75,0
2026-05-11 05:57:00+00:00,23922.85,23925.15,23917.1,23919.05,0
2026-05-11 05:58:00+00:00,23919.4,23921.7,23913.25,23921.15,0
2026-05-11 05:59:00+00:00,23920.55,23931.4,23919.5,23927.8,0
2026-05-11 06:00:00+00:00,23928.2,23930.15,23916.35,23916.7,0
2026-05-11 06:01:00+00:00,23916.2,23922.55,23907.25,23921.9,0
2026-05-11 06:02:00+00:00,23920.85,23930.85,23920.1,23920.15,0
2026-05-11 06:03:00+00:00,23920.55,23922.55,23918.05,23918.45,0
2026-05-11 06:04:00+00:00,23918.7,23925.15,23916.4,23924.6,0
2026-05-11 06:05:00+00:00,23925.1,23930.2,23921.3,23929.75,0
2026-05-11 06:06:00+00:00,23929.25,23932.2,23925.25,23927.4,0
2026-05-11 06:07:00+00:00,23926.9,23933.45,23924.0,23925.65,0
2026-05-11 06:08:00+00:00,23925.6,23926.8,23916.95,23918.8,0
2026-05-11 06:09:00+00:00,23919.3,23936.1,23918.55,23936.1,0
2026-05-11 06:10:00+00:00,23936.05,23939.5,23932.9,23938.25,0
2026-05-11 06:11:00+00:00,23937.95,23949.2,23937.55,23947.75,0
2026-05-11 06:12:00+00:00,23948.3,23951.05,23945.75,23950.5,0
2026-05-11 06:13:00+00:00,23950.65,23951.25,23946.95,23951.1,0
2026-05-11 06:14:00+00:00,23951.0,23952.7,23947.05,23949.4,0
2026-05-11 06:15:00+00:00,23949.55,23956.9,23948.15,23952.65,0
2026-05-11 06:16:00+00:00,23952.55,23953.4,23937.8,23938.9,0
2026-05-11 06:17:00+00:00,23938.45,23940.8,23927.55,23931.2,0
2026-05-11 06:18:00+00:00,23930.2,23933.9,23924.9,23925.4,0
2026-05-11 06:19:00+00:00,23925.8,23927.15,23920.35,23921.25,0
2026-05-11 06:20:00+00:00,23922.1,23928.6,23921.85,23926.8,0
2026-05-11 06:21:00+00:00,23927.3,23928.95,23921.4,23927.0,0
2026-05-11 06:22:00+00:00,23926.8,23932.25,23923.9,23930.15,0
2026-05-11 06:23:00+00:00,23930.4,23939.35,23930.4,23937.25,0
2026-05-11 06:24:00+00:00,23936.8,23941.0,23934.75,23937.75,0
2026-05-11 06:25:00+00:00,23937.7,23939.0,23933.05,23933.75,0
2026-05-11 06:26:00+00:00,23934.0,23935.9,23930.1,23930.9,0
2026-05-11 06:27:00+00:00,23930.35,23932.95,23925.3,23925.3,0
2026-05-11 06:28:00+00:00,23925.55,23927.15,23923.65,23926.9,0
2026-05-11 06:29:00+00:00,23927.25,23931.8,23926.8,23930.9,0
2026-05-11 06:30:00+00:00,23931.25,23934.7,23928.6,23931.3,0
2026-05-11 06:31:00+00:00,23931.0,23931.25,23926.0,23926.05,0
2026-05-11 06:32:00+00:00,23925.7,23932.45,23924.55,23931.2,0
2026-05-11 06:33:00+00:00,23931.0,23937.8,23929.7,23933.2,0
2026-05-11 06:34:00+00:00,23933.5,23936.0,23922.5,23923.7,0
2026-05-11 06:35:00+00:00,23923.7,23929.25,23920.3,23928.5,0
2026-05-11 06:36:00+00:00,23928.75,23933.9,23926.6,23926.85,0
2026-05-11 06:37:00+00:00,23926.85,23934.2,23926.1,23931.6,0
2026-05-11 06:38:00+00:00,23933.45,23939.5,23932.35,23938.65,0
2026-05-11 06:39:00+00:00,23937.55,23943.95,23936.65,23939.3,0
2026-05-11 06:40:00+00:00,23939.45,23942.4,23933.05,23940.75,0
2026-05-11 06:41:00+00:00,23940.8,23941.45,23932.55,23933.3,0
2026-05-11 06:42:00+00:00,23933.85,23935.6,23930.4,23931.25,0
2026-05-11 06:43:00+00:00,23930.95,23937.5,23930.95,23937.5,0
2026-05-11 06:44:00+00:00,23937.3,23940.2,23933.05,23935.55,0
2026-05-11 06:45:00+00:00,23935.2,23940.05,23934.1,23935.05,0
2026-05-11 06:46:00+00:00,23936.0,23936.3,23928.6,23929.0,0
2026-05-11 06:47:00+00:00,23929.1,23934.2,23926.65,23931.3,0
2026-05-11 06:48:00+00:00,23931.4,23936.8,23930.8,23934.7,0
2026-05-11 06:49:00+00:00,23934.8,23942.55,23934.55,23938.0,0
2026-05-11 06:50:00+00:00,23938.2,23940.5,23930.6,23931.65,0
2026-05-11 06:51:00+00:00,23931.8,23935.45,23930.15,23931.1,0
2026-05-11 06:52:00+00:00,23931.05,23936.6,23928.85,23936.6,0
2026-05-11 06:53:00+00:00,23936.75,23941.0,23935.55,23939.3,0
2026-05-11 06:54:00+00:00,23939.85,23943.95,23938.85,23942.5,0
2026-05-11 06:55:00+00:00,23942.2,23945.05,23937.7,23941.25,0
2026-05-11 06:56:00+00:00,23941.25,23944.15,23936.2,23938.0,0
2026-05-11 06:57:00+00:00,23937.6,23939.6,23933.75,23935.6,0
2026-05-11 06:58:00+00:00,23935.5,23937.4,23929.85,23931.9,0
2026-05-11 06:59:00+00:00,23931.75,23934.4,23928.05,23929.05,0
2026-05-11 07:00:00+00:00,23928.9,23930.2,23924.25,23925.75,0
2026-05-11 07:01:00+00:00,23926.05,23927.35,23914.45,23915.0,0
2026-05-11 07:02:00+00:00,23915.35,23919.45,23908.45,23909.3,0
2026-05-11 07:03:00+00:00,23908.9,23922.0,23908.75,23922.0,0
2026-05-11 07:04:00+00:00,23921.0,23927.35,23920.15,23924.3,0
2026-05-11 07:05:00+00:00,23924.7,23930.7,23924.25,23928.1,0
2026-05-11 07:06:00+00:00,23928.45,23933.9,23924.5,23925.4,0
2026-05-11 07:07:00+00:00,23925.15,23928.85,23918.15,23918.55,0
2026-05-11 07:08:00+00:00,23917.95,23919.75,23902.7,23904.0,0
2026-05-11 07:09:00+00:00,23904.7,23913.7,23902.45,23913.1,0
2026-05-11 07:10:00+00:00,23913.8,23921.85,23913.7,23919.9,0
2026-05-11 07:11:00+00:00,23921.65,23927.55,23921.45,23923.9,0
2026-05-11 07:12:00+00:00,23924.05,23943.3,23923.65,23940.8,0
2026-05-11 07:13:00+00:00,23941.75,23949.8,23940.95,23948.0,0
2026-05-11 07:14:00+00:00,23947.4,23954.95,23947.4,23950.35,0
2026-05-11 07:15:00+00:00,23949.7,23954.65,23947.3,23948.65,0
2026-05-11 07:16:00+00:00,23948.7,23950.75,23946.15,23947.1,0
2026-05-11 07:17:00+00:00,23947.2,23949.15,23940.35,23941.85,0
2026-05-11 07:18:00+00:00,23941.7,23946.2,23940.75,23942.0,0
2026-05-11 07:19:00+00:00,23942.1,23942.8,23936.55,23940.9,0
2026-05-11 07:20:00+00:00,23940.95,23945.55,23940.05,23943.65,0
2026-05-11 07:21:00+00:00,23943.7,23945.05,23940.2,23942.95,0
2026-05-11 07:22:00+00:00,23943.05,23950.75,23942.65,23948.8,0
2026-05-11 07:23:00+00:00,23948.6,23951.9,23940.8,23941.6,0
2026-05-11 07:24:00+00:00,23941.8,23942.6,23932.0,23938.3,0
2026-05-11 07:25:00+00:00,23938.25,23945.05,23937.4,23942.6,0
2026-05-11 07:26:00+00:00,23943.2,23945.7,23941.3,23945.5,0
2026-05-11 07:27:00+00:00,23946.3,23951.75,23943.55,23944.5,0
2026-05-11 07:28:00+00:00,23943.95,23949.1,23942.55,23945.95,0
2026-05-11 07:29:00+00:00,23945.2,23948.95,23944.35,23945.55,0
2026-05-11 07:30:00+00:00,23945.4,23946.2,23938.05,23938.65,0
2026-05-11 07:31:00+00:00,23939.1,23943.3,23932.1,23940.5,0
2026-05-11 07:32:00+00:00,23941.0,23941.85,23931.45,23932.85,0
2026-05-11 07:33:00+00:00,23932.75,23937.55,23918.3,23918.65,0
2026-05-11 07:34:00+00:00,23918.35,23924.75,23918.35,23918.7,0
2026-05-11 07:35:00+00:00,23918.55,23923.0,23910.9,23910.9,0
2026-05-11 07:36:00+00:00,23910.5,23913.5,23905.05,23908.2,0
2026-05-11 07:37:00+00:00,23907.75,23926.3,23906.95,23921.85,0
2026-05-11 07:38:00+00:00,23922.2,23928.4,23919.2,23926.45,0
2026-05-11 07:39:00+00:00,23926.55,23939.2,23926.1,23939.15,0
2026-05-11 07:40:00+00:00,23939.2,23944.95,23939.15,23940.55,0
2026-05-11 07:41:00+00:00,23940.25,23941.4,23932.5,23934.35,0
2026-05-11 07:42:00+00:00,23934.05,23942.55,23933.65,23933.65,0
2026-05-11 07:43:00+00:00,23933.55,23943.2,23933.55,23939.55,0
2026-05-11 07:44:00+00:00,23938.7,23949.8,23938.5,23949.8,0
2026-05-11 07:45:00+00:00,23949.9,23950.9,23945.3,23947.95,0
2026-05-11 07:46:00+00:00,23947.5,23948.95,23943.65,23944.0,0
2026-05-11 07:47:00+00:00,23943.05,23944.85,23940.5,23941.35,0
2026-05-11 07:48:00+00:00,23941.2,23945.8,23937.9,23945.15,0
2026-05-11 07:49:00+00:00,23944.6,23945.15,23934.5,23934.95,0
2026-05-11 07:50:00+00:00,23935.35,23940.95,23935.35,23940.5,0
2026-05-11 07:51:00+00:00,23939.8,23945.4,23939.8,23945.35,0
2026-05-11 07:52:00+00:00,23944.85,23950.05,23944.5,23946.35,0
2026-05-11 07:53:00+00:00,23946.65,23947.85,23942.5,23944.3,0
2026-05-11 07:54:00+00:00,23945.8,23950.7,23944.8,23949.5,0
2026-05-11 07:55:00+00:00,23950.65,23952.5,23948.05,23951.3,0
2026-05-11 07:56:00+00:00,23951.25,23953.3,23948.2,23950.8,0
2026-05-11 07:57:00+00:00,23951.1,23952.05,23946.15,23947.85,0
2026-05-11 07:58:00+00:00,23948.4,23948.7,23940.85,23942.05,0
2026-05-11 07:59:00+00:00,23941.85,23948.15,23940.4,23946.35,0
2026-05-11 08:00:00+00:00,23946.1,23951.2,23944.15,23944.4,0
2026-05-11 08:01:00+00:00,23944.6,23951.75,23943.35,23950.2,0
2026-05-11 08:02:00+00:00,23950.6,23955.15,23948.45,23949.45,0
2026-05-11 08:03:00+00:00,23949.8,23951.25,23947.35,23947.55,0
2026-05-11 08:04:00+00:00,23948.05,23951.3,23945.55,23950.7,0
2026-05-11 08:05:00+00:00,23950.6,23972.4,23949.8,23971.95,0
2026-05-11 08:06:00+00:00,23971.85,23988.25,23970.55,23975.45,0
2026-05-11 08:07:00+00:00,23975.35,23977.65,23963.85,23965.1,0
2026-05-11 08:08:00+00:00,23964.75,23965.85,23954.85,23962.35,0
2026-05-11 08:09:00+00:00,23962.25,23965.55,23952.1,23952.1,0
2026-05-11 08:10:00+00:00,23952.05,23957.85,23946.35,23957.15,0
2026-05-11 08:11:00+00:00,23956.65,23962.7,23954.4,23961.65,0
2026-05-11 08:12:00+00:00,23961.7,23973.05,23961.6,23971.85,0
2026-05-11 08:13:00+00:00,23972.25,23973.75,23965.35,23965.95,0
2026-05-11 08:14:00+00:00,23965.8,23971.7,23964.75,23965.45,0
2026-05-11 08:15:00+00:00,23966.55,23981.0,23965.7,23978.85,0
2026-05-11 08:16:00+00:00,23979.1,23986.3,23978.45,23986.2,0
2026-05-11 08:17:00+00:00,23986.1,23987.55,23979.5,23980.05,0
2026-05-11 08:18:00+00:00,23980.75,23986.35,23980.05,23981.0,0
2026-05-11 08:19:00+00:00,23981.2,23982.7,23977.1,23979.8,0
2026-05-11 08:20:00+00:00,23978.85,23983.45,23977.05,23977.55,0
2026-05-11 08:21:00+00:00,23977.75,23981.75,23975.75,23980.75,0
2026-05-11 08:22:00+00:00,23981.5,23983.25,23978.45,23979.05,0
2026-05-11 08:23:00+00:00,23979.0,23985.9,23976.2,23984.95,0
2026-05-11 08:24:00+00:00,23985.15,23997.45,23985.15,23993.95,0
2026-05-11 08:25:00+00:00,23994.3,23997.0,23986.3,23987.55,0
2026-05-11 08:26:00+00:00,23987.7,23989.3,23982.1,23986.25,0
2026-05-11 08:27:00+00:00,23986.35,23988.75,23977.0,23978.6,0
2026-05-11 08:28:00+00:00,23978.85,23979.75,23968.4,23970.95,0
2026-05-11 08:29:00+00:00,23971.3,23973.25,23966.25,23966.45,0
2026-05-11 08:30:00+00:00,23966.45,23971.9,23957.95,23971.0,0
2026-05-11 08:31:00+00:00,23970.45,23973.25,23965.85,23965.9,0
2026-05-11 08:32:00+00:00,23966.3,23967.85,23961.95,23965.75,0
2026-05-11 08:33:00+00:00,23965.2,23970.25,23964.9,23967.35,0
2026-05-11 08:34:00+00:00,23967.65,23969.45,23961.75,23963.55,0
2026-05-11 08:35:00+00:00,23963.35,23970.2,23963.05,23969.75,0
2026-05-11 08:36:00+00:00,23969.9,23971.1,23963.95,23964.55,0
2026-05-11 08:37:00+00:00,23964.25,23971.85,23963.9,23970.75,0
2026-05-11 08:38:00+00:00,23971.25,23973.5,23963.85,23965.2,0
2026-05-11 08:39:00+00:00,23965.0,23970.1,23958.05,23958.95,0
2026-05-11 08:40:00+00:00,23958.95,23967.15,23958.95,23962.7,0
2026-05-11 08:41:00+00:00,23962.75,23965.6,23957.5,23957.95,0
2026-05-11 08:42:00+00:00,23958.6,23961.25,23955.85,23956.85,0
2026-05-11 08:43:00+00:00,23956.8,23958.45,23951.2,23952.0,0
2026-05-11 08:44:00+00:00,23952.7,23952.8,23943.1,23946.3,0
2026-05-11 08:45:00+00:00,23945.25,23954.1,23945.25,23949.95,0
2026-05-11 08:46:00+00:00,23949.6,23950.65,23937.0,23937.65,0
2026-05-11 08:47:00+00:00,23937.8,23944.0,23933.95,23941.35,0
2026-05-11 08:48:00+00:00,23941.05,23951.4,23940.35,23945.45,0
2026-05-11 08:49:00+00:00,23945.25,23946.1,23939.05,23939.75,0
2026-05-11 08:50:00+00:00,23939.55,23949.4,23939.15,23943.6,0
2026-05-11 08:51:00+00:00,23943.95,23949.5,23943.0,23947.15,0
2026-05-11 08:52:00+00:00,23947.15,23948.45,23939.9,23941.65,0
2026-05-11 08:53:00+00:00,23941.45,23945.05,23939.8,23940.25,0
2026-05-11 08:54:00+00:00,23941.2,23948.6,23941.1,23941.7,0
2026-05-11 08:55:00+00:00,23941.6,23942.9,23937.85,23938.25,0
2026-05-11 08:56:00+00:00,23938.05,23940.95,23933.95,23940.7,0
2026-05-11 08:57:00+00:00,23940.45,23942.2,23928.2,23930.6,0
2026-05-11 08:58:00+00:00,23930.5,23936.2,23922.15,23934.15,0
2026-05-11 08:59:00+00:00,23934.35,23935.55,23929.45,23931.9,0
2026-05-11 09:00:00+00:00,23931.95,23936.15,23926.15,23929.1,0
2026-05-11 09:01:00+00:00,23929.15,23933.6,23927.3,23929.9,0
2026-05-11 09:02:00+00:00,23930.35,23933.8,23928.0,23930.8,0
2026-05-11 09:03:00+00:00,23930.95,23939.1,23930.4,23938.45,0
2026-05-11 09:04:00+00:00,23938.9,23953.55,23935.7,23953.0,0
2026-05-11 09:05:00+00:00,23952.9,23957.85,23946.25,23947.55,0
2026-05-11 09:06:00+00:00,23946.85,23949.5,23932.95,23934.25,0
2026-05-11 09:07:00+00:00,23933.65,23936.1,23925.4,23925.85,0
2026-05-11 09:08:00+00:00,23924.85,23928.0,23923.25,23925.8,0
2026-05-11 09:09:00+00:00,23926.75,23927.6,23921.75,23926.1,0
2026-05-11 09:10:00+00:00,23925.95,23927.75,23923.2,23923.25,0
2026-05-11 09:11:00+00:00,23923.05,23930.2,23923.05,23927.75,0
2026-05-11 09:12:00+00:00,23927.6,23931.3,23925.7,23925.7,0
2026-05-11 09:13:00+00:00,23925.45,23925.6,23904.2,23911.25,0
2026-05-11 09:14:00+00:00,23910.7,23918.95,23910.7,23916.35,0
2026-05-11 09:15:00+00:00,23916.6,23919.05,23914.9,23918.65,0
2026-05-11 09:16:00+00:00,23919.9,23924.35,23919.35,23921.9,0
2026-05-11 09:17:00+00:00,23921.85,23923.25,23905.45,23907.9,0
2026-05-11 09:18:00+00:00,23908.25,23910.0,23893.45,23894.1,0
2026-05-11 09:19:00+00:00,23894.1,23894.9,23883.1,23889.9,0
2026-05-11 09:20:00+00:00,23889.95,23913.1,23888.25,23911.9,0
2026-05-11 09:21:00+00:00,23911.0,23914.15,23908.85,23909.7,0
2026-05-11 09:22:00+00:00,23909.35,23910.8,23890.95,23891.85,0
2026-05-11 09:23:00+00:00,23891.85,23897.0,23891.85,23897.0,0
2026-05-11 09:24:00+00:00,23897.25,23899.5,23893.9,23894.15,0
2026-05-11 09:25:00+00:00,23894.05,23896.85,23893.1,23895.1,0
2026-05-11 09:26:00+00:00,23895.85,23896.2,23888.85,23889.7,0
2026-05-11 09:27:00+00:00,23889.85,23891.05,23883.35,23883.35,0
2026-05-11 09:28:00+00:00,23883.1,23885.2,23879.95,23881.35,0
2026-05-11 09:29:00+00:00,23880.8,23884.35,23875.9,23875.9,0
2026-05-11 09:30:00+00:00,23878.55,23879.7,23854.1,23857.2,0
2026-05-11 09:31:00+00:00,23857.05,23858.0,23850.0,23850.95,0
2026-05-11 09:32:00+00:00,23849.75,23850.8,23842.65,23843.45,0
2026-05-11 09:33:00+00:00,23843.7,23844.8,23830.85,23831.55,0
2026-05-11 09:34:00+00:00,23830.95,23831.7,23820.9,23830.7,0
2026-05-11 09:35:00+00:00,23830.45,23832.7,23820.0,23820.9,0
2026-05-11 09:36:00+00:00,23820.95,23822.15,23811.5,23814.4,0
2026-05-11 09:37:00+00:00,23813.7,23816.65,23809.75,23815.75,0
2026-05-11 09:38:00+00:00,23815.0,23820.3,23814.35,23816.35,0
2026-05-11 09:39:00+00:00,23816.4,23818.65,23813.95,23817.45,0
2026-05-11 09:40:00+00:00,23817.7,23824.05,23811.3,23811.85,0
2026-05-11 09:41:00+00:00,23812.25,23812.85,23801.4,23807.2,0
2026-05-11 09:42:00+00:00,23807.6,23810.1,23804.65,23805.1,0
2026-05-11 09:43:00+00:00,23804.8,23814.15,23804.8,23808.75,0
2026-05-11 09:44:00+00:00,23808.75,23811.0,23804.9,23805.75,0
2026-05-11 09:45:00+00:00,23806.2,23820.25,23806.2,23818.1,0
2026-05-11 09:46:00+00:00,23818.05,23818.85,23812.35,23815.15,0
2026-05-11 09:47:00+00:00,23815.0,23817.65,23811.65,23813.85,0
2026-05-11 09:48:00+00:00,23815.7,23818.8,23809.75,23809.75,0
2026-05-11 09:49:00+00:00,23810.15,23810.9,23802.85,23803.8,0
2026-05-11 09:50:00+00:00,23804.6,23806.55,23800.95,23805.25,0
2026-05-11 09:51:00+00:00,23804.95,23810.3,23803.85,23806.85,0
2026-05-11 09:52:00+00:00,23806.5,23810.1,23802.8,23808.65,0
2026-05-11 09:53:00+00:00,23808.8,23809.15,23803.3,23805.65,0
2026-05-11 09:54:00+00:00,23806.8,23813.25,23799.1,23810.15,0
2026-05-11 09:55:00+00:00,23810.5,23813.45,23802.4,23811.25,0
2026-05-11 09:56:00+00:00,23811.3,23817.55,23809.15,23812.45,0
2026-05-11 09:57:00+00:00,23812.6,23814.85,23806.1,23811.95,0
2026-05-11 09:58:00+00:00,23810.3,23812.65,23803.7,23810.3,0
2026-05-11 09:59:00+00:00,23809.15,23820.35,23804.6,23820.35,0
2026-05-12 03:45:00+00:00,23722.6,23757.55,23716.35,23732.8,0
2026-05-12 03:46:00+00:00,23732.95,23741.9,23689.75,23693.3,0
2026-05-12 03:47:00+00:00,23696.25,23721.0,23689.1,23719.25,0
2026-05-12 03:48:00+00:00,23723.95,23727.7,23698.55,23706.85,0
2026-05-12 03:49:00+00:00,23706.45,23738.4,23700.05,23736.9,0
2026-05-12 03:50:00+00:00,23737.8,23737.8,23706.85,23721.6,0
2026-05-12 03:51:00+00:00,23723.2,23727.0,23707.75,23714.6,0
2026-05-12 03:52:00+00:00,23716.75,23717.85,23709.35,23717.75,0
2026-05-12 03:53:00+00:00,23718.6,23718.8,23698.5,23700.5,0
2026-05-12 03:54:00+00:00,23701.1,23701.7,23684.0,23684.2,0
2026-05-12 03:55:00+00:00,23685.45,23685.45,23651.35,23656.35,0
2026-05-12 03:56:00+00:00,23657.5,23661.65,23650.8,23654.0,0
2026-05-12 03:57:00+00:00,23653.45,23655.3,23633.1,23642.85,0
2026-05-12 03:58:00+00:00,23642.25,23653.45,23639.15,23639.35,0
2026-05-12 03:59:00+00:00,23640.95,23645.35,23637.0,23638.3,0
2026-05-12 04:00:00+00:00,23638.95,23638.95,23624.0,23632.45,0
2026-05-12 04:01:00+00:00,23633.25,23643.75,23631.15,23632.05,0
2026-05-12 04:02:00+00:00,23632.65,23638.6,23624.5,23624.5,0
2026-05-12 04:03:00+00:00,23626.65,23627.8,23617.7,23625.25,0
2026-05-12 04:04:00+00:00,23625.1,23634.05,23619.85,23634.05,0
2026-05-12 04:05:00+00:00,23634.65,23634.85,23626.65,23632.0,0
2026-05-12 04:06:00+00:00,23634.05,23648.0,23631.8,23642.7,0
2026-05-12 04:07:00+00:00,23643.0,23645.35,23638.35,23644.25,0
2026-05-12 04:08:00+00:00,23645.15,23649.15,23639.9,23643.5,0
2026-05-12 04:09:00+00:00,23644.15,23645.0,23620.5,23626.15,0
2026-05-12 04:10:00+00:00,23626.35,23633.5,23624.45,23632.15,0
2026-05-12 04:11:00+00:00,23634.35,23642.95,23633.9,23638.6,0
2026-05-12 04:12:00+00:00,23638.95,23646.75,23631.3,23644.65,0
2026-05-12 04:13:00+00:00,23644.65,23657.85,23641.55,23648.8,0
2026-05-12 04:14:00+00:00,23649.95,23650.25,23636.25,23640.65,0
2026-05-12 04:15:00+00:00,23640.75,23647.65,23633.3,23645.7,0
2026-05-12 04:16:00+00:00,23647.6,23650.15,23637.5,23638.85,0
2026-05-12 04:17:00+00:00,23640.1,23645.45,23630.0,23630.0,0
2026-05-12 04:18:00+00:00,23632.75,23637.9,23628.85,23634.65,0
2026-05-12 04:19:00+00:00,23634.7,23638.75,23631.95,23638.2,0
2026-05-12 04:20:00+00:00,23638.4,23645.65,23634.6,23635.15,0
2026-05-12 04:21:00+00:00,23635.0,23641.25,23632.1,23640.25,0
2026-05-12 04:22:00+00:00,23641.45,23645.05,23632.8,23636.8,0
2026-05-12 04:23:00+00:00,23636.8,23644.6,23634.35,23644.25,0
2026-05-12 04:24:00+00:00,23645.6,23646.7,23634.9,23638.25,0
2026-05-12 04:25:00+00:00,23638.55,23652.2,23638.3,23649.2,0
2026-05-12 04:26:00+00:00,23650.05,23652.05,23633.05,23636.45,0
2026-05-12 04:27:00+00:00,23637.65,23639.95,23624.75,23629.7,0
2026-05-12 04:28:00+00:00,23630.0,23634.7,23626.75,23630.75,0
2026-05-12 04:29:00+00:00,23631.05,23631.3,23624.55,23625.85,0
2026-05-12 04:30:00+00:00,23627.0,23630.15,23620.85,23622.15,0
2026-05-12 04:31:00+00:00,23622.65,23631.85,23621.7,23625.3,0
2026-05-12 04:32:00+00:00,23624.8,23627.55,23619.8,23623.65,0
2026-05-12 04:33:00+00:00,23624.4,23634.55,23622.25,23633.25,0
2026-05-12 04:34:00+00:00,23634.05,23635.25,23628.95,23630.2,0
2026-05-12 04:35:00+00:00,23630.45,23631.4,23613.55,23619.55,0
2026-05-12 04:36:00+00:00,23620.35,23640.1,23620.0,23639.55,0
2026-05-12 04:37:00+00:00,23640.0,23642.55,23632.55,23638.45,0
2026-05-12 04:38:00+00:00,23638.6,23639.25,23633.1,23634.85,0
2026-05-12 04:39:00+00:00,23636.3,23637.75,23634.1,23636.1,0
2026-05-12 04:40:00+00:00,23636.4,23637.85,23629.15,23637.3,0
2026-05-12 04:41:00+00:00,23637.55,23644.65,23636.5,23644.05,0
2026-05-12 04:42:00+00:00,23644.6,23646.65,23638.4,23639.65,0
2026-05-12 04:43:00+00:00,23639.95,23647.3,23638.9,23644.05,0
2026-05-12 04:44:00+00:00,23646.35,23655.4,23644.95,23651.4,0
2026-05-12 04:45:00+00:00,23652.05,23652.9,23647.75,23649.45,0
2026-05-12 04:46:00+00:00,23650.75,23654.9,23647.9,23652.55,0
2026-05-12 04:47:00+00:00,23653.9,23668.15,23653.3,23666.7,0
2026-05-12 04:48:00+00:00,23667.85,23667.85,23658.9,23663.25,0
2026-05-12 04:49:00+00:00,23665.25,23668.25,23661.15,23668.25,0
2026-05-12 04:50:00+00:00,23669.25,23673.4,23668.15,23672.4,0
2026-05-12 04:51:00+00:00,23673.2,23675.2,23660.9,23660.9,0
2026-05-12 04:52:00+00:00,23663.9,23663.9,23649.5,23653.3,0
2026-05-12 04:53:00+00:00,23654.2,23654.2,23634.7,23635.35,0
2026-05-12 04:54:00+00:00,23636.85,23639.35,23627.85,23630.3,0
2026-05-12 04:55:00+00:00,23631.8,23634.15,23622.1,23622.65,0
2026-05-12 04:56:00+00:00,23623.85,23630.55,23621.65,23625.95,0
2026-05-12 04:57:00+00:00,23626.6,23628.55,23616.65,23618.75,0
2026-05-12 04:58:00+00:00,23619.7,23619.8,23606.6,23608.15,0
2026-05-12 04:59:00+00:00,23609.5,23617.7,23605.05,23613.25,0
2026-05-12 05:00:00+00:00,23613.55,23613.75,23604.55,23606.75,0
2026-05-12 05:01:00+00:00,23607.95,23616.15,23605.6,23615.75,0
2026-05-12 05:02:00+00:00,23616.2,23617.05,23610.4,23613.65,0
2026-05-12 05:03:00+00:00,23614.2,23614.45,23605.3,23605.85,0
2026-05-12 05:04:00+00:00,23607.6,23609.85,23603.7,23607.65,0
2026-05-12 05:05:00+00:00,23609.2,23613.2,23605.45,23613.15,0
2026-05-12 05:06:00+00:00,23613.7,23620.2,23610.0,23610.0,0
2026-05-12 05:07:00+00:00,23610.8,23611.8,23604.2,23604.6,0
2026-05-12 05:08:00+00:00,23604.85,23604.85,23596.35,23601.05,0
2026-05-12 05:09:00+00:00,23601.95,23609.6,23601.55,23605.3,0
2026-05-12 05:10:00+00:00,23606.6,23612.8,23602.55,23612.7,0
2026-05-12 05:11:00+00:00,23612.65,23616.2,23610.55,23613.6,0
2026-05-12 05:12:00+00:00,23614.4,23628.2,23614.4,23625.65,0
2026-05-12 05:13:00+00:00,23627.85,23638.65,23627.05,23628.85,0
2026-05-12 05:14:00+00:00,23629.25,23632.85,23624.85,23627.55,0
2026-05-12 05:15:00+00:00,23628.05,23629.6,23622.5,23622.5,0
2026-05-12 05:16:00+00:00,23622.95,23623.2,23609.7,23609.7,0
2026-05-12 05:17:00+00:00,23612.05,23615.4,23604.15,23614.65,0
2026-05-12 05:18:00+00:00,23615.3,23615.5,23603.75,23606.1,0
2026-05-12 05:19:00+00:00,23607.65,23608.95,23599.3,23603.25,0
2026-05-12 05:20:00+00:00,23603.75,23611.15,23602.25,23607.1,0
2026-05-12 05:21:00+00:00,23608.65,23608.65,23600.95,23602.05,0
2026-05-12 05:22:00+00:00,23603.95,23608.5,23600.8,23604.3,0
2026-05-12 05:23:00+00:00,23606.05,23608.35,23601.65,23604.2,0
2026-05-12 05:24:00+00:00,23603.75,23607.15,23601.1,23605.25,0
2026-05-12 05:25:00+00:00,23605.85,23609.75,23602.65,23608.45,0
2026-05-12 05:26:00+00:00,23608.8,23623.45,23608.8,23614.0,0
2026-05-12 05:27:00+00:00,23614.5,23618.5,23610.25,23615.65,0
2026-05-12 05:28:00+00:00,23616.45,23620.5,23614.1,23616.65,0
2026-05-12 05:29:00+00:00,23616.5,23618.7,23610.85,23614.7,0
2026-05-12 05:30:00+00:00,23615.1,23615.65,23607.05,23607.05,0
2026-05-12 05:31:00+00:00,23607.7,23609.9,23600.85,23600.85,0
2026-05-12 05:32:00+00:00,23601.0,23601.0,23587.35,23591.35,0
2026-05-12 05:33:00+00:00,23592.2,23592.2,23584.35,23590.55,0
2026-05-12 05:34:00+00:00,23591.35,23593.25,23586.15,23590.6,0
2026-05-12 05:35:00+00:00,23590.6,23596.95,23587.7,23593.35,0
2026-05-12 05:36:00+00:00,23594.05,23597.7,23583.3,23583.65,0
2026-05-12 05:37:00+00:00,23585.3,23590.65,23577.85,23588.6,0
2026-05-12 05:38:00+00:00,23589.1,23593.6,23587.85,23592.9,0
2026-05-12 05:39:00+00:00,23593.6,23596.65,23589.55,23590.4,0
2026-05-12 05:40:00+00:00,23590.95,23595.1,23588.25,23590.4,0
2026-05-12 05:41:00+00:00,23591.45,23592.75,23587.5,23589.3,0
2026-05-12 05:42:00+00:00,23590.15,23591.8,23586.05,23590.8,0
2026-05-12 05:43:00+00:00,23591.25,23593.85,23588.8,23592.7,0
2026-05-12 05:44:00+00:00,23593.8,23593.8,23585.65,23589.35,0
2026-05-12 05:45:00+00:00,23589.6,23594.55,23585.85,23592.75,0
2026-05-12 05:46:00+00:00,23595.65,23598.2,23592.0,23595.8,0
2026-05-12 05:47:00+00:00,23596.2,23604.05,23593.45,23603.55,0
2026-05-12 05:48:00+00:00,23604.75,23612.25,23603.85,23607.7,0
2026-05-12 05:49:00+00:00,23609.25,23611.4,23602.45,23608.05,0
2026-05-12 05:50:00+00:00,23608.55,23612.45,23604.45,23609.8,0
2026-05-12 05:51:00+00:00,23609.85,23613.4,23604.6,23604.6,0
2026-05-12 05:52:00+00:00,23606.6,23606.65,23595.6,23598.4,0
2026-05-12 05:53:00+00:00,23599.65,23602.45,23590.1,23598.35,0
2026-05-12 05:54:00+00:00,23599.2,23605.55,23589.4,23589.6,0
2026-05-12 05:55:00+00:00,23590.95,23599.0,23590.45,23599.0,0
2026-05-12 05:56:00+00:00,23599.45,23601.4,23593.55,23594.1,0
2026-05-12 05:57:00+00:00,23596.35,23604.35,23591.5,23603.15,0
2026-05-12 05:58:00+00:00,23603.95,23604.55,23591.7,23593.55,0
2026-05-12 05:59:00+00:00,23594.35,23596.95,23588.7,23588.9,0
2026-05-12 06:00:00+00:00,23589.5,23589.5,23581.35,23585.05,0
2026-05-12 06:01:00+00:00,23586.65,23587.7,23580.3,23581.3,0
2026-05-12 06:02:00+00:00,23581.7,23588.45,23578.65,23579.4,0
2026-05-12 06:03:00+00:00,23580.6,23594.55,23579.0,23594.5,0
2026-05-12 06:04:00+00:00,23594.9,23600.2,23592.75,23597.25,0
2026-05-12 06:05:00+00:00,23597.4,23597.8,23584.65,23584.65,0
2026-05-12 06:06:00+00:00,23586.8,23593.9,23579.9,23591.7,0
2026-05-12 06:07:00+00:00,23592.9,23599.15,23588.25,23588.5,0
2026-05-12 06:08:00+00:00,23590.1,23592.1,23581.75,23591.55,0
2026-05-12 06:09:00+00:00,23593.1,23601.85,23590.7,23598.0,0
2026-05-12 06:10:00+00:00,23599.15,23601.1,23591.95,23600.4,0
2026-05-12 06:11:00+00:00,23603.0,23607.65,23600.25,23603.1,0
2026-05-12 06:12:00+00:00,23605.05,23607.0,23599.8,23600.8,0
2026-05-12 06:13:00+00:00,23602.15,23605.7,23600.15,23602.2,0
2026-05-12 06:14:00+00:00,23602.75,23606.15,23598.75,23602.7,0
2026-05-12 06:15:00+00:00,23603.95,23604.55,23597.35,23597.75,0
2026-05-12 06:16:00+00:00,23598.75,23602.5,23593.2,23600.7,0
2026-05-12 06:17:00+00:00,23601.4,23602.0,23591.45,23596.1,0
2026-05-12 06:18:00+00:00,23596.9,23596.9,23584.35,23584.35,0
2026-05-12 06:19:00+00:00,23585.95,23598.3,23584.6,23594.7,0
2026-05-12 06:20:00+00:00,23596.15,23597.55,23584.75,23585.45,0
2026-05-12 06:21:00+00:00,23586.7,23595.3,23585.25,23593.2,0
2026-05-12 06:22:00+00:00,23593.5,23601.4,23591.3,23601.4,0
2026-05-12 06:23:00+00:00,23602.1,23602.1,23596.0,23597.2,0
2026-05-12 06:24:00+00:00,23598.05,23605.8,23596.0,23600.05,0
2026-05-12 06:25:00+00:00,23601.8,23605.55,23595.85,23605.55,0
2026-05-12 06:26:00+00:00,23605.8,23612.85,23605.45,23608.45,0
2026-05-12 06:27:00+00:00,23609.05,23610.0,23603.55,23606.45,0
2026-05-12 06:28:00+00:00,23606.9,23610.55,23601.15,23605.55,0
2026-05-12 06:29:00+00:00,23606.35,23606.7,23596.6,23597.5,0
2026-05-12 06:30:00+00:00,23598.45,23599.55,23589.75,23590.6,0
2026-05-12 06:31:00+00:00,23592.15,23592.25,23586.1,23586.1,0
2026-05-12 06:32:00+00:00,23586.75,23591.85,23584.1,23586.45,0
2026-05-12 06:33:00+00:00,23587.5,23590.25,23584.85,23585.05,0
2026-05-12 06:34:00+00:00,23586.45,23588.55,23581.9,23586.3,0
2026-05-12 06:35:00+00:00,23587.25,23589.25,23582.65,23587.45,0
2026-05-12 06:36:00+00:00,23588.6,23588.6,23579.4,23583.1,0
2026-05-12 06:37:00+00:00,23586.0,23588.25,23578.3,23579.05,0
2026-05-12 06:38:00+00:00,23579.85,23580.05,23561.0,23564.95,0
2026-05-12 06:39:00+00:00,23566.1,23566.5,23556.15,23558.1,0
2026-05-12 06:40:00+00:00,23559.95,23565.4,23551.3,23564.5,0
2026-05-12 06:41:00+00:00,23566.35,23570.0,23563.9,23565.45,0
2026-05-12 06:42:00+00:00,23567.1,23568.3,23553.0,23553.6,0
2026-05-12 06:43:00+00:00,23555.9,23563.25,23554.25,23562.5,0
2026-05-12 06:44:00+00:00,23563.1,23563.95,23555.75,23557.8,0
2026-05-12 06:45:00+00:00,23559.5,23566.45,23555.1,23566.45,0
2026-05-12 06:46:00+00:00,23567.1,23573.9,23562.55,23570.65,0
2026-05-12 06:47:00+00:00,23572.05,23580.05,23571.0,23573.45,0
2026-05-12 06:48:00+00:00,23574.5,23574.7,23567.35,23570.05,0
2026-05-12 06:49:00+00:00,23571.35,23573.0,23566.8,23572.9,0
2026-05-12 06:50:00+00:00,23573.75,23574.3,23563.65,23568.25,0
2026-05-12 06:51:00+00:00,23568.65,23575.9,23566.8,23572.85,0
2026-05-12 06:52:00+00:00,23573.85,23574.8,23564.65,23565.95,0
2026-05-12 06:53:00+00:00,23566.3,23567.05,23559.0,23562.85,0
2026-05-12 06:54:00+00:00,23562.85,23568.3,23561.3,23566.5,0
2026-05-12 06:55:00+00:00,23567.6,23568.75,23559.7,23562.1,0
2026-05-12 06:56:00+00:00,23562.55,23567.45,23558.15,23559.25,0
2026-05-12 06:57:00+00:00,23560.45,23561.7,23557.75,23558.3,0
2026-05-12 06:58:00+00:00,23559.95,23562.4,23554.7,23557.8,0
2026-05-12 06:59:00+00:00,23558.75,23560.9,23555.7,23557.3,0
2026-05-12 07:00:00+00:00,23557.8,23558.95,23528.05,23528.25,0
2026-05-12 07:01:00+00:00,23529.4,23531.55,23522.2,23531.55,0
2026-05-12 07:02:00+00:00,23534.1,23535.5,23527.5,23530.45,0
2026-05-12 07:03:00+00:00,23530.05,23532.35,23525.3,23525.3,0
2026-05-12 07:04:00+00:00,23526.65,23528.25,23521.8,23522.3,0
2026-05-12 07:05:00+00:00,23523.4,23523.9,23514.4,23516.95,0
2026-05-12 07:06:00+00:00,23517.55,23520.75,23512.8,23516.1,0
2026-05-12 07:07:00+00:00,23518.3,23518.75,23508.35,23517.35,0
2026-05-12 07:08:00+00:00,23518.05,23526.8,23514.85,23523.95,0
2026-05-12 07:09:00+00:00,23524.3,23525.7,23515.8,23516.2,0
2026-05-12 07:10:00+00:00,23517.35,23520.75,23513.1,23515.75,0
2026-05-12 07:11:00+00:00,23517.55,23528.15,23517.25,23523.95,0
2026-05-12 07:12:00+00:00,23525.15,23526.25,23519.3,23521.6,0
2026-05-12 07:13:00+00:00,23522.65,23528.25,23521.3,23527.85,0
2026-05-12 07:14:00+00:00,23529.1,23532.7,23525.45,23526.15,0
2026-05-12 07:15:00+00:00,23527.25,23539.6,23523.6,23537.95,0
2026-05-12 07:16:00+00:00,23538.95,23540.1,23529.1,23529.8,0
2026-05-12 07:17:00+00:00,23529.65,23530.75,23518.2,23519.8,0
2026-05-12 07:18:00+00:00,23520.5,23525.0,23516.4,23524.1,0
2026-05-12 07:19:00+00:00,23525.05,23529.8,23524.0,23526.85,0
2026-05-12 07:20:00+00:00,23527.3,23529.4,23522.3,23523.75,0
2026-05-12 07:21:00+00:00,23524.35,23526.25,23520.4,23522.05,0
2026-05-12 07:22:00+00:00,23523.45,23532.0,23520.95,23530.9,0
2026-05-12 07:23:00+00:00,23532.35,23535.0,23525.55,23527.75,0
2026-05-12 07:24:00+00:00,23528.05,23528.05,23513.3,23513.35,0
2026-05-12 07:25:00+00:00,23515.2,23532.85,23515.2,23531.85,0
2026-05-12 07:26:00+00:00,23532.8,23532.8,23517.9,23518.95,0
2026-05-12 07:27:00+00:00,23519.75,23524.7,23514.75,23520.25,0
2026-05-12 07:28:00+00:00,23521.7,23523.15,23517.1,23523.0,0
2026-05-12 07:29:00+00:00,23523.0,23526.85,23515.55,23524.55,0
2026-05-12 07:30:00+00:00,23525.15,23527.2,23519.55,23524.55,0
2026-05-12 07:31:00+00:00,23525.9,23527.65,23520.8,23522.85,0
2026-05-12 07:32:00+00:00,23523.95,23528.0,23521.0,23526.6,0
2026-05-12 07:33:00+00:00,23528.0,23532.8,23523.75,23532.2,0
2026-05-12 07:34:00+00:00,23533.35,23533.65,23522.8,23530.6,0
2026-05-12 07:35:00+00:00,23531.7,23532.2,23527.95,23528.9,0
2026-05-12 07:36:00+00:00,23529.8,23530.15,23522.2,23524.55,0
2026-05-12 07:37:00+00:00,23525.85,23530.45,23523.8,23525.25,0
2026-05-12 07:38:00+00:00,23525.45,23528.85,23516.65,23517.85,0
2026-05-12 07:39:00+00:00,23519.65,23519.65,23510.85,23510.85,0
2026-05-12 07:40:00+00:00,23511.95,23521.05,23511.75,23516.7,0
2026-05-12 07:41:00+00:00,23517.2,23517.9,23506.5,23507.9,0
2026-05-12 07:42:00+00:00,23508.1,23526.0,23506.0,23524.7,0
2026-05-12 07:43:00+00:00,23525.9,23531.05,23522.25,23526.65,0
2026-05-12 07:44:00+00:00,23528.25,23536.8,23526.9,23536.8,0
2026-05-12 07:45:00+00:00,23538.05,23544.1,23536.25,23543.6,0
2026-05-12 07:46:00+00:00,23544.5,23552.05,23544.0,23546.85,0
2026-05-12 07:47:00+00:00,23548.05,23550.7,23544.95,23544.95,0
2026-05-12 07:48:00+00:00,23546.7,23564.05,23543.2,23553.25,0
2026-05-12 07:49:00+00:00,23553.9,23553.9,23537.5,23542.8,0
2026-05-12 07:50:00+00:00,23544.0,23544.0,23534.95,23539.5,0
2026-05-12 07:51:00+00:00,23541.35,23544.6,23536.85,23539.8,0
2026-05-12 07:52:00+00:00,23541.05,23545.2,23529.1,23529.95,0
2026-05-12 07:53:00+00:00,23531.45,23536.4,23526.45,23528.45,0
2026-05-12 07:54:00+00:00,23529.85,23532.1,23527.35,23527.55,0
2026-05-12 07:55:00+00:00,23528.35,23531.55,23524.35,23525.2,0
2026-05-12 07:56:00+00:00,23526.7,23536.75,23524.3,23533.45,0
2026-05-12 07:57:00+00:00,23534.8,23539.5,23526.3,23528.35,0
2026-05-12 07:58:00+00:00,23530.8,23531.6,23524.25,23526.75,0
2026-05-12 07:59:00+00:00,23527.8,23534.5,23526.4,23531.05,0
2026-05-12 08:00:00+00:00,23532.45,23536.35,23529.55,23535.7,0
2026-05-12 08:01:00+00:00,23536.65,23539.65,23532.75,23537.15,0
2026-05-12 08:02:00+00:00,23538.35,23547.25,23536.2,23547.25,0
2026-05-12 08:03:00+00:00,23547.85,23550.2,23542.85,23545.75,0
2026-05-12 08:04:00+00:00,23546.85,23548.2,23528.75,23529.45,0
2026-05-12 08:05:00+00:00,23530.45,23534.7,23524.8,23532.9,0
2026-05-12 08:06:00+00:00,23534.45,23535.3,23515.95,23515.95,0
2026-05-12 08:07:00+00:00,23517.25,23522.9,23511.9,23517.6,0
2026-05-12 08:08:00+00:00,23519.05,23521.95,23511.8,23512.9,0
2026-05-12 08:09:00+00:00,23514.1,23520.1,23511.0,23514.0,0
2026-05-12 08:10:00+00:00,23515.5,23518.4,23508.45,23510.85,0
2026-05-12 08:11:00+00:00,23511.4,23512.3,23503.75,23505.9,0
2026-05-12 08:12:00+00:00,23507.5,23507.5,23496.55,23500.45,0
2026-05-12 08:13:00+00:00,23502.35,23509.0,23499.35,23503.4,0
2026-05-12 08:14:00+00:00,23505.5,23510.35,23501.25,23506.8,0
2026-05-12 08:15:00+00:00,23510.05,23510.9,23495.4,23497.65,0
2026-05-12 08:16:00+00:00,23500.15,23500.9,23493.45,23494.5,0
2026-05-12 08:17:00+00:00,23496.1,23508.8,23494.35,23508.6,0
2026-05-12 08:18:00+00:00,23510.1,23518.9,23507.25,23517.7,0
2026-05-12 08:19:00+00:00,23518.55,23519.35,23512.65,23513.4,0
2026-05-12 08:20:00+00:00,23515.05,23519.65,23513.0,23516.05,0
2026-05-12 08:21:00+00:00,23518.4,23528.6,23515.55,23527.8,0
2026-05-12 08:22:00+00:00,23529.75,23530.85,23516.75,23518.15,0
2026-05-12 08:23:00+00:00,23519.35,23519.65,23505.65,23508.85,0
2026-05-12 08:24:00+00:00,23510.45,23510.6,23495.85,23495.85,0
2026-05-12 08:25:00+00:00,23500.05,23501.75,23489.4,23490.5,0
2026-05-12 08:26:00+00:00,23493.35,23502.15,23490.9,23500.4,0
2026-05-12 08:27:00+00:00,23501.8,23502.45,23491.05,23496.8,0
2026-05-12 08:28:00+00:00,23498.05,23499.4,23495.15,23499.05,0
2026-05-12 08:29:00+00:00,23499.55,23500.55,23490.8,23491.5,0
2026-05-12 08:30:00+00:00,23492.8,23492.8,23478.75,23479.4,0
2026-05-12 08:31:00+00:00,23483.3,23483.65,23478.8,23480.2,0
2026-05-12 08:32:00+00:00,23481.8,23490.3,23477.5,23489.35,0
2026-05-12 08:33:00+00:00,23490.1,23496.9,23480.5,23480.5,0
2026-05-12 08:34:00+00:00,23484.65,23485.15,23479.05,23481.5,0
2026-05-12 08:35:00+00:00,23484.05,23486.0,23476.05,23483.9,0
2026-05-12 08:36:00+00:00,23484.75,23490.7,23482.05,23487.4,0
2026-05-12 08:37:00+00:00,23489.4,23490.6,23466.05,23467.5,0
2026-05-12 08:38:00+00:00,23468.7,23472.9,23466.5,23466.7,0
2026-05-12 08:39:00+00:00,23467.8,23469.1,23461.4,23465.0,0
2026-05-12 08:40:00+00:00,23466.25,23467.95,23454.2,23457.55,0
2026-05-12 08:41:00+00:00,23458.8,23465.1,23456.7,23458.65,0
2026-05-12 08:42:00+00:00,23460.5,23461.05,23447.85,23451.4,0
2026-05-12 08:43:00+00:00,23452.8,23460.55,23452.1,23460.25,0
2026-05-12 08:44:00+00:00,23462.0,23462.45,23456.25,23457.5,0
2026-05-12 08:45:00+00:00,23458.75,23466.65,23452.1,23465.8,0
2026-05-12 08:46:00+00:00,23467.25,23471.85,23463.85,23467.7,0
2026-05-12 08:47:00+00:00,23468.65,23470.85,23464.75,23468.95,0
2026-05-12 08:48:00+00:00,23469.85,23472.75,23466.1,23466.75,0
2026-05-12 08:49:00+00:00,23466.6,23467.85,23456.4,23460.15,0
2026-05-12 08:50:00+00:00,23460.5,23466.4,23459.55,23460.75,0
2026-05-12 08:51:00+00:00,23461.45,23462.15,23454.45,23454.95,0
2026-05-12 08:52:00+00:00,23456.8,23458.7,23453.1,23457.35,0
2026-05-12 08:53:00+00:00,23458.4,23470.65,23456.35,23468.65,0
2026-05-12 08:54:00+00:00,23470.05,23492.7,23468.45,23486.25,0
2026-05-12 08:55:00+00:00,23487.3,23487.3,23468.1,23468.45,0
2026-05-12 08:56:00+00:00,23468.7,23468.7,23459.25,23466.85,0
2026-05-12 08:57:00+00:00,23469.05,23471.75,23461.45,23470.9,0
2026-05-12 08:58:00+00:00,23473.15,23473.85,23465.1,23468.1,0
2026-05-12 08:59:00+00:00,23469.25,23471.35,23465.9,23468.6,0
2026-05-12 09:00:00+00:00,23469.35,23471.3,23465.2,23466.4,0
2026-05-12 09:01:00+00:00,23467.8,23469.35,23462.2,23463.2,0
2026-05-12 09:02:00+00:00,23464.5,23469.65,23454.85,23454.85,0
2026-05-12 09:03:00+00:00,23456.3,23458.6,23449.05,23449.2,0
2026-05-12 09:04:00+00:00,23450.35,23450.35,23437.3,23438.35,0
2026-05-12 09:05:00+00:00,23439.2,23453.35,23434.45,23450.65,0
2026-05-12 09:06:00+00:00,23451.65,23457.45,23447.6,23455.6,0
2026-05-12 09:07:00+00:00,23457.2,23458.35,23451.25,23453.4,0
2026-05-12 09:08:00+00:00,23455.35,23469.3,23454.95,23467.85,0
2026-05-12 09:09:00+00:00,23468.15,23470.95,23462.75,23462.95,0
2026-05-12 09:10:00+00:00,23463.95,23467.45,23456.3,23460.9,0
2026-05-12 09:11:00+00:00,23461.7,23468.85,23456.25,23468.45,0
2026-05-12 09:12:00+00:00,23470.1,23471.65,23458.9,23460.2,0
2026-05-12 09:13:00+00:00,23461.05,23466.75,23459.15,23462.75,0
2026-05-12 09:14:00+00:00,23464.25,23472.25,23460.8,23463.6,0
2026-05-12 09:15:00+00:00,23464.9,23466.3,23460.55,23465.9,0
2026-05-12 09:16:00+00:00,23467.35,23468.85,23459.65,23460.6,0
2026-05-12 09:17:00+00:00,23461.45,23463.9,23458.45,23460.7,0
2026-05-12 09:18:00+00:00,23461.05,23471.95,23459.75,23471.1,0
2026-05-12 09:19:00+00:00,23472.45,23474.6,23460.8,23463.8,0
2026-05-12 09:20:00+00:00,23464.95,23466.4,23451.8,23453.85,0
2026-05-12 09:21:00+00:00,23455.3,23461.8,23452.2,23454.15,0
2026-05-12 09:22:00+00:00,23454.8,23456.7,23441.05,23445.5,0
2026-05-12 09:23:00+00:00,23448.95,23448.95,23435.85,23436.2,0
2026-05-12 09:24:00+00:00,23437.35,23439.0,23428.35,23433.75,0
2026-05-12 09:25:00+00:00,23435.35,23435.65,23418.05,23423.85,0
2026-05-12 09:26:00+00:00,23426.35,23428.35,23421.6,23425.35,0
2026-05-12 09:27:00+00:00,23426.35,23432.1,23413.5,23417.3,0
2026-05-12 09:28:00+00:00,23418.05,23422.1,23414.6,23422.1,0
2026-05-12 09:29:00+00:00,23422.85,23425.45,23417.05,23421.25,0
2026-05-12 09:30:00+00:00,23422.5,23423.65,23395.7,23396.2,0
2026-05-12 09:31:00+00:00,23396.85,23398.25,23375.65,23389.8,0
2026-05-12 09:32:00+00:00,23389.5,23389.85,23370.45,23371.6,0
2026-05-12 09:33:00+00:00,23372.45,23376.55,23366.4,23373.85,0
2026-05-12 09:34:00+00:00,23376.55,23392.55,23374.7,23390.9,0
2026-05-12 09:35:00+00:00,23393.25,23393.7,23379.1,23385.35,0
2026-05-12 09:36:00+00:00,23382.5,23393.3,23367.2,23368.75,0
2026-05-12 09:37:00+00:00,23369.55,23370.6,23358.45,23360.05,0
2026-05-12 09:38:00+00:00,23360.75,23363.35,23357.25,23362.3,0
2026-05-12 09:39:00+00:00,23362.9,23367.15,23361.5,23363.55,0
2026-05-12 09:40:00+00:00,23363.95,23371.2,23356.2,23362.15,0
2026-05-12 09:41:00+00:00,23363.55,23375.7,23361.6,23363.95,0
2026-05-12 09:42:00+00:00,23364.9,23364.9,23348.4,23355.8,0
2026-05-12 09:43:00+00:00,23355.95,23360.9,23355.3,23358.9,0
2026-05-12 09:44:00+00:00,23360.25,23363.0,23353.55,23354.8,0
2026-05-12 09:45:00+00:00,23356.0,23375.0,23355.6,23372.35,0
2026-05-12 09:46:00+00:00,23374.0,23374.0,23358.8,23373.95,0
2026-05-12 09:47:00+00:00,23375.8,23381.75,23372.8,23373.95,0
2026-05-12 09:48:00+00:00,23374.45,23378.85,23368.9,23377.9,0
2026-05-12 09:49:00+00:00,23379.3,23386.55,23378.1,23386.55,0
2026-05-12 09:50:00+00:00,23386.75,23388.6,23384.9,23387.45,0
2026-05-12 09:51:00+00:00,23387.9,23389.45,23384.4,23385.85,0
2026-05-12 09:52:00+00:00,23386.15,23388.35,23377.55,23388.35,0
2026-05-12 09:53:00+00:00,23388.4,23388.6,23382.5,23386.15,0
2026-05-12 09:54:00+00:00,23387.0,23391.8,23383.6,23389.75,0
2026-05-12 09:55:00+00:00,23391.25,23392.85,23383.55,23388.1,0
2026-05-12 09:56:00+00:00,23388.15,23403.2,23387.4,23402.9,0
2026-05-12 09:57:00+00:00,23401.05,23420.7,23401.05,23418.85,0
2026-05-12 09:58:00+00:00,23418.3,23426.2,23411.65,23415.85,0
2026-05-12 09:59:00+00:00,23416.5,23434.85,23415.55,23430.55,0
2026-05-13 03:45:00+00:00,23362.45,23503.8,23362.45,23448.85,0
2026-05-13 03:46:00+00:00,23447.3,23476.2,23411.3,23424.8,0
2026-05-13 03:47:00+00:00,23424.6,23448.95,23418.8,23421.85,0
2026-05-13 03:48:00+00:00,23421.3,23440.0,23412.55,23439.75,0
2026-05-13 03:49:00+00:00,23439.55,23439.95,23403.3,23405.4,0
2026-05-13 03:50:00+00:00,23405.45,23424.6,23402.65,23415.85,0
2026-05-13 03:51:00+00:00,23415.15,23415.85,23383.0,23387.15,0
2026-05-13 03:52:00+00:00,23387.2,23398.2,23379.8,23394.95,0
2026-05-13 03:53:00+00:00,23395.3,23435.0,23392.3,23431.6,0
2026-05-13 03:54:00+00:00,23431.05,23441.15,23427.3,23437.9,0
2026-05-13 03:55:00+00:00,23438.4,23439.95,23402.45,23411.9,0
2026-05-13 03:56:00+00:00,23411.95,23413.15,23394.95,23395.95,0
2026-05-13 03:57:00+00:00,23397.4,23416.0,23396.1,23415.2,0
2026-05-13 03:58:00+00:00,23415.4,23421.7,23389.9,23395.6,0
2026-05-13 03:59:00+00:00,23393.8,23394.65,23367.05,23367.05,0
2026-05-13 04:00:00+00:00,23367.7,23387.65,23367.7,23385.0,0
2026-05-13 04:01:00+00:00,23384.9,23385.7,23355.0,23357.85,0
2026-05-13 04:02:00+00:00,23357.75,23362.95,23351.05,23351.95,0
2026-05-13 04:03:00+00:00,23352.3,23360.1,23347.9,23354.85,0
2026-05-13 04:04:00+00:00,23355.55,23360.45,23335.7,23337.95,0
2026-05-13 04:05:00+00:00,23337.3,23339.35,23315.6,23315.7,0
2026-05-13 04:06:00+00:00,23316.75,23317.7,23308.45,23308.85,0
2026-05-13 04:07:00+00:00,23308.9,23312.35,23285.7,23287.6,0
2026-05-13 04:08:00+00:00,23286.15,23296.8,23279.2,23280.3,0
2026-05-13 04:09:00+00:00,23279.55,23281.6,23262.55,23276.5,0
2026-05-13 04:10:00+00:00,23275.5,23279.25,23264.45,23268.5,0
2026-05-13 04:11:00+00:00,23269.1,23280.7,23268.25,23275.4,0
2026-05-13 04:12:00+00:00,23275.95,23307.65,23275.95,23304.95,0
2026-05-13 04:13:00+00:00,23305.1,23307.5,23293.05,23298.8,0
2026-05-13 04:14:00+00:00,23298.7,23314.2,23298.05,23308.5,0
2026-05-13 04:15:00+00:00,23308.9,23327.0,23307.75,23311.8,0
2026-05-13 04:16:00+00:00,23311.6,23314.3,23305.1,23307.25,0
2026-05-13 04:17:00+00:00,23306.65,23307.45,23291.5,23291.85,0
2026-05-13 04:18:00+00:00,23291.15,23300.6,23287.1,23289.6,0
2026-05-13 04:19:00+00:00,23289.35,23305.05,23287.9,23298.75,0
2026-05-13 04:20:00+00:00,23299.05,23307.2,23298.6,23306.5,0
2026-05-13 04:21:00+00:00,23306.55,23335.8,23305.2,23335.45,0
2026-05-13 04:22:00+00:00,23335.25,23353.0,23332.1,23353.0,0
2026-05-13 04:23:00+00:00,23352.85,23361.8,23352.85,23361.8,0
2026-05-13 04:24:00+00:00,23361.6,23372.45,23360.75,23367.6,0
2026-05-13 04:25:00+00:00,23367.25,23389.7,23367.25,23373.4,0
2026-05-13 04:26:00+00:00,23373.4,23375.95,23365.85,23369.0,0
2026-05-13 04:27:00+00:00,23368.45,23369.7,23354.25,23354.7,0
2026-05-13 04:28:00+00:00,23353.25,23361.8,23344.7,23361.45,0
2026-05-13 04:29:00+00:00,23361.1,23372.45,23360.8,23372.45,0
2026-05-13 04:30:00+00:00,23371.15,23371.15,23354.15,23362.45,0
2026-05-13 04:31:00+00:00,23362.35,23390.95,23362.35,23380.15,0
2026-05-13 04:32:00+00:00,23380.45,23384.85,23376.6,23376.6,0
2026-05-13 04:33:00+00:00,23376.45,23380.85,23368.45,23376.1,0
2026-05-13 04:34:00+00:00,23375.6,23392.45,23371.7,23392.45,0
2026-05-13 04:35:00+00:00,23392.6,23404.35,23392.2,23399.75,0
2026-05-13 04:36:00+00:00,23399.45,23415.85,23398.95,23413.35,0
2026-05-13 04:37:00+00:00,23412.65,23426.25,23411.9,23412.6,0
2026-05-13 04:38:00+00:00,23412.25,23412.7,23402.05,23410.35,0
2026-05-13 04:39:00+00:00,23410.0,23413.85,23405.4,23407.4,0
2026-05-13 04:40:00+00:00,23407.5,23411.4,23394.35,23394.35,0
2026-05-13 04:41:00+00:00,23393.65,23394.95,23382.9,23384.7,0
2026-05-13 04:42:00+00:00,23383.7,23399.25,23381.25,23390.1,0
2026-05-13 04:43:00+00:00,23389.65,23402.15,23387.65,23400.9,0
2026-05-13 04:44:00+00:00,23400.55,23407.9,23399.7,23403.05,0
2026-05-13 04:45:00+00:00,23403.2,23414.65,23398.45,23413.8,0
2026-05-13 04:46:00+00:00,23413.55,23424.25,23413.4,23422.1,0
2026-05-13 04:47:00+00:00,23421.5,23434.5,23421.45,23434.2,0
2026-05-13 04:48:00+00:00,23434.2,23440.55,23430.95,23439.45,0
2026-05-13 04:49:00+00:00,23439.4,23439.95,23430.5,23436.05,0
2026-05-13 04:50:00+00:00,23435.8,23452.45,23435.8,23452.0,0
2026-05-13 04:51:00+00:00,23451.75,23463.95,23443.8,23448.55,0
2026-05-13 04:52:00+00:00,23447.85,23448.25,23440.8,23443.95,0
2026-05-13 04:53:00+00:00,23443.95,23462.2,23443.9,23459.65,0
2026-05-13 04:54:00+00:00,23459.75,23461.75,23452.1,23460.85,0
2026-05-13 04:55:00+00:00,23460.85,23467.4,23459.45,23460.7,0
2026-05-13 04:56:00+00:00,23460.55,23468.1,23460.3,23468.05,0
2026-05-13 04:57:00+00:00,23468.3,23475.85,23466.0,23475.05,0
2026-05-13 04:58:00+00:00,23474.7,23477.8,23467.65,23468.8,0
2026-05-13 04:59:00+00:00,23466.95,23468.8,23452.1,23452.45,0
2026-05-13 05:00:00+00:00,23452.25,23456.95,23443.35,23448.8,0
2026-05-13 05:01:00+00:00,23448.5,23458.1,23446.45,23452.05,0
2026-05-13 05:02:00+00:00,23452.1,23456.95,23446.25,23451.55,0
2026-05-13 05:03:00+00:00,23451.55,23456.8,23450.0,23454.3,0
2026-05-13 05:04:00+00:00,23454.35,23478.6,23454.35,23475.9,0
2026-05-13 05:05:00+00:00,23475.5,23476.55,23461.65,23461.65,0
2026-05-13 05:06:00+00:00,23461.8,23461.9,23453.55,23453.55,0
2026-05-13 05:07:00+00:00,23453.25,23463.5,23449.7,23462.75,0
2026-05-13 05:08:00+00:00,23462.1,23464.15,23448.1,23448.1,0
2026-05-13 05:09:00+00:00,23447.65,23449.3,23423.6,23429.1,0
2026-05-13 05:10:00+00:00,23429.85,23451.8,23429.25,23451.8,0
2026-05-13 05:11:00+00:00,23451.45,23463.1,23450.55,23460.55,0
2026-05-13 05:12:00+00:00,23460.95,23463.0,23454.6,23459.15,0
2026-05-13 05:13:00+00:00,23459.2,23464.6,23456.6,23462.35,0
2026-05-13 05:14:00+00:00,23461.95,23466.1,23460.8,23464.0,0
2026-05-13 05:15:00+00:00,23464.05,23472.45,23462.9,23469.65,0
2026-05-13 05:16:00+00:00,23469.35,23469.65,23462.25,23462.85,0
2026-05-13 05:17:00+00:00,23462.85,23465.75,23460.2,23460.35,0
2026-05-13 05:18:00+00:00,23459.95,23462.9,23455.5,23462.75,0
2026-05-13 05:19:00+00:00,23462.6,23463.45,23445.4,23445.6,0
2026-05-13 05:20:00+00:00,23445.65,23450.5,23445.45,23447.25,0
2026-05-13 05:21:00+00:00,23447.0,23451.75,23444.6,23447.4,0
2026-05-13 05:22:00+00:00,23447.6,23457.85,23445.4,23457.85,0
2026-05-13 05:23:00+00:00,23457.95,23459.0,23437.85,23438.9,0
2026-05-13 05:24:00+00:00,23439.4,23446.3,23437.3,23440.75,0
2026-05-13 05:25:00+00:00,23441.15,23443.15,23420.2,23421.0,0
2026-05-13 05:26:00+00:00,23421.35,23423.1,23415.1,23416.4,0
2026-05-13 05:27:00+00:00,23416.85,23417.0,23402.95,23403.65,0
2026-05-13 05:28:00+00:00,23403.6,23403.75,23382.6,23383.8,0
2026-05-13 05:29:00+00:00,23380.3,23385.7,23374.8,23374.8,0
2026-05-13 05:30:00+00:00,23374.8,23383.15,23368.05,23381.9,0
2026-05-13 05:31:00+00:00,23381.85,23392.1,23379.1,23387.8,0
2026-05-13 05:32:00+00:00,23387.7,23395.55,23384.25,23395.4,0
2026-05-13 05:33:00+00:00,23395.35,23409.4,23393.8,23401.45,0
2026-05-13 05:34:00+00:00,23401.7,23407.15,23395.6,23402.05,0
2026-05-13 05:35:00+00:00,23401.45,23404.25,23393.55,23395.25,0
2026-05-13 05:36:00+00:00,23394.4,23396.1,23382.6,23384.15,0
2026-05-13 05:37:00+00:00,23384.3,23398.35,23383.55,23395.85,0
2026-05-13 05:38:00+00:00,23395.75,23397.75,23393.85,23395.0,0
2026-05-13 05:39:00+00:00,23394.6,23404.3,23393.8,23400.45,0
2026-05-13 05:40:00+00:00,23400.3,23402.0,23393.5,23401.8,0
2026-05-13 05:41:00+00:00,23401.7,23404.55,23395.6,23397.3,0
2026-05-13 05:42:00+00:00,23396.5,23397.05,23383.1,23383.95,0
2026-05-13 05:43:00+00:00,23384.05,23394.8,23382.95,23390.5,0
2026-05-13 05:44:00+00:00,23390.3,23405.2,23387.9,23403.95,0
2026-05-13 05:45:00+00:00,23403.8,23411.55,23402.05,23409.7,0
2026-05-13 05:46:00+00:00,23409.75,23416.45,23409.4,23412.2,0
2026-05-13 05:47:00+00:00,23411.8,23412.3,23392.85,23400.35,0
2026-05-13 05:48:00+00:00,23399.95,23406.4,23395.95,23405.45,0
2026-05-13 05:49:00+00:00,23405.0,23412.05,23405.0,23409.4,0
2026-05-13 05:50:00+00:00,23409.25,23411.2,23406.6,23409.7,0
2026-05-13 05:51:00+00:00,23409.55,23410.35,23397.65,23402.55,0
2026-05-13 05:52:00+00:00,23402.65,23407.65,23398.7,23398.75,0
2026-05-13 05:53:00+00:00,23397.45,23403.1,23392.75,23399.15,0
2026-05-13 05:54:00+00:00,23399.75,23416.0,23399.4,23409.6,0
2026-05-13 05:55:00+00:00,23409.45,23410.7,23401.3,23404.15,0
2026-05-13 05:56:00+00:00,23403.95,23405.9,23399.4,23402.05,0
2026-05-13 05:57:00+00:00,23401.85,23405.75,23397.1,23399.2,0
2026-05-13 05:58:00+00:00,23398.7,23400.8,23393.0,23398.05,0
2026-05-13 05:59:00+00:00,23397.1,23405.25,23396.5,23399.0,0
2026-05-13 06:00:00+00:00,23399.85,23401.65,23395.7,23400.25,0
2026-05-13 06:01:00+00:00,23399.3,23409.95,23398.5,23409.9,0
2026-05-13 06:02:00+00:00,23408.3,23410.8,23402.25,23403.15,0
2026-05-13 06:03:00+00:00,23402.2,23405.35,23397.35,23401.9,0
2026-05-13 06:04:00+00:00,23401.6,23407.9,23401.5,23406.95,0
2026-05-13 06:05:00+00:00,23405.75,23415.8,23405.15,23414.3,0
2026-05-13 06:06:00+00:00,23414.65,23440.4,23413.65,23436.45,0
2026-05-13 06:07:00+00:00,23436.1,23448.7,23435.9,23446.85,0
2026-05-13 06:08:00+00:00,23446.7,23462.8,23446.7,23458.95,0
2026-05-13 06:09:00+00:00,23458.0,23468.5,23453.7,23468.5,0
2026-05-13 06:10:00+00:00,23468.6,23475.35,23466.6,23474.7,0
2026-05-13 06:11:00+00:00,23474.75,23480.05,23474.6,23476.4,0
2026-05-13 06:12:00+00:00,23476.8,23493.0,23476.25,23493.0,0
2026-05-13 06:13:00+00:00,23492.45,23497.25,23485.0,23489.9,0
2026-05-13 06:14:00+00:00,23490.9,23498.85,23486.7,23498.6,0
2026-05-13 06:15:00+00:00,23499.0,23509.9,23498.7,23501.45,0
2026-05-13 06:16:00+00:00,23499.95,23501.3,23494.35,23495.45,0
2026-05-13 06:17:00+00:00,23494.1,23500.3,23488.9,23489.45,0
2026-05-13 06:18:00+00:00,23488.1,23493.2,23482.55,23489.9,0
2026-05-13 06:19:00+00:00,23490.05,23491.55,23480.55,23482.55,0
2026-05-13 06:20:00+00:00,23481.95,23491.2,23477.3,23485.9,0
2026-05-13 06:21:00+00:00,23485.9,23491.7,23484.85,23491.2,0
2026-05-13 06:22:00+00:00,23490.95,23500.25,23490.95,23495.4,0
2026-05-13 06:23:00+00:00,23496.15,23498.0,23473.3,23478.55,0
2026-05-13 06:24:00+00:00,23477.85,23479.65,23472.85,23474.5,0
2026-05-13 06:25:00+00:00,23473.15,23488.1,23472.1,23487.5,0
2026-05-13 06:26:00+00:00,23487.25,23488.9,23480.25,23487.05,0
2026-05-13 06:27:00+00:00,23486.8,23488.85,23479.0,23480.75,0
2026-05-13 06:28:00+00:00,23479.0,23480.8,23471.25,23479.0,0
2026-05-13 06:29:00+00:00,23478.7,23481.6,23466.0,23466.1,0
2026-05-13 06:30:00+00:00,23465.45,23481.55,23465.45,23479.4,0
2026-05-13 06:31:00+00:00,23478.8,23485.15,23474.55,23475.9,0
2026-05-13 06:32:00+00:00,23475.3,23478.55,23471.55,23473.45,0
2026-05-13 06:33:00+00:00,23472.95,23483.8,23471.55,23482.6,0
2026-05-13 06:34:00+00:00,23482.1,23488.75,23482.1,23486.65,0
2026-05-13 06:35:00+00:00,23486.3,23491.35,23481.7,23483.95,0
2026-05-13 06:36:00+00:00,23483.1,23496.35,23483.1,23492.1,0
2026-05-13 06:37:00+00:00,23491.25,23495.85,23485.8,23495.6,0
2026-05-13 06:38:00+00:00,23494.55,23499.3,23488.7,23491.2,0
2026-05-13 06:39:00+00:00,23488.5,23498.6,23486.9,23497.7,0
2026-05-13 06:40:00+00:00,23496.85,23503.0,23493.05,23502.2,0
2026-05-13 06:41:00+00:00,23501.3,23503.1,23492.6,23495.5,0
2026-05-13 06:42:00+00:00,23495.35,23499.9,23494.55,23498.95,0
2026-05-13 06:43:00+00:00,23498.9,23507.6,23498.9,23506.45,0
2026-05-13 06:44:00+00:00,23505.35,23514.15,23505.35,23512.75,0
2026-05-13 06:45:00+00:00,23511.95,23518.7,23509.65,23511.5,0
2026-05-13 06:46:00+00:00,23510.5,23511.5,23491.0,23493.95,0
2026-05-13 06:47:00+00:00,23494.5,23498.15,23481.1,23481.1,0
2026-05-13 06:48:00+00:00,23480.75,23495.65,23479.05,23493.9,0
2026-05-13 06:49:00+00:00,23492.4,23501.4,23492.4,23497.95,0
2026-05-13 06:50:00+00:00,23497.15,23497.65,23483.65,23489.0,0
2026-05-13 06:51:00+00:00,23488.3,23493.0,23486.6,23492.25,0
2026-05-13 06:52:00+00:00,23491.95,23493.45,23487.3,23491.6,0
2026-05-13 06:53:00+00:00,23489.6,23491.4,23486.75,23488.15,0
2026-05-13 06:54:00+00:00,23487.25,23490.6,23484.55,23488.5,0
2026-05-13 06:55:00+00:00,23488.2,23491.35,23485.75,23486.85,0
2026-05-13 06:56:00+00:00,23486.4,23493.0,23481.75,23491.85,0
2026-05-13 06:57:00+00:00,23490.75,23495.9,23490.75,23492.35,0
2026-05-13 06:58:00+00:00,23492.1,23492.7,23484.5,23488.95,0
2026-05-13 06:59:00+00:00,23488.95,23491.25,23484.45,23491.0,0
2026-05-13 07:00:00+00:00,23489.5,23496.0,23489.5,23493.45,0
2026-05-13 07:01:00+00:00,23492.35,23497.05,23489.1,23489.1,0
2026-05-13 07:02:00+00:00,23488.35,23490.0,23482.65,23485.05,0
2026-05-13 07:03:00+00:00,23484.85,23485.9,23474.4,23476.3,0
2026-05-13 07:04:00+00:00,23476.65,23480.75,23475.1,23478.95,0
2026-05-13 07:05:00+00:00,23478.95,23484.25,23459.65,23463.5,0
2026-05-13 07:06:00+00:00,23463.2,23467.45,23449.5,23450.35,0
2026-05-13 07:07:00+00:00,23450.2,23467.6,23449.7,23461.6,0
2026-05-13 07:08:00+00:00,23461.85,23469.0,23460.4,23467.6,0
2026-05-13 07:09:00+00:00,23467.7,23470.4,23459.85,23465.25,0
2026-05-13 07:10:00+00:00,23465.0,23466.0,23437.9,23439.05,0
2026-05-13 07:11:00+00:00,23438.1,23439.05,23423.3,23424.3,0
2026-05-13 07:12:00+00:00,23424.0,23448.2,23424.0,23447.85,0
2026-05-13 07:13:00+00:00,23447.4,23455.85,23445.95,23455.05,0
2026-05-13 07:14:00+00:00,23455.0,23456.8,23453.1,23453.9,0
2026-05-13 07:15:00+00:00,23453.55,23461.4,23449.65,23459.65,0
2026-05-13 07:16:00+00:00,23459.3,23464.25,23454.6,23464.05,0
2026-05-13 07:17:00+00:00,23463.7,23469.75,23462.7,23463.15,0
2026-05-13 07:18:00+00:00,23462.55,23465.05,23460.15,23461.3,0
2026-05-13 07:19:00+00:00,23460.95,23469.15,23460.95,23468.45,0
2026-05-13 07:20:00+00:00,23468.2,23477.6,23467.65,23477.2,0
2026-05-13 07:21:00+00:00,23477.55,23483.15,23474.55,23482.05,0
2026-05-13 07:22:00+00:00,23481.8,23495.05,23478.85,23493.6,0
2026-05-13 07:23:00+00:00,23493.45,23504.25,23491.3,23502.05,0
2026-05-13 07:24:00+00:00,23501.9,23526.85,23501.9,23525.85,0
2026-05-13 07:25:00+00:00,23525.85,23542.9,23525.85,23540.15,0
2026-05-13 07:26:00+00:00,23540.05,23557.95,23540.05,23557.5,0
2026-05-13 07:27:00+00:00,23557.95,23575.55,23556.95,23572.65,0
2026-05-13 07:28:00+00:00,23572.05,23573.05,23566.75,23572.9,0
2026-05-13 07:29:00+00:00,23572.8,23579.6,23569.55,23577.95,0
2026-05-13 07:30:00+00:00,23578.1,23582.95,23553.3,23559.05,0
2026-05-13 07:31:00+00:00,23557.7,23563.0,23554.05,23561.05,0
2026-05-13 07:32:00+00:00,23560.35,23565.7,23549.35,23555.85,0
2026-05-13 07:33:00+00:00,23555.15,23572.3,23555.15,23567.65,0
2026-05-13 07:34:00+00:00,23567.05,23568.85,23558.15,23559.35,0
2026-05-13 07:35:00+00:00,23558.65,23561.95,23550.65,23553.05,0
2026-05-13 07:36:00+00:00,23551.8,23560.15,23550.6,23551.55,0
2026-05-13 07:37:00+00:00,23550.95,23552.1,23537.4,23537.65,0
2026-05-13 07:38:00+00:00,23537.75,23538.45,23528.3,23533.0,0
2026-05-13 07:39:00+00:00,23532.05,23539.8,23531.4,23532.45,0
2026-05-13 07:40:00+00:00,23531.5,23541.65,23530.1,23541.25,0
2026-05-13 07:41:00+00:00,23540.7,23542.85,23539.25,23541.25,0
2026-05-13 07:42:00+00:00,23541.2,23553.6,23541.15,23547.3,0
2026-05-13 07:43:00+00:00,23546.6,23547.8,23540.05,23542.5,0
2026-05-13 07:44:00+00:00,23542.1,23542.65,23534.8,23538.5,0
2026-05-13 07:45:00+00:00,23538.0,23538.95,23523.0,23523.6,0
2026-05-13 07:46:00+00:00,23523.25,23525.2,23514.65,23518.55,0
2026-05-13 07:47:00+00:00,23517.7,23520.2,23502.8,23506.45,0
2026-05-13 07:48:00+00:00,23506.2,23507.5,23494.4,23499.4,0
2026-05-13 07:49:00+00:00,23498.75,23509.85,23498.3,23505.1,0
2026-05-13 07:50:00+00:00,23505.15,23514.55,23504.05,23508.9,0
2026-05-13 07:51:00+00:00,23508.7,23509.35,23495.1,23500.7,0
2026-05-13 07:52:00+00:00,23500.55,23508.05,23500.55,23501.45,0
2026-05-13 07:53:00+00:00,23500.8,23511.75,23499.6,23507.15,0
2026-05-13 07:54:00+00:00,23506.85,23512.65,23504.65,23508.3,0
2026-05-13 07:55:00+00:00,23508.5,23510.55,23500.8,23502.95,0
2026-05-13 07:56:00+00:00,23502.7,23508.0,23498.2,23506.95,0
2026-05-13 07:57:00+00:00,23506.65,23512.7,23506.65,23509.15,0
2026-05-13 07:58:00+00:00,23508.85,23510.2,23495.85,23495.95,0
2026-05-13 07:59:00+00:00,23494.95,23499.55,23490.55,23496.75,0
2026-05-13 08:00:00+00:00,23492.05,23506.8,23492.05,23498.8,0
2026-05-13 08:01:00+00:00,23498.55,23516.05,23496.95,23514.25,0
2026-05-13 08:02:00+00:00,23514.2,23536.9,23513.8,23534.7,0
2026-05-13 08:03:00+00:00,23535.0,23540.5,23528.05,23533.3,0
2026-05-13 08:04:00+00:00,23532.9,23535.1,23526.9,23533.55,0
2026-05-13 08:05:00+00:00,23532.85,23536.4,23526.55,23535.55,0
2026-05-13 08:06:00+00:00,23535.15,23539.15,23533.75,23538.05,0
2026-05-13 08:07:00+00:00,23537.5,23538.0,23516.95,23519.4,0
2026-05-13 08:08:00+00:00,23518.5,23523.0,23518.0,23521.45,0
2026-05-13 08:09:00+00:00,23521.5,23536.85,23521.25,23535.55,0
2026-05-13 08:10:00+00:00,23535.9,23538.1,23531.85,23535.4,0
2026-05-13 08:11:00+00:00,23534.8,23538.6,23532.2,23537.2,0
2026-05-13 08:12:00+00:00,23537.1,23538.75,23527.0,23530.5,0
2026-05-13 08:13:00+00:00,23529.75,23534.75,23527.55,23527.55,0
2026-05-13 08:14:00+00:00,23528.1,23529.15,23520.8,23523.35,0
2026-05-13 08:15:00+00:00,23522.05,23532.05,23518.4,23524.55,0
2026-05-13 08:16:00+00:00,23525.35,23528.05,23517.55,23518.85,0
2026-05-13 08:17:00+00:00,23518.85,23530.05,23518.85,23529.95,0
2026-05-13 08:18:00+00:00,23530.05,23535.0,23513.55,23515.45,0
2026-05-13 08:19:00+00:00,23514.4,23516.95,23504.55,23511.75,0
2026-05-13 08:20:00+00:00,23510.75,23513.25,23507.1,23512.05,0
2026-05-13 08:21:00+00:00,23512.0,23521.6,23512.0,23517.8,0
2026-05-13 08:22:00+00:00,23517.65,23522.0,23514.15,23515.45,0
2026-05-13 08:23:00+00:00,23515.05,23515.35,23509.3,23510.35,0
2026-05-13 08:24:00+00:00,23510.0,23513.65,23507.5,23508.0,0
2026-05-13 08:25:00+00:00,23508.0,23509.6,23481.75,23483.15,0
2026-05-13 08:26:00+00:00,23481.85,23494.7,23480.25,23494.1,0
2026-05-13 08:27:00+00:00,23494.75,23503.65,23493.75,23501.6,0
2026-05-13 08:28:00+00:00,23501.75,23506.15,23491.8,23492.35,0
2026-05-13 08:29:00+00:00,23492.5,23500.85,23492.4,23499.8,0
2026-05-13 08:30:00+00:00,23499.85,23512.3,23497.05,23506.3,0
2026-05-13 08:31:00+00:00,23504.9,23508.1,23489.4,23493.7,0
2026-05-13 08:32:00+00:00,23493.8,23496.7,23490.75,23493.5,0
2026-05-13 08:33:00+00:00,23493.25,23500.6,23493.0,23494.9,0
2026-05-13 08:34:00+00:00,23494.55,23495.35,23481.8,23490.15,0
2026-05-13 08:35:00+00:00,23489.85,23498.85,23489.85,23496.1,0
2026-05-13 08:36:00+00:00,23495.35,23499.9,23493.25,23498.7,0
2026-05-13 08:37:00+00:00,23499.55,23506.65,23493.3,23495.15,0
2026-05-13 08:38:00+00:00,23494.85,23508.6,23494.8,23506.15,0
2026-05-13 08:39:00+00:00,23506.0,23513.45,23506.0,23513.0,0
2026-05-13 08:40:00+00:00,23512.9,23519.3,23512.55,23517.5,0
2026-05-13 08:41:00+00:00,23517.3,23517.8,23507.65,23509.3,0
2026-05-13 08:42:00+00:00,23509.25,23523.5,23507.95,23522.15,0
2026-05-13 08:43:00+00:00,23521.65,23525.0,23516.1,23519.3,0
2026-05-13 08:44:00+00:00,23518.35,23519.85,23514.1,23516.8,0
2026-05-13 08:45:00+00:00,23516.5,23522.4,23515.25,23517.5,0
2026-05-13 08:46:00+00:00,23517.6,23520.35,23512.4,23515.15,0
2026-05-13 08:47:00+00:00,23513.6,23518.45,23513.05,23514.2,0
2026-05-13 08:48:00+00:00,23514.4,23514.4,23487.6,23490.05,0
2026-05-13 08:49:00+00:00,23490.05,23492.45,23483.25,23483.45,0
2026-05-13 08:50:00+00:00,23482.35,23484.2,23471.6,23471.85,0
2026-05-13 08:51:00+00:00,23471.85,23480.85,23469.8,23474.35,0
2026-05-13 08:52:00+00:00,23474.45,23483.8,23474.45,23481.85,0
2026-05-13 08:53:00+00:00,23481.5,23491.2,23477.9,23491.15,0
2026-05-13 08:54:00+00:00,23491.9,23514.3,23491.9,23510.55,0
2026-05-13 08:55:00+00:00,23509.5,23516.35,23495.9,23496.8,0
2026-05-13 08:56:00+00:00,23494.55,23497.85,23488.0,23493.8,0
2026-05-13 08:57:00+00:00,23492.95,23493.9,23481.4,23488.25,0
2026-05-13 08:58:00+00:00,23488.55,23496.05,23488.45,23494.9,0
2026-05-13 08:59:00+00:00,23494.8,23498.35,23489.8,23491.35,0
2026-05-13 09:00:00+00:00,23491.05,23496.75,23491.05,23492.2,0
2026-05-13 09:01:00+00:00,23491.2,23500.6,23490.2,23500.6,0
2026-05-13 09:02:00+00:00,23500.6,23502.95,23498.25,23499.55,0
2026-05-13 09:03:00+00:00,23499.25,23502.9,23491.7,23491.7,0
2026-05-13 09:04:00+00:00,23492.35,23498.55,23491.0,23498.15,0
2026-05-13 09:05:00+00:00,23497.4,23503.0,23490.9,23495.1,0
2026-05-13 09:06:00+00:00,23494.8,23498.75,23488.35,23489.5,0
2026-05-13 09:07:00+00:00,23489.4,23496.3,23487.7,23496.3,0
2026-05-13 09:08:00+00:00,23496.4,23504.0,23491.8,23502.7,0
2026-05-13 09:09:00+00:00,23502.0,23504.4,23498.4,23500.15,0
2026-05-13 09:10:00+00:00,23499.7,23501.5,23481.8,23481.8,0
2026-05-13 09:11:00+00:00,23480.95,23485.05,23472.4,23484.85,0
2026-05-13 09:12:00+00:00,23485.2,23495.4,23480.8,23481.6,0
2026-05-13 09:13:00+00:00,23480.35,23489.4,23478.75,23488.1,0
2026-05-13 09:14:00+00:00,23487.4,23489.1,23465.2,23467.5,0
2026-05-13 09:15:00+00:00,23468.2,23468.3,23448.3,23448.4,0
2026-05-13 09:16:00+00:00,23448.55,23478.7,23446.65,23478.7,0
2026-05-13 09:17:00+00:00,23477.35,23483.75,23474.95,23477.3,0
2026-05-13 09:18:00+00:00,23476.55,23484.2,23475.35,23476.1,0
2026-05-13 09:19:00+00:00,23476.0,23484.35,23474.95,23482.85,0
2026-05-13 09:20:00+00:00,23482.7,23490.05,23477.9,23488.8,0
2026-05-13 09:21:00+00:00,23488.65,23490.85,23469.55,23479.2,0
2026-05-13 09:22:00+00:00,23479.2,23483.2,23477.35,23481.5,0
2026-05-13 09:23:00+00:00,23481.35,23486.6,23478.75,23483.2,0
2026-05-13 09:24:00+00:00,23483.05,23487.5,23480.6,23485.1,0
2026-05-13 09:25:00+00:00,23483.95,23486.65,23477.95,23479.95,0
2026-05-13 09:26:00+00:00,23479.55,23482.25,23474.25,23479.4,0
2026-05-13 09:27:00+00:00,23479.0,23484.2,23476.45,23478.65,0
2026-05-13 09:28:00+00:00,23478.15,23483.85,23477.3,23483.3,0
2026-05-13 09:29:00+00:00,23483.25,23483.95,23474.65,23479.2,0
2026-05-13 09:30:00+00:00,23476.75,23478.7,23432.65,23435.65,0
2026-05-13 09:31:00+00:00,23434.3,23439.6,23423.3,23426.0,0
2026-05-13 09:32:00+00:00,23423.75,23426.1,23418.45,23421.0,0
2026-05-13 09:33:00+00:00,23420.05,23434.35,23416.25,23433.05,0
2026-05-13 09:34:00+00:00,23432.05,23434.25,23417.9,23418.3,0
2026-05-13 09:35:00+00:00,23418.8,23421.25,23406.25,23407.6,0
2026-05-13 09:36:00+00:00,23407.15,23412.3,23404.4,23410.75,0
2026-05-13 09:37:00+00:00,23410.45,23415.45,23410.05,23412.35,0
2026-05-13 09:38:00+00:00,23412.05,23412.85,23402.85,23407.85,0
2026-05-13 09:39:00+00:00,23407.0,23425.7,23407.0,23423.95,0
2026-05-13 09:40:00+00:00,23423.35,23424.95,23408.0,23414.15,0
2026-05-13 09:41:00+00:00,23413.15,23418.3,23405.0,23408.2,0
2026-05-13 09:42:00+00:00,23407.55,23412.15,23405.9,23407.55,0
2026-05-13 09:43:00+00:00,23407.15,23415.3,23407.15,23415.3,0
2026-05-13 09:44:00+00:00,23414.55,23426.25,23412.85,23425.7,0
2026-05-13 09:45:00+00:00,23425.4,23428.15,23417.15,23422.4,0
2026-05-13 09:46:00+00:00,23421.25,23428.25,23421.15,23424.15,0
2026-05-13 09:47:00+00:00,23422.7,23425.2,23418.5,23419.5,0
2026-05-13 09:48:00+00:00,23418.6,23420.25,23413.65,23416.7,0
2026-05-13 09:49:00+00:00,23415.85,23417.95,23411.75,23412.7,0
2026-05-13 09:50:00+00:00,23412.55,23414.85,23404.5,23405.9,0
2026-05-13 09:51:00+00:00,23405.35,23407.15,23399.95,23401.85,0
2026-05-13 09:52:00+00:00,23400.45,23403.7,23395.25,23396.45,0
2026-05-13 09:53:00+00:00,23396.0,23401.2,23394.35,23399.7,0
2026-05-13 09:54:00+00:00,23398.4,23401.55,23394.4,23398.25,0
2026-05-13 09:55:00+00:00,23397.35,23406.2,23397.35,23405.5,0
2026-05-13 09:56:00+00:00,23403.9,23415.25,23403.4,23412.55,0
2026-05-13 09:57:00+00:00,23412.4,23413.3,23403.0,23410.3,0
2026-05-13 09:58:00+00:00,23411.15,23423.05,23404.9,23421.15,0
2026-05-13 09:59:00+00:00,23422.65,23436.95,23420.0,23428.7,0
2026-05-14 03:45:00+00:00,23530.25,23570.85,23530.25,23534.35,0
2026-05-14 03:46:00+00:00,23536.05,23563.9,23515.6,23541.5,0
2026-05-14 03:47:00+00:00,23540.35,23567.95,23535.3,23567.25,0
2026-05-14 03:48:00+00:00,23568.65,23581.5,23558.95,23560.0,0
2026-05-14 03:49:00+00:00,23558.4,23560.95,23548.6,23550.05,0
2026-05-14 03:50:00+00:00,23549.9,23571.4,23548.9,23557.3,0
2026-05-14 03:51:00+00:00,23558.55,23573.75,23554.35,23558.5,0
2026-05-14 03:52:00+00:00,23559.5,23575.65,23558.4,23567.95,0
2026-05-14 03:53:00+00:00,23568.7,23572.3,23560.0,23566.85,0
2026-05-14 03:54:00+00:00,23566.65,23570.3,23556.8,23569.45,0
2026-05-14 03:55:00+00:00,23569.7,23575.3,23564.3,23567.25,0
2026-05-14 03:56:00+00:00,23567.3,23581.25,23564.55,23578.25,0
2026-05-14 03:57:00+00:00,23578.5,23580.3,23568.3,23571.0,0
2026-05-14 03:58:00+00:00,23571.15,23576.9,23567.65,23573.95,0
2026-05-14 03:59:00+00:00,23573.8,23589.2,23573.3,23581.3,0
2026-05-14 04:00:00+00:00,23581.35,23586.2,23571.8,23573.9,0
2026-05-14 04:01:00+00:00,23573.45,23579.85,23570.55,23577.85,0
2026-05-14 04:02:00+00:00,23580.0,23580.0,23570.05,23574.65,0
2026-05-14 04:03:00+00:00,23577.25,23581.8,23573.1,23576.15,0
2026-05-14 04:04:00+00:00,23577.55,23580.25,23562.8,23564.3,0
2026-05-14 04:05:00+00:00,23565.5,23565.55,23557.3,23560.65,0
2026-05-14 04:06:00+00:00,23562.9,23569.95,23549.3,23550.3,0
2026-05-14 04:07:00+00:00,23551.7,23553.5,23538.95,23552.6,0
2026-05-14 04:08:00+00:00,23553.75,23553.75,23538.7,23540.85,0
2026-05-14 04:09:00+00:00,23541.85,23541.85,23523.85,23524.5,0
2026-05-14 04:10:00+00:00,23525.75,23526.3,23517.15,23518.25,0
2026-05-14 04:11:00+00:00,23521.05,23521.25,23511.05,23511.1,0
2026-05-14 04:12:00+00:00,23512.95,23512.95,23502.35,23503.55,0
2026-05-14 04:13:00+00:00,23505.4,23512.5,23504.3,23505.35,0
2026-05-14 04:14:00+00:00,23506.75,23509.05,23493.8,23496.8,0
2026-05-14 04:15:00+00:00,23499.0,23516.45,23496.45,23515.8,0
2026-05-14 04:16:00+00:00,23518.4,23532.95,23514.85,23517.35,0
2026-05-14 04:17:00+00:00,23519.65,23526.25,23515.3,23516.45,0
2026-05-14 04:18:00+00:00,23517.4,23518.45,23495.25,23497.05,0
2026-05-14 04:19:00+00:00,23498.25,23498.25,23490.2,23492.65,0
2026-05-14 04:20:00+00:00,23494.05,23498.35,23489.15,23494.0,0
2026-05-14 04:21:00+00:00,23495.2,23500.7,23492.5,23496.45,0
2026-05-14 04:22:00+00:00,23498.3,23502.8,23496.25,23496.4,0
2026-05-14 04:23:00+00:00,23497.1,23497.1,23478.0,23478.35,0
2026-05-14 04:24:00+00:00,23482.1,23483.0,23468.65,23471.45,0
2026-05-14 04:25:00+00:00,23473.2,23479.35,23464.4,23468.0,0
2026-05-14 04:26:00+00:00,23470.55,23475.35,23459.45,23461.2,0
2026-05-14 04:27:00+00:00,23462.9,23469.15,23452.85,23467.15,0
2026-05-14 04:28:00+00:00,23468.25,23468.7,23447.85,23447.95,0
2026-05-14 04:29:00+00:00,23450.8,23465.7,23446.7,23464.45,0
2026-05-14 04:30:00+00:00,23466.1,23468.75,23455.45,23455.45,0
2026-05-14 04:31:00+00:00,23457.8,23470.55,23456.45,23470.55,0
2026-05-14 04:32:00+00:00,23471.6,23489.4,23471.2,23489.4,0
2026-05-14 04:33:00+00:00,23490.8,23492.6,23482.8,23485.85,0
2026-05-14 04:34:00+00:00,23487.35,23488.0,23478.1,23482.55,0
2026-05-14 04:35:00+00:00,23483.8,23490.35,23482.45,23483.8,0
2026-05-14 04:36:00+00:00,23484.95,23484.95,23465.7,23465.8,0
2026-05-14 04:37:00+00:00,23468.75,23474.15,23464.75,23469.6,0
2026-05-14 04:38:00+00:00,23470.3,23472.5,23461.7,23462.4,0
2026-05-14 04:39:00+00:00,23464.45,23487.4,23459.65,23484.95,0
2026-05-14 04:40:00+00:00,23483.85,23484.1,23475.45,23475.85,0
2026-05-14 04:41:00+00:00,23477.1,23488.6,23472.2,23488.6,0
2026-05-14 04:42:00+00:00,23488.5,23490.7,23481.25,23485.35,0
2026-05-14 04:43:00+00:00,23486.85,23494.65,23483.2,23483.3,0
2026-05-14 04:44:00+00:00,23485.05,23496.35,23482.15,23495.8,0
2026-05-14 04:45:00+00:00,23496.8,23496.8,23488.3,23491.45,0
2026-05-14 04:46:00+00:00,23491.0,23491.0,23481.35,23484.95,0
2026-05-14 04:47:00+00:00,23485.2,23505.7,23482.6,23505.1,0
2026-05-14 04:48:00+00:00,23505.2,23509.65,23497.55,23501.65,0
2026-05-14 04:49:00+00:00,23502.7,23513.7,23500.4,23513.7,0
2026-05-14 04:50:00+00:00,23515.35,23516.25,23495.95,23495.95,0
2026-05-14 04:51:00+00:00,23496.6,23496.6,23483.7,23485.15,0
2026-05-14 04:52:00+00:00,23487.5,23489.1,23476.85,23476.85,0
2026-05-14 04:53:00+00:00,23478.4,23487.55,23473.25,23484.4,0
2026-05-14 04:54:00+00:00,23486.4,23495.8,23484.65,23494.55,0
2026-05-14 04:55:00+00:00,23495.95,23498.5,23491.9,23496.15,0
2026-05-14 04:56:00+00:00,23497.15,23506.6,23492.95,23505.0,0
2026-05-14 04:57:00+00:00,23505.75,23510.5,23501.3,23510.1,0
2026-05-14 04:58:00+00:00,23510.6,23517.5,23507.55,23516.75,0
2026-05-14 04:59:00+00:00,23517.45,23517.45,23505.6,23506.4,0
2026-05-14 05:00:00+00:00,23507.65,23512.4,23505.25,23510.2,0
2026-05-14 05:01:00+00:00,23512.35,23512.6,23504.05,23509.05,0
2026-05-14 05:02:00+00:00,23509.85,23510.0,23504.05,23506.05,0
2026-05-14 05:03:00+00:00,23508.3,23511.35,23504.9,23509.4,0
2026-05-14 05:04:00+00:00,23511.9,23519.4,23505.8,23519.05,0
2026-05-14 05:05:00+00:00,23520.2,23533.35,23519.4,23530.4,0
2026-05-14 05:06:00+00:00,23531.75,23537.5,23526.1,23535.3,0
2026-05-14 05:07:00+00:00,23536.45,23536.6,23531.05,23532.25,0
2026-05-14 05:08:00+00:00,23533.8,23536.55,23528.7,23531.75,0
2026-05-14 05:09:00+00:00,23532.95,23534.7,23527.2,23529.4,0
2026-05-14 05:10:00+00:00,23530.55,23533.25,23524.5,23528.85,0
2026-05-14 05:11:00+00:00,23529.25,23529.95,23520.1,23521.25,0
2026-05-14 05:12:00+00:00,23522.15,23525.4,23516.55,23516.75,0
2026-05-14 05:13:00+00:00,23518.0,23518.0,23499.25,23502.15,0
2026-05-14 05:14:00+00:00,23503.05,23504.35,23496.8,23497.25,0
2026-05-14 05:15:00+00:00,23495.6,23495.6,23473.7,23482.15,0
2026-05-14 05:16:00+00:00,23481.45,23482.25,23472.45,23472.95,0
2026-05-14 05:17:00+00:00,23474.25,23474.25,23460.65,23461.85,0
2026-05-14 05:18:00+00:00,23462.6,23463.5,23450.5,23455.0,0
2026-05-14 05:19:00+00:00,23456.6,23456.6,23436.05,23437.2,0
2026-05-14 05:20:00+00:00,23439.0,23456.5,23426.55,23456.3,0
2026-05-14 05:21:00+00:00,23457.55,23468.5,23453.7,23460.45,0
2026-05-14 05:22:00+00:00,23462.15,23470.55,23461.3,23470.35,0
2026-05-14 05:23:00+00:00,23472.35,23474.05,23465.9,23470.0,0
2026-05-14 05:24:00+00:00,23471.2,23480.6,23470.65,23473.0,0
2026-05-14 05:25:00+00:00,23473.3,23473.75,23462.5,23468.6,0
2026-05-14 05:26:00+00:00,23469.85,23471.15,23449.55,23452.4,0
2026-05-14 05:27:00+00:00,23453.35,23453.35,23438.5,23438.5,0
2026-05-14 05:28:00+00:00,23441.2,23444.0,23434.35,23441.45,0
2026-05-14 05:29:00+00:00,23442.2,23442.6,23430.45,23430.45,0
2026-05-14 05:30:00+00:00,23432.9,23442.7,23431.65,23438.85,0
2026-05-14 05:31:00+00:00,23439.85,23440.0,23435.95,23436.2,0
2026-05-14 05:32:00+00:00,23437.35,23439.05,23433.3,23434.35,0
2026-05-14 05:33:00+00:00,23435.2,23444.15,23435.05,23440.65,0
2026-05-14 05:34:00+00:00,23441.85,23443.8,23434.3,23435.25,0
2026-05-14 05:35:00+00:00,23435.95,23440.2,23433.1,23439.45,0
2026-05-14 05:36:00+00:00,23441.0,23446.4,23438.15,23442.9,0
2026-05-14 05:37:00+00:00,23444.15,23444.6,23434.35,23437.7,0
2026-05-14 05:38:00+00:00,23440.0,23440.0,23428.35,23433.25,0
2026-05-14 05:39:00+00:00,23433.95,23434.9,23427.85,23432.1,0
2026-05-14 05:40:00+00:00,23433.45,23444.5,23429.7,23443.2,0
2026-05-14 05:41:00+00:00,23445.0,23452.25,23440.65,23452.0,0
2026-05-14 05:42:00+00:00,23452.5,23457.5,23451.9,23456.2,0
2026-05-14 05:43:00+00:00,23456.7,23456.7,23444.75,23449.7,0
2026-05-14 05:44:00+00:00,23451.05,23461.35,23449.55,23459.15,0
2026-05-14 05:45:00+00:00,23459.85,23475.15,23459.0,23473.15,0
2026-05-14 05:46:00+00:00,23475.5,23477.85,23464.05,23477.05,0
2026-05-14 05:47:00+00:00,23478.2,23482.5,23475.5,23480.65,0
2026-05-14 05:48:00+00:00,23484.05,23496.05,23483.15,23492.9,0
2026-05-14 05:49:00+00:00,23494.6,23502.95,23490.45,23502.95,0
2026-05-14 05:50:00+00:00,23503.85,23506.85,23500.7,23506.85,0
2026-05-14 05:51:00+00:00,23507.85,23521.1,23505.7,23520.9,0
2026-05-14 05:52:00+00:00,23522.5,23530.35,23521.85,23528.95,0
2026-05-14 05:53:00+00:00,23530.0,23536.6,23525.65,23535.15,0
2026-05-14 05:54:00+00:00,23537.05,23549.25,23536.55,23543.15,0
2026-05-14 05:55:00+00:00,23545.7,23545.7,23530.45,23530.65,0
2026-05-14 05:56:00+00:00,23533.3,23535.95,23514.05,23518.7,0
2026-05-14 05:57:00+00:00,23521.1,23548.85,23520.95,23545.8,0
2026-05-14 05:58:00+00:00,23549.05,23574.75,23544.5,23574.6,0
2026-05-14 05:59:00+00:00,23574.1,23577.8,23560.65,23567.4,0
2026-05-14 06:00:00+00:00,23568.5,23578.3,23566.6,23576.15,0
2026-05-14 06:01:00+00:00,23578.45,23585.65,23569.95,23584.9,0
2026-05-14 06:02:00+00:00,23586.7,23589.1,23577.55,23583.8,0
2026-05-14 06:03:00+00:00,23585.7,23605.6,23584.35,23602.65,0
2026-05-14 06:04:00+00:00,23603.85,23610.35,23601.4,23604.65,0
2026-05-14 06:05:00+00:00,23605.3,23621.2,23603.7,23618.2,0
2026-05-14 06:06:00+00:00,23621.2,23626.6,23612.75,23613.4,0
2026-05-14 06:07:00+00:00,23614.65,23616.9,23600.9,23609.1,0
2026-05-14 06:08:00+00:00,23611.05,23618.85,23607.75,23618.25,0
2026-05-14 06:09:00+00:00,23620.55,23634.2,23618.05,23628.05,0
2026-05-14 06:10:00+00:00,23629.15,23629.85,23612.25,23626.85,0
2026-05-14 06:11:00+00:00,23627.45,23656.75,23626.2,23646.7,0
2026-05-14 06:12:00+00:00,23647.5,23659.55,23646.55,23657.0,0
2026-05-14 06:13:00+00:00,23658.95,23660.6,23643.3,23651.4,0
2026-05-14 06:14:00+00:00,23652.45,23669.45,23651.2,23668.6,0
2026-05-14 06:15:00+00:00,23670.7,23682.7,23651.55,23652.65,0
2026-05-14 06:16:00+00:00,23655.25,23655.6,23645.05,23654.95,0
2026-05-14 06:17:00+00:00,23655.9,23669.5,23655.05,23667.85,0
2026-05-14 06:18:00+00:00,23668.65,23675.7,23664.95,23673.95,0
2026-05-14 06:19:00+00:00,23675.15,23683.55,23673.25,23681.25,0
2026-05-14 06:20:00+00:00,23683.35,23687.65,23671.7,23687.55,0
2026-05-14 06:21:00+00:00,23688.75,23695.45,23676.8,23689.4,0
2026-05-14 06:22:00+00:00,23690.85,23702.5,23688.35,23691.1,0
2026-05-14 06:23:00+00:00,23692.15,23692.15,23679.6,23680.4,0
2026-05-14 06:24:00+00:00,23681.45,23681.45,23669.4,23673.75,0
2026-05-14 06:25:00+00:00,23675.45,23685.65,23666.9,23670.6,0
2026-05-14 06:26:00+00:00,23672.3,23687.55,23668.8,23681.0,0
2026-05-14 06:27:00+00:00,23682.5,23688.35,23679.25,23684.65,0
2026-05-14 06:28:00+00:00,23685.7,23689.0,23678.8,23679.4,0
2026-05-14 06:29:00+00:00,23681.95,23689.3,23679.55,23684.6,0
2026-05-14 06:30:00+00:00,23685.55,23685.55,23666.6,23668.3,0
2026-05-14 06:31:00+00:00,23668.7,23673.15,23658.0,23658.0,0
2026-05-14 06:32:00+00:00,23658.95,23665.55,23653.45,23664.7,0
2026-05-14 06:33:00+00:00,23667.3,23667.3,23651.2,23651.2,0
2026-05-14 06:34:00+00:00,23653.75,23655.45,23645.95,23650.6,0
2026-05-14 06:35:00+00:00,23653.45,23658.25,23647.1,23654.95,0
2026-05-14 06:36:00+00:00,23655.9,23655.9,23646.4,23652.25,0
2026-05-14 06:37:00+00:00,23653.3,23669.3,23649.9,23667.6,0
2026-05-14 06:38:00+00:00,23669.1,23669.1,23658.45,23665.25,0
2026-05-14 06:39:00+00:00,23666.4,23667.15,23645.85,23650.65,0
2026-05-14 06:40:00+00:00,23651.95,23653.75,23636.85,23638.8,0
2026-05-14 06:41:00+00:00,23641.35,23652.9,23636.45,23650.5,0
2026-05-14 06:42:00+00:00,23651.05,23653.2,23643.6,23644.15,0
2026-05-14 06:43:00+00:00,23646.25,23649.3,23641.15,23646.8,0
2026-05-14 06:44:00+00:00,23648.5,23668.25,23645.55,23667.4,0
2026-05-14 06:45:00+00:00,23667.95,23682.7,23667.2,23675.85,0
2026-05-14 06:46:00+00:00,23677.95,23690.15,23676.5,23689.8,0
2026-05-14 06:47:00+00:00,23690.6,23707.45,23689.55,23706.3,0
2026-05-14 06:48:00+00:00,23707.4,23708.1,23697.85,23699.85,0
2026-05-14 06:49:00+00:00,23700.45,23700.45,23680.15,23681.65,0
2026-05-14 06:50:00+00:00,23682.6,23696.0,23680.2,23687.65,0
2026-05-14 06:51:00+00:00,23688.9,23693.75,23682.6,23683.2,0
2026-05-14 06:52:00+00:00,23683.2,23689.35,23681.2,23689.2,0
2026-05-14 06:53:00+00:00,23690.0,23692.65,23680.45,23692.65,0
2026-05-14 06:54:00+00:00,23693.15,23699.1,23690.5,23696.25,0
2026-05-14 06:55:00+00:00,23697.9,23699.8,23691.0,23691.4,0
2026-05-14 06:56:00+00:00,23693.0,23697.4,23688.2,23695.5,0
2026-05-14 06:57:00+00:00,23696.65,23702.9,23691.75,23692.05,0
2026-05-14 06:58:00+00:00,23693.8,23706.05,23693.2,23705.5,0
2026-05-14 06:59:00+00:00,23707.0,23708.3,23691.45,23692.65,0
2026-05-14 07:00:00+00:00,23695.2,23701.25,23689.5,23690.35,0
2026-05-14 07:01:00+00:00,23691.1,23691.1,23679.2,23686.5,0
2026-05-14 07:02:00+00:00,23687.85,23693.3,23684.2,23689.95,0
2026-05-14 07:03:00+00:00,23691.6,23692.05,23684.8,23689.0,0
2026-05-14 07:04:00+00:00,23690.0,23690.75,23681.6,23682.7,0
2026-05-14 07:05:00+00:00,23682.4,23685.35,23675.35,23684.85,0
2026-05-14 07:06:00+00:00,23686.35,23690.15,23684.35,23686.1,0
2026-05-14 07:07:00+00:00,23687.75,23687.75,23677.05,23678.1,0
2026-05-14 07:08:00+00:00,23679.9,23684.45,23678.05,23678.25,0
2026-05-14 07:09:00+00:00,23679.1,23679.1,23667.45,23677.35,0
2026-05-14 07:10:00+00:00,23679.45,23683.95,23676.9,23678.35,0
2026-05-14 07:11:00+00:00,23679.0,23682.0,23674.0,23674.8,0
2026-05-14 07:12:00+00:00,23676.5,23684.5,23673.1,23683.5,0
2026-05-14 07:13:00+00:00,23685.4,23687.05,23681.6,23684.8,0
2026-05-14 07:14:00+00:00,23686.35,23702.9,23684.95,23701.7,0
2026-05-14 07:15:00+00:00,23703.35,23708.1,23698.95,23701.7,0
2026-05-14 07:16:00+00:00,23702.6,23707.8,23684.15,23684.65,0
2026-05-14 07:17:00+00:00,23685.6,23705.35,23685.2,23704.2,0
2026-05-14 07:18:00+00:00,23706.1,23708.65,23702.6,23705.7,0
2026-05-14 07:19:00+00:00,23706.85,23713.0,23706.6,23710.55,0
2026-05-14 07:20:00+00:00,23711.75,23711.75,23696.5,23700.95,0
2026-05-14 07:21:00+00:00,23703.05,23704.2,23693.2,23693.2,0
2026-05-14 07:22:00+00:00,23692.65,23693.2,23677.7,23680.65,0
2026-05-14 07:23:00+00:00,23682.0,23682.4,23675.8,23680.9,0
2026-05-14 07:24:00+00:00,23681.9,23688.3,23679.95,23684.95,0
2026-05-14 07:25:00+00:00,23686.15,23692.5,23684.2,23684.35,0
2026-05-14 07:26:00+00:00,23686.05,23686.05,23676.65,23679.1,0
2026-05-14 07:27:00+00:00,23680.85,23694.0,23679.65,23692.6,0
2026-05-14 07:28:00+00:00,23694.0,23697.1,23688.65,23694.95,0
2026-05-14 07:29:00+00:00,23695.2,23696.0,23688.1,23689.0,0
2026-05-14 07:30:00+00:00,23690.2,23708.35,23689.3,23706.6,0
2026-05-14 07:31:00+00:00,23707.35,23707.55,23699.2,23705.35,0
2026-05-14 07:32:00+00:00,23706.35,23718.2,23697.4,23716.35,0
2026-05-14 07:33:00+00:00,23718.95,23726.4,23717.3,23726.25,0
2026-05-14 07:34:00+00:00,23727.2,23739.65,23727.2,23738.45,0
2026-05-14 07:35:00+00:00,23739.45,23747.8,23738.05,23742.35,0
2026-05-14 07:36:00+00:00,23744.1,23744.25,23730.75,23732.85,0
2026-05-14 07:37:00+00:00,23735.1,23736.2,23729.85,23733.3,0
2026-05-14 07:38:00+00:00,23734.25,23734.25,23723.1,23723.1,0
2026-05-14 07:39:00+00:00,23725.4,23728.1,23721.55,23722.75,0
2026-05-14 07:40:00+00:00,23723.4,23726.7,23708.15,23708.35,0
2026-05-14 07:41:00+00:00,23709.4,23709.4,23695.9,23699.5,0
2026-05-14 07:42:00+00:00,23701.6,23718.35,23698.0,23717.15,0
2026-05-14 07:43:00+00:00,23719.15,23722.85,23710.3,23713.9,0
2026-05-14 07:44:00+00:00,23715.45,23720.95,23707.4,23713.55,0
2026-05-14 07:45:00+00:00,23715.25,23721.25,23709.65,23720.75,0
2026-05-14 07:46:00+00:00,23722.6,23728.9,23719.75,23728.1,0
2026-05-14 07:47:00+00:00,23728.95,23732.85,23718.15,23721.9,0
2026-05-14 07:48:00+00:00,23722.85,23726.35,23711.4,23712.15,0
2026-05-14 07:49:00+00:00,23714.35,23724.55,23709.8,23721.15,0
2026-05-14 07:50:00+00:00,23722.15,23722.4,23712.15,23717.1,0
2026-05-14 07:51:00+00:00,23719.85,23724.75,23715.0,23721.7,0
2026-05-14 07:52:00+00:00,23722.2,23725.75,23714.35,23715.15,0
2026-05-14 07:53:00+00:00,23716.9,23727.3,23713.45,23721.25,0
2026-05-14 07:54:00+00:00,23723.35,23724.35,23710.65,23710.75,0
2026-05-14 07:55:00+00:00,23711.9,23718.4,23709.9,23716.7,0
2026-05-14 07:56:00+00:00,23718.15,23725.25,23716.25,23721.0,0
2026-05-14 07:57:00+00:00,23723.95,23724.2,23718.05,23720.35,0
2026-05-14 07:58:00+00:00,23723.6,23728.4,23717.5,23724.4,0
2026-05-14 07:59:00+00:00,23725.7,23729.5,23711.8,23715.15,0
2026-05-14 08:00:00+00:00,23718.1,23724.9,23709.3,23724.8,0
2026-05-14 08:01:00+00:00,23725.65,23731.2,23722.8,23728.9,0
2026-05-14 08:02:00+00:00,23730.3,23734.75,23724.85,23731.35,0
2026-05-14 08:03:00+00:00,23732.7,23738.9,23730.9,23735.95,0
2026-05-14 08:04:00+00:00,23735.95,23739.55,23731.3,23737.85,0
2026-05-14 08:05:00+00:00,23741.3,23743.5,23735.75,23741.65,0
2026-05-14 08:06:00+00:00,23743.75,23751.9,23740.25,23750.75,0
2026-05-14 08:07:00+00:00,23752.55,23760.45,23750.9,23757.05,0
2026-05-14 08:08:00+00:00,23758.25,23760.25,23752.8,23755.8,0
2026-05-14 08:09:00+00:00,23756.55,23756.55,23738.0,23739.25,0
2026-05-14 08:10:00+00:00,23740.55,23757.75,23738.05,23757.45,0
2026-05-14 08:11:00+00:00,23758.55,23758.6,23743.9,23744.2,0
2026-05-14 08:12:00+00:00,23745.35,23751.1,23739.2,23742.2,0
2026-05-14 08:13:00+00:00,23742.9,23752.25,23740.5,23749.4,0
2026-05-14 08:14:00+00:00,23749.85,23753.1,23745.2,23752.55,0
2026-05-14 08:15:00+00:00,23753.8,23763.65,23752.15,23753.55,0
2026-05-14 08:16:00+00:00,23755.65,23759.15,23744.85,23744.85,0
2026-05-14 08:17:00+00:00,23747.5,23748.75,23741.2,23741.3,0
2026-05-14 08:18:00+00:00,23744.15,23744.15,23735.45,23739.05,0
2026-05-14 08:19:00+00:00,23740.15,23748.8,23738.15,23740.9,0
2026-05-14 08:20:00+00:00,23742.5,23749.9,23739.15,23749.9,0
2026-05-14 08:21:00+00:00,23751.7,23753.5,23739.95,23742.45,0
2026-05-14 08:22:00+00:00,23743.3,23743.3,23732.4,23734.1,0
2026-05-14 08:23:00+00:00,23735.7,23739.45,23725.95,23730.85,0
2026-05-14 08:24:00+00:00,23732.25,23749.75,23727.25,23747.85,0
2026-05-14 08:25:00+00:00,23749.95,23751.05,23738.2,23750.65,0
2026-05-14 08:26:00+00:00,23752.2,23755.1,23746.2,23750.3,0
2026-05-14 08:27:00+00:00,23751.1,23753.7,23745.6,23751.55,0
2026-05-14 08:28:00+00:00,23753.35,23756.15,23747.7,23751.1,0
2026-05-14 08:29:00+00:00,23752.05,23753.55,23747.5,23751.35,0
2026-05-14 08:30:00+00:00,23751.85,23753.9,23741.1,23745.35,0
2026-05-14 08:31:00+00:00,23746.9,23750.6,23740.0,23750.6,0
2026-05-14 08:32:00+00:00,23751.85,23758.5,23747.05,23748.15,0
2026-05-14 08:33:00+00:00,23749.75,23751.0,23742.35,23748.6,0
2026-05-14 08:34:00+00:00,23749.85,23756.8,23745.75,23751.05,0
2026-05-14 08:35:00+00:00,23753.7,23759.15,23748.9,23756.5,0
2026-05-14 08:36:00+00:00,23757.55,23757.85,23745.35,23751.45,0
2026-05-14 08:37:00+00:00,23752.75,23768.75,23750.0,23763.7,0
2026-05-14 08:38:00+00:00,23766.6,23766.6,23754.1,23757.65,0
2026-05-14 08:39:00+00:00,23758.15,23761.65,23752.9,23758.05,0
2026-05-14 08:40:00+00:00,23759.6,23765.2,23755.9,23755.9,0
2026-05-14 08:41:00+00:00,23757.75,23759.75,23749.8,23759.75,0
2026-05-14 08:42:00+00:00,23760.55,23760.55,23749.3,23751.95,0
2026-05-14 08:43:00+00:00,23753.55,23754.15,23746.0,23749.65,0
2026-05-14 08:44:00+00:00,23749.65,23749.75,23741.45,23744.55,0
2026-05-14 08:45:00+00:00,23746.45,23755.4,23744.25,23752.75,0
2026-05-14 08:46:00+00:00,23754.5,23757.6,23752.8,23754.5,0
2026-05-14 08:47:00+00:00,23754.9,23754.9,23747.15,23750.3,0
2026-05-14 08:48:00+00:00,23752.05,23754.8,23749.2,23750.25,0
2026-05-14 08:49:00+00:00,23751.75,23752.5,23724.4,23724.9,0
2026-05-14 08:50:00+00:00,23727.35,23736.2,23719.8,23736.2,0
2026-05-14 08:51:00+00:00,23736.85,23741.9,23733.6,23737.9,0
2026-05-14 08:52:00+00:00,23738.7,23738.75,23731.05,23733.85,0
2026-05-14 08:53:00+00:00,23736.85,23741.2,23734.6,23735.9,0
2026-05-14 08:54:00+00:00,23738.85,23743.45,23735.2,23740.2,0
2026-05-14 08:55:00+00:00,23741.5,23754.15,23740.9,23750.1,0
2026-05-14 08:56:00+00:00,23752.55,23754.1,23749.1,23750.4,0
2026-05-14 08:57:00+00:00,23752.2,23754.2,23747.75,23752.7,0
2026-05-14 08:58:00+00:00,23754.15,23754.8,23748.05,23752.7,0
2026-05-14 08:59:00+00:00,23754.55,23757.8,23750.4,23755.35,0
2026-05-14 09:00:00+00:00,23756.1,23758.8,23750.15,23755.65,0
2026-05-14 09:01:00+00:00,23757.2,23758.8,23751.65,23756.75,0
2026-05-14 09:02:00+00:00,23759.85,23765.2,23755.4,23761.8,0
2026-05-14 09:03:00+00:00,23763.5,23774.95,23761.6,23774.75,0
2026-05-14 09:04:00+00:00,23774.95,23777.2,23758.7,23758.85,0
2026-05-14 09:05:00+00:00,23760.7,23761.05,23750.05,23753.3,0
2026-05-14 09:06:00+00:00,23755.45,23755.45,23727.5,23729.7,0
2026-05-14 09:07:00+00:00,23731.65,23742.9,23725.95,23737.2,0
2026-05-14 09:08:00+00:00,23737.85,23746.1,23730.95,23741.85,0
2026-05-14 09:09:00+00:00,23743.8,23744.75,23735.6,23737.75,0
2026-05-14 09:10:00+00:00,23739.75,23742.6,23725.45,23725.9,0
2026-05-14 09:11:00+00:00,23728.0,23730.05,23722.3,23726.9,0
2026-05-14 09:12:00+00:00,23728.95,23734.35,23726.25,23728.9,0
2026-05-14 09:13:00+00:00,23732.0,23734.6,23727.65,23733.55,0
2026-05-14 09:14:00+00:00,23734.8,23735.2,23727.1,23730.1,0
2026-05-14 09:15:00+00:00,23729.85,23733.0,23714.0,23716.35,0
2026-05-14 09:16:00+00:00,23717.9,23717.9,23696.9,23701.2,0
2026-05-14 09:17:00+00:00,23703.9,23714.8,23698.2,23708.4,0
2026-05-14 09:18:00+00:00,23710.5,23713.8,23695.85,23697.0,0
2026-05-14 09:19:00+00:00,23699.0,23701.3,23693.2,23694.7,0
2026-05-14 09:20:00+00:00,23695.5,23713.95,23692.35,23704.35,0
2026-05-14 09:21:00+00:00,23706.9,23709.5,23695.8,23706.85,0
2026-05-14 09:22:00+00:00,23710.5,23716.75,23707.85,23712.35,0
2026-05-14 09:23:00+00:00,23714.7,23714.7,23700.6,23709.85,0
2026-05-14 09:24:00+00:00,23711.0,23714.3,23698.9,23702.4,0
2026-05-14 09:25:00+00:00,23702.85,23708.5,23701.95,23705.45,0
2026-05-14 09:26:00+00:00,23706.75,23706.8,23700.25,23705.45,0
2026-05-14 09:27:00+00:00,23706.0,23707.3,23698.6,23700.15,0
2026-05-14 09:28:00+00:00,23700.95,23700.95,23688.25,23693.8,0
2026-05-14 09:29:00+00:00,23695.0,23722.9,23694.65,23710.15,0
2026-05-14 09:30:00+00:00,23711.65,23713.25,23701.6,23707.3,0
2026-05-14 09:31:00+00:00,23707.4,23707.4,23690.2,23697.0,0
2026-05-14 09:32:00+00:00,23698.25,23713.1,23697.55,23703.95,0
2026-05-14 09:33:00+00:00,23706.9,23707.35,23691.15,23705.2,0
2026-05-14 09:34:00+00:00,23706.95,23710.7,23700.2,23706.2,0
2026-05-14 09:35:00+00:00,23707.65,23707.65,23690.35,23691.25,0
2026-05-14 09:36:00+00:00,23694.75,23696.05,23683.85,23685.4,0
2026-05-14 09:37:00+00:00,23686.8,23686.8,23676.05,23677.95,0
2026-05-14 09:38:00+00:00,23678.55,23691.2,23670.2,23690.25,0
2026-05-14 09:39:00+00:00,23692.25,23693.35,23672.0,23672.9,0
2026-05-14 09:40:00+00:00,23673.8,23687.55,23670.9,23683.05,0
2026-05-14 09:41:00+00:00,23684.5,23691.95,23679.05,23687.85,0
2026-05-14 09:42:00+00:00,23688.45,23689.8,23675.7,23677.95,0
2026-05-14 09:43:00+00:00,23679.2,23685.1,23677.9,23678.85,0
2026-05-14 09:44:00+00:00,23679.75,23683.85,23672.3,23683.8,0
2026-05-14 09:45:00+00:00,23683.35,23685.55,23675.9,23676.45,0
2026-05-14 09:46:00+00:00,23675.95,23681.45,23668.15,23681.15,0
2026-05-14 09:47:00+00:00,23680.75,23689.1,23678.7,23684.6,0
2026-05-14 09:48:00+00:00,23684.9,23687.2,23680.7,23684.8,0
2026-05-14 09:49:00+00:00,23684.1,23691.0,23683.25,23687.3,0
2026-05-14 09:50:00+00:00,23687.25,23688.9,23679.75,23681.6,0
2026-05-14 09:51:00+00:00,23682.3,23685.55,23679.7,23682.15,0
2026-05-14 09:52:00+00:00,23683.05,23684.75,23679.35,23682.65,0
2026-05-14 09:53:00+00:00,23683.3,23690.85,23681.95,23690.05,0
2026-05-14 09:54:00+00:00,23689.35,23697.25,23684.6,23696.6,0
2026-05-14 09:55:00+00:00,23695.75,23697.45,23688.1,23690.7,0
2026-05-14 09:56:00+00:00,23692.0,23702.3,23690.9,23701.55,0
2026-05-14 09:57:00+00:00,23702.05,23712.25,23700.95,23710.8,0
2026-05-14 09:58:00+00:00,23711.55,23719.1,23710.75,23719.0,0
2026-05-14 09:59:00+00:00,23718.95,23719.55,23706.85,23713.75,0
