datetime,open,high,low,close,volume
2026-04-24 03:45:00+00:00,24100.55,24206.0,24100.25,24151.85,0
2026-04-24 03:46:00+00:00,24149.85,24153.5,24122.05,24131.35,0
2026-04-24 03:47:00+00:00,24132.9,24135.2,24102.25,24106.95,0
2026-04-24 03:48:00+00:00,24109.75,24125.0,24109.75,24113.65,0
2026-04-24 03:49:00+00:00,24116.4,24131.9,24113.85,24124.2,0
2026-04-24 03:50:00+00:00,24121.15,24121.75,24087.15,24087.7,0
2026-04-24 03:51:00+00:00,24085.75,24102.05,24079.75,24088.85,0
2026-04-24 03:52:00+00:00,24089.05,24112.0,24088.95,24107.2,0
2026-04-24 03:53:00+00:00,24107.15,24118.85,24103.35,24103.35,0
2026-04-24 03:54:00+00:00,24102.65,24104.65,24089.2,24091.1,0
2026-04-24 03:55:00+00:00,24091.3,24091.3,24072.35,24078.1,0
2026-04-24 03:56:00+00:00,24078.1,24082.5,24072.6,24076.4,0
2026-04-24 03:57:00+00:00,24077.2,24078.35,24064.7,24068.6,0
2026-04-24 03:58:00+00:00,24068.9,24073.2,24061.1,24064.3,0
2026-04-24 03:59:00+00:00,24064.15,24064.9,24056.6,24058.1,0
2026-04-24 04:00:00+00:00,24058.05,24059.7,24036.05,24053.6,0
2026-04-24 04:01:00+00:00,24053.8,24061.6,24046.7,24046.7,0
2026-04-24 04:02:00+00:00,24046.4,24049.1,24027.55,24029.45,0
2026-04-24 04:03:00+00:00,24029.2,24032.95,24023.95,24031.3,0
2026-04-24 04:04:00+00:00,24029.9,24032.65,24011.9,24017.65,0
2026-04-24 04:05:00+00:00,24017.3,24027.15,24011.4,24025.7,0
2026-04-24 04:06:00+00:00,24025.45,24025.45,24008.55,24009.6,0
2026-04-24 04:07:00+00:00,24008.5,24016.85,24001.3,24008.95,0
2026-04-24 04:08:00+00:00,24008.45,24010.05,24004.95,24008.6,0
2026-04-24 04:09:00+00:00,24008.6,24012.35,24001.1,24002.45,0
2026-04-24 04:10:00+00:00,24002.0,24006.4,23995.75,24002.8,0
2026-04-24 04:11:00+00:00,24002.75,24002.75,23992.35,23993.95,0
2026-04-24 04:12:00+00:00,23994.4,24002.2,23993.55,24000.25,0
2026-04-24 04:13:00+00:00,24000.65,24004.35,23989.95,23991.85,0
2026-04-24 04:14:00+00:00,23991.85,23993.7,23983.75,23984.25,0
2026-04-24 04:15:00+00:00,23985.4,23985.4,23967.35,23968.5,0
2026-04-24 04:16:00+00:00,23968.3,23971.95,23957.7,23958.8,0
2026-04-24 04:17:00+00:00,23958.2,23965.35,23957.0,23957.15,0
2026-04-24 04:18:00+00:00,23958.7,23978.9,23958.6,23973.7,0
2026-04-24 04:19:00+00:00,23973.65,23984.1,23972.35,23984.1,0
2026-04-24 04:20:00+00:00,23984.15,23986.0,23964.9,23965.75,0
2026-04-24 04:21:00+00:00,23965.3,23985.55,23963.0,23984.2,0
2026-04-24 04:22:00+00:00,23983.25,23987.15,23979.15,23981.15,0
2026-04-24 04:23:00+00:00,23980.8,23982.3,23973.75,23975.15,0
2026-04-24 04:24:00+00:00,23974.25,23975.25,23955.1,23959.1,0
2026-04-24 04:25:00+00:00,23957.4,23957.4,23944.1,23954.5,0
2026-04-24 04:26:00+00:00,23953.25,23958.55,23950.95,23952.2,0
2026-04-24 04:27:00+00:00,23952.5,23954.5,23950.4,23952.9,0
2026-04-24 04:28:00+00:00,23952.35,23956.45,23949.2,23955.15,0
2026-04-24 04:29:00+00:00,23954.45,23964.05,23953.7,23955.0,0
2026-04-24 04:30:00+00:00,23954.9,23977.85,23954.5,23976.45,0
2026-04-24 04:31:00+00:00,23975.85,23990.2,23975.85,23988.35,0
2026-04-24 04:32:00+00:00,23988.45,23991.1,23980.4,23983.35,0
2026-04-24 04:33:00+00:00,23983.65,23993.85,23983.2,23988.4,0
2026-04-24 04:34:00+00:00,23988.0,23995.4,23987.65,23990.4,0
2026-04-24 04:35:00+00:00,23990.4,24000.95,23990.4,23996.65,0
2026-04-24 04:36:00+00:00,23996.85,24002.45,23994.0,24002.45,0
2026-04-24 04:37:00+00:00,24002.7,24003.35,23993.5,23993.5,0
2026-04-24 04:38:00+00:00,23993.4,23994.95,23988.15,23993.9,0
2026-04-24 04:39:00+00:00,23992.9,23993.35,23986.35,23986.95,0
2026-04-24 04:40:00+00:00,23986.65,23993.4,23977.35,23989.0,0
2026-04-24 04:41:00+00:00,23989.4,23995.5,23987.95,23993.8,0
2026-04-24 04:42:00+00:00,23993.85,23998.55,23992.15,23998.3,0
2026-04-24 04:43:00+00:00,23998.75,24000.9,23996.45,23996.85,0
2026-04-24 04:44:00+00:00,23996.1,23997.2,23992.35,23992.85,0
2026-04-24 04:45:00+00:00,23992.25,23992.25,23980.15,23981.85,0
2026-04-24 04:46:00+00:00,23981.35,23982.15,23976.3,23977.15,0
2026-04-24 04:47:00+00:00,23976.9,23979.65,23975.45,23978.9,0
2026-04-24 04:48:00+00:00,23977.85,23983.55,23973.1,23981.9,0
2026-04-24 04:49:00+00:00,23981.8,23983.35,23969.1,23971.3,0
2026-04-24 04:50:00+00:00,23971.9,23974.7,23964.95,23966.65,0
2026-04-24 04:51:00+00:00,23966.5,23966.8,23958.5,23959.7,0
2026-04-24 04:52:00+00:00,23958.4,23963.0,23958.3,23959.55,0
2026-04-24 04:53:00+00:00,23959.1,23960.15,23951.95,23953.8,0
2026-04-24 04:54:00+00:00,23954.0,23955.85,23942.55,23943.9,0
2026-04-24 04:55:00+00:00,23943.95,23952.25,23937.25,23950.55,0
2026-04-24 04:56:00+00:00,23950.95,23962.1,23950.95,23958.75,0
2026-04-24 04:57:00+00:00,23958.15,23962.15,23956.85,23958.6,0
2026-04-24 04:58:00+00:00,23958.1,23960.5,23951.7,23958.5,0
2026-04-24 04:59:00+00:00,23957.65,23960.35,23955.5,23957.7,0
2026-04-24 05:00:00+00:00,23956.2,23960.4,23951.9,23959.85,0
2026-04-24 05:01:00+00:00,23960.3,23964.6,23957.95,23960.05,0
2026-04-24 05:02:00+00:00,23959.3,23961.05,23953.75,23961.05,0
2026-04-24 05:03:00+00:00,23960.7,23967.9,23960.4,23966.5,0
2026-04-24 05:04:00+00:00,23966.15,23971.2,23964.95,23965.4,0
2026-04-24 05:05:00+00:00,23965.25,23967.75,23959.4,23960.8,0
2026-04-24 05:06:00+00:00,23960.4,23962.1,23952.0,23961.4,0
2026-04-24 05:07:00+00:00,23961.3,23966.2,23959.1,23959.85,0
2026-04-24 05:08:00+00:00,23960.0,23961.85,23951.1,23952.6,0
2026-04-24 05:09:00+00:00,23951.85,23957.2,23945.75,23956.6,0
2026-04-24 05:10:00+00:00,23955.8,23959.6,23950.25,23959.6,0
2026-04-24 05:11:00+00:00,23959.7,23959.7,23945.3,23945.8,0
2026-04-24 05:12:00+00:00,23946.05,23946.6,23939.15,23941.65,0
2026-04-24 05:13:00+00:00,23942.75,23944.0,23937.05,23939.25,0
2026-04-24 05:14:00+00:00,23939.85,23941.6,23932.25,23933.65,0
2026-04-24 05:15:00+00:00,23933.4,23939.3,23930.55,23936.65,0
2026-04-24 05:16:00+00:00,23937.85,23939.75,23934.85,23936.8,0
2026-04-24 05:17:00+00:00,23936.3,23938.1,23926.05,23928.75,0
2026-04-24 05:18:00+00:00,23928.45,23929.2,23918.05,23920.65,0
2026-04-24 05:19:00+00:00,23921.85,23923.35,23914.9,23920.2,0
2026-04-24 05:20:00+00:00,23920.85,23926.6,23918.05,23923.25,0
2026-04-24 05:21:00+00:00,23923.6,23941.45,23923.6,23933.55,0
2026-04-24 05:22:00+00:00,23933.95,23943.3,23933.95,23937.4,0
2026-04-24 05:23:00+00:00,23939.1,23943.6,23936.25,23937.8,0
2026-04-24 05:24:00+00:00,23938.65,23944.0,23937.1,23942.05,0
2026-04-24 05:25:00+00:00,23943.35,23944.85,23939.95,23941.8,0
2026-04-24 05:26:00+00:00,23941.5,23943.9,23938.25,23941.55,0
2026-04-24 05:27:00+00:00,23941.95,23941.95,23929.5,23929.7,0
2026-04-24 05:28:00+00:00,23931.55,23933.7,23926.55,23931.3,0
2026-04-24 05:29:00+00:00,23931.05,23931.5,23923.95,23925.4,0
2026-04-24 05:30:00+00:00,23925.55,23926.35,23917.15,23920.55,0
2026-04-24 05:31:00+00:00,23919.95,23920.8,23914.55,23915.0,0
2026-04-24 05:32:00+00:00,23915.95,23923.35,23914.3,23921.95,0
2026-04-24 05:33:00+00:00,23920.8,23925.5,23917.7,23923.45,0
2026-04-24 05:34:00+00:00,23924.05,23928.2,23923.35,23924.4,0
2026-04-24 05:35:00+00:00,23925.1,23935.15,23922.6,23934.7,0
2026-04-24 05:36:00+00:00,23934.9,23941.95,23933.3,23940.4,0
2026-04-24 05:37:00+00:00,23940.3,23943.8,23927.95,23929.05,0
2026-04-24 05:38:00+00:00,23928.9,23932.75,23926.3,23929.0,0
2026-04-24 05:39:00+00:00,23929.9,23931.7,23920.9,23921.65,0
2026-04-24 05:40:00+00:00,23921.25,23926.15,23921.05,23923.3,0
2026-04-24 05:41:00+00:00,23921.9,23923.15,23917.55,23918.65,0
2026-04-24 05:42:00+00:00,23917.95,23919.45,23909.55,23913.9,0
2026-04-24 05:43:00+00:00,23913.45,23916.15,23911.4,23912.8,0
2026-04-24 05:44:00+00:00,23914.65,23919.05,23913.9,23916.2,0
2026-04-24 05:45:00+00:00,23915.1,23917.0,23909.45,23914.45,0
2026-04-24 05:46:00+00:00,23913.5,23917.4,23908.95,23909.1,0
2026-04-24 05:47:00+00:00,23910.2,23910.65,23903.25,23906.05,0
2026-04-24 05:48:00+00:00,23904.8,23919.7,23904.8,23917.9,0
2026-04-24 05:49:00+00:00,23916.95,23924.8,23914.8,23920.25,0
2026-04-24 05:50:00+00:00,23919.0,23930.05,23918.5,23930.05,0
2026-04-24 05:51:00+00:00,23929.25,23933.4,23926.2,23931.15,0
2026-04-24 05:52:00+00:00,23930.15,23938.5,23930.15,23937.15,0
2026-04-24 05:53:00+00:00,23936.9,23937.7,23928.6,23929.7,0
2026-04-24 05:54:00+00:00,23930.05,23933.1,23927.8,23928.65,0
2026-04-24 05:55:00+00:00,23928.6,23937.6,23926.4,23935.85,0
2026-04-24 05:56:00+00:00,23935.45,23942.75,23933.85,23938.85,0
2026-04-24 05:57:00+00:00,23938.5,23940.75,23933.8,23934.95,0
2026-04-24 05:58:00+00:00,23934.25,23937.65,23931.4,23933.4,0
2026-04-24 05:59:00+00:00,23933.45,23934.65,23928.6,23931.3,0
2026-04-24 06:00:00+00:00,23930.4,23936.95,23928.9,23936.95,0
2026-04-24 06:01:00+00:00,23935.95,23939.5,23933.6,23938.55,0
2026-04-24 06:02:00+00:00,23938.75,23943.8,23937.95,23943.65,0
2026-04-24 06:03:00+00:00,23942.9,23949.2,23942.9,23948.25,0
2026-04-24 06:04:00+00:00,23947.6,23949.3,23938.9,23939.7,0
2026-04-24 06:05:00+00:00,23938.8,23942.65,23936.75,23938.3,0
2026-04-24 06:06:00+00:00,23937.15,23938.95,23931.8,23933.15,0
2026-04-24 06:07:00+00:00,23932.95,23933.4,23925.35,23927.4,0
2026-04-24 06:08:00+00:00,23927.55,23936.5,23927.55,23935.3,0
2026-04-24 06:09:00+00:00,23935.85,23937.25,23931.5,23936.0,0
2026-04-24 06:10:00+00:00,23935.4,23937.6,23926.2,23928.9,0
2026-04-24 06:11:00+00:00,23927.85,23931.0,23924.35,23924.75,0
2026-04-24 06:12:00+00:00,23925.0,23927.5,23922.65,23925.25,0
2026-04-24 06:13:00+00:00,23924.8,23932.1,23924.8,23926.6,0
2026-04-24 06:14:00+00:00,23926.8,23927.9,23924.3,23927.05,0
2026-04-24 06:15:00+00:00,23926.3,23926.6,23916.9,23917.7,0
2026-04-24 06:16:00+00:00,23918.2,23926.65,23917.25,23922.75,0
2026-04-24 06:17:00+00:00,23924.3,23924.3,23914.7,23915.1,0
2026-04-24 06:18:00+00:00,23915.35,23915.95,23909.55,23910.05,0
2026-04-24 06:19:00+00:00,23911.15,23911.55,23905.7,23906.9,0
2026-04-24 06:20:00+00:00,23906.6,23907.6,23897.1,23898.9,0
2026-04-24 06:21:00+00:00,23899.65,23903.75,23896.45,23899.35,0
2026-04-24 06:22:00+00:00,23898.4,23900.2,23894.55,23898.25,0
2026-04-24 06:23:00+00:00,23898.45,23901.5,23897.3,23899.0,0
2026-04-24 06:24:00+00:00,23898.95,23902.0,23897.75,23899.2,0
2026-04-24 06:25:00+00:00,23899.05,23901.15,23893.4,23897.55,0
2026-04-24 06:26:00+00:00,23896.9,23904.05,23896.9,23901.9,0
2026-04-24 06:27:00+00:00,23902.7,23906.1,23900.85,23903.4,0
2026-04-24 06:28:00+00:00,23903.45,23903.8,23898.05,23899.2,0
2026-04-24 06:29:00+00:00,23898.6,23901.55,23896.8,23898.25,0
2026-04-24 06:30:00+00:00,23897.75,23900.65,23894.15,23895.8,0
2026-04-24 06:31:00+00:00,23894.95,23904.15,23894.25,23903.4,0
2026-04-24 06:32:00+00:00,23903.35,23907.1,23900.95,23905.9,0
2026-04-24 06:33:00+00:00,23905.75,23907.5,23900.45,23901.3,0
2026-04-24 06:34:00+00:00,23901.35,23908.0,23898.1,23906.75,0
2026-04-24 06:35:00+00:00,23905.9,23910.3,23904.35,23907.4,0
2026-04-24 06:36:00+00:00,23906.9,23910.05,23905.95,23906.65,0
2026-04-24 06:37:00+00:00,23906.2,23908.65,23903.65,23907.1,0
2026-04-24 06:38:00+00:00,23906.4,23916.45,23905.15,23914.9,0
2026-04-24 06:39:00+00:00,23914.85,23920.6,23914.55,23918.25,0
2026-04-24 06:40:00+00:00,23917.75,23926.15,23915.5,23925.85,0
2026-04-24 06:41:00+00:00,23925.25,23928.45,23919.4,23924.2,0
2026-04-24 06:42:00+00:00,23924.7,23925.4,23920.85,23925.4,0
2026-04-24 06:43:00+00:00,23924.3,23928.0,23922.65,23924.4,0
2026-04-24 06:44:00+00:00,23924.15,23933.05,23923.9,23930.65,0
2026-04-24 06:45:00+00:00,23930.8,23936.15,23925.1,23925.6,0
2026-04-24 06:46:00+00:00,23925.4,23931.2,23923.3,23929.1,0
2026-04-24 06:47:00+00:00,23928.55,23933.55,23927.95,23932.2,0
2026-04-24 06:48:00+00:00,23931.15,23931.65,23922.8,23925.95,0
2026-04-24 06:49:00+00:00,23925.45,23936.5,23925.45,23931.05,0
2026-04-24 06:50:00+00:00,23930.5,23932.8,23917.4,23920.1,0
2026-04-24 06:51:00+00:00,23920.15,23920.95,23914.0,23920.95,0
2026-04-24 06:52:00+00:00,23920.8,23921.85,23908.7,23910.35,0
2026-04-24 06:53:00+00:00,23910.1,23910.2,23903.5,23904.6,0
2026-04-24 06:54:00+00:00,23904.5,23905.65,23897.6,23897.6,0
2026-04-24 06:55:00+00:00,23897.7,23898.85,23882.8,23885.0,0
2026-04-24 06:56:00+00:00,23885.75,23895.2,23885.65,23890.45,0
2026-04-24 06:57:00+00:00,23891.25,23893.65,23884.75,23885.65,0
2026-04-24 06:58:00+00:00,23886.2,23886.2,23878.8,23885.0,0
2026-04-24 06:59:00+00:00,23884.45,23889.75,23881.25,23881.8,0
2026-04-24 07:00:00+00:00,23881.85,23887.35,23880.3,23884.75,0
2026-04-24 07:01:00+00:00,23885.1,23889.95,23884.15,23887.25,0
2026-04-24 07:02:00+00:00,23886.0,23891.25,23885.95,23889.7,0
2026-04-24 07:03:00+00:00,23889.2,23902.95,23888.65,23902.95,0
2026-04-24 07:04:00+00:00,23902.45,23906.9,23896.45,23906.4,0
2026-04-24 07:05:00+00:00,23905.85,23908.15,23896.7,23897.85,0
2026-04-24 07:06:00+00:00,23897.3,23901.4,23888.7,23888.7,0
2026-04-24 07:07:00+00:00,23889.1,23896.75,23889.1,23896.7,0
2026-04-24 07:08:00+00:00,23896.5,23910.7,23896.5,23907.2,0
2026-04-24 07:09:00+00:00,23907.6,23910.05,23898.8,23901.85,0
2026-04-24 07:10:00+00:00,23901.5,23903.25,23898.0,23898.0,0
2026-04-24 07:11:00+00:00,23898.6,23906.35,23897.45,23902.35,0
2026-04-24 07:12:00+00:00,23901.8,23904.2,23897.75,23904.2,0
2026-04-24 07:13:00+00:00,23904.75,23904.75,23892.75,23893.2,0
2026-04-24 07:14:00+00:00,23892.55,23895.45,23880.95,23882.1,0
2026-04-24 07:15:00+00:00,23881.1,23889.05,23881.1,23888.7,0
2026-04-24 07:16:00+00:00,23889.05,23893.1,23888.45,23892.15,0
2026-04-24 07:17:00+00:00,23891.95,23898.3,23890.7,23897.0,0
2026-04-24 07:18:00+00:00,23897.15,23902.5,23897.15,23901.2,0
2026-04-24 07:19:00+00:00,23900.7,23903.05,23895.7,23897.3,0
2026-04-24 07:20:00+00:00,23897.0,23908.3,23897.0,23907.4,0
2026-04-24 07:21:00+00:00,23907.65,23908.6,23896.0,23900.05,0
2026-04-24 07:22:00+00:00,23899.75,23904.0,23899.75,23902.65,0
2026-04-24 07:23:00+00:00,23902.9,23910.65,23902.85,23909.65,0
2026-04-24 07:24:00+00:00,23908.5,23909.6,23905.1,23905.6,0
2026-04-24 07:25:00+00:00,23905.3,23910.25,23905.3,23908.7,0
2026-04-24 07:26:00+00:00,23909.65,23915.85,23908.95,23914.45,0
2026-04-24 07:27:00+00:00,23914.75,23919.05,23906.75,23907.0,0
2026-04-24 07:28:00+00:00,23907.2,23909.55,23900.7,23902.8,0
2026-04-24 07:29:00+00:00,23902.4,23906.8,23901.2,23904.35,0
2026-04-24 07:30:00+00:00,23904.3,23905.5,23896.55,23896.8,0
2026-04-24 07:31:00+00:00,23897.45,23897.7,23886.55,23887.05,0
2026-04-24 07:32:00+00:00,23887.0,23894.15,23887.0,23887.5,0
2026-04-24 07:33:00+00:00,23887.65,23887.8,23882.4,23883.6,0
2026-04-24 07:34:00+00:00,23884.8,23885.2,23876.75,23876.85,0
2026-04-24 07:35:00+00:00,23876.25,23881.65,23875.15,23878.15,0
2026-04-24 07:36:00+00:00,23878.25,23879.9,23874.0,23877.45,0
2026-04-24 07:37:00+00:00,23877.15,23885.45,23876.45,23880.0,0
2026-04-24 07:38:00+00:00,23879.5,23881.75,23878.3,23881.2,0
2026-04-24 07:39:00+00:00,23881.05,23882.2,23873.45,23874.8,0
2026-04-24 07:40:00+00:00,23873.6,23873.75,23867.25,23871.8,0
2026-04-24 07:41:00+00:00,23872.0,23875.5,23871.0,23872.55,0
2026-04-24 07:42:00+00:00,23872.65,23875.25,23864.45,23866.25,0
2026-04-24 07:43:00+00:00,23866.1,23867.0,23859.2,23861.55,0
2026-04-24 07:44:00+00:00,23861.15,23866.1,23851.15,23865.5,0
2026-04-24 07:45:00+00:00,23865.6,23866.1,23857.0,23858.7,0
2026-04-24 07:46:00+00:00,23859.15,23862.55,23856.7,23857.1,0
2026-04-24 07:47:00+00:00,23856.15,23861.55,23855.9,23858.7,0
2026-04-24 07:48:00+00:00,23859.0,23866.9,23858.45,23865.65,0
2026-04-24 07:49:00+00:00,23865.65,23870.25,23860.9,23869.35,0
2026-04-24 07:50:00+00:00,23871.2,23876.25,23869.35,23872.35,0
2026-04-24 07:51:00+00:00,23873.1,23873.3,23864.4,23866.25,0
2026-04-24 07:52:00+00:00,23865.45,23877.6,23865.45,23875.1,0
2026-04-24 07:53:00+00:00,23875.2,23875.55,23870.75,23871.15,0
2026-04-24 07:54:00+00:00,23871.8,23871.8,23867.05,23868.25,0
2026-04-24 07:55:00+00:00,23868.25,23870.6,23865.75,23868.9,0
2026-04-24 07:56:00+00:00,23868.8,23875.25,23868.4,23873.75,0
2026-04-24 07:57:00+00:00,23873.25,23874.2,23870.7,23872.1,0
2026-04-24 07:58:00+00:00,23872.45,23874.6,23867.85,23870.15,0
2026-04-24 07:59:00+00:00,23869.4,23880.05,23869.4,23878.3,0
2026-04-24 08:00:00+00:00,23878.4,23878.55,23867.75,23868.55,0
2026-04-24 08:01:00+00:00,23869.35,23873.85,23868.25,23869.75,0
2026-04-24 08:02:00+00:00,23869.1,23869.35,23860.65,23863.8,0
2026-04-24 08:03:00+00:00,23861.95,23864.45,23859.3,23861.75,0
2026-04-24 08:04:00+00:00,23862.0,23862.55,23852.05,23855.55,0
2026-04-24 08:05:00+00:00,23854.65,23868.1,23852.85,23859.85,0
2026-04-24 08:06:00+00:00,23859.0,23860.9,23851.85,23852.2,0
2026-04-24 08:07:00+00:00,23852.0,23853.35,23848.4,23848.75,0
2026-04-24 08:08:00+00:00,23848.5,23851.05,23842.2,23843.75,0
2026-04-24 08:09:00+00:00,23843.3,23844.15,23835.85,23841.3,0
2026-04-24 08:10:00+00:00,23840.6,23841.9,23836.95,23840.6,0
2026-04-24 08:11:00+00:00,23838.6,23845.8,23835.05,23837.15,0
2026-04-24 08:12:00+00:00,23835.5,23838.1,23832.2,23838.1,0
2026-04-24 08:13:00+00:00,23837.4,23839.2,23826.2,23829.2,0
2026-04-24 08:14:00+00:00,23830.05,23839.25,23827.8,23830.4,0
2026-04-24 08:15:00+00:00,23829.6,23843.45,23829.6,23842.95,0
2026-04-24 08:16:00+00:00,23843.05,23855.9,23843.05,23852.95,0
2026-04-24 08:17:00+00:00,23852.55,23852.55,23848.05,23851.8,0
2026-04-24 08:18:00+00:00,23850.8,23854.75,23842.9,23845.6,0
2026-04-24 08:19:00+00:00,23844.6,23855.8,23844.6,23848.7,0
2026-04-24 08:20:00+00:00,23847.85,23855.8,23845.25,23854.05,0
2026-04-24 08:21:00+00:00,23854.8,23858.55,23852.35,23853.8,0
2026-04-24 08:22:00+00:00,23852.6,23854.7,23848.8,23851.3,0
2026-04-24 08:23:00+00:00,23850.4,23852.2,23846.95,23849.3,0
2026-04-24 08:24:00+00:00,23848.8,23857.85,23848.35,23854.55,0
2026-04-24 08:25:00+00:00,23854.0,23855.45,23847.2,23850.4,0
2026-04-24 08:26:00+00:00,23850.75,23852.8,23848.35,23851.05,0
2026-04-24 08:27:00+00:00,23850.6,23851.35,23838.9,23839.4,0
2026-04-24 08:28:00+00:00,23840.0,23847.45,23838.3,23845.75,0
2026-04-24 08:29:00+00:00,23846.5,23849.8,23845.1,23846.3,0
2026-04-24 08:30:00+00:00,23847.6,23849.95,23843.15,23847.3,0
2026-04-24 08:31:00+00:00,23847.8,23847.8,23841.95,23844.05,0
2026-04-24 08:32:00+00:00,23844.25,23845.4,23840.5,23843.15,0
2026-04-24 08:33:00+00:00,23844.5,23846.45,23840.85,23842.4,0
2026-04-24 08:34:00+00:00,23843.5,23845.85,23835.9,23838.75,0
2026-04-24 08:35:00+00:00,23840.25,23840.25,23830.55,23832.6,0
2026-04-24 08:36:00+00:00,23833.3,23833.7,23813.65,23818.5,0
2026-04-24 08:37:00+00:00,23816.95,23827.25,23816.95,23825.4,0
2026-04-24 08:38:00+00:00,23826.1,23834.1,23823.25,23833.5,0
2026-04-24 08:39:00+00:00,23835.85,23845.55,23834.6,23839.1,0
2026-04-24 08:40:00+00:00,23839.8,23844.55,23837.7,23839.15,0
2026-04-24 08:41:00+00:00,23839.7,23842.45,23837.75,23838.55,0
2026-04-24 08:42:00+00:00,23840.85,23845.0,23840.7,23844.65,0
2026-04-24 08:43:00+00:00,23844.9,23847.6,23841.55,23845.0,0
2026-04-24 08:44:00+00:00,23844.7,23846.05,23839.9,23841.65,0
2026-04-24 08:45:00+00:00,23841.45,23845.3,23840.15,23843.0,0
2026-04-24 08:46:00+00:00,23842.35,23860.0,23841.15,23860.0,0
2026-04-24 08:47:00+00:00,23860.25,23862.75,23854.15,23856.55,0
2026-04-24 08:48:00+00:00,23855.85,23861.5,23849.5,23861.5,0
2026-04-24 08:49:00+00:00,23861.0,23864.15,23856.75,23861.5,0
2026-04-24 08:50:00+00:00,23860.65,23863.95,23858.0,23863.95,0
2026-04-24 08:51:00+00:00,23863.85,23868.15,23862.3,23867.85,0
2026-04-24 08:52:00+00:00,23868.05,23878.6,23868.05,23875.05,0
2026-04-24 08:53:00+00:00,23874.45,23876.05,23869.35,23870.5,0
2026-04-24 08:54:00+00:00,23870.6,23871.35,23862.5,23863.05,0
2026-04-24 08:55:00+00:00,23863.15,23867.05,23858.75,23865.6,0
2026-04-24 08:56:00+00:00,23866.5,23878.4,23866.5,23876.35,0
2026-04-24 08:57:00+00:00,23876.85,23881.95,23872.85,23881.7,0
2026-04-24 08:58:00+00:00,23882.4,23885.55,23880.75,23883.65,0
2026-04-24 08:59:00+00:00,23884.75,23890.35,23884.1,23888.55,0
2026-04-24 09:00:00+00:00,23887.75,23908.9,23885.95,23907.25,0
2026-04-24 09:01:00+00:00,23907.55,23915.25,23907.2,23913.7,0
2026-04-24 09:02:00+00:00,23915.0,23915.0,23897.45,23898.9,0
2026-04-24 09:03:00+00:00,23897.1,23906.4,23896.2,23903.3,0
2026-04-24 09:04:00+00:00,23903.1,23907.9,23903.0,23906.85,0
2026-04-24 09:05:00+00:00,23907.3,23917.75,23907.3,23917.55,0
2026-04-24 09:06:00+00:00,23917.65,23925.45,23917.5,23921.95,0
2026-04-24 09:07:00+00:00,23922.1,23922.7,23909.15,23909.7,0
2026-04-24 09:08:00+00:00,23909.25,23917.95,23909.05,23916.85,0
2026-04-24 09:09:00+00:00,23918.2,23922.3,23915.6,23915.6,0
2026-04-24 09:10:00+00:00,23916.8,23921.1,23915.55,23920.05,0
2026-04-24 09:11:00+00:00,23919.05,23919.35,23908.45,23910.25,0
2026-04-24 09:12:00+00:00,23909.3,23922.25,23909.3,23917.1,0
2026-04-24 09:13:00+00:00,23916.8,23920.4,23912.25,23918.85,0
2026-04-24 09:14:00+00:00,23918.0,23926.9,23915.45,23926.0,0
2026-04-24 09:15:00+00:00,23925.45,23930.5,23923.65,23928.3,0
2026-04-24 09:16:00+00:00,23928.35,23928.85,23915.05,23916.8,0
2026-04-24 09:17:00+00:00,23916.8,23925.1,23916.25,23921.7,0
2026-04-24 09:18:00+00:00,23921.05,23922.45,23917.1,23919.45,0
2026-04-24 09:19:00+00:00,23919.4,23922.3,23917.5,23920.9,0
2026-04-24 09:20:00+00:00,23920.6,23922.5,23914.05,23915.3,0
2026-04-24 09:21:00+00:00,23915.25,23928.45,23914.65,23927.8,0
2026-04-24 09:22:00+00:00,23928.35,23930.15,23905.05,23911.55,0
2026-04-24 09:23:00+00:00,23912.25,23921.95,23911.4,23916.05,0
2026-04-24 09:24:00+00:00,23914.8,23918.6,23911.2,23916.0,0
2026-04-24 09:25:00+00:00,23916.3,23918.5,23911.1,23912.55,0
2026-04-24 09:26:00+00:00,23912.75,23918.3,23912.75,23915.85,0
2026-04-24 09:27:00+00:00,23915.8,23919.4,23911.65,23917.25,0
2026-04-24 09:28:00+00:00,23915.65,23923.6,23915.65,23923.35,0
2026-04-24 09:29:00+00:00,23922.2,23924.95,23918.95,23920.9,0
2026-04-24 09:30:00+00:00,23920.65,23920.65,23904.25,23906.4,0
2026-04-24 09:31:00+00:00,23907.2,23907.2,23893.75,23895.7,0
2026-04-24 09:32:00+00:00,23895.95,23895.95,23888.35,23893.05,0
2026-04-24 09:33:00+00:00,23892.5,23896.3,23883.9,23884.2,0
2026-04-24 09:34:00+00:00,23883.95,23884.35,23870.45,23871.2,0
2026-04-24 09:35:00+00:00,23871.35,23872.0,23863.3,23867.15,0
2026-04-24 09:36:00+00:00,23866.05,23883.85,23864.85,23881.15,0
2026-04-24 09:37:00+00:00,23880.25,23892.85,23880.2,23889.0,0
2026-04-24 09:38:00+00:00,23888.35,23890.85,23885.8,23890.8,0
2026-04-24 09:39:00+00:00,23890.75,23896.85,23889.25,23893.5,0
2026-04-24 09:40:00+00:00,23893.2,23896.65,23882.45,23884.05,0
2026-04-24 09:41:00+00:00,23883.2,23890.35,23882.4,23886.05,0
2026-04-24 09:42:00+00:00,23886.2,23892.05,23884.65,23887.95,0
2026-04-24 09:43:00+00:00,23887.0,23894.25,23886.65,23891.5,0
2026-04-24 09:44:00+00:00,23891.85,23895.55,23890.6,23895.45,0
2026-04-24 09:45:00+00:00,23895.25,23905.8,23894.5,23905.1,0
2026-04-24 09:46:00+00:00,23904.1,23917.35,23903.4,23917.35,0
2026-04-24 09:47:00+00:00,23916.4,23924.2,23915.75,23921.65,0
2026-04-24 09:48:00+00:00,23920.75,23920.75,23911.35,23913.45,0
2026-04-24 09:49:00+00:00,23912.6,23916.65,23910.45,23916.65,0
2026-04-24 09:50:00+00:00,23915.15,23917.05,23909.05,23910.95,0
2026-04-24 09:51:00+00:00,23910.2,23911.85,23901.25,23903.2,0
2026-04-24 09:52:00+00:00,23902.35,23905.05,23900.7,23904.1,0
2026-04-24 09:53:00+00:00,23902.7,23904.25,23899.35,23903.7,0
2026-04-24 09:54:00+00:00,23902.35,23911.9,23899.9,23910.9,0
2026-04-24 09:55:00+00:00,23910.2,23914.1,23900.7,23906.6,0
2026-04-24 09:56:00+00:00,23906.75,23912.6,23905.45,23910.9,0
2026-04-24 09:57:00+00:00,23910.45,23914.3,23907.85,23907.85,0
2026-04-24 09:58:00+00:00,23908.9,23909.45,23902.15,23907.15,0
2026-04-24 09:59:00+00:00,23907.8,23911.2,23901.05,23903.95,0
2026-04-27 03:45:00+00:00,23945.45,24047.6,23936.2,24028.1,0
2026-04-27 03:46:00+00:00,24024.15,24049.55,24005.15,24018.2,0
2026-04-27 03:47:00+00:00,24021.25,24021.25,23984.1,23993.55,0
2026-04-27 03:48:00+00:00,23990.6,24029.4,23990.6,24024.2,0
2026-04-27 03:49:00+00:00,24026.8,24029.85,24004.15,24020.35,0
2026-04-27 03:50:00+00:00,24020.4,24042.45,24020.4,24039.2,0
2026-04-27 03:51:00+00:00,24038.8,24064.25,24038.8,24062.45,0
2026-04-27 03:52:00+00:00,24062.65,24067.5,24053.75,24061.55,0
2026-04-27 03:53:00+00:00,24061.9,24062.25,24043.95,24045.0,0
2026-04-27 03:54:00+00:00,24046.1,24049.75,24036.85,24046.6,0
2026-04-27 03:55:00+00:00,24044.45,24062.8,24043.3,24053.05,0
2026-04-27 03:56:00+00:00,24053.4,24056.9,24025.3,24030.65,0
2026-04-27 03:57:00+00:00,24029.8,24056.25,24028.1,24052.2,0
2026-04-27 03:58:00+00:00,24053.15,24062.75,24050.55,24058.65,0
2026-04-27 03:59:00+00:00,24058.55,24058.7,24037.05,24042.0,0
2026-04-27 04:00:00+00:00,24045.05,24057.7,24036.5,24040.25,0
2026-04-27 04:01:00+00:00,24042.0,24051.7,24038.2,24049.25,0
2026-04-27 04:02:00+00:00,24049.45,24052.55,24027.0,24029.15,0
2026-04-27 04:03:00+00:00,24026.95,24027.55,24013.05,24019.1,0
2026-04-27 04:04:00+00:00,24020.5,24032.15,24003.6,24008.85,0
2026-04-27 04:05:00+00:00,24008.9,24027.8,24005.35,24021.95,0
2026-04-27 04:06:00+00:00,24021.4,24033.25,24021.4,24026.95,0
2026-04-27 04:07:00+00:00,24027.25,24027.25,24009.95,24016.75,0
2026-04-27 04:08:00+00:00,24017.75,24017.75,23998.3,24012.4,0
2026-04-27 04:09:00+00:00,24010.75,24020.9,24006.7,24007.2,0
2026-04-27 04:10:00+00:00,24006.85,24021.4,24006.85,24020.7,0
2026-04-27 04:11:00+00:00,24020.05,24028.9,24013.25,24016.65,0
2026-04-27 04:12:00+00:00,24014.9,24022.0,24011.4,24016.85,0
2026-04-27 04:13:00+00:00,24016.85,24039.7,24014.35,24039.2,0
2026-04-27 04:14:00+00:00,24039.4,24045.4,24031.4,24045.4,0
2026-04-27 04:15:00+00:00,24043.9,24062.5,24043.45,24061.85,0
2026-04-27 04:16:00+00:00,24062.3,24073.25,24058.9,24070.25,0
2026-04-27 04:17:00+00:00,24069.05,24069.75,24061.75,24066.9,0
2026-04-27 04:18:00+00:00,24067.1,24082.45,24064.75,24078.85,0
2026-04-27 04:19:00+00:00,24079.0,24085.15,24075.95,24082.15,0
2026-04-27 04:20:00+00:00,24082.25,24093.6,24079.85,24092.7,0
2026-04-27 04:21:00+00:00,24092.1,24094.35,24086.6,24089.5,0
2026-04-27 04:22:00+00:00,24088.75,24093.0,24083.45,24092.2,0
2026-04-27 04:23:00+00:00,24090.6,24091.4,24075.45,24090.8,0
2026-04-27 04:24:00+00:00,24089.2,24101.55,24088.2,24099.8,0
2026-04-27 04:25:00+00:00,24099.15,24100.75,24092.7,24095.9,0
2026-04-27 04:26:00+00:00,24096.1,24102.4,24095.2,24099.05,0
2026-04-27 04:27:00+00:00,24097.4,24100.15,24092.35,24099.05,0
2026-04-27 04:28:00+00:00,24099.15,24107.6,24097.9,24104.45,0
2026-04-27 04:29:00+00:00,24106.2,24107.15,24098.1,24099.05,0
2026-04-27 04:30:00+00:00,24098.75,24101.7,24094.35,24099.9,0
2026-04-27 04:31:00+00:00,24099.0,24102.65,24087.7,24099.65,0
2026-04-27 04:32:00+00:00,24098.75,24100.35,24089.55,24097.65,0
2026-04-27 04:33:00+00:00,24097.25,24099.0,24090.35,24094.6,0
2026-04-27 04:34:00+00:00,24096.35,24096.35,24079.6,24080.2,0
2026-04-27 04:35:00+00:00,24079.1,24079.1,24072.25,24076.7,0
2026-04-27 04:36:00+00:00,24075.85,24081.85,24068.9,24081.85,0
2026-04-27 04:37:00+00:00,24080.85,24091.15,24079.6,24082.5,0
2026-04-27 04:38:00+00:00,24081.1,24089.45,24080.05,24088.25,0
2026-04-27 04:39:00+00:00,24087.25,24087.8,24078.75,24081.1,0
2026-04-27 04:40:00+00:00,24080.95,24083.7,24076.5,24083.1,0
2026-04-27 04:41:00+00:00,24081.85,24088.05,24075.4,24087.55,0
2026-04-27 04:42:00+00:00,24085.8,24090.0,24084.0,24085.85,0
2026-04-27 04:43:00+00:00,24085.3,24086.45,24069.75,24071.1,0
2026-04-27 04:44:00+00:00,24069.55,24072.4,24061.7,24063.3,0
2026-04-27 04:45:00+00:00,24063.9,24092.0,24063.9,24090.85,0
2026-04-27 04:46:00+00:00,24091.05,24103.15,24091.05,24099.1,0
2026-04-27 04:47:00+00:00,24099.15,24102.7,24090.35,24091.35,0
2026-04-27 04:48:00+00:00,24090.25,24095.65,24083.55,24095.05,0
2026-04-27 04:49:00+00:00,24093.8,24100.4,24092.7,24097.45,0
2026-04-27 04:50:00+00:00,24097.45,24098.0,24077.35,24077.65,0
2026-04-27 04:51:00+00:00,24076.75,24080.65,24070.5,24075.25,0
2026-04-27 04:52:00+00:00,24074.6,24079.0,24071.3,24076.7,0
2026-04-27 04:53:00+00:00,24076.2,24077.5,24064.45,24064.45,0
2026-04-27 04:54:00+00:00,24064.4,24069.8,24063.75,24066.3,0
2026-04-27 04:55:00+00:00,24067.3,24071.35,24055.95,24056.2,0
2026-04-27 04:56:00+00:00,24056.25,24056.9,24047.75,24054.2,0
2026-04-27 04:57:00+00:00,24054.0,24056.3,24045.4,24046.9,0
2026-04-27 04:58:00+00:00,24046.15,24057.7,24045.5,24056.1,0
2026-04-27 04:59:00+00:00,24056.75,24059.5,24053.1,24058.3,0
2026-04-27 05:00:00+00:00,24058.1,24061.2,24041.85,24042.35,0
2026-04-27 05:01:00+00:00,24041.4,24044.5,24024.05,24028.4,0
2026-04-27 05:02:00+00:00,24025.55,24030.5,24020.9,24021.9,0
2026-04-27 05:03:00+00:00,24021.75,24021.75,24013.0,24017.65,0
2026-04-27 05:04:00+00:00,24016.6,24023.65,24014.65,24023.2,0
2026-04-27 05:05:00+00:00,24022.5,24024.95,24014.4,24021.2,0
2026-04-27 05:06:00+00:00,24020.9,24027.8,24017.9,24026.85,0
2026-04-27 05:07:00+00:00,24024.85,24032.6,24021.5,24023.05,0
2026-04-27 05:08:00+00:00,24021.6,24028.5,24021.25,24025.1,0
2026-04-27 05:09:00+00:00,24023.85,24024.45,24016.65,24017.25,0
2026-04-27 05:10:00+00:00,24016.25,24022.0,24014.05,24020.95,0
2026-04-27 05:11:00+00:00,24022.05,24035.35,24022.05,24033.05,0
2026-04-27 05:12:00+00:00,24032.95,24042.7,24031.9,24037.25,0
2026-04-27 05:13:00+00:00,24036.85,24049.15,24031.1,24048.4,0
2026-04-27 05:14:00+00:00,24048.95,24049.7,24040.55,24043.45,0
2026-04-27 05:15:00+00:00,24041.6,24047.85,24035.15,24037.35,0
2026-04-27 05:16:00+00:00,24036.25,24044.15,24025.75,24042.05,0
2026-04-27 05:17:00+00:00,24041.9,24056.25,24041.9,24054.95,0
2026-04-27 05:18:00+00:00,24055.75,24063.2,24055.35,24062.65,0
2026-04-27 05:19:00+00:00,24061.7,24068.35,24061.3,24067.6,0
2026-04-27 05:20:00+00:00,24067.7,24072.2,24066.9,24070.3,0
2026-04-27 05:21:00+00:00,24070.1,24071.5,24066.0,24067.55,0
2026-04-27 05:22:00+00:00,24067.5,24079.1,24067.4,24078.3,0
2026-04-27 05:23:00+00:00,24076.65,24084.35,24071.5,24083.8,0
2026-04-27 05:24:00+00:00,24082.5,24088.95,24079.1,24080.1,0
2026-04-27 05:25:00+00:00,24079.85,24082.4,24076.3,24078.35,0
2026-04-27 05:26:00+00:00,24080.0,24080.65,24072.95,24076.75,0
2026-04-27 05:27:00+00:00,24075.45,24080.7,24074.0,24078.5,0
2026-04-27 05:28:00+00:00,24077.8,24082.45,24073.4,24075.8,0
2026-04-27 05:29:00+00:00,24075.9,24077.6,24071.35,24072.2,0
2026-04-27 05:30:00+00:00,24071.95,24076.6,24070.65,24074.2,0
2026-04-27 05:31:00+00:00,24072.45,24073.8,24061.0,24062.35,0
2026-04-27 05:32:00+00:00,24062.6,24067.5,24056.55,24059.55,0
2026-04-27 05:33:00+00:00,24056.55,24067.05,24054.75,24066.9,0
2026-04-27 05:34:00+00:00,24067.5,24072.6,24061.1,24063.6,0
2026-04-27 05:35:00+00:00,24062.85,24066.9,24060.25,24061.35,0
2026-04-27 05:36:00+00:00,24060.95,24062.05,24054.95,24055.8,0
2026-04-27 05:37:00+00:00,24055.55,24057.2,24047.45,24052.7,0
2026-04-27 05:38:00+00:00,24052.1,24052.3,24035.4,24035.4,0
2026-04-27 05:39:00+00:00,24034.6,24038.5,24026.85,24030.55,0
2026-04-27 05:40:00+00:00,24030.25,24040.1,24029.65,24040.0,0
2026-04-27 05:41:00+00:00,24040.15,24047.15,24039.2,24044.35,0
2026-04-27 05:42:00+00:00,24043.8,24049.25,24041.75,24048.7,0
2026-04-27 05:43:00+00:00,24046.8,24057.0,24046.65,24056.45,0
2026-04-27 05:44:00+00:00,24056.5,24059.3,24052.05,24056.9,0
2026-04-27 05:45:00+00:00,24055.45,24067.0,24053.3,24064.95,0
2026-04-27 05:46:00+00:00,24065.5,24071.35,24064.45,24068.3,0
2026-04-27 05:47:00+00:00,24067.15,24077.5,24067.15,24074.3,0
2026-04-27 05:48:00+00:00,24073.2,24076.65,24071.9,24075.15,0
2026-04-27 05:49:00+00:00,24073.85,24076.7,24070.4,24071.6,0
2026-04-27 05:50:00+00:00,24071.15,24073.05,24062.15,24063.6,0
2026-04-27 05:51:00+00:00,24062.7,24066.05,24059.65,24064.8,0
2026-04-27 05:52:00+00:00,24064.25,24065.6,24056.95,24058.85,0
2026-04-27 05:53:00+00:00,24058.05,24065.7,24056.3,24063.1,0
2026-04-27 05:54:00+00:00,24062.55,24063.85,24057.3,24058.0,0
2026-04-27 05:55:00+00:00,24057.4,24057.6,24047.0,24051.45,0
2026-04-27 05:56:00+00:00,24050.4,24053.15,24038.55,24039.55,0
2026-04-27 05:57:00+00:00,24038.2,24041.75,24037.6,24038.7,0
2026-04-27 05:58:00+00:00,24039.05,24044.45,24032.2,24034.2,0
2026-04-27 05:59:00+00:00,24033.0,24036.05,24029.7,24030.95,0
2026-04-27 06:00:00+00:00,24031.65,24039.85,24028.25,24028.95,0
2026-04-27 06:01:00+00:00,24028.3,24032.25,24025.4,24031.15,0
2026-04-27 06:02:00+00:00,24030.95,24033.8,24023.2,24024.6,0
2026-04-27 06:03:00+00:00,24024.35,24025.35,24016.15,24018.15,0
2026-04-27 06:04:00+00:00,24018.95,24019.7,24005.85,24014.15,0
2026-04-27 06:05:00+00:00,24012.9,24012.9,23992.3,24004.1,0
2026-04-27 06:06:00+00:00,24004.85,24011.05,23999.65,24002.2,0
2026-04-27 06:07:00+00:00,24001.15,24002.5,23986.1,23986.1,0
2026-04-27 06:08:00+00:00,23985.35,23989.45,23977.35,23981.85,0
2026-04-27 06:09:00+00:00,23979.75,23993.9,23974.4,23990.35,0
2026-04-27 06:10:00+00:00,23990.0,23995.1,23987.15,23994.25,0
2026-04-27 06:11:00+00:00,23997.1,23999.45,23991.9,23995.65,0
2026-04-27 06:12:00+00:00,23994.8,23997.35,23988.65,23996.55,0
2026-04-27 06:13:00+00:00,23995.75,24002.1,23990.8,23993.0,0
2026-04-27 06:14:00+00:00,23993.2,23999.85,23991.95,23998.65,0
2026-04-27 06:15:00+00:00,23998.45,24000.25,23986.65,23990.5,0
2026-04-27 06:16:00+00:00,23992.85,23993.75,23984.3,23992.45,0
2026-04-27 06:17:00+00:00,23992.05,23999.7,23992.05,23999.1,0
2026-04-27 06:18:00+00:00,24002.55,24014.45,23999.65,24011.75,0
2026-04-27 06:19:00+00:00,24011.45,24024.3,24011.05,24022.25,0
2026-04-27 06:20:00+00:00,24023.45,24023.45,24013.75,24016.5,0
2026-04-27 06:21:00+00:00,24016.15,24017.8,24005.5,24006.9,0
2026-04-27 06:22:00+00:00,24006.7,24014.55,24002.55,24014.55,0
2026-04-27 06:23:00+00:00,24013.85,24019.9,24011.75,24016.95,0
2026-04-27 06:24:00+00:00,24016.6,24020.7,24013.05,24019.2,0
2026-04-27 06:25:00+00:00,24019.3,24026.75,24018.35,24026.2,0
2026-04-27 06:26:00+00:00,24026.25,24030.4,24019.75,24021.25,0
2026-04-27 06:27:00+00:00,24021.0,24030.35,24020.25,24029.9,0
2026-04-27 06:28:00+00:00,24029.35,24035.4,24028.0,24035.0,0
2026-04-27 06:29:00+00:00,24033.65,24039.9,24033.5,24037.2,0
2026-04-27 06:30:00+00:00,24036.2,24038.3,24027.5,24029.45,0
2026-04-27 06:31:00+00:00,24030.0,24032.8,24025.45,24026.3,0
2026-04-27 06:32:00+00:00,24025.3,24028.8,24023.45,24026.25,0
2026-04-27 06:33:00+00:00,24024.9,24027.2,24022.8,24025.35,0
2026-04-27 06:34:00+00:00,24023.95,24030.35,24022.85,24030.25,0
2026-04-27 06:35:00+00:00,24028.6,24034.55,24027.0,24032.55,0
2026-04-27 06:36:00+00:00,24031.05,24037.8,24030.45,24037.8,0
2026-04-27 06:37:00+00:00,24036.85,24045.15,24035.7,24040.4,0
2026-04-27 06:38:00+00:00,24038.8,24042.85,24036.9,24038.65,0
2026-04-27 06:39:00+00:00,24038.45,24039.3,24033.3,24033.3,0
2026-04-27 06:40:00+00:00,24034.55,24042.75,24032.55,24040.55,0
2026-04-27 06:41:00+00:00,24039.3,24041.95,24032.55,24035.35,0
2026-04-27 06:42:00+00:00,24034.4,24041.45,24033.45,24039.4,0
2026-04-27 06:43:00+00:00,24039.4,24044.85,24038.45,24043.55,0
2026-04-27 06:44:00+00:00,24042.5,24043.5,24038.95,24040.5,0
2026-04-27 06:45:00+00:00,24039.85,24041.15,24035.7,24040.85,0
2026-04-27 06:46:00+00:00,24040.7,24045.55,24038.25,24043.05,0
2026-04-27 06:47:00+00:00,24042.7,24046.05,24041.35,24045.0,0
2026-04-27 06:48:00+00:00,24044.35,24046.85,24043.85,24044.8,0
2026-04-27 06:49:00+00:00,24043.95,24048.1,24043.95,24044.75,0
2026-04-27 06:50:00+00:00,24044.25,24045.8,24035.9,24037.7,0
2026-04-27 06:51:00+00:00,24036.9,24039.3,24031.2,24033.2,0
2026-04-27 06:52:00+00:00,24033.6,24037.75,24032.45,24035.8,0
2026-04-27 06:53:00+00:00,24035.45,24042.7,24034.9,24041.9,0
2026-04-27 06:54:00+00:00,24040.95,24046.25,24040.95,24043.75,0
2026-04-27 06:55:00+00:00,24043.6,24050.9,24042.45,24047.55,0
2026-04-27 06:56:00+00:00,24046.6,24057.75,24046.15,24056.4,0
2026-04-27 06:57:00+00:00,24056.1,24058.35,24054.6,24056.15,0
2026-04-27 06:58:00+00:00,24055.6,24062.9,24053.05,24061.9,0
2026-04-27 06:59:00+00:00,24061.4,24066.1,24058.7,24059.0,0
2026-04-27 07:00:00+00:00,24057.75,24063.25,24056.95,24060.2,0
2026-04-27 07:01:00+00:00,24058.65,24068.15,24058.65,24067.8,0
2026-04-27 07:02:00+00:00,24065.8,24069.85,24063.05,24063.75,0
2026-04-27 07:03:00+00:00,24063.0,24073.65,24062.55,24073.5,0
2026-04-27 07:04:00+00:00,24073.05,24077.95,24072.2,24076.05,0
2026-04-27 07:05:00+00:00,24075.15,24086.25,24074.7,24084.35,0
2026-04-27 07:06:00+00:00,24085.4,24089.75,24083.65,24089.1,0
2026-04-27 07:07:00+00:00,24089.75,24092.85,24084.75,24085.85,0
2026-04-27 07:08:00+00:00,24084.45,24085.3,24078.05,24080.35,0
2026-04-27 07:09:00+00:00,24080.55,24082.6,24075.75,24078.65,0
2026-04-27 07:10:00+00:00,24077.9,24082.5,24077.55,24079.15,0
2026-04-27 07:11:00+00:00,24079.3,24079.95,24073.85,24075.2,0
2026-04-27 07:12:00+00:00,24075.15,24077.3,24071.1,24073.35,0
2026-04-27 07:13:00+00:00,24071.85,24077.75,24071.85,24076.5,0
2026-04-27 07:14:00+00:00,24073.8,24080.2,24073.8,24075.7,0
2026-04-27 07:15:00+00:00,24074.75,24078.65,24072.1,24075.15,0
2026-04-27 07:16:00+00:00,24073.1,24075.2,24071.25,24073.45,0
2026-04-27 07:17:00+00:00,24074.25,24078.5,24073.05,24076.7,0
2026-04-27 07:18:00+00:00,24076.85,24076.85,24070.9,24070.9,0
2026-04-27 07:19:00+00:00,24070.9,24075.35,24069.7,24072.7,0
2026-04-27 07:20:00+00:00,24072.75,24074.4,24069.2,24069.2,0
2026-04-27 07:21:00+00:00,24068.45,24070.2,24065.45,24069.8,0
2026-04-27 07:22:00+00:00,24069.75,24079.2,24068.75,24077.9,0
2026-04-27 07:23:00+00:00,24078.55,24084.0,24077.3,24079.85,0
2026-04-27 07:24:00+00:00,24078.75,24079.35,24071.15,24074.3,0
2026-04-27 07:25:00+00:00,24073.25,24077.7,24072.25,24073.25,0
2026-04-27 07:26:00+00:00,24073.4,24074.6,24069.0,24070.2,0
2026-04-27 07:27:00+00:00,24070.2,24073.65,24067.2,24069.2,0
2026-04-27 07:28:00+00:00,24069.15,24071.95,24067.95,24070.9,0
2026-04-27 07:29:00+00:00,24070.25,24073.55,24068.6,24071.5,0
2026-04-27 07:30:00+00:00,24071.7,24081.5,24071.7,24078.8,0
2026-04-27 07:31:00+00:00,24078.8,24084.75,24077.95,24081.0,0
2026-04-27 07:32:00+00:00,24080.1,24083.75,24078.7,24081.95,0
2026-04-27 07:33:00+00:00,24081.9,24088.4,24080.2,24085.3,0
2026-04-27 07:34:00+00:00,24085.7,24087.9,24082.3,24082.3,0
2026-04-27 07:35:00+00:00,24082.5,24083.55,24070.05,24070.8,0
2026-04-27 07:36:00+00:00,24071.5,24080.55,24069.4,24079.9,0
2026-04-27 07:37:00+00:00,24079.85,24084.25,24079.0,24082.6,0
2026-04-27 07:38:00+00:00,24081.9,24088.25,24080.85,24086.6,0
2026-04-27 07:39:00+00:00,24086.65,24091.95,24086.3,24090.95,0
2026-04-27 07:40:00+00:00,24090.0,24094.5,24089.45,24093.85,0
2026-04-27 07:41:00+00:00,24092.5,24093.75,24082.15,24082.15,0
2026-04-27 07:42:00+00:00,24081.4,24086.45,24079.9,24084.3,0
2026-04-27 07:43:00+00:00,24084.25,24093.4,24083.95,24092.9,0
2026-04-27 07:44:00+00:00,24092.15,24100.0,24091.7,24099.75,0
2026-04-27 07:45:00+00:00,24100.2,24106.8,24099.2,24106.0,0
2026-04-27 07:46:00+00:00,24105.6,24114.4,24105.55,24111.55,0
2026-04-27 07:47:00+00:00,24111.4,24116.6,24111.4,24114.8,0
2026-04-27 07:48:00+00:00,24115.15,24115.15,24105.2,24107.55,0
2026-04-27 07:49:00+00:00,24107.75,24110.3,24102.85,24104.65,0
2026-04-27 07:50:00+00:00,24102.0,24106.15,24093.3,24095.9,0
2026-04-27 07:51:00+00:00,24093.75,24104.8,24093.75,24102.65,0
2026-04-27 07:52:00+00:00,24102.3,24107.35,24099.25,24106.65,0
2026-04-27 07:53:00+00:00,24106.45,24111.15,24105.9,24110.85,0
2026-04-27 07:54:00+00:00,24110.45,24112.4,24107.85,24109.95,0
2026-04-27 07:55:00+00:00,24109.4,24112.4,24108.15,24108.15,0
2026-04-27 07:56:00+00:00,24107.8,24111.25,24106.55,24110.55,0
2026-04-27 07:57:00+00:00,24109.35,24120.55,24108.9,24115.9,0
2026-04-27 07:58:00+00:00,24116.4,24119.9,24114.45,24114.75,0
2026-04-27 07:59:00+00:00,24115.15,24115.8,24107.5,24107.5,0
2026-04-27 08:00:00+00:00,24107.8,24110.55,24103.5,24109.7,0
2026-04-27 08:01:00+00:00,24108.3,24110.6,24099.55,24099.9,0
2026-04-27 08:02:00+00:00,24100.0,24106.95,24099.4,24106.7,0
2026-04-27 08:03:00+00:00,24105.7,24110.35,24105.7,24108.2,0
2026-04-27 08:04:00+00:00,24108.8,24110.95,24107.2,24109.0,0
2026-04-27 08:05:00+00:00,24108.9,24117.1,24107.05,24114.35,0
2026-04-27 08:06:00+00:00,24114.05,24118.25,24110.7,24111.6,0
2026-04-27 08:07:00+00:00,24110.6,24111.5,24108.0,24110.7,0
2026-04-27 08:08:00+00:00,24110.75,24112.75,24109.75,24110.4,0
2026-04-27 08:09:00+00:00,24109.55,24113.75,24109.05,24112.1,0
2026-04-27 08:10:00+00:00,24111.55,24118.85,24110.9,24114.9,0
2026-04-27 08:11:00+00:00,24115.75,24122.1,24113.45,24120.7,0
2026-04-27 08:12:00+00:00,24121.1,24125.5,24120.5,24124.9,0
2026-04-27 08:13:00+00:00,24123.1,24127.2,24119.3,24119.8,0
2026-04-27 08:14:00+00:00,24119.3,24120.6,24114.45,24116.25,0
2026-04-27 08:15:00+00:00,24114.75,24121.65,24113.45,24119.75,0
2026-04-27 08:16:00+00:00,24120.0,24126.4,24119.1,24125.8,0
2026-04-27 08:17:00+00:00,24125.85,24129.55,24123.85,24125.5,0
2026-04-27 08:18:00+00:00,24126.6,24126.6,24119.35,24120.6,0
2026-04-27 08:19:00+00:00,24119.0,24119.8,24108.4,24109.7,0
2026-04-27 08:20:00+00:00,24109.35,24109.75,24102.55,24104.2,0
2026-04-27 08:21:00+00:00,24103.4,24106.5,24102.45,24103.95,0
2026-04-27 08:22:00+00:00,24104.7,24111.85,24104.15,24108.8,0
2026-04-27 08:23:00+00:00,24107.75,24111.85,24106.4,24109.8,0
2026-04-27 08:24:00+00:00,24110.8,24117.1,24109.25,24116.3,0
2026-04-27 08:25:00+00:00,24115.2,24119.55,24113.95,24115.0,0
2026-04-27 08:26:00+00:00,24114.1,24114.7,24106.2,24113.25,0
2026-04-27 08:27:00+00:00,24112.85,24117.25,24109.75,24116.05,0
2026-04-27 08:28:00+00:00,24117.0,24118.15,24111.0,24112.85,0
2026-04-27 08:29:00+00:00,24112.5,24117.4,24110.65,24114.25,0
2026-04-27 08:30:00+00:00,24113.35,24120.3,24112.7,24116.25,0
2026-04-27 08:31:00+00:00,24115.9,24120.1,24115.15,24115.65,0
2026-04-27 08:32:00+00:00,24115.3,24116.3,24112.4,24114.25,0
2026-04-27 08:33:00+00:00,24113.05,24115.65,24106.4,24108.3,0
2026-04-27 08:34:00+00:00,24108.25,24115.1,24107.25,24114.3,0
2026-04-27 08:35:00+00:00,24113.1,24119.4,24113.1,24117.7,0
2026-04-27 08:36:00+00:00,24117.05,24119.8,24115.1,24115.1,0
2026-04-27 08:37:00+00:00,24115.15,24115.15,24105.65,24107.4,0
2026-04-27 08:38:00+00:00,24106.5,24111.75,24106.5,24109.6,0
2026-04-27 08:39:00+00:00,24108.7,24113.1,24107.0,24109.8,0
2026-04-27 08:40:00+00:00,24109.85,24117.05,24109.1,24116.0,0
2026-04-27 08:41:00+00:00,24115.75,24118.1,24110.15,24116.4,0
2026-04-27 08:42:00+00:00,24117.5,24120.4,24114.85,24115.55,0
2026-04-27 08:43:00+00:00,24115.3,24120.75,24114.4,24120.55,0
2026-04-27 08:44:00+00:00,24119.35,24124.55,24119.15,24122.2,0
2026-04-27 08:45:00+00:00,24122.1,24123.15,24118.1,24122.1,0
2026-04-27 08:46:00+00:00,24121.0,24123.0,24114.6,24114.95,0
2026-04-27 08:47:00+00:00,24114.35,24118.4,24110.55,24116.95,0
2026-04-27 08:48:00+00:00,24116.85,24119.55,24114.0,24117.95,0
2026-04-27 08:49:00+00:00,24118.05,24124.0,24117.1,24119.65,0
2026-04-27 08:50:00+00:00,24118.7,24119.85,24111.4,24115.1,0
2026-04-27 08:51:00+00:00,24114.15,24115.55,24108.15,24110.2,0
2026-04-27 08:52:00+00:00,24110.4,24114.6,24109.7,24111.75,0
2026-04-27 08:53:00+00:00,24111.7,24116.6,24111.6,24113.8,0
2026-04-27 08:54:00+00:00,24113.6,24115.95,24110.0,24110.0,0
2026-04-27 08:55:00+00:00,24109.65,24112.8,24108.85,24109.3,0
2026-04-27 08:56:00+00:00,24107.3,24108.8,24102.2,24106.85,0
2026-04-27 08:57:00+00:00,24105.75,24110.95,24105.75,24110.25,0
2026-04-27 08:58:00+00:00,24109.7,24112.75,24108.65,24108.9,0
2026-04-27 08:59:00+00:00,24108.45,24111.95,24107.75,24111.2,0
2026-04-27 09:00:00+00:00,24109.9,24110.45,24104.2,24105.3,0
2026-04-27 09:01:00+00:00,24105.2,24107.5,24090.2,24090.35,0
2026-04-27 09:02:00+00:00,24088.55,24090.25,24080.85,24080.85,0
2026-04-27 09:03:00+00:00,24081.9,24088.95,24080.85,24084.75,0
2026-04-27 09:04:00+00:00,24084.4,24087.35,24080.45,24083.5,0
2026-04-27 09:05:00+00:00,24083.0,24084.6,24079.55,24083.65,0
2026-04-27 09:06:00+00:00,24083.0,24084.3,24078.9,24080.15,0
2026-04-27 09:07:00+00:00,24080.05,24092.9,24079.1,24092.9,0
2026-04-27 09:08:00+00:00,24092.15,24107.45,24092.15,24101.15,0
2026-04-27 09:09:00+00:00,24097.65,24101.5,24095.95,24096.65,0
2026-04-27 09:10:00+00:00,24097.15,24099.7,24091.75,24096.85,0
2026-04-27 09:11:00+00:00,24095.95,24102.85,24095.95,24102.05,0
2026-04-27 09:12:00+00:00,24101.05,24109.5,24100.05,24109.5,0
2026-04-27 09:13:00+00:00,24109.9,24112.3,24106.75,24108.4,0
2026-04-27 09:14:00+00:00,24109.15,24112.5,24108.2,24110.65,0
2026-04-27 09:15:00+00:00,24110.05,24111.5,24102.3,24102.3,0
2026-04-27 09:16:00+00:00,24101.85,24108.1,24097.8,24107.3,0
2026-04-27 09:17:00+00:00,24107.2,24108.4,24101.95,24104.8,0
2026-04-27 09:18:00+00:00,24104.9,24109.0,24103.75,24106.05,0
2026-04-27 09:19:00+00:00,24105.35,24107.85,24100.15,24107.75,0
2026-04-27 09:20:00+00:00,24105.6,24109.05,24103.3,24105.65,0
2026-04-27 09:21:00+00:00,24105.25,24113.8,24104.65,24113.5,0
2026-04-27 09:22:00+00:00,24112.55,24117.3,24111.8,24115.35,0
2026-04-27 09:23:00+00:00,24115.1,24117.8,24112.85,24115.8,0
2026-04-27 09:24:00+00:00,24114.95,24126.15,24114.95,24126.15,0
2026-04-27 09:25:00+00:00,24125.6,24130.7,24120.75,24122.5,0
2026-04-27 09:26:00+00:00,24121.95,24124.1,24118.0,24120.45,0
2026-04-27 09:27:00+00:00,24119.15,24124.85,24113.8,24123.35,0
2026-04-27 09:28:00+00:00,24122.6,24128.15,24122.3,24127.0,0
2026-04-27 09:29:00+00:00,24124.6,24125.0,24118.95,24121.95,0
2026-04-27 09:30:00+00:00,24118.2,24119.45,24106.45,24106.9,0
2026-04-27 09:31:00+00:00,24107.25,24110.2,24099.95,24100.1,0
2026-04-27 09:32:00+00:00,24099.95,24102.4,24096.4,24097.85,0
2026-04-27 09:33:00+00:00,24096.7,24098.55,24094.15,24096.5,0
2026-04-27 09:34:00+00:00,24096.9,24101.8,24093.35,24099.55,0
2026-04-27 09:35:00+00:00,24098.95,24100.25,24095.05,24097.1,0
2026-04-27 09:36:00+00:00,24097.05,24098.3,24090.35,24092.9,0
2026-04-27 09:37:00+00:00,24091.95,24094.3,24090.45,24092.3,0
2026-04-27 09:38:00+00:00,24090.85,24093.15,24090.35,24091.5,0
2026-04-27 09:39:00+00:00,24090.35,24096.8,24089.8,24093.7,0
2026-04-27 09:40:00+00:00,24093.05,24094.85,24088.95,24092.0,0
2026-04-27 09:41:00+00:00,24091.7,24098.0,24090.15,24097.05,0
2026-04-27 09:42:00+00:00,24096.25,24102.7,24095.35,24100.05,0
2026-04-27 09:43:00+00:00,24098.05,24102.3,24093.85,24094.8,0
2026-04-27 09:44:00+00:00,24094.95,24099.2,24093.6,24094.3,0
2026-04-27 09:45:00+00:00,24095.15,24096.5,24091.05,24092.5,0
2026-04-27 09:46:00+00:00,24093.1,24094.0,24089.55,24091.85,0
2026-04-27 09:47:00+00:00,24093.1,24093.65,24085.0,24085.2,0
2026-04-27 09:48:00+00:00,24086.2,24087.1,24079.7,24080.15,0
2026-04-27 09:49:00+00:00,24080.75,24081.8,24077.85,24079.8,0
2026-04-27 09:50:00+00:00,24081.5,24090.25,24079.65,24089.8,0
2026-04-27 09:51:00+00:00,24089.05,24098.1,24088.0,24096.75,0
2026-04-27 09:52:00+00:00,24097.3,24099.35,24095.2,24097.25,0
2026-04-27 09:53:00+00:00,24097.0,24099.55,24092.15,24097.35,0
2026-04-27 09:54:00+00:00,24097.85,24099.05,24088.7,24090.3,0
2026-04-27 09:55:00+00:00,24090.2,24092.95,24082.25,24086.75,0
2026-04-27 09:56:00+00:00,24086.85,24092.0,24084.55,24089.0,0
2026-04-27 09:57:00+00:00,24089.3,24092.4,24086.9,24092.05,0
2026-04-27 09:58:00+00:00,24090.8,24106.1,24089.4,24105.6,0
2026-04-27 09:59:00+00:00,24105.75,24112.75,24099.75,24110.2,0
2026-04-28 03:45:00+00:00,24049.9,24057.1,23999.25,24034.3,0
2026-04-28 03:46:00+00:00,24034.5,24079.3,24029.4,24064.45,0
2026-04-28 03:47:00+00:00,24068.3,24082.05,24064.5,24065.8,0
2026-04-28 03:48:00+00:00,24067.55,24081.3,24059.75,24080.55,0
2026-04-28 03:49:00+00:00,24081.5,24096.95,24080.75,24093.85,0
2026-04-28 03:50:00+00:00,24094.75,24109.95,24092.0,24098.25,0
2026-04-28 03:51:00+00:00,24099.2,24100.0,24081.6,24095.85,0
2026-04-28 03:52:00+00:00,24097.05,24097.05,24083.6,24091.2,0
2026-04-28 03:53:00+00:00,24092.85,24097.35,24087.4,24087.55,0
2026-04-28 03:54:00+00:00,24088.6,24088.85,24074.25,24086.7,0
2026-04-28 03:55:00+00:00,24086.8,24122.8,24086.8,24122.35,0
2026-04-28 03:56:00+00:00,24123.55,24133.65,24123.55,24129.7,0
2026-04-28 03:57:00+00:00,24129.65,24129.65,24118.95,24120.95,0
2026-04-28 03:58:00+00:00,24121.3,24124.7,24118.3,24123.25,0
2026-04-28 03:59:00+00:00,24124.0,24125.05,24115.25,24115.35,0
2026-04-28 04:00:00+00:00,24116.2,24120.05,24106.9,24109.5,0
2026-04-28 04:01:00+00:00,24109.55,24110.65,24103.45,24105.3,0
2026-04-28 04:02:00+00:00,24105.85,24108.6,24100.6,24104.6,0
2026-04-28 04:03:00+00:00,24106.25,24114.1,24100.2,24111.45,0
2026-04-28 04:04:00+00:00,24114.45,24118.25,24105.95,24105.95,0
2026-04-28 04:05:00+00:00,24107.0,24107.1,24090.4,24094.7,0
2026-04-28 04:06:00+00:00,24094.45,24107.8,24092.25,24105.65,0
2026-04-28 04:07:00+00:00,24106.35,24112.8,24104.8,24108.2,0
2026-04-28 04:08:00+00:00,24108.1,24108.2,24101.15,24103.15,0
2026-04-28 04:09:00+00:00,24105.5,24106.2,24097.3,24101.9,0
2026-04-28 04:10:00+00:00,24103.2,24117.25,24101.55,24115.55,0
2026-04-28 04:11:00+00:00,24116.65,24122.95,24116.3,24120.7,0
2026-04-28 04:12:00+00:00,24120.9,24128.95,24119.35,24120.55,0
2026-04-28 04:13:00+00:00,24122.8,24130.65,24120.25,24127.35,0
2026-04-28 04:14:00+00:00,24128.0,24133.75,24127.2,24128.3,0
2026-04-28 04:15:00+00:00,24130.8,24141.55,24130.8,24138.7,0
2026-04-28 04:16:00+00:00,24138.5,24149.85,24137.7,24145.75,0
2026-04-28 04:17:00+00:00,24146.85,24146.85,24137.0,24139.7,0
2026-04-28 04:18:00+00:00,24141.15,24141.7,24125.45,24130.55,0
2026-04-28 04:19:00+00:00,24131.6,24132.2,24120.55,24120.8,0
2026-04-28 04:20:00+00:00,24121.7,24128.5,24120.1,24123.9,0
2026-04-28 04:21:00+00:00,24124.25,24126.05,24119.3,24119.3,0
2026-04-28 04:22:00+00:00,24120.9,24121.55,24114.95,24117.0,0
2026-04-28 04:23:00+00:00,24118.55,24118.85,24112.95,24116.4,0
2026-04-28 04:24:00+00:00,24117.05,24124.9,24114.3,24123.35,0
2026-04-28 04:25:00+00:00,24124.7,24139.9,24124.4,24138.8,0
2026-04-28 04:26:00+00:00,24139.45,24143.75,24138.05,24140.25,0
2026-04-28 04:27:00+00:00,24140.65,24143.45,24135.8,24139.1,0
2026-04-28 04:28:00+00:00,24141.35,24147.7,24138.0,24147.45,0
2026-04-28 04:29:00+00:00,24149.2,24156.6,24147.15,24155.3,0
2026-04-28 04:30:00+00:00,24154.35,24161.8,24154.35,24158.6,0
2026-04-28 04:31:00+00:00,24160.05,24168.55,24160.05,24162.65,0
2026-04-28 04:32:00+00:00,24164.05,24165.3,24157.75,24158.55,0
2026-04-28 04:33:00+00:00,24159.9,24162.5,24153.75,24161.6,0
2026-04-28 04:34:00+00:00,24162.0,24162.3,24154.45,24155.2,0
2026-04-28 04:35:00+00:00,24155.5,24156.4,24150.45,24151.85,0
2026-04-28 04:36:00+00:00,24151.9,24152.85,24145.4,24149.5,0
2026-04-28 04:37:00+00:00,24149.2,24160.0,24146.85,24158.85,0
2026-04-28 04:38:00+00:00,24159.35,24162.75,24156.85,24159.55,0
2026-04-28 04:39:00+00:00,24159.95,24166.35,24159.35,24160.55,0
2026-04-28 04:40:00+00:00,24161.15,24162.2,24156.95,24159.0,0
2026-04-28 04:41:00+00:00,24159.4,24160.0,24154.65,24155.85,0
2026-04-28 04:42:00+00:00,24156.95,24157.1,24151.8,24154.55,0
2026-04-28 04:43:00+00:00,24155.15,24155.55,24147.6,24147.7,0
2026-04-28 04:44:00+00:00,24148.75,24149.35,24145.05,24148.3,0
2026-04-28 04:45:00+00:00,24148.4,24153.6,24144.5,24152.6,0
2026-04-28 04:46:00+00:00,24154.05,24162.0,24153.0,24161.2,0
2026-04-28 04:47:00+00:00,24161.1,24162.1,24154.7,24158.3,0
2026-04-28 04:48:00+00:00,24159.35,24160.95,24151.85,24158.55,0
2026-04-28 04:49:00+00:00,24159.05,24160.05,24156.2,24157.4,0
2026-04-28 04:50:00+00:00,24158.5,24161.2,24154.8,24160.3,0
2026-04-28 04:51:00+00:00,24162.0,24169.35,24159.95,24168.4,0
2026-04-28 04:52:00+00:00,24168.95,24175.05,24167.6,24173.1,0
2026-04-28 04:53:00+00:00,24173.7,24173.7,24165.6,24167.45,0
2026-04-28 04:54:00+00:00,24167.6,24173.85,24166.8,24170.6,0
2026-04-28 04:55:00+00:00,24170.8,24176.4,24169.55,24176.3,0
2026-04-28 04:56:00+00:00,24177.6,24181.8,24175.7,24177.85,0
2026-04-28 04:57:00+00:00,24178.45,24178.45,24168.75,24169.0,0
2026-04-28 04:58:00+00:00,24168.75,24169.3,24164.45,24165.8,0
2026-04-28 04:59:00+00:00,24167.35,24168.55,24165.55,24166.8,0
2026-04-28 05:00:00+00:00,24168.2,24171.95,24166.15,24167.7,0
2026-04-28 05:01:00+00:00,24168.8,24169.7,24159.4,24159.9,0
2026-04-28 05:02:00+00:00,24161.3,24162.0,24155.85,24155.9,0
2026-04-28 05:03:00+00:00,24156.45,24157.15,24153.2,24154.6,0
2026-04-28 05:04:00+00:00,24154.95,24155.1,24150.3,24152.0,0
2026-04-28 05:05:00+00:00,24152.8,24153.35,24139.1,24142.1,0
2026-04-28 05:06:00+00:00,24143.1,24147.3,24137.55,24147.3,0
2026-04-28 05:07:00+00:00,24147.45,24148.05,24136.6,24137.7,0
2026-04-28 05:08:00+00:00,24138.9,24139.1,24134.25,24136.25,0
2026-04-28 05:09:00+00:00,24137.5,24140.55,24134.0,24139.8,0
2026-04-28 05:10:00+00:00,24139.95,24140.4,24135.15,24136.95,0
2026-04-28 05:11:00+00:00,24137.5,24137.75,24127.4,24129.8,0
2026-04-28 05:12:00+00:00,24130.05,24130.55,24124.25,24127.3,0
2026-04-28 05:13:00+00:00,24128.0,24132.9,24127.25,24132.0,0
2026-04-28 05:14:00+00:00,24133.0,24136.35,24128.65,24134.85,0
2026-04-28 05:15:00+00:00,24135.6,24148.0,24134.35,24148.0,0
2026-04-28 05:16:00+00:00,24149.05,24151.5,24144.85,24151.1,0
2026-04-28 05:17:00+00:00,24152.65,24153.5,24145.1,24151.85,0
2026-04-28 05:18:00+00:00,24151.2,24154.6,24149.8,24152.55,0
2026-04-28 05:19:00+00:00,24153.45,24153.7,24147.1,24150.3,0
2026-04-28 05:20:00+00:00,24151.9,24156.0,24150.45,24154.6,0
2026-04-28 05:21:00+00:00,24154.95,24155.75,24151.9,24152.8,0
2026-04-28 05:22:00+00:00,24154.15,24155.0,24151.7,24153.4,0
2026-04-28 05:23:00+00:00,24154.75,24157.15,24153.25,24154.85,0
2026-04-28 05:24:00+00:00,24155.5,24165.95,24152.65,24162.2,0
2026-04-28 05:25:00+00:00,24163.5,24171.55,24162.45,24168.4,0
2026-04-28 05:26:00+00:00,24169.8,24174.05,24167.55,24169.95,0
2026-04-28 05:27:00+00:00,24171.6,24172.1,24164.1,24167.05,0
2026-04-28 05:28:00+00:00,24168.4,24174.2,24166.65,24170.1,0
2026-04-28 05:29:00+00:00,24171.85,24174.65,24166.75,24167.8,0
2026-04-28 05:30:00+00:00,24169.85,24169.85,24162.6,24163.85,0
2026-04-28 05:31:00+00:00,24165.8,24165.8,24160.2,24161.05,0
2026-04-28 05:32:00+00:00,24162.3,24163.85,24153.25,24155.65,0
2026-04-28 05:33:00+00:00,24156.15,24162.7,24155.25,24160.8,0
2026-04-28 05:34:00+00:00,24161.95,24162.45,24158.0,24161.35,0
2026-04-28 05:35:00+00:00,24162.15,24163.1,24152.95,24153.15,0
2026-04-28 05:36:00+00:00,24153.9,24154.1,24143.2,24146.35,0
2026-04-28 05:37:00+00:00,24146.85,24147.75,24138.55,24138.75,0
2026-04-28 05:38:00+00:00,24139.45,24143.25,24137.5,24141.1,0
2026-04-28 05:39:00+00:00,24141.5,24147.7,24140.45,24144.95,0
2026-04-28 05:40:00+00:00,24145.9,24147.55,24141.4,24144.15,0
2026-04-28 05:41:00+00:00,24145.25,24146.1,24134.8,24135.2,0
2026-04-28 05:42:00+00:00,24136.0,24141.1,24132.6,24139.95,0
2026-04-28 05:43:00+00:00,24141.2,24147.95,24141.2,24147.35,0
2026-04-28 05:44:00+00:00,24147.25,24149.1,24145.95,24148.0,0
2026-04-28 05:45:00+00:00,24148.15,24148.95,24139.8,24140.55,0
2026-04-28 05:46:00+00:00,24141.5,24141.5,24132.1,24132.1,0
2026-04-28 05:47:00+00:00,24133.35,24133.35,24124.35,24126.65,0
2026-04-28 05:48:00+00:00,24127.4,24131.7,24126.2,24130.05,0
2026-04-28 05:49:00+00:00,24131.55,24131.85,24126.3,24127.0,0
2026-04-28 05:50:00+00:00,24129.0,24134.25,24127.6,24132.25,0
2026-04-28 05:51:00+00:00,24132.9,24137.55,24131.55,24134.05,0
2026-04-28 05:52:00+00:00,24135.25,24135.3,24130.15,24130.15,0
2026-04-28 05:53:00+00:00,24130.7,24131.35,24122.8,24125.75,0
2026-04-28 05:54:00+00:00,24126.3,24126.85,24109.95,24111.65,0
2026-04-28 05:55:00+00:00,24112.15,24112.25,24095.0,24095.5,0
2026-04-28 05:56:00+00:00,24096.25,24096.8,24077.35,24077.35,0
2026-04-28 05:57:00+00:00,24077.65,24078.8,24068.3,24072.1,0
2026-04-28 05:58:00+00:00,24071.25,24072.25,24058.8,24065.3,0
2026-04-28 05:59:00+00:00,24066.95,24069.5,24057.9,24058.0,0
2026-04-28 06:00:00+00:00,24057.85,24058.45,24046.7,24052.7,0
2026-04-28 06:01:00+00:00,24052.15,24063.65,24048.35,24063.05,0
2026-04-28 06:02:00+00:00,24063.2,24065.7,24054.6,24054.6,0
2026-04-28 06:03:00+00:00,24055.4,24056.8,24045.35,24047.85,0
2026-04-28 06:04:00+00:00,24049.5,24059.75,24047.15,24059.25,0
2026-04-28 06:05:00+00:00,24060.6,24063.75,24058.45,24060.35,0
2026-04-28 06:06:00+00:00,24060.7,24075.9,24060.05,24075.9,0
2026-04-28 06:07:00+00:00,24076.05,24079.1,24073.0,24075.55,0
2026-04-28 06:08:00+00:00,24077.25,24082.55,24069.9,24079.45,0
2026-04-28 06:09:00+00:00,24081.15,24083.95,24078.75,24082.0,0
2026-04-28 06:10:00+00:00,24082.3,24086.6,24081.15,24082.7,0
2026-04-28 06:11:00+00:00,24083.6,24084.35,24075.8,24077.5,0
2026-04-28 06:12:00+00:00,24078.6,24079.05,24073.3,24076.15,0
2026-04-28 06:13:00+00:00,24076.1,24079.05,24074.0,24077.9,0
2026-04-28 06:14:00+00:00,24078.45,24086.75,24077.95,24085.4,0
2026-04-28 06:15:00+00:00,24086.45,24093.8,24082.4,24082.4,0
2026-04-28 06:16:00+00:00,24084.25,24085.65,24080.3,24083.2,0
2026-04-28 06:17:00+00:00,24084.1,24084.45,24078.6,24080.4,0
2026-04-28 06:18:00+00:00,24081.05,24084.7,24078.05,24082.7,0
2026-04-28 06:19:00+00:00,24084.3,24087.05,24081.7,24085.95,0
2026-04-28 06:20:00+00:00,24086.55,24087.9,24080.45,24084.95,0
2026-04-28 06:21:00+00:00,24087.0,24088.5,24080.7,24081.05,0
2026-04-28 06:22:00+00:00,24082.0,24083.6,24073.4,24073.95,0
2026-04-28 06:23:00+00:00,24075.95,24076.8,24073.05,24075.7,0
2026-04-28 06:24:00+00:00,24076.6,24078.1,24072.2,24074.6,0
2026-04-28 06:25:00+00:00,24075.3,24077.35,24071.3,24071.3,0
2026-04-28 06:26:00+00:00,24071.75,24073.65,24068.5,24072.55,0
2026-04-28 06:27:00+00:00,24072.35,24077.2,24069.45,24075.1,0
2026-04-28 06:28:00+00:00,24075.95,24076.7,24063.3,24063.35,0
2026-04-28 06:29:00+00:00,24064.85,24065.1,24055.6,24056.0,0
2026-04-28 06:30:00+00:00,24058.1,24058.6,24049.6,24049.8,0
2026-04-28 06:31:00+00:00,24050.0,24050.5,24040.4,24040.9,0
2026-04-28 06:32:00+00:00,24041.05,24042.65,24034.3,24038.9,0
2026-04-28 06:33:00+00:00,24037.05,24046.8,24037.05,24044.7,0
2026-04-28 06:34:00+00:00,24043.95,24046.05,24039.35,24039.5,0
2026-04-28 06:35:00+00:00,24038.95,24041.75,24030.75,24037.05,0
2026-04-28 06:36:00+00:00,24034.95,24037.4,24031.3,24031.55,0
2026-04-28 06:37:00+00:00,24030.75,24035.4,24029.3,24032.35,0
2026-04-28 06:38:00+00:00,24031.75,24036.75,24031.7,24034.65,0
2026-04-28 06:39:00+00:00,24034.2,24038.1,24032.05,24035.35,0
2026-04-28 06:40:00+00:00,24033.6,24042.25,24033.6,24041.2,0
2026-04-28 06:41:00+00:00,24039.1,24041.0,24036.05,24038.6,0
2026-04-28 06:42:00+00:00,24036.6,24042.7,24034.6,24041.95,0
2026-04-28 06:43:00+00:00,24041.55,24046.7,24041.15,24044.95,0
2026-04-28 06:44:00+00:00,24044.15,24050.9,24044.15,24048.25,0
2026-04-28 06:45:00+00:00,24046.85,24052.55,24044.0,24051.45,0
2026-04-28 06:46:00+00:00,24051.2,24055.0,24048.8,24053.45,0
2026-04-28 06:47:00+00:00,24052.1,24057.1,24051.1,24055.6,0
2026-04-28 06:48:00+00:00,24053.2,24057.45,24052.15,24053.9,0
2026-04-28 06:49:00+00:00,24052.8,24054.25,24035.0,24036.0,0
2026-04-28 06:50:00+00:00,24036.0,24040.15,24033.25,24037.75,0
2026-04-28 06:51:00+00:00,24036.05,24038.75,24024.45,24024.45,0
2026-04-28 06:52:00+00:00,24024.5,24025.6,24003.85,24010.7,0
2026-04-28 06:53:00+00:00,24010.75,24015.8,24007.1,24008.35,0
2026-04-28 06:54:00+00:00,24008.05,24018.05,24006.8,24017.45,0
2026-04-28 06:55:00+00:00,24015.85,24019.15,24013.05,24018.0,0
2026-04-28 06:56:00+00:00,24017.3,24029.45,24017.15,24028.75,0
2026-04-28 06:57:00+00:00,24028.65,24030.05,24021.7,24024.6,0
2026-04-28 06:58:00+00:00,24023.5,24026.2,24014.7,24016.15,0
2026-04-28 06:59:00+00:00,24015.05,24017.2,24008.7,24012.45,0
2026-04-28 07:00:00+00:00,24011.9,24013.0,24004.55,24005.55,0
2026-04-28 07:01:00+00:00,24005.4,24007.0,23998.35,23998.5,0
2026-04-28 07:02:00+00:00,24000.35,24000.85,23993.15,23995.9,0
2026-04-28 07:03:00+00:00,23996.3,23998.9,23992.3,23993.95,0
2026-04-28 07:04:00+00:00,23995.2,24004.25,23994.4,24004.25,0
2026-04-28 07:05:00+00:00,24006.1,24019.15,24004.25,24018.15,0
2026-04-28 07:06:00+00:00,24019.4,24020.15,24012.75,24016.3,0
2026-04-28 07:07:00+00:00,24017.2,24017.5,24009.2,24010.1,0
2026-04-28 07:08:00+00:00,24011.3,24013.5,24008.15,24012.8,0
2026-04-28 07:09:00+00:00,24013.2,24013.8,24007.85,24007.85,0
2026-04-28 07:10:00+00:00,24009.35,24016.05,24007.15,24016.05,0
2026-04-28 07:11:00+00:00,24015.6,24017.45,24011.75,24014.95,0
2026-04-28 07:12:00+00:00,24016.15,24022.0,24012.95,24021.45,0
2026-04-28 07:13:00+00:00,24022.9,24024.0,24016.5,24023.5,0
2026-04-28 07:14:00+00:00,24024.7,24031.0,24022.75,24029.85,0
2026-04-28 07:15:00+00:00,24030.8,24038.05,24029.7,24037.95,0
2026-04-28 07:16:00+00:00,24038.25,24038.5,24026.9,24026.9,0
2026-04-28 07:17:00+00:00,24028.15,24028.55,24023.55,24026.8,0
2026-04-28 07:18:00+00:00,24028.05,24028.75,24021.4,24025.4,0
2026-04-28 07:19:00+00:00,24026.4,24033.45,24024.95,24031.45,0
2026-04-28 07:20:00+00:00,24033.1,24034.55,24030.1,24031.5,0
2026-04-28 07:21:00+00:00,24032.15,24039.4,24030.55,24039.4,0
2026-04-28 07:22:00+00:00,24039.3,24040.45,24033.85,24034.4,0
2026-04-28 07:23:00+00:00,24034.95,24036.15,24030.35,24032.05,0
2026-04-28 07:24:00+00:00,24032.7,24032.9,24022.0,24022.55,0
2026-04-28 07:25:00+00:00,24023.05,24028.8,24020.65,24028.8,0
2026-04-28 07:26:00+00:00,24029.15,24029.55,24014.3,24015.65,0
2026-04-28 07:27:00+00:00,24016.1,24020.95,24013.2,24014.95,0
2026-04-28 07:28:00+00:00,24015.8,24016.05,24007.15,24008.15,0
2026-04-28 07:29:00+00:00,24008.55,24012.5,24006.0,24007.35,0
2026-04-28 07:30:00+00:00,24007.9,24009.5,24003.4,24003.85,0
2026-04-28 07:31:00+00:00,24004.7,24010.15,23999.7,24005.7,0
2026-04-28 07:32:00+00:00,24007.25,24019.9,24005.85,24017.3,0
2026-04-28 07:33:00+00:00,24018.0,24027.55,24016.45,24025.25,0
2026-04-28 07:34:00+00:00,24027.4,24029.95,24017.95,24018.2,0
2026-04-28 07:35:00+00:00,24018.45,24025.55,24015.05,24023.45,0
2026-04-28 07:36:00+00:00,24023.55,24026.65,24022.1,24023.35,0
2026-04-28 07:37:00+00:00,24023.95,24027.95,24022.05,24025.0,0
2026-04-28 07:38:00+00:00,24025.35,24031.9,24022.85,24028.9,0
2026-04-28 07:39:00+00:00,24029.45,24033.65,24027.65,24030.55,0
2026-04-28 07:40:00+00:00,24030.75,24034.0,24026.7,24026.95,0
2026-04-28 07:41:00+00:00,24028.35,24031.35,24025.95,24026.5,0
2026-04-28 07:42:00+00:00,24027.2,24030.45,24026.0,24027.25,0
2026-04-28 07:43:00+00:00,24028.25,24030.8,24023.9,24024.55,0
2026-04-28 07:44:00+00:00,24026.2,24027.35,24017.6,24017.6,0
2026-04-28 07:45:00+00:00,24018.7,24022.55,24018.05,24022.3,0
2026-04-28 07:46:00+00:00,24022.95,24027.3,24021.2,24022.3,0
2026-04-28 07:47:00+00:00,24022.5,24030.35,24022.5,24029.7,0
2026-04-28 07:48:00+00:00,24030.35,24037.85,24030.35,24034.6,0
2026-04-28 07:49:00+00:00,24035.8,24037.05,24032.9,24033.95,0
2026-04-28 07:50:00+00:00,24035.35,24036.45,24023.95,24024.2,0
2026-04-28 07:51:00+00:00,24025.0,24032.95,24023.2,24032.45,0
2026-04-28 07:52:00+00:00,24033.05,24037.9,24031.65,24033.1,0
2026-04-28 07:53:00+00:00,24034.45,24038.3,24030.95,24035.85,0
2026-04-28 07:54:00+00:00,24035.65,24043.5,24034.2,24041.5,0
2026-04-28 07:55:00+00:00,24042.5,24046.1,24040.6,24041.9,0
2026-04-28 07:56:00+00:00,24042.25,24042.55,24031.65,24034.0,0
2026-04-28 07:57:00+00:00,24033.15,24048.75,24032.75,24047.4,0
2026-04-28 07:58:00+00:00,24048.45,24049.0,24041.35,24042.65,0
2026-04-28 07:59:00+00:00,24035.5,24036.55,24019.45,24019.45,0
2026-04-28 08:00:00+00:00,24021.05,24022.05,24004.1,24005.4,0
2026-04-28 08:01:00+00:00,24005.7,24010.7,23999.05,24004.3,0
2026-04-28 08:02:00+00:00,24005.5,24013.25,24005.2,24005.2,0
2026-04-28 08:03:00+00:00,24006.85,24006.85,23995.7,23997.4,0
2026-04-28 08:04:00+00:00,23997.4,23998.95,23995.95,23998.9,0
2026-04-28 08:05:00+00:00,23999.65,24001.4,23970.6,23972.45,0
2026-04-28 08:06:00+00:00,23972.0,23976.45,23961.25,23976.45,0
2026-04-28 08:07:00+00:00,23977.9,23990.9,23976.75,23984.8,0
2026-04-28 08:08:00+00:00,23984.95,23991.1,23981.05,23989.25,0
2026-04-28 08:09:00+00:00,23989.1,23993.15,23986.7,23992.55,0
2026-04-28 08:10:00+00:00,23993.3,24001.4,23990.3,24000.65,0
2026-04-28 08:11:00+00:00,24001.9,24010.9,24000.55,24004.0,0
2026-04-28 08:12:00+00:00,24004.65,24009.7,24001.8,24008.45,0
2026-04-28 08:13:00+00:00,24008.95,24014.55,24008.85,24012.0,0
2026-04-28 08:14:00+00:00,24014.1,24014.9,24002.6,24002.65,0
2026-04-28 08:15:00+00:00,24003.05,24003.65,23993.7,23999.75,0
2026-04-28 08:16:00+00:00,24000.45,24004.3,23999.45,24002.85,0
2026-04-28 08:17:00+00:00,24002.9,24005.0,23995.95,23998.2,0
2026-04-28 08:18:00+00:00,23998.3,23999.75,23994.15,23994.15,0
2026-04-28 08:19:00+00:00,23994.6,23996.95,23988.8,23988.8,0
2026-04-28 08:20:00+00:00,23989.55,23992.8,23985.75,23991.1,0
2026-04-28 08:21:00+00:00,23992.3,24007.45,23992.3,24007.45,0
2026-04-28 08:22:00+00:00,24007.7,24007.7,24000.25,24003.15,0
2026-04-28 08:23:00+00:00,24004.25,24016.35,24001.25,24006.6,0
2026-04-28 08:24:00+00:00,24007.15,24013.85,24004.9,24010.45,0
2026-04-28 08:25:00+00:00,24011.05,24024.35,24008.4,24023.75,0
2026-04-28 08:26:00+00:00,24023.15,24029.85,24022.05,24025.55,0
2026-04-28 08:27:00+00:00,24025.95,24027.2,23995.3,24000.95,0
2026-04-28 08:28:00+00:00,24001.85,24019.45,24001.85,24016.55,0
2026-04-28 08:29:00+00:00,24016.6,24017.05,24009.8,24010.55,0
2026-04-28 08:30:00+00:00,24011.6,24011.75,24001.15,24001.15,0
2026-04-28 08:31:00+00:00,24001.75,24003.65,23999.75,24003.4,0
2026-04-28 08:32:00+00:00,24003.7,24006.9,24003.0,24005.9,0
2026-04-28 08:33:00+00:00,24006.8,24007.0,24002.4,24004.35,0
2026-04-28 08:34:00+00:00,24006.2,24009.95,24003.0,24004.2,0
2026-04-28 08:35:00+00:00,24004.7,24005.0,23996.25,23998.75,0
2026-04-28 08:36:00+00:00,23999.0,24006.95,23995.85,24006.25,0
2026-04-28 08:37:00+00:00,24007.05,24007.95,23998.9,24000.25,0
2026-04-28 08:38:00+00:00,24002.0,24005.3,24000.7,24003.35,0
2026-04-28 08:39:00+00:00,24003.8,24008.1,24002.45,24007.3,0
2026-04-28 08:40:00+00:00,24007.7,24007.7,23992.15,23992.65,0
2026-04-28 08:41:00+00:00,23993.4,23993.4,23982.3,23988.2,0
2026-04-28 08:42:00+00:00,23988.0,23993.0,23982.6,23992.45,0
2026-04-28 08:43:00+00:00,23993.6,23999.8,23990.45,23998.2,0
2026-04-28 08:44:00+00:00,23998.45,23998.45,23981.95,23981.95,0
2026-04-28 08:45:00+00:00,23983.2,23985.75,23972.95,23975.35,0
2026-04-28 08:46:00+00:00,23976.45,23978.6,23973.4,23974.75,0
2026-04-28 08:47:00+00:00,23976.35,23984.6,23973.9,23984.1,0
2026-04-28 08:48:00+00:00,23984.2,23996.85,23983.3,23996.15,0
2026-04-28 08:49:00+00:00,23997.3,23998.55,23993.25,23993.35,0
2026-04-28 08:50:00+00:00,23994.15,23994.3,23990.05,23991.45,0
2026-04-28 08:51:00+00:00,23991.55,23997.4,23988.6,23996.05,0
2026-04-28 08:52:00+00:00,23997.4,24005.85,23996.8,24005.85,0
2026-04-28 08:53:00+00:00,24007.2,24010.9,24004.9,24007.45,0
2026-04-28 08:54:00+00:00,24008.3,24013.45,24000.45,24004.75,0
2026-04-28 08:55:00+00:00,24005.4,24010.8,23999.9,24010.4,0
2026-04-28 08:56:00+00:00,24011.6,24012.1,23999.3,23999.4,0
2026-04-28 08:57:00+00:00,24001.1,24004.25,23997.3,23998.25,0
2026-04-28 08:58:00+00:00,23998.7,24001.5,23994.5,23995.5,0
2026-04-28 08:59:00+00:00,23996.0,23999.85,23990.75,23997.4,0
2026-04-28 09:00:00+00:00,23998.95,24020.65,23998.45,24020.25,0
2026-04-28 09:01:00+00:00,24021.2,24034.15,24018.65,24033.3,0
2026-04-28 09:02:00+00:00,24033.95,24036.6,24022.05,24022.65,0
2026-04-28 09:03:00+00:00,24023.7,24031.55,24022.0,24027.9,0
2026-04-28 09:04:00+00:00,24028.65,24028.65,24006.25,24008.85,0
2026-04-28 09:05:00+00:00,24010.3,24021.65,24008.2,24018.7,0
2026-04-28 09:06:00+00:00,24018.75,24025.5,24016.55,24020.9,0
2026-04-28 09:07:00+00:00,24021.9,24027.1,24021.3,24026.45,0
2026-04-28 09:08:00+00:00,24027.45,24031.0,24022.6,24023.5,0
2026-04-28 09:09:00+00:00,24024.0,24027.0,24021.8,24023.6,0
2026-04-28 09:10:00+00:00,24024.85,24031.05,24023.5,24027.25,0
2026-04-28 09:11:00+00:00,24028.15,24028.5,24016.7,24023.0,0
2026-04-28 09:12:00+00:00,24024.85,24025.05,24018.25,24018.45,0
2026-04-28 09:13:00+00:00,24019.65,24020.05,24012.1,24016.4,0
2026-04-28 09:14:00+00:00,24018.05,24032.9,24016.0,24032.2,0
2026-04-28 09:15:00+00:00,24032.0,24032.3,24019.1,24026.3,0
2026-04-28 09:16:00+00:00,24027.2,24031.3,24024.45,24030.85,0
2026-04-28 09:17:00+00:00,24031.65,24032.8,24027.55,24031.8,0
2026-04-28 09:18:00+00:00,24033.25,24040.9,24032.65,24038.8,0
2026-04-28 09:19:00+00:00,24038.65,24041.6,24034.55,24037.05,0
2026-04-28 09:20:00+00:00,24038.75,24041.9,24034.35,24041.9,0
2026-04-28 09:21:00+00:00,24042.5,24044.35,24037.05,24037.3,0
2026-04-28 09:22:00+00:00,24036.35,24038.3,24030.25,24035.95,0
2026-04-28 09:23:00+00:00,24036.85,24041.2,24036.1,24040.25,0
2026-04-28 09:24:00+00:00,24041.15,24045.75,24037.95,24044.35,0
2026-04-28 09:25:00+00:00,24045.65,24046.25,24032.8,24040.45,0
2026-04-28 09:26:00+00:00,24041.1,24042.8,24036.7,24039.8,0
2026-04-28 09:27:00+00:00,24040.45,24041.3,24028.85,24032.0,0
2026-04-28 09:28:00+00:00,24032.85,24044.05,24032.25,24042.85,0
2026-04-28 09:29:00+00:00,24043.15,24046.45,24036.8,24039.15,0
2026-04-28 09:30:00+00:00,24039.85,24042.45,24022.25,24022.35,0
2026-04-28 09:31:00+00:00,24022.05,24022.05,24006.7,24008.6,0
2026-04-28 09:32:00+00:00,24008.2,24008.7,23995.0,23996.45,0
2026-04-28 09:33:00+00:00,23996.4,24003.85,23993.85,24000.65,0
2026-04-28 09:34:00+00:00,24002.2,24003.4,23988.4,24002.15,0
2026-04-28 09:35:00+00:00,24002.7,24014.55,24000.6,24010.2,0
2026-04-28 09:36:00+00:00,24009.1,24012.0,23997.2,23998.5,0
2026-04-28 09:37:00+00:00,23998.45,23998.45,23982.45,23990.1,0
2026-04-28 09:38:00+00:00,23990.5,23990.5,23979.45,23987.5,0
2026-04-28 09:39:00+00:00,23988.55,23990.95,23979.4,23979.55,0
2026-04-28 09:40:00+00:00,23980.4,23981.35,23969.95,23976.6,0
2026-04-28 09:41:00+00:00,23977.4,23977.4,23969.9,23972.6,0
2026-04-28 09:42:00+00:00,23971.6,23973.75,23969.5,23972.6,0
2026-04-28 09:43:00+00:00,23972.85,23972.85,23968.95,23970.15,0
2026-04-28 09:44:00+00:00,23970.2,23973.4,23968.65,23972.45,0
2026-04-28 09:45:00+00:00,23972.75,23972.75,23968.8,23969.55,0
2026-04-28 09:46:00+00:00,23970.2,23971.2,23965.0,23971.2,0
2026-04-28 09:47:00+00:00,23971.25,23971.25,23962.35,23964.95,0
2026-04-28 09:48:00+00:00,23965.25,23965.55,23957.05,23965.3,0
2026-04-28 09:49:00+00:00,23965.25,23974.65,23963.6,23968.45,0
2026-04-28 09:50:00+00:00,23969.25,23969.25,23963.55,23967.3,0
2026-04-28 09:51:00+00:00,23968.35,23973.35,23964.85,23969.05,0
2026-04-28 09:52:00+00:00,23970.05,23971.0,23964.5,23968.5,0
2026-04-28 09:53:00+00:00,23969.8,23973.15,23967.55,23973.15,0
2026-04-28 09:54:00+00:00,23973.2,23981.05,23969.85,23981.05,0
2026-04-28 09:55:00+00:00,23982.45,24003.7,23980.8,23999.25,0
2026-04-28 09:56:00+00:00,24000.3,24001.5,23992.9,23998.85,0
2026-04-28 09:57:00+00:00,23999.25,24006.65,23997.35,24005.1,0
2026-04-28 09:58:00+00:00,24003.85,24012.05,23997.0,24011.15,0
2026-04-28 09:59:00+00:00,24010.0,24016.5,24005.15,24016.5,0
2026-04-29 03:45:00+00:00,24096.9,24123.55,24083.75,24106.35,0
2026-04-29 03:46:00+00:00,24106.4,24118.8,24099.85,24118.65,0
2026-04-29 03:47:00+00:00,24122.4,24122.4,24101.6,24110.9,0
2026-04-29 03:48:00+00:00,24110.75,24116.3,24082.3,24085.25,0
2026-04-29 03:49:00+00:00,24088.0,24090.8,24070.35,24090.8,0
2026-04-29 03:50:00+00:00,24091.0,24120.4,24091.0,24118.2,0
2026-04-29 03:51:00+00:00,24119.65,24119.65,24091.95,24099.5,0
2026-04-29 03:52:00+00:00,24102.65,24103.95,24085.6,24088.55,0
2026-04-29 03:53:00+00:00,24091.45,24091.45,24060.55,24060.65,0
2026-04-29 03:54:00+00:00,24064.45,24077.9,24059.95,24077.9,0
2026-04-29 03:55:00+00:00,24079.65,24079.65,24066.95,24071.0,0
2026-04-29 03:56:00+00:00,24073.05,24099.4,24070.6,24099.1,0
2026-04-29 03:57:00+00:00,24099.85,24114.15,24098.35,24107.35,0
2026-04-29 03:58:00+00:00,24107.4,24110.6,24091.8,24097.1,0
2026-04-29 03:59:00+00:00,24099.4,24111.8,24098.35,24111.55,0
2026-04-29 04:00:00+00:00,24110.45,24118.2,24110.45,24118.2,0
2026-04-29 04:01:00+00:00,24121.45,24124.8,24114.8,24122.35,0
2026-04-29 04:02:00+00:00,24124.5,24125.6,24119.35,24121.0,0
2026-04-29 04:03:00+00:00,24122.85,24126.95,24103.2,24103.65,0
2026-04-29 04:04:00+00:00,24104.6,24104.6,24087.35,24092.35,0
2026-04-29 04:05:00+00:00,24093.15,24101.1,24091.15,24097.35,0
2026-04-29 04:06:00+00:00,24099.35,24111.1,24093.9,24107.85,0
2026-04-29 04:07:00+00:00,24109.5,24109.5,24098.8,24100.85,0
2026-04-29 04:08:00+00:00,24102.1,24104.35,24098.3,24098.65,0
2026-04-29 04:09:00+00:00,24099.75,24106.3,24087.55,24105.05,0
2026-04-29 04:10:00+00:00,24106.95,24119.2,24102.8,24117.35,0
2026-04-29 04:11:00+00:00,24117.8,24117.8,24106.9,24109.8,0
2026-04-29 04:12:00+00:00,24112.15,24116.55,24108.7,24114.65,0
2026-04-29 04:13:00+00:00,24116.3,24128.05,24116.2,24125.65,0
2026-04-29 04:14:00+00:00,24127.55,24144.45,24125.8,24141.35,0
2026-04-29 04:15:00+00:00,24142.65,24153.55,24141.8,24146.8,0
2026-04-29 04:16:00+00:00,24148.1,24151.75,24146.25,24147.5,0
2026-04-29 04:17:00+00:00,24151.75,24160.6,24149.1,24155.7,0
2026-04-29 04:18:00+00:00,24157.35,24157.95,24153.25,24154.75,0
2026-04-29 04:19:00+00:00,24157.45,24164.95,24155.5,24164.8,0
2026-04-29 04:20:00+00:00,24165.9,24168.15,24158.4,24164.75,0
2026-04-29 04:21:00+00:00,24165.75,24170.6,24163.1,24168.25,0
2026-04-29 04:22:00+00:00,24169.65,24175.25,24167.35,24169.95,0
2026-04-29 04:23:00+00:00,24171.55,24173.05,24168.75,24171.45,0
2026-04-29 04:24:00+00:00,24173.75,24177.9,24172.55,24173.95,0
2026-04-29 04:25:00+00:00,24176.2,24178.45,24166.9,24175.4,0
2026-04-29 04:26:00+00:00,24176.95,24176.95,24165.9,24170.95,0
2026-04-29 04:27:00+00:00,24173.65,24175.5,24166.5,24174.0,0
2026-04-29 04:28:00+00:00,24177.05,24180.5,24173.3,24174.1,0
2026-04-29 04:29:00+00:00,24176.9,24176.9,24169.0,24173.2,0
2026-04-29 04:30:00+00:00,24174.6,24188.65,24174.6,24187.3,0
2026-04-29 04:31:00+00:00,24189.05,24205.5,24189.05,24202.9,0
2026-04-29 04:32:00+00:00,24204.2,24211.5,24199.75,24202.55,0
2026-04-29 04:33:00+00:00,24203.9,24210.0,24201.75,24205.65,0
2026-04-29 04:34:00+00:00,24206.45,24206.45,24198.2,24201.3,0
2026-04-29 04:35:00+00:00,24202.7,24207.1,24200.3,24202.1,0
2026-04-29 04:36:00+00:00,24202.95,24205.35,24196.65,24204.3,0
2026-04-29 04:37:00+00:00,24205.95,24211.6,24202.75,24206.35,0
2026-04-29 04:38:00+00:00,24207.95,24214.55,24202.8,24213.55,0
2026-04-29 04:39:00+00:00,24214.4,24217.55,24208.65,24211.75,0
2026-04-29 04:40:00+00:00,24212.7,24223.8,24210.5,24223.15,0
2026-04-29 04:41:00+00:00,24224.7,24231.5,24218.45,24219.0,0
2026-04-29 04:42:00+00:00,24221.25,24225.3,24219.4,24221.65,0
2026-04-29 04:43:00+00:00,24223.5,24229.5,24219.5,24226.7,0
2026-04-29 04:44:00+00:00,24228.35,24236.8,24225.9,24233.8,0
2026-04-29 04:45:00+00:00,24235.2,24241.3,24234.65,24239.2,0
2026-04-29 04:46:00+00:00,24240.05,24244.6,24238.9,24243.1,0
2026-04-29 04:47:00+00:00,24244.55,24249.45,24243.5,24245.9,0
2026-04-29 04:48:00+00:00,24246.85,24252.25,24244.7,24250.35,0
2026-04-29 04:49:00+00:00,24252.15,24252.95,24242.35,24243.1,0
2026-04-29 04:50:00+00:00,24246.1,24266.25,24243.3,24265.35,0
2026-04-29 04:51:00+00:00,24265.6,24272.35,24262.7,24268.95,0
2026-04-29 04:52:00+00:00,24270.25,24273.65,24262.95,24263.15,0
2026-04-29 04:53:00+00:00,24264.4,24271.3,24258.3,24268.55,0
2026-04-29 04:54:00+00:00,24270.0,24272.6,24267.25,24270.45,0
2026-04-29 04:55:00+00:00,24270.65,24272.05,24264.3,24271.35,0
2026-04-29 04:56:00+00:00,24272.95,24281.15,24272.45,24280.15,0
2026-04-29 04:57:00+00:00,24280.85,24289.3,24278.15,24286.95,0
2026-04-29 04:58:00+00:00,24287.85,24295.15,24287.65,24292.2,0
2026-04-29 04:59:00+00:00,24293.7,24296.3,24289.15,24290.15,0
2026-04-29 05:00:00+00:00,24290.4,24290.95,24273.6,24274.15,0
2026-04-29 05:01:00+00:00,24276.3,24279.05,24264.05,24271.6,0
2026-04-29 05:02:00+00:00,24272.4,24280.4,24267.15,24279.25,0
2026-04-29 05:03:00+00:00,24280.45,24286.35,24277.65,24279.65,0
2026-04-29 05:04:00+00:00,24282.45,24287.35,24279.45,24283.2,0
2026-04-29 05:05:00+00:00,24285.0,24286.7,24281.4,24285.7,0
2026-04-29 05:06:00+00:00,24286.75,24291.7,24282.8,24290.05,0
2026-04-29 05:07:00+00:00,24291.15,24291.15,24281.3,24281.35,0
2026-04-29 05:08:00+00:00,24281.95,24286.5,24271.4,24271.7,0
2026-04-29 05:09:00+00:00,24274.3,24275.2,24268.7,24268.7,0
2026-04-29 05:10:00+00:00,24271.1,24271.55,24264.15,24264.85,0
2026-04-29 05:11:00+00:00,24266.1,24272.85,24263.1,24272.6,0
2026-04-29 05:12:00+00:00,24274.55,24274.55,24264.6,24267.8,0
2026-04-29 05:13:00+00:00,24269.3,24272.9,24266.85,24267.95,0
2026-04-29 05:14:00+00:00,24268.65,24268.8,24264.6,24267.45,0
2026-04-29 05:15:00+00:00,24268.4,24268.65,24257.6,24259.1,0
2026-04-29 05:16:00+00:00,24260.65,24266.0,24255.15,24255.25,0
2026-04-29 05:17:00+00:00,24256.15,24262.6,24254.8,24262.1,0
2026-04-29 05:18:00+00:00,24262.15,24271.4,24260.0,24270.85,0
2026-04-29 05:19:00+00:00,24271.85,24272.8,24265.95,24271.65,0
2026-04-29 05:20:00+00:00,24272.6,24278.25,24270.55,24273.65,0
2026-04-29 05:21:00+00:00,24273.65,24282.95,24273.0,24281.25,0
2026-04-29 05:22:00+00:00,24282.7,24282.85,24274.95,24282.75,0
2026-04-29 05:23:00+00:00,24284.5,24285.8,24281.8,24285.8,0
2026-04-29 05:24:00+00:00,24287.05,24290.05,24283.45,24285.05,0
2026-04-29 05:25:00+00:00,24286.6,24287.6,24283.6,24284.75,0
2026-04-29 05:26:00+00:00,24286.65,24288.65,24280.9,24283.2,0
2026-04-29 05:27:00+00:00,24285.5,24287.2,24281.0,24283.0,0
2026-04-29 05:28:00+00:00,24284.35,24289.45,24281.05,24287.7,0
2026-04-29 05:29:00+00:00,24290.65,24290.65,24284.95,24287.1,0
2026-04-29 05:30:00+00:00,24288.25,24294.25,24285.75,24292.75,0
2026-04-29 05:31:00+00:00,24294.75,24298.95,24277.8,24282.3,0
2026-04-29 05:32:00+00:00,24283.9,24288.7,24283.1,24284.15,0
2026-04-29 05:33:00+00:00,24287.05,24289.2,24283.75,24287.25,0
2026-04-29 05:34:00+00:00,24289.25,24289.8,24276.45,24277.05,0
2026-04-29 05:35:00+00:00,24277.45,24281.65,24273.1,24280.2,0
2026-04-29 05:36:00+00:00,24282.0,24283.85,24280.45,24281.05,0
2026-04-29 05:37:00+00:00,24282.75,24287.15,24280.05,24286.35,0
2026-04-29 05:38:00+00:00,24287.35,24293.6,24286.4,24292.05,0
2026-04-29 05:39:00+00:00,24294.4,24294.75,24288.5,24292.6,0
2026-04-29 05:40:00+00:00,24294.0,24294.6,24288.75,24289.9,0
2026-04-29 05:41:00+00:00,24291.6,24291.6,24282.15,24284.55,0
2026-04-29 05:42:00+00:00,24286.0,24288.3,24282.1,24286.25,0
2026-04-29 05:43:00+00:00,24288.3,24288.9,24284.6,24287.1,0
2026-04-29 05:44:00+00:00,24288.6,24291.65,24288.05,24288.15,0
2026-04-29 05:45:00+00:00,24289.9,24295.35,24289.3,24290.45,0
2026-04-29 05:46:00+00:00,24291.95,24291.95,24284.35,24284.95,0
2026-04-29 05:47:00+00:00,24285.95,24286.45,24280.65,24281.75,0
2026-04-29 05:48:00+00:00,24283.35,24283.35,24274.95,24276.05,0
2026-04-29 05:49:00+00:00,24276.4,24277.8,24268.3,24276.1,0
2026-04-29 05:50:00+00:00,24277.5,24281.0,24273.75,24278.65,0
2026-04-29 05:51:00+00:00,24280.35,24289.8,24278.75,24288.1,0
2026-04-29 05:52:00+00:00,24289.6,24294.5,24289.05,24290.85,0
2026-04-29 05:53:00+00:00,24292.45,24293.75,24285.85,24287.15,0
2026-04-29 05:54:00+00:00,24287.65,24287.65,24274.5,24277.35,0
2026-04-29 05:55:00+00:00,24278.1,24279.05,24270.9,24274.55,0
2026-04-29 05:56:00+00:00,24277.9,24283.7,24276.6,24276.6,0
2026-04-29 05:57:00+00:00,24278.35,24282.35,24276.7,24278.25,0
2026-04-29 05:58:00+00:00,24279.05,24279.5,24266.85,24267.25,0
2026-04-29 05:59:00+00:00,24268.05,24269.4,24260.0,24263.25,0
2026-04-29 06:00:00+00:00,24266.1,24272.35,24263.5,24271.15,0
2026-04-29 06:01:00+00:00,24272.2,24281.5,24271.4,24277.7,0
2026-04-29 06:02:00+00:00,24279.3,24279.3,24271.1,24271.75,0
2026-04-29 06:03:00+00:00,24272.9,24279.1,24269.15,24278.15,0
2026-04-29 06:04:00+00:00,24280.25,24282.35,24275.8,24278.15,0
2026-04-29 06:05:00+00:00,24278.8,24280.75,24276.7,24279.0,0
2026-04-29 06:06:00+00:00,24281.7,24281.7,24272.75,24275.0,0
2026-04-29 06:07:00+00:00,24275.95,24280.65,24275.05,24277.65,0
2026-04-29 06:08:00+00:00,24279.95,24280.65,24272.3,24279.1,0
2026-04-29 06:09:00+00:00,24281.0,24281.0,24275.7,24276.6,0
2026-04-29 06:10:00+00:00,24278.2,24286.4,24276.7,24278.15,0
2026-04-29 06:11:00+00:00,24279.35,24280.9,24274.4,24279.55,0
2026-04-29 06:12:00+00:00,24281.25,24281.25,24275.4,24275.4,0
2026-04-29 06:13:00+00:00,24277.45,24277.45,24271.0,24274.95,0
2026-04-29 06:14:00+00:00,24276.4,24278.2,24270.75,24271.85,0
2026-04-29 06:15:00+00:00,24273.3,24273.6,24263.65,24269.75,0
2026-04-29 06:16:00+00:00,24272.9,24272.9,24265.8,24265.8,0
2026-04-29 06:17:00+00:00,24268.05,24271.95,24266.15,24269.45,0
2026-04-29 06:18:00+00:00,24272.55,24275.75,24270.05,24272.0,0
2026-04-29 06:19:00+00:00,24274.1,24274.1,24266.15,24267.05,0
2026-04-29 06:20:00+00:00,24269.6,24270.4,24267.0,24268.2,0
2026-04-29 06:21:00+00:00,24269.8,24270.1,24265.9,24268.35,0
2026-04-29 06:22:00+00:00,24270.25,24270.5,24265.9,24268.5,0
2026-04-29 06:23:00+00:00,24269.8,24273.35,24267.8,24271.25,0
2026-04-29 06:24:00+00:00,24272.9,24277.85,24270.25,24271.05,0
2026-04-29 06:25:00+00:00,24272.45,24272.45,24267.25,24269.75,0
2026-04-29 06:26:00+00:00,24271.05,24273.35,24269.75,24271.9,0
2026-04-29 06:27:00+00:00,24272.9,24276.55,24271.05,24271.05,0
2026-04-29 06:28:00+00:00,24273.4,24273.7,24267.9,24271.2,0
2026-04-29 06:29:00+00:00,24274.5,24277.85,24271.95,24276.95,0
2026-04-29 06:30:00+00:00,24278.2,24278.7,24274.05,24278.45,0
2026-04-29 06:31:00+00:00,24279.55,24283.25,24277.45,24282.35,0
2026-04-29 06:32:00+00:00,24283.65,24283.65,24278.55,24279.1,0
2026-04-29 06:33:00+00:00,24280.1,24280.75,24277.45,24278.35,0
2026-04-29 06:34:00+00:00,24278.85,24280.15,24272.7,24273.05,0
2026-04-29 06:35:00+00:00,24274.45,24275.05,24268.3,24269.4,0
2026-04-29 06:36:00+00:00,24270.8,24271.4,24267.55,24268.3,0
2026-04-29 06:37:00+00:00,24269.85,24274.55,24268.2,24273.3,0
2026-04-29 06:38:00+00:00,24274.85,24279.5,24271.2,24279.05,0
2026-04-29 06:39:00+00:00,24280.3,24284.25,24276.8,24283.0,0
2026-04-29 06:40:00+00:00,24284.6,24299.35,24283.45,24299.15,0
2026-04-29 06:41:00+00:00,24300.35,24311.9,24300.35,24309.7,0
2026-04-29 06:42:00+00:00,24310.35,24310.35,24296.5,24302.1,0
2026-04-29 06:43:00+00:00,24303.4,24303.5,24291.0,24291.0,0
2026-04-29 06:44:00+00:00,24293.3,24294.65,24289.2,24293.15,0
2026-04-29 06:45:00+00:00,24295.1,24299.15,24293.2,24298.5,0
2026-04-29 06:46:00+00:00,24300.35,24302.0,24298.25,24300.75,0
2026-04-29 06:47:00+00:00,24301.15,24304.05,24300.1,24302.75,0
2026-04-29 06:48:00+00:00,24304.95,24304.95,24299.3,24300.35,0
2026-04-29 06:49:00+00:00,24301.25,24301.95,24298.55,24301.55,0
2026-04-29 06:50:00+00:00,24302.85,24302.85,24296.25,24296.25,0
2026-04-29 06:51:00+00:00,24298.8,24299.05,24295.2,24295.95,0
2026-04-29 06:52:00+00:00,24296.6,24303.05,24294.2,24301.2,0
2026-04-29 06:53:00+00:00,24302.45,24309.75,24300.3,24309.7,0
2026-04-29 06:54:00+00:00,24310.4,24311.05,24306.75,24310.45,0
2026-04-29 06:55:00+00:00,24311.45,24314.6,24308.45,24313.1,0
2026-04-29 06:56:00+00:00,24314.45,24317.1,24312.3,24313.3,0
2026-04-29 06:57:00+00:00,24314.0,24314.65,24308.95,24308.95,0
2026-04-29 06:58:00+00:00,24310.55,24310.65,24304.8,24306.4,0
2026-04-29 06:59:00+00:00,24307.8,24310.8,24306.7,24307.1,0
2026-04-29 07:00:00+00:00,24309.35,24309.35,24305.5,24307.2,0
2026-04-29 07:01:00+00:00,24309.05,24314.0,24307.65,24313.65,0
2026-04-29 07:02:00+00:00,24315.25,24321.1,24313.6,24319.6,0
2026-04-29 07:03:00+00:00,24320.6,24323.2,24318.2,24320.05,0
2026-04-29 07:04:00+00:00,24321.3,24327.3,24320.1,24324.7,0
2026-04-29 07:05:00+00:00,24325.9,24330.45,24324.8,24328.0,0
2026-04-29 07:06:00+00:00,24328.95,24328.95,24322.55,24323.15,0
2026-04-29 07:07:00+00:00,24324.25,24329.3,24323.05,24328.75,0
2026-04-29 07:08:00+00:00,24330.35,24330.8,24326.55,24329.25,0
2026-04-29 07:09:00+00:00,24330.1,24331.4,24325.95,24328.6,0
2026-04-29 07:10:00+00:00,24330.3,24331.8,24326.95,24328.15,0
2026-04-29 07:11:00+00:00,24331.0,24331.0,24326.7,24328.35,0
2026-04-29 07:12:00+00:00,24330.9,24330.9,24321.8,24322.2,0
2026-04-29 07:13:00+00:00,24324.05,24328.8,24314.55,24319.1,0
2026-04-29 07:14:00+00:00,24319.75,24322.9,24318.75,24321.6,0
2026-04-29 07:15:00+00:00,24323.15,24327.1,24321.9,24324.3,0
2026-04-29 07:16:00+00:00,24325.65,24326.1,24319.1,24320.5,0
2026-04-29 07:17:00+00:00,24321.7,24321.8,24316.65,24319.9,0
2026-04-29 07:18:00+00:00,24320.6,24322.35,24318.9,24320.45,0
2026-04-29 07:19:00+00:00,24321.6,24324.35,24320.05,24321.3,0
2026-04-29 07:20:00+00:00,24323.55,24323.75,24319.85,24321.05,0
2026-04-29 07:21:00+00:00,24322.15,24324.85,24320.45,24323.4,0
2026-04-29 07:22:00+00:00,24324.95,24326.6,24321.7,24326.0,0
2026-04-29 07:23:00+00:00,24327.7,24329.7,24322.25,24322.65,0
2026-04-29 07:24:00+00:00,24323.35,24323.35,24315.45,24321.3,0
2026-04-29 07:25:00+00:00,24322.4,24325.7,24320.0,24322.0,0
2026-04-29 07:26:00+00:00,24323.35,24323.35,24317.1,24317.35,0
2026-04-29 07:27:00+00:00,24318.6,24322.45,24317.9,24322.25,0
2026-04-29 07:28:00+00:00,24323.25,24323.75,24318.95,24319.1,0
2026-04-29 07:29:00+00:00,24319.65,24319.65,24314.6,24316.85,0
2026-04-29 07:30:00+00:00,24318.95,24321.5,24314.3,24318.3,0
2026-04-29 07:31:00+00:00,24319.85,24320.0,24316.4,24318.45,0
2026-04-29 07:32:00+00:00,24318.95,24319.15,24312.95,24317.2,0
2026-04-29 07:33:00+00:00,24318.9,24320.25,24311.5,24314.7,0
2026-04-29 07:34:00+00:00,24315.8,24320.3,24313.2,24317.4,0
2026-04-29 07:35:00+00:00,24316.55,24319.15,24314.75,24315.95,0
2026-04-29 07:36:00+00:00,24318.0,24322.05,24315.9,24317.75,0
2026-04-29 07:37:00+00:00,24319.4,24322.9,24315.15,24322.9,0
2026-04-29 07:38:00+00:00,24324.45,24334.7,24323.0,24332.7,0
2026-04-29 07:39:00+00:00,24333.6,24333.6,24318.25,24319.2,0
2026-04-29 07:40:00+00:00,24320.9,24327.95,24318.8,24327.95,0
2026-04-29 07:41:00+00:00,24329.45,24332.5,24323.6,24323.9,0
2026-04-29 07:42:00+00:00,24325.9,24325.9,24315.6,24316.0,0
2026-04-29 07:43:00+00:00,24317.6,24320.95,24313.8,24320.95,0
2026-04-29 07:44:00+00:00,24321.5,24322.8,24316.35,24318.2,0
2026-04-29 07:45:00+00:00,24319.7,24322.85,24315.45,24318.5,0
2026-04-29 07:46:00+00:00,24320.1,24321.85,24313.8,24314.35,0
2026-04-29 07:47:00+00:00,24317.15,24317.15,24311.65,24315.65,0
2026-04-29 07:48:00+00:00,24316.5,24318.7,24314.2,24318.7,0
2026-04-29 07:49:00+00:00,24319.9,24321.6,24317.9,24320.85,0
2026-04-29 07:50:00+00:00,24322.8,24325.85,24319.6,24320.25,0
2026-04-29 07:51:00+00:00,24320.7,24323.4,24312.9,24314.15,0
2026-04-29 07:52:00+00:00,24315.85,24315.95,24310.85,24312.6,0
2026-04-29 07:53:00+00:00,24314.45,24315.1,24312.05,24314.15,0
2026-04-29 07:54:00+00:00,24315.5,24315.5,24306.25,24310.2,0
2026-04-29 07:55:00+00:00,24311.5,24313.4,24309.8,24312.2,0
2026-04-29 07:56:00+00:00,24313.25,24320.45,24310.2,24316.85,0
2026-04-29 07:57:00+00:00,24316.55,24316.55,24308.55,24310.4,0
2026-04-29 07:58:00+00:00,24311.25,24312.7,24308.2,24309.65,0
2026-04-29 07:59:00+00:00,24310.65,24310.7,24304.6,24305.2,0
2026-04-29 08:00:00+00:00,24307.25,24312.95,24305.75,24311.3,0
2026-04-29 08:01:00+00:00,24313.05,24315.1,24310.55,24313.6,0
2026-04-29 08:02:00+00:00,24315.45,24317.0,24309.35,24311.1,0
2026-04-29 08:03:00+00:00,24312.7,24316.05,24310.85,24315.0,0
2026-04-29 08:04:00+00:00,24316.4,24316.4,24310.65,24313.1,0
2026-04-29 08:05:00+00:00,24314.35,24316.75,24306.95,24308.85,0
2026-04-29 08:06:00+00:00,24310.25,24310.25,24296.7,24301.65,0
2026-04-29 08:07:00+00:00,24303.1,24303.1,24296.95,24297.85,0
2026-04-29 08:08:00+00:00,24298.4,24299.1,24285.05,24287.1,0
2026-04-29 08:09:00+00:00,24289.25,24290.85,24281.95,24285.0,0
2026-04-29 08:10:00+00:00,24286.3,24286.3,24275.3,24277.1,0
2026-04-29 08:11:00+00:00,24279.7,24279.7,24273.2,24275.6,0
2026-04-29 08:12:00+00:00,24277.45,24282.1,24267.5,24277.75,0
2026-04-29 08:13:00+00:00,24279.7,24280.75,24274.15,24275.4,0
2026-04-29 08:14:00+00:00,24276.45,24280.3,24270.7,24272.55,0
2026-04-29 08:15:00+00:00,24273.65,24273.9,24266.0,24266.25,0
2026-04-29 08:16:00+00:00,24266.95,24268.85,24262.15,24267.55,0
2026-04-29 08:17:00+00:00,24268.65,24272.25,24263.2,24264.05,0
2026-04-29 08:18:00+00:00,24266.05,24266.05,24255.6,24260.55,0
2026-04-29 08:19:00+00:00,24262.0,24269.1,24259.85,24266.05,0
2026-04-29 08:20:00+00:00,24268.75,24272.3,24266.5,24271.3,0
2026-04-29 08:21:00+00:00,24272.05,24272.05,24263.15,24268.7,0
2026-04-29 08:22:00+00:00,24270.35,24278.75,24268.95,24277.2,0
2026-04-29 08:23:00+00:00,24278.55,24283.3,24276.7,24278.1,0
2026-04-29 08:24:00+00:00,24279.35,24279.35,24268.9,24269.85,0
2026-04-29 08:25:00+00:00,24271.4,24280.0,24270.05,24278.2,0
2026-04-29 08:26:00+00:00,24278.25,24279.7,24270.4,24271.5,0
2026-04-29 08:27:00+00:00,24273.7,24274.65,24261.4,24261.7,0
2026-04-29 08:28:00+00:00,24262.65,24267.6,24261.3,24267.25,0
2026-04-29 08:29:00+00:00,24268.15,24268.15,24254.95,24254.95,0
2026-04-29 08:30:00+00:00,24256.2,24257.3,24246.65,24253.15,0
2026-04-29 08:31:00+00:00,24255.05,24259.85,24253.15,24254.35,0
2026-04-29 08:32:00+00:00,24255.8,24255.8,24245.2,24246.9,0
2026-04-29 08:33:00+00:00,24247.6,24248.0,24215.15,24215.15,0
2026-04-29 08:34:00+00:00,24214.45,24214.45,24200.75,24202.45,0
2026-04-29 08:35:00+00:00,24205.5,24216.2,24200.85,24204.1,0
2026-04-29 08:36:00+00:00,24207.2,24219.25,24204.35,24219.25,0
2026-04-29 08:37:00+00:00,24220.5,24225.25,24215.4,24218.1,0
2026-04-29 08:38:00+00:00,24220.65,24221.45,24212.55,24214.1,0
2026-04-29 08:39:00+00:00,24215.9,24215.9,24205.35,24207.2,0
2026-04-29 08:40:00+00:00,24208.45,24210.9,24204.6,24207.6,0
2026-04-29 08:41:00+00:00,24209.35,24214.1,24207.75,24212.7,0
2026-04-29 08:42:00+00:00,24215.2,24215.2,24205.9,24207.5,0
2026-04-29 08:43:00+00:00,24209.25,24209.25,24197.45,24202.45,0
2026-04-29 08:44:00+00:00,24202.35,24217.35,24200.7,24214.6,0
2026-04-29 08:45:00+00:00,24215.6,24215.6,24206.1,24209.35,0
2026-04-29 08:46:00+00:00,24210.75,24212.15,24207.65,24207.65,0
2026-04-29 08:47:00+00:00,24209.3,24209.4,24197.5,24200.65,0
2026-04-29 08:48:00+00:00,24201.65,24205.6,24194.95,24195.15,0
2026-04-29 08:49:00+00:00,24197.35,24197.35,24189.3,24189.3,0
2026-04-29 08:50:00+00:00,24190.65,24194.4,24188.25,24192.55,0
2026-04-29 08:51:00+00:00,24194.0,24194.8,24184.95,24187.8,0
2026-04-29 08:52:00+00:00,24190.2,24197.15,24188.55,24191.15,0
2026-04-29 08:53:00+00:00,24192.3,24215.15,24188.2,24210.15,0
2026-04-29 08:54:00+00:00,24212.6,24217.5,24210.35,24214.45,0
2026-04-29 08:55:00+00:00,24216.35,24216.35,24200.05,24207.3,0
2026-04-29 08:56:00+00:00,24209.05,24209.6,24201.2,24201.55,0
2026-04-29 08:57:00+00:00,24203.4,24203.4,24191.8,24193.9,0
2026-04-29 08:58:00+00:00,24196.1,24198.3,24192.7,24198.2,0
2026-04-29 08:59:00+00:00,24199.0,24200.9,24185.95,24186.7,0
2026-04-29 09:00:00+00:00,24188.45,24188.45,24182.1,24187.5,0
2026-04-29 09:01:00+00:00,24189.2,24201.6,24189.2,24201.55,0
2026-04-29 09:02:00+00:00,24202.6,24211.25,24201.55,24207.25,0
2026-04-29 09:03:00+00:00,24209.6,24210.65,24202.65,24205.1,0
2026-04-29 09:04:00+00:00,24206.7,24208.4,24201.6,24207.75,0
2026-04-29 09:05:00+00:00,24209.25,24209.25,24193.55,24194.7,0
2026-04-29 09:06:00+00:00,24197.45,24205.85,24193.1,24204.05,0
2026-04-29 09:07:00+00:00,24205.4,24205.4,24195.4,24199.3,0
2026-04-29 09:08:00+00:00,24201.3,24202.1,24197.6,24201.1,0
2026-04-29 09:09:00+00:00,24202.35,24206.45,24198.6,24205.05,0
2026-04-29 09:10:00+00:00,24206.4,24212.2,24204.35,24210.4,0
2026-04-29 09:11:00+00:00,24212.35,24218.2,24209.85,24215.6,0
2026-04-29 09:12:00+00:00,24218.3,24224.0,24214.85,24223.45,0
2026-04-29 09:13:00+00:00,24225.4,24225.4,24216.35,24217.65,0
2026-04-29 09:14:00+00:00,24219.7,24229.25,24217.1,24229.15,0
2026-04-29 09:15:00+00:00,24230.7,24230.7,24221.55,24222.95,0
2026-04-29 09:16:00+00:00,24224.1,24224.1,24200.95,24202.8,0
2026-04-29 09:17:00+00:00,24204.9,24207.9,24201.15,24202.75,0
2026-04-29 09:18:00+00:00,24204.5,24209.05,24200.75,24208.35,0
2026-04-29 09:19:00+00:00,24210.05,24210.05,24202.5,24206.0,0
2026-04-29 09:20:00+00:00,24208.0,24208.0,24197.0,24200.2,0
2026-04-29 09:21:00+00:00,24202.65,24204.65,24198.95,24202.05,0
2026-04-29 09:22:00+00:00,24204.8,24211.55,24200.1,24210.15,0
2026-04-29 09:23:00+00:00,24211.4,24211.4,24204.8,24207.25,0
2026-04-29 09:24:00+00:00,24208.3,24210.25,24204.7,24206.1,0
2026-04-29 09:25:00+00:00,24208.15,24208.35,24199.9,24200.35,0
2026-04-29 09:26:00+00:00,24201.7,24204.0,24197.85,24202.25,0
2026-04-29 09:27:00+00:00,24204.1,24204.1,24197.95,24200.4,0
2026-04-29 09:28:00+00:00,24202.2,24202.2,24193.45,24194.05,0
2026-04-29 09:29:00+00:00,24195.45,24196.65,24183.9,24185.45,0
2026-04-29 09:30:00+00:00,24187.35,24199.25,24184.3,24195.25,0
2026-04-29 09:31:00+00:00,24195.5,24205.5,24192.0,24203.05,0
2026-04-29 09:32:00+00:00,24203.45,24209.8,24202.25,24205.4,0
2026-04-29 09:33:00+00:00,24205.25,24208.2,24194.5,24194.5,0
2026-04-29 09:34:00+00:00,24195.05,24195.05,24186.95,24189.5,0
2026-04-29 09:35:00+00:00,24189.7,24193.55,24187.25,24191.5,0
2026-04-29 09:36:00+00:00,24191.25,24195.95,24186.75,24194.7,0
2026-04-29 09:37:00+00:00,24194.6,24196.2,24192.2,24194.3,0
2026-04-29 09:38:00+00:00,24193.5,24198.75,24188.8,24198.75,0
2026-04-29 09:39:00+00:00,24198.4,24199.55,24190.6,24192.45,0
2026-04-29 09:40:00+00:00,24193.0,24193.0,24180.5,24182.9,0
2026-04-29 09:41:00+00:00,24183.3,24183.3,24177.15,24180.1,0
2026-04-29 09:42:00+00:00,24181.55,24181.65,24176.05,24178.7,0
2026-04-29 09:43:00+00:00,24178.55,24178.8,24172.25,24172.7,0
2026-04-29 09:44:00+00:00,24173.55,24175.45,24168.65,24170.15,0
2026-04-29 09:45:00+00:00,24170.0,24171.4,24163.9,24166.55,0
2026-04-29 09:46:00+00:00,24164.15,24165.6,24158.45,24160.55,0
2026-04-29 09:47:00+00:00,24160.35,24164.05,24158.45,24159.85,0
2026-04-29 09:48:00+00:00,24157.8,24160.6,24155.7,24158.7,0
2026-04-29 09:49:00+00:00,24157.4,24161.1,24156.8,24158.1,0
2026-04-29 09:50:00+00:00,24157.3,24159.2,24152.2,24156.1,0
2026-04-29 09:51:00+00:00,24154.7,24163.05,24154.7,24161.7,0
2026-04-29 09:52:00+00:00,24160.8,24164.45,24158.95,24162.4,0
2026-04-29 09:53:00+00:00,24160.9,24164.15,24156.05,24164.15,0
2026-04-29 09:54:00+00:00,24160.7,24162.75,24155.95,24160.8,0
2026-04-29 09:55:00+00:00,24157.65,24165.5,24155.5,24157.2,0
2026-04-29 09:56:00+00:00,24155.15,24155.15,24142.95,24147.45,0
2026-04-29 09:57:00+00:00,24149.2,24157.9,24148.95,24155.95,0
2026-04-29 09:58:00+00:00,24156.45,24161.9,24151.6,24161.15,0
2026-04-29 09:59:00+00:00,24159.7,24169.45,24157.4,24163.6,0
2026-04-30 03:45:00+00:00,23996.95,24019.15,23943.45,23976.3,0
2026-04-30 03:46:00+00:00,23980.15,23980.15,23951.2,23951.2,0
2026-04-30 03:47:00+00:00,23948.7,23967.35,23947.65,23966.25,0
2026-04-30 03:48:00+00:00,23965.6,23973.05,23958.15,23962.45,0
2026-04-30 03:49:00+00:00,23962.15,23965.3,23940.95,23945.25,0
2026-04-30 03:50:00+00:00,23945.8,23951.25,23918.05,23921.45,0
2026-04-30 03:51:00+00:00,23920.65,23922.9,23897.45,23900.8,0
2026-04-30 03:52:00+00:00,23899.1,23899.75,23882.7,23894.75,0
2026-04-30 03:53:00+00:00,23896.65,23913.95,23893.4,23893.85,0
2026-04-30 03:54:00+00:00,23895.25,23908.8,23890.45,23900.8,0
2026-04-30 03:55:00+00:00,23900.15,23904.7,23892.85,23897.3,0
2026-04-30 03:56:00+00:00,23896.95,23903.0,23891.2,23901.7,0
2026-04-30 03:57:00+00:00,23901.15,23902.0,23878.95,23887.6,0
2026-04-30 03:58:00+00:00,23886.25,23896.05,23881.85,23885.7,0
2026-04-30 03:59:00+00:00,23886.25,23886.25,23872.75,23876.95,0
2026-04-30 04:00:00+00:00,23874.1,23877.6,23864.55,23872.5,0
2026-04-30 04:01:00+00:00,23872.05,23885.15,23871.4,23883.8,0
2026-04-30 04:02:00+00:00,23884.45,23912.8,23884.45,23909.9,0
2026-04-30 04:03:00+00:00,23907.7,23910.05,23893.75,23908.6,0
2026-04-30 04:04:00+00:00,23908.2,23919.1,23900.9,23918.75,0
2026-04-30 04:05:00+00:00,23917.55,23923.8,23907.95,23912.9,0
2026-04-30 04:06:00+00:00,23912.6,23914.7,23896.25,23911.95,0
2026-04-30 04:07:00+00:00,23911.65,23913.45,23900.8,23902.5,0
2026-04-30 04:08:00+00:00,23901.95,23918.75,23899.8,23913.75,0
2026-04-30 04:09:00+00:00,23914.75,23918.55,23907.15,23908.95,0
2026-04-30 04:10:00+00:00,23908.5,23908.5,23891.6,23901.7,0
2026-04-30 04:11:00+00:00,23901.55,23919.05,23901.35,23919.05,0
2026-04-30 04:12:00+00:00,23919.3,23934.9,23917.35,23934.9,0
2026-04-30 04:13:00+00:00,23933.85,23939.6,23931.35,23935.0,0
2026-04-30 04:14:00+00:00,23933.9,23938.75,23928.7,23937.8,0
2026-04-30 04:15:00+00:00,23938.3,23945.15,23936.15,23941.0,0
2026-04-30 04:16:00+00:00,23941.05,23956.45,23939.55,23950.05,0
2026-04-30 04:17:00+00:00,23950.35,23951.25,23932.15,23932.8,0
2026-04-30 04:18:00+00:00,23932.05,23932.05,23918.3,23923.9,0
2026-04-30 04:19:00+00:00,23923.1,23923.5,23917.0,23920.55,0
2026-04-30 04:20:00+00:00,23920.25,23923.15,23907.4,23913.35,0
2026-04-30 04:21:00+00:00,23913.4,23916.9,23901.8,23915.25,0
2026-04-30 04:22:00+00:00,23916.55,23924.4,23910.95,23911.75,0
2026-04-30 04:23:00+00:00,23911.95,23921.6,23910.15,23914.15,0
2026-04-30 04:24:00+00:00,23914.25,23919.5,23904.3,23905.15,0
2026-04-30 04:25:00+00:00,23903.9,23907.7,23899.4,23902.55,0
2026-04-30 04:26:00+00:00,23902.15,23906.6,23892.2,23892.2,0
2026-04-30 04:27:00+00:00,23892.4,23893.6,23884.2,23886.8,0
2026-04-30 04:28:00+00:00,23887.5,23887.5,23879.8,23881.95,0
2026-04-30 04:29:00+00:00,23882.0,23884.2,23875.35,23880.2,0
2026-04-30 04:30:00+00:00,23880.0,23880.0,23857.5,23862.85,0
2026-04-30 04:31:00+00:00,23864.7,23864.7,23853.35,23861.4,0
2026-04-30 04:32:00+00:00,23861.0,23864.9,23857.4,23858.05,0
2026-04-30 04:33:00+00:00,23858.05,23861.2,23850.75,23858.9,0
2026-04-30 04:34:00+00:00,23857.9,23859.05,23847.6,23849.6,0
2026-04-30 04:35:00+00:00,23848.75,23860.6,23841.55,23858.4,0
2026-04-30 04:36:00+00:00,23858.55,23861.1,23853.55,23860.65,0
2026-04-30 04:37:00+00:00,23862.95,23865.65,23855.4,23856.35,0
2026-04-30 04:38:00+00:00,23856.4,23856.4,23844.8,23848.65,0
2026-04-30 04:39:00+00:00,23849.05,23849.05,23832.15,23842.15,0
2026-04-30 04:40:00+00:00,23841.45,23843.15,23834.9,23839.05,0
2026-04-30 04:41:00+00:00,23838.85,23841.2,23831.05,23834.4,0
2026-04-30 04:42:00+00:00,23834.05,23836.85,23824.1,23830.4,0
2026-04-30 04:43:00+00:00,23829.5,23834.1,23827.25,23829.85,0
2026-04-30 04:44:00+00:00,23830.4,23833.15,23824.9,23828.6,0
2026-04-30 04:45:00+00:00,23828.7,23833.65,23823.6,23831.35,0
2026-04-30 04:46:00+00:00,23830.3,23835.8,23826.3,23826.35,0
2026-04-30 04:47:00+00:00,23826.55,23826.55,23800.65,23810.05,0
2026-04-30 04:48:00+00:00,23809.2,23820.1,23807.4,23820.1,0
2026-04-30 04:49:00+00:00,23820.55,23841.8,23820.55,23838.45,0
2026-04-30 04:50:00+00:00,23837.95,23841.4,23828.1,23834.25,0
2026-04-30 04:51:00+00:00,23833.75,23845.05,23833.6,23841.9,0
2026-04-30 04:52:00+00:00,23841.9,23845.75,23829.95,23833.9,0
2026-04-30 04:53:00+00:00,23833.5,23835.9,23823.8,23824.15,0
2026-04-30 04:54:00+00:00,23824.75,23824.75,23811.6,23821.05,0
2026-04-30 04:55:00+00:00,23821.35,23826.1,23814.65,23819.7,0
2026-04-30 04:56:00+00:00,23819.6,23823.3,23815.6,23816.55,0
2026-04-30 04:57:00+00:00,23817.75,23831.2,23816.2,23831.05,0
2026-04-30 04:58:00+00:00,23830.85,23831.65,23823.75,23826.0,0
2026-04-30 04:59:00+00:00,23826.0,23830.75,23821.85,23827.6,0
2026-04-30 05:00:00+00:00,23827.1,23834.35,23824.7,23834.35,0
2026-04-30 05:01:00+00:00,23834.1,23838.95,23831.55,23836.65,0
2026-04-30 05:02:00+00:00,23836.7,23837.45,23829.3,23829.9,0
2026-04-30 05:03:00+00:00,23830.0,23838.65,23827.9,23832.85,0
2026-04-30 05:04:00+00:00,23831.75,23836.65,23821.35,23834.95,0
2026-04-30 05:05:00+00:00,23835.5,23844.75,23829.85,23843.4,0
2026-04-30 05:06:00+00:00,23841.65,23846.8,23838.0,23843.15,0
2026-04-30 05:07:00+00:00,23842.9,23846.3,23830.8,23844.4,0
2026-04-30 05:08:00+00:00,23844.75,23851.6,23843.3,23844.75,0
2026-04-30 05:09:00+00:00,23844.45,23854.9,23843.95,23851.75,0
2026-04-30 05:10:00+00:00,23851.85,23857.3,23848.1,23850.6,0
2026-04-30 05:11:00+00:00,23849.3,23852.4,23838.45,23841.95,0
2026-04-30 05:12:00+00:00,23840.85,23842.6,23833.9,23833.9,0
2026-04-30 05:13:00+00:00,23833.85,23838.75,23827.55,23837.7,0
2026-04-30 05:14:00+00:00,23836.75,23846.25,23836.0,23843.7,0
2026-04-30 05:15:00+00:00,23842.5,23844.3,23820.65,23821.75,0
2026-04-30 05:16:00+00:00,23821.75,23827.2,23817.5,23821.5,0
2026-04-30 05:17:00+00:00,23822.1,23825.6,23819.2,23820.6,0
2026-04-30 05:18:00+00:00,23821.4,23825.65,23819.8,23820.95,0
2026-04-30 05:19:00+00:00,23820.4,23823.1,23817.7,23818.6,0
2026-04-30 05:20:00+00:00,23819.1,23819.1,23810.2,23813.55,0
2026-04-30 05:21:00+00:00,23812.75,23824.7,23811.7,23823.55,0
2026-04-30 05:22:00+00:00,23823.1,23824.35,23807.8,23808.85,0
2026-04-30 05:23:00+00:00,23808.0,23817.5,23807.05,23817.35,0
2026-04-30 05:24:00+00:00,23816.4,23816.65,23807.75,23811.7,0
2026-04-30 05:25:00+00:00,23811.25,23812.45,23803.0,23804.8,0
2026-04-30 05:26:00+00:00,23804.55,23807.2,23799.8,23800.85,0
2026-04-30 05:27:00+00:00,23800.8,23814.5,23799.05,23812.2,0
2026-04-30 05:28:00+00:00,23811.75,23820.45,23811.2,23816.5,0
2026-04-30 05:29:00+00:00,23816.95,23820.2,23813.8,23815.85,0
2026-04-30 05:30:00+00:00,23816.4,23821.85,23813.5,23821.85,0
2026-04-30 05:31:00+00:00,23822.35,23824.65,23817.9,23822.75,0
2026-04-30 05:32:00+00:00,23822.55,23825.9,23821.5,23824.25,0
2026-04-30 05:33:00+00:00,23824.25,23825.0,23818.15,23818.9,0
2026-04-30 05:34:00+00:00,23818.45,23818.85,23810.3,23815.2,0
2026-04-30 05:35:00+00:00,23814.95,23821.45,23813.1,23818.7,0
2026-04-30 05:36:00+00:00,23819.25,23829.05,23819.2,23828.3,0
2026-04-30 05:37:00+00:00,23827.75,23833.1,23826.5,23826.5,0
2026-04-30 05:38:00+00:00,23826.85,23827.15,23815.35,23815.35,0
2026-04-30 05:39:00+00:00,23815.9,23826.2,23810.15,23826.2,0
2026-04-30 05:40:00+00:00,23826.2,23827.75,23819.15,23821.15,0
2026-04-30 05:41:00+00:00,23820.8,23820.8,23814.5,23815.45,0
2026-04-30 05:42:00+00:00,23814.45,23815.05,23810.6,23813.1,0
2026-04-30 05:43:00+00:00,23812.2,23813.85,23805.35,23808.4,0
2026-04-30 05:44:00+00:00,23808.3,23808.3,23798.5,23799.9,0
2026-04-30 05:45:00+00:00,23800.9,23805.1,23796.85,23804.6,0
2026-04-30 05:46:00+00:00,23805.0,23815.8,23805.0,23815.8,0
2026-04-30 05:47:00+00:00,23815.9,23819.85,23810.6,23811.5,0
2026-04-30 05:48:00+00:00,23810.55,23815.1,23807.3,23810.75,0
2026-04-30 05:49:00+00:00,23810.45,23812.1,23808.65,23808.65,0
2026-04-30 05:50:00+00:00,23807.2,23810.1,23800.1,23800.9,0
2026-04-30 05:51:00+00:00,23800.55,23810.15,23800.15,23807.6,0
2026-04-30 05:52:00+00:00,23807.15,23807.4,23803.8,23805.0,0
2026-04-30 05:53:00+00:00,23804.65,23811.75,23802.35,23804.1,0
2026-04-30 05:54:00+00:00,23803.35,23809.2,23802.05,23807.7,0
2026-04-30 05:55:00+00:00,23807.7,23814.3,23806.4,23812.75,0
2026-04-30 05:56:00+00:00,23812.7,23817.95,23812.6,23817.75,0
2026-04-30 05:57:00+00:00,23817.9,23820.85,23814.1,23819.45,0
2026-04-30 05:58:00+00:00,23819.1,23819.1,23812.9,23816.4,0
2026-04-30 05:59:00+00:00,23816.1,23835.15,23815.7,23831.65,0
2026-04-30 06:00:00+00:00,23831.1,23834.1,23827.35,23827.75,0
2026-04-30 06:01:00+00:00,23827.65,23832.5,23826.1,23831.2,0
2026-04-30 06:02:00+00:00,23830.8,23833.35,23821.7,23823.1,0
2026-04-30 06:03:00+00:00,23822.6,23837.85,23821.75,23836.5,0
2026-04-30 06:04:00+00:00,23836.25,23839.8,23832.4,23838.05,0
2026-04-30 06:05:00+00:00,23838.45,23847.6,23837.8,23847.45,0
2026-04-30 06:06:00+00:00,23846.95,23853.15,23846.95,23851.6,0
2026-04-30 06:07:00+00:00,23851.0,23852.75,23844.75,23844.75,0
2026-04-30 06:08:00+00:00,23843.45,23843.7,23833.5,23834.1,0
2026-04-30 06:09:00+00:00,23833.4,23847.0,23832.85,23846.4,0
2026-04-30 06:10:00+00:00,23846.5,23846.85,23835.7,23838.4,0
2026-04-30 06:11:00+00:00,23838.3,23842.55,23836.45,23841.65,0
2026-04-30 06:12:00+00:00,23840.75,23844.9,23834.55,23844.0,0
2026-04-30 06:13:00+00:00,23843.2,23849.25,23837.2,23837.2,0
2026-04-30 06:14:00+00:00,23838.4,23846.4,23835.4,23835.65,0
2026-04-30 06:15:00+00:00,23835.05,23837.45,23833.3,23835.15,0
2026-04-30 06:16:00+00:00,23834.3,23844.05,23834.3,23841.65,0
2026-04-30 06:17:00+00:00,23842.0,23842.1,23837.55,23840.7,0
2026-04-30 06:18:00+00:00,23838.75,23842.45,23835.9,23840.75,0
2026-04-30 06:19:00+00:00,23840.4,23848.55,23838.7,23846.8,0
2026-04-30 06:20:00+00:00,23846.0,23848.95,23841.75,23843.0,0
2026-04-30 06:21:00+00:00,23843.1,23845.7,23836.6,23840.5,0
2026-04-30 06:22:00+00:00,23840.95,23843.2,23827.25,23827.25,0
2026-04-30 06:23:00+00:00,23827.1,23832.95,23826.3,23831.9,0
2026-04-30 06:24:00+00:00,23830.95,23836.1,23826.55,23834.45,0
2026-04-30 06:25:00+00:00,23834.6,23837.8,23831.4,23836.2,0
2026-04-30 06:26:00+00:00,23836.4,23846.4,23836.3,23837.0,0
2026-04-30 06:27:00+00:00,23837.0,23841.3,23831.9,23839.2,0
2026-04-30 06:28:00+00:00,23839.2,23844.1,23835.9,23842.65,0
2026-04-30 06:29:00+00:00,23842.15,23848.7,23841.3,23842.55,0
2026-04-30 06:30:00+00:00,23842.45,23846.65,23837.55,23837.55,0
2026-04-30 06:31:00+00:00,23837.95,23840.8,23830.85,23830.85,0
2026-04-30 06:32:00+00:00,23830.35,23840.45,23830.35,23836.9,0
2026-04-30 06:33:00+00:00,23837.15,23842.3,23835.7,23841.1,0
2026-04-30 06:34:00+00:00,23840.8,23848.1,23837.7,23843.5,0
2026-04-30 06:35:00+00:00,23842.45,23848.55,23841.2,23846.0,0
2026-04-30 06:36:00+00:00,23845.5,23860.05,23844.5,23858.95,0
2026-04-30 06:37:00+00:00,23858.0,23861.85,23856.3,23856.65,0
2026-04-30 06:38:00+00:00,23856.7,23856.7,23848.0,23852.0,0
2026-04-30 06:39:00+00:00,23852.3,23877.95,23851.85,23868.3,0
2026-04-30 06:40:00+00:00,23868.45,23874.25,23863.55,23870.4,0
2026-04-30 06:41:00+00:00,23871.75,23873.8,23868.1,23869.85,0
2026-04-30 06:42:00+00:00,23868.65,23872.7,23862.1,23862.1,0
2026-04-30 06:43:00+00:00,23863.35,23878.2,23861.45,23874.8,0
2026-04-30 06:44:00+00:00,23874.6,23899.75,23873.05,23899.75,0
2026-04-30 06:45:00+00:00,23899.05,23905.75,23887.5,23895.0,0
2026-04-30 06:46:00+00:00,23894.95,23896.45,23888.75,23894.65,0
2026-04-30 06:47:00+00:00,23893.4,23894.6,23888.3,23889.0,0
2026-04-30 06:48:00+00:00,23889.05,23892.9,23888.05,23892.75,0
2026-04-30 06:49:00+00:00,23892.0,23894.7,23882.15,23882.15,0
2026-04-30 06:50:00+00:00,23881.05,23883.05,23877.65,23880.2,0
2026-04-30 06:51:00+00:00,23879.8,23898.95,23873.3,23897.0,0
2026-04-30 06:52:00+00:00,23896.95,23903.1,23892.25,23898.75,0
2026-04-30 06:53:00+00:00,23898.85,23910.65,23898.1,23900.2,0
2026-04-30 06:54:00+00:00,23899.8,23914.5,23898.55,23911.6,0
2026-04-30 06:55:00+00:00,23910.8,23914.7,23908.8,23914.2,0
2026-04-30 06:56:00+00:00,23913.8,23919.6,23903.8,23904.05,0
2026-04-30 06:57:00+00:00,23904.4,23911.75,23904.2,23908.25,0
2026-04-30 06:58:00+00:00,23908.15,23911.2,23904.1,23905.85,0
2026-04-30 06:59:00+00:00,23904.5,23912.95,23902.0,23911.45,0
2026-04-30 07:00:00+00:00,23912.0,23918.2,23910.4,23912.15,0
2026-04-30 07:01:00+00:00,23912.25,23913.65,23902.4,23905.65,0
2026-04-30 07:02:00+00:00,23904.45,23905.9,23894.0,23899.8,0
2026-04-30 07:03:00+00:00,23899.3,23911.35,23898.75,23909.05,0
2026-04-30 07:04:00+00:00,23908.55,23916.85,23905.55,23915.05,0
2026-04-30 07:05:00+00:00,23914.6,23918.35,23905.95,23906.25,0
2026-04-30 07:06:00+00:00,23905.5,23909.55,23900.9,23903.7,0
2026-04-30 07:07:00+00:00,23903.2,23904.0,23892.25,23894.9,0
2026-04-30 07:08:00+00:00,23893.55,23903.65,23893.55,23903.2,0
2026-04-30 07:09:00+00:00,23903.25,23906.75,23901.65,23904.95,0
2026-04-30 07:10:00+00:00,23903.65,23908.1,23901.35,23901.8,0
2026-04-30 07:11:00+00:00,23901.25,23911.05,23901.25,23905.8,0
2026-04-30 07:12:00+00:00,23903.65,23916.35,23901.6,23913.1,0
2026-04-30 07:13:00+00:00,23912.75,23912.85,23907.05,23908.65,0
2026-04-30 07:14:00+00:00,23907.85,23913.35,23905.8,23912.95,0
2026-04-30 07:15:00+00:00,23912.65,23916.7,23912.55,23913.55,0
2026-04-30 07:16:00+00:00,23913.55,23929.05,23912.6,23929.05,0
2026-04-30 07:17:00+00:00,23929.5,23934.15,23918.5,23921.75,0
2026-04-30 07:18:00+00:00,23919.85,23924.6,23919.1,23921.35,0
2026-04-30 07:19:00+00:00,23921.1,23928.9,23920.2,23926.8,0
2026-04-30 07:20:00+00:00,23925.85,23928.75,23924.35,23927.45,0
2026-04-30 07:21:00+00:00,23926.2,23926.9,23920.6,23921.9,0
2026-04-30 07:22:00+00:00,23921.0,23926.1,23919.75,23922.65,0
2026-04-30 07:23:00+00:00,23921.2,23923.1,23917.15,23921.95,0
2026-04-30 07:24:00+00:00,23922.3,23932.1,23922.3,23932.1,0
2026-04-30 07:25:00+00:00,23931.05,23935.4,23926.95,23927.95,0
2026-04-30 07:26:00+00:00,23927.65,23930.85,23926.65,23929.05,0
2026-04-30 07:27:00+00:00,23928.05,23943.45,23928.05,23939.95,0
2026-04-30 07:28:00+00:00,23938.9,23941.0,23933.85,23934.4,0
2026-04-30 07:29:00+00:00,23934.4,23939.15,23933.8,23936.85,0
2026-04-30 07:30:00+00:00,23935.75,23942.35,23935.4,23939.85,0
2026-04-30 07:31:00+00:00,23939.85,23943.6,23936.75,23939.45,0
2026-04-30 07:32:00+00:00,23938.5,23939.3,23928.5,23930.2,0
2026-04-30 07:33:00+00:00,23929.6,23932.05,23926.15,23931.5,0
2026-04-30 07:34:00+00:00,23930.5,23932.35,23927.55,23927.75,0
2026-04-30 07:35:00+00:00,23926.65,23928.2,23912.55,23913.0,0
2026-04-30 07:36:00+00:00,23911.15,23924.95,23908.05,23918.55,0
2026-04-30 07:37:00+00:00,23919.0,23922.2,23914.8,23922.0,0
2026-04-30 07:38:00+00:00,23921.0,23937.8,23921.0,23936.6,0
2026-04-30 07:39:00+00:00,23936.3,23941.35,23935.9,23940.45,0
2026-04-30 07:40:00+00:00,23940.3,23941.7,23933.85,23937.45,0
2026-04-30 07:41:00+00:00,23936.65,23953.5,23934.85,23948.25,0
2026-04-30 07:42:00+00:00,23947.55,23952.2,23944.95,23951.3,0
2026-04-30 07:43:00+00:00,23951.75,23954.8,23949.2,23949.9,0
2026-04-30 07:44:00+00:00,23950.75,23956.3,23948.95,23950.15,0
2026-04-30 07:45:00+00:00,23948.85,23953.7,23947.3,23951.15,0
2026-04-30 07:46:00+00:00,23951.1,23952.95,23941.9,23943.55,0
2026-04-30 07:47:00+00:00,23941.65,23946.0,23940.45,23942.05,0
2026-04-30 07:48:00+00:00,23941.25,23947.55,23941.15,23946.8,0
2026-04-30 07:49:00+00:00,23945.9,23947.15,23938.35,23940.1,0
2026-04-30 07:50:00+00:00,23938.95,23950.65,23938.75,23950.6,0
2026-04-30 07:51:00+00:00,23951.6,23962.55,23951.6,23961.35,0
2026-04-30 07:52:00+00:00,23960.3,23963.55,23957.8,23958.65,0
2026-04-30 07:53:00+00:00,23957.65,23972.25,23955.95,23969.65,0
2026-04-30 07:54:00+00:00,23970.35,23978.15,23967.15,23968.0,0
2026-04-30 07:55:00+00:00,23967.5,23968.95,23955.45,23961.0,0
2026-04-30 07:56:00+00:00,23960.85,23973.55,23959.9,23971.7,0
2026-04-30 07:57:00+00:00,23971.65,23982.45,23971.65,23974.5,0
2026-04-30 07:58:00+00:00,23973.35,23980.95,23970.15,23970.15,0
2026-04-30 07:59:00+00:00,23970.75,23974.9,23966.35,23971.15,0
2026-04-30 08:00:00+00:00,23970.55,23975.75,23969.6,23973.05,0
2026-04-30 08:01:00+00:00,23972.85,23974.8,23966.7,23966.95,0
2026-04-30 08:02:00+00:00,23967.15,23968.35,23962.6,23965.55,0
2026-04-30 08:03:00+00:00,23964.55,23977.75,23964.1,23977.75,0
2026-04-30 08:04:00+00:00,23976.75,23981.75,23973.85,23973.85,0
2026-04-30 08:05:00+00:00,23975.4,23993.4,23974.05,23990.15,0
2026-04-30 08:06:00+00:00,23990.45,23996.5,23990.15,23996.15,0
2026-04-30 08:07:00+00:00,23996.4,23998.45,23988.1,23990.45,0
2026-04-30 08:08:00+00:00,23992.05,23993.2,23980.8,23988.6,0
2026-04-30 08:09:00+00:00,23988.95,23990.5,23977.6,23977.8,0
2026-04-30 08:10:00+00:00,23977.8,23992.65,23977.05,23989.7,0
2026-04-30 08:11:00+00:00,23993.95,24010.7,23993.6,24008.8,0
2026-04-30 08:12:00+00:00,24008.65,24013.3,24007.35,24010.85,0
2026-04-30 08:13:00+00:00,24009.55,24023.45,24009.05,24019.3,0
2026-04-30 08:14:00+00:00,24017.8,24031.7,24016.25,24029.8,0
2026-04-30 08:15:00+00:00,24029.05,24044.45,24025.8,24027.3,0
2026-04-30 08:16:00+00:00,24027.05,24035.75,24026.1,24028.9,0
2026-04-30 08:17:00+00:00,24028.55,24036.85,24027.9,24033.4,0
2026-04-30 08:18:00+00:00,24032.4,24035.25,24022.85,24033.3,0
2026-04-30 08:19:00+00:00,24032.6,24039.2,24032.45,24039.2,0
2026-04-30 08:20:00+00:00,24039.1,24040.6,24030.45,24031.25,0
2026-04-30 08:21:00+00:00,24030.25,24031.75,24017.9,24018.9,0
2026-04-30 08:22:00+00:00,24017.95,24028.5,24014.9,24020.95,0
2026-04-30 08:23:00+00:00,24019.55,24024.45,24013.45,24013.45,0
2026-04-30 08:24:00+00:00,24011.6,24033.95,24011.6,24033.95,0
2026-04-30 08:25:00+00:00,24033.6,24050.55,24033.6,24042.25,0
2026-04-30 08:26:00+00:00,24041.1,24047.7,24040.35,24047.05,0
2026-04-30 08:27:00+00:00,24046.25,24048.2,24040.55,24041.2,0
2026-04-30 08:28:00+00:00,24040.6,24061.1,24040.2,24059.15,0
2026-04-30 08:29:00+00:00,24058.45,24059.75,24053.5,24055.05,0
2026-04-30 08:30:00+00:00,24054.9,24057.6,24042.6,24046.3,0
2026-04-30 08:31:00+00:00,24045.1,24050.5,24037.55,24037.7,0
2026-04-30 08:32:00+00:00,24037.65,24044.3,24036.5,24043.1,0
2026-04-30 08:33:00+00:00,24042.15,24050.5,24041.05,24049.2,0
2026-04-30 08:34:00+00:00,24049.6,24049.65,24036.0,24038.2,0
2026-04-30 08:35:00+00:00,24037.85,24039.9,24024.4,24024.95,0
2026-04-30 08:36:00+00:00,24023.7,24026.2,24015.5,24024.75,0
2026-04-30 08:37:00+00:00,24023.8,24026.7,24019.7,24021.85,0
2026-04-30 08:38:00+00:00,24020.35,24023.55,24016.8,24022.6,0
2026-04-30 08:39:00+00:00,24022.4,24044.9,24018.55,24043.9,0
2026-04-30 08:40:00+00:00,24042.7,24047.7,24036.1,24040.75,0
2026-04-30 08:41:00+00:00,24039.45,24040.0,24026.75,24036.55,0
2026-04-30 08:42:00+00:00,24035.5,24039.0,24028.3,24033.15,0
2026-04-30 08:43:00+00:00,24033.3,24041.4,24023.55,24024.5,0
2026-04-30 08:44:00+00:00,24024.75,24026.8,24019.85,24022.85,0
2026-04-30 08:45:00+00:00,24021.5,24028.5,24021.5,24026.2,0
2026-04-30 08:46:00+00:00,24026.1,24032.8,24023.5,24028.2,0
2026-04-30 08:47:00+00:00,24028.05,24029.8,24013.25,24015.15,0
2026-04-30 08:48:00+00:00,24015.65,24015.65,23999.55,24005.8,0
2026-04-30 08:49:00+00:00,24004.9,24007.75,23995.3,23997.0,0
2026-04-30 08:50:00+00:00,23996.2,24006.0,23995.65,24004.3,0
2026-04-30 08:51:00+00:00,24003.5,24007.75,23990.55,23993.5,0
2026-04-30 08:52:00+00:00,23993.5,23994.75,23989.3,23993.45,0
2026-04-30 08:53:00+00:00,23992.3,24017.45,23991.05,24015.35,0
2026-04-30 08:54:00+00:00,24014.2,24018.85,24011.4,24011.9,0
2026-04-30 08:55:00+00:00,24011.85,24016.35,24005.6,24006.15,0
2026-04-30 08:56:00+00:00,24005.65,24009.45,24000.85,24005.25,0
2026-04-30 08:57:00+00:00,24005.4,24010.1,23988.0,23994.5,0
2026-04-30 08:58:00+00:00,23993.3,23998.2,23984.45,23998.2,0
2026-04-30 08:59:00+00:00,23999.05,24009.3,23991.0,24007.15,0
2026-04-30 09:00:00+00:00,24006.15,24012.1,24005.4,24006.2,0
2026-04-30 09:01:00+00:00,24005.45,24024.95,24004.8,24024.55,0
2026-04-30 09:02:00+00:00,24024.15,24025.85,24015.45,24016.2,0
2026-04-30 09:03:00+00:00,24014.85,24027.4,24009.3,24027.4,0
2026-04-30 09:04:00+00:00,24026.7,24035.9,24026.4,24034.6,0
2026-04-30 09:05:00+00:00,24034.25,24042.65,24034.1,24037.5,0
2026-04-30 09:06:00+00:00,24036.85,24048.3,24031.2,24047.25,0
2026-04-30 09:07:00+00:00,24046.1,24051.75,24042.2,24046.2,0
2026-04-30 09:08:00+00:00,24045.25,24050.35,24038.35,24048.65,0
2026-04-30 09:09:00+00:00,24048.05,24063.4,24045.6,24062.25,0
2026-04-30 09:10:00+00:00,24062.75,24064.75,24055.55,24061.5,0
2026-04-30 09:11:00+00:00,24061.25,24063.15,24054.35,24055.95,0
2026-04-30 09:12:00+00:00,24055.95,24075.6,24055.95,24075.6,0
2026-04-30 09:13:00+00:00,24076.8,24087.45,24076.8,24081.05,0
2026-04-30 09:14:00+00:00,24081.85,24086.1,24071.8,24075.1,0
2026-04-30 09:15:00+00:00,24074.75,24081.25,24064.75,24070.0,0
2026-04-30 09:16:00+00:00,24070.8,24071.95,24060.75,24063.1,0
2026-04-30 09:17:00+00:00,24062.5,24065.3,24050.7,24052.4,0
2026-04-30 09:18:00+00:00,24052.0,24057.05,24042.7,24055.35,0
2026-04-30 09:19:00+00:00,24056.75,24058.2,24036.75,24036.75,0
2026-04-30 09:20:00+00:00,24037.3,24040.1,24017.4,24017.55,0
2026-04-30 09:21:00+00:00,24016.9,24027.9,24013.0,24027.9,0
2026-04-30 09:22:00+00:00,24028.0,24032.0,24019.85,24025.05,0
2026-04-30 09:23:00+00:00,24025.35,24033.2,24019.85,24032.05,0
2026-04-30 09:24:00+00:00,24031.9,24034.2,24022.85,24024.8,0
2026-04-30 09:25:00+00:00,24024.6,24029.65,24021.8,24025.35,0
2026-04-30 09:26:00+00:00,24024.95,24034.1,24023.8,24030.2,0
2026-04-30 09:27:00+00:00,24030.65,24034.9,24025.55,24032.8,0
2026-04-30 09:28:00+00:00,24032.0,24039.0,24029.6,24036.65,0
2026-04-30 09:29:00+00:00,24039.0,24054.6,24038.5,24050.2,0
2026-04-30 09:30:00+00:00,24051.95,24051.95,24017.6,24032.95,0
2026-04-30 09:31:00+00:00,24034.0,24034.0,24003.8,24003.8,0
2026-04-30 09:32:00+00:00,24005.0,24009.35,23998.2,24005.65,0
2026-04-30 09:33:00+00:00,24006.55,24019.85,23996.45,24016.3,0
2026-04-30 09:34:00+00:00,24016.65,24017.2,23999.25,24001.65,0
2026-04-30 09:35:00+00:00,24001.9,24001.9,23986.15,23992.4,0
2026-04-30 09:36:00+00:00,23992.65,24003.2,23984.45,24000.7,0
2026-04-30 09:37:00+00:00,24002.1,24002.1,23979.6,23980.95,0
2026-04-30 09:38:00+00:00,23982.6,23982.6,23970.0,23975.15,0
2026-04-30 09:39:00+00:00,23975.95,23975.95,23966.15,23970.95,0
2026-04-30 09:40:00+00:00,23973.1,23973.15,23967.85,23971.45,0
2026-04-30 09:41:00+00:00,23972.2,23972.2,23962.95,23963.55,0
2026-04-30 09:42:00+00:00,23963.8,23975.65,23963.05,23973.95,0
2026-04-30 09:43:00+00:00,23975.25,23981.8,23971.6,23980.65,0
2026-04-30 09:44:00+00:00,23981.2,23991.3,23977.25,23991.3,0
2026-04-30 09:45:00+00:00,23992.1,23992.1,23985.85,23991.35,0
2026-04-30 09:46:00+00:00,23992.65,23992.85,23984.65,23988.05,0
2026-04-30 09:47:00+00:00,23990.6,24008.2,23987.8,24005.7,0
2026-04-30 09:48:00+00:00,24009.2,24009.2,23999.15,24004.2,0
2026-04-30 09:49:00+00:00,24004.3,24005.3,24001.7,24004.1,0
2026-04-30 09:50:00+00:00,24004.1,24004.1,23999.35,24002.45,0
2026-04-30 09:51:00+00:00,24002.3,24002.65,23999.3,24000.95,0
2026-04-30 09:52:00+00:00,24001.95,24001.95,23986.6,23988.3,0
2026-04-30 09:53:00+00:00,23990.55,24006.4,23987.45,24006.4,0
2026-04-30 09:54:00+00:00,24007.55,24010.05,24003.05,24010.0,0
2026-04-30 09:55:00+00:00,24011.15,24012.75,24005.15,24012.75,0
2026-04-30 09:56:00+00:00,24013.1,24022.7,24009.75,24022.1,0
2026-04-30 09:57:00+00:00,24022.3,24031.8,24018.15,24027.55,0
2026-04-30 09:58:00+00:00,24025.5,24042.8,24024.45,24041.1,0
2026-04-30 09:59:00+00:00,24042.3,24051.8,24035.45,24043.7,0
