datetime,open,high,low,close,volume
2026-07-31 03:45:00+00:00,24361.45,24381.25,24326.55,24361.65,0
2026-07-31 03:46:00+00:00,24362.3,24364.95,24341.2,24355.3,0
2026-07-31 03:47:00+00:00,24354.6,24361.65,24347.2,24359.4,0
2026-07-31 03:48:00+00:00,24358.85,24362.6,24345.25,24349.0,0
2026-07-31 03:49:00+00:00,24349.15,24356.65,24347.75,24350.5,0
2026-07-31 03:50:00+00:00,24350.3,24355.25,24345.6,24347.35,0
2026-07-31 03:51:00+00:00,24347.2,24349.8,24341.05,24348.1,0
2026-07-31 03:52:00+00:00,24348.15,24361.05,24348.15,24360.9,0
2026-07-31 03:53:00+00:00,24360.5,24365.25,24355.85,24357.45,0
2026-07-31 03:54:00+00:00,24358.55,24361.05,24352.1,24353.15,0
2026-07-31 03:55:00+00:00,24353.6,24355.3,24345.3,24347.4,0
2026-07-31 03:56:00+00:00,24347.35,24351.1,24344.8,24349.95,0
2026-07-31 03:57:00+00:00,24350.0,24352.4,24347.15,24349.3,0
2026-07-31 03:58:00+00:00,24349.1,24351.2,24342.3,24343.3,0
2026-07-31 03:59:00+00:00,24343.65,24347.65,24341.2,24345.75,0
2026-07-31 04:00:00+00:00,24344.75,24347.7,24331.55,24331.75,0
2026-07-31 04:01:00+00:00,24331.2,24340.25,24326.75,24329.65,0
2026-07-31 04:02:00+00:00,24329.0,24330.3,24318.85,24321.95,0
2026-07-31 04:03:00+00:00,24321.8,24322.7,24314.8,24317.75,0
2026-07-31 04:04:00+00:00,24319.05,24320.0,24308.2,24312.25,0
2026-07-31 04:05:00+00:00,24312.05,24315.8,24304.6,24305.9,0
2026-07-31 04:06:00+00:00,24305.5,24312.5,24301.95,24308.05,0
2026-07-31 04:07:00+00:00,24307.95,24308.75,24299.7,24303.35,0
2026-07-31 04:08:00+00:00,24302.7,24305.6,24299.85,24303.75,0
2026-07-31 04:09:00+00:00,24303.65,24312.7,24303.65,24310.0,0
2026-07-31 04:10:00+00:00,24310.3,24316.7,24309.1,24315.65,0
2026-07-31 04:11:00+00:00,24316.3,24328.25,24316.3,24326.15,0
2026-07-31 04:12:00+00:00,24326.2,24332.75,24325.75,24331.75,0
2026-07-31 04:13:00+00:00,24331.95,24348.4,24330.75,24345.45,0
2026-07-31 04:14:00+00:00,24346.65,24352.9,24342.55,24349.3,0
2026-07-31 04:15:00+00:00,24348.9,24351.65,24341.65,24343.3,0
2026-07-31 04:16:00+00:00,24343.25,24348.55,24335.75,24346.6,0
2026-07-31 04:17:00+00:00,24347.3,24354.7,24344.35,24353.7,0
2026-07-31 04:18:00+00:00,24353.6,24359.7,24352.7,24356.95,0
2026-07-31 04:19:00+00:00,24357.8,24360.65,24350.7,24358.65,0
2026-07-31 04:20:00+00:00,24358.7,24361.45,24350.75,24352.5,0
2026-07-31 04:21:00+00:00,24352.65,24352.95,24341.8,24342.9,0
2026-07-31 04:22:00+00:00,24342.95,24347.05,24338.35,24346.45,0
2026-07-31 04:23:00+00:00,24346.3,24351.3,24346.3,24349.05,0
2026-07-31 04:24:00+00:00,24349.05,24357.2,24347.45,24354.8,0
2026-07-31 04:25:00+00:00,24354.2,24355.4,24350.4,24354.1,0
2026-07-31 04:26:00+00:00,24354.4,24358.25,24352.65,24357.55,0
2026-07-31 04:27:00+00:00,24358.1,24362.95,24357.35,24360.7,0
2026-07-31 04:28:00+00:00,24360.6,24362.5,24356.25,24357.45,0
2026-07-31 04:29:00+00:00,24357.3,24360.65,24353.85,24357.55,0
2026-07-31 04:30:00+00:00,24357.6,24359.65,24351.75,24351.9,0
2026-07-31 04:31:00+00:00,24351.9,24356.55,24351.5,24355.3,0
2026-07-31 04:32:00+00:00,24355.05,24358.7,24354.55,24354.55,0
2026-07-31 04:33:00+00:00,24354.7,24356.45,24350.45,24351.1,0
2026-07-31 04:34:00+00:00,24351.4,24353.3,24347.75,24351.0,0
2026-07-31 04:35:00+00:00,24350.6,24352.0,24343.5,24345.2,0
2026-07-31 04:36:00+00:00,24345.6,24345.95,24342.8,24344.65,0
2026-07-31 04:37:00+00:00,24344.45,24347.5,24336.55,24337.35,0
2026-07-31 04:38:00+00:00,24336.7,24340.15,24333.65,24339.35,0
2026-07-31 04:39:00+00:00,24339.5,24342.7,24339.0,24341.6,0
2026-07-31 04:40:00+00:00,24341.3,24343.3,24339.75,24343.3,0
2026-07-31 04:41:00+00:00,24342.8,24348.2,24342.2,24346.25,0
2026-07-31 04:42:00+00:00,24346.45,24352.7,24345.6,24349.8,0
2026-07-31 04:43:00+00:00,24349.75,24351.15,24344.25,24347.05,0
2026-07-31 04:44:00+00:00,24346.15,24349.95,24344.65,24346.05,0
2026-07-31 04:45:00+00:00,24346.2,24346.95,24336.5,24337.6,0
2026-07-31 04:46:00+00:00,24337.6,24338.65,24332.9,24337.1,0
2026-07-31 04:47:00+00:00,24336.85,24343.3,24334.5,24343.0,0
2026-07-31 04:48:00+00:00,24342.85,24345.9,24339.85,24342.05,0
2026-07-31 04:49:00+00:00,24342.15,24348.65,24340.85,24347.75,0
2026-07-31 04:50:00+00:00,24347.4,24350.4,24345.6,24350.0,0
2026-07-31 04:51:00+00:00,24349.75,24353.55,24348.95,24351.9,0
2026-07-31 04:52:00+00:00,24351.4,24353.15,24346.85,24348.0,0
2026-07-31 04:53:00+00:00,24348.0,24353.35,24345.8,24352.35,0
2026-07-31 04:54:00+00:00,24351.75,24355.45,24351.75,24353.85,0
2026-07-31 04:55:00+00:00,24353.5,24354.75,24351.25,24351.75,0
2026-07-31 04:56:00+00:00,24351.75,24353.25,24346.3,24347.85,0
2026-07-31 04:57:00+00:00,24347.65,24350.8,24346.55,24350.15,0
2026-07-31 04:58:00+00:00,24350.3,24355.0,24349.75,24353.9,0
2026-07-31 04:59:00+00:00,24352.9,24355.35,24351.55,24352.1,0
2026-07-31 05:00:00+00:00,24350.8,24354.9,24349.5,24350.45,0
2026-07-31 05:01:00+00:00,24349.75,24352.75,24347.35,24347.45,0
2026-07-31 05:02:00+00:00,24347.35,24348.55,24339.05,24339.3,0
2026-07-31 05:03:00+00:00,24339.5,24343.6,24337.15,24341.6,0
2026-07-31 05:04:00+00:00,24341.3,24342.7,24339.05,24341.0,0
2026-07-31 05:05:00+00:00,24340.45,24343.35,24336.15,24342.8,0
2026-07-31 05:06:00+00:00,24342.4,24349.35,24340.5,24349.35,0
2026-07-31 05:07:00+00:00,24349.05,24352.8,24348.65,24351.5,0
2026-07-31 05:08:00+00:00,24351.0,24359.55,24350.75,24356.6,0
2026-07-31 05:09:00+00:00,24356.4,24361.05,24356.15,24357.7,0
2026-07-31 05:10:00+00:00,24357.4,24359.9,24354.35,24354.6,0
2026-07-31 05:11:00+00:00,24354.4,24356.9,24352.0,24353.85,0
2026-07-31 05:12:00+00:00,24353.8,24355.6,24351.7,24354.75,0
2026-07-31 05:13:00+00:00,24354.65,24356.1,24352.3,24354.4,0
2026-07-31 05:14:00+00:00,24354.15,24355.6,24350.6,24353.55,0
2026-07-31 05:15:00+00:00,24353.0,24357.2,24352.05,24357.2,0
2026-07-31 05:16:00+00:00,24356.7,24358.0,24354.65,24356.55,0
2026-07-31 05:17:00+00:00,24356.55,24359.7,24356.45,24357.0,0
2026-07-31 05:18:00+00:00,24357.1,24361.1,24357.1,24361.05,0
2026-07-31 05:19:00+00:00,24361.45,24362.35,24355.15,24356.75,0
2026-07-31 05:20:00+00:00,24355.75,24357.4,24348.05,24348.05,0
2026-07-31 05:21:00+00:00,24347.95,24350.75,24346.65,24349.35,0
2026-07-31 05:22:00+00:00,24349.2,24350.6,24345.3,24348.65,0
2026-07-31 05:23:00+00:00,24348.2,24350.25,24347.15,24348.3,0
2026-07-31 05:24:00+00:00,24347.65,24353.05,24347.65,24351.6,0
2026-07-31 05:25:00+00:00,24352.65,24354.0,24350.85,24352.25,0
2026-07-31 05:26:00+00:00,24352.5,24353.3,24348.4,24350.1,0
2026-07-31 05:27:00+00:00,24349.85,24352.95,24349.15,24351.4,0
2026-07-31 05:28:00+00:00,24351.75,24355.45,24351.2,24353.6,0
2026-07-31 05:29:00+00:00,24353.05,24356.65,24352.5,24354.2,0
2026-07-31 05:30:00+00:00,24354.1,24355.55,24352.35,24352.85,0
2026-07-31 05:31:00+00:00,24352.2,24354.35,24346.8,24349.75,0
2026-07-31 05:32:00+00:00,24349.35,24352.2,24347.05,24351.85,0
2026-07-31 05:33:00+00:00,24351.3,24353.7,24350.25,24351.0,0
2026-07-31 05:34:00+00:00,24350.8,24357.3,24350.8,24354.65,0
2026-07-31 05:35:00+00:00,24354.35,24355.5,24352.1,24354.5,0
2026-07-31 05:36:00+00:00,24353.85,24355.2,24346.1,24347.15,0
2026-07-31 05:37:00+00:00,24346.95,24349.15,24344.05,24346.9,0
2026-07-31 05:38:00+00:00,24346.8,24348.25,24341.05,24343.7,0
2026-07-31 05:39:00+00:00,24343.7,24344.7,24335.95,24337.7,0
2026-07-31 05:40:00+00:00,24337.1,24341.45,24334.15,24341.05,0
2026-07-31 05:41:00+00:00,24340.35,24346.9,24340.35,24344.15,0
2026-07-31 05:42:00+00:00,24344.1,24346.9,24343.0,24346.9,0
2026-07-31 05:43:00+00:00,24346.65,24350.85,24346.0,24350.3,0
2026-07-31 05:44:00+00:00,24349.15,24357.9,24349.15,24357.75,0
2026-07-31 05:45:00+00:00,24357.75,24365.35,24357.75,24362.9,0
2026-07-31 05:46:00+00:00,24362.35,24364.55,24359.05,24360.9,0
2026-07-31 05:47:00+00:00,24360.35,24362.6,24355.7,24356.25,0
2026-07-31 05:48:00+00:00,24356.0,24362.85,24356.0,24360.2,0
2026-07-31 05:49:00+00:00,24360.2,24364.1,24358.85,24362.9,0
2026-07-31 05:50:00+00:00,24362.0,24366.7,24362.0,24366.15,0
2026-07-31 05:51:00+00:00,24366.25,24370.55,24365.25,24367.5,0
2026-07-31 05:52:00+00:00,24367.3,24369.05,24365.55,24368.5,0
2026-07-31 05:53:00+00:00,24367.95,24369.6,24365.2,24366.15,0
2026-07-31 05:54:00+00:00,24366.0,24367.85,24362.95,24367.75,0
2026-07-31 05:55:00+00:00,24366.45,24372.1,24366.45,24371.0,0
2026-07-31 05:56:00+00:00,24371.4,24374.95,24368.5,24369.6,0
2026-07-31 05:57:00+00:00,24369.45,24370.5,24365.2,24367.35,0
2026-07-31 05:58:00+00:00,24367.65,24368.95,24363.9,24366.05,0
2026-07-31 05:59:00+00:00,24365.9,24370.1,24365.4,24365.7,0
2026-07-31 06:00:00+00:00,24366.25,24369.05,24365.55,24367.25,0
2026-07-31 06:01:00+00:00,24367.3,24370.0,24361.9,24361.9,0
2026-07-31 06:02:00+00:00,24363.55,24364.3,24361.25,24361.65,0
2026-07-31 06:03:00+00:00,24362.15,24364.1,24360.2,24363.7,0
2026-07-31 06:04:00+00:00,24363.3,24365.75,24362.05,24363.05,0
2026-07-31 06:05:00+00:00,24362.7,24369.9,24362.7,24368.65,0
2026-07-31 06:06:00+00:00,24368.55,24369.5,24365.55,24366.2,0
2026-07-31 06:07:00+00:00,24366.4,24367.75,24362.05,24363.6,0
2026-07-31 06:08:00+00:00,24363.45,24365.2,24360.6,24362.6,0
2026-07-31 06:09:00+00:00,24362.45,24364.15,24360.45,24360.95,0
2026-07-31 06:10:00+00:00,24361.35,24362.35,24358.95,24359.7,0
2026-07-31 06:11:00+00:00,24359.95,24361.7,24357.85,24360.05,0
2026-07-31 06:12:00+00:00,24359.75,24363.55,24359.25,24361.0,0
2026-07-31 06:13:00+00:00,24361.4,24362.4,24358.35,24361.1,0
2026-07-31 06:14:00+00:00,24360.9,24367.0,24360.9,24364.7,0
2026-07-31 06:15:00+00:00,24364.6,24366.55,24361.85,24362.6,0
2026-07-31 06:16:00+00:00,24362.55,24364.5,24360.9,24361.45,0
2026-07-31 06:17:00+00:00,24360.95,24362.3,24359.0,24360.05,0
2026-07-31 06:18:00+00:00,24360.25,24363.55,24359.7,24360.6,0
2026-07-31 06:19:00+00:00,24360.4,24363.15,24359.3,24362.05,0
2026-07-31 06:20:00+00:00,24362.1,24367.85,24362.0,24366.6,0
2026-07-31 06:21:00+00:00,24367.15,24369.1,24361.55,24362.5,0
2026-07-31 06:22:00+00:00,24362.55,24364.5,24361.55,24363.85,0
2026-07-31 06:23:00+00:00,24363.75,24365.5,24359.6,24360.2,0
2026-07-31 06:24:00+00:00,24360.1,24362.45,24358.35,24361.6,0
2026-07-31 06:25:00+00:00,24362.75,24366.1,24361.1,24363.55,0
2026-07-31 06:26:00+00:00,24364.0,24366.1,24362.3,24364.95,0
2026-07-31 06:27:00+00:00,24365.7,24367.8,24362.75,24364.6,0
2026-07-31 06:28:00+00:00,24365.25,24368.45,24365.25,24366.6,0
2026-07-31 06:29:00+00:00,24367.0,24368.1,24363.5,24364.45,0
2026-07-31 06:30:00+00:00,24364.85,24367.4,24363.85,24365.3,0
2026-07-31 06:31:00+00:00,24365.45,24366.85,24361.4,24361.55,0
2026-07-31 06:32:00+00:00,24361.75,24367.45,24361.75,24365.85,0
2026-07-31 06:33:00+00:00,24365.65,24368.55,24365.15,24366.5,0
2026-07-31 06:34:00+00:00,24366.6,24368.3,24361.35,24362.3,0
2026-07-31 06:35:00+00:00,24362.25,24365.35,24360.95,24364.5,0
2026-07-31 06:36:00+00:00,24364.45,24369.45,24362.95,24368.4,0
2026-07-31 06:37:00+00:00,24368.75,24373.35,24367.85,24372.9,0
2026-07-31 06:38:00+00:00,24372.8,24374.3,24370.0,24370.1,0
2026-07-31 06:39:00+00:00,24369.15,24371.9,24368.65,24371.9,0
2026-07-31 06:40:00+00:00,24371.9,24373.8,24369.85,24370.75,0
2026-07-31 06:41:00+00:00,24370.9,24372.7,24365.9,24365.9,0
2026-07-31 06:42:00+00:00,24365.9,24372.35,24365.8,24370.7,0
2026-07-31 06:43:00+00:00,24370.9,24375.6,24370.9,24374.15,0
2026-07-31 06:44:00+00:00,24374.35,24382.65,24373.2,24382.1,0
2026-07-31 06:45:00+00:00,24381.55,24384.4,24378.05,24382.45,0
2026-07-31 06:46:00+00:00,24382.55,24384.05,24377.55,24378.95,0
2026-07-31 06:47:00+00:00,24379.2,24382.75,24378.65,24379.3,0
2026-07-31 06:48:00+00:00,24379.2,24380.55,24375.05,24377.35,0
2026-07-31 06:49:00+00:00,24377.4,24378.55,24374.3,24374.7,0
2026-07-31 06:50:00+00:00,24374.65,24378.7,24374.55,24374.95,0
2026-07-31 06:51:00+00:00,24375.2,24377.85,24374.4,24376.2,0
2026-07-31 06:52:00+00:00,24375.95,24378.8,24375.2,24377.1,0
2026-07-31 06:53:00+00:00,24376.7,24379.0,24375.55,24376.8,0
2026-07-31 06:54:00+00:00,24376.3,24380.15,24375.0,24378.45,0
2026-07-31 06:55:00+00:00,24378.65,24383.35,24378.0,24382.3,0
2026-07-31 06:56:00+00:00,24382.85,24383.7,24380.7,24382.35,0
2026-07-31 06:57:00+00:00,24382.35,24388.85,24381.65,24386.9,0
2026-07-31 06:58:00+00:00,24387.05,24392.1,24386.6,24391.3,0
2026-07-31 06:59:00+00:00,24391.3,24393.5,24385.55,24386.3,0
2026-07-31 07:00:00+00:00,24385.7,24387.8,24381.85,24383.3,0
2026-07-31 07:01:00+00:00,24382.85,24384.0,24378.65,24380.4,0
2026-07-31 07:02:00+00:00,24380.35,24384.25,24379.6,24383.05,0
2026-07-31 07:03:00+00:00,24382.9,24387.75,24382.8,24387.45,0
2026-07-31 07:04:00+00:00,24387.1,24392.8,24386.85,24392.6,0
2026-07-31 07:05:00+00:00,24392.85,24397.65,24391.8,24395.7,0
2026-07-31 07:06:00+00:00,24395.65,24396.5,24391.0,24393.15,0
2026-07-31 07:07:00+00:00,24393.35,24395.65,24389.8,24391.35,0
2026-07-31 07:08:00+00:00,24391.95,24395.1,24391.35,24394.35,0
2026-07-31 07:09:00+00:00,24394.15,24396.75,24392.85,24396.15,0
2026-07-31 07:10:00+00:00,24396.75,24401.6,24396.75,24398.6,0
2026-07-31 07:11:00+00:00,24398.8,24400.75,24397.05,24398.8,0
2026-07-31 07:12:00+00:00,24398.85,24401.0,24396.95,24397.75,0
2026-07-31 07:13:00+00:00,24397.65,24399.45,24394.5,24397.75,0
2026-07-31 07:14:00+00:00,24398.65,24404.6,24398.25,24401.75,0
2026-07-31 07:15:00+00:00,24402.0,24408.55,24400.05,24406.45,0
2026-07-31 07:16:00+00:00,24406.85,24409.2,24404.6,24406.95,0
2026-07-31 07:17:00+00:00,24407.45,24409.5,24401.85,24404.85,0
2026-07-31 07:18:00+00:00,24404.85,24410.8,24404.85,24409.9,0
2026-07-31 07:19:00+00:00,24410.6,24413.95,24409.15,24413.1,0
2026-07-31 07:20:00+00:00,24412.55,24414.95,24406.35,24406.45,0
2026-07-31 07:21:00+00:00,24406.85,24408.5,24403.5,24405.3,0
2026-07-31 07:22:00+00:00,24404.9,24407.55,24403.0,24404.1,0
2026-07-31 07:23:00+00:00,24404.25,24406.65,24402.85,24406.45,0
2026-07-31 07:24:00+00:00,24406.45,24412.25,24405.45,24408.75,0
2026-07-31 07:25:00+00:00,24408.9,24413.95,24407.9,24413.45,0
2026-07-31 07:26:00+00:00,24413.4,24417.1,24412.45,24415.5,0
2026-07-31 07:27:00+00:00,24415.45,24424.8,24415.45,24422.2,0
2026-07-31 07:28:00+00:00,24422.05,24423.25,24418.4,24418.6,0
2026-07-31 07:29:00+00:00,24419.15,24420.7,24411.45,24413.75,0
2026-07-31 07:30:00+00:00,24412.95,24417.35,24412.95,24414.1,0
2026-07-31 07:31:00+00:00,24414.6,24417.15,24408.05,24408.9,0
2026-07-31 07:32:00+00:00,24409.2,24411.85,24407.55,24409.1,0
2026-07-31 07:33:00+00:00,24408.65,24414.95,24408.6,24414.5,0
2026-07-31 07:34:00+00:00,24414.6,24416.4,24412.8,24414.45,0
2026-07-31 07:35:00+00:00,24414.75,24418.2,24414.45,24417.75,0
2026-07-31 07:36:00+00:00,24417.4,24420.25,24416.25,24418.3,0
2026-07-31 07:37:00+00:00,24418.05,24422.4,24415.5,24422.05,0
2026-07-31 07:38:00+00:00,24422.35,24427.85,24419.4,24425.75,0
2026-07-31 07:39:00+00:00,24425.55,24426.8,24418.85,24418.85,0
2026-07-31 07:40:00+00:00,24419.15,24421.45,24416.05,24418.7,0
2026-07-31 07:41:00+00:00,24418.65,24420.45,24413.25,24413.85,0
2026-07-31 07:42:00+00:00,24414.1,24417.1,24412.85,24415.35,0
2026-07-31 07:43:00+00:00,24415.15,24417.85,24412.15,24416.05,0
2026-07-31 07:44:00+00:00,24416.0,24417.85,24413.2,24414.8,0
2026-07-31 07:45:00+00:00,24414.3,24416.4,24412.7,24413.5,0
2026-07-31 07:46:00+00:00,24413.55,24418.55,24413.55,24415.9,0
2026-07-31 07:47:00+00:00,24416.35,24420.0,24415.05,24417.5,0
2026-07-31 07:48:00+00:00,24418.0,24419.0,24416.15,24418.55,0
2026-07-31 07:49:00+00:00,24418.2,24421.75,24416.9,24420.6,0
2026-07-31 07:50:00+00:00,24420.7,24423.15,24418.05,24418.05,0
2026-07-31 07:51:00+00:00,24416.7,24420.0,24415.55,24417.35,0
2026-07-31 07:52:00+00:00,24417.45,24422.0,24416.85,24422.0,0
2026-07-31 07:53:00+00:00,24422.05,24423.75,24420.2,24420.2,0
2026-07-31 07:54:00+00:00,24420.1,24426.2,24420.05,24423.6,0
2026-07-31 07:55:00+00:00,24423.15,24429.4,24423.1,24427.0,0
2026-07-31 07:56:00+00:00,24426.9,24428.6,24424.85,24425.45,0
2026-07-31 07:57:00+00:00,24425.05,24427.0,24420.75,24420.75,0
2026-07-31 07:58:00+00:00,24421.0,24422.15,24414.35,24417.0,0
2026-07-31 07:59:00+00:00,24417.3,24420.75,24416.4,24417.85,0
2026-07-31 08:00:00+00:00,24417.9,24419.8,24414.25,24415.25,0
2026-07-31 08:01:00+00:00,24415.1,24416.85,24410.1,24410.4,0
2026-07-31 08:02:00+00:00,24410.2,24411.45,24405.0,24405.0,0
2026-07-31 08:03:00+00:00,24405.35,24408.9,24403.4,24404.6,0
2026-07-31 08:04:00+00:00,24404.9,24406.9,24396.05,24398.8,0
2026-07-31 08:05:00+00:00,24399.2,24404.25,24397.9,24399.85,0
2026-07-31 08:06:00+00:00,24399.8,24407.5,24399.75,24406.35,0
2026-07-31 08:07:00+00:00,24406.35,24409.1,24403.1,24408.1,0
2026-07-31 08:08:00+00:00,24408.1,24411.3,24406.1,24406.35,0
2026-07-31 08:09:00+00:00,24405.7,24407.1,24399.7,24400.15,0
2026-07-31 08:10:00+00:00,24400.4,24402.6,24394.5,24394.5,0
2026-07-31 08:11:00+00:00,24394.4,24396.95,24391.45,24393.6,0
2026-07-31 08:12:00+00:00,24393.7,24397.9,24393.45,24396.35,0
2026-07-31 08:13:00+00:00,24396.0,24398.85,24395.3,24397.8,0
2026-07-31 08:14:00+00:00,24398.5,24399.25,24394.6,24395.2,0
2026-07-31 08:15:00+00:00,24395.75,24397.65,24392.1,24392.95,0
2026-07-31 08:16:00+00:00,24392.85,24395.15,24390.2,24393.8,0
2026-07-31 08:17:00+00:00,24393.85,24398.15,24393.85,24396.7,0
2026-07-31 08:18:00+00:00,24396.7,24401.0,24395.45,24399.15,0
2026-07-31 08:19:00+00:00,24399.0,24403.05,24397.85,24400.15,0
2026-07-31 08:20:00+00:00,24399.7,24402.3,24397.5,24399.95,0
2026-07-31 08:21:00+00:00,24401.8,24403.75,24398.95,24403.35,0
2026-07-31 08:22:00+00:00,24404.2,24405.2,24401.45,24403.65,0
2026-07-31 08:23:00+00:00,24404.7,24406.45,24403.1,24404.85,0
2026-07-31 08:24:00+00:00,24405.2,24406.05,24401.6,24403.9,0
2026-07-31 08:25:00+00:00,24404.95,24408.95,24402.75,24408.05,0
2026-07-31 08:26:00+00:00,24408.75,24410.8,24407.15,24408.35,0
2026-07-31 08:27:00+00:00,24409.6,24411.05,24405.75,24407.45,0
2026-07-31 08:28:00+00:00,24408.95,24410.25,24407.05,24409.8,0
2026-07-31 08:29:00+00:00,24410.3,24413.1,24409.45,24412.2,0
2026-07-31 08:30:00+00:00,24413.05,24413.75,24410.0,24411.65,0
2026-07-31 08:31:00+00:00,24412.15,24412.9,24402.8,24403.05,0
2026-07-31 08:32:00+00:00,24404.05,24405.0,24399.55,24400.35,0
2026-07-31 08:33:00+00:00,24402.05,24402.85,24397.55,24397.9,0
2026-07-31 08:34:00+00:00,24399.65,24400.15,24394.05,24394.75,0
2026-07-31 08:35:00+00:00,24395.75,24396.65,24387.6,24388.35,0
2026-07-31 08:36:00+00:00,24389.05,24390.75,24386.0,24390.05,0
2026-07-31 08:37:00+00:00,24391.0,24394.35,24389.9,24393.85,0
2026-07-31 08:38:00+00:00,24395.25,24397.8,24393.45,24395.2,0
2026-07-31 08:39:00+00:00,24397.0,24397.05,24391.15,24391.15,0
2026-07-31 08:40:00+00:00,24392.2,24394.4,24389.85,24393.1,0
2026-07-31 08:41:00+00:00,24393.7,24397.3,24391.4,24396.9,0
2026-07-31 08:42:00+00:00,24397.4,24404.5,24397.3,24404.3,0
2026-07-31 08:43:00+00:00,24405.05,24406.35,24403.25,24405.2,0
2026-07-31 08:44:00+00:00,24406.2,24406.4,24401.0,24402.65,0
2026-07-31 08:45:00+00:00,24403.5,24404.05,24400.2,24402.5,0
2026-07-31 08:46:00+00:00,24403.05,24404.2,24401.25,24403.6,0
2026-07-31 08:47:00+00:00,24403.95,24404.8,24395.95,24397.5,0
2026-07-31 08:48:00+00:00,24398.75,24399.4,24393.35,24393.35,0
2026-07-31 08:49:00+00:00,24394.4,24396.25,24391.15,24395.45,0
2026-07-31 08:50:00+00:00,24395.7,24396.05,24392.35,24394.8,0
2026-07-31 08:51:00+00:00,24395.8,24396.55,24391.2,24391.4,0
2026-07-31 08:52:00+00:00,24392.35,24394.6,24390.15,24390.8,0
2026-07-31 08:53:00+00:00,24391.25,24396.8,24390.35,24396.3,0
2026-07-31 08:54:00+00:00,24396.95,24399.9,24394.25,24398.9,0
2026-07-31 08:55:00+00:00,24399.5,24401.85,24397.05,24401.65,0
2026-07-31 08:56:00+00:00,24402.3,24405.9,24400.5,24405.1,0
2026-07-31 08:57:00+00:00,24406.25,24407.05,24400.25,24402.55,0
2026-07-31 08:58:00+00:00,24403.7,24405.85,24402.35,24403.9,0
2026-07-31 08:59:00+00:00,24404.1,24405.1,24391.6,24394.3,0
2026-07-31 09:00:00+00:00,24395.8,24401.9,24394.65,24396.15,0
2026-07-31 09:01:00+00:00,24397.0,24400.3,24391.75,24391.75,0
2026-07-31 09:02:00+00:00,24392.35,24393.35,24377.55,24377.95,0
2026-07-31 09:03:00+00:00,24378.75,24383.55,24374.45,24378.3,0
2026-07-31 09:04:00+00:00,24378.9,24380.45,24373.7,24375.1,0
2026-07-31 09:05:00+00:00,24375.15,24376.3,24368.55,24369.4,0
2026-07-31 09:06:00+00:00,24370.2,24373.2,24368.0,24372.95,0
2026-07-31 09:07:00+00:00,24373.7,24377.45,24370.85,24376.35,0
2026-07-31 09:08:00+00:00,24377.1,24382.3,24375.8,24377.3,0
2026-07-31 09:09:00+00:00,24378.85,24379.75,24373.4,24373.4,0
2026-07-31 09:10:00+00:00,24375.0,24375.55,24366.25,24366.25,0
2026-07-31 09:11:00+00:00,24366.95,24370.25,24364.25,24368.5,0
2026-07-31 09:12:00+00:00,24369.55,24370.15,24362.35,24362.4,0
2026-07-31 09:13:00+00:00,24363.85,24365.35,24357.8,24358.9,0
2026-07-31 09:14:00+00:00,24359.7,24363.3,24357.1,24361.85,0
2026-07-31 09:15:00+00:00,24361.65,24366.6,24361.35,24364.8,0
2026-07-31 09:16:00+00:00,24365.25,24367.15,24364.1,24365.0,0
2026-07-31 09:17:00+00:00,24366.05,24367.5,24362.35,24362.85,0
2026-07-31 09:18:00+00:00,24363.2,24372.05,24362.0,24371.05,0
2026-07-31 09:19:00+00:00,24371.7,24372.65,24369.0,24370.3,0
2026-07-31 09:20:00+00:00,24370.9,24373.0,24368.7,24372.75,0
2026-07-31 09:21:00+00:00,24373.75,24375.05,24366.05,24367.7,0
2026-07-31 09:22:00+00:00,24368.6,24369.7,24366.75,24367.5,0
2026-07-31 09:23:00+00:00,24368.45,24369.85,24365.95,24367.85,0
2026-07-31 09:24:00+00:00,24367.7,24370.3,24366.6,24369.65,0
2026-07-31 09:25:00+00:00,24370.75,24370.9,24365.55,24366.3,0
2026-07-31 09:26:00+00:00,24367.65,24368.2,24364.2,24364.85,0
2026-07-31 09:27:00+00:00,24366.2,24368.1,24361.7,24362.55,0
2026-07-31 09:28:00+00:00,24363.1,24363.65,24356.25,24357.65,0
2026-07-31 09:29:00+00:00,24358.2,24361.2,24355.05,24360.55,0
2026-07-31 09:30:00+00:00,24361.2,24372.4,24361.2,24371.85,0
2026-07-31 09:31:00+00:00,24372.25,24379.25,24372.25,24377.5,0
2026-07-31 09:32:00+00:00,24378.05,24378.65,24374.7,24376.25,0
2026-07-31 09:33:00+00:00,24376.9,24384.4,24376.7,24383.8,0
2026-07-31 09:34:00+00:00,24384.0,24385.85,24380.25,24384.2,0
2026-07-31 09:35:00+00:00,24385.45,24387.65,24382.65,24383.85,0
2026-07-31 09:36:00+00:00,24384.2,24385.1,24381.95,24384.25,0
2026-07-31 09:37:00+00:00,24384.95,24393.75,24384.6,24392.45,0
2026-07-31 09:38:00+00:00,24393.1,24397.75,24392.15,24395.1,0
2026-07-31 09:39:00+00:00,24395.8,24399.0,24394.5,24398.35,0
2026-07-31 09:40:00+00:00,24399.0,24399.15,24393.85,24394.95,0
2026-07-31 09:41:00+00:00,24396.05,24397.65,24394.4,24396.9,0
2026-07-31 09:42:00+00:00,24396.7,24398.0,24389.55,24389.95,0
2026-07-31 09:43:00+00:00,24391.45,24395.15,24388.75,24393.45,0
2026-07-31 09:44:00+00:00,24394.8,24396.2,24389.7,24390.2,0
2026-07-31 09:45:00+00:00,24391.3,24392.4,24388.1,24388.9,0
2026-07-31 09:46:00+00:00,24388.9,24390.2,24384.3,24384.7,0
2026-07-31 09:47:00+00:00,24385.1,24387.1,24381.75,24382.9,0
2026-07-31 09:48:00+00:00,24384.1,24387.3,24384.0,24384.75,0
2026-07-31 09:49:00+00:00,24385.4,24385.95,24377.3,24377.9,0
2026-07-31 09:50:00+00:00,24377.45,24379.7,24376.5,24378.2,0
2026-07-31 09:51:00+00:00,24378.6,24381.15,24377.05,24378.8,0
2026-07-31 09:52:00+00:00,24378.3,24381.35,24376.75,24377.55,0
2026-07-31 09:53:00+00:00,24377.0,24378.55,24373.0,24375.35,0
2026-07-31 09:54:00+00:00,24376.35,24382.0,24375.5,24379.85,0
2026-07-31 09:55:00+00:00,24380.55,24382.35,24377.3,24378.0,0
2026-07-31 09:56:00+00:00,24379.65,24380.25,24372.55,24374.3,0
2026-07-31 09:57:00+00:00,24373.8,24376.6,24372.95,24374.6,0
2026-07-31 09:58:00+00:00,24374.9,24375.85,24361.3,24363.2,0
2026-07-31 09:59:00+00:00,24364.5,24368.45,24359.65,24366.7,0
2026-08-03 03:45:00+00:00,24572.7,24576.45,24515.15,24553.8,0
2026-08-03 03:46:00+00:00,24553.5,24567.5,24549.3,24564.65,0
2026-08-03 03:47:00+00:00,24563.2,24566.7,24542.15,24545.5,0
2026-08-03 03:48:00+00:00,24546.5,24549.7,24538.65,24540.65,0
2026-08-03 03:49:00+00:00,24541.6,24541.6,24524.9,24530.1,0
2026-08-03 03:50:00+00:00,24530.15,24539.5,24526.25,24528.6,0
2026-08-03 03:51:00+00:00,24528.95,24530.85,24522.4,24529.15,0
2026-08-03 03:52:00+00:00,24528.0,24529.55,24516.8,24521.1,0
2026-08-03 03:53:00+00:00,24520.6,24525.85,24515.5,24523.1,0
2026-08-03 03:54:00+00:00,24522.75,24528.05,24518.35,24527.05,0
2026-08-03 03:55:00+00:00,24526.7,24533.65,24523.35,24531.8,0
2026-08-03 03:56:00+00:00,24532.45,24536.9,24530.2,24533.2,0
2026-08-03 03:57:00+00:00,24534.05,24542.6,24533.3,24539.3,0
2026-08-03 03:58:00+00:00,24539.05,24544.45,24537.75,24541.9,0
2026-08-03 03:59:00+00:00,24541.75,24551.95,24540.65,24550.2,0
2026-08-03 04:00:00+00:00,24550.25,24558.4,24548.2,24557.95,0
2026-08-03 04:01:00+00:00,24557.8,24557.95,24544.1,24545.05,0
2026-08-03 04:02:00+00:00,24545.1,24550.3,24544.35,24547.85,0
2026-08-03 04:03:00+00:00,24548.1,24551.45,24541.8,24543.8,0
2026-08-03 04:04:00+00:00,24544.25,24554.1,24542.8,24553.45,0
2026-08-03 04:05:00+00:00,24553.2,24556.1,24549.05,24552.4,0
2026-08-03 04:06:00+00:00,24552.4,24557.0,24547.35,24552.6,0
2026-08-03 04:07:00+00:00,24552.65,24555.0,24543.75,24545.15,0
2026-08-03 04:08:00+00:00,24545.05,24551.4,24545.05,24549.6,0
2026-08-03 04:09:00+00:00,24550.0,24556.9,24549.2,24554.4,0
2026-08-03 04:10:00+00:00,24553.25,24557.75,24551.85,24555.6,0
2026-08-03 04:11:00+00:00,24555.65,24559.85,24554.05,24558.65,0
2026-08-03 04:12:00+00:00,24558.7,24560.45,24555.15,24556.15,0
2026-08-03 04:13:00+00:00,24556.55,24557.35,24550.35,24551.85,0
2026-08-03 04:14:00+00:00,24552.5,24558.15,24550.85,24558.05,0
2026-08-03 04:15:00+00:00,24558.45,24558.85,24551.35,24552.45,0
2026-08-03 04:16:00+00:00,24552.5,24557.2,24550.0,24551.1,0
2026-08-03 04:17:00+00:00,24551.3,24553.6,24546.05,24549.2,0
2026-08-03 04:18:00+00:00,24548.8,24551.1,24546.1,24549.6,0
2026-08-03 04:19:00+00:00,24549.1,24552.7,24546.85,24548.25,0
2026-08-03 04:20:00+00:00,24548.1,24552.05,24545.75,24550.25,0
2026-08-03 04:21:00+00:00,24550.2,24556.35,24548.55,24553.9,0
2026-08-03 04:22:00+00:00,24553.65,24555.0,24550.95,24552.6,0
2026-08-03 04:23:00+00:00,24552.95,24556.3,24551.5,24551.85,0
2026-08-03 04:24:00+00:00,24551.7,24560.9,24550.75,24559.6,0
2026-08-03 04:25:00+00:00,24558.75,24564.4,24558.15,24564.35,0
2026-08-03 04:26:00+00:00,24564.6,24568.0,24561.95,24565.85,0
2026-08-03 04:27:00+00:00,24565.8,24569.35,24563.25,24566.55,0
2026-08-03 04:28:00+00:00,24566.45,24570.85,24563.7,24568.7,0
2026-08-03 04:29:00+00:00,24568.45,24571.6,24560.95,24564.7,0
2026-08-03 04:30:00+00:00,24564.1,24570.9,24563.05,24570.35,0
2026-08-03 04:31:00+00:00,24569.6,24574.6,24566.75,24568.85,0
2026-08-03 04:32:00+00:00,24568.25,24568.8,24562.1,24562.2,0
2026-08-03 04:33:00+00:00,24562.5,24563.8,24559.4,24562.65,0
2026-08-03 04:34:00+00:00,24562.65,24569.15,24559.05,24568.4,0
2026-08-03 04:35:00+00:00,24569.0,24571.5,24567.3,24570.65,0
2026-08-03 04:36:00+00:00,24570.3,24572.9,24563.95,24564.75,0
2026-08-03 04:37:00+00:00,24564.5,24565.05,24561.0,24563.0,0
2026-08-03 04:38:00+00:00,24565.45,24566.3,24561.05,24562.1,0
2026-08-03 04:39:00+00:00,24562.15,24568.5,24560.3,24567.2,0
2026-08-03 04:40:00+00:00,24567.15,24568.65,24563.85,24566.0,0
2026-08-03 04:41:00+00:00,24565.75,24569.55,24564.2,24569.0,0
2026-08-03 04:42:00+00:00,24569.05,24573.25,24567.1,24569.75,0
2026-08-03 04:43:00+00:00,24570.2,24578.9,24568.75,24578.25,0
2026-08-03 04:44:00+00:00,24577.25,24582.25,24576.9,24579.2,0
2026-08-03 04:45:00+00:00,24579.0,24583.75,24578.25,24580.1,0
2026-08-03 04:46:00+00:00,24580.25,24582.65,24578.55,24580.35,0
2026-08-03 04:47:00+00:00,24580.25,24588.3,24577.75,24587.05,0
2026-08-03 04:48:00+00:00,24586.7,24592.45,24583.35,24589.35,0
2026-08-03 04:49:00+00:00,24590.05,24591.65,24586.65,24588.15,0
2026-08-03 04:50:00+00:00,24588.15,24589.4,24583.35,24584.5,0
2026-08-03 04:51:00+00:00,24583.6,24585.9,24577.85,24578.6,0
2026-08-03 04:52:00+00:00,24578.55,24579.85,24574.85,24575.55,0
2026-08-03 04:53:00+00:00,24576.15,24577.9,24572.8,24573.5,0
2026-08-03 04:54:00+00:00,24574.0,24579.1,24573.55,24578.2,0
2026-08-03 04:55:00+00:00,24578.4,24580.85,24575.95,24580.0,0
2026-08-03 04:56:00+00:00,24579.6,24583.15,24577.45,24582.95,0
2026-08-03 04:57:00+00:00,24583.35,24586.85,24582.35,24583.45,0
2026-08-03 04:58:00+00:00,24583.2,24586.15,24580.95,24584.2,0
2026-08-03 04:59:00+00:00,24584.15,24585.9,24579.05,24580.8,0
2026-08-03 05:00:00+00:00,24580.15,24584.7,24579.65,24583.65,0
2026-08-03 05:01:00+00:00,24583.5,24584.75,24576.65,24579.6,0
2026-08-03 05:02:00+00:00,24578.5,24579.8,24572.05,24573.15,0
2026-08-03 05:03:00+00:00,24572.9,24574.2,24570.0,24571.9,0
2026-08-03 05:04:00+00:00,24571.8,24573.75,24564.4,24570.35,0
2026-08-03 05:05:00+00:00,24570.95,24572.1,24562.7,24563.95,0
2026-08-03 05:06:00+00:00,24564.05,24570.3,24564.05,24569.75,0
2026-08-03 05:07:00+00:00,24569.6,24578.55,24569.05,24577.3,0
2026-08-03 05:08:00+00:00,24576.7,24582.65,24573.6,24582.65,0
2026-08-03 05:09:00+00:00,24582.4,24585.45,24577.85,24584.2,0
2026-08-03 05:10:00+00:00,24583.95,24585.7,24578.3,24578.55,0
2026-08-03 05:11:00+00:00,24578.6,24582.95,24576.5,24581.4,0
2026-08-03 05:12:00+00:00,24580.45,24583.5,24579.55,24580.8,0
2026-08-03 05:13:00+00:00,24580.8,24583.25,24575.6,24581.2,0
2026-08-03 05:14:00+00:00,24581.7,24585.5,24580.9,24583.65,0
2026-08-03 05:15:00+00:00,24583.75,24585.3,24581.3,24583.85,0
2026-08-03 05:16:00+00:00,24583.5,24586.0,24579.45,24583.85,0
2026-08-03 05:17:00+00:00,24583.7,24585.45,24581.1,24583.3,0
2026-08-03 05:18:00+00:00,24583.7,24586.9,24582.4,24586.2,0
2026-08-03 05:19:00+00:00,24585.65,24589.45,24581.7,24588.85,0
2026-08-03 05:20:00+00:00,24587.65,24592.3,24587.25,24590.8,0
2026-08-03 05:21:00+00:00,24591.0,24592.55,24587.25,24589.2,0
2026-08-03 05:22:00+00:00,24589.45,24591.65,24585.05,24590.35,0
2026-08-03 05:23:00+00:00,24590.25,24592.3,24587.4,24589.5,0
2026-08-03 05:24:00+00:00,24589.9,24591.6,24587.55,24589.9,0
2026-08-03 05:25:00+00:00,24589.85,24595.8,24586.95,24592.65,0
2026-08-03 05:26:00+00:00,24592.25,24595.9,24590.0,24591.05,0
2026-08-03 05:27:00+00:00,24590.95,24592.6,24584.95,24587.4,0
2026-08-03 05:28:00+00:00,24587.35,24589.8,24581.8,24588.15,0
2026-08-03 05:29:00+00:00,24587.95,24590.25,24584.2,24586.45,0
2026-08-03 05:30:00+00:00,24586.9,24597.9,24585.65,24595.85,0
2026-08-03 05:31:00+00:00,24596.3,24601.1,24593.15,24597.0,0
2026-08-03 05:32:00+00:00,24596.45,24599.5,24591.6,24597.05,0
2026-08-03 05:33:00+00:00,24597.85,24601.75,24596.2,24597.1,0
2026-08-03 05:34:00+00:00,24596.6,24598.9,24595.4,24598.15,0
2026-08-03 05:35:00+00:00,24597.55,24599.8,24595.15,24599.1,0
2026-08-03 05:36:00+00:00,24598.7,24601.25,24595.65,24598.15,0
2026-08-03 05:37:00+00:00,24598.45,24602.55,24597.4,24600.35,0
2026-08-03 05:38:00+00:00,24599.6,24602.1,24597.45,24599.2,0
2026-08-03 05:39:00+00:00,24598.35,24600.8,24590.45,24593.65,0
2026-08-03 05:40:00+00:00,24593.95,24596.6,24591.35,24595.55,0
2026-08-03 05:41:00+00:00,24595.65,24597.35,24592.05,24593.65,0
2026-08-03 05:42:00+00:00,24593.45,24594.35,24586.05,24588.55,0
2026-08-03 05:43:00+00:00,24588.3,24590.1,24584.9,24588.85,0
2026-08-03 05:44:00+00:00,24587.65,24590.65,24587.5,24589.45,0
2026-08-03 05:45:00+00:00,24588.95,24593.85,24586.05,24588.9,0
2026-08-03 05:46:00+00:00,24589.0,24593.75,24586.45,24593.0,0
2026-08-03 05:47:00+00:00,24592.55,24598.95,24591.9,24596.7,0
2026-08-03 05:48:00+00:00,24597.1,24600.45,24593.45,24593.7,0
2026-08-03 05:49:00+00:00,24593.8,24596.0,24591.5,24591.6,0
2026-08-03 05:50:00+00:00,24591.45,24595.05,24590.8,24593.55,0
2026-08-03 05:51:00+00:00,24593.7,24596.35,24589.5,24594.05,0
2026-08-03 05:52:00+00:00,24593.55,24596.15,24590.4,24595.25,0
2026-08-03 05:53:00+00:00,24595.25,24600.35,24594.35,24598.95,0
2026-08-03 05:54:00+00:00,24599.05,24600.95,24595.55,24598.15,0
2026-08-03 05:55:00+00:00,24598.0,24599.2,24593.75,24595.55,0
2026-08-03 05:56:00+00:00,24595.15,24597.1,24590.8,24590.8,0
2026-08-03 05:57:00+00:00,24591.35,24593.45,24588.75,24591.4,0
2026-08-03 05:58:00+00:00,24591.7,24595.2,24589.9,24592.8,0
2026-08-03 05:59:00+00:00,24593.1,24596.35,24591.75,24591.75,0
2026-08-03 06:00:00+00:00,24591.85,24594.2,24586.15,24586.25,0
2026-08-03 06:01:00+00:00,24586.65,24588.65,24581.5,24583.25,0
2026-08-03 06:02:00+00:00,24583.15,24586.0,24579.8,24583.25,0
2026-08-03 06:03:00+00:00,24583.35,24585.1,24581.15,24584.75,0
2026-08-03 06:04:00+00:00,24584.15,24587.1,24582.75,24585.45,0
2026-08-03 06:05:00+00:00,24584.85,24588.25,24583.05,24587.0,0
2026-08-03 06:06:00+00:00,24586.5,24588.75,24584.55,24585.5,0
2026-08-03 06:07:00+00:00,24585.15,24588.9,24584.15,24586.0,0
2026-08-03 06:08:00+00:00,24586.4,24592.15,24583.75,24590.95,0
2026-08-03 06:09:00+00:00,24591.0,24595.7,24590.25,24593.85,0
2026-08-03 06:10:00+00:00,24593.8,24596.45,24590.65,24595.0,0
2026-08-03 06:11:00+00:00,24595.45,24600.3,24594.25,24598.3,0
2026-08-03 06:12:00+00:00,24598.55,24600.3,24594.05,24596.85,0
2026-08-03 06:13:00+00:00,24597.0,24599.95,24593.95,24596.0,0
2026-08-03 06:14:00+00:00,24596.25,24596.7,24592.1,24592.3,0
2026-08-03 06:15:00+00:00,24592.5,24593.1,24587.7,24588.9,0
2026-08-03 06:16:00+00:00,24589.25,24591.0,24586.75,24588.0,0
2026-08-03 06:17:00+00:00,24587.85,24591.75,24586.75,24587.3,0
2026-08-03 06:18:00+00:00,24587.3,24590.0,24584.8,24588.7,0
2026-08-03 06:19:00+00:00,24588.4,24597.85,24588.0,24597.85,0
2026-08-03 06:20:00+00:00,24597.95,24605.1,24597.75,24603.15,0
2026-08-03 06:21:00+00:00,24603.25,24606.15,24596.35,24598.15,0
2026-08-03 06:22:00+00:00,24599.15,24600.25,24596.0,24599.05,0
2026-08-03 06:23:00+00:00,24598.85,24600.75,24595.7,24598.25,0
2026-08-03 06:24:00+00:00,24598.45,24603.1,24597.45,24601.6,0
2026-08-03 06:25:00+00:00,24602.25,24603.3,24593.5,24594.6,0
2026-08-03 06:26:00+00:00,24594.1,24597.35,24592.3,24593.05,0
2026-08-03 06:27:00+00:00,24593.15,24596.75,24591.35,24595.4,0
2026-08-03 06:28:00+00:00,24595.45,24596.45,24591.7,24592.2,0
2026-08-03 06:29:00+00:00,24592.3,24595.35,24590.55,24592.0,0
2026-08-03 06:30:00+00:00,24591.55,24594.9,24590.25,24591.6,0
2026-08-03 06:31:00+00:00,24590.9,24593.25,24588.2,24590.5,0
2026-08-03 06:32:00+00:00,24590.0,24591.5,24586.35,24587.85,0
2026-08-03 06:33:00+00:00,24586.55,24591.9,24585.95,24588.15,0
2026-08-03 06:34:00+00:00,24586.6,24591.0,24585.7,24588.25,0
2026-08-03 06:35:00+00:00,24588.0,24592.95,24587.65,24590.25,0
2026-08-03 06:36:00+00:00,24590.45,24594.15,24589.1,24592.3,0
2026-08-03 06:37:00+00:00,24590.85,24594.15,24588.35,24593.55,0
2026-08-03 06:38:00+00:00,24593.2,24595.65,24590.6,24591.45,0
2026-08-03 06:39:00+00:00,24591.75,24598.7,24590.8,24597.0,0
2026-08-03 06:40:00+00:00,24596.8,24599.95,24593.75,24598.65,0
2026-08-03 06:41:00+00:00,24599.05,24599.65,24592.0,24593.0,0
2026-08-03 06:42:00+00:00,24593.15,24600.5,24591.65,24597.0,0
2026-08-03 06:43:00+00:00,24596.8,24601.65,24595.25,24599.0,0
2026-08-03 06:44:00+00:00,24598.9,24602.6,24596.1,24601.3,0
2026-08-03 06:45:00+00:00,24601.3,24605.45,24599.25,24603.85,0
2026-08-03 06:46:00+00:00,24603.7,24608.2,24602.1,24605.45,0
2026-08-03 06:47:00+00:00,24606.0,24608.8,24601.85,24605.35,0
2026-08-03 06:48:00+00:00,24605.35,24607.75,24600.5,24605.55,0
2026-08-03 06:49:00+00:00,24605.75,24608.15,24603.7,24606.4,0
2026-08-03 06:50:00+00:00,24605.3,24607.2,24600.95,24602.9,0
2026-08-03 06:51:00+00:00,24602.0,24602.85,24598.1,24599.45,0
2026-08-03 06:52:00+00:00,24599.25,24604.85,24598.05,24603.75,0
2026-08-03 06:53:00+00:00,24603.5,24606.4,24599.05,24603.3,0
2026-08-03 06:54:00+00:00,24603.5,24606.8,24601.1,24605.6,0
2026-08-03 06:55:00+00:00,24605.75,24609.25,24605.0,24607.4,0
2026-08-03 06:56:00+00:00,24607.1,24609.5,24603.5,24604.55,0
2026-08-03 06:57:00+00:00,24603.25,24608.1,24603.25,24607.25,0
2026-08-03 06:58:00+00:00,24607.1,24608.05,24602.25,24605.4,0
2026-08-03 06:59:00+00:00,24605.15,24607.25,24602.3,24604.05,0
2026-08-03 07:00:00+00:00,24604.45,24606.55,24600.1,24604.7,0
2026-08-03 07:01:00+00:00,24604.8,24606.25,24602.3,24603.35,0
2026-08-03 07:02:00+00:00,24602.95,24604.95,24598.35,24598.95,0
2026-08-03 07:03:00+00:00,24598.95,24599.1,24592.15,24593.7,0
2026-08-03 07:04:00+00:00,24593.65,24596.7,24591.15,24593.75,0
2026-08-03 07:05:00+00:00,24593.7,24595.45,24589.7,24590.65,0
2026-08-03 07:06:00+00:00,24590.35,24592.45,24588.1,24590.25,0
2026-08-03 07:07:00+00:00,24590.4,24591.55,24587.75,24589.35,0
2026-08-03 07:08:00+00:00,24591.25,24592.3,24584.4,24586.3,0
2026-08-03 07:09:00+00:00,24587.8,24589.35,24585.05,24587.1,0
2026-08-03 07:10:00+00:00,24588.4,24594.55,24585.85,24591.85,0
2026-08-03 07:11:00+00:00,24593.4,24596.8,24591.8,24594.05,0
2026-08-03 07:12:00+00:00,24596.5,24596.5,24590.45,24591.3,0
2026-08-03 07:13:00+00:00,24593.25,24595.35,24589.3,24593.2,0
2026-08-03 07:14:00+00:00,24594.95,24596.25,24592.25,24593.0,0
2026-08-03 07:15:00+00:00,24594.65,24601.35,24593.6,24598.0,0
2026-08-03 07:16:00+00:00,24600.6,24602.05,24596.95,24600.05,0
2026-08-03 07:17:00+00:00,24602.15,24602.15,24574.4,24574.9,0
2026-08-03 07:18:00+00:00,24577.3,24580.0,24570.15,24573.5,0
2026-08-03 07:19:00+00:00,24576.3,24582.3,24572.95,24582.1,0
2026-08-03 07:20:00+00:00,24584.35,24586.65,24578.25,24580.05,0
2026-08-03 07:21:00+00:00,24582.45,24588.45,24580.5,24585.55,0
2026-08-03 07:22:00+00:00,24588.3,24588.8,24583.25,24586.25,0
2026-08-03 07:23:00+00:00,24587.9,24591.85,24586.15,24588.95,0
2026-08-03 07:24:00+00:00,24590.7,24590.95,24586.95,24588.7,0
2026-08-03 07:25:00+00:00,24591.15,24591.15,24585.8,24586.5,0
2026-08-03 07:26:00+00:00,24588.65,24588.65,24582.5,24587.2,0
2026-08-03 07:27:00+00:00,24587.5,24588.65,24583.75,24586.4,0
2026-08-03 07:28:00+00:00,24588.05,24588.05,24581.65,24583.6,0
2026-08-03 07:29:00+00:00,24584.35,24586.5,24580.15,24584.65,0
2026-08-03 07:30:00+00:00,24584.2,24585.95,24579.65,24580.6,0
2026-08-03 07:31:00+00:00,24580.8,24581.3,24576.9,24578.35,0
2026-08-03 07:32:00+00:00,24578.5,24582.4,24577.6,24579.15,0
2026-08-03 07:33:00+00:00,24579.4,24581.05,24577.6,24578.0,0
2026-08-03 07:34:00+00:00,24578.4,24579.95,24575.75,24578.2,0
2026-08-03 07:35:00+00:00,24578.15,24581.6,24578.15,24580.5,0
2026-08-03 07:36:00+00:00,24580.4,24581.5,24576.15,24577.2,0
2026-08-03 07:37:00+00:00,24577.8,24580.0,24576.1,24579.0,0
2026-08-03 07:38:00+00:00,24578.4,24582.45,24577.4,24580.85,0
2026-08-03 07:39:00+00:00,24581.25,24583.95,24579.8,24582.9,0
2026-08-03 07:40:00+00:00,24583.5,24584.55,24580.0,24583.1,0
2026-08-03 07:41:00+00:00,24583.5,24585.7,24579.8,24580.1,0
2026-08-03 07:42:00+00:00,24580.75,24580.85,24575.9,24578.75,0
2026-08-03 07:43:00+00:00,24578.75,24580.15,24576.9,24578.4,0
2026-08-03 07:44:00+00:00,24578.15,24580.65,24576.8,24577.7,0
2026-08-03 07:45:00+00:00,24578.2,24580.15,24576.05,24578.95,0
2026-08-03 07:46:00+00:00,24579.8,24585.45,24579.3,24583.45,0
2026-08-03 07:47:00+00:00,24583.9,24585.85,24581.2,24584.85,0
2026-08-03 07:48:00+00:00,24583.2,24586.25,24582.05,24584.8,0
2026-08-03 07:49:00+00:00,24584.75,24588.05,24584.0,24587.05,0
2026-08-03 07:50:00+00:00,24587.3,24587.95,24583.2,24583.75,0
2026-08-03 07:51:00+00:00,24583.7,24585.15,24580.7,24582.1,0
2026-08-03 07:52:00+00:00,24582.0,24585.15,24580.6,24583.7,0
2026-08-03 07:53:00+00:00,24583.6,24585.85,24581.8,24584.05,0
2026-08-03 07:54:00+00:00,24583.9,24586.35,24581.5,24584.0,0
2026-08-03 07:55:00+00:00,24584.3,24588.05,24583.05,24587.1,0
2026-08-03 07:56:00+00:00,24587.45,24590.3,24586.8,24588.45,0
2026-08-03 07:57:00+00:00,24587.9,24590.75,24586.5,24587.75,0
2026-08-03 07:58:00+00:00,24587.4,24591.75,24586.35,24588.3,0
2026-08-03 07:59:00+00:00,24588.0,24592.05,24587.5,24589.7,0
2026-08-03 08:00:00+00:00,24589.25,24591.4,24587.0,24587.95,0
2026-08-03 08:01:00+00:00,24587.85,24589.25,24585.85,24586.6,0
2026-08-03 08:02:00+00:00,24586.45,24593.3,24586.15,24591.55,0
2026-08-03 08:03:00+00:00,24590.55,24594.2,24588.6,24591.55,0
2026-08-03 08:04:00+00:00,24591.4,24598.45,24587.7,24597.8,0
2026-08-03 08:05:00+00:00,24597.35,24601.75,24594.15,24598.4,0
2026-08-03 08:06:00+00:00,24598.6,24606.05,24598.55,24598.55,0
2026-08-03 08:07:00+00:00,24599.2,24601.35,24593.35,24595.2,0
2026-08-03 08:08:00+00:00,24594.85,24596.25,24592.0,24594.7,0
2026-08-03 08:09:00+00:00,24594.0,24596.45,24592.3,24592.3,0
2026-08-03 08:10:00+00:00,24592.0,24593.95,24581.55,24581.75,0
2026-08-03 08:11:00+00:00,24582.7,24595.75,24581.2,24592.9,0
2026-08-03 08:12:00+00:00,24592.8,24597.8,24592.1,24596.15,0
2026-08-03 08:13:00+00:00,24596.7,24596.7,24592.75,24596.6,0
2026-08-03 08:14:00+00:00,24596.75,24601.0,24596.0,24596.1,0
2026-08-03 08:15:00+00:00,24595.2,24601.15,24592.2,24599.95,0
2026-08-03 08:16:00+00:00,24600.15,24600.15,24592.65,24594.15,0
2026-08-03 08:17:00+00:00,24593.25,24595.9,24591.35,24593.85,0
2026-08-03 08:18:00+00:00,24593.0,24595.9,24591.55,24594.6,0
2026-08-03 08:19:00+00:00,24593.65,24595.85,24591.85,24592.7,0
2026-08-03 08:20:00+00:00,24592.1,24595.85,24589.7,24590.25,0
2026-08-03 08:21:00+00:00,24589.3,24593.9,24588.65,24591.6,0
2026-08-03 08:22:00+00:00,24591.4,24592.0,24583.6,24586.9,0
2026-08-03 08:23:00+00:00,24586.5,24589.1,24583.1,24587.0,0
2026-08-03 08:24:00+00:00,24587.1,24588.6,24584.5,24586.75,0
2026-08-03 08:25:00+00:00,24585.9,24586.5,24581.7,24584.15,0
2026-08-03 08:26:00+00:00,24583.65,24590.3,24583.65,24588.1,0
2026-08-03 08:27:00+00:00,24590.25,24592.65,24587.9,24589.95,0
2026-08-03 08:28:00+00:00,24589.95,24591.85,24586.55,24587.4,0
2026-08-03 08:29:00+00:00,24587.0,24590.1,24585.95,24586.8,0
2026-08-03 08:30:00+00:00,24586.7,24590.8,24585.4,24588.45,0
2026-08-03 08:31:00+00:00,24588.55,24589.8,24586.45,24588.5,0
2026-08-03 08:32:00+00:00,24588.2,24591.05,24587.35,24588.1,0
2026-08-03 08:33:00+00:00,24587.95,24588.55,24583.5,24587.1,0
2026-08-03 08:34:00+00:00,24587.15,24589.75,24585.15,24589.45,0
2026-08-03 08:35:00+00:00,24590.05,24592.35,24588.85,24589.45,0
2026-08-03 08:36:00+00:00,24590.95,24592.35,24588.8,24591.85,0
2026-08-03 08:37:00+00:00,24593.15,24593.2,24589.25,24590.1,0
2026-08-03 08:38:00+00:00,24590.8,24592.45,24588.05,24589.35,0
2026-08-03 08:39:00+00:00,24588.95,24589.85,24585.1,24588.4,0
2026-08-03 08:40:00+00:00,24588.75,24589.3,24583.95,24587.1,0
2026-08-03 08:41:00+00:00,24587.25,24589.45,24585.15,24587.85,0
2026-08-03 08:42:00+00:00,24588.85,24593.65,24587.4,24592.1,0
2026-08-03 08:43:00+00:00,24593.2,24595.05,24588.55,24592.25,0
2026-08-03 08:44:00+00:00,24593.1,24594.55,24590.3,24593.5,0
2026-08-03 08:45:00+00:00,24594.5,24595.05,24588.75,24590.55,0
2026-08-03 08:46:00+00:00,24591.65,24592.7,24586.6,24590.0,0
2026-08-03 08:47:00+00:00,24590.55,24592.9,24586.95,24587.95,0
2026-08-03 08:48:00+00:00,24588.85,24589.5,24578.45,24579.65,0
2026-08-03 08:49:00+00:00,24579.55,24585.15,24577.7,24583.85,0
2026-08-03 08:50:00+00:00,24584.2,24590.15,24582.7,24588.7,0
2026-08-03 08:51:00+00:00,24589.8,24591.55,24586.5,24587.15,0
2026-08-03 08:52:00+00:00,24588.9,24590.15,24585.65,24588.7,0
2026-08-03 08:53:00+00:00,24588.95,24590.75,24581.65,24583.2,0
2026-08-03 08:54:00+00:00,24583.75,24585.5,24580.65,24584.65,0
2026-08-03 08:55:00+00:00,24585.1,24589.15,24584.05,24585.25,0
2026-08-03 08:56:00+00:00,24586.15,24591.0,24585.05,24589.0,0
2026-08-03 08:57:00+00:00,24590.15,24591.75,24588.1,24589.75,0
2026-08-03 08:58:00+00:00,24589.8,24591.35,24587.55,24590.35,0
2026-08-03 08:59:00+00:00,24591.1,24592.3,24587.9,24589.85,0
2026-08-03 09:00:00+00:00,24589.45,24592.1,24587.1,24588.3,0
2026-08-03 09:01:00+00:00,24588.2,24592.7,24587.75,24589.8,0
2026-08-03 09:02:00+00:00,24589.65,24592.75,24587.8,24591.35,0
2026-08-03 09:03:00+00:00,24591.6,24592.05,24588.5,24589.3,0
2026-08-03 09:04:00+00:00,24589.05,24593.65,24588.65,24590.95,0
2026-08-03 09:05:00+00:00,24591.45,24594.8,24590.25,24592.15,0
2026-08-03 09:06:00+00:00,24592.05,24595.7,24585.4,24591.45,0
2026-08-03 09:07:00+00:00,24591.4,24601.15,24590.9,24596.45,0
2026-08-03 09:08:00+00:00,24595.85,24598.55,24594.3,24594.95,0
2026-08-03 09:09:00+00:00,24596.75,24599.35,24594.35,24597.6,0
2026-08-03 09:10:00+00:00,24597.4,24601.95,24596.9,24599.85,0
2026-08-03 09:11:00+00:00,24599.3,24602.0,24594.8,24594.8,0
2026-08-03 09:12:00+00:00,24594.9,24598.85,24594.55,24596.9,0
2026-08-03 09:13:00+00:00,24596.65,24599.25,24594.35,24596.0,0
2026-08-03 09:14:00+00:00,24595.95,24600.5,24594.7,24597.55,0
2026-08-03 09:15:00+00:00,24598.35,24600.15,24595.25,24598.15,0
2026-08-03 09:16:00+00:00,24598.3,24601.5,24597.4,24599.05,0
2026-08-03 09:17:00+00:00,24599.45,24600.7,24596.35,24597.55,0
2026-08-03 09:18:00+00:00,24598.15,24600.2,24596.35,24596.9,0
2026-08-03 09:19:00+00:00,24596.95,24601.15,24593.45,24598.55,0
2026-08-03 09:20:00+00:00,24598.2,24601.8,24595.25,24597.3,0
2026-08-03 09:21:00+00:00,24597.2,24602.75,24597.2,24599.85,0
2026-08-03 09:22:00+00:00,24600.1,24602.3,24593.65,24594.95,0
2026-08-03 09:23:00+00:00,24594.75,24596.45,24592.55,24593.5,0
2026-08-03 09:24:00+00:00,24593.5,24594.8,24588.85,24592.7,0
2026-08-03 09:25:00+00:00,24592.2,24599.2,24590.55,24597.35,0
2026-08-03 09:26:00+00:00,24597.35,24598.85,24594.6,24595.5,0
2026-08-03 09:27:00+00:00,24596.55,24598.25,24595.0,24595.45,0
2026-08-03 09:28:00+00:00,24596.0,24598.6,24593.75,24595.6,0
2026-08-03 09:29:00+00:00,24597.15,24597.65,24592.75,24595.0,0
2026-08-03 09:30:00+00:00,24594.85,24596.55,24591.85,24593.55,0
2026-08-03 09:31:00+00:00,24593.95,24596.35,24590.25,24591.4,0
2026-08-03 09:32:00+00:00,24593.4,24595.05,24588.15,24593.1,0
2026-08-03 09:33:00+00:00,24593.25,24594.25,24587.2,24590.25,0
2026-08-03 09:34:00+00:00,24589.2,24591.0,24583.25,24583.9,0
2026-08-03 09:35:00+00:00,24584.2,24584.95,24570.7,24572.15,0
2026-08-03 09:36:00+00:00,24571.3,24577.7,24567.85,24577.3,0
2026-08-03 09:37:00+00:00,24576.5,24578.65,24569.85,24570.75,0
2026-08-03 09:38:00+00:00,24569.7,24571.8,24564.05,24566.35,0
2026-08-03 09:39:00+00:00,24566.4,24572.3,24554.95,24571.05,0
2026-08-03 09:40:00+00:00,24568.8,24575.1,24562.9,24565.75,0
2026-08-03 09:41:00+00:00,24562.6,24577.3,24554.2,24575.6,0
2026-08-03 09:42:00+00:00,24574.45,24580.7,24567.55,24578.05,0
2026-08-03 09:43:00+00:00,24578.4,24583.8,24575.3,24575.3,0
2026-08-03 09:44:00+00:00,24577.35,24584.05,24569.0,24573.55,0
2026-08-03 09:45:00+00:00,24573.35,24573.35,24573.35,24573.35,0
2026-08-03 09:46:00+00:00,24573.35,24573.35,24573.35,24573.35,0
2026-08-03 09:47:00+00:00,24573.35,24573.35,24573.35,24573.35,0
2026-08-03 09:48:00+00:00,24573.35,24573.35,24573.35,24573.35,0
2026-08-03 09:49:00+00:00,24573.35,24573.35,24573.35,24573.35,0
2026-08-03 09:50:00+00:00,24573.35,24573.35,24573.35,24573.35,0
2026-08-03 09:51:00+00:00,24573.35,24573.35,24573.35,24573.35,0
2026-08-03 09:52:00+00:00,24573.35,24573.35,24573.35,24573.35,0
2026-08-03 09:53:00+00:00,24573.35,24573.35,24573.35,24573.35,0
2026-08-03 09:54:00+00:00,24573.35,24573.35,24573.35,24573.35,0
2026-08-03 09:55:00+00:00,24573.35,24573.35,24573.35,24573.35,0
2026-08-03 09:56:00+00:00,24573.35,24573.35,24573.35,24573.35,0
2026-08-03 09:57:00+00:00,24573.35,24573.35,24573.35,24573.35,0
2026-08-03 09:58:00+00:00,24573.35,24573.35,24573.35,24573.35,0
2026-08-03 09:59:00+00:00,24573.35,24774.3,24573.35,24774.3,0
2026-08-04 03:45:00+00:00,24703.9,24703.9,24599.5,24602.45,0
2026-08-04 03:46:00+00:00,24605.1,24605.55,24589.85,24600.95,0
2026-08-04 03:47:00+00:00,24603.4,24608.2,24595.15,24595.15,0
2026-08-04 03:48:00+00:00,24597.15,24611.1,24594.15,24601.75,0
2026-08-04 03:49:00+00:00,24602.9,24605.1,24598.7,24599.8,0
2026-08-04 03:50:00+00:00,24604.9,24615.1,24600.4,24615.05,0
2026-08-04 03:51:00+00:00,24616.85,24617.1,24609.7,24612.35,0
2026-08-04 03:52:00+00:00,24614.2,24624.5,24610.75,24621.95,0
2026-08-04 03:53:00+00:00,24623.9,24626.45,24619.05,24621.65,0
2026-08-04 03:54:00+00:00,24622.4,24622.4,24615.6,24615.85,0
2026-08-04 03:55:00+00:00,24618.45,24618.45,24606.55,24607.5,0
2026-08-04 03:56:00+00:00,24609.35,24609.35,24600.8,24601.5,0
2026-08-04 03:57:00+00:00,24603.9,24604.9,24598.2,24598.65,0
2026-08-04 03:58:00+00:00,24601.75,24601.75,24595.6,24597.5,0
2026-08-04 03:59:00+00:00,24599.2,24602.4,24596.45,24597.6,0
2026-08-04 04:00:00+00:00,24598.5,24601.4,24597.0,24599.55,0
2026-08-04 04:01:00+00:00,24601.75,24606.4,24599.25,24599.95,0
2026-08-04 04:02:00+00:00,24600.65,24602.25,24593.25,24593.95,0
2026-08-04 04:03:00+00:00,24595.7,24597.4,24589.35,24596.3,0
2026-08-04 04:04:00+00:00,24597.75,24597.75,24589.8,24590.65,0
2026-08-04 04:05:00+00:00,24591.65,24595.05,24589.8,24593.15,0
2026-08-04 04:06:00+00:00,24593.6,24599.6,24590.6,24597.75,0
2026-08-04 04:07:00+00:00,24599.3,24600.35,24596.9,24598.9,0
2026-08-04 04:08:00+00:00,24599.35,24604.5,24597.15,24602.65,0
2026-08-04 04:09:00+00:00,24603.25,24606.2,24601.6,24604.65,0
2026-08-04 04:10:00+00:00,24606.0,24614.1,24604.6,24610.75,0
2026-08-04 04:11:00+00:00,24612.55,24613.05,24607.25,24612.75,0
2026-08-04 04:12:00+00:00,24613.1,24614.95,24611.0,24613.9,0
2026-08-04 04:13:00+00:00,24615.1,24626.4,24613.5,24622.9,0
2026-08-04 04:14:00+00:00,24624.7,24629.55,24621.65,24623.6,0
2026-08-04 04:15:00+00:00,24623.7,24627.25,24622.65,24622.95,0
2026-08-04 04:16:00+00:00,24626.3,24626.8,24621.85,24625.9,0
2026-08-04 04:17:00+00:00,24628.45,24632.35,24626.9,24630.7,0
2026-08-04 04:18:00+00:00,24632.0,24635.95,24630.2,24634.55,0
2026-08-04 04:19:00+00:00,24635.25,24635.4,24629.45,24635.15,0
2026-08-04 04:20:00+00:00,24635.8,24637.8,24632.7,24634.2,0
2026-08-04 04:21:00+00:00,24634.7,24647.2,24633.0,24646.5,0
2026-08-04 04:22:00+00:00,24646.75,24647.65,24636.4,24636.75,0
2026-08-04 04:23:00+00:00,24638.1,24638.15,24633.65,24634.9,0
2026-08-04 04:24:00+00:00,24636.95,24636.95,24631.3,24634.15,0
2026-08-04 04:25:00+00:00,24634.8,24638.8,24633.4,24638.05,0
2026-08-04 04:26:00+00:00,24639.6,24639.6,24634.7,24634.7,0
2026-08-04 04:27:00+00:00,24636.95,24636.95,24631.1,24631.5,0
2026-08-04 04:28:00+00:00,24632.1,24635.35,24628.75,24634.75,0
2026-08-04 04:29:00+00:00,24635.95,24636.85,24630.0,24631.55,0
2026-08-04 04:30:00+00:00,24633.8,24634.75,24629.7,24629.7,0
2026-08-04 04:31:00+00:00,24631.5,24633.1,24628.65,24630.05,0
2026-08-04 04:32:00+00:00,24631.55,24632.7,24628.85,24630.4,0
2026-08-04 04:33:00+00:00,24631.3,24631.8,24626.6,24627.5,0
2026-08-04 04:34:00+00:00,24628.7,24630.35,24625.35,24626.4,0
2026-08-04 04:35:00+00:00,24628.15,24629.35,24623.6,24627.7,0
2026-08-04 04:36:00+00:00,24629.4,24630.65,24626.7,24627.75,0
2026-08-04 04:37:00+00:00,24629.4,24629.4,24622.2,24623.35,0
2026-08-04 04:38:00+00:00,24625.55,24625.55,24617.75,24618.15,0
2026-08-04 04:39:00+00:00,24619.55,24619.95,24610.3,24611.4,0
2026-08-04 04:40:00+00:00,24613.95,24615.2,24610.8,24613.7,0
2026-08-04 04:41:00+00:00,24614.85,24615.35,24607.75,24609.2,0
2026-08-04 04:42:00+00:00,24611.6,24612.7,24607.45,24611.65,0
2026-08-04 04:43:00+00:00,24613.65,24616.7,24610.8,24616.6,0
2026-08-04 04:44:00+00:00,24618.55,24619.0,24615.4,24615.5,0
2026-08-04 04:45:00+00:00,24617.6,24617.6,24610.15,24612.1,0
2026-08-04 04:46:00+00:00,24613.7,24615.7,24610.45,24613.7,0
2026-08-04 04:47:00+00:00,24614.85,24619.75,24613.2,24619.0,0
2026-08-04 04:48:00+00:00,24620.4,24620.4,24616.45,24619.2,0
2026-08-04 04:49:00+00:00,24620.75,24620.75,24615.8,24616.2,0
2026-08-04 04:50:00+00:00,24617.55,24618.15,24609.45,24610.65,0
2026-08-04 04:51:00+00:00,24612.65,24612.65,24603.45,24605.0,0
2026-08-04 04:52:00+00:00,24606.65,24606.65,24600.25,24601.3,0
2026-08-04 04:53:00+00:00,24603.65,24603.65,24594.45,24594.7,0
2026-08-04 04:54:00+00:00,24597.8,24599.8,24593.55,24593.8,0
2026-08-04 04:55:00+00:00,24596.4,24596.4,24590.35,24593.2,0
2026-08-04 04:56:00+00:00,24596.0,24596.0,24588.95,24590.2,0
2026-08-04 04:57:00+00:00,24592.0,24594.95,24588.3,24592.6,0
2026-08-04 04:58:00+00:00,24594.9,24595.55,24591.45,24595.15,0
2026-08-04 04:59:00+00:00,24597.45,24598.1,24592.5,24592.8,0
2026-08-04 05:00:00+00:00,24594.15,24594.95,24588.2,24590.05,0
2026-08-04 05:01:00+00:00,24592.5,24592.5,24582.2,24585.35,0
2026-08-04 05:02:00+00:00,24587.85,24587.85,24582.45,24583.45,0
2026-08-04 05:03:00+00:00,24586.75,24586.75,24580.9,24583.65,0
2026-08-04 05:04:00+00:00,24584.4,24588.3,24582.35,24582.9,0
2026-08-04 05:05:00+00:00,24584.95,24584.95,24580.1,24582.05,0
2026-08-04 05:06:00+00:00,24583.05,24583.05,24578.7,24579.9,0
2026-08-04 05:07:00+00:00,24581.55,24582.9,24578.6,24581.9,0
2026-08-04 05:08:00+00:00,24583.85,24583.85,24579.75,24581.9,0
2026-08-04 05:09:00+00:00,24583.95,24586.25,24580.9,24581.95,0
2026-08-04 05:10:00+00:00,24584.0,24585.15,24580.1,24585.15,0
2026-08-04 05:11:00+00:00,24585.7,24587.6,24582.15,24586.35,0
2026-08-04 05:12:00+00:00,24588.55,24588.55,24583.6,24584.95,0
2026-08-04 05:13:00+00:00,24587.25,24587.25,24582.7,24583.15,0
2026-08-04 05:14:00+00:00,24586.05,24586.05,24581.25,24582.0,0
2026-08-04 05:15:00+00:00,24583.95,24583.95,24580.7,24581.7,0
2026-08-04 05:16:00+00:00,24584.15,24585.4,24579.95,24580.05,0
2026-08-04 05:17:00+00:00,24582.1,24582.1,24578.7,24580.9,0
2026-08-04 05:18:00+00:00,24582.0,24583.75,24579.65,24582.45,0
2026-08-04 05:19:00+00:00,24584.55,24585.55,24581.1,24583.5,0
2026-08-04 05:20:00+00:00,24586.35,24586.65,24582.75,24586.05,0
2026-08-04 05:21:00+00:00,24587.7,24587.7,24582.35,24585.95,0
2026-08-04 05:22:00+00:00,24587.95,24587.95,24583.25,24583.6,0
2026-08-04 05:23:00+00:00,24587.15,24588.9,24583.95,24585.2,0
2026-08-04 05:24:00+00:00,24587.7,24587.7,24580.95,24581.8,0
2026-08-04 05:25:00+00:00,24584.55,24584.55,24580.65,24582.1,0
2026-08-04 05:26:00+00:00,24583.8,24585.25,24570.3,24570.45,0
2026-08-04 05:27:00+00:00,24572.6,24574.65,24569.4,24571.15,0
2026-08-04 05:28:00+00:00,24574.15,24574.5,24569.0,24573.75,0
2026-08-04 05:29:00+00:00,24575.2,24579.0,24574.05,24575.4,0
2026-08-04 05:30:00+00:00,24577.95,24585.2,24576.15,24584.3,0
2026-08-04 05:31:00+00:00,24586.65,24590.55,24585.05,24590.25,0
2026-08-04 05:32:00+00:00,24592.05,24592.05,24586.65,24587.05,0
2026-08-04 05:33:00+00:00,24589.6,24589.6,24585.25,24585.9,0
2026-08-04 05:34:00+00:00,24587.55,24590.45,24584.95,24589.2,0
2026-08-04 05:35:00+00:00,24590.65,24590.65,24586.4,24588.65,0
2026-08-04 05:36:00+00:00,24590.8,24590.8,24584.0,24586.1,0
2026-08-04 05:37:00+00:00,24587.65,24592.65,24585.6,24591.95,0
2026-08-04 05:38:00+00:00,24592.6,24593.7,24590.25,24591.15,0
2026-08-04 05:39:00+00:00,24592.8,24592.8,24587.4,24587.9,0
2026-08-04 05:40:00+00:00,24590.1,24590.1,24585.95,24589.15,0
2026-08-04 05:41:00+00:00,24591.75,24591.75,24586.45,24587.9,0
2026-08-04 05:42:00+00:00,24589.75,24589.75,24585.75,24588.0,0
2026-08-04 05:43:00+00:00,24589.5,24592.45,24588.3,24588.7,0
2026-08-04 05:44:00+00:00,24591.1,24592.5,24588.05,24590.9,0
2026-08-04 05:45:00+00:00,24593.3,24593.3,24588.7,24590.9,0
2026-08-04 05:46:00+00:00,24593.05,24595.0,24588.85,24594.2,0
2026-08-04 05:47:00+00:00,24596.4,24596.45,24592.95,24595.05,0
2026-08-04 05:48:00+00:00,24596.5,24598.8,24594.7,24595.85,0
2026-08-04 05:49:00+00:00,24597.75,24597.75,24592.85,24593.35,0
2026-08-04 05:50:00+00:00,24595.45,24595.45,24588.3,24592.05,0
2026-08-04 05:51:00+00:00,24594.05,24594.05,24589.55,24592.1,0
2026-08-04 05:52:00+00:00,24594.1,24594.1,24590.0,24591.9,0
2026-08-04 05:53:00+00:00,24594.7,24594.7,24588.2,24588.8,0
2026-08-04 05:54:00+00:00,24589.95,24589.95,24585.5,24585.9,0
2026-08-04 05:55:00+00:00,24587.95,24588.8,24584.5,24586.5,0
2026-08-04 05:56:00+00:00,24589.15,24589.15,24585.6,24587.8,0
2026-08-04 05:57:00+00:00,24589.45,24589.45,24582.85,24583.0,0
2026-08-04 05:58:00+00:00,24585.45,24585.45,24575.6,24575.65,0
2026-08-04 05:59:00+00:00,24578.15,24579.45,24576.6,24577.05,0
2026-08-04 06:00:00+00:00,24579.55,24579.55,24575.7,24578.15,0
2026-08-04 06:01:00+00:00,24579.55,24579.55,24571.9,24571.9,0
2026-08-04 06:02:00+00:00,24574.4,24575.95,24571.2,24572.65,0
2026-08-04 06:03:00+00:00,24575.1,24575.5,24570.25,24571.15,0
2026-08-04 06:04:00+00:00,24572.6,24573.2,24568.3,24568.8,0
2026-08-04 06:05:00+00:00,24571.55,24571.65,24566.85,24568.9,0
2026-08-04 06:06:00+00:00,24570.85,24570.85,24563.95,24565.1,0
2026-08-04 06:07:00+00:00,24567.25,24567.45,24563.2,24564.0,0
2026-08-04 06:08:00+00:00,24565.55,24565.55,24560.15,24561.7,0
2026-08-04 06:09:00+00:00,24564.0,24572.55,24561.7,24571.05,0
2026-08-04 06:10:00+00:00,24571.4,24571.85,24554.0,24555.7,0
2026-08-04 06:11:00+00:00,24558.1,24561.9,24554.4,24557.65,0
2026-08-04 06:12:00+00:00,24559.6,24559.7,24555.4,24555.45,0
2026-08-04 06:13:00+00:00,24558.4,24560.75,24555.3,24558.4,0
2026-08-04 06:14:00+00:00,24561.0,24561.0,24553.7,24555.45,0
2026-08-04 06:15:00+00:00,24557.5,24557.5,24551.05,24552.45,0
2026-08-04 06:16:00+00:00,24554.35,24554.35,24550.1,24550.65,0
2026-08-04 06:17:00+00:00,24551.6,24552.8,24545.75,24551.45,0
2026-08-04 06:18:00+00:00,24552.3,24554.05,24534.55,24535.3,0
2026-08-04 06:19:00+00:00,24539.7,24539.7,24530.45,24532.8,0
2026-08-04 06:20:00+00:00,24534.75,24536.9,24530.6,24533.15,0
2026-08-04 06:21:00+00:00,24534.7,24536.7,24532.25,24535.55,0
2026-08-04 06:22:00+00:00,24538.4,24538.4,24529.6,24530.8,0
2026-08-04 06:23:00+00:00,24532.5,24540.4,24531.15,24535.45,0
2026-08-04 06:24:00+00:00,24538.45,24539.85,24531.6,24532.75,0
2026-08-04 06:25:00+00:00,24534.3,24535.8,24531.75,24532.5,0
2026-08-04 06:26:00+00:00,24534.7,24534.7,24530.1,24531.5,0
2026-08-04 06:27:00+00:00,24532.95,24532.95,24526.2,24528.95,0
2026-08-04 06:28:00+00:00,24531.35,24531.6,24527.0,24527.1,0
2026-08-04 06:29:00+00:00,24528.25,24528.25,24521.85,24524.15,0
2026-08-04 06:30:00+00:00,24524.75,24524.75,24505.4,24506.4,0
2026-08-04 06:31:00+00:00,24508.7,24515.6,24505.95,24514.45,0
2026-08-04 06:32:00+00:00,24516.75,24521.15,24514.05,24519.65,0
2026-08-04 06:33:00+00:00,24522.95,24528.35,24520.05,24526.35,0
2026-08-04 06:34:00+00:00,24528.55,24529.1,24521.9,24521.9,0
2026-08-04 06:35:00+00:00,24522.6,24524.05,24519.15,24521.85,0
2026-08-04 06:36:00+00:00,24524.0,24524.0,24519.8,24521.0,0
2026-08-04 06:37:00+00:00,24522.1,24522.1,24511.45,24511.65,0
2026-08-04 06:38:00+00:00,24513.5,24513.65,24503.95,24505.75,0
2026-08-04 06:39:00+00:00,24507.55,24512.4,24505.5,24506.35,0
2026-08-04 06:40:00+00:00,24507.9,24507.9,24500.95,24501.45,0
2026-08-04 06:41:00+00:00,24502.5,24502.65,24496.7,24497.65,0
2026-08-04 06:42:00+00:00,24500.05,24506.25,24498.65,24505.3,0
2026-08-04 06:43:00+00:00,24507.9,24510.55,24505.9,24509.25,0
2026-08-04 06:44:00+00:00,24510.8,24511.5,24508.7,24511.3,0
2026-08-04 06:45:00+00:00,24513.4,24513.4,24505.4,24509.8,0
2026-08-04 06:46:00+00:00,24512.3,24514.15,24509.15,24512.75,0
2026-08-04 06:47:00+00:00,24515.2,24516.5,24512.6,24513.45,0
2026-08-04 06:48:00+00:00,24515.6,24517.05,24512.85,24514.15,0
2026-08-04 06:49:00+00:00,24516.15,24523.6,24514.05,24519.75,0
2026-08-04 06:50:00+00:00,24521.7,24524.35,24519.1,24521.05,0
2026-08-04 06:51:00+00:00,24521.8,24521.8,24515.55,24515.9,0
2026-08-04 06:52:00+00:00,24518.0,24518.95,24513.6,24514.5,0
2026-08-04 06:53:00+00:00,24516.45,24521.3,24514.7,24520.2,0
2026-08-04 06:54:00+00:00,24522.9,24522.9,24517.05,24519.35,0
2026-08-04 06:55:00+00:00,24521.35,24521.45,24518.05,24519.2,0
2026-08-04 06:56:00+00:00,24521.05,24521.25,24516.25,24518.05,0
2026-08-04 06:57:00+00:00,24518.9,24518.9,24511.95,24513.0,0
2026-08-04 06:58:00+00:00,24514.3,24517.4,24512.85,24514.7,0
2026-08-04 06:59:00+00:00,24516.05,24518.35,24514.45,24515.7,0
2026-08-04 07:00:00+00:00,24517.65,24519.65,24516.25,24517.75,0
2026-08-04 07:01:00+00:00,24518.85,24518.85,24515.45,24517.1,0
2026-08-04 07:02:00+00:00,24519.25,24519.25,24514.25,24516.15,0
2026-08-04 07:03:00+00:00,24517.6,24517.6,24509.35,24510.35,0
2026-08-04 07:04:00+00:00,24511.5,24511.5,24506.7,24507.55,0
2026-08-04 07:05:00+00:00,24509.1,24509.1,24500.3,24500.7,0
2026-08-04 07:06:00+00:00,24502.4,24502.4,24498.05,24499.8,0
2026-08-04 07:07:00+00:00,24500.95,24500.95,24493.1,24493.4,0
2026-08-04 07:08:00+00:00,24495.3,24495.55,24491.0,24495.15,0
2026-08-04 07:09:00+00:00,24496.65,24504.15,24494.45,24503.25,0
2026-08-04 07:10:00+00:00,24504.9,24506.15,24500.55,24500.9,0
2026-08-04 07:11:00+00:00,24502.45,24502.45,24493.75,24494.35,0
2026-08-04 07:12:00+00:00,24495.5,24495.5,24489.5,24489.8,0
2026-08-04 07:13:00+00:00,24490.95,24492.2,24488.1,24489.0,0
2026-08-04 07:14:00+00:00,24490.6,24493.8,24489.1,24493.35,0
2026-08-04 07:15:00+00:00,24495.0,24502.9,24493.95,24501.3,0
2026-08-04 07:16:00+00:00,24503.7,24503.7,24500.2,24502.2,0
2026-08-04 07:17:00+00:00,24503.55,24505.8,24501.95,24504.45,0
2026-08-04 07:18:00+00:00,24506.65,24506.65,24498.75,24499.05,0
2026-08-04 07:19:00+00:00,24500.85,24503.8,24497.2,24503.3,0
2026-08-04 07:20:00+00:00,24504.65,24507.95,24501.7,24506.85,0
2026-08-04 07:21:00+00:00,24507.85,24509.15,24504.75,24507.15,0
2026-08-04 07:22:00+00:00,24509.8,24509.8,24500.3,24501.45,0
2026-08-04 07:23:00+00:00,24504.3,24505.0,24501.1,24501.5,0
2026-08-04 07:24:00+00:00,24503.5,24503.5,24499.1,24500.05,0
2026-08-04 07:25:00+00:00,24500.65,24500.65,24490.6,24491.75,0
2026-08-04 07:26:00+00:00,24494.2,24494.2,24489.35,24491.9,0
2026-08-04 07:27:00+00:00,24493.55,24495.95,24491.3,24495.6,0
2026-08-04 07:28:00+00:00,24496.95,24496.95,24490.8,24491.3,0
2026-08-04 07:29:00+00:00,24493.55,24495.65,24490.65,24491.75,0
2026-08-04 07:30:00+00:00,24493.4,24495.8,24488.75,24495.0,0
2026-08-04 07:31:00+00:00,24497.35,24500.85,24495.6,24499.55,0
2026-08-04 07:32:00+00:00,24500.65,24500.65,24492.1,24492.3,0
2026-08-04 07:33:00+00:00,24494.2,24497.35,24492.1,24494.65,0
2026-08-04 07:34:00+00:00,24496.65,24496.65,24491.85,24493.65,0
2026-08-04 07:35:00+00:00,24494.65,24495.8,24491.75,24491.9,0
2026-08-04 07:36:00+00:00,24493.95,24493.95,24488.65,24491.25,0
2026-08-04 07:37:00+00:00,24493.25,24493.35,24489.4,24491.45,0
2026-08-04 07:38:00+00:00,24492.6,24493.5,24490.0,24490.35,0
2026-08-04 07:39:00+00:00,24493.05,24493.05,24483.2,24483.7,0
2026-08-04 07:40:00+00:00,24486.65,24489.1,24484.65,24487.25,0
2026-08-04 07:41:00+00:00,24489.65,24489.75,24485.55,24485.7,0
2026-08-04 07:42:00+00:00,24487.55,24487.55,24483.4,24485.1,0
2026-08-04 07:43:00+00:00,24486.95,24488.4,24482.95,24483.6,0
2026-08-04 07:44:00+00:00,24485.05,24485.05,24477.35,24479.6,0
2026-08-04 07:45:00+00:00,24481.7,24481.7,24474.1,24477.95,0
2026-08-04 07:46:00+00:00,24479.4,24480.55,24475.7,24480.5,0
2026-08-04 07:47:00+00:00,24483.0,24487.0,24479.15,24482.3,0
2026-08-04 07:48:00+00:00,24483.4,24487.95,24480.5,24485.05,0
2026-08-04 07:49:00+00:00,24486.6,24486.6,24480.05,24482.05,0
2026-08-04 07:50:00+00:00,24484.05,24484.05,24479.45,24480.65,0
2026-08-04 07:51:00+00:00,24482.05,24482.05,24475.2,24475.8,0
2026-08-04 07:52:00+00:00,24477.65,24480.15,24475.15,24478.75,0
2026-08-04 07:53:00+00:00,24481.05,24492.0,24479.15,24491.35,0
2026-08-04 07:54:00+00:00,24492.0,24493.45,24490.1,24491.8,0
2026-08-04 07:55:00+00:00,24492.75,24492.75,24489.05,24490.1,0
2026-08-04 07:56:00+00:00,24491.55,24491.55,24485.75,24488.1,0
2026-08-04 07:57:00+00:00,24489.65,24491.05,24487.55,24488.25,0
2026-08-04 07:58:00+00:00,24490.05,24490.05,24475.65,24475.8,0
2026-08-04 07:59:00+00:00,24478.0,24478.0,24469.35,24471.2,0
2026-08-04 08:00:00+00:00,24473.5,24474.0,24468.95,24470.75,0
2026-08-04 08:01:00+00:00,24472.4,24472.4,24466.8,24468.65,0
2026-08-04 08:02:00+00:00,24469.95,24470.0,24461.95,24462.7,0
2026-08-04 08:03:00+00:00,24464.6,24464.6,24458.2,24464.05,0
2026-08-04 08:04:00+00:00,24465.95,24468.9,24462.7,24463.7,0
2026-08-04 08:05:00+00:00,24464.7,24465.0,24458.55,24458.85,0
2026-08-04 08:06:00+00:00,24460.8,24460.8,24455.95,24459.9,0
2026-08-04 08:07:00+00:00,24461.85,24464.05,24457.7,24463.45,0
2026-08-04 08:08:00+00:00,24464.1,24464.25,24460.85,24464.25,0
2026-08-04 08:09:00+00:00,24465.15,24470.85,24463.55,24468.2,0
2026-08-04 08:10:00+00:00,24468.75,24470.9,24466.65,24469.1,0
2026-08-04 08:11:00+00:00,24470.85,24471.0,24468.5,24469.75,0
2026-08-04 08:12:00+00:00,24470.6,24470.6,24462.25,24463.9,0
2026-08-04 08:13:00+00:00,24466.1,24466.1,24460.2,24461.2,0
2026-08-04 08:14:00+00:00,24463.3,24463.3,24453.65,24453.8,0
2026-08-04 08:15:00+00:00,24454.8,24458.2,24453.05,24456.1,0
2026-08-04 08:16:00+00:00,24457.5,24457.5,24452.0,24454.2,0
2026-08-04 08:17:00+00:00,24455.4,24457.8,24451.7,24457.1,0
2026-08-04 08:18:00+00:00,24459.2,24466.8,24456.95,24465.95,0
2026-08-04 08:19:00+00:00,24467.45,24467.45,24462.05,24465.45,0
2026-08-04 08:20:00+00:00,24466.75,24468.25,24464.3,24466.95,0
2026-08-04 08:21:00+00:00,24468.45,24468.45,24462.45,24465.05,0
2026-08-04 08:22:00+00:00,24467.1,24467.25,24462.5,24463.75,0
2026-08-04 08:23:00+00:00,24464.55,24464.55,24449.75,24450.1,0
2026-08-04 08:24:00+00:00,24450.55,24450.55,24440.9,24446.7,0
2026-08-04 08:25:00+00:00,24446.4,24448.4,24444.9,24446.8,0
2026-08-04 08:26:00+00:00,24447.7,24448.4,24439.45,24439.75,0
2026-08-04 08:27:00+00:00,24440.45,24440.7,24429.15,24429.55,0
2026-08-04 08:28:00+00:00,24430.2,24442.75,24427.95,24441.75,0
2026-08-04 08:29:00+00:00,24443.45,24449.6,24440.85,24448.9,0
2026-08-04 08:30:00+00:00,24450.6,24450.6,24436.15,24444.95,0
2026-08-04 08:31:00+00:00,24448.05,24448.05,24442.75,24444.8,0
2026-08-04 08:32:00+00:00,24446.35,24446.35,24440.9,24442.1,0
2026-08-04 08:33:00+00:00,24444.2,24444.2,24439.95,24442.7,0
2026-08-04 08:34:00+00:00,24443.25,24446.1,24440.45,24445.4,0
2026-08-04 08:35:00+00:00,24447.8,24450.3,24444.3,24447.65,0
2026-08-04 08:36:00+00:00,24449.65,24454.2,24447.2,24452.45,0
2026-08-04 08:37:00+00:00,24453.9,24457.9,24451.65,24456.05,0
2026-08-04 08:38:00+00:00,24458.75,24458.75,24451.05,24451.3,0
2026-08-04 08:39:00+00:00,24453.8,24454.2,24449.55,24450.2,0
2026-08-04 08:40:00+00:00,24452.5,24455.45,24450.1,24452.4,0
2026-08-04 08:41:00+00:00,24454.45,24460.45,24450.2,24459.4,0
2026-08-04 08:42:00+00:00,24462.25,24462.25,24457.2,24458.75,0
2026-08-04 08:43:00+00:00,24461.1,24461.1,24455.2,24457.65,0
2026-08-04 08:44:00+00:00,24459.3,24463.3,24457.15,24462.35,0
2026-08-04 08:45:00+00:00,24463.8,24464.95,24460.85,24461.4,0
2026-08-04 08:46:00+00:00,24463.3,24465.2,24460.45,24463.25,0
2026-08-04 08:47:00+00:00,24464.6,24470.3,24463.4,24469.75,0
2026-08-04 08:48:00+00:00,24470.95,24473.85,24464.55,24473.85,0
2026-08-04 08:49:00+00:00,24475.0,24487.35,24473.45,24486.0,0
2026-08-04 08:50:00+00:00,24487.3,24492.45,24486.65,24492.15,0
2026-08-04 08:51:00+00:00,24493.45,24494.3,24472.65,24476.2,0
2026-08-04 08:52:00+00:00,24478.65,24479.4,24475.0,24477.6,0
2026-08-04 08:53:00+00:00,24479.8,24482.05,24463.8,24466.2,0
2026-08-04 08:54:00+00:00,24469.9,24475.95,24467.65,24473.4,0
2026-08-04 08:55:00+00:00,24476.0,24480.75,24473.65,24477.85,0
2026-08-04 08:56:00+00:00,24480.3,24482.85,24476.25,24478.15,0
2026-08-04 08:57:00+00:00,24480.8,24482.1,24475.9,24479.5,0
2026-08-04 08:58:00+00:00,24479.85,24481.6,24471.0,24472.2,0
2026-08-04 08:59:00+00:00,24473.65,24473.65,24461.1,24470.5,0
2026-08-04 09:00:00+00:00,24470.1,24481.5,24465.85,24479.3,0
2026-08-04 09:01:00+00:00,24480.45,24490.3,24478.2,24481.0,0
2026-08-04 09:02:00+00:00,24480.7,24486.2,24469.65,24469.65,0
2026-08-04 09:03:00+00:00,24470.9,24471.25,24458.9,24458.9,0
2026-08-04 09:04:00+00:00,24462.5,24465.15,24456.3,24463.15,0
2026-08-04 09:05:00+00:00,24464.85,24469.5,24462.65,24466.65,0
2026-08-04 09:06:00+00:00,24467.35,24467.9,24456.85,24460.6,0
2026-08-04 09:07:00+00:00,24461.8,24465.2,24459.1,24463.75,0
2026-08-04 09:08:00+00:00,24464.65,24470.65,24463.35,24469.15,0
2026-08-04 09:09:00+00:00,24469.2,24471.5,24462.3,24463.3,0
2026-08-04 09:10:00+00:00,24463.85,24467.55,24462.2,24463.25,0
2026-08-04 09:11:00+00:00,24464.15,24467.15,24462.0,24464.35,0
2026-08-04 09:12:00+00:00,24464.9,24466.5,24459.15,24462.7,0
2026-08-04 09:13:00+00:00,24461.75,24463.8,24458.05,24459.5,0
2026-08-04 09:14:00+00:00,24461.0,24464.0,24456.65,24456.65,0
2026-08-04 09:15:00+00:00,24459.4,24472.05,24455.95,24471.8,0
2026-08-04 09:16:00+00:00,24469.8,24471.9,24465.85,24467.1,0
2026-08-04 09:17:00+00:00,24466.85,24469.15,24465.0,24467.4,0
2026-08-04 09:18:00+00:00,24468.05,24468.7,24464.25,24465.3,0
2026-08-04 09:19:00+00:00,24466.6,24471.65,24465.8,24469.2,0
2026-08-04 09:20:00+00:00,24469.65,24473.6,24466.9,24467.5,0
2026-08-04 09:21:00+00:00,24470.6,24471.85,24465.9,24467.95,0
2026-08-04 09:22:00+00:00,24469.55,24473.5,24468.1,24470.9,0
2026-08-04 09:23:00+00:00,24472.1,24474.85,24470.3,24473.7,0
2026-08-04 09:24:00+00:00,24474.15,24476.3,24472.5,24474.8,0
2026-08-04 09:25:00+00:00,24475.7,24480.3,24473.75,24473.95,0
2026-08-04 09:26:00+00:00,24475.55,24479.9,24473.1,24479.65,0
2026-08-04 09:27:00+00:00,24480.25,24481.45,24468.6,24469.7,0
2026-08-04 09:28:00+00:00,24472.3,24472.3,24465.6,24467.65,0
2026-08-04 09:29:00+00:00,24469.1,24471.3,24465.6,24465.85,0
2026-08-04 09:30:00+00:00,24469.1,24474.3,24463.9,24463.9,0
2026-08-04 09:31:00+00:00,24464.8,24465.75,24453.45,24454.9,0
2026-08-04 09:32:00+00:00,24456.95,24459.65,24454.1,24455.2,0
2026-08-04 09:33:00+00:00,24455.15,24456.7,24452.05,24453.6,0
2026-08-04 09:34:00+00:00,24455.0,24457.1,24449.75,24450.35,0
2026-08-04 09:35:00+00:00,24450.35,24452.0,24445.0,24448.85,0
2026-08-04 09:36:00+00:00,24449.65,24452.5,24446.15,24451.9,0
2026-08-04 09:37:00+00:00,24452.8,24458.3,24451.8,24454.0,0
2026-08-04 09:38:00+00:00,24454.7,24457.15,24451.8,24452.15,0
2026-08-04 09:39:00+00:00,24455.65,24457.35,24447.5,24452.3,0
2026-08-04 09:40:00+00:00,24454.0,24456.7,24443.6,24449.9,0
2026-08-04 09:41:00+00:00,24448.85,24458.75,24446.8,24454.05,0
2026-08-04 09:42:00+00:00,24453.75,24455.2,24446.7,24449.55,0
2026-08-04 09:43:00+00:00,24448.8,24453.55,24446.65,24453.55,0
2026-08-04 09:44:00+00:00,24453.7,24466.15,24451.1,24462.95,0
2026-08-04 09:45:00+00:00,24463.45,24463.45,24463.45,24463.45,0
2026-08-04 09:46:00+00:00,24463.45,24463.45,24463.45,24463.45,0
2026-08-04 09:47:00+00:00,24463.45,24463.45,24463.45,24463.45,0
2026-08-04 09:48:00+00:00,24463.45,24463.45,24463.45,24463.45,0
2026-08-04 09:49:00+00:00,24463.45,24463.45,24463.45,24463.45,0
2026-08-04 09:50:00+00:00,24463.45,24463.45,24463.45,24463.45,0
2026-08-04 09:51:00+00:00,24463.45,24463.45,24463.45,24463.45,0
2026-08-04 09:52:00+00:00,24463.45,24463.45,24463.45,24463.45,0
2026-08-04 09:53:00+00:00,24463.45,24463.45,24463.45,24463.45,0
2026-08-04 09:54:00+00:00,24463.45,24463.45,24463.45,24463.45,0
2026-08-04 09:55:00+00:00,24463.45,24463.45,24463.45,24463.45,0
2026-08-04 09:56:00+00:00,24463.45,24463.45,24463.45,24463.45,0
2026-08-04 09:57:00+00:00,24463.45,24463.45,24463.45,24463.45,0
2026-08-04 09:58:00+00:00,24463.45,24614.9,24463.45,24614.9,0
2026-08-04 09:59:00+00:00,24614.9,24614.9,24614.9,24614.9,0
2026-08-05 03:45:00+00:00,24669.2,24677.6,24616.95,24646.15,0
2026-08-05 03:46:00+00:00,24646.65,24653.9,24634.7,24648.15,0
2026-08-05 03:47:00+00:00,24648.1,24652.9,24641.95,24643.4,0
2026-08-05 03:48:00+00:00,24644.45,24650.45,24637.8,24643.25,0
2026-08-05 03:49:00+00:00,24644.05,24645.05,24633.65,24636.2,0
2026-08-05 03:50:00+00:00,24636.5,24640.95,24634.85,24635.85,0
2026-08-05 03:51:00+00:00,24637.0,24642.15,24633.4,24638.25,0
2026-08-05 03:52:00+00:00,24639.8,24641.6,24625.7,24626.1,0
2026-08-05 03:53:00+00:00,24627.1,24628.4,24622.05,24622.6,0
2026-08-05 03:54:00+00:00,24623.2,24628.3,24621.05,24626.1,0
2026-08-05 03:55:00+00:00,24624.0,24628.2,24619.25,24621.8,0
2026-08-05 03:56:00+00:00,24621.75,24621.75,24611.0,24612.15,0
2026-08-05 03:57:00+00:00,24613.8,24621.6,24611.55,24614.35,0
2026-08-05 03:58:00+00:00,24614.25,24619.4,24613.15,24618.4,0
2026-08-05 03:59:00+00:00,24618.9,24625.1,24617.0,24621.4,0
2026-08-05 04:00:00+00:00,24622.2,24622.45,24605.7,24606.75,0
2026-08-05 04:01:00+00:00,24607.85,24614.3,24605.2,24612.75,0
2026-08-05 04:02:00+00:00,24613.15,24621.6,24612.95,24621.45,0
2026-08-05 04:03:00+00:00,24622.0,24624.05,24616.4,24620.15,0
2026-08-05 04:04:00+00:00,24621.2,24622.15,24610.5,24610.65,0
2026-08-05 04:05:00+00:00,24612.8,24614.2,24609.05,24610.75,0
2026-08-05 04:06:00+00:00,24611.9,24615.55,24607.95,24608.45,0
2026-08-05 04:07:00+00:00,24609.85,24611.55,24604.6,24608.75,0
2026-08-05 04:08:00+00:00,24609.4,24613.75,24605.6,24612.45,0
2026-08-05 04:09:00+00:00,24614.05,24622.6,24613.65,24622.25,0
2026-08-05 04:10:00+00:00,24622.75,24627.4,24620.45,24627.2,0
2026-08-05 04:11:00+00:00,24628.4,24634.8,24626.1,24633.95,0
2026-08-05 04:12:00+00:00,24635.95,24635.95,24626.35,24627.4,0
2026-08-05 04:13:00+00:00,24628.6,24633.2,24626.9,24627.65,0
2026-08-05 04:14:00+00:00,24628.6,24632.05,24627.25,24628.05,0
2026-08-05 04:15:00+00:00,24629.85,24629.85,24624.55,24626.3,0
2026-08-05 04:16:00+00:00,24627.65,24627.65,24621.6,24623.55,0
2026-08-05 04:17:00+00:00,24625.3,24628.8,24622.55,24624.45,0
2026-08-05 04:18:00+00:00,24625.35,24628.45,24621.9,24626.65,0
2026-08-05 04:19:00+00:00,24627.2,24631.7,24625.8,24629.5,0
2026-08-05 04:20:00+00:00,24629.05,24630.5,24621.0,24621.45,0
2026-08-05 04:21:00+00:00,24622.3,24622.5,24607.95,24607.95,0
2026-08-05 04:22:00+00:00,24608.45,24608.7,24598.95,24602.65,0
2026-08-05 04:23:00+00:00,24604.5,24605.2,24597.2,24599.3,0
2026-08-05 04:24:00+00:00,24601.45,24601.45,24591.15,24592.1,0
2026-08-05 04:25:00+00:00,24592.55,24594.3,24582.65,24584.0,0
2026-08-05 04:26:00+00:00,24584.45,24587.6,24582.2,24583.3,0
2026-08-05 04:27:00+00:00,24584.65,24588.95,24581.55,24587.4,0
2026-08-05 04:28:00+00:00,24588.55,24590.5,24587.05,24589.9,0
2026-08-05 04:29:00+00:00,24589.8,24595.3,24587.75,24594.25,0
2026-08-05 04:30:00+00:00,24595.05,24601.75,24595.05,24601.75,0
2026-08-05 04:31:00+00:00,24602.15,24604.95,24599.5,24603.55,0
2026-08-05 04:32:00+00:00,24604.55,24610.8,24598.85,24610.2,0
2026-08-05 04:33:00+00:00,24612.6,24620.6,24611.8,24616.4,0
2026-08-05 04:34:00+00:00,24617.35,24619.4,24611.25,24612.15,0
2026-08-05 04:35:00+00:00,24612.2,24614.75,24603.85,24604.6,0
2026-08-05 04:36:00+00:00,24605.65,24605.95,24591.3,24593.35,0
2026-08-05 04:37:00+00:00,24593.2,24593.5,24588.45,24592.3,0
2026-08-05 04:38:00+00:00,24593.6,24606.6,24592.0,24606.0,0
2026-08-05 04:39:00+00:00,24607.25,24609.65,24605.0,24605.6,0
2026-08-05 04:40:00+00:00,24607.1,24614.4,24605.35,24610.65,0
2026-08-05 04:41:00+00:00,24610.75,24618.55,24609.0,24613.25,0
2026-08-05 04:42:00+00:00,24613.15,24615.8,24611.7,24612.85,0
2026-08-05 04:43:00+00:00,24614.3,24622.4,24613.15,24621.3,0
2026-08-05 04:44:00+00:00,24622.55,24623.2,24619.3,24621.25,0
2026-08-05 04:45:00+00:00,24621.75,24621.75,24608.05,24608.05,0
2026-08-05 04:46:00+00:00,24608.45,24609.45,24605.6,24605.6,0
2026-08-05 04:47:00+00:00,24606.25,24606.25,24601.7,24605.0,0
2026-08-05 04:48:00+00:00,24605.9,24607.55,24602.05,24606.65,0
2026-08-05 04:49:00+00:00,24609.2,24612.85,24606.75,24610.8,0
2026-08-05 04:50:00+00:00,24612.9,24615.65,24609.3,24614.9,0
2026-08-05 04:51:00+00:00,24616.05,24616.65,24604.95,24605.5,0
2026-08-05 04:52:00+00:00,24606.25,24614.3,24604.7,24613.8,0
2026-08-05 04:53:00+00:00,24613.8,24618.9,24611.5,24617.2,0
2026-08-05 04:54:00+00:00,24617.85,24617.85,24613.6,24616.0,0
2026-08-05 04:55:00+00:00,24616.1,24616.8,24609.85,24611.7,0
2026-08-05 04:56:00+00:00,24612.65,24612.7,24594.25,24594.25,0
2026-08-05 04:57:00+00:00,24596.3,24596.3,24589.3,24589.6,0
2026-08-05 04:58:00+00:00,24591.25,24591.95,24580.5,24582.05,0
2026-08-05 04:59:00+00:00,24584.2,24585.45,24580.45,24582.15,0
2026-08-05 05:00:00+00:00,24582.8,24583.1,24571.85,24574.55,0
2026-08-05 05:01:00+00:00,24574.4,24575.25,24562.2,24563.7,0
2026-08-05 05:02:00+00:00,24564.1,24575.45,24563.05,24575.2,0
2026-08-05 05:03:00+00:00,24575.2,24581.15,24574.75,24579.9,0
2026-08-05 05:04:00+00:00,24582.0,24582.95,24577.75,24580.15,0
2026-08-05 05:05:00+00:00,24580.4,24582.5,24577.7,24580.55,0
2026-08-05 05:06:00+00:00,24582.1,24591.2,24579.45,24587.35,0
2026-08-05 05:07:00+00:00,24586.6,24586.95,24576.95,24577.5,0
2026-08-05 05:08:00+00:00,24577.8,24579.25,24575.1,24579.25,0
2026-08-05 05:09:00+00:00,24579.3,24582.85,24576.8,24581.5,0
2026-08-05 05:10:00+00:00,24583.65,24587.45,24578.85,24586.8,0
2026-08-05 05:11:00+00:00,24587.65,24594.05,24585.8,24593.35,0
2026-08-05 05:12:00+00:00,24593.95,24602.4,24592.5,24599.1,0
2026-08-05 05:13:00+00:00,24601.85,24605.05,24597.25,24601.25,0
2026-08-05 05:14:00+00:00,24601.6,24602.2,24594.4,24594.4,0
2026-08-05 05:15:00+00:00,24596.25,24602.35,24593.9,24600.0,0
2026-08-05 05:16:00+00:00,24601.85,24602.95,24598.25,24602.4,0
2026-08-05 05:17:00+00:00,24602.5,24603.4,24597.65,24602.75,0
2026-08-05 05:18:00+00:00,24604.1,24608.3,24603.35,24604.8,0
2026-08-05 05:19:00+00:00,24605.45,24610.4,24601.9,24609.5,0
2026-08-05 05:20:00+00:00,24611.4,24617.45,24609.85,24614.4,0
2026-08-05 05:21:00+00:00,24615.75,24615.75,24605.4,24605.8,0
2026-08-05 05:22:00+00:00,24608.3,24610.95,24604.3,24609.35,0
2026-08-05 05:23:00+00:00,24610.05,24612.5,24608.3,24612.5,0
2026-08-05 05:24:00+00:00,24612.85,24619.55,24610.5,24616.2,0
2026-08-05 05:25:00+00:00,24618.2,24631.25,24615.4,24630.7,0
2026-08-05 05:26:00+00:00,24632.4,24635.0,24629.35,24630.4,0
2026-08-05 05:27:00+00:00,24629.75,24636.45,24629.75,24636.45,0
2026-08-05 05:28:00+00:00,24637.45,24641.75,24635.8,24640.1,0
2026-08-05 05:29:00+00:00,24640.7,24644.75,24637.25,24643.5,0
2026-08-05 05:30:00+00:00,24643.9,24654.3,24643.5,24651.8,0
2026-08-05 05:31:00+00:00,24653.9,24657.15,24647.6,24647.6,0
2026-08-05 05:32:00+00:00,24649.45,24649.8,24646.35,24649.25,0
2026-08-05 05:33:00+00:00,24649.5,24654.0,24648.5,24652.75,0
2026-08-05 05:34:00+00:00,24653.3,24653.3,24647.65,24647.95,0
2026-08-05 05:35:00+00:00,24650.4,24658.9,24648.8,24656.6,0
2026-08-05 05:36:00+00:00,24658.3,24662.6,24657.1,24659.0,0
2026-08-05 05:37:00+00:00,24660.85,24661.45,24644.6,24645.85,0
2026-08-05 05:38:00+00:00,24645.15,24645.8,24632.25,24632.75,0
2026-08-05 05:39:00+00:00,24635.65,24636.0,24625.65,24626.2,0
2026-08-05 05:40:00+00:00,24627.25,24627.25,24617.9,24619.15,0
2026-08-05 05:41:00+00:00,24620.45,24624.75,24618.5,24624.7,0
2026-08-05 05:42:00+00:00,24625.95,24630.9,24622.0,24629.65,0
2026-08-05 05:43:00+00:00,24631.35,24640.65,24629.75,24636.6,0
2026-08-05 05:44:00+00:00,24637.9,24639.55,24630.2,24631.45,0
2026-08-05 05:45:00+00:00,24631.2,24637.5,24630.95,24635.15,0
2026-08-05 05:46:00+00:00,24637.65,24637.65,24632.45,24634.85,0
2026-08-05 05:47:00+00:00,24635.35,24635.45,24629.0,24630.5,0
2026-08-05 05:48:00+00:00,24631.75,24633.45,24625.65,24627.2,0
2026-08-05 05:49:00+00:00,24628.35,24629.15,24622.05,24622.4,0
2026-08-05 05:50:00+00:00,24623.45,24623.9,24620.8,24622.35,0
2026-08-05 05:51:00+00:00,24622.9,24624.7,24617.7,24623.25,0
2026-08-05 05:52:00+00:00,24623.9,24629.15,24622.6,24626.55,0
2026-08-05 05:53:00+00:00,24626.9,24627.2,24620.6,24621.35,0
2026-08-05 05:54:00+00:00,24621.75,24621.75,24616.1,24619.55,0
2026-08-05 05:55:00+00:00,24620.25,24621.15,24614.2,24617.0,0
2026-08-05 05:56:00+00:00,24617.45,24617.95,24613.1,24613.2,0
2026-08-05 05:57:00+00:00,24614.8,24615.25,24611.85,24614.3,0
2026-08-05 05:58:00+00:00,24614.9,24614.9,24609.8,24612.0,0
2026-08-05 05:59:00+00:00,24613.0,24613.0,24608.0,24610.95,0
2026-08-05 06:00:00+00:00,24609.55,24612.25,24605.5,24610.0,0
2026-08-05 06:01:00+00:00,24611.05,24611.05,24602.75,24606.85,0
2026-08-05 06:02:00+00:00,24607.85,24607.85,24603.15,24604.75,0
2026-08-05 06:03:00+00:00,24606.35,24606.7,24597.05,24599.35,0
2026-08-05 06:04:00+00:00,24600.25,24600.25,24589.25,24590.2,0
2026-08-05 06:05:00+00:00,24591.05,24591.8,24586.5,24588.55,0
2026-08-05 06:06:00+00:00,24590.4,24594.3,24587.55,24590.7,0
2026-08-05 06:07:00+00:00,24592.0,24593.1,24588.35,24591.9,0
2026-08-05 06:08:00+00:00,24592.2,24595.0,24589.4,24594.4,0
2026-08-05 06:09:00+00:00,24594.75,24599.3,24592.1,24598.2,0
2026-08-05 06:10:00+00:00,24599.3,24600.3,24595.7,24598.65,0
2026-08-05 06:11:00+00:00,24598.25,24598.5,24589.85,24592.9,0
2026-08-05 06:12:00+00:00,24593.95,24596.1,24591.75,24594.8,0
2026-08-05 06:13:00+00:00,24596.05,24596.9,24593.55,24596.5,0
2026-08-05 06:14:00+00:00,24597.3,24601.1,24593.2,24594.4,0
2026-08-05 06:15:00+00:00,24595.75,24595.75,24589.9,24593.4,0
2026-08-05 06:16:00+00:00,24595.2,24595.2,24587.45,24589.1,0
2026-08-05 06:17:00+00:00,24590.5,24591.9,24587.85,24589.1,0
2026-08-05 06:18:00+00:00,24590.15,24592.65,24586.3,24586.95,0
2026-08-05 06:19:00+00:00,24589.0,24589.4,24583.05,24583.65,0
2026-08-05 06:20:00+00:00,24584.95,24584.95,24576.35,24577.15,0
2026-08-05 06:21:00+00:00,24579.0,24579.0,24571.2,24571.7,0
2026-08-05 06:22:00+00:00,24573.65,24578.5,24569.4,24577.0,0
2026-08-05 06:23:00+00:00,24577.0,24580.65,24575.6,24576.3,0
2026-08-05 06:24:00+00:00,24577.05,24577.15,24573.7,24573.7,0
2026-08-05 06:25:00+00:00,24575.85,24575.85,24569.05,24570.85,0
2026-08-05 06:26:00+00:00,24572.6,24575.25,24569.45,24570.65,0
2026-08-05 06:27:00+00:00,24570.8,24571.05,24563.5,24563.5,0
2026-08-05 06:28:00+00:00,24566.05,24567.95,24561.5,24565.35,0
2026-08-05 06:29:00+00:00,24568.7,24571.0,24565.05,24570.05,0
2026-08-05 06:30:00+00:00,24570.85,24572.3,24568.3,24570.9,0
2026-08-05 06:31:00+00:00,24572.25,24574.6,24570.15,24573.45,0
2026-08-05 06:32:00+00:00,24574.7,24577.95,24571.5,24575.15,0
2026-08-05 06:33:00+00:00,24578.25,24579.05,24575.35,24577.0,0
2026-08-05 06:34:00+00:00,24578.25,24578.25,24573.45,24575.85,0
2026-08-05 06:35:00+00:00,24576.35,24577.7,24573.15,24573.2,0
2026-08-05 06:36:00+00:00,24573.6,24575.65,24571.9,24573.35,0
2026-08-05 06:37:00+00:00,24573.7,24577.5,24572.55,24575.4,0
2026-08-05 06:38:00+00:00,24575.65,24576.85,24573.9,24574.0,0
2026-08-05 06:39:00+00:00,24577.0,24578.6,24573.6,24576.4,0
2026-08-05 06:40:00+00:00,24577.5,24577.5,24572.7,24573.8,0
2026-08-05 06:41:00+00:00,24573.6,24573.6,24565.05,24565.8,0
2026-08-05 06:42:00+00:00,24566.75,24575.25,24564.75,24575.0,0
2026-08-05 06:43:00+00:00,24575.1,24575.65,24571.6,24574.55,0
2026-08-05 06:44:00+00:00,24575.4,24576.7,24571.2,24572.85,0
2026-08-05 06:45:00+00:00,24573.75,24577.35,24572.75,24574.85,0
2026-08-05 06:46:00+00:00,24576.35,24576.35,24571.2,24574.75,0
2026-08-05 06:47:00+00:00,24575.6,24580.0,24572.45,24580.0,0
2026-08-05 06:48:00+00:00,24579.45,24580.35,24575.6,24576.55,0
2026-08-05 06:49:00+00:00,24577.35,24577.35,24566.3,24566.5,0
2026-08-05 06:50:00+00:00,24567.95,24570.7,24565.8,24569.05,0
2026-08-05 06:51:00+00:00,24570.65,24574.0,24568.65,24572.95,0
2026-08-05 06:52:00+00:00,24574.1,24575.25,24566.15,24566.4,0
2026-08-05 06:53:00+00:00,24568.1,24568.95,24560.75,24564.9,0
2026-08-05 06:54:00+00:00,24566.35,24576.8,24564.95,24571.9,0
2026-08-05 06:55:00+00:00,24573.1,24574.05,24568.75,24573.3,0
2026-08-05 06:56:00+00:00,24574.35,24576.15,24569.15,24570.05,0
2026-08-05 06:57:00+00:00,24571.4,24571.4,24564.1,24565.4,0
2026-08-05 06:58:00+00:00,24568.1,24569.95,24565.75,24569.4,0
2026-08-05 06:59:00+00:00,24570.5,24570.55,24565.7,24566.9,0
2026-08-05 07:00:00+00:00,24567.3,24568.3,24559.35,24561.45,0
2026-08-05 07:01:00+00:00,24561.9,24561.9,24551.95,24552.65,0
2026-08-05 07:02:00+00:00,24554.2,24554.7,24544.4,24550.3,0
2026-08-05 07:03:00+00:00,24552.75,24554.5,24547.15,24549.25,0
2026-08-05 07:04:00+00:00,24550.35,24551.35,24541.9,24543.95,0
2026-08-05 07:05:00+00:00,24544.3,24545.3,24535.4,24538.0,0
2026-08-05 07:06:00+00:00,24539.5,24539.5,24533.55,24535.0,0
2026-08-05 07:07:00+00:00,24536.35,24536.35,24531.2,24532.85,0
2026-08-05 07:08:00+00:00,24534.25,24535.5,24530.05,24532.9,0
2026-08-05 07:09:00+00:00,24534.3,24540.35,24533.3,24540.0,0
2026-08-05 07:10:00+00:00,24541.2,24544.6,24537.95,24541.05,0
2026-08-05 07:11:00+00:00,24543.35,24545.65,24537.6,24537.6,0
2026-08-05 07:12:00+00:00,24539.2,24539.2,24530.35,24530.6,0
2026-08-05 07:13:00+00:00,24532.75,24532.75,24525.35,24528.1,0
2026-08-05 07:14:00+00:00,24529.25,24533.0,24526.8,24531.85,0
2026-08-05 07:15:00+00:00,24533.6,24535.1,24530.75,24532.05,0
2026-08-05 07:16:00+00:00,24533.8,24533.8,24528.4,24530.15,0
2026-08-05 07:17:00+00:00,24532.3,24532.4,24529.45,24529.8,0
2026-08-05 07:18:00+00:00,24531.1,24531.5,24527.1,24527.15,0
2026-08-05 07:19:00+00:00,24528.15,24528.15,24520.6,24523.85,0
2026-08-05 07:20:00+00:00,24525.1,24525.55,24519.15,24519.5,0
2026-08-05 07:21:00+00:00,24520.35,24520.9,24517.65,24519.3,0
2026-08-05 07:22:00+00:00,24520.85,24524.2,24517.45,24523.35,0
2026-08-05 07:23:00+00:00,24524.55,24525.05,24521.2,24523.3,0
2026-08-05 07:24:00+00:00,24525.4,24526.1,24521.15,24523.05,0
2026-08-05 07:25:00+00:00,24524.55,24527.2,24521.05,24527.05,0
2026-08-05 07:26:00+00:00,24528.5,24528.5,24522.05,24522.2,0
2026-08-05 07:27:00+00:00,24523.15,24524.0,24520.1,24522.2,0
2026-08-05 07:28:00+00:00,24523.3,24523.85,24519.8,24521.25,0
2026-08-05 07:29:00+00:00,24521.6,24522.2,24515.6,24516.35,0
2026-08-05 07:30:00+00:00,24518.1,24518.1,24513.7,24514.6,0
2026-08-05 07:31:00+00:00,24515.85,24518.35,24513.8,24517.9,0
2026-08-05 07:32:00+00:00,24517.8,24521.8,24516.45,24521.15,0
2026-08-05 07:33:00+00:00,24522.75,24530.25,24521.2,24528.45,0
2026-08-05 07:34:00+00:00,24529.05,24534.6,24528.2,24530.9,0
2026-08-05 07:35:00+00:00,24532.3,24532.3,24511.15,24512.3,0
2026-08-05 07:36:00+00:00,24514.45,24516.2,24508.45,24516.1,0
2026-08-05 07:37:00+00:00,24515.35,24521.45,24514.0,24520.55,0
2026-08-05 07:38:00+00:00,24521.8,24529.4,24520.8,24529.0,0
2026-08-05 07:39:00+00:00,24530.35,24536.9,24529.05,24536.65,0
2026-08-05 07:40:00+00:00,24537.65,24540.1,24535.2,24537.35,0
2026-08-05 07:41:00+00:00,24538.5,24538.5,24526.5,24526.6,0
2026-08-05 07:42:00+00:00,24528.8,24528.8,24522.95,24523.7,0
2026-08-05 07:43:00+00:00,24524.55,24524.55,24519.25,24522.15,0
2026-08-05 07:44:00+00:00,24523.9,24535.7,24520.15,24534.95,0
2026-08-05 07:45:00+00:00,24535.85,24541.3,24530.55,24539.75,0
2026-08-05 07:46:00+00:00,24541.0,24545.15,24533.3,24543.6,0
2026-08-05 07:47:00+00:00,24545.3,24546.85,24541.95,24543.1,0
2026-08-05 07:48:00+00:00,24544.6,24546.3,24541.2,24543.5,0
2026-08-05 07:49:00+00:00,24544.9,24548.5,24541.75,24547.3,0
2026-08-05 07:50:00+00:00,24548.7,24549.4,24546.25,24546.75,0
2026-08-05 07:51:00+00:00,24548.35,24548.35,24537.55,24541.05,0
2026-08-05 07:52:00+00:00,24542.25,24554.3,24540.3,24554.0,0
2026-08-05 07:53:00+00:00,24554.9,24559.3,24536.65,24536.65,0
2026-08-05 07:54:00+00:00,24538.5,24539.1,24522.95,24524.45,0
2026-08-05 07:55:00+00:00,24526.05,24528.35,24515.75,24520.6,0
2026-08-05 07:56:00+00:00,24521.05,24531.2,24517.75,24527.25,0
2026-08-05 07:57:00+00:00,24527.35,24532.05,24525.55,24529.05,0
2026-08-05 07:58:00+00:00,24530.55,24530.55,24525.45,24525.9,0
2026-08-05 07:59:00+00:00,24527.3,24529.35,24524.15,24528.55,0
2026-08-05 08:00:00+00:00,24529.2,24533.7,24526.15,24532.25,0
2026-08-05 08:01:00+00:00,24533.75,24534.55,24528.55,24530.15,0
2026-08-05 08:02:00+00:00,24530.9,24531.5,24525.75,24530.15,0
2026-08-05 08:03:00+00:00,24532.0,24535.1,24529.6,24531.4,0
2026-08-05 08:04:00+00:00,24532.85,24533.7,24515.6,24519.05,0
2026-08-05 08:05:00+00:00,24520.8,24526.5,24518.1,24524.85,0
2026-08-05 08:06:00+00:00,24525.8,24528.1,24524.3,24525.3,0
2026-08-05 08:07:00+00:00,24526.95,24528.05,24522.45,24522.45,0
2026-08-05 08:08:00+00:00,24523.65,24523.65,24516.9,24519.15,0
2026-08-05 08:09:00+00:00,24519.8,24521.0,24517.3,24520.1,0
2026-08-05 08:10:00+00:00,24521.45,24521.45,24517.45,24517.45,0
2026-08-05 08:11:00+00:00,24518.8,24520.7,24516.6,24520.1,0
2026-08-05 08:12:00+00:00,24521.05,24521.05,24513.4,24514.4,0
2026-08-05 08:13:00+00:00,24515.1,24515.1,24501.75,24504.0,0
2026-08-05 08:14:00+00:00,24506.55,24509.4,24498.4,24502.95,0
2026-08-05 08:15:00+00:00,24503.7,24512.65,24502.1,24506.85,0
2026-08-05 08:16:00+00:00,24509.05,24521.9,24503.0,24519.85,0
2026-08-05 08:17:00+00:00,24521.95,24521.95,24516.15,24520.05,0
2026-08-05 08:18:00+00:00,24520.85,24522.45,24515.6,24520.7,0
2026-08-05 08:19:00+00:00,24522.15,24528.0,24520.05,24527.45,0
2026-08-05 08:20:00+00:00,24529.0,24532.5,24520.3,24523.3,0
2026-08-05 08:21:00+00:00,24523.85,24523.85,24512.4,24513.65,0
2026-08-05 08:22:00+00:00,24513.2,24522.6,24507.8,24519.0,0
2026-08-05 08:23:00+00:00,24520.05,24521.25,24508.7,24514.55,0
2026-08-05 08:24:00+00:00,24516.2,24518.2,24511.95,24517.05,0
2026-08-05 08:25:00+00:00,24517.3,24517.45,24507.4,24507.4,0
2026-08-05 08:26:00+00:00,24509.95,24515.3,24506.5,24511.3,0
2026-08-05 08:27:00+00:00,24513.75,24515.35,24509.4,24511.85,0
2026-08-05 08:28:00+00:00,24513.2,24517.05,24510.3,24515.5,0
2026-08-05 08:29:00+00:00,24516.95,24516.95,24512.9,24514.45,0
2026-08-05 08:30:00+00:00,24515.55,24517.85,24513.45,24516.0,0
2026-08-05 08:31:00+00:00,24517.75,24518.75,24513.6,24517.5,0
2026-08-05 08:32:00+00:00,24517.3,24522.8,24515.55,24520.2,0
2026-08-05 08:33:00+00:00,24521.15,24526.5,24518.85,24522.8,0
2026-08-05 08:34:00+00:00,24523.2,24526.85,24520.95,24524.5,0
2026-08-05 08:35:00+00:00,24525.9,24528.25,24522.25,24527.35,0
2026-08-05 08:36:00+00:00,24528.5,24530.85,24525.35,24530.35,0
2026-08-05 08:37:00+00:00,24530.35,24533.55,24529.3,24532.45,0
2026-08-05 08:38:00+00:00,24534.3,24534.3,24526.25,24526.5,0
2026-08-05 08:39:00+00:00,24527.7,24528.75,24522.75,24523.7,0
2026-08-05 08:40:00+00:00,24524.8,24531.45,24522.7,24531.45,0
2026-08-05 08:41:00+00:00,24530.8,24532.25,24517.65,24524.8,0
2026-08-05 08:42:00+00:00,24526.2,24529.6,24523.55,24524.25,0
2026-08-05 08:43:00+00:00,24524.65,24524.65,24515.25,24516.05,0
2026-08-05 08:44:00+00:00,24517.65,24518.15,24512.6,24513.25,0
2026-08-05 08:45:00+00:00,24514.0,24515.8,24511.2,24514.3,0
2026-08-05 08:46:00+00:00,24514.0,24514.8,24508.0,24509.1,0
2026-08-05 08:47:00+00:00,24510.15,24510.15,24499.35,24502.2,0
2026-08-05 08:48:00+00:00,24501.95,24502.45,24497.95,24502.15,0
2026-08-05 08:49:00+00:00,24504.0,24510.8,24502.7,24507.45,0
2026-08-05 08:50:00+00:00,24506.7,24513.5,24506.0,24509.55,0
2026-08-05 08:51:00+00:00,24510.85,24516.8,24507.6,24514.25,0
2026-08-05 08:52:00+00:00,24515.7,24515.7,24507.55,24507.85,0
2026-08-05 08:53:00+00:00,24508.6,24510.7,24505.05,24506.95,0
2026-08-05 08:54:00+00:00,24508.0,24510.3,24503.4,24505.5,0
2026-08-05 08:55:00+00:00,24505.9,24507.75,24503.45,24504.75,0
2026-08-05 08:56:00+00:00,24505.15,24507.55,24501.85,24505.85,0
2026-08-05 08:57:00+00:00,24507.4,24513.05,24506.05,24511.2,0
2026-08-05 08:58:00+00:00,24511.15,24511.15,24501.65,24502.15,0
2026-08-05 08:59:00+00:00,24503.25,24507.5,24501.1,24504.75,0
2026-08-05 09:00:00+00:00,24507.15,24509.95,24504.4,24507.5,0
2026-08-05 09:01:00+00:00,24508.7,24511.75,24505.35,24505.45,0
2026-08-05 09:02:00+00:00,24506.15,24507.65,24503.25,24506.45,0
2026-08-05 09:03:00+00:00,24508.4,24509.8,24505.35,24507.75,0
2026-08-05 09:04:00+00:00,24508.6,24509.0,24503.75,24504.85,0
2026-08-05 09:05:00+00:00,24506.1,24506.3,24501.5,24503.55,0
2026-08-05 09:06:00+00:00,24503.25,24518.5,24501.55,24514.25,0
2026-08-05 09:07:00+00:00,24517.5,24519.1,24513.75,24517.95,0
2026-08-05 09:08:00+00:00,24518.3,24519.05,24513.85,24516.9,0
2026-08-05 09:09:00+00:00,24518.9,24520.35,24515.6,24516.65,0
2026-08-05 09:10:00+00:00,24516.05,24516.75,24508.1,24508.6,0
2026-08-05 09:11:00+00:00,24510.65,24510.85,24506.5,24506.9,0
2026-08-05 09:12:00+00:00,24508.3,24509.0,24505.1,24508.2,0
2026-08-05 09:13:00+00:00,24509.15,24509.65,24504.3,24505.1,0
2026-08-05 09:14:00+00:00,24505.9,24507.4,24500.75,24505.0,0
2026-08-05 09:15:00+00:00,24506.1,24509.0,24505.55,24506.2,0
2026-08-05 09:16:00+00:00,24506.1,24513.65,24503.85,24511.9,0
2026-08-05 09:17:00+00:00,24513.15,24515.3,24506.45,24513.35,0
2026-08-05 09:18:00+00:00,24514.9,24515.0,24510.9,24513.4,0
2026-08-05 09:19:00+00:00,24514.6,24520.8,24512.9,24517.1,0
2026-08-05 09:20:00+00:00,24517.45,24519.05,24511.2,24512.95,0
2026-08-05 09:21:00+00:00,24514.15,24515.1,24508.6,24508.6,0
2026-08-05 09:22:00+00:00,24509.8,24516.35,24507.45,24513.95,0
2026-08-05 09:23:00+00:00,24514.25,24519.75,24510.25,24516.95,0
2026-08-05 09:24:00+00:00,24518.6,24520.6,24511.2,24511.2,0
2026-08-05 09:25:00+00:00,24512.5,24514.25,24507.05,24508.3,0
2026-08-05 09:26:00+00:00,24508.5,24514.65,24506.2,24512.55,0
2026-08-05 09:27:00+00:00,24513.05,24517.3,24511.55,24515.85,0
2026-08-05 09:28:00+00:00,24516.7,24529.55,24516.0,24527.8,0
2026-08-05 09:29:00+00:00,24528.3,24530.8,24523.8,24523.8,0
2026-08-05 09:30:00+00:00,24525.8,24528.0,24521.8,24522.5,0
2026-08-05 09:31:00+00:00,24523.25,24523.35,24517.3,24521.95,0
2026-08-05 09:32:00+00:00,24522.85,24531.6,24521.65,24528.45,0
2026-08-05 09:33:00+00:00,24529.9,24532.95,24526.2,24532.05,0
2026-08-05 09:34:00+00:00,24532.15,24536.15,24531.3,24533.3,0
2026-08-05 09:35:00+00:00,24533.55,24534.85,24518.6,24526.1,0
2026-08-05 09:36:00+00:00,24527.0,24535.05,24524.25,24531.35,0
2026-08-05 09:37:00+00:00,24532.8,24545.8,24532.25,24543.75,0
2026-08-05 09:38:00+00:00,24544.8,24548.95,24542.65,24544.65,0
2026-08-05 09:39:00+00:00,24544.8,24545.2,24537.0,24540.75,0
2026-08-05 09:40:00+00:00,24542.25,24543.0,24528.5,24532.75,0
2026-08-05 09:41:00+00:00,24533.45,24540.05,24528.95,24539.25,0
2026-08-05 09:42:00+00:00,24539.55,24545.95,24531.45,24544.4,0
2026-08-05 09:43:00+00:00,24543.2,24551.15,24540.35,24549.2,0
2026-08-05 09:44:00+00:00,24550.05,24575.75,24545.95,24570.2,0
2026-08-05 09:45:00+00:00,24570.2,24570.2,24570.2,24570.2,0
2026-08-05 09:46:00+00:00,24570.2,24570.2,24570.2,24570.2,0
2026-08-05 09:47:00+00:00,24570.2,24570.2,24570.2,24570.2,0
2026-08-05 09:48:00+00:00,24570.2,24570.2,24570.2,24570.2,0
2026-08-05 09:49:00+00:00,24570.2,24570.2,24570.2,24570.2,0
2026-08-05 09:50:00+00:00,24570.2,24570.2,24570.2,24570.2,0
2026-08-05 09:51:00+00:00,24570.2,24570.2,24570.2,24570.2,0
2026-08-05 09:52:00+00:00,24570.2,24570.2,24570.2,24570.2,0
2026-08-05 09:53:00+00:00,24570.2,24570.2,24570.2,24570.2,0
2026-08-05 09:54:00+00:00,24570.2,24570.2,24570.2,24570.2,0
2026-08-05 09:55:00+00:00,24570.2,24570.2,24570.2,24570.2,0
2026-08-05 09:56:00+00:00,24570.2,24570.2,24570.2,24570.2,0
2026-08-05 09:57:00+00:00,24570.2,24570.2,24570.2,24570.2,0
2026-08-05 09:58:00+00:00,24570.2,24624.65,24570.2,24624.65,0
2026-08-05 09:59:00+00:00,24624.65,24624.65,24624.65,24624.65,0
2026-08-06 03:45:00+00:00,24641.0,24641.0,24604.15,24628.05,0
2026-08-06 03:46:00+00:00,24629.0,24641.9,24610.7,24633.05,0
2026-08-06 03:47:00+00:00,24631.6,24641.15,24628.7,24637.35,0
2026-08-06 03:48:00+00:00,24638.15,24639.55,24621.2,24624.4,0
2026-08-06 03:49:00+00:00,24625.55,24627.9,24617.05,24625.95,0
2026-08-06 03:50:00+00:00,24627.0,24640.9,24625.4,24637.65,0
2026-08-06 03:51:00+00:00,24638.2,24642.65,24628.15,24639.95,0
2026-08-06 03:52:00+00:00,24642.05,24646.25,24638.1,24643.55,0
2026-08-06 03:53:00+00:00,24644.95,24648.2,24639.8,24642.45,0
2026-08-06 03:54:00+00:00,24644.3,24644.9,24636.9,24637.5,0
2026-08-06 03:55:00+00:00,24638.2,24638.2,24626.25,24636.55,0
2026-08-06 03:56:00+00:00,24637.35,24639.15,24633.95,24637.05,0
2026-08-06 03:57:00+00:00,24638.75,24641.95,24634.85,24637.6,0
2026-08-06 03:58:00+00:00,24639.1,24639.75,24634.25,24637.65,0
2026-08-06 03:59:00+00:00,24637.65,24638.3,24631.0,24635.25,0
2026-08-06 04:00:00+00:00,24637.75,24647.25,24636.75,24645.55,0
2026-08-06 04:01:00+00:00,24646.85,24650.45,24636.1,24636.8,0
2026-08-06 04:02:00+00:00,24639.8,24640.85,24631.55,24632.3,0
2026-08-06 04:03:00+00:00,24633.25,24635.4,24629.15,24633.6,0
2026-08-06 04:04:00+00:00,24632.95,24635.4,24620.65,24624.55,0
2026-08-06 04:05:00+00:00,24625.55,24635.2,24622.7,24633.95,0
2026-08-06 04:06:00+00:00,24636.35,24636.35,24626.25,24627.5,0
2026-08-06 04:07:00+00:00,24629.75,24633.0,24627.35,24628.25,0
2026-08-06 04:08:00+00:00,24630.8,24637.5,24626.85,24635.35,0
2026-08-06 04:09:00+00:00,24636.45,24639.4,24632.65,24632.95,0
2026-08-06 04:10:00+00:00,24635.55,24641.0,24633.95,24638.3,0
2026-08-06 04:11:00+00:00,24640.15,24642.3,24637.2,24637.9,0
2026-08-06 04:12:00+00:00,24638.65,24638.7,24632.0,24636.55,0
2026-08-06 04:13:00+00:00,24638.25,24644.55,24635.85,24640.8,0
2026-08-06 04:14:00+00:00,24642.0,24646.4,24640.35,24645.15,0
2026-08-06 04:15:00+00:00,24647.9,24652.4,24646.6,24648.95,0
2026-08-06 04:16:00+00:00,24651.65,24652.1,24645.2,24649.75,0
2026-08-06 04:17:00+00:00,24652.05,24657.05,24649.6,24656.55,0
2026-08-06 04:18:00+00:00,24657.35,24664.6,24656.05,24660.8,0
2026-08-06 04:19:00+00:00,24663.0,24664.1,24659.1,24659.65,0
2026-08-06 04:20:00+00:00,24660.2,24663.0,24657.85,24661.7,0
2026-08-06 04:21:00+00:00,24662.45,24662.45,24655.4,24658.7,0
2026-08-06 04:22:00+00:00,24660.45,24662.7,24658.85,24659.1,0
2026-08-06 04:23:00+00:00,24660.3,24661.55,24656.5,24660.45,0
2026-08-06 04:24:00+00:00,24661.55,24665.05,24660.5,24662.3,0
2026-08-06 04:25:00+00:00,24663.05,24663.05,24654.65,24655.15,0
2026-08-06 04:26:00+00:00,24656.9,24656.9,24645.95,24646.2,0
2026-08-06 04:27:00+00:00,24648.1,24648.1,24643.3,24646.55,0
2026-08-06 04:28:00+00:00,24648.65,24648.65,24643.35,24644.0,0
2026-08-06 04:29:00+00:00,24645.8,24645.8,24635.3,24636.35,0
2026-08-06 04:30:00+00:00,24637.55,24637.55,24624.75,24624.75,0
2026-08-06 04:31:00+00:00,24626.15,24629.6,24621.3,24626.95,0
2026-08-06 04:32:00+00:00,24627.4,24627.45,24617.25,24617.25,0
2026-08-06 04:33:00+00:00,24618.25,24618.25,24607.9,24608.45,0
2026-08-06 04:34:00+00:00,24608.95,24616.4,24606.45,24614.55,0
2026-08-06 04:35:00+00:00,24614.05,24614.05,24605.95,24606.85,0
2026-08-06 04:36:00+00:00,24607.2,24613.75,24606.4,24612.05,0
2026-08-06 04:37:00+00:00,24612.65,24619.75,24612.0,24618.45,0
2026-08-06 04:38:00+00:00,24619.35,24620.0,24615.4,24615.6,0
2026-08-06 04:39:00+00:00,24616.2,24621.5,24615.2,24620.7,0
2026-08-06 04:40:00+00:00,24621.05,24627.8,24619.55,24627.45,0
2026-08-06 04:41:00+00:00,24627.1,24627.2,24622.8,24624.7,0
2026-08-06 04:42:00+00:00,24625.1,24633.0,24623.9,24631.65,0
2026-08-06 04:43:00+00:00,24632.8,24638.9,24630.95,24631.25,0
2026-08-06 04:44:00+00:00,24632.5,24636.0,24630.1,24630.85,0
2026-08-06 04:45:00+00:00,24631.75,24631.75,24625.0,24626.95,0
2026-08-06 04:46:00+00:00,24627.6,24629.6,24626.15,24628.4,0
2026-08-06 04:47:00+00:00,24628.5,24629.8,24620.9,24622.05,0
2026-08-06 04:48:00+00:00,24622.35,24623.0,24617.75,24621.55,0
2026-08-06 04:49:00+00:00,24622.1,24624.05,24618.05,24619.9,0
2026-08-06 04:50:00+00:00,24621.0,24623.95,24618.65,24622.65,0
2026-08-06 04:51:00+00:00,24623.3,24627.25,24622.2,24626.35,0
2026-08-06 04:52:00+00:00,24626.55,24630.05,24626.35,24629.85,0
2026-08-06 04:53:00+00:00,24630.1,24635.25,24629.9,24634.25,0
2026-08-06 04:54:00+00:00,24634.7,24639.25,24633.95,24638.65,0
2026-08-06 04:55:00+00:00,24639.45,24639.7,24629.2,24629.2,0
2026-08-06 04:56:00+00:00,24630.25,24631.75,24627.65,24630.7,0
2026-08-06 04:57:00+00:00,24630.9,24634.65,24628.0,24630.2,0
2026-08-06 04:58:00+00:00,24630.65,24633.05,24628.45,24632.85,0
2026-08-06 04:59:00+00:00,24633.3,24637.55,24631.95,24635.7,0
2026-08-06 05:00:00+00:00,24636.55,24638.65,24634.4,24637.05,0
2026-08-06 05:01:00+00:00,24637.15,24639.05,24635.4,24638.0,0
2026-08-06 05:02:00+00:00,24638.05,24640.35,24636.7,24638.9,0
2026-08-06 05:03:00+00:00,24639.4,24643.35,24637.7,24639.05,0
2026-08-06 05:04:00+00:00,24640.0,24642.85,24634.9,24635.55,0
2026-08-06 05:05:00+00:00,24636.05,24637.35,24630.35,24634.5,0
2026-08-06 05:06:00+00:00,24636.4,24640.9,24634.8,24638.35,0
2026-08-06 05:07:00+00:00,24639.5,24642.45,24632.2,24632.2,0
2026-08-06 05:08:00+00:00,24633.65,24642.5,24630.9,24641.2,0
2026-08-06 05:09:00+00:00,24641.05,24643.35,24637.1,24639.6,0
2026-08-06 05:10:00+00:00,24639.95,24641.1,24634.6,24635.1,0
2026-08-06 05:11:00+00:00,24635.5,24636.35,24632.05,24633.8,0
2026-08-06 05:12:00+00:00,24634.4,24638.55,24632.75,24635.6,0
2026-08-06 05:13:00+00:00,24636.0,24638.95,24632.25,24636.6,0
2026-08-06 05:14:00+00:00,24636.7,24640.0,24635.1,24636.65,0
2026-08-06 05:15:00+00:00,24637.0,24637.25,24631.75,24633.1,0
2026-08-06 05:16:00+00:00,24633.1,24633.85,24627.55,24628.2,0
2026-08-06 05:17:00+00:00,24628.1,24631.35,24623.3,24623.85,0
2026-08-06 05:18:00+00:00,24624.55,24628.5,24621.65,24627.25,0
2026-08-06 05:19:00+00:00,24627.95,24630.75,24622.45,24626.9,0
2026-08-06 05:20:00+00:00,24626.05,24629.95,24623.6,24626.55,0
2026-08-06 05:21:00+00:00,24627.25,24627.7,24620.35,24620.7,0
2026-08-06 05:22:00+00:00,24621.0,24622.0,24617.25,24617.55,0
2026-08-06 05:23:00+00:00,24618.3,24623.5,24616.0,24620.85,0
2026-08-06 05:24:00+00:00,24621.45,24628.85,24618.1,24628.05,0
2026-08-06 05:25:00+00:00,24629.4,24629.95,24625.35,24627.7,0
2026-08-06 05:26:00+00:00,24628.75,24633.35,24623.4,24633.25,0
2026-08-06 05:27:00+00:00,24633.45,24640.6,24632.9,24633.5,0
2026-08-06 05:28:00+00:00,24634.65,24637.2,24629.35,24630.65,0
2026-08-06 05:29:00+00:00,24631.55,24634.0,24623.7,24630.7,0
2026-08-06 05:30:00+00:00,24630.9,24634.7,24626.6,24631.7,0
2026-08-06 05:31:00+00:00,24631.5,24631.65,24626.2,24627.4,0
2026-08-06 05:32:00+00:00,24627.75,24630.9,24621.6,24623.8,0
2026-08-06 05:33:00+00:00,24624.4,24633.35,24623.75,24631.0,0
2026-08-06 05:34:00+00:00,24631.1,24633.95,24628.45,24629.75,0
2026-08-06 05:35:00+00:00,24629.9,24637.9,24628.8,24628.8,0
2026-08-06 05:36:00+00:00,24630.0,24633.9,24628.95,24630.8,0
2026-08-06 05:37:00+00:00,24631.4,24637.05,24629.3,24632.75,0
2026-08-06 05:38:00+00:00,24632.95,24635.4,24629.15,24633.15,0
2026-08-06 05:39:00+00:00,24634.4,24639.6,24632.1,24638.35,0
2026-08-06 05:40:00+00:00,24639.0,24643.55,24637.8,24642.35,0
2026-08-06 05:41:00+00:00,24642.5,24645.6,24639.0,24645.2,0
2026-08-06 05:42:00+00:00,24645.55,24649.6,24644.4,24646.6,0
2026-08-06 05:43:00+00:00,24647.7,24650.95,24646.85,24650.2,0
2026-08-06 05:44:00+00:00,24650.45,24655.6,24648.8,24652.45,0
2026-08-06 05:45:00+00:00,24653.8,24656.35,24652.0,24654.55,0
2026-08-06 05:46:00+00:00,24655.15,24655.5,24648.2,24648.55,0
2026-08-06 05:47:00+00:00,24649.85,24657.7,24647.9,24653.1,0
2026-08-06 05:48:00+00:00,24653.0,24660.65,24652.8,24659.6,0
2026-08-06 05:49:00+00:00,24660.35,24666.3,24660.05,24663.9,0
2026-08-06 05:50:00+00:00,24664.6,24669.8,24663.85,24667.2,0
2026-08-06 05:51:00+00:00,24667.6,24670.45,24665.9,24667.45,0
2026-08-06 05:52:00+00:00,24667.3,24668.7,24664.1,24666.8,0
2026-08-06 05:53:00+00:00,24666.75,24671.05,24666.0,24666.05,0
2026-08-06 05:54:00+00:00,24666.9,24669.9,24666.2,24669.65,0
2026-08-06 05:55:00+00:00,24669.95,24674.5,24667.55,24673.45,0
2026-08-06 05:56:00+00:00,24672.7,24674.85,24667.9,24668.35,0
2026-08-06 05:57:00+00:00,24669.15,24672.4,24663.85,24667.3,0
2026-08-06 05:58:00+00:00,24667.25,24674.4,24664.85,24670.75,0
2026-08-06 05:59:00+00:00,24671.35,24675.05,24669.75,24672.55,0
2026-08-06 06:00:00+00:00,24674.0,24677.05,24671.5,24673.35,0
2026-08-06 06:01:00+00:00,24673.4,24675.25,24662.2,24663.2,0
2026-08-06 06:02:00+00:00,24664.75,24667.65,24662.0,24662.9,0
2026-08-06 06:03:00+00:00,24662.95,24667.2,24659.4,24661.8,0
2026-08-06 06:04:00+00:00,24662.0,24663.1,24658.6,24659.75,0
2026-08-06 06:05:00+00:00,24660.65,24661.7,24656.6,24659.2,0
2026-08-06 06:06:00+00:00,24659.5,24663.4,24656.5,24656.5,0
2026-08-06 06:07:00+00:00,24657.65,24657.65,24652.8,24652.9,0
2026-08-06 06:08:00+00:00,24653.65,24656.7,24652.0,24654.1,0
2026-08-06 06:09:00+00:00,24654.9,24656.95,24650.65,24651.5,0
2026-08-06 06:10:00+00:00,24651.65,24656.55,24649.45,24649.45,0
2026-08-06 06:11:00+00:00,24650.35,24652.3,24644.0,24644.3,0
2026-08-06 06:12:00+00:00,24645.8,24649.6,24634.95,24636.15,0
2026-08-06 06:13:00+00:00,24637.25,24637.65,24628.95,24631.65,0
2026-08-06 06:14:00+00:00,24632.3,24636.95,24631.25,24633.65,0
2026-08-06 06:15:00+00:00,24633.75,24634.6,24626.9,24631.15,0
2026-08-06 06:16:00+00:00,24631.5,24635.9,24630.5,24632.7,0
2026-08-06 06:17:00+00:00,24632.8,24635.05,24628.95,24629.8,0
2026-08-06 06:18:00+00:00,24630.95,24634.85,24630.1,24632.8,0
2026-08-06 06:19:00+00:00,24633.55,24636.35,24630.8,24635.65,0
2026-08-06 06:20:00+00:00,24636.45,24642.5,24636.1,24641.05,0
2026-08-06 06:21:00+00:00,24641.25,24645.65,24641.2,24644.25,0
2026-08-06 06:22:00+00:00,24644.8,24649.6,24643.2,24648.2,0
2026-08-06 06:23:00+00:00,24648.9,24650.75,24645.8,24646.4,0
2026-08-06 06:24:00+00:00,24647.7,24649.3,24645.2,24645.3,0
2026-08-06 06:25:00+00:00,24646.15,24650.7,24644.7,24647.4,0
2026-08-06 06:26:00+00:00,24648.2,24654.25,24646.5,24653.6,0
2026-08-06 06:27:00+00:00,24653.15,24661.0,24650.8,24660.0,0
2026-08-06 06:28:00+00:00,24660.45,24662.75,24655.8,24660.35,0
2026-08-06 06:29:00+00:00,24660.85,24664.35,24657.55,24659.9,0
2026-08-06 06:30:00+00:00,24660.55,24661.8,24654.6,24654.7,0
2026-08-06 06:31:00+00:00,24655.75,24657.95,24652.85,24656.6,0
2026-08-06 06:32:00+00:00,24657.15,24661.45,24656.1,24658.3,0
2026-08-06 06:33:00+00:00,24659.7,24660.9,24656.35,24657.45,0
2026-08-06 06:34:00+00:00,24657.7,24657.85,24653.4,24654.7,0
2026-08-06 06:35:00+00:00,24655.25,24657.65,24652.5,24653.65,0
2026-08-06 06:36:00+00:00,24654.35,24656.4,24650.65,24651.55,0
2026-08-06 06:37:00+00:00,24651.9,24655.9,24649.0,24653.55,0
2026-08-06 06:38:00+00:00,24653.7,24655.55,24649.35,24650.5,0
2026-08-06 06:39:00+00:00,24651.35,24652.5,24648.9,24651.65,0
2026-08-06 06:40:00+00:00,24651.7,24651.8,24647.15,24648.8,0
2026-08-06 06:41:00+00:00,24649.05,24651.1,24646.05,24646.9,0
2026-08-06 06:42:00+00:00,24647.55,24651.05,24645.6,24648.0,0
2026-08-06 06:43:00+00:00,24648.25,24649.65,24644.75,24645.45,0
2026-08-06 06:44:00+00:00,24646.3,24650.0,24638.3,24643.15,0
2026-08-06 06:45:00+00:00,24644.2,24652.1,24643.35,24649.7,0
2026-08-06 06:46:00+00:00,24649.8,24659.75,24649.35,24654.15,0
2026-08-06 06:47:00+00:00,24653.35,24658.8,24651.5,24656.85,0
2026-08-06 06:48:00+00:00,24656.85,24660.75,24654.05,24656.0,0
2026-08-06 06:49:00+00:00,24656.55,24656.75,24645.5,24646.35,0
2026-08-06 06:50:00+00:00,24646.5,24646.7,24640.25,24642.05,0
2026-08-06 06:51:00+00:00,24642.45,24642.45,24634.45,24635.9,0
2026-08-06 06:52:00+00:00,24635.85,24636.35,24630.2,24630.2,0
2026-08-06 06:53:00+00:00,24631.1,24633.6,24627.2,24632.1,0
2026-08-06 06:54:00+00:00,24632.35,24637.0,24632.1,24635.6,0
2026-08-06 06:55:00+00:00,24636.1,24637.65,24630.85,24637.0,0
2026-08-06 06:56:00+00:00,24636.95,24641.7,24635.15,24636.55,0
2026-08-06 06:57:00+00:00,24637.05,24640.9,24634.7,24635.0,0
2026-08-06 06:58:00+00:00,24635.6,24637.95,24633.25,24635.85,0
2026-08-06 06:59:00+00:00,24636.0,24637.05,24631.15,24637.05,0
2026-08-06 07:00:00+00:00,24637.35,24641.2,24636.4,24640.75,0
2026-08-06 07:01:00+00:00,24640.75,24645.25,24638.65,24641.55,0
2026-08-06 07:02:00+00:00,24642.0,24648.55,24640.7,24645.0,0
2026-08-06 07:03:00+00:00,24644.8,24645.9,24638.35,24641.2,0
2026-08-06 07:04:00+00:00,24641.75,24646.7,24641.6,24645.3,0
2026-08-06 07:05:00+00:00,24645.9,24649.45,24644.35,24647.4,0
2026-08-06 07:06:00+00:00,24647.95,24648.0,24640.45,24644.8,0
2026-08-06 07:07:00+00:00,24645.0,24646.2,24642.0,24643.3,0
2026-08-06 07:08:00+00:00,24643.95,24644.65,24639.35,24640.95,0
2026-08-06 07:09:00+00:00,24641.55,24644.75,24640.15,24642.65,0
2026-08-06 07:10:00+00:00,24643.6,24651.1,24641.85,24646.35,0
2026-08-06 07:11:00+00:00,24647.15,24647.15,24638.8,24640.25,0
2026-08-06 07:12:00+00:00,24641.45,24644.4,24639.65,24642.2,0
2026-08-06 07:13:00+00:00,24643.0,24646.15,24641.95,24644.75,0
2026-08-06 07:14:00+00:00,24645.8,24646.25,24641.35,24646.25,0
2026-08-06 07:15:00+00:00,24646.2,24648.45,24643.1,24647.1,0
2026-08-06 07:16:00+00:00,24647.5,24647.8,24640.75,24641.0,0
2026-08-06 07:17:00+00:00,24642.15,24646.85,24641.75,24644.05,0
2026-08-06 07:18:00+00:00,24644.7,24646.95,24637.6,24639.0,0
2026-08-06 07:19:00+00:00,24639.55,24643.45,24634.2,24636.3,0
2026-08-06 07:20:00+00:00,24636.8,24640.05,24634.45,24637.2,0
2026-08-06 07:21:00+00:00,24636.25,24640.15,24634.85,24637.55,0
2026-08-06 07:22:00+00:00,24638.25,24641.8,24637.75,24639.35,0
2026-08-06 07:23:00+00:00,24639.85,24640.5,24631.1,24632.1,0
2026-08-06 07:24:00+00:00,24631.85,24633.7,24627.85,24631.95,0
2026-08-06 07:25:00+00:00,24632.65,24633.6,24626.95,24629.55,0
2026-08-06 07:26:00+00:00,24629.9,24631.55,24625.1,24625.4,0
2026-08-06 07:27:00+00:00,24625.7,24631.25,24622.05,24630.25,0
2026-08-06 07:28:00+00:00,24630.3,24636.25,24628.1,24630.5,0
2026-08-06 07:29:00+00:00,24631.15,24634.2,24628.55,24629.05,0
2026-08-06 07:30:00+00:00,24629.25,24636.75,24628.35,24636.1,0
2026-08-06 07:31:00+00:00,24637.0,24638.0,24630.6,24634.35,0
2026-08-06 07:32:00+00:00,24635.4,24644.85,24633.5,24643.4,0
2026-08-06 07:33:00+00:00,24644.45,24649.5,24642.6,24648.85,0
2026-08-06 07:34:00+00:00,24649.45,24650.95,24640.95,24642.55,0
2026-08-06 07:35:00+00:00,24643.05,24645.45,24636.55,24645.45,0
2026-08-06 07:36:00+00:00,24645.5,24647.25,24635.7,24636.35,0
2026-08-06 07:37:00+00:00,24637.5,24638.85,24630.1,24633.55,0
2026-08-06 07:38:00+00:00,24633.75,24634.15,24622.45,24625.05,0
2026-08-06 07:39:00+00:00,24626.25,24628.5,24624.35,24627.15,0
2026-08-06 07:40:00+00:00,24627.65,24629.55,24624.95,24626.35,0
2026-08-06 07:41:00+00:00,24626.75,24632.6,24624.95,24631.05,0
2026-08-06 07:42:00+00:00,24631.5,24644.05,24626.55,24629.0,0
2026-08-06 07:43:00+00:00,24628.75,24630.45,24626.25,24626.6,0
2026-08-06 07:44:00+00:00,24627.95,24627.95,24621.25,24622.2,0
2026-08-06 07:45:00+00:00,24623.0,24623.0,24611.85,24618.75,0
2026-08-06 07:46:00+00:00,24619.65,24637.55,24619.5,24636.95,0
2026-08-06 07:47:00+00:00,24637.65,24642.25,24636.35,24639.75,0
2026-08-06 07:48:00+00:00,24640.5,24653.45,24639.65,24643.75,0
2026-08-06 07:49:00+00:00,24644.75,24652.55,24642.65,24651.6,0
2026-08-06 07:50:00+00:00,24651.8,24655.9,24638.65,24638.65,0
2026-08-06 07:51:00+00:00,24640.65,24643.4,24637.5,24638.4,0
2026-08-06 07:52:00+00:00,24639.1,24639.1,24629.1,24630.95,0
2026-08-06 07:53:00+00:00,24631.75,24632.95,24624.0,24625.0,0
2026-08-06 07:54:00+00:00,24625.25,24625.5,24617.9,24618.9,0
2026-08-06 07:55:00+00:00,24619.5,24622.2,24617.55,24618.55,0
2026-08-06 07:56:00+00:00,24620.45,24624.9,24615.95,24622.95,0
2026-08-06 07:57:00+00:00,24624.65,24629.55,24622.9,24629.55,0
2026-08-06 07:58:00+00:00,24629.85,24631.15,24627.45,24628.85,0
2026-08-06 07:59:00+00:00,24629.6,24633.45,24622.55,24628.0,0
2026-08-06 08:00:00+00:00,24628.05,24634.75,24628.05,24630.2,0
2026-08-06 08:01:00+00:00,24630.9,24633.85,24628.35,24632.75,0
2026-08-06 08:02:00+00:00,24633.35,24634.8,24629.25,24632.8,0
2026-08-06 08:03:00+00:00,24633.5,24643.05,24632.7,24641.55,0
2026-08-06 08:04:00+00:00,24641.45,24643.4,24636.9,24640.7,0
2026-08-06 08:05:00+00:00,24641.5,24648.05,24637.2,24646.0,0
2026-08-06 08:06:00+00:00,24646.85,24654.95,24645.1,24652.75,0
2026-08-06 08:07:00+00:00,24653.8,24659.65,24652.1,24652.8,0
2026-08-06 08:08:00+00:00,24653.15,24653.15,24630.5,24634.25,0
2026-08-06 08:09:00+00:00,24635.4,24637.75,24629.9,24633.8,0
2026-08-06 08:10:00+00:00,24633.45,24637.2,24629.65,24636.0,0
2026-08-06 08:11:00+00:00,24637.0,24641.15,24635.0,24636.65,0
2026-08-06 08:12:00+00:00,24638.5,24638.5,24628.15,24628.55,0
2026-08-06 08:13:00+00:00,24629.65,24633.7,24626.95,24628.95,0
2026-08-06 08:14:00+00:00,24629.6,24634.0,24626.0,24633.05,0
2026-08-06 08:15:00+00:00,24634.55,24636.1,24629.95,24630.65,0
2026-08-06 08:16:00+00:00,24631.4,24633.45,24626.8,24627.8,0
2026-08-06 08:17:00+00:00,24628.4,24628.65,24613.9,24613.9,0
2026-08-06 08:18:00+00:00,24614.8,24619.75,24613.75,24617.65,0
2026-08-06 08:19:00+00:00,24618.55,24618.65,24613.35,24613.6,0
2026-08-06 08:20:00+00:00,24614.25,24615.25,24608.7,24608.7,0
2026-08-06 08:21:00+00:00,24609.25,24624.95,24606.9,24620.2,0
2026-08-06 08:22:00+00:00,24621.6,24632.6,24620.55,24630.35,0
2026-08-06 08:23:00+00:00,24631.95,24632.8,24626.25,24630.15,0
2026-08-06 08:24:00+00:00,24631.35,24632.95,24627.65,24629.25,0
2026-08-06 08:25:00+00:00,24630.55,24631.55,24627.25,24629.4,0
2026-08-06 08:26:00+00:00,24631.05,24632.55,24627.4,24628.85,0
2026-08-06 08:27:00+00:00,24630.5,24631.15,24625.6,24627.65,0
2026-08-06 08:28:00+00:00,24629.45,24629.5,24620.8,24621.4,0
2026-08-06 08:29:00+00:00,24624.5,24649.75,24621.35,24647.25,0
2026-08-06 08:30:00+00:00,24646.25,24649.5,24637.75,24638.75,0
2026-08-06 08:31:00+00:00,24639.4,24640.5,24634.1,24636.3,0
2026-08-06 08:32:00+00:00,24636.55,24642.8,24635.9,24638.75,0
2026-08-06 08:33:00+00:00,24639.7,24645.4,24637.45,24642.85,0
2026-08-06 08:34:00+00:00,24644.15,24651.25,24643.15,24648.05,0
2026-08-06 08:35:00+00:00,24647.75,24652.45,24646.9,24652.15,0
2026-08-06 08:36:00+00:00,24652.0,24655.05,24650.0,24651.95,0
2026-08-06 08:37:00+00:00,24653.4,24656.65,24650.1,24655.45,0
2026-08-06 08:38:00+00:00,24655.2,24656.35,24650.5,24653.85,0
2026-08-06 08:39:00+00:00,24653.7,24654.7,24647.6,24649.2,0
2026-08-06 08:40:00+00:00,24650.0,24653.05,24648.2,24651.4,0
2026-08-06 08:41:00+00:00,24652.9,24655.45,24649.45,24653.55,0
2026-08-06 08:42:00+00:00,24653.2,24654.75,24649.15,24651.85,0
2026-08-06 08:43:00+00:00,24653.0,24658.5,24651.6,24656.9,0
2026-08-06 08:44:00+00:00,24657.15,24658.35,24649.8,24651.1,0
2026-08-06 08:45:00+00:00,24651.85,24655.25,24650.15,24652.7,0
2026-08-06 08:46:00+00:00,24653.3,24655.6,24651.0,24652.3,0
2026-08-06 08:47:00+00:00,24653.25,24656.7,24651.25,24655.6,0
2026-08-06 08:48:00+00:00,24655.55,24657.6,24654.45,24656.25,0
2026-08-06 08:49:00+00:00,24656.9,24657.65,24652.55,24654.3,0
2026-08-06 08:50:00+00:00,24654.5,24658.75,24653.05,24655.6,0
2026-08-06 08:51:00+00:00,24657.75,24657.75,24649.35,24652.2,0
2026-08-06 08:52:00+00:00,24654.0,24657.75,24651.45,24656.1,0
2026-08-06 08:53:00+00:00,24657.05,24657.15,24652.3,24654.75,0
2026-08-06 08:54:00+00:00,24655.8,24658.55,24654.2,24657.5,0
2026-08-06 08:55:00+00:00,24657.5,24659.35,24654.6,24657.3,0
2026-08-06 08:56:00+00:00,24657.1,24662.8,24655.95,24661.55,0
2026-08-06 08:57:00+00:00,24661.8,24662.35,24657.0,24659.85,0
2026-08-06 08:58:00+00:00,24660.45,24660.6,24655.35,24656.55,0
2026-08-06 08:59:00+00:00,24657.25,24657.25,24651.5,24654.9,0
2026-08-06 09:00:00+00:00,24655.45,24656.3,24649.2,24650.95,0
2026-08-06 09:01:00+00:00,24651.1,24651.1,24634.25,24640.8,0
2026-08-06 09:02:00+00:00,24641.9,24659.45,24639.4,24654.45,0
2026-08-06 09:03:00+00:00,24654.4,24654.6,24647.1,24647.7,0
2026-08-06 09:04:00+00:00,24647.95,24649.9,24646.4,24649.3,0
2026-08-06 09:05:00+00:00,24649.4,24652.8,24648.4,24651.45,0
2026-08-06 09:06:00+00:00,24651.65,24653.6,24646.4,24649.4,0
2026-08-06 09:07:00+00:00,24650.0,24651.55,24645.9,24648.1,0
2026-08-06 09:08:00+00:00,24648.65,24649.15,24644.85,24647.0,0
2026-08-06 09:09:00+00:00,24647.4,24649.55,24641.75,24643.6,0
2026-08-06 09:10:00+00:00,24644.35,24645.7,24632.65,24635.25,0
2026-08-06 09:11:00+00:00,24635.6,24641.7,24633.1,24641.45,0
2026-08-06 09:12:00+00:00,24641.15,24652.65,24640.0,24642.1,0
2026-08-06 09:13:00+00:00,24643.45,24644.2,24634.8,24636.8,0
2026-08-06 09:14:00+00:00,24635.2,24641.7,24634.2,24638.35,0
2026-08-06 09:15:00+00:00,24639.55,24643.5,24636.7,24639.0,0
2026-08-06 09:16:00+00:00,24640.05,24640.05,24634.5,24637.2,0
2026-08-06 09:17:00+00:00,24637.35,24642.1,24636.4,24641.75,0
2026-08-06 09:18:00+00:00,24641.3,24643.5,24640.05,24643.4,0
2026-08-06 09:19:00+00:00,24643.35,24647.55,24642.0,24644.55,0
2026-08-06 09:20:00+00:00,24645.4,24645.8,24640.65,24642.95,0
2026-08-06 09:21:00+00:00,24643.2,24645.2,24640.95,24643.15,0
2026-08-06 09:22:00+00:00,24643.6,24645.1,24638.8,24639.9,0
2026-08-06 09:23:00+00:00,24640.0,24640.0,24634.7,24636.25,0
2026-08-06 09:24:00+00:00,24636.4,24637.95,24634.05,24636.25,0
2026-08-06 09:25:00+00:00,24636.15,24636.15,24629.45,24631.6,0
2026-08-06 09:26:00+00:00,24632.85,24633.75,24630.25,24633.1,0
2026-08-06 09:27:00+00:00,24633.35,24635.0,24631.7,24633.75,0
2026-08-06 09:28:00+00:00,24634.7,24635.9,24629.35,24634.15,0
2026-08-06 09:29:00+00:00,24635.45,24636.2,24629.6,24633.0,0
2026-08-06 09:30:00+00:00,24633.2,24642.05,24629.3,24640.75,0
2026-08-06 09:31:00+00:00,24641.6,24642.05,24635.6,24638.0,0
2026-08-06 09:32:00+00:00,24638.75,24638.85,24630.2,24631.8,0
2026-08-06 09:33:00+00:00,24631.8,24632.0,24615.7,24618.25,0
2026-08-06 09:34:00+00:00,24618.7,24624.25,24614.7,24621.7,0
2026-08-06 09:35:00+00:00,24624.25,24627.45,24617.5,24623.1,0
2026-08-06 09:36:00+00:00,24624.05,24624.75,24616.7,24624.75,0
2026-08-06 09:37:00+00:00,24624.75,24629.4,24620.65,24627.35,0
2026-08-06 09:38:00+00:00,24628.45,24639.0,24619.8,24637.85,0
2026-08-06 09:39:00+00:00,24637.25,24637.25,24625.15,24628.2,0
2026-08-06 09:40:00+00:00,24628.65,24629.4,24622.25,24625.25,0
2026-08-06 09:41:00+00:00,24625.45,24626.85,24621.2,24623.3,0
2026-08-06 09:42:00+00:00,24622.55,24632.65,24619.2,24629.45,0
2026-08-06 09:43:00+00:00,24629.05,24631.95,24627.5,24628.4,0
2026-08-06 09:44:00+00:00,24628.55,24636.6,24622.6,24628.5,0
2026-08-06 09:45:00+00:00,24627.95,24627.95,24627.95,24627.95,0
2026-08-06 09:46:00+00:00,24627.95,24627.95,24627.95,24627.95,0
2026-08-06 09:47:00+00:00,24627.95,24627.95,24627.95,24627.95,0
2026-08-06 09:48:00+00:00,24627.95,24627.95,24627.95,24627.95,0
2026-08-06 09:49:00+00:00,24627.95,24627.95,24627.95,24627.95,0
2026-08-06 09:50:00+00:00,24627.95,24627.95,24627.95,24627.95,0
2026-08-06 09:51:00+00:00,24627.95,24627.95,24627.95,24627.95,0
2026-08-06 09:52:00+00:00,24627.95,24627.95,24627.95,24627.95,0
2026-08-06 09:53:00+00:00,24627.95,24627.95,24627.95,24627.95,0
2026-08-06 09:54:00+00:00,24627.95,24627.95,24627.95,24627.95,0
2026-08-06 09:55:00+00:00,24627.95,24627.95,24627.95,24627.95,0
2026-08-06 09:56:00+00:00,24627.95,24627.95,24627.95,24627.95,0
2026-08-06 09:57:00+00:00,24627.95,24627.95,24627.95,24627.95,0
2026-08-06 09:58:00+00:00,24627.95,24636.0,24627.95,24636.0,0
2026-08-06 09:59:00+00:00,24636.0,24636.0,24636.0,24636.0,0
