datetime,open,high,low,close,volume
2026-02-06 03:45:00+00:00,25605.8,25630.8,25553.55,25603.5,0
2026-02-06 03:50:00+00:00,25600.65,25601.85,25578.45,25587.85,0
2026-02-06 03:55:00+00:00,25588.1,25596.95,25570.5,25574.35,0
2026-02-06 04:00:00+00:00,25574.6,25574.6,25554.5,25563.6,0
2026-02-06 04:05:00+00:00,25563.65,25565.8,25534.2,25544.3,0
2026-02-06 04:10:00+00:00,25543.45,25547.7,25522.25,25526.3,0
2026-02-06 04:15:00+00:00,25527.2,25569.0,25527.2,25569.0,0
2026-02-06 04:20:00+00:00,25569.25,25570.8,25553.0,25554.25,0
2026-02-06 04:25:00+00:00,25554.2,25554.6,25538.05,25552.35,0
2026-02-06 04:30:00+00:00,25552.35,25560.45,25519.15,25535.55,0
2026-02-06 04:35:00+00:00,25534.85,25542.15,25520.8,25531.75,0
2026-02-06 04:40:00+00:00,25531.55,25533.5,25504.6,25515.8,0
2026-02-06 04:45:00+00:00,25515.8,25553.2,25511.6,25544.85,0
2026-02-06 04:50:00+00:00,25543.95,25558.8,25539.45,25544.7,0
2026-02-06 04:55:00+00:00,25543.95,25546.4,25506.65,25506.65,0
2026-02-06 05:00:00+00:00,25507.1,25514.15,25496.1,25504.8,0
2026-02-06 05:05:00+00:00,25504.85,25525.85,25502.4,25522.45,0
2026-02-06 05:10:00+00:00,25521.6,25523.65,25497.9,25502.4,0
2026-02-06 05:15:00+00:00,25501.7,25518.05,25496.95,25507.8,0
2026-02-06 05:20:00+00:00,25507.55,25513.5,25492.4,25498.25,0
2026-02-06 05:25:00+00:00,25498.2,25524.2,25491.9,25522.5,0
2026-02-06 05:30:00+00:00,25522.75,25548.15,25522.75,25546.75,0
2026-02-06 05:35:00+00:00,25546.25,25559.55,25543.25,25559.1,0
2026-02-06 05:40:00+00:00,25558.6,25576.4,25554.85,25576.4,0
2026-02-06 05:45:00+00:00,25577.8,25581.2,25564.6,25578.2,0
2026-02-06 05:50:00+00:00,25577.6,25597.55,25575.55,25593.0,0
2026-02-06 05:55:00+00:00,25592.9,25598.2,25583.35,25588.55,0
2026-02-06 06:00:00+00:00,25588.5,25609.8,25582.95,25607.8,0
2026-02-06 06:05:00+00:00,25607.8,25631.65,25599.85,25627.85,0
2026-02-06 06:10:00+00:00,25627.6,25644.5,25623.45,25623.8,0
2026-02-06 06:15:00+00:00,25623.85,25641.8,25613.2,25636.85,0
2026-02-06 06:20:00+00:00,25636.65,25639.55,25620.75,25625.65,0
2026-02-06 06:25:00+00:00,25625.5,25632.55,25616.65,25632.25,0
2026-02-06 06:30:00+00:00,25631.35,25657.9,25620.8,25621.25,0
2026-02-06 06:35:00+00:00,25621.15,25621.3,25592.6,25593.95,0
2026-02-06 06:40:00+00:00,25593.45,25611.65,25588.45,25611.05,0
2026-02-06 06:45:00+00:00,25611.7,25614.35,25592.0,25603.4,0
2026-02-06 06:50:00+00:00,25602.75,25602.75,25570.3,25570.3,0
2026-02-06 06:55:00+00:00,25570.45,25579.1,25561.35,25573.75,0
2026-02-06 07:00:00+00:00,25573.25,25573.5,25536.7,25543.3,0
2026-02-06 07:05:00+00:00,25542.95,25562.6,25542.95,25552.25,0
2026-02-06 07:10:00+00:00,25552.4,25558.15,25536.95,25543.45,0
2026-02-06 07:15:00+00:00,25542.8,25570.35,25537.5,25542.05,0
2026-02-06 07:20:00+00:00,25541.35,25547.85,25531.85,25532.0,0
2026-02-06 07:25:00+00:00,25532.3,25563.15,25526.65,25556.7,0
2026-02-06 07:30:00+00:00,25556.15,25557.8,25540.2,25557.15,0
2026-02-06 07:35:00+00:00,25557.6,25573.15,25545.3,25553.85,0
2026-02-06 07:40:00+00:00,25554.3,25565.55,25553.25,25561.45,0
2026-02-06 07:45:00+00:00,25562.1,25573.65,25559.7,25569.65,0
2026-02-06 07:50:00+00:00,25569.15,25576.65,25562.75,25569.4,0
2026-02-06 07:55:00+00:00,25570.5,25574.65,25563.9,25569.0,0
2026-02-06 08:00:00+00:00,25569.4,25576.45,25549.1,25562.85,0
2026-02-06 08:05:00+00:00,25563.55,25589.8,25560.95,25585.85,0
2026-02-06 08:10:00+00:00,25586.6,25598.75,25575.7,25578.45,0
2026-02-06 08:15:00+00:00,25578.3,25592.65,25572.05,25588.75,0
2026-02-06 08:20:00+00:00,25588.9,25620.65,25587.15,25618.6,0
2026-02-06 08:25:00+00:00,25618.25,25626.1,25602.0,25617.6,0
2026-02-06 08:30:00+00:00,25617.4,25633.3,25615.75,25618.85,0
2026-02-06 08:35:00+00:00,25618.6,25630.9,25618.0,25625.3,0
2026-02-06 08:40:00+00:00,25625.5,25626.0,25607.15,25612.3,0
2026-02-06 08:45:00+00:00,25612.15,25622.2,25601.9,25619.7,0
2026-02-06 08:50:00+00:00,25620.35,25630.65,25603.75,25604.75,0
2026-02-06 08:55:00+00:00,25604.7,25617.45,25604.25,25610.9,0
2026-02-06 09:00:00+00:00,25611.1,25623.35,25606.5,25622.1,0
2026-02-06 09:05:00+00:00,25622.35,25637.45,25619.35,25631.55,0
2026-02-06 09:10:00+00:00,25632.1,25652.4,25631.7,25651.85,0
2026-02-06 09:15:00+00:00,25651.8,25661.05,25633.65,25636.6,0
2026-02-06 09:20:00+00:00,25636.9,25651.75,25635.5,25651.3,0
2026-02-06 09:25:00+00:00,25651.8,25671.85,25651.8,25670.3,0
2026-02-06 09:30:00+00:00,25671.2,25690.25,25671.2,25685.45,0
2026-02-06 09:35:00+00:00,25683.05,25699.4,25681.75,25692.55,0
2026-02-06 09:40:00+00:00,25690.45,25703.8,25687.3,25698.5,0
2026-02-06 09:45:00+00:00,25697.75,25703.95,25693.0,25695.2,0
2026-02-06 09:50:00+00:00,25693.55,25701.5,25692.95,25700.95,0
2026-02-06 09:55:00+00:00,25698.5,25700.05,25660.2,25673.6,0
2026-02-09 03:45:00+00:00,25888.7,25922.25,25795.95,25815.55,0
2026-02-09 03:50:00+00:00,25814.3,25826.05,25793.3,25821.85,0
2026-02-09 03:55:00+00:00,25821.2,25823.8,25801.75,25822.9,0
2026-02-09 04:00:00+00:00,25822.0,25835.5,25791.75,25802.2,0
2026-02-09 04:05:00+00:00,25802.55,25807.15,25781.65,25782.45,0
2026-02-09 04:10:00+00:00,25781.95,25803.95,25780.9,25793.05,0
2026-02-09 04:15:00+00:00,25792.9,25815.15,25790.35,25812.0,0
2026-02-09 04:20:00+00:00,25812.55,25819.25,25806.65,25812.8,0
2026-02-09 04:25:00+00:00,25812.85,25818.1,25806.05,25814.1,0
2026-02-09 04:30:00+00:00,25814.8,25826.1,25814.15,25824.75,0
2026-02-09 04:35:00+00:00,25824.1,25831.1,25803.55,25810.0,0
2026-02-09 04:40:00+00:00,25810.2,25812.65,25796.15,25801.6,0
2026-02-09 04:45:00+00:00,25800.1,25817.95,25794.0,25816.65,0
2026-02-09 04:50:00+00:00,25816.15,25829.95,25809.05,25817.85,0
2026-02-09 04:55:00+00:00,25818.1,25825.6,25810.45,25812.8,0
2026-02-09 05:00:00+00:00,25812.3,25829.2,25810.1,25826.25,0
2026-02-09 05:05:00+00:00,25824.9,25846.7,25823.6,25842.65,0
2026-02-09 05:10:00+00:00,25843.4,25852.35,25841.65,25852.35,0
2026-02-09 05:15:00+00:00,25852.8,25859.75,25844.5,25846.3,0
2026-02-09 05:20:00+00:00,25847.2,25861.1,25845.8,25860.15,0
2026-02-09 05:25:00+00:00,25859.5,25866.4,25856.0,25864.6,0
2026-02-09 05:30:00+00:00,25865.2,25870.05,25855.25,25856.45,0
2026-02-09 05:35:00+00:00,25856.4,25866.6,25853.45,25855.15,0
2026-02-09 05:40:00+00:00,25855.65,25864.0,25853.9,25857.95,0
2026-02-09 05:45:00+00:00,25858.15,25862.0,25851.75,25860.65,0
2026-02-09 05:50:00+00:00,25860.75,25865.35,25854.15,25863.55,0
2026-02-09 05:55:00+00:00,25863.3,25868.35,25853.9,25858.4,0
2026-02-09 06:00:00+00:00,25858.85,25860.05,25842.0,25848.4,0
2026-02-09 06:05:00+00:00,25849.05,25862.0,25845.55,25860.0,0
2026-02-09 06:10:00+00:00,25860.0,25866.55,25850.4,25851.0,0
2026-02-09 06:15:00+00:00,25850.45,25852.3,25835.75,25847.1,0
2026-02-09 06:20:00+00:00,25846.5,25847.8,25832.2,25832.2,0
2026-02-09 06:25:00+00:00,25832.05,25838.6,25830.5,25834.75,0
2026-02-09 06:30:00+00:00,25834.3,25842.9,25833.9,25842.7,0
2026-02-09 06:35:00+00:00,25842.65,25856.0,25839.25,25855.2,0
2026-02-09 06:40:00+00:00,25855.2,25861.25,25850.7,25856.25,0
2026-02-09 06:45:00+00:00,25856.6,25857.9,25850.0,25852.85,0
2026-02-09 06:50:00+00:00,25852.15,25861.1,25851.55,25858.5,0
2026-02-09 06:55:00+00:00,25858.95,25861.45,25848.5,25849.3,0
2026-02-09 07:00:00+00:00,25850.55,25850.9,25831.55,25839.65,0
2026-02-09 07:05:00+00:00,25841.55,25850.2,25836.45,25836.45,0
2026-02-09 07:10:00+00:00,25837.35,25842.5,25832.5,25835.95,0
2026-02-09 07:15:00+00:00,25836.0,25839.8,25830.15,25832.9,0
2026-02-09 07:20:00+00:00,25833.35,25838.65,25821.65,25822.35,0
2026-02-09 07:25:00+00:00,25822.8,25838.75,25819.95,25837.25,0
2026-02-09 07:30:00+00:00,25838.4,25846.25,25835.9,25843.25,0
2026-02-09 07:35:00+00:00,25844.55,25855.2,25841.9,25853.4,0
2026-02-09 07:40:00+00:00,25854.4,25860.3,25847.45,25849.95,0
2026-02-09 07:45:00+00:00,25850.75,25859.1,25850.25,25857.35,0
2026-02-09 07:50:00+00:00,25859.4,25860.0,25845.2,25846.3,0
2026-02-09 07:55:00+00:00,25847.25,25851.9,25836.85,25838.15,0
2026-02-09 08:00:00+00:00,25840.35,25852.95,25835.85,25849.85,0
2026-02-09 08:05:00+00:00,25851.8,25854.9,25849.6,25850.05,0
2026-02-09 08:10:00+00:00,25851.5,25856.1,25849.65,25853.3,0
2026-02-09 08:15:00+00:00,25854.05,25857.3,25846.0,25847.15,0
2026-02-09 08:20:00+00:00,25848.65,25850.95,25843.1,25846.65,0
2026-02-09 08:25:00+00:00,25846.9,25855.3,25843.75,25845.65,0
2026-02-09 08:30:00+00:00,25846.1,25853.8,25839.95,25842.35,0
2026-02-09 08:35:00+00:00,25843.95,25846.7,25835.5,25846.25,0
2026-02-09 08:40:00+00:00,25847.8,25852.75,25842.2,25844.4,0
2026-02-09 08:45:00+00:00,25845.25,25852.6,25842.2,25850.3,0
2026-02-09 08:50:00+00:00,25852.25,25864.4,25850.0,25858.55,0
2026-02-09 08:55:00+00:00,25860.0,25862.95,25854.95,25858.7,0
2026-02-09 09:00:00+00:00,25860.05,25861.0,25849.45,25852.35,0
2026-02-09 09:05:00+00:00,25852.4,25856.85,25847.2,25850.0,0
2026-02-09 09:10:00+00:00,25850.15,25851.15,25840.35,25843.8,0
2026-02-09 09:15:00+00:00,25844.95,25858.2,25843.1,25851.55,0
2026-02-09 09:20:00+00:00,25853.05,25858.15,25836.25,25848.5,0
2026-02-09 09:25:00+00:00,25850.25,25861.3,25848.35,25858.05,0
2026-02-09 09:30:00+00:00,25860.5,25869.85,25859.35,25868.85,0
2026-02-09 09:35:00+00:00,25869.45,25875.4,25867.55,25870.25,0
2026-02-09 09:40:00+00:00,25870.85,25875.85,25862.5,25866.3,0
2026-02-09 09:45:00+00:00,25866.55,25870.25,25863.45,25868.65,0
2026-02-09 09:50:00+00:00,25869.55,25870.55,25861.15,25864.0,0
2026-02-09 09:55:00+00:00,25864.85,25870.1,25856.85,25863.3,0
2026-02-10 03:45:00+00:00,25922.65,25934.95,25870.45,25918.05,0
2026-02-10 03:50:00+00:00,25918.1,25922.1,25894.15,25915.55,0
2026-02-10 03:55:00+00:00,25914.9,25924.75,25907.7,25917.6,0
2026-02-10 04:00:00+00:00,25918.2,25943.75,25909.65,25943.75,0
2026-02-10 04:05:00+00:00,25943.3,25949.0,25936.7,25941.05,0
2026-02-10 04:10:00+00:00,25941.15,25953.2,25939.8,25949.4,0
2026-02-10 04:15:00+00:00,25949.65,25962.3,25947.05,25948.2,0
2026-02-10 04:20:00+00:00,25948.15,25952.0,25929.95,25932.6,0
2026-02-10 04:25:00+00:00,25932.2,25951.05,25928.8,25949.5,0
2026-02-10 04:30:00+00:00,25948.7,25958.45,25943.95,25954.9,0
2026-02-10 04:35:00+00:00,25954.95,25965.7,25948.2,25952.0,0
2026-02-10 04:40:00+00:00,25951.6,25953.75,25940.25,25944.35,0
2026-02-10 04:45:00+00:00,25944.4,25971.85,25942.0,25966.0,0
2026-02-10 04:50:00+00:00,25965.7,25966.15,25958.75,25964.25,0
2026-02-10 04:55:00+00:00,25963.95,25968.75,25961.65,25963.4,0
2026-02-10 05:00:00+00:00,25963.5,25978.9,25962.05,25976.75,0
2026-02-10 05:05:00+00:00,25976.2,25978.15,25968.4,25969.15,0
2026-02-10 05:10:00+00:00,25969.7,25970.95,25951.35,25960.7,0
2026-02-10 05:15:00+00:00,25960.15,25971.7,25954.35,25959.4,0
2026-02-10 05:20:00+00:00,25960.0,25969.5,25954.8,25957.85,0
2026-02-10 05:25:00+00:00,25958.3,25964.3,25955.3,25959.6,0
2026-02-10 05:30:00+00:00,25959.3,25969.3,25955.1,25964.6,0
2026-02-10 05:35:00+00:00,25964.6,25969.9,25960.25,25961.9,0
2026-02-10 05:40:00+00:00,25961.55,25963.8,25955.75,25959.65,0
2026-02-10 05:45:00+00:00,25960.05,25964.4,25954.6,25959.15,0
2026-02-10 05:50:00+00:00,25959.25,25961.9,25951.3,25952.45,0
2026-02-10 05:55:00+00:00,25952.45,25959.65,25947.3,25954.05,0
2026-02-10 06:00:00+00:00,25953.95,25961.2,25952.9,25956.35,0
2026-02-10 06:05:00+00:00,25956.45,25960.95,25941.9,25953.3,0
2026-02-10 06:10:00+00:00,25953.45,25954.55,25943.7,25950.9,0
2026-02-10 06:15:00+00:00,25951.35,25955.3,25943.95,25949.3,0
2026-02-10 06:20:00+00:00,25949.05,25961.2,25944.25,25960.05,0
2026-02-10 06:25:00+00:00,25960.1,25963.7,25952.7,25961.75,0
2026-02-10 06:30:00+00:00,25961.9,25965.4,25958.15,25964.35,0
2026-02-10 06:35:00+00:00,25963.35,25963.95,25950.65,25954.4,0
2026-02-10 06:40:00+00:00,25953.95,25964.2,25952.25,25963.65,0
2026-02-10 06:45:00+00:00,25964.35,25969.8,25960.9,25968.0,0
2026-02-10 06:50:00+00:00,25967.55,25968.6,25956.0,25959.65,0
2026-02-10 06:55:00+00:00,25959.2,25959.8,25952.65,25956.8,0
2026-02-10 07:00:00+00:00,25956.4,25959.35,25952.2,25956.25,0
2026-02-10 07:05:00+00:00,25956.05,25957.95,25950.85,25957.95,0
2026-02-10 07:10:00+00:00,25958.0,25965.0,25955.5,25964.7,0
2026-02-10 07:15:00+00:00,25964.55,25985.3,25963.7,25984.15,0
2026-02-10 07:20:00+00:00,25983.15,25989.45,25977.05,25979.05,0
2026-02-10 07:25:00+00:00,25979.4,25985.7,25972.15,25973.45,0
2026-02-10 07:30:00+00:00,25972.45,25974.85,25956.8,25966.2,0
2026-02-10 07:35:00+00:00,25965.3,25981.0,25962.45,25978.75,0
2026-02-10 07:40:00+00:00,25978.7,25980.3,25970.8,25977.75,0
2026-02-10 07:45:00+00:00,25978.0,25982.25,25947.5,25948.4,0
2026-02-10 07:50:00+00:00,25948.6,25951.25,25927.45,25931.85,0
2026-02-10 07:55:00+00:00,25932.1,25951.95,25929.9,25938.1,0
2026-02-10 08:00:00+00:00,25935.05,25935.65,25908.85,25922.9,0
2026-02-10 08:05:00+00:00,25921.7,25924.85,25915.4,25924.85,0
2026-02-10 08:10:00+00:00,25922.75,25929.3,25919.9,25927.2,0
2026-02-10 08:15:00+00:00,25925.05,25932.25,25915.95,25921.9,0
2026-02-10 08:20:00+00:00,25920.6,25936.05,25920.3,25934.1,0
2026-02-10 08:25:00+00:00,25933.1,25934.4,25909.6,25910.85,0
2026-02-10 08:30:00+00:00,25910.35,25910.55,25893.2,25901.7,0
2026-02-10 08:35:00+00:00,25900.7,25923.4,25898.3,25911.75,0
2026-02-10 08:40:00+00:00,25909.65,25918.7,25899.65,25918.7,0
2026-02-10 08:45:00+00:00,25918.15,25943.0,25918.15,25943.0,0
2026-02-10 08:50:00+00:00,25941.85,25943.8,25919.4,25924.65,0
2026-02-10 08:55:00+00:00,25923.25,25928.9,25915.85,25921.3,0
2026-02-10 09:00:00+00:00,25919.15,25929.0,25918.6,25924.15,0
2026-02-10 09:05:00+00:00,25922.7,25930.6,25916.2,25916.85,0
2026-02-10 09:10:00+00:00,25915.3,25917.45,25903.85,25912.7,0
2026-02-10 09:15:00+00:00,25911.4,25932.4,25911.2,25928.7,0
2026-02-10 09:20:00+00:00,25927.75,25937.85,25923.7,25935.35,0
2026-02-10 09:25:00+00:00,25935.75,25944.4,25930.9,25941.45,0
2026-02-10 09:30:00+00:00,25943.0,25967.4,25939.95,25951.4,0
2026-02-10 09:35:00+00:00,25953.25,25963.25,25930.85,25958.1,0
2026-02-10 09:40:00+00:00,25958.85,25960.2,25931.5,25933.95,0
2026-02-10 09:45:00+00:00,25934.3,25937.05,25914.55,25919.3,0
2026-02-10 09:50:00+00:00,25919.15,25922.0,25909.75,25911.55,0
2026-02-10 09:55:00+00:00,25911.55,25919.25,25906.05,25916.8,0
2026-02-11 03:45:00+00:00,25997.45,26009.4,25942.45,25985.0,0
2026-02-11 03:50:00+00:00,25984.95,25993.2,25975.8,25980.7,0
2026-02-11 03:55:00+00:00,25980.85,25988.1,25975.6,25980.6,0
2026-02-11 04:00:00+00:00,25980.1,25984.55,25954.75,25955.35,0
2026-02-11 04:05:00+00:00,25955.15,25960.75,25932.15,25933.6,0
2026-02-11 04:10:00+00:00,25932.4,25939.4,25923.5,25937.85,0
2026-02-11 04:15:00+00:00,25937.8,25945.25,25929.85,25929.85,0
2026-02-11 04:20:00+00:00,25930.4,25952.7,25925.75,25950.1,0
2026-02-11 04:25:00+00:00,25949.05,25956.3,25943.05,25943.05,0
2026-02-11 04:30:00+00:00,25943.2,25943.4,25911.9,25915.8,0
2026-02-11 04:35:00+00:00,25914.35,25926.95,25913.55,25925.8,0
2026-02-11 04:40:00+00:00,25925.6,25938.55,25909.85,25917.9,0
2026-02-11 04:45:00+00:00,25918.05,25954.9,25916.9,25954.15,0
2026-02-11 04:50:00+00:00,25954.8,25962.8,25948.2,25961.65,0
2026-02-11 04:55:00+00:00,25961.05,25967.75,25955.9,25964.8,0
2026-02-11 05:00:00+00:00,25964.2,25973.2,25962.75,25964.2,0
2026-02-11 05:05:00+00:00,25963.95,25980.6,25958.2,25977.4,0
2026-02-11 05:10:00+00:00,25978.3,25981.3,25966.65,25969.05,0
2026-02-11 05:15:00+00:00,25968.0,25976.85,25964.8,25976.55,0
2026-02-11 05:20:00+00:00,25975.75,25978.6,25959.85,25960.9,0
2026-02-11 05:25:00+00:00,25960.7,25964.7,25955.8,25961.25,0
2026-02-11 05:30:00+00:00,25961.95,25966.65,25954.2,25966.65,0
2026-02-11 05:35:00+00:00,25966.75,25971.65,25938.9,25942.55,0
2026-02-11 05:40:00+00:00,25941.9,25959.3,25940.7,25956.95,0
2026-02-11 05:45:00+00:00,25957.4,25967.9,25953.6,25955.9,0
2026-02-11 05:50:00+00:00,25955.2,25963.6,25947.4,25959.9,0
2026-02-11 05:55:00+00:00,25960.25,25964.6,25955.5,25957.7,0
2026-02-11 06:00:00+00:00,25957.7,25977.85,25953.65,25972.25,0
2026-02-11 06:05:00+00:00,25972.6,25979.05,25967.25,25967.9,0
2026-02-11 06:10:00+00:00,25967.85,25970.3,25955.6,25956.15,0
2026-02-11 06:15:00+00:00,25956.45,25964.15,25953.3,25961.35,0
2026-02-11 06:20:00+00:00,25961.85,25964.35,25949.6,25958.05,0
2026-02-11 06:25:00+00:00,25958.65,25969.35,25945.5,25946.75,0
2026-02-11 06:30:00+00:00,25947.55,25960.95,25944.9,25955.7,0
2026-02-11 06:35:00+00:00,25955.9,25956.9,25933.95,25942.45,0
2026-02-11 06:40:00+00:00,25942.35,25960.05,25942.35,25953.95,0
2026-02-11 06:45:00+00:00,25954.45,25955.45,25940.0,25942.85,0
2026-02-11 06:50:00+00:00,25942.8,25945.55,25936.05,25937.65,0
2026-02-11 06:55:00+00:00,25938.1,25943.05,25935.8,25939.7,0
2026-02-11 07:00:00+00:00,25940.05,25945.1,25926.05,25926.25,0
2026-02-11 07:05:00+00:00,25926.8,25936.15,25914.8,25917.05,0
2026-02-11 07:10:00+00:00,25916.55,25925.35,25899.8,25911.2,0
2026-02-11 07:15:00+00:00,25911.2,25917.65,25900.9,25916.0,0
2026-02-11 07:20:00+00:00,25915.7,25927.4,25911.65,25926.2,0
2026-02-11 07:25:00+00:00,25925.9,25936.45,25920.05,25927.4,0
2026-02-11 07:30:00+00:00,25928.2,25928.2,25907.6,25914.25,0
2026-02-11 07:35:00+00:00,25913.35,25929.6,25912.9,25926.1,0
2026-02-11 07:40:00+00:00,25925.15,25931.1,25917.8,25923.75,0
2026-02-11 07:45:00+00:00,25923.95,25930.3,25920.1,25928.9,0
2026-02-11 07:50:00+00:00,25928.9,25939.3,25923.2,25931.25,0
2026-02-11 07:55:00+00:00,25931.7,25945.65,25931.7,25945.05,0
2026-02-11 08:00:00+00:00,25944.7,25952.1,25939.9,25949.2,0
2026-02-11 08:05:00+00:00,25949.65,25959.75,25945.1,25957.35,0
2026-02-11 08:10:00+00:00,25958.1,25969.2,25954.3,25955.35,0
2026-02-11 08:15:00+00:00,25955.1,25956.3,25939.0,25939.3,0
2026-02-11 08:20:00+00:00,25938.25,25940.2,25927.5,25932.05,0
2026-02-11 08:25:00+00:00,25931.65,25939.95,25930.2,25932.6,0
2026-02-11 08:30:00+00:00,25932.05,25943.3,25925.55,25938.5,0
2026-02-11 08:35:00+00:00,25938.2,25944.35,25934.45,25937.5,0
2026-02-11 08:40:00+00:00,25936.8,25956.8,25936.7,25956.2,0
2026-02-11 08:45:00+00:00,25955.95,25964.1,25955.45,25958.4,0
2026-02-11 08:50:00+00:00,25958.05,25960.2,25939.7,25945.0,0
2026-02-11 08:55:00+00:00,25944.9,25954.55,25942.8,25944.85,0
2026-02-11 09:00:00+00:00,25944.4,25952.45,25937.2,25952.45,0
2026-02-11 09:05:00+00:00,25951.85,25954.05,25943.5,25944.8,0
2026-02-11 09:10:00+00:00,25944.65,25947.85,25938.85,25944.9,0
2026-02-11 09:15:00+00:00,25945.45,25952.25,25940.3,25943.3,0
2026-02-11 09:20:00+00:00,25942.85,25951.75,25940.6,25946.3,0
2026-02-11 09:25:00+00:00,25946.3,25955.95,25943.6,25944.95,0
2026-02-11 09:30:00+00:00,25944.65,25970.75,25944.65,25956.1,0
2026-02-11 09:35:00+00:00,25956.8,25958.75,25948.7,25951.75,0
2026-02-11 09:40:00+00:00,25952.95,25958.15,25948.9,25955.9,0
2026-02-11 09:45:00+00:00,25957.95,25958.65,25950.9,25955.25,0
2026-02-11 09:50:00+00:00,25956.9,25956.9,25946.4,25949.0,0
2026-02-11 09:55:00+00:00,25950.45,25952.85,25939.75,25945.35,0
2026-02-12 03:45:00+00:00,25906.7,25906.7,25847.25,25855.25,0
2026-02-12 03:50:00+00:00,25857.7,25861.05,25836.6,25843.9,0
2026-02-12 03:55:00+00:00,25845.25,25850.95,25831.25,25833.75,0
2026-02-12 04:00:00+00:00,25835.8,25841.35,25822.3,25838.35,0
2026-02-12 04:05:00+00:00,25839.6,25847.95,25829.8,25842.25,0
2026-02-12 04:10:00+00:00,25842.55,25847.2,25830.4,25844.65,0
2026-02-12 04:15:00+00:00,25844.85,25862.75,25828.4,25854.7,0
2026-02-12 04:20:00+00:00,25859.0,25865.95,25851.45,25860.4,0
2026-02-12 04:25:00+00:00,25861.1,25872.35,25857.65,25865.1,0
2026-02-12 04:30:00+00:00,25867.5,25875.75,25857.85,25871.1,0
2026-02-12 04:35:00+00:00,25871.55,25875.25,25849.9,25865.0,0
2026-02-12 04:40:00+00:00,25866.4,25880.9,25854.8,25880.85,0
2026-02-12 04:45:00+00:00,25881.8,25882.6,25865.25,25876.3,0
2026-02-12 04:50:00+00:00,25876.45,25881.65,25870.85,25875.3,0
2026-02-12 04:55:00+00:00,25876.05,25876.05,25859.4,25867.2,0
2026-02-12 05:00:00+00:00,25867.35,25874.15,25860.95,25872.8,0
2026-02-12 05:05:00+00:00,25873.5,25876.0,25850.6,25859.75,0
2026-02-12 05:10:00+00:00,25861.25,25865.8,25855.7,25859.3,0
2026-02-12 05:15:00+00:00,25859.3,25865.55,25852.75,25856.8,0
2026-02-12 05:20:00+00:00,25857.9,25857.9,25848.7,25853.1,0
2026-02-12 05:25:00+00:00,25853.4,25861.9,25852.65,25853.6,0
2026-02-12 05:30:00+00:00,25853.6,25860.9,25851.2,25856.7,0
2026-02-12 05:35:00+00:00,25857.25,25861.8,25843.15,25853.9,0
2026-02-12 05:40:00+00:00,25854.5,25857.4,25846.85,25849.15,0
2026-02-12 05:45:00+00:00,25849.55,25849.55,25833.35,25840.1,0
2026-02-12 05:50:00+00:00,25840.85,25840.85,25824.2,25833.5,0
2026-02-12 05:55:00+00:00,25834.6,25838.1,25827.05,25831.1,0
2026-02-12 06:00:00+00:00,25833.9,25833.9,25816.25,25821.15,0
2026-02-12 06:05:00+00:00,25822.25,25826.1,25813.05,25817.6,0
2026-02-12 06:10:00+00:00,25820.6,25831.85,25815.7,25828.4,0
2026-02-12 06:15:00+00:00,25828.15,25836.1,25826.2,25827.1,0
2026-02-12 06:20:00+00:00,25827.9,25828.2,25808.05,25814.75,0
2026-02-12 06:25:00+00:00,25815.9,25827.85,25810.75,25826.3,0
2026-02-12 06:30:00+00:00,25827.05,25830.45,25806.5,25815.15,0
2026-02-12 06:35:00+00:00,25816.1,25828.0,25812.4,25828.0,0
2026-02-12 06:40:00+00:00,25828.35,25832.4,25823.35,25828.9,0
2026-02-12 06:45:00+00:00,25829.8,25838.45,25827.95,25836.25,0
2026-02-12 06:50:00+00:00,25838.35,25839.7,25831.2,25836.6,0
2026-02-12 06:55:00+00:00,25836.8,25837.7,25830.95,25832.15,0
2026-02-12 07:00:00+00:00,25834.9,25846.65,25831.85,25842.35,0
2026-02-12 07:05:00+00:00,25843.05,25843.5,25835.4,25838.1,0
2026-02-12 07:10:00+00:00,25839.7,25847.05,25834.05,25844.45,0
2026-02-12 07:15:00+00:00,25845.6,25852.25,25839.95,25844.8,0
2026-02-12 07:20:00+00:00,25845.65,25854.0,25843.4,25853.5,0
2026-02-12 07:25:00+00:00,25854.15,25859.5,25849.15,25853.75,0
2026-02-12 07:30:00+00:00,25854.55,25859.85,25847.85,25853.5,0
2026-02-12 07:35:00+00:00,25854.95,25856.2,25835.35,25839.35,0
2026-02-12 07:40:00+00:00,25841.35,25843.7,25830.0,25835.75,0
2026-02-12 07:45:00+00:00,25836.45,25863.55,25831.55,25851.6,0
2026-02-12 07:50:00+00:00,25853.2,25861.75,25830.75,25860.45,0
2026-02-12 07:55:00+00:00,25861.05,25879.3,25853.45,25855.45,0
2026-02-12 08:00:00+00:00,25857.4,25859.45,25842.85,25849.45,0
2026-02-12 08:05:00+00:00,25850.1,25861.75,25845.35,25859.8,0
2026-02-12 08:10:00+00:00,25862.0,25862.0,25841.3,25844.85,0
2026-02-12 08:15:00+00:00,25845.05,25847.35,25817.0,25817.5,0
2026-02-12 08:20:00+00:00,25817.75,25821.65,25805.65,25821.65,0
2026-02-12 08:25:00+00:00,25822.4,25824.55,25815.35,25816.95,0
2026-02-12 08:30:00+00:00,25817.2,25820.85,25807.25,25817.8,0
2026-02-12 08:35:00+00:00,25817.9,25822.5,25814.15,25817.7,0
2026-02-12 08:40:00+00:00,25817.8,25821.6,25812.65,25817.55,0
2026-02-12 08:45:00+00:00,25818.2,25818.35,25803.25,25807.9,0
2026-02-12 08:50:00+00:00,25807.95,25836.35,25806.75,25833.35,0
2026-02-12 08:55:00+00:00,25833.75,25837.85,25820.3,25823.7,0
2026-02-12 09:00:00+00:00,25823.4,25829.55,25818.5,25823.9,0
2026-02-12 09:05:00+00:00,25823.45,25829.65,25804.0,25808.2,0
2026-02-12 09:10:00+00:00,25808.75,25819.5,25794.55,25797.3,0
2026-02-12 09:15:00+00:00,25796.95,25798.75,25752.4,25759.0,0
2026-02-12 09:20:00+00:00,25760.6,25776.7,25754.9,25775.4,0
2026-02-12 09:25:00+00:00,25776.35,25788.15,25775.1,25785.5,0
2026-02-12 09:30:00+00:00,25788.95,25840.7,25788.4,25823.95,0
2026-02-12 09:35:00+00:00,25823.2,25826.9,25791.15,25821.4,0
2026-02-12 09:40:00+00:00,25820.9,25821.7,25802.4,25807.45,0
2026-02-12 09:45:00+00:00,25805.35,25814.8,25797.45,25810.55,0
2026-02-12 09:50:00+00:00,25809.4,25811.6,25795.5,25799.5,0
2026-02-12 09:55:00+00:00,25796.35,25803.65,25790.4,25796.15,0
2026-02-13 03:45:00+00:00,25571.15,25630.35,25558.3,25596.4,0
2026-02-13 03:50:00+00:00,25597.1,25605.65,25580.1,25602.65,0
2026-02-13 03:55:00+00:00,25605.0,25605.0,25583.95,25585.7,0
2026-02-13 04:00:00+00:00,25586.1,25586.1,25544.85,25547.7,0
2026-02-13 04:05:00+00:00,25549.0,25550.9,25533.9,25538.3,0
2026-02-13 04:10:00+00:00,25537.4,25566.25,25525.45,25560.85,0
2026-02-13 04:15:00+00:00,25560.75,25564.45,25541.05,25544.25,0
2026-02-13 04:20:00+00:00,25543.2,25565.3,25537.05,25553.65,0
2026-02-13 04:25:00+00:00,25553.15,25555.05,25531.5,25534.45,0
2026-02-13 04:30:00+00:00,25534.65,25550.7,25532.5,25549.0,0
2026-02-13 04:35:00+00:00,25549.85,25550.5,25531.7,25534.95,0
2026-02-13 04:40:00+00:00,25535.8,25546.95,25529.35,25531.75,0
2026-02-13 04:45:00+00:00,25531.5,25533.05,25513.3,25526.25,0
2026-02-13 04:50:00+00:00,25527.0,25540.7,25524.0,25538.9,0
2026-02-13 04:55:00+00:00,25539.75,25553.25,25538.55,25548.95,0
2026-02-13 05:00:00+00:00,25548.55,25572.15,25548.25,25567.3,0
2026-02-13 05:05:00+00:00,25567.25,25581.65,25562.7,25579.4,0
2026-02-13 05:10:00+00:00,25578.95,25584.3,25570.25,25574.1,0
2026-02-13 05:15:00+00:00,25573.3,25573.75,25557.85,25558.1,0
2026-02-13 05:20:00+00:00,25558.15,25566.3,25543.95,25559.85,0
2026-02-13 05:25:00+00:00,25560.0,25574.6,25557.85,25560.5,0
2026-02-13 05:30:00+00:00,25561.9,25563.75,25544.1,25545.35,0
2026-02-13 05:35:00+00:00,25545.4,25547.35,25533.05,25536.4,0
2026-02-13 05:40:00+00:00,25537.15,25554.2,25536.7,25554.2,0
2026-02-13 05:45:00+00:00,25553.7,25555.95,25526.1,25532.2,0
2026-02-13 05:50:00+00:00,25531.9,25536.4,25522.8,25533.1,0
2026-02-13 05:55:00+00:00,25533.25,25550.9,25531.1,25548.8,0
2026-02-13 06:00:00+00:00,25548.85,25549.7,25529.25,25530.05,0
2026-02-13 06:05:00+00:00,25531.35,25537.45,25526.5,25531.25,0
2026-02-13 06:10:00+00:00,25530.9,25551.05,25525.05,25549.6,0
2026-02-13 06:15:00+00:00,25550.8,25554.85,25543.4,25548.45,0
2026-02-13 06:20:00+00:00,25548.85,25557.0,25544.55,25551.8,0
2026-02-13 06:25:00+00:00,25552.4,25561.25,25548.2,25558.85,0
2026-02-13 06:30:00+00:00,25559.0,25568.5,25554.95,25562.65,0
2026-02-13 06:35:00+00:00,25562.15,25575.55,25560.4,25568.8,0
2026-02-13 06:40:00+00:00,25568.55,25576.7,25562.15,25573.4,0
2026-02-13 06:45:00+00:00,25573.5,25576.15,25557.7,25572.3,0
2026-02-13 06:50:00+00:00,25572.6,25582.45,25569.15,25580.3,0
2026-02-13 06:55:00+00:00,25580.45,25604.25,25578.2,25585.3,0
2026-02-13 07:00:00+00:00,25585.8,25606.05,25576.5,25602.45,0
2026-02-13 07:05:00+00:00,25602.5,25602.75,25581.9,25593.25,0
2026-02-13 07:10:00+00:00,25593.5,25594.6,25579.35,25584.0,0
2026-02-13 07:15:00+00:00,25585.15,25596.85,25570.0,25571.6,0
2026-02-13 07:20:00+00:00,25571.55,25571.55,25553.7,25556.95,0
2026-02-13 07:25:00+00:00,25557.1,25560.05,25537.6,25542.05,0
2026-02-13 07:30:00+00:00,25542.95,25553.05,25534.1,25542.5,0
2026-02-13 07:35:00+00:00,25542.8,25549.3,25531.65,25549.1,0
2026-02-13 07:40:00+00:00,25549.9,25578.0,25548.2,25574.7,0
2026-02-13 07:45:00+00:00,25575.65,25586.85,25570.2,25585.15,0
2026-02-13 07:50:00+00:00,25584.6,25584.75,25552.0,25553.2,0
2026-02-13 07:55:00+00:00,25554.05,25554.15,25541.65,25546.65,0
2026-02-13 08:00:00+00:00,25546.9,25552.5,25533.2,25542.4,0
2026-02-13 08:05:00+00:00,25542.95,25553.4,25541.45,25546.95,0
2026-02-13 08:10:00+00:00,25548.2,25553.8,25538.65,25539.2,0
2026-02-13 08:15:00+00:00,25538.9,25540.15,25505.05,25510.3,0
2026-02-13 08:20:00+00:00,25510.5,25517.6,25499.9,25517.15,0
2026-02-13 08:25:00+00:00,25517.05,25531.2,25516.7,25524.5,0
2026-02-13 08:30:00+00:00,25525.15,25530.85,25513.7,25526.25,0
2026-02-13 08:35:00+00:00,25526.1,25539.25,25515.55,25518.9,0
2026-02-13 08:40:00+00:00,25518.5,25535.35,25513.6,25534.6,0
2026-02-13 08:45:00+00:00,25535.0,25538.4,25524.8,25527.95,0
2026-02-13 08:50:00+00:00,25528.25,25535.65,25515.3,25527.3,0
2026-02-13 08:55:00+00:00,25527.0,25536.65,25526.7,25530.95,0
2026-02-13 09:00:00+00:00,25531.15,25534.55,25510.05,25510.9,0
2026-02-13 09:05:00+00:00,25511.05,25521.4,25499.35,25513.85,0
2026-02-13 09:10:00+00:00,25514.0,25518.45,25503.0,25511.75,0
2026-02-13 09:15:00+00:00,25511.45,25516.5,25504.9,25508.15,0
2026-02-13 09:20:00+00:00,25507.55,25521.5,25502.2,25515.35,0
2026-02-13 09:25:00+00:00,25515.65,25528.3,25512.9,25521.25,0
2026-02-13 09:30:00+00:00,25521.95,25527.55,25488.6,25496.45,0
2026-02-13 09:35:00+00:00,25495.9,25498.75,25472.05,25483.8,0
2026-02-13 09:40:00+00:00,25482.5,25489.5,25476.2,25477.2,0
2026-02-13 09:45:00+00:00,25475.55,25487.9,25471.85,25485.05,0
2026-02-13 09:50:00+00:00,25487.2,25489.8,25450.8,25468.15,0
2026-02-13 09:55:00+00:00,25470.9,25470.9,25444.3,25460.55,0
2026-02-16 03:45:00+00:00,25423.6,25472.2,25372.7,25472.2,0
2026-02-16 03:50:00+00:00,25473.05,25493.35,25461.35,25480.65,0
2026-02-16 03:55:00+00:00,25482.6,25484.45,25453.65,25472.25,0
2026-02-16 04:00:00+00:00,25473.55,25528.45,25472.7,25521.9,0
2026-02-16 04:05:00+00:00,25522.7,25522.7,25489.55,25495.95,0
2026-02-16 04:10:00+00:00,25495.85,25496.6,25458.15,25460.75,0
2026-02-16 04:15:00+00:00,25460.25,25471.85,25447.85,25455.05,0
2026-02-16 04:20:00+00:00,25454.8,25466.6,25431.9,25466.6,0
2026-02-16 04:25:00+00:00,25466.35,25497.95,25463.7,25496.65,0
2026-02-16 04:30:00+00:00,25497.5,25533.85,25497.5,25527.15,0
2026-02-16 04:35:00+00:00,25527.3,25534.0,25512.0,25521.4,0
2026-02-16 04:40:00+00:00,25522.05,25556.5,25517.8,25551.45,0
2026-02-16 04:45:00+00:00,25551.45,25561.85,25541.9,25550.15,0
2026-02-16 04:50:00+00:00,25550.55,25551.8,25526.35,25526.8,0
2026-02-16 04:55:00+00:00,25526.1,25532.4,25518.9,25525.85,0
2026-02-16 05:00:00+00:00,25526.2,25540.25,25520.5,25531.35,0
2026-02-16 05:05:00+00:00,25533.6,25538.35,25522.2,25526.55,0
2026-02-16 05:10:00+00:00,25527.3,25540.1,25521.0,25526.25,0
2026-02-16 05:15:00+00:00,25526.45,25536.0,25516.5,25518.6,0
2026-02-16 05:20:00+00:00,25516.75,25525.7,25508.8,25513.6,0
2026-02-16 05:25:00+00:00,25512.7,25525.65,25508.2,25523.05,0
2026-02-16 05:30:00+00:00,25523.55,25533.45,25507.15,25530.9,0
2026-02-16 05:35:00+00:00,25530.9,25537.1,25525.85,25531.95,0
2026-02-16 05:40:00+00:00,25531.65,25534.7,25523.95,25534.55,0
2026-02-16 05:45:00+00:00,25533.85,25540.7,25527.3,25533.85,0
2026-02-16 05:50:00+00:00,25534.65,25544.55,25530.7,25541.4,0
2026-02-16 05:55:00+00:00,25541.45,25547.15,25511.35,25517.8,0
2026-02-16 06:00:00+00:00,25518.1,25531.3,25513.9,25519.4,0
2026-02-16 06:05:00+00:00,25520.65,25531.4,25513.6,25528.2,0
2026-02-16 06:10:00+00:00,25528.5,25531.55,25518.9,25523.65,0
2026-02-16 06:15:00+00:00,25521.05,25522.5,25503.05,25515.6,0
2026-02-16 06:20:00+00:00,25515.1,25517.4,25506.8,25509.1,0
2026-02-16 06:25:00+00:00,25509.0,25529.65,25507.65,25529.1,0
2026-02-16 06:30:00+00:00,25529.1,25538.75,25528.85,25535.6,0
2026-02-16 06:35:00+00:00,25535.55,25542.8,25531.6,25539.3,0
2026-02-16 06:40:00+00:00,25539.6,25555.2,25539.6,25545.7,0
2026-02-16 06:45:00+00:00,25545.4,25565.7,25532.95,25561.25,0
2026-02-16 06:50:00+00:00,25562.5,25566.6,25552.05,25559.8,0
2026-02-16 06:55:00+00:00,25560.95,25576.5,25554.4,25576.05,0
2026-02-16 07:00:00+00:00,25576.4,25588.05,25572.15,25584.3,0
2026-02-16 07:05:00+00:00,25585.05,25590.9,25574.05,25574.6,0
2026-02-16 07:10:00+00:00,25575.0,25583.9,25572.0,25577.8,0
2026-02-16 07:15:00+00:00,25578.95,25582.35,25553.15,25554.0,0
2026-02-16 07:20:00+00:00,25554.8,25571.6,25553.15,25565.8,0
2026-02-16 07:25:00+00:00,25566.7,25573.65,25550.65,25556.85,0
2026-02-16 07:30:00+00:00,25556.6,25580.95,25555.2,25570.65,0
2026-02-16 07:35:00+00:00,25570.05,25578.0,25564.9,25576.85,0
2026-02-16 07:40:00+00:00,25576.2,25584.85,25570.9,25571.35,0
2026-02-16 07:45:00+00:00,25571.45,25575.55,25564.8,25567.95,0
2026-02-16 07:50:00+00:00,25566.75,25581.0,25564.35,25574.75,0
2026-02-16 07:55:00+00:00,25574.9,25584.0,25569.0,25581.7,0
2026-02-16 08:00:00+00:00,25582.4,25584.2,25566.35,25576.25,0
2026-02-16 08:05:00+00:00,25577.25,25593.15,25575.95,25590.15,0
2026-02-16 08:10:00+00:00,25590.6,25593.1,25583.9,25590.6,0
2026-02-16 08:15:00+00:00,25590.7,25594.15,25580.45,25582.4,0
2026-02-16 08:20:00+00:00,25580.85,25589.9,25567.3,25567.3,0
2026-02-16 08:25:00+00:00,25567.4,25569.55,25544.85,25566.0,0
2026-02-16 08:30:00+00:00,25565.0,25585.4,25564.25,25576.35,0
2026-02-16 08:35:00+00:00,25577.15,25580.2,25560.85,25562.0,0
2026-02-16 08:40:00+00:00,25563.45,25582.5,25560.5,25580.35,0
2026-02-16 08:45:00+00:00,25581.1,25587.5,25574.0,25575.25,0
2026-02-16 08:50:00+00:00,25575.5,25584.9,25575.15,25583.95,0
2026-02-16 08:55:00+00:00,25583.8,25624.9,25582.85,25620.4,0
2026-02-16 09:00:00+00:00,25620.75,25649.05,25620.35,25648.9,0
2026-02-16 09:05:00+00:00,25647.55,25654.95,25634.35,25636.35,0
2026-02-16 09:10:00+00:00,25636.0,25648.7,25631.55,25646.25,0
2026-02-16 09:15:00+00:00,25645.75,25669.85,25639.8,25665.0,0
2026-02-16 09:20:00+00:00,25665.3,25665.9,25643.9,25651.35,0
2026-02-16 09:25:00+00:00,25651.6,25666.2,25647.9,25663.45,0
2026-02-16 09:30:00+00:00,25661.55,25688.4,25661.55,25686.65,0
2026-02-16 09:35:00+00:00,25684.75,25694.0,25678.5,25688.65,0
2026-02-16 09:40:00+00:00,25687.1,25697.0,25682.35,25686.75,0
2026-02-16 09:45:00+00:00,25687.05,25689.0,25676.8,25680.95,0
2026-02-16 09:50:00+00:00,25678.25,25692.75,25675.5,25687.6,0
2026-02-16 09:55:00+00:00,25689.35,25691.95,25673.0,25682.45,0
2026-02-17 03:45:00+00:00,25637.95,25664.85,25591.0,25612.45,0
2026-02-17 03:50:00+00:00,25610.45,25610.45,25574.25,25579.7,0
2026-02-17 03:55:00+00:00,25578.85,25598.4,25570.3,25592.8,0
2026-02-17 04:00:00+00:00,25593.1,25616.5,25578.7,25612.4,0
2026-02-17 04:05:00+00:00,25613.85,25616.65,25584.05,25616.6,0
2026-02-17 04:10:00+00:00,25615.05,25644.75,25601.4,25642.95,0
2026-02-17 04:15:00+00:00,25642.2,25645.65,25632.4,25641.55,0
2026-02-17 04:20:00+00:00,25641.2,25664.4,25633.1,25662.3,0
2026-02-17 04:25:00+00:00,25662.0,25675.85,25652.9,25663.15,0
2026-02-17 04:30:00+00:00,25662.25,25667.4,25651.3,25662.25,0
2026-02-17 04:35:00+00:00,25662.0,25671.85,25656.95,25665.45,0
2026-02-17 04:40:00+00:00,25665.8,25682.0,25659.4,25679.25,0
2026-02-17 04:45:00+00:00,25679.4,25692.4,25666.15,25690.7,0
2026-02-17 04:50:00+00:00,25690.45,25698.15,25687.55,25694.65,0
2026-02-17 04:55:00+00:00,25694.6,25728.5,25692.05,25724.4,0
2026-02-17 05:00:00+00:00,25724.1,25730.35,25706.15,25710.5,0
2026-02-17 05:05:00+00:00,25709.95,25710.0,25691.95,25692.8,0
2026-02-17 05:10:00+00:00,25692.45,25697.35,25657.2,25661.3,0
2026-02-17 05:15:00+00:00,25661.6,25668.05,25642.75,25656.65,0
2026-02-17 05:20:00+00:00,25657.1,25658.15,25649.2,25656.6,0
2026-02-17 05:25:00+00:00,25656.55,25669.15,25656.25,25668.1,0
2026-02-17 05:30:00+00:00,25667.75,25672.1,25658.2,25666.55,0
2026-02-17 05:35:00+00:00,25666.8,25674.95,25653.65,25670.6,0
2026-02-17 05:40:00+00:00,25671.2,25674.95,25661.4,25673.1,0
2026-02-17 05:45:00+00:00,25673.95,25690.25,25669.5,25685.8,0
2026-02-17 05:50:00+00:00,25685.6,25690.9,25679.05,25688.0,0
2026-02-17 05:55:00+00:00,25689.0,25695.55,25685.4,25693.6,0
2026-02-17 06:00:00+00:00,25693.95,25723.85,25687.55,25721.45,0
2026-02-17 06:05:00+00:00,25721.2,25745.75,25716.75,25730.55,0
2026-02-17 06:10:00+00:00,25730.65,25732.25,25708.5,25722.35,0
2026-02-17 06:15:00+00:00,25722.75,25741.65,25722.6,25738.05,0
2026-02-17 06:20:00+00:00,25738.0,25741.8,25733.05,25741.6,0
2026-02-17 06:25:00+00:00,25741.4,25741.8,25725.6,25729.45,0
2026-02-17 06:30:00+00:00,25730.0,25737.25,25722.15,25724.0,0
2026-02-17 06:35:00+00:00,25723.75,25732.7,25722.55,25726.1,0
2026-02-17 06:40:00+00:00,25725.95,25731.45,25718.8,25721.7,0
2026-02-17 06:45:00+00:00,25722.55,25744.35,25721.85,25742.1,0
2026-02-17 06:50:00+00:00,25741.95,25751.1,25737.45,25747.4,0
2026-02-17 06:55:00+00:00,25747.35,25753.85,25730.45,25733.65,0
2026-02-17 07:00:00+00:00,25733.9,25740.1,25728.1,25735.7,0
2026-02-17 07:05:00+00:00,25735.5,25737.55,25725.35,25733.75,0
2026-02-17 07:10:00+00:00,25732.8,25741.25,25728.55,25738.7,0
2026-02-17 07:15:00+00:00,25738.25,25742.15,25736.1,25741.0,0
2026-02-17 07:20:00+00:00,25740.6,25760.85,25737.1,25753.95,0
2026-02-17 07:25:00+00:00,25752.55,25755.6,25732.2,25733.8,0
2026-02-17 07:30:00+00:00,25733.6,25739.65,25717.05,25717.05,0
2026-02-17 07:35:00+00:00,25716.25,25761.6,25713.9,25759.45,0
2026-02-17 07:40:00+00:00,25760.05,25764.4,25728.55,25736.35,0
2026-02-17 07:45:00+00:00,25736.25,25739.65,25725.75,25736.1,0
2026-02-17 07:50:00+00:00,25735.05,25748.0,25735.05,25740.4,0
2026-02-17 07:55:00+00:00,25740.2,25742.1,25735.1,25740.1,0
2026-02-17 08:00:00+00:00,25740.95,25759.95,25740.95,25751.8,0
2026-02-17 08:05:00+00:00,25752.9,25761.95,25738.05,25742.25,0
2026-02-17 08:10:00+00:00,25742.6,25754.1,25740.8,25744.7,0
2026-02-17 08:15:00+00:00,25744.8,25749.8,25730.9,25735.15,0
2026-02-17 08:20:00+00:00,25735.25,25741.6,25726.7,25731.95,0
2026-02-17 08:25:00+00:00,25731.7,25731.7,25696.75,25698.85,0
2026-02-17 08:30:00+00:00,25699.45,25732.8,25697.15,25726.1,0
2026-02-17 08:35:00+00:00,25728.0,25734.15,25710.05,25710.5,0
2026-02-17 08:40:00+00:00,25710.65,25710.65,25667.8,25670.95,0
2026-02-17 08:45:00+00:00,25670.7,25703.9,25662.6,25697.2,0
2026-02-17 08:50:00+00:00,25696.85,25705.8,25693.2,25698.2,0
2026-02-17 08:55:00+00:00,25698.25,25705.3,25683.05,25683.35,0
2026-02-17 09:00:00+00:00,25686.1,25697.1,25675.5,25696.05,0
2026-02-17 09:05:00+00:00,25695.7,25726.35,25691.85,25724.25,0
2026-02-17 09:10:00+00:00,25723.2,25733.45,25714.75,25717.3,0
2026-02-17 09:15:00+00:00,25717.3,25719.85,25704.8,25708.95,0
2026-02-17 09:20:00+00:00,25709.85,25718.65,25703.9,25717.15,0
2026-02-17 09:25:00+00:00,25717.85,25721.0,25691.15,25711.9,0
2026-02-17 09:30:00+00:00,25713.1,25746.3,25709.75,25709.75,0
2026-02-17 09:35:00+00:00,25711.05,25743.75,25703.0,25741.85,0
2026-02-17 09:40:00+00:00,25743.9,25744.35,25713.8,25724.85,0
2026-02-17 09:45:00+00:00,25725.45,25729.15,25714.85,25720.35,0
2026-02-17 09:50:00+00:00,25720.5,25731.85,25718.05,25724.55,0
2026-02-17 09:55:00+00:00,25725.0,25728.1,25713.8,25716.0,0
2026-02-18 03:45:00+00:00,25752.65,25759.75,25705.4,25742.05,0
2026-02-18 03:50:00+00:00,25742.0,25742.0,25704.4,25704.5,0
2026-02-18 03:55:00+00:00,25705.4,25738.2,25697.75,25728.5,0
2026-02-18 04:00:00+00:00,25730.25,25736.45,25711.95,25731.45,0
2026-02-18 04:05:00+00:00,25731.8,25745.4,25725.85,25737.15,0
2026-02-18 04:10:00+00:00,25738.6,25746.65,25732.45,25741.85,0
2026-02-18 04:15:00+00:00,25741.85,25744.45,25714.05,25720.45,0
2026-02-18 04:20:00+00:00,25722.1,25724.2,25699.35,25702.35,0
2026-02-18 04:25:00+00:00,25701.85,25702.0,25655.75,25665.45,0
2026-02-18 04:30:00+00:00,25666.6,25669.15,25650.25,25666.45,0
2026-02-18 04:35:00+00:00,25668.3,25674.85,25652.3,25665.45,0
2026-02-18 04:40:00+00:00,25666.8,25674.55,25658.5,25661.95,0
2026-02-18 04:45:00+00:00,25663.85,25675.0,25645.6,25671.35,0
2026-02-18 04:50:00+00:00,25672.65,25675.6,25659.85,25670.3,0
2026-02-18 04:55:00+00:00,25670.95,25671.05,25645.15,25665.35,0
2026-02-18 05:00:00+00:00,25666.2,25675.1,25659.35,25673.0,0
2026-02-18 05:05:00+00:00,25673.35,25684.7,25660.75,25660.75,0
2026-02-18 05:10:00+00:00,25662.8,25667.45,25654.7,25660.75,0
2026-02-18 05:15:00+00:00,25661.9,25683.6,25658.85,25681.85,0
2026-02-18 05:20:00+00:00,25681.55,25696.8,25678.6,25691.65,0
2026-02-18 05:25:00+00:00,25692.2,25708.0,25688.05,25703.2,0
2026-02-18 05:30:00+00:00,25706.0,25709.0,25698.65,25706.15,0
2026-02-18 05:35:00+00:00,25706.0,25706.65,25697.2,25703.85,0
2026-02-18 05:40:00+00:00,25703.95,25705.85,25689.3,25700.05,0
2026-02-18 05:45:00+00:00,25700.7,25701.8,25683.5,25686.55,0
2026-02-18 05:50:00+00:00,25688.45,25697.7,25685.8,25688.0,0
2026-02-18 05:55:00+00:00,25687.7,25697.55,25679.95,25693.55,0
2026-02-18 06:00:00+00:00,25694.9,25716.55,25687.6,25713.65,0
2026-02-18 06:05:00+00:00,25711.6,25716.4,25695.65,25698.9,0
2026-02-18 06:10:00+00:00,25698.45,25701.35,25676.55,25686.9,0
2026-02-18 06:15:00+00:00,25687.5,25690.55,25682.65,25688.65,0
2026-02-18 06:20:00+00:00,25688.2,25695.7,25687.4,25695.55,0
2026-02-18 06:25:00+00:00,25695.5,25701.9,25689.95,25701.05,0
2026-02-18 06:30:00+00:00,25702.4,25711.6,25697.15,25704.5,0
2026-02-18 06:35:00+00:00,25705.45,25718.4,25704.3,25713.25,0
2026-02-18 06:40:00+00:00,25712.45,25717.4,25708.7,25709.85,0
2026-02-18 06:45:00+00:00,25710.5,25721.55,25710.5,25713.1,0
2026-02-18 06:50:00+00:00,25714.1,25723.0,25711.95,25720.3,0
2026-02-18 06:55:00+00:00,25720.4,25722.95,25703.65,25711.75,0
2026-02-18 07:00:00+00:00,25713.9,25726.2,25709.9,25722.7,0
2026-02-18 07:05:00+00:00,25722.45,25734.4,25722.45,25732.25,0
2026-02-18 07:10:00+00:00,25732.0,25732.35,25718.05,25726.35,0
2026-02-18 07:15:00+00:00,25725.1,25729.55,25713.7,25713.95,0
2026-02-18 07:20:00+00:00,25715.2,25728.5,25711.9,25726.8,0
2026-02-18 07:25:00+00:00,25726.55,25733.9,25719.55,25731.85,0
2026-02-18 07:30:00+00:00,25732.2,25742.05,25722.15,25737.0,0
2026-02-18 07:35:00+00:00,25736.7,25742.05,25730.7,25731.75,0
2026-02-18 07:40:00+00:00,25732.95,25733.5,25718.4,25731.5,0
2026-02-18 07:45:00+00:00,25730.95,25745.6,25730.95,25740.85,0
2026-02-18 07:50:00+00:00,25741.95,25753.2,25739.55,25744.85,0
2026-02-18 07:55:00+00:00,25745.15,25746.85,25717.8,25728.05,0
2026-02-18 08:00:00+00:00,25727.25,25730.5,25722.95,25727.55,0
2026-02-18 08:05:00+00:00,25726.2,25730.95,25719.85,25721.35,0
2026-02-18 08:10:00+00:00,25721.45,25729.45,25718.1,25724.7,0
2026-02-18 08:15:00+00:00,25724.6,25739.2,25723.3,25735.5,0
2026-02-18 08:20:00+00:00,25735.15,25746.15,25699.15,25700.0,0
2026-02-18 08:25:00+00:00,25699.2,25726.55,25695.75,25724.3,0
2026-02-18 08:30:00+00:00,25724.45,25728.2,25719.95,25725.45,0
2026-02-18 08:35:00+00:00,25726.55,25735.45,25725.25,25735.45,0
2026-02-18 08:40:00+00:00,25735.05,25757.35,25733.05,25756.8,0
2026-02-18 08:45:00+00:00,25756.95,25771.95,25750.6,25771.6,0
2026-02-18 08:50:00+00:00,25771.65,25791.55,25770.7,25790.55,0
2026-02-18 08:55:00+00:00,25789.9,25792.85,25778.95,25785.2,0
2026-02-18 09:00:00+00:00,25784.2,25789.9,25774.7,25779.1,0
2026-02-18 09:05:00+00:00,25778.8,25793.8,25778.25,25781.0,0
2026-02-18 09:10:00+00:00,25780.6,25784.55,25774.3,25779.8,0
2026-02-18 09:15:00+00:00,25779.65,25781.95,25768.45,25781.45,0
2026-02-18 09:20:00+00:00,25781.85,25790.55,25778.3,25787.45,0
2026-02-18 09:25:00+00:00,25786.95,25796.75,25786.95,25792.15,0
2026-02-18 09:30:00+00:00,25794.75,25828.05,25794.75,25814.55,0
2026-02-18 09:35:00+00:00,25813.65,25825.7,25807.95,25825.7,0
2026-02-18 09:40:00+00:00,25823.9,25827.15,25818.5,25821.95,0
2026-02-18 09:45:00+00:00,25820.05,25827.45,25817.1,25818.3,0
2026-02-18 09:50:00+00:00,25816.85,25822.4,25814.1,25817.3,0
2026-02-18 09:55:00+00:00,25815.45,25818.95,25805.05,25805.7,0
2026-02-19 03:45:00+00:00,25873.35,25885.3,25836.6,25853.9,0
2026-02-19 03:50:00+00:00,25853.65,25877.35,25849.8,25850.2,0
2026-02-19 03:55:00+00:00,25850.25,25851.9,25811.2,25817.65,0
2026-02-19 04:00:00+00:00,25817.75,25821.15,25803.25,25804.3,0
2026-02-19 04:05:00+00:00,25805.05,25821.2,25779.8,25790.65,0
2026-02-19 04:10:00+00:00,25790.75,25792.05,25776.55,25779.9,0
2026-02-19 04:15:00+00:00,25780.95,25812.95,25773.4,25809.25,0
2026-02-19 04:20:00+00:00,25808.3,25810.55,25782.65,25782.65,0
2026-02-19 04:25:00+00:00,25783.6,25789.1,25769.65,25772.85,0
2026-02-19 04:30:00+00:00,25772.55,25786.55,25763.0,25786.55,0
2026-02-19 04:35:00+00:00,25785.85,25793.9,25776.05,25779.6,0
2026-02-19 04:40:00+00:00,25778.65,25783.3,25749.45,25756.45,0
2026-02-19 04:45:00+00:00,25757.75,25765.85,25746.9,25756.85,0
2026-02-19 04:50:00+00:00,25757.3,25761.75,25741.9,25754.05,0
2026-02-19 04:55:00+00:00,25752.8,25754.95,25732.35,25746.7,0
2026-02-19 05:00:00+00:00,25746.75,25752.4,25736.8,25739.5,0
2026-02-19 05:05:00+00:00,25739.95,25743.2,25713.3,25716.4,0
2026-02-19 05:10:00+00:00,25716.6,25739.5,25708.7,25735.05,0
2026-02-19 05:15:00+00:00,25735.2,25736.75,25718.05,25723.15,0
2026-02-19 05:20:00+00:00,25722.95,25737.0,25718.25,25733.65,0
2026-02-19 05:25:00+00:00,25732.75,25740.5,25719.95,25734.85,0
2026-02-19 05:30:00+00:00,25734.75,25746.0,25726.15,25734.9,0
2026-02-19 05:35:00+00:00,25734.8,25745.05,25726.25,25726.95,0
2026-02-19 05:40:00+00:00,25727.3,25736.85,25713.85,25715.8,0
2026-02-19 05:45:00+00:00,25715.3,25720.7,25703.65,25705.65,0
2026-02-19 05:50:00+00:00,25705.15,25709.75,25679.75,25683.25,0
2026-02-19 05:55:00+00:00,25682.4,25692.45,25681.15,25688.65,0
2026-02-19 06:00:00+00:00,25687.7,25693.1,25683.45,25686.95,0
2026-02-19 06:05:00+00:00,25686.45,25688.95,25671.45,25684.6,0
2026-02-19 06:10:00+00:00,25683.65,25685.65,25667.65,25678.9,0
2026-02-19 06:15:00+00:00,25679.35,25680.05,25658.25,25664.45,0
2026-02-19 06:20:00+00:00,25664.5,25664.65,25652.45,25658.65,0
2026-02-19 06:25:00+00:00,25657.2,25663.95,25650.55,25658.7,0
2026-02-19 06:30:00+00:00,25658.65,25661.6,25641.7,25652.1,0
2026-02-19 06:35:00+00:00,25652.95,25655.85,25636.85,25637.75,0
2026-02-19 06:40:00+00:00,25636.55,25636.55,25601.0,25603.5,0
2026-02-19 06:45:00+00:00,25602.85,25615.7,25586.75,25611.4,0
2026-02-19 06:50:00+00:00,25611.8,25639.7,25607.55,25633.35,0
2026-02-19 06:55:00+00:00,25631.9,25634.9,25614.05,25626.0,0
2026-02-19 07:00:00+00:00,25625.4,25630.7,25608.6,25614.0,0
2026-02-19 07:05:00+00:00,25613.75,25621.4,25591.85,25593.8,0
2026-02-19 07:10:00+00:00,25594.2,25602.55,25569.35,25582.55,0
2026-02-19 07:15:00+00:00,25580.7,25585.55,25567.75,25584.05,0
2026-02-19 07:20:00+00:00,25584.45,25613.4,25580.05,25592.2,0
2026-02-19 07:25:00+00:00,25593.35,25602.4,25590.0,25597.5,0
2026-02-19 07:30:00+00:00,25598.4,25599.95,25586.25,25598.45,0
2026-02-19 07:35:00+00:00,25597.75,25629.8,25597.5,25628.0,0
2026-02-19 07:40:00+00:00,25628.75,25631.4,25618.5,25624.55,0
2026-02-19 07:45:00+00:00,25623.85,25624.55,25598.5,25607.0,0
2026-02-19 07:50:00+00:00,25606.75,25634.3,25604.55,25630.75,0
2026-02-19 07:55:00+00:00,25630.6,25636.25,25604.7,25619.7,0
2026-02-19 08:00:00+00:00,25617.95,25620.55,25575.85,25591.3,0
2026-02-19 08:05:00+00:00,25591.05,25606.8,25578.65,25600.95,0
2026-02-19 08:10:00+00:00,25600.55,25608.9,25594.5,25600.55,0
2026-02-19 08:15:00+00:00,25600.5,25605.7,25584.0,25587.3,0
2026-02-19 08:20:00+00:00,25587.6,25591.25,25564.55,25579.95,0
2026-02-19 08:25:00+00:00,25581.9,25582.7,25561.7,25562.45,0
2026-02-19 08:30:00+00:00,25562.85,25569.2,25549.35,25552.5,0
2026-02-19 08:35:00+00:00,25552.55,25568.4,25545.3,25566.65,0
2026-02-19 08:40:00+00:00,25566.1,25577.45,25559.9,25571.4,0
2026-02-19 08:45:00+00:00,25570.9,25601.7,25568.3,25598.6,0
2026-02-19 08:50:00+00:00,25599.75,25609.95,25571.15,25580.95,0
2026-02-19 08:55:00+00:00,25579.65,25580.45,25544.9,25547.1,0
2026-02-19 09:00:00+00:00,25545.85,25572.05,25545.85,25564.55,0
2026-02-19 09:05:00+00:00,25564.05,25575.55,25561.15,25567.9,0
2026-02-19 09:10:00+00:00,25568.15,25573.15,25518.2,25518.25,0
2026-02-19 09:15:00+00:00,25517.95,25522.2,25488.0,25515.9,0
2026-02-19 09:20:00+00:00,25513.85,25525.6,25512.2,25522.7,0
2026-02-19 09:25:00+00:00,25520.55,25535.4,25511.1,25523.35,0
2026-02-19 09:30:00+00:00,25521.75,25521.75,25465.8,25504.65,0
2026-02-19 09:35:00+00:00,25504.4,25512.3,25448.6,25489.4,0
2026-02-19 09:40:00+00:00,25488.05,25498.95,25440.25,25447.6,0
2026-02-19 09:45:00+00:00,25447.55,25447.55,25407.8,25410.15,0
2026-02-19 09:50:00+00:00,25410.3,25412.95,25389.75,25404.45,0
2026-02-19 09:55:00+00:00,25403.45,25419.3,25388.75,25416.45,0
2026-02-20 03:45:00+00:00,25406.55,25485.85,25386.2,25452.9,0
2026-02-20 03:50:00+00:00,25453.25,25479.45,25431.55,25431.55,0
2026-02-20 03:55:00+00:00,25432.0,25432.0,25379.75,25382.1,0
2026-02-20 04:00:00+00:00,25381.75,25468.85,25381.75,25466.35,0
2026-02-20 04:05:00+00:00,25466.6,25479.4,25456.7,25469.15,0
2026-02-20 04:10:00+00:00,25469.45,25486.9,25450.35,25482.3,0
2026-02-20 04:15:00+00:00,25481.65,25515.35,25480.6,25507.9,0
2026-02-20 04:20:00+00:00,25508.05,25524.4,25496.6,25504.05,0
2026-02-20 04:25:00+00:00,25503.9,25524.7,25498.55,25520.8,0
2026-02-20 04:30:00+00:00,25520.25,25523.45,25491.95,25496.35,0
2026-02-20 04:35:00+00:00,25497.45,25512.6,25468.95,25475.1,0
2026-02-20 04:40:00+00:00,25475.4,25501.8,25474.3,25480.45,0
2026-02-20 04:45:00+00:00,25479.9,25543.7,25479.9,25538.05,0
2026-02-20 04:50:00+00:00,25538.55,25555.05,25531.5,25544.85,0
2026-02-20 04:55:00+00:00,25543.75,25572.65,25543.75,25550.8,0
2026-02-20 05:00:00+00:00,25550.95,25578.5,25550.95,25570.85,0
2026-02-20 05:05:00+00:00,25570.5,25578.4,25564.15,25578.4,0
2026-02-20 05:10:00+00:00,25576.65,25603.8,25576.3,25596.65,0
2026-02-20 05:15:00+00:00,25595.6,25606.5,25581.95,25588.75,0
2026-02-20 05:20:00+00:00,25588.85,25593.95,25577.05,25587.95,0
2026-02-20 05:25:00+00:00,25588.3,25593.85,25574.05,25584.2,0
2026-02-20 05:30:00+00:00,25584.85,25590.3,25569.3,25579.2,0
2026-02-20 05:35:00+00:00,25579.55,25586.35,25564.85,25571.0,0
2026-02-20 05:40:00+00:00,25570.4,25583.9,25560.75,25561.85,0
2026-02-20 05:45:00+00:00,25561.7,25582.95,25561.7,25577.8,0
2026-02-20 05:50:00+00:00,25577.65,25583.2,25562.15,25568.85,0
2026-02-20 05:55:00+00:00,25568.4,25597.05,25563.4,25585.5,0
2026-02-20 06:00:00+00:00,25585.5,25602.6,25580.25,25593.9,0
2026-02-20 06:05:00+00:00,25593.25,25605.2,25586.05,25599.65,0
2026-02-20 06:10:00+00:00,25599.75,25607.2,25595.45,25600.85,0
2026-02-20 06:15:00+00:00,25600.25,25620.7,25586.95,25592.4,0
2026-02-20 06:20:00+00:00,25592.3,25600.85,25582.65,25583.85,0
2026-02-20 06:25:00+00:00,25583.6,25610.75,25581.1,25598.15,0
2026-02-20 06:30:00+00:00,25597.8,25602.05,25580.55,25587.3,0
2026-02-20 06:35:00+00:00,25586.75,25594.05,25582.8,25592.8,0
2026-02-20 06:40:00+00:00,25592.45,25604.5,25591.2,25603.1,0
2026-02-20 06:45:00+00:00,25602.45,25640.1,25602.1,25634.9,0
2026-02-20 06:50:00+00:00,25635.2,25651.55,25635.2,25648.1,0
2026-02-20 06:55:00+00:00,25648.05,25663.55,25646.65,25653.45,0
2026-02-20 07:00:00+00:00,25652.95,25658.35,25640.6,25643.0,0
2026-02-20 07:05:00+00:00,25643.35,25649.2,25632.0,25632.75,0
2026-02-20 07:10:00+00:00,25633.35,25636.95,25604.95,25606.8,0
2026-02-20 07:15:00+00:00,25605.95,25623.85,25588.45,25608.55,0
2026-02-20 07:20:00+00:00,25607.55,25613.7,25600.65,25612.25,0
2026-02-20 07:25:00+00:00,25612.1,25613.2,25573.3,25594.6,0
2026-02-20 07:30:00+00:00,25594.25,25609.75,25585.5,25587.9,0
2026-02-20 07:35:00+00:00,25588.25,25588.9,25560.8,25561.95,0
2026-02-20 07:40:00+00:00,25562.35,25566.3,25535.75,25554.6,0
2026-02-20 07:45:00+00:00,25554.5,25559.15,25538.9,25546.3,0
2026-02-20 07:50:00+00:00,25545.65,25551.45,25532.0,25549.85,0
2026-02-20 07:55:00+00:00,25549.2,25573.3,25540.3,25568.5,0
2026-02-20 08:00:00+00:00,25567.5,25593.5,25565.65,25593.5,0
2026-02-20 08:05:00+00:00,25593.5,25609.6,25568.7,25573.2,0
2026-02-20 08:10:00+00:00,25574.75,25580.1,25556.0,25573.0,0
2026-02-20 08:15:00+00:00,25572.85,25587.4,25568.75,25580.9,0
2026-02-20 08:20:00+00:00,25580.9,25583.25,25565.15,25565.2,0
2026-02-20 08:25:00+00:00,25564.9,25602.9,25561.4,25601.15,0
2026-02-20 08:30:00+00:00,25600.75,25611.8,25593.0,25593.0,0
2026-02-20 08:35:00+00:00,25592.2,25601.85,25577.45,25596.15,0
2026-02-20 08:40:00+00:00,25595.85,25602.15,25591.8,25602.15,0
2026-02-20 08:45:00+00:00,25601.65,25632.8,25601.65,25630.55,0
2026-02-20 08:50:00+00:00,25630.5,25634.15,25602.5,25604.55,0
2026-02-20 08:55:00+00:00,25604.35,25607.3,25587.05,25591.1,0
2026-02-20 09:00:00+00:00,25592.0,25604.85,25585.9,25600.75,0
2026-02-20 09:05:00+00:00,25600.7,25617.45,25595.75,25607.75,0
2026-02-20 09:10:00+00:00,25607.5,25637.6,25607.05,25625.55,0
2026-02-20 09:15:00+00:00,25625.95,25652.85,25625.95,25649.85,0
2026-02-20 09:20:00+00:00,25649.95,25650.6,25614.6,25632.55,0
2026-02-20 09:25:00+00:00,25632.1,25642.8,25629.15,25642.8,0
2026-02-20 09:30:00+00:00,25646.9,25649.65,25595.3,25598.0,0
2026-02-20 09:35:00+00:00,25597.05,25598.8,25570.35,25574.2,0
2026-02-20 09:40:00+00:00,25573.7,25576.05,25563.0,25571.95,0
2026-02-20 09:45:00+00:00,25570.85,25572.6,25552.3,25554.45,0
2026-02-20 09:50:00+00:00,25553.0,25568.35,25538.9,25567.0,0
2026-02-20 09:55:00+00:00,25566.3,25577.45,25551.65,25565.9,0
2026-02-23 03:45:00+00:00,25678.4,25707.1,25626.5,25697.4,0
2026-02-23 03:50:00+00:00,25698.15,25741.2,25697.05,25736.3,0
2026-02-23 03:55:00+00:00,25734.8,25767.9,25732.55,25759.05,0
2026-02-23 04:00:00+00:00,25760.3,25771.45,25736.9,25740.4,0
2026-02-23 04:05:00+00:00,25740.55,25768.25,25728.5,25728.7,0
2026-02-23 04:10:00+00:00,25729.0,25740.5,25718.6,25730.25,0
2026-02-23 04:15:00+00:00,25732.2,25749.0,25727.15,25740.6,0
2026-02-23 04:20:00+00:00,25742.25,25746.65,25711.1,25717.9,0
2026-02-23 04:25:00+00:00,25718.5,25743.95,25711.95,25728.65,0
2026-02-23 04:30:00+00:00,25729.45,25735.5,25721.05,25729.55,0
2026-02-23 04:35:00+00:00,25730.35,25737.45,25717.95,25727.2,0
2026-02-23 04:40:00+00:00,25728.75,25731.25,25705.15,25717.35,0
2026-02-23 04:45:00+00:00,25717.85,25733.7,25712.85,25727.9,0
2026-02-23 04:50:00+00:00,25728.55,25733.0,25719.65,25726.3,0
2026-02-23 04:55:00+00:00,25726.0,25726.0,25695.95,25706.45,0
2026-02-23 05:00:00+00:00,25707.75,25709.65,25693.55,25700.1,0
2026-02-23 05:05:00+00:00,25701.3,25706.35,25684.15,25689.6,0
2026-02-23 05:10:00+00:00,25690.05,25690.5,25655.15,25656.95,0
2026-02-23 05:15:00+00:00,25658.0,25664.2,25646.6,25653.65,0
2026-02-23 05:20:00+00:00,25653.85,25677.7,25653.15,25671.8,0
2026-02-23 05:25:00+00:00,25672.75,25676.95,25665.0,25667.85,0
2026-02-23 05:30:00+00:00,25668.8,25692.0,25666.75,25683.15,0
2026-02-23 05:35:00+00:00,25683.7,25684.05,25652.3,25680.5,0
2026-02-23 05:40:00+00:00,25680.05,25697.95,25674.4,25696.1,0
2026-02-23 05:45:00+00:00,25697.0,25699.2,25673.45,25673.45,0
2026-02-23 05:50:00+00:00,25674.95,25678.4,25660.2,25663.2,0
2026-02-23 05:55:00+00:00,25663.75,25666.0,25652.5,25662.0,0
2026-02-23 06:00:00+00:00,25662.3,25662.4,25654.85,25655.05,0
2026-02-23 06:05:00+00:00,25655.45,25670.85,25651.85,25668.6,0
2026-02-23 06:10:00+00:00,25669.35,25671.2,25662.15,25667.65,0
2026-02-23 06:15:00+00:00,25668.0,25671.2,25634.95,25648.7,0
2026-02-23 06:20:00+00:00,25648.9,25664.75,25631.65,25658.8,0
2026-02-23 06:25:00+00:00,25658.85,25666.45,25648.6,25649.45,0
2026-02-23 06:30:00+00:00,25650.15,25664.4,25646.05,25660.5,0
2026-02-23 06:35:00+00:00,25660.9,25673.35,25657.05,25664.75,0
2026-02-23 06:40:00+00:00,25665.7,25673.3,25651.55,25661.6,0
2026-02-23 06:45:00+00:00,25662.1,25682.95,25660.2,25669.95,0
2026-02-23 06:50:00+00:00,25671.9,25673.5,25653.15,25654.75,0
2026-02-23 06:55:00+00:00,25655.7,25658.95,25647.65,25651.9,0
2026-02-23 07:00:00+00:00,25652.55,25655.55,25636.4,25653.85,0
2026-02-23 07:05:00+00:00,25654.8,25664.1,25653.2,25660.75,0
2026-02-23 07:10:00+00:00,25662.4,25685.0,25660.15,25685.0,0
2026-02-23 07:15:00+00:00,25684.45,25690.85,25661.75,25662.7,0
2026-02-23 07:20:00+00:00,25663.9,25668.95,25643.55,25655.75,0
2026-02-23 07:25:00+00:00,25656.15,25657.65,25636.75,25638.05,0
2026-02-23 07:30:00+00:00,25637.95,25643.15,25631.55,25639.5,0
2026-02-23 07:35:00+00:00,25639.25,25654.9,25639.0,25649.1,0
2026-02-23 07:40:00+00:00,25650.3,25657.6,25636.15,25636.7,0
2026-02-23 07:45:00+00:00,25638.05,25653.25,25627.7,25644.85,0
2026-02-23 07:50:00+00:00,25646.0,25659.0,25644.05,25655.1,0
2026-02-23 07:55:00+00:00,25655.9,25668.45,25652.65,25667.45,0
2026-02-23 08:00:00+00:00,25668.5,25680.3,25646.45,25648.05,0
2026-02-23 08:05:00+00:00,25648.25,25652.6,25640.25,25647.15,0
2026-02-23 08:10:00+00:00,25646.55,25666.75,25632.35,25663.1,0
2026-02-23 08:15:00+00:00,25664.75,25669.4,25652.2,25653.0,0
2026-02-23 08:20:00+00:00,25653.85,25660.7,25650.75,25652.75,0
2026-02-23 08:25:00+00:00,25653.1,25656.35,25637.95,25638.4,0
2026-02-23 08:30:00+00:00,25638.45,25643.0,25609.35,25623.65,0
2026-02-23 08:35:00+00:00,25624.5,25638.3,25618.5,25627.25,0
2026-02-23 08:40:00+00:00,25627.55,25633.3,25615.0,25630.7,0
2026-02-23 08:45:00+00:00,25631.0,25644.35,25619.75,25643.55,0
2026-02-23 08:50:00+00:00,25643.45,25651.35,25638.5,25648.0,0
2026-02-23 08:55:00+00:00,25648.0,25673.95,25641.45,25673.65,0
2026-02-23 09:00:00+00:00,25673.9,25709.45,25673.35,25694.3,0
2026-02-23 09:05:00+00:00,25695.0,25702.75,25676.55,25680.05,0
2026-02-23 09:10:00+00:00,25681.1,25684.2,25661.75,25670.05,0
2026-02-23 09:15:00+00:00,25671.05,25699.75,25668.1,25697.95,0
2026-02-23 09:20:00+00:00,25699.8,25699.85,25672.8,25679.15,0
2026-02-23 09:25:00+00:00,25680.3,25683.55,25669.6,25674.15,0
2026-02-23 09:30:00+00:00,25678.45,25724.3,25678.45,25718.25,0
2026-02-23 09:35:00+00:00,25718.25,25728.95,25708.9,25710.2,0
2026-02-23 09:40:00+00:00,25710.45,25717.95,25705.7,25712.1,0
2026-02-23 09:45:00+00:00,25711.3,25722.4,25709.2,25716.25,0
2026-02-23 09:50:00+00:00,25715.6,25719.3,25705.5,25719.3,0
2026-02-23 09:55:00+00:00,25717.7,25722.5,25700.0,25704.0,0
2026-02-24 03:45:00+00:00,25641.8,25641.8,25570.55,25571.45,0
2026-02-24 03:50:00+00:00,25571.25,25581.4,25548.7,25560.0,0
2026-02-24 03:55:00+00:00,25559.4,25570.5,25547.15,25548.65,0
2026-02-24 04:00:00+00:00,25548.6,25549.75,25507.75,25513.9,0
2026-02-24 04:05:00+00:00,25512.8,25528.45,25506.2,25508.15,0
2026-02-24 04:10:00+00:00,25507.65,25514.55,25482.85,25499.45,0
2026-02-24 04:15:00+00:00,25500.3,25535.6,25497.35,25525.35,0
2026-02-24 04:20:00+00:00,25525.25,25526.3,25494.95,25511.6,0
2026-02-24 04:25:00+00:00,25511.65,25520.4,25510.1,25516.35,0
2026-02-24 04:30:00+00:00,25516.5,25525.3,25506.85,25514.05,0
2026-02-24 04:35:00+00:00,25513.25,25532.65,25513.0,25516.25,0
2026-02-24 04:40:00+00:00,25515.7,25517.55,25483.8,25484.7,0
2026-02-24 04:45:00+00:00,25484.0,25501.45,25474.35,25500.3,0
2026-02-24 04:50:00+00:00,25500.5,25515.0,25487.3,25488.5,0
2026-02-24 04:55:00+00:00,25487.85,25499.8,25486.6,25495.5,0
2026-02-24 05:00:00+00:00,25495.1,25510.35,25493.55,25500.7,0
2026-02-24 05:05:00+00:00,25499.65,25508.25,25499.45,25504.0,0
2026-02-24 05:10:00+00:00,25503.85,25513.25,25492.5,25498.1,0
2026-02-24 05:15:00+00:00,25497.9,25499.65,25471.6,25472.45,0
2026-02-24 05:20:00+00:00,25472.05,25481.15,25460.7,25465.35,0
2026-02-24 05:25:00+00:00,25465.65,25476.3,25462.4,25471.5,0
2026-02-24 05:30:00+00:00,25470.35,25487.85,25470.35,25484.65,0
2026-02-24 05:35:00+00:00,25484.55,25501.1,25480.4,25495.55,0
2026-02-24 05:40:00+00:00,25495.5,25512.5,25494.45,25505.85,0
2026-02-24 05:45:00+00:00,25505.7,25512.05,25497.1,25509.25,0
2026-02-24 05:50:00+00:00,25508.15,25519.15,25503.55,25504.45,0
2026-02-24 05:55:00+00:00,25504.3,25519.35,25503.65,25518.15,0
2026-02-24 06:00:00+00:00,25517.1,25520.7,25501.55,25506.55,0
2026-02-24 06:05:00+00:00,25506.55,25524.5,25503.85,25522.2,0
2026-02-24 06:10:00+00:00,25523.35,25525.2,25500.6,25501.55,0
2026-02-24 06:15:00+00:00,25500.6,25503.45,25489.1,25499.2,0
2026-02-24 06:20:00+00:00,25498.15,25498.75,25488.55,25488.85,0
2026-02-24 06:25:00+00:00,25488.1,25493.4,25471.7,25472.55,0
2026-02-24 06:30:00+00:00,25472.05,25474.25,25455.65,25462.9,0
2026-02-24 06:35:00+00:00,25462.75,25476.15,25456.7,25458.4,0
2026-02-24 06:40:00+00:00,25458.4,25470.55,25446.95,25466.05,0
2026-02-24 06:45:00+00:00,25464.5,25466.95,25441.75,25446.3,0
2026-02-24 06:50:00+00:00,25445.05,25448.85,25418.9,25421.05,0
2026-02-24 06:55:00+00:00,25420.9,25434.05,25416.85,25429.25,0
2026-02-24 07:00:00+00:00,25429.3,25433.1,25421.4,25428.8,0
2026-02-24 07:05:00+00:00,25428.15,25439.8,25426.5,25427.5,0
2026-02-24 07:10:00+00:00,25428.5,25432.3,25415.1,25418.05,0
2026-02-24 07:15:00+00:00,25417.3,25420.8,25387.2,25392.55,0
2026-02-24 07:20:00+00:00,25392.8,25401.7,25387.45,25401.7,0
2026-02-24 07:25:00+00:00,25401.35,25408.25,25395.7,25404.7,0
2026-02-24 07:30:00+00:00,25405.05,25425.0,25396.5,25421.9,0
2026-02-24 07:35:00+00:00,25421.65,25422.6,25411.1,25418.55,0
2026-02-24 07:40:00+00:00,25418.8,25433.25,25415.25,25424.6,0
2026-02-24 07:45:00+00:00,25424.6,25425.75,25410.15,25422.6,0
2026-02-24 07:50:00+00:00,25421.85,25424.0,25398.2,25398.95,0
2026-02-24 07:55:00+00:00,25397.75,25408.05,25377.9,25378.65,0
2026-02-24 08:00:00+00:00,25378.95,25380.2,25336.5,25339.85,0
2026-02-24 08:05:00+00:00,25339.85,25380.15,25327.6,25377.85,0
2026-02-24 08:10:00+00:00,25377.65,25379.2,25358.65,25365.45,0
2026-02-24 08:15:00+00:00,25365.9,25374.8,25359.4,25363.95,0
2026-02-24 08:20:00+00:00,25363.05,25375.65,25359.3,25374.65,0
2026-02-24 08:25:00+00:00,25373.9,25416.15,25373.9,25411.95,0
2026-02-24 08:30:00+00:00,25412.1,25414.5,25384.5,25388.75,0
2026-02-24 08:35:00+00:00,25388.35,25411.5,25382.05,25409.9,0
2026-02-24 08:40:00+00:00,25409.25,25443.55,25407.25,25440.5,0
2026-02-24 08:45:00+00:00,25440.05,25446.1,25418.0,25434.2,0
2026-02-24 08:50:00+00:00,25434.75,25436.55,25391.9,25405.1,0
2026-02-24 08:55:00+00:00,25406.45,25421.5,25403.0,25408.85,0
2026-02-24 09:00:00+00:00,25407.95,25413.6,25389.8,25397.3,0
2026-02-24 09:05:00+00:00,25395.55,25425.2,25395.1,25417.0,0
2026-02-24 09:10:00+00:00,25417.4,25423.5,25381.25,25381.25,0
2026-02-24 09:15:00+00:00,25380.45,25403.35,25361.9,25396.05,0
2026-02-24 09:20:00+00:00,25395.4,25423.3,25395.4,25412.8,0
2026-02-24 09:25:00+00:00,25412.65,25427.75,25411.5,25424.85,0
2026-02-24 09:30:00+00:00,25425.05,25443.6,25406.35,25406.85,0
2026-02-24 09:35:00+00:00,25406.9,25422.4,25401.15,25413.75,0
2026-02-24 09:40:00+00:00,25413.1,25426.1,25409.2,25421.2,0
2026-02-24 09:45:00+00:00,25422.2,25436.45,25416.65,25435.55,0
2026-02-24 09:50:00+00:00,25435.9,25441.5,25429.45,25441.1,0
2026-02-24 09:55:00+00:00,25442.35,25464.55,25435.75,25460.25,0
2026-02-25 03:45:00+00:00,25512.6,25581.7,25507.9,25561.8,0
2026-02-25 03:50:00+00:00,25562.2,25575.15,25552.85,25568.5,0
2026-02-25 03:55:00+00:00,25568.8,25594.95,25567.15,25582.9,0
2026-02-25 04:00:00+00:00,25584.85,25585.9,25559.1,25579.05,0
2026-02-25 04:05:00+00:00,25578.8,25587.8,25568.55,25569.2,0
2026-02-25 04:10:00+00:00,25570.45,25585.0,25560.75,25561.75,0
2026-02-25 04:15:00+00:00,25561.65,25587.4,25560.5,25575.95,0
2026-02-25 04:20:00+00:00,25576.75,25587.35,25559.15,25574.0,0
2026-02-25 04:25:00+00:00,25573.2,25603.4,25572.9,25600.6,0
2026-02-25 04:30:00+00:00,25600.85,25622.85,25594.8,25618.2,0
2026-02-25 04:35:00+00:00,25617.5,25631.9,25617.5,25629.85,0
2026-02-25 04:40:00+00:00,25628.75,25633.25,25618.9,25631.75,0
2026-02-25 04:45:00+00:00,25631.6,25652.6,25631.6,25639.4,0
2026-02-25 04:50:00+00:00,25638.9,25639.9,25629.95,25630.9,0
2026-02-25 04:55:00+00:00,25630.7,25639.65,25630.7,25635.2,0
2026-02-25 05:00:00+00:00,25635.0,25645.05,25633.5,25643.3,0
2026-02-25 05:05:00+00:00,25643.65,25649.65,25626.2,25634.05,0
2026-02-25 05:10:00+00:00,25634.15,25635.5,25618.9,25619.9,0
2026-02-25 05:15:00+00:00,25619.05,25625.4,25607.5,25616.6,0
2026-02-25 05:20:00+00:00,25616.65,25628.15,25613.4,25620.15,0
2026-02-25 05:25:00+00:00,25621.1,25624.05,25611.45,25612.35,0
2026-02-25 05:30:00+00:00,25614.1,25626.75,25613.2,25615.05,0
2026-02-25 05:35:00+00:00,25616.35,25630.8,25614.15,25621.05,0
2026-02-25 05:40:00+00:00,25621.2,25630.05,25608.55,25616.0,0
2026-02-25 05:45:00+00:00,25615.5,25620.0,25602.3,25607.1,0
2026-02-25 05:50:00+00:00,25608.1,25611.4,25597.6,25608.6,0
2026-02-25 05:55:00+00:00,25607.85,25617.5,25606.8,25613.3,0
2026-02-25 06:00:00+00:00,25613.3,25615.25,25599.95,25602.15,0
2026-02-25 06:05:00+00:00,25603.2,25609.9,25601.95,25605.15,0
2026-02-25 06:10:00+00:00,25604.75,25606.1,25581.05,25588.0,0
2026-02-25 06:15:00+00:00,25589.85,25619.0,25589.85,25617.65,0
2026-02-25 06:20:00+00:00,25618.25,25622.2,25606.75,25607.45,0
2026-02-25 06:25:00+00:00,25608.65,25609.2,25586.3,25595.1,0
2026-02-25 06:30:00+00:00,25592.65,25611.45,25592.65,25611.45,0
2026-02-25 06:35:00+00:00,25610.2,25614.25,25598.45,25606.5,0
2026-02-25 06:40:00+00:00,25606.05,25609.1,25591.9,25600.2,0
2026-02-25 06:45:00+00:00,25599.7,25615.5,25599.7,25606.75,0
2026-02-25 06:50:00+00:00,25608.5,25609.65,25588.65,25599.45,0
2026-02-25 06:55:00+00:00,25599.5,25599.85,25588.55,25592.5,0
2026-02-25 07:00:00+00:00,25591.95,25596.75,25534.75,25536.2,0
2026-02-25 07:05:00+00:00,25535.45,25537.85,25504.9,25528.6,0
2026-02-25 07:10:00+00:00,25528.85,25530.25,25501.85,25504.3,0
2026-02-25 07:15:00+00:00,25504.5,25505.15,25467.8,25467.85,0
2026-02-25 07:20:00+00:00,25464.25,25490.85,25461.25,25480.1,0
2026-02-25 07:25:00+00:00,25479.0,25491.45,25465.6,25472.2,0
2026-02-25 07:30:00+00:00,25471.65,25472.45,25440.05,25462.05,0
2026-02-25 07:35:00+00:00,25461.2,25469.9,25444.9,25463.15,0
2026-02-25 07:40:00+00:00,25463.8,25476.5,25461.4,25462.6,0
2026-02-25 07:45:00+00:00,25462.4,25479.45,25457.7,25478.5,0
2026-02-25 07:50:00+00:00,25478.45,25485.2,25455.0,25456.35,0
2026-02-25 07:55:00+00:00,25455.7,25461.15,25428.2,25460.3,0
2026-02-25 08:00:00+00:00,25460.1,25480.95,25460.1,25461.25,0
2026-02-25 08:05:00+00:00,25461.3,25479.25,25460.1,25466.4,0
2026-02-25 08:10:00+00:00,25467.3,25469.4,25461.75,25462.05,0
2026-02-25 08:15:00+00:00,25462.35,25469.85,25450.5,25467.4,0
2026-02-25 08:20:00+00:00,25467.55,25474.8,25463.2,25473.2,0
2026-02-25 08:25:00+00:00,25473.8,25474.7,25466.05,25472.65,0
2026-02-25 08:30:00+00:00,25473.05,25473.05,25439.3,25443.9,0
2026-02-25 08:35:00+00:00,25445.3,25453.5,25430.15,25435.65,0
2026-02-25 08:40:00+00:00,25436.4,25464.95,25436.3,25457.1,0
2026-02-25 08:45:00+00:00,25457.3,25495.75,25454.85,25493.8,0
2026-02-25 08:50:00+00:00,25494.2,25502.45,25472.4,25473.0,0
2026-02-25 08:55:00+00:00,25473.35,25475.65,25448.55,25448.55,0
2026-02-25 09:00:00+00:00,25449.5,25480.85,25449.5,25475.7,0
2026-02-25 09:05:00+00:00,25476.35,25482.6,25474.9,25477.95,0
2026-02-25 09:10:00+00:00,25478.25,25478.6,25457.95,25471.45,0
2026-02-25 09:15:00+00:00,25471.6,25473.35,25446.15,25450.35,0
2026-02-25 09:20:00+00:00,25451.05,25460.7,25439.95,25458.35,0
2026-02-25 09:25:00+00:00,25459.6,25473.55,25452.6,25468.25,0
2026-02-25 09:30:00+00:00,25469.8,25506.55,25469.8,25501.0,0
2026-02-25 09:35:00+00:00,25499.9,25501.4,25480.25,25483.35,0
2026-02-25 09:40:00+00:00,25482.7,25485.75,25469.5,25478.5,0
2026-02-25 09:45:00+00:00,25477.05,25485.2,25473.1,25481.4,0
2026-02-25 09:50:00+00:00,25481.25,25482.8,25473.8,25475.05,0
2026-02-25 09:55:00+00:00,25475.85,25488.25,25471.05,25478.65,0
2026-02-26 03:45:00+00:00,25556.3,25567.6,25524.25,25535.1,0
2026-02-26 03:50:00+00:00,25534.3,25543.1,25488.95,25498.45,0
2026-02-26 03:55:00+00:00,25499.1,25519.0,25487.85,25504.45,0
2026-02-26 04:00:00+00:00,25505.15,25519.7,25492.1,25518.8,0
2026-02-26 04:05:00+00:00,25518.85,25547.45,25516.4,25545.0,0
2026-02-26 04:10:00+00:00,25543.3,25556.3,25538.8,25555.9,0
2026-02-26 04:15:00+00:00,25555.3,25565.6,25547.05,25557.2,0
2026-02-26 04:20:00+00:00,25557.3,25559.45,25508.2,25510.6,0
2026-02-26 04:25:00+00:00,25509.8,25520.6,25500.1,25518.35,0
2026-02-26 04:30:00+00:00,25517.95,25543.8,25516.75,25543.8,0
2026-02-26 04:35:00+00:00,25543.25,25563.3,25540.25,25563.3,0
2026-02-26 04:40:00+00:00,25561.95,25572.95,25556.25,25558.25,0
2026-02-26 04:45:00+00:00,25558.6,25562.0,25544.5,25560.75,0
2026-02-26 04:50:00+00:00,25560.55,25561.7,25534.8,25538.4,0
2026-02-26 04:55:00+00:00,25537.65,25550.25,25519.55,25526.95,0
2026-02-26 05:00:00+00:00,25526.55,25544.35,25523.55,25536.6,0
2026-02-26 05:05:00+00:00,25538.95,25542.3,25523.2,25529.3,0
2026-02-26 05:10:00+00:00,25527.6,25539.85,25521.55,25531.8,0
2026-02-26 05:15:00+00:00,25532.8,25551.55,25527.1,25548.15,0
2026-02-26 05:20:00+00:00,25545.45,25548.05,25525.75,25525.75,0
2026-02-26 05:25:00+00:00,25527.15,25528.65,25505.45,25509.95,0
2026-02-26 05:30:00+00:00,25506.9,25523.45,25491.7,25521.8,0
2026-02-26 05:35:00+00:00,25520.75,25522.55,25509.5,25513.55,0
2026-02-26 05:40:00+00:00,25513.25,25530.45,25509.5,25523.25,0
2026-02-26 05:45:00+00:00,25522.75,25538.85,25517.45,25534.45,0
2026-02-26 05:50:00+00:00,25533.7,25541.1,25526.05,25540.65,0
2026-02-26 05:55:00+00:00,25541.4,25570.85,25535.2,25536.75,0
2026-02-26 06:00:00+00:00,25535.35,25537.25,25512.55,25521.35,0
2026-02-26 06:05:00+00:00,25522.1,25524.0,25495.75,25502.75,0
2026-02-26 06:10:00+00:00,25501.7,25501.75,25458.05,25461.35,0
2026-02-26 06:15:00+00:00,25460.35,25490.45,25451.5,25483.35,0
2026-02-26 06:20:00+00:00,25483.95,25490.65,25463.05,25469.65,0
2026-02-26 06:25:00+00:00,25468.9,25470.65,25446.55,25453.4,0
2026-02-26 06:30:00+00:00,25453.3,25472.45,25450.9,25470.2,0
2026-02-26 06:35:00+00:00,25469.75,25481.7,25466.85,25472.55,0
2026-02-26 06:40:00+00:00,25471.85,25475.3,25456.25,25459.3,0
2026-02-26 06:45:00+00:00,25458.05,25468.5,25439.45,25447.4,0
2026-02-26 06:50:00+00:00,25446.7,25446.75,25400.95,25432.4,0
2026-02-26 06:55:00+00:00,25432.85,25445.45,25425.25,25430.7,0
2026-02-26 07:00:00+00:00,25430.85,25445.4,25426.4,25436.1,0
2026-02-26 07:05:00+00:00,25435.4,25449.7,25431.3,25445.4,0
2026-02-26 07:10:00+00:00,25445.25,25461.15,25438.35,25459.95,0
2026-02-26 07:15:00+00:00,25457.45,25460.7,25441.8,25452.6,0
2026-02-26 07:20:00+00:00,25451.55,25452.75,25426.65,25430.75,0
2026-02-26 07:25:00+00:00,25432.25,25432.35,25412.05,25414.8,0
2026-02-26 07:30:00+00:00,25415.4,25452.25,25413.75,25451.75,0
2026-02-26 07:35:00+00:00,25451.35,25453.3,25430.5,25436.6,0
2026-02-26 07:40:00+00:00,25436.7,25437.4,25427.05,25428.55,0
2026-02-26 07:45:00+00:00,25428.2,25430.8,25403.4,25420.65,0
2026-02-26 07:50:00+00:00,25420.35,25438.3,25414.1,25438.05,0
2026-02-26 07:55:00+00:00,25437.5,25454.75,25432.0,25438.0,0
2026-02-26 08:00:00+00:00,25437.3,25449.3,25430.65,25432.85,0
2026-02-26 08:05:00+00:00,25434.45,25447.15,25432.8,25439.35,0
2026-02-26 08:10:00+00:00,25439.35,25448.15,25435.1,25438.2,0
2026-02-26 08:15:00+00:00,25438.05,25445.2,25417.4,25418.8,0
2026-02-26 08:20:00+00:00,25418.65,25447.75,25415.1,25441.95,0
2026-02-26 08:25:00+00:00,25443.2,25450.9,25431.65,25440.8,0
2026-02-26 08:30:00+00:00,25440.8,25447.25,25419.35,25427.45,0
2026-02-26 08:35:00+00:00,25425.3,25440.35,25406.15,25439.95,0
2026-02-26 08:40:00+00:00,25440.1,25460.55,25438.95,25453.45,0
2026-02-26 08:45:00+00:00,25456.65,25463.15,25442.2,25445.1,0
2026-02-26 08:50:00+00:00,25446.7,25452.4,25428.15,25430.15,0
2026-02-26 08:55:00+00:00,25429.55,25449.4,25427.0,25442.15,0
2026-02-26 09:00:00+00:00,25441.65,25462.5,25431.85,25462.45,0
2026-02-26 09:05:00+00:00,25462.45,25478.0,25459.0,25471.25,0
2026-02-26 09:10:00+00:00,25473.8,25513.0,25472.1,25513.0,0
2026-02-26 09:15:00+00:00,25514.8,25527.15,25503.7,25510.65,0
2026-02-26 09:20:00+00:00,25510.0,25522.15,25486.45,25504.55,0
2026-02-26 09:25:00+00:00,25504.7,25511.6,25492.05,25501.85,0
2026-02-26 09:30:00+00:00,25503.65,25524.85,25477.55,25486.0,0
2026-02-26 09:35:00+00:00,25485.25,25507.25,25485.25,25503.3,0
2026-02-26 09:40:00+00:00,25500.95,25504.0,25475.5,25486.15,0
2026-02-26 09:45:00+00:00,25486.95,25502.3,25483.8,25496.1,0
2026-02-26 09:50:00+00:00,25496.85,25503.25,25492.7,25498.6,0
2026-02-26 09:55:00+00:00,25499.0,25501.85,25482.95,25493.3,0
2026-02-27 03:45:00+00:00,25459.85,25476.4,25379.4,25395.4,0
2026-02-27 03:50:00+00:00,25394.8,25417.3,25381.3,25399.65,0
2026-02-27 03:55:00+00:00,25398.45,25417.7,25363.4,25364.55,0
2026-02-27 04:00:00+00:00,25365.1,25383.55,25363.0,25367.2,0
2026-02-27 04:05:00+00:00,25367.15,25383.4,25351.2,25383.4,0
2026-02-27 04:10:00+00:00,25383.1,25383.65,25358.05,25364.4,0
2026-02-27 04:15:00+00:00,25363.8,25364.35,25345.65,25347.35,0
2026-02-27 04:20:00+00:00,25347.45,25353.9,25334.3,25336.05,0
2026-02-27 04:25:00+00:00,25336.1,25348.15,25328.75,25330.0,0
2026-02-27 04:30:00+00:00,25330.3,25334.15,25322.95,25327.25,0
2026-02-27 04:35:00+00:00,25328.2,25328.2,25308.6,25320.0,0
2026-02-27 04:40:00+00:00,25319.7,25332.5,25318.7,25322.6,0
2026-02-27 04:45:00+00:00,25321.95,25324.0,25300.9,25302.8,0
2026-02-27 04:50:00+00:00,25303.1,25319.75,25292.4,25314.8,0
2026-02-27 04:55:00+00:00,25314.9,25333.0,25314.9,25324.3,0
2026-02-27 05:00:00+00:00,25324.35,25337.05,25319.15,25327.0,0
2026-02-27 05:05:00+00:00,25327.35,25346.45,25323.45,25335.3,0
2026-02-27 05:10:00+00:00,25335.2,25337.5,25313.95,25315.25,0
2026-02-27 05:15:00+00:00,25315.25,25326.65,25307.65,25322.9,0
2026-02-27 05:20:00+00:00,25322.9,25325.75,25308.05,25310.9,0
2026-02-27 05:25:00+00:00,25310.8,25318.0,25304.25,25304.65,0
2026-02-27 05:30:00+00:00,25305.35,25322.95,25305.15,25322.95,0
2026-02-27 05:35:00+00:00,25322.45,25338.2,25322.45,25336.6,0
2026-02-27 05:40:00+00:00,25335.55,25337.25,25322.55,25335.0,0
2026-02-27 05:45:00+00:00,25334.55,25341.65,25322.5,25325.35,0
2026-02-27 05:50:00+00:00,25325.55,25327.05,25312.3,25319.25,0
2026-02-27 05:55:00+00:00,25319.25,25321.2,25302.8,25306.85,0
2026-02-27 06:00:00+00:00,25307.9,25308.75,25284.45,25284.5,0
2026-02-27 06:05:00+00:00,25284.55,25291.1,25271.75,25281.85,0
2026-02-27 06:10:00+00:00,25282.3,25296.35,25279.15,25295.1,0
2026-02-27 06:15:00+00:00,25295.15,25305.5,25295.15,25302.0,0
2026-02-27 06:20:00+00:00,25302.25,25314.2,25297.55,25306.8,0
2026-02-27 06:25:00+00:00,25306.45,25317.75,25298.4,25313.4,0
2026-02-27 06:30:00+00:00,25313.4,25328.8,25309.85,25312.8,0
2026-02-27 06:35:00+00:00,25312.65,25315.75,25290.35,25293.1,0
2026-02-27 06:40:00+00:00,25292.7,25297.1,25284.8,25284.95,0
2026-02-27 06:45:00+00:00,25285.35,25288.45,25278.75,25284.55,0
2026-02-27 06:50:00+00:00,25284.4,25298.75,25270.05,25272.95,0
2026-02-27 06:55:00+00:00,25273.2,25313.15,25273.2,25300.6,0
2026-02-27 07:00:00+00:00,25300.55,25309.05,25289.7,25290.9,0
2026-02-27 07:05:00+00:00,25290.4,25294.35,25282.25,25282.25,0
2026-02-27 07:10:00+00:00,25282.55,25286.5,25274.45,25277.2,0
2026-02-27 07:15:00+00:00,25276.75,25293.7,25268.7,25282.25,0
2026-02-27 07:20:00+00:00,25282.15,25295.1,25281.25,25283.3,0
2026-02-27 07:25:00+00:00,25283.2,25285.55,25273.7,25276.95,0
2026-02-27 07:30:00+00:00,25277.15,25283.55,25274.25,25278.7,0
2026-02-27 07:35:00+00:00,25278.9,25296.85,25278.9,25293.05,0
2026-02-27 07:40:00+00:00,25293.3,25295.7,25287.35,25289.7,0
2026-02-27 07:45:00+00:00,25288.8,25292.95,25283.55,25284.25,0
2026-02-27 07:50:00+00:00,25284.0,25290.45,25281.65,25286.95,0
2026-02-27 07:55:00+00:00,25287.55,25300.95,25287.55,25300.75,0
2026-02-27 08:00:00+00:00,25300.2,25302.1,25293.0,25293.0,0
2026-02-27 08:05:00+00:00,25292.75,25307.15,25286.95,25296.5,0
2026-02-27 08:10:00+00:00,25296.35,25313.75,25295.8,25300.75,0
2026-02-27 08:15:00+00:00,25300.25,25328.55,25300.25,25327.65,0
2026-02-27 08:20:00+00:00,25327.2,25328.3,25312.1,25321.05,0
2026-02-27 08:25:00+00:00,25321.15,25343.95,25320.65,25343.15,0
2026-02-27 08:30:00+00:00,25342.6,25352.05,25323.95,25325.8,0
2026-02-27 08:35:00+00:00,25325.6,25332.45,25315.7,25332.0,0
2026-02-27 08:40:00+00:00,25331.95,25340.3,25320.2,25324.55,0
2026-02-27 08:45:00+00:00,25324.2,25327.35,25320.7,25323.75,0
2026-02-27 08:50:00+00:00,25323.2,25328.9,25316.9,25318.5,0
2026-02-27 08:55:00+00:00,25318.65,25319.05,25291.05,25293.55,0
2026-02-27 09:00:00+00:00,25293.55,25303.95,25287.0,25293.95,0
2026-02-27 09:05:00+00:00,25293.75,25310.1,25293.7,25298.25,0
2026-02-27 09:10:00+00:00,25298.65,25303.35,25289.65,25293.8,0
2026-02-27 09:15:00+00:00,25294.1,25301.0,25287.8,25300.75,0
2026-02-27 09:20:00+00:00,25301.55,25304.95,25290.5,25300.5,0
2026-02-27 09:25:00+00:00,25300.55,25314.8,25294.7,25312.4,0
2026-02-27 09:30:00+00:00,25309.45,25309.45,25178.6,25183.5,0
2026-02-27 09:35:00+00:00,25183.55,25190.9,25141.3,25168.2,0
2026-02-27 09:40:00+00:00,25167.85,25189.5,25162.7,25167.9,0
2026-02-27 09:45:00+00:00,25168.8,25189.1,25166.35,25170.25,0
2026-02-27 09:50:00+00:00,25170.7,25179.2,25159.35,25166.95,0
2026-02-27 09:55:00+00:00,25167.3,25188.2,25163.85,25181.8,0
2026-03-02 03:45:00+00:00,24659.25,24948.45,24645.1,24892.95,0
2026-03-02 03:50:00+00:00,24893.1,24958.8,24878.8,24896.5,0
2026-03-02 03:55:00+00:00,24896.7,24920.15,24857.1,24889.4,0
2026-03-02 04:00:00+00:00,24889.75,24975.45,24885.45,24974.55,0
2026-03-02 04:05:00+00:00,24975.7,24977.6,24923.8,24949.8,0
2026-03-02 04:10:00+00:00,24948.55,24977.1,24936.05,24963.65,0
2026-03-02 04:15:00+00:00,24964.3,24989.35,24948.6,24953.2,0
2026-03-02 04:20:00+00:00,24949.4,24951.1,24883.2,24884.15,0
2026-03-02 04:25:00+00:00,24886.7,24946.1,24886.1,24945.1,0
2026-03-02 04:30:00+00:00,24946.2,24953.25,24894.65,24898.25,0
2026-03-02 04:35:00+00:00,24898.95,24909.6,24874.15,24884.65,0
2026-03-02 04:40:00+00:00,24885.25,24894.0,24865.7,24884.85,0
2026-03-02 04:45:00+00:00,24885.35,24887.85,24853.7,24876.4,0
2026-03-02 04:50:00+00:00,24876.55,24876.75,24856.85,24864.6,0
2026-03-02 04:55:00+00:00,24863.6,24873.5,24856.4,24859.6,0
2026-03-02 05:00:00+00:00,24860.95,24885.25,24853.3,24872.7,0
2026-03-02 05:05:00+00:00,24874.05,24878.6,24843.7,24855.25,0
2026-03-02 05:10:00+00:00,24855.45,24857.8,24812.25,24813.7,0
2026-03-02 05:15:00+00:00,24814.8,24837.95,24814.0,24818.8,0
2026-03-02 05:20:00+00:00,24818.4,24834.05,24818.3,24828.85,0
2026-03-02 05:25:00+00:00,24828.6,24859.2,24826.65,24855.15,0
2026-03-02 05:30:00+00:00,24856.3,24868.7,24849.3,24854.05,0
2026-03-02 05:35:00+00:00,24853.75,24865.4,24842.55,24858.2,0
2026-03-02 05:40:00+00:00,24859.3,24860.35,24839.35,24843.2,0
2026-03-02 05:45:00+00:00,24844.8,24849.2,24831.55,24831.55,0
2026-03-02 05:50:00+00:00,24830.0,24834.95,24819.85,24825.15,0
2026-03-02 05:55:00+00:00,24825.35,24829.25,24797.55,24803.0,0
2026-03-02 06:00:00+00:00,24802.8,24813.8,24797.45,24808.05,0
2026-03-02 06:05:00+00:00,24807.65,24825.45,24806.25,24822.95,0
2026-03-02 06:10:00+00:00,24822.1,24824.5,24807.7,24821.6,0
2026-03-02 06:15:00+00:00,24822.2,24842.8,24813.65,24815.3,0
2026-03-02 06:20:00+00:00,24815.9,24821.85,24793.65,24804.2,0
2026-03-02 06:25:00+00:00,24804.25,24806.25,24782.7,24784.0,0
2026-03-02 06:30:00+00:00,24784.1,24784.6,24764.4,24773.7,0
2026-03-02 06:35:00+00:00,24775.1,24779.0,24761.6,24770.75,0
2026-03-02 06:40:00+00:00,24768.7,24781.2,24743.25,24744.55,0
2026-03-02 06:45:00+00:00,24743.5,24756.0,24721.7,24727.45,0
2026-03-02 06:50:00+00:00,24725.3,24736.3,24718.55,24728.55,0
2026-03-02 06:55:00+00:00,24728.45,24737.25,24721.45,24735.65,0
2026-03-02 07:00:00+00:00,24734.55,24741.25,24724.85,24734.9,0
2026-03-02 07:05:00+00:00,24734.15,24736.8,24691.5,24695.75,0
2026-03-02 07:10:00+00:00,24695.65,24712.8,24684.25,24687.9,0
2026-03-02 07:15:00+00:00,24687.5,24707.15,24679.1,24688.6,0
2026-03-02 07:20:00+00:00,24687.6,24711.8,24685.25,24698.1,0
2026-03-02 07:25:00+00:00,24697.8,24705.4,24687.8,24697.05,0
2026-03-02 07:30:00+00:00,24698.95,24706.65,24686.85,24697.7,0
2026-03-02 07:35:00+00:00,24699.3,24702.45,24692.25,24692.9,0
2026-03-02 07:40:00+00:00,24692.9,24699.45,24689.15,24695.5,0
2026-03-02 07:45:00+00:00,24695.65,24708.8,24688.4,24699.2,0
2026-03-02 07:50:00+00:00,24696.75,24704.6,24691.2,24696.0,0
2026-03-02 07:55:00+00:00,24696.3,24697.9,24671.6,24679.5,0
2026-03-02 08:00:00+00:00,24677.8,24690.65,24668.45,24677.25,0
2026-03-02 08:05:00+00:00,24677.9,24687.85,24669.65,24674.95,0
2026-03-02 08:10:00+00:00,24675.7,24676.5,24655.55,24675.35,0
2026-03-02 08:15:00+00:00,24675.15,24678.5,24658.05,24661.45,0
2026-03-02 08:20:00+00:00,24661.05,24665.75,24642.8,24645.85,0
2026-03-02 08:25:00+00:00,24646.7,24647.0,24604.5,24614.75,0
2026-03-02 08:30:00+00:00,24612.6,24740.8,24603.5,24687.3,0
2026-03-02 08:35:00+00:00,24686.35,24780.1,24685.3,24746.5,0
2026-03-02 08:40:00+00:00,24746.25,24795.5,24745.3,24787.4,0
2026-03-02 08:45:00+00:00,24787.5,24794.55,24752.35,24782.15,0
2026-03-02 08:50:00+00:00,24782.65,24791.3,24755.55,24779.25,0
2026-03-02 08:55:00+00:00,24779.5,24783.15,24727.8,24730.3,0
2026-03-02 09:00:00+00:00,24730.9,24799.75,24722.5,24799.75,0
2026-03-02 09:05:00+00:00,24801.85,24854.35,24801.85,24837.65,0
2026-03-02 09:10:00+00:00,24838.35,24879.35,24838.35,24864.85,0
2026-03-02 09:15:00+00:00,24865.3,24892.4,24825.9,24872.15,0
2026-03-02 09:20:00+00:00,24871.95,24880.45,24850.35,24876.5,0
2026-03-02 09:25:00+00:00,24875.75,24881.05,24815.2,24823.35,0
2026-03-02 09:30:00+00:00,24824.7,24878.25,24808.35,24862.2,0
2026-03-02 09:35:00+00:00,24863.05,24877.1,24830.6,24862.6,0
2026-03-02 09:40:00+00:00,24863.2,24904.8,24849.0,24904.8,0
2026-03-02 09:45:00+00:00,24905.25,24913.55,24878.95,24912.1,0
2026-03-02 09:50:00+00:00,24913.45,24914.85,24860.4,24864.25,0
2026-03-02 09:55:00+00:00,24865.55,24886.1,24845.2,24849.75,0
2026-03-04 03:45:00+00:00,24388.8,24476.95,24334.85,24385.1,0
2026-03-04 03:50:00+00:00,24387.9,24392.05,24339.55,24341.15,0
2026-03-04 03:55:00+00:00,24340.55,24374.45,24315.45,24342.85,0
2026-03-04 04:00:00+00:00,24344.75,24366.5,24326.0,24332.35,0
2026-03-04 04:05:00+00:00,24334.95,24362.05,24317.15,24346.85,0
2026-03-04 04:10:00+00:00,24348.6,24412.0,24345.2,24408.75,0
2026-03-04 04:15:00+00:00,24410.95,24416.2,24353.8,24365.25,0
2026-03-04 04:20:00+00:00,24365.75,24372.0,24349.8,24359.1,0
2026-03-04 04:25:00+00:00,24359.2,24360.35,24323.6,24325.9,0
2026-03-04 04:30:00+00:00,24325.8,24346.1,24305.4,24332.85,0
2026-03-04 04:35:00+00:00,24335.05,24371.8,24329.7,24367.95,0
2026-03-04 04:40:00+00:00,24368.85,24414.8,24351.05,24413.65,0
2026-03-04 04:45:00+00:00,24413.65,24417.55,24384.3,24387.0,0
2026-03-04 04:50:00+00:00,24387.75,24425.0,24382.6,24399.35,0
2026-03-04 04:55:00+00:00,24399.6,24437.35,24394.65,24419.05,0
2026-03-04 05:00:00+00:00,24420.0,24420.7,24394.15,24398.85,0
2026-03-04 05:05:00+00:00,24398.95,24409.3,24382.0,24390.1,0
2026-03-04 05:10:00+00:00,24391.55,24392.35,24379.95,24390.75,0
2026-03-04 05:15:00+00:00,24391.65,24422.4,24390.45,24400.3,0
2026-03-04 05:20:00+00:00,24401.7,24402.0,24382.8,24398.0,0
2026-03-04 05:25:00+00:00,24398.8,24399.85,24375.7,24391.45,0
2026-03-04 05:30:00+00:00,24392.45,24427.8,24388.6,24420.7,0
2026-03-04 05:35:00+00:00,24421.15,24453.4,24413.2,24450.9,0
2026-03-04 05:40:00+00:00,24451.65,24461.4,24433.85,24435.45,0
2026-03-04 05:45:00+00:00,24436.15,24438.9,24409.05,24412.05,0
2026-03-04 05:50:00+00:00,24412.15,24422.9,24390.35,24393.3,0
2026-03-04 05:55:00+00:00,24393.45,24397.55,24363.0,24365.55,0
2026-03-04 06:00:00+00:00,24366.95,24378.5,24354.15,24364.7,0
2026-03-04 06:05:00+00:00,24365.75,24383.35,24362.6,24367.25,0
2026-03-04 06:10:00+00:00,24367.05,24382.3,24360.8,24362.2,0
2026-03-04 06:15:00+00:00,24364.05,24372.55,24354.3,24367.85,0
2026-03-04 06:20:00+00:00,24369.05,24401.05,24367.0,24369.4,0
2026-03-04 06:25:00+00:00,24370.15,24380.4,24367.85,24374.5,0
2026-03-04 06:30:00+00:00,24376.85,24391.5,24376.35,24389.1,0
2026-03-04 06:35:00+00:00,24389.8,24395.65,24378.2,24393.4,0
2026-03-04 06:40:00+00:00,24394.85,24402.3,24378.45,24379.85,0
2026-03-04 06:45:00+00:00,24381.15,24383.8,24366.55,24369.0,0
2026-03-04 06:50:00+00:00,24371.35,24385.6,24369.55,24375.8,0
2026-03-04 06:55:00+00:00,24376.65,24384.95,24362.25,24368.3,0
2026-03-04 07:00:00+00:00,24368.95,24381.6,24368.95,24375.05,0
2026-03-04 07:05:00+00:00,24375.55,24387.5,24370.95,24377.95,0
2026-03-04 07:10:00+00:00,24378.5,24383.3,24357.75,24382.55,0
2026-03-04 07:15:00+00:00,24383.35,24396.2,24379.95,24385.85,0
2026-03-04 07:20:00+00:00,24386.55,24397.9,24384.2,24394.15,0
2026-03-04 07:25:00+00:00,24394.8,24428.1,24393.45,24416.8,0
2026-03-04 07:30:00+00:00,24418.0,24431.95,24414.75,24422.15,0
2026-03-04 07:35:00+00:00,24423.15,24438.35,24414.5,24438.15,0
2026-03-04 07:40:00+00:00,24438.95,24461.0,24433.0,24461.0,0
2026-03-04 07:45:00+00:00,24461.45,24465.75,24436.3,24441.45,0
2026-03-04 07:50:00+00:00,24442.15,24460.2,24432.3,24459.55,0
2026-03-04 07:55:00+00:00,24459.55,24477.45,24449.75,24451.6,0
2026-03-04 08:00:00+00:00,24451.25,24466.35,24435.1,24435.65,0
2026-03-04 08:05:00+00:00,24436.05,24448.1,24418.15,24447.0,0
2026-03-04 08:10:00+00:00,24448.05,24462.65,24440.25,24462.6,0
2026-03-04 08:15:00+00:00,24463.5,24469.85,24438.7,24441.95,0
2026-03-04 08:20:00+00:00,24442.6,24445.3,24426.9,24428.55,0
2026-03-04 08:25:00+00:00,24428.7,24438.4,24415.75,24437.0,0
2026-03-04 08:30:00+00:00,24437.9,24453.9,24437.55,24451.1,0
2026-03-04 08:35:00+00:00,24451.2,24496.6,24440.2,24494.6,0
2026-03-04 08:40:00+00:00,24495.55,24556.95,24483.3,24554.95,0
2026-03-04 08:45:00+00:00,24555.35,24574.65,24541.3,24567.85,0
2026-03-04 08:50:00+00:00,24568.35,24568.85,24533.95,24535.0,0
2026-03-04 08:55:00+00:00,24536.55,24541.3,24513.85,24522.5,0
2026-03-04 09:00:00+00:00,24523.1,24553.5,24502.6,24534.25,0
2026-03-04 09:05:00+00:00,24534.85,24543.5,24520.6,24537.85,0
2026-03-04 09:10:00+00:00,24540.35,24584.15,24539.25,24578.75,0
2026-03-04 09:15:00+00:00,24579.1,24600.15,24548.0,24581.2,0
2026-03-04 09:20:00+00:00,24584.85,24594.05,24570.7,24585.55,0
2026-03-04 09:25:00+00:00,24586.35,24602.45,24571.75,24582.95,0
2026-03-04 09:30:00+00:00,24582.95,24584.45,24506.2,24509.0,0
2026-03-04 09:35:00+00:00,24508.65,24518.45,24471.05,24472.2,0
2026-03-04 09:40:00+00:00,24471.15,24474.45,24457.45,24465.95,0
2026-03-04 09:45:00+00:00,24464.85,24473.55,24451.05,24456.9,0
2026-03-04 09:50:00+00:00,24457.1,24473.0,24453.65,24470.45,0
2026-03-04 09:55:00+00:00,24468.4,24482.15,24457.9,24473.95,0
2026-03-05 03:45:00+00:00,24615.95,24651.95,24549.1,24584.85,0
2026-03-05 03:50:00+00:00,24586.8,24609.5,24557.25,24607.2,0
2026-03-05 03:55:00+00:00,24608.3,24610.95,24558.85,24568.45,0
2026-03-05 04:00:00+00:00,24570.6,24586.3,24550.1,24564.5,0
2026-03-05 04:05:00+00:00,24566.3,24569.85,24533.35,24534.25,0
2026-03-05 04:10:00+00:00,24533.3,24599.6,24530.05,24596.2,0
2026-03-05 04:15:00+00:00,24596.3,24616.55,24583.75,24604.95,0
2026-03-05 04:20:00+00:00,24604.55,24651.15,24603.2,24648.9,0
2026-03-05 04:25:00+00:00,24648.85,24656.7,24626.9,24628.5,0
2026-03-05 04:30:00+00:00,24628.25,24649.0,24623.15,24623.25,0
2026-03-05 04:35:00+00:00,24622.4,24647.9,24622.4,24628.6,0
2026-03-05 04:40:00+00:00,24629.45,24630.25,24595.15,24596.25,0
2026-03-05 04:45:00+00:00,24597.05,24608.65,24594.4,24596.0,0
2026-03-05 04:50:00+00:00,24594.3,24598.2,24574.4,24581.45,0
2026-03-05 04:55:00+00:00,24582.6,24584.6,24538.55,24564.55,0
2026-03-05 05:00:00+00:00,24563.7,24572.05,24550.3,24559.6,0
2026-03-05 05:05:00+00:00,24559.95,24629.55,24559.7,24627.7,0
2026-03-05 05:10:00+00:00,24627.85,24653.95,24625.85,24650.95,0
2026-03-05 05:15:00+00:00,24651.05,24660.25,24639.8,24641.55,0
2026-03-05 05:20:00+00:00,24639.95,24645.75,24629.25,24644.25,0
2026-03-05 05:25:00+00:00,24646.25,24672.4,24645.75,24666.55,0
2026-03-05 05:30:00+00:00,24667.2,24672.8,24639.05,24648.1,0
2026-03-05 05:35:00+00:00,24649.15,24667.7,24645.65,24655.15,0
2026-03-05 05:40:00+00:00,24656.4,24657.4,24643.2,24643.2,0
2026-03-05 05:45:00+00:00,24639.85,24662.95,24636.05,24655.9,0
2026-03-05 05:50:00+00:00,24657.65,24658.1,24626.1,24634.65,0
2026-03-05 05:55:00+00:00,24635.1,24639.95,24607.7,24612.9,0
2026-03-05 06:00:00+00:00,24613.65,24638.3,24611.75,24624.95,0
2026-03-05 06:05:00+00:00,24624.8,24625.6,24593.7,24603.4,0
2026-03-05 06:10:00+00:00,24603.95,24605.85,24588.55,24590.35,0
2026-03-05 06:15:00+00:00,24590.75,24593.15,24567.75,24569.7,0
2026-03-05 06:20:00+00:00,24569.2,24594.6,24556.9,24594.6,0
2026-03-05 06:25:00+00:00,24594.85,24597.55,24560.35,24579.1,0
2026-03-05 06:30:00+00:00,24580.2,24596.05,24578.05,24590.15,0
2026-03-05 06:35:00+00:00,24590.8,24595.8,24574.45,24588.25,0
2026-03-05 06:40:00+00:00,24587.15,24616.3,24584.85,24615.5,0
2026-03-05 06:45:00+00:00,24615.65,24616.2,24592.9,24602.35,0
2026-03-05 06:50:00+00:00,24603.2,24635.65,24602.4,24619.15,0
2026-03-05 06:55:00+00:00,24619.2,24651.75,24611.6,24648.85,0
2026-03-05 07:00:00+00:00,24649.15,24665.95,24647.0,24650.3,0
2026-03-05 07:05:00+00:00,24650.65,24654.2,24632.65,24652.7,0
2026-03-05 07:10:00+00:00,24653.15,24657.6,24641.25,24645.8,0
2026-03-05 07:15:00+00:00,24645.8,24646.5,24619.4,24631.45,0
2026-03-05 07:20:00+00:00,24632.1,24654.35,24626.8,24652.65,0
2026-03-05 07:25:00+00:00,24653.15,24657.6,24643.7,24653.45,0
2026-03-05 07:30:00+00:00,24653.95,24660.85,24633.15,24633.3,0
2026-03-05 07:35:00+00:00,24633.15,24647.15,24632.55,24644.1,0
2026-03-05 07:40:00+00:00,24644.7,24656.6,24632.9,24639.65,0
2026-03-05 07:45:00+00:00,24640.7,24646.25,24627.0,24631.05,0
2026-03-05 07:50:00+00:00,24631.2,24645.55,24621.75,24638.2,0
2026-03-05 07:55:00+00:00,24638.65,24651.35,24629.05,24651.0,0
2026-03-05 08:00:00+00:00,24651.55,24671.3,24628.25,24639.2,0
2026-03-05 08:05:00+00:00,24639.6,24642.45,24605.8,24614.05,0
2026-03-05 08:10:00+00:00,24614.7,24629.95,24606.25,24619.8,0
2026-03-05 08:15:00+00:00,24619.85,24635.1,24615.3,24615.4,0
2026-03-05 08:20:00+00:00,24616.1,24618.5,24588.05,24592.6,0
2026-03-05 08:25:00+00:00,24593.95,24594.75,24569.75,24573.7,0
2026-03-05 08:30:00+00:00,24572.5,24586.1,24564.8,24578.2,0
2026-03-05 08:35:00+00:00,24578.65,24581.1,24552.9,24552.9,0
2026-03-05 08:40:00+00:00,24553.3,24563.2,24547.35,24553.75,0
2026-03-05 08:45:00+00:00,24554.15,24567.65,24529.4,24531.95,0
2026-03-05 08:50:00+00:00,24531.25,24600.0,24529.65,24590.95,0
2026-03-05 08:55:00+00:00,24591.1,24617.4,24576.9,24611.25,0
2026-03-05 09:00:00+00:00,24611.5,24612.75,24576.45,24582.5,0
2026-03-05 09:05:00+00:00,24583.6,24675.05,24580.15,24672.5,0
2026-03-05 09:10:00+00:00,24672.45,24761.15,24669.8,24726.8,0
2026-03-05 09:15:00+00:00,24727.05,24762.8,24712.75,24758.4,0
2026-03-05 09:20:00+00:00,24757.05,24853.75,24753.7,24846.55,0
2026-03-05 09:25:00+00:00,24846.25,24854.2,24799.85,24848.95,0
2026-03-05 09:30:00+00:00,24849.2,24853.25,24768.05,24790.7,0
2026-03-05 09:35:00+00:00,24789.4,24796.45,24765.6,24774.3,0
2026-03-05 09:40:00+00:00,24772.65,24784.7,24714.1,24714.8,0
2026-03-05 09:45:00+00:00,24716.0,24759.4,24713.75,24716.85,0
2026-03-05 09:50:00+00:00,24717.2,24730.65,24706.05,24719.05,0
2026-03-05 09:55:00+00:00,24719.85,24748.45,24715.9,24737.45,0
2026-03-06 03:45:00+00:00,24656.4,24700.9,24590.75,24594.4,0
2026-03-06 03:50:00+00:00,24594.9,24652.75,24587.15,24647.6,0
2026-03-06 03:55:00+00:00,24647.45,24683.0,24644.2,24681.2,0
2026-03-06 04:00:00+00:00,24681.5,24681.5,24649.3,24650.45,0
2026-03-06 04:05:00+00:00,24650.35,24676.55,24639.8,24648.4,0
2026-03-06 04:10:00+00:00,24647.8,24680.8,24641.25,24678.85,0
2026-03-06 04:15:00+00:00,24678.35,24688.1,24655.75,24657.9,0
2026-03-06 04:20:00+00:00,24658.2,24666.25,24638.95,24643.85,0
2026-03-06 04:25:00+00:00,24643.3,24643.6,24618.85,24625.15,0
2026-03-06 04:30:00+00:00,24624.3,24647.5,24616.95,24635.0,0
2026-03-06 04:35:00+00:00,24634.65,24661.1,24622.8,24653.6,0
2026-03-06 04:40:00+00:00,24654.0,24657.85,24648.95,24653.35,0
2026-03-06 04:45:00+00:00,24652.35,24675.45,24651.1,24673.5,0
2026-03-06 04:50:00+00:00,24674.15,24674.35,24658.75,24669.1,0
2026-03-06 04:55:00+00:00,24669.2,24675.65,24647.4,24651.75,0
2026-03-06 05:00:00+00:00,24652.35,24652.7,24618.85,24619.1,0
2026-03-06 05:05:00+00:00,24618.6,24630.55,24608.75,24621.6,0
2026-03-06 05:10:00+00:00,24620.95,24629.1,24613.3,24620.15,0
2026-03-06 05:15:00+00:00,24620.8,24622.3,24585.05,24586.5,0
2026-03-06 05:20:00+00:00,24587.2,24621.05,24575.15,24596.7,0
2026-03-06 05:25:00+00:00,24596.7,24598.1,24584.2,24594.65,0
2026-03-06 05:30:00+00:00,24594.9,24636.85,24594.9,24635.7,0
2026-03-06 05:35:00+00:00,24636.55,24648.7,24626.3,24635.95,0
2026-03-06 05:40:00+00:00,24636.1,24637.55,24615.1,24617.6,0
2026-03-06 05:45:00+00:00,24617.4,24621.4,24599.7,24606.35,0
2026-03-06 05:50:00+00:00,24606.6,24619.6,24600.15,24600.15,0
2026-03-06 05:55:00+00:00,24600.2,24607.55,24593.9,24607.25,0
2026-03-06 06:00:00+00:00,24607.75,24620.85,24602.55,24620.45,0
2026-03-06 06:05:00+00:00,24620.75,24635.65,24618.35,24635.55,0
2026-03-06 06:10:00+00:00,24634.85,24654.55,24615.8,24616.4,0
2026-03-06 06:15:00+00:00,24616.5,24634.0,24611.7,24632.45,0
2026-03-06 06:20:00+00:00,24632.4,24634.9,24613.9,24619.85,0
2026-03-06 06:25:00+00:00,24619.3,24630.2,24611.95,24625.7,0
2026-03-06 06:30:00+00:00,24625.85,24627.55,24608.95,24609.65,0
2026-03-06 06:35:00+00:00,24610.1,24629.55,24606.2,24626.5,0
2026-03-06 06:40:00+00:00,24626.8,24631.45,24605.45,24608.85,0
2026-03-06 06:45:00+00:00,24608.6,24623.35,24603.95,24610.0,0
2026-03-06 06:50:00+00:00,24610.6,24612.75,24600.1,24608.85,0
2026-03-06 06:55:00+00:00,24609.7,24609.7,24576.05,24578.3,0
2026-03-06 07:00:00+00:00,24578.25,24598.0,24578.25,24595.05,0
2026-03-06 07:05:00+00:00,24594.85,24597.9,24584.95,24586.15,0
2026-03-06 07:10:00+00:00,24586.05,24602.0,24586.05,24599.85,0
2026-03-06 07:15:00+00:00,24599.8,24603.3,24583.8,24595.5,0
2026-03-06 07:20:00+00:00,24596.0,24611.25,24595.4,24596.95,0
2026-03-06 07:25:00+00:00,24597.2,24607.45,24592.15,24603.7,0
2026-03-06 07:30:00+00:00,24603.6,24614.25,24591.9,24600.1,0
2026-03-06 07:35:00+00:00,24600.75,24610.05,24593.6,24595.1,0
2026-03-06 07:40:00+00:00,24595.45,24603.6,24594.25,24602.65,0
2026-03-06 07:45:00+00:00,24602.05,24606.7,24593.25,24597.8,0
2026-03-06 07:50:00+00:00,24597.85,24614.85,24593.6,24607.15,0
2026-03-06 07:55:00+00:00,24605.85,24613.15,24602.75,24609.65,0
2026-03-06 08:00:00+00:00,24609.0,24610.65,24576.9,24584.2,0
2026-03-06 08:05:00+00:00,24584.0,24623.5,24571.55,24600.4,0
2026-03-06 08:10:00+00:00,24600.45,24608.05,24592.2,24594.95,0
2026-03-06 08:15:00+00:00,24596.6,24596.6,24572.4,24581.85,0
2026-03-06 08:20:00+00:00,24580.95,24596.5,24569.45,24575.15,0
2026-03-06 08:25:00+00:00,24574.25,24574.6,24552.95,24554.9,0
2026-03-06 08:30:00+00:00,24555.7,24581.95,24543.2,24567.05,0
2026-03-06 08:35:00+00:00,24566.45,24585.0,24564.55,24584.9,0
2026-03-06 08:40:00+00:00,24584.1,24605.7,24584.1,24585.75,0
2026-03-06 08:45:00+00:00,24587.2,24615.9,24585.45,24609.25,0
2026-03-06 08:50:00+00:00,24610.05,24612.55,24603.1,24611.7,0
2026-03-06 08:55:00+00:00,24612.45,24616.45,24592.3,24593.0,0
2026-03-06 09:00:00+00:00,24593.45,24602.3,24581.3,24583.1,0
2026-03-06 09:05:00+00:00,24583.8,24592.45,24567.75,24568.9,0
2026-03-06 09:10:00+00:00,24569.2,24569.2,24534.1,24543.45,0
2026-03-06 09:15:00+00:00,24543.5,24559.75,24445.35,24488.8,0
2026-03-06 09:20:00+00:00,24488.4,24534.8,24484.7,24512.75,0
2026-03-06 09:25:00+00:00,24512.15,24515.35,24481.6,24482.55,0
2026-03-06 09:30:00+00:00,24481.8,24492.8,24459.45,24461.75,0
2026-03-06 09:35:00+00:00,24460.95,24465.35,24445.3,24460.05,0
2026-03-06 09:40:00+00:00,24460.15,24464.1,24431.3,24441.65,0
2026-03-06 09:45:00+00:00,24441.1,24443.85,24415.75,24434.9,0
2026-03-06 09:50:00+00:00,24434.0,24454.25,24434.0,24446.8,0
2026-03-06 09:55:00+00:00,24447.25,24474.4,24443.15,24469.4,0
2026-03-09 03:45:00+00:00,23868.05,23959.7,23743.45,23774.35,0
2026-03-09 03:50:00+00:00,23779.0,23786.8,23713.35,23720.95,0
2026-03-09 03:55:00+00:00,23720.6,23748.7,23697.8,23736.75,0
2026-03-09 04:00:00+00:00,23736.25,23799.3,23734.8,23764.85,0
2026-03-09 04:05:00+00:00,23765.75,23782.4,23751.45,23765.55,0
2026-03-09 04:10:00+00:00,23764.1,23776.7,23735.65,23735.65,0
2026-03-09 04:15:00+00:00,23737.4,23773.35,23711.85,23761.75,0
2026-03-09 04:20:00+00:00,23761.05,23784.3,23751.25,23776.5,0
2026-03-09 04:25:00+00:00,23775.75,23786.4,23763.3,23773.9,0
2026-03-09 04:30:00+00:00,23774.0,23789.25,23750.65,23758.6,0
2026-03-09 04:35:00+00:00,23758.2,23813.1,23756.5,23808.7,0
2026-03-09 04:40:00+00:00,23808.0,23834.15,23805.2,23806.2,0
2026-03-09 04:45:00+00:00,23805.0,23805.0,23755.85,23764.5,0
2026-03-09 04:50:00+00:00,23766.7,23797.2,23761.75,23776.3,0
2026-03-09 04:55:00+00:00,23775.0,23787.7,23758.1,23781.85,0
2026-03-09 05:00:00+00:00,23781.15,23785.2,23749.9,23752.3,0
2026-03-09 05:05:00+00:00,23752.1,23791.75,23744.85,23774.35,0
2026-03-09 05:10:00+00:00,23774.35,23787.3,23763.95,23783.4,0
2026-03-09 05:15:00+00:00,23784.45,23784.9,23754.0,23754.95,0
2026-03-09 05:20:00+00:00,23754.1,23862.35,23750.15,23852.65,0
2026-03-09 05:25:00+00:00,23851.2,23896.0,23847.3,23862.35,0
2026-03-09 05:30:00+00:00,23866.2,23871.65,23836.55,23848.65,0
2026-03-09 05:35:00+00:00,23848.55,23854.15,23824.7,23830.65,0
2026-03-09 05:40:00+00:00,23830.15,23837.3,23784.45,23819.5,0
2026-03-09 05:45:00+00:00,23818.45,23837.1,23787.35,23834.05,0
2026-03-09 05:50:00+00:00,23833.75,23864.75,23831.85,23846.8,0
2026-03-09 05:55:00+00:00,23846.65,23888.65,23840.05,23877.25,0
2026-03-09 06:00:00+00:00,23877.8,23890.0,23863.9,23881.45,0
2026-03-09 06:05:00+00:00,23881.8,23904.8,23881.8,23901.05,0
2026-03-09 06:10:00+00:00,23900.8,23932.0,23891.55,23897.65,0
2026-03-09 06:15:00+00:00,23897.85,23910.5,23878.75,23892.55,0
2026-03-09 06:20:00+00:00,23892.5,23899.3,23883.95,23892.4,0
2026-03-09 06:25:00+00:00,23891.9,23898.2,23882.1,23887.2,0
2026-03-09 06:30:00+00:00,23887.5,23888.6,23867.15,23882.6,0
2026-03-09 06:35:00+00:00,23882.05,23882.4,23841.8,23841.8,0
2026-03-09 06:40:00+00:00,23841.25,23869.2,23828.35,23855.35,0
2026-03-09 06:45:00+00:00,23855.6,23866.8,23848.95,23852.6,0
2026-03-09 06:50:00+00:00,23851.9,23865.0,23839.2,23865.0,0
2026-03-09 06:55:00+00:00,23864.8,23870.85,23854.1,23862.2,0
2026-03-09 07:00:00+00:00,23862.8,23870.7,23844.5,23844.5,0
2026-03-09 07:05:00+00:00,23844.15,23871.15,23834.1,23867.5,0
2026-03-09 07:10:00+00:00,23866.95,23883.15,23859.0,23873.45,0
2026-03-09 07:15:00+00:00,23874.65,23884.0,23854.3,23856.1,0
2026-03-09 07:20:00+00:00,23855.35,23891.4,23854.4,23889.5,0
2026-03-09 07:25:00+00:00,23889.9,23914.95,23881.0,23910.95,0
2026-03-09 07:30:00+00:00,23909.35,23917.75,23890.2,23914.45,0
2026-03-09 07:35:00+00:00,23913.3,23918.2,23893.4,23897.55,0
2026-03-09 07:40:00+00:00,23897.2,23900.25,23863.35,23869.7,0
2026-03-09 07:45:00+00:00,23870.0,23883.75,23853.85,23863.35,0
2026-03-09 07:50:00+00:00,23864.8,23902.8,23861.15,23866.75,0
2026-03-09 07:55:00+00:00,23866.15,23906.85,23858.75,23882.15,0
2026-03-09 08:00:00+00:00,23883.6,23937.55,23882.5,23912.3,0
2026-03-09 08:05:00+00:00,23911.35,23914.4,23891.3,23909.05,0
2026-03-09 08:10:00+00:00,23909.3,23919.35,23899.3,23902.85,0
2026-03-09 08:15:00+00:00,23903.1,23907.05,23876.9,23886.75,0
2026-03-09 08:20:00+00:00,23885.9,23910.35,23882.7,23901.15,0
2026-03-09 08:25:00+00:00,23900.9,23911.55,23876.05,23878.5,0
2026-03-09 08:30:00+00:00,23878.65,23885.7,23859.6,23883.65,0
2026-03-09 08:35:00+00:00,23883.9,23900.2,23876.65,23895.1,0
2026-03-09 08:40:00+00:00,23893.95,23904.8,23878.75,23883.6,0
2026-03-09 08:45:00+00:00,23884.55,23886.85,23865.9,23875.45,0
2026-03-09 08:50:00+00:00,23875.15,23901.15,23863.95,23899.15,0
2026-03-09 08:55:00+00:00,23898.3,23917.3,23891.8,23902.5,0
2026-03-09 09:00:00+00:00,23903.0,23925.0,23895.6,23907.75,0
2026-03-09 09:05:00+00:00,23907.8,23931.55,23901.15,23929.8,0
2026-03-09 09:10:00+00:00,23929.85,23956.3,23914.0,23946.95,0
2026-03-09 09:15:00+00:00,23947.25,24017.1,23939.3,23981.05,0
2026-03-09 09:20:00+00:00,23983.65,24012.45,23968.1,24011.65,0
2026-03-09 09:25:00+00:00,24012.85,24019.35,23991.35,24011.0,0
2026-03-09 09:30:00+00:00,24012.3,24056.45,23973.95,24049.4,0
2026-03-09 09:35:00+00:00,24050.25,24078.15,24021.6,24033.3,0
2026-03-09 09:40:00+00:00,24031.7,24061.0,24024.7,24047.7,0
2026-03-09 09:45:00+00:00,24047.15,24056.15,24037.8,24040.6,0
2026-03-09 09:50:00+00:00,24040.75,24040.75,24006.15,24014.65,0
2026-03-09 09:55:00+00:00,24015.05,24016.85,23994.7,24005.8,0
2026-03-10 03:45:00+00:00,24280.8,24303.8,24149.0,24150.4,0
2026-03-10 03:50:00+00:00,24150.7,24174.65,24138.6,24152.6,0
2026-03-10 03:55:00+00:00,24151.65,24171.2,24125.15,24159.8,0
2026-03-10 04:00:00+00:00,24159.35,24164.6,24121.2,24124.45,0
2026-03-10 04:05:00+00:00,24124.25,24124.25,24085.6,24093.4,0
2026-03-10 04:10:00+00:00,24093.15,24155.25,24089.35,24153.45,0
2026-03-10 04:15:00+00:00,24152.95,24158.3,24115.05,24136.65,0
2026-03-10 04:20:00+00:00,24136.6,24140.25,24121.8,24131.4,0
2026-03-10 04:25:00+00:00,24131.85,24131.95,24079.95,24093.1,0
2026-03-10 04:30:00+00:00,24092.05,24138.65,24091.3,24131.6,0
2026-03-10 04:35:00+00:00,24130.8,24147.5,24121.4,24139.5,0
2026-03-10 04:40:00+00:00,24139.15,24160.95,24131.1,24151.05,0
2026-03-10 04:45:00+00:00,24151.5,24213.7,24149.3,24204.55,0
2026-03-10 04:50:00+00:00,24205.0,24208.2,24151.9,24169.0,0
2026-03-10 04:55:00+00:00,24169.2,24175.95,24153.2,24160.6,0
2026-03-10 05:00:00+00:00,24160.3,24207.3,24159.1,24200.3,0
2026-03-10 05:05:00+00:00,24200.3,24209.15,24185.45,24193.2,0
2026-03-10 05:10:00+00:00,24192.7,24224.8,24191.5,24217.05,0
2026-03-10 05:15:00+00:00,24217.2,24233.2,24213.25,24222.4,0
2026-03-10 05:20:00+00:00,24222.2,24225.8,24184.95,24192.05,0
2026-03-10 05:25:00+00:00,24192.2,24198.8,24173.95,24197.4,0
2026-03-10 05:30:00+00:00,24197.6,24207.3,24186.6,24202.65,0
2026-03-10 05:35:00+00:00,24202.8,24219.6,24196.75,24219.6,0
2026-03-10 05:40:00+00:00,24219.1,24224.95,24216.2,24222.4,0
2026-03-10 05:45:00+00:00,24222.2,24243.5,24208.3,24210.25,0
2026-03-10 05:50:00+00:00,24210.8,24234.45,24206.1,24233.3,0
2026-03-10 05:55:00+00:00,24233.4,24237.7,24216.95,24229.0,0
2026-03-10 06:00:00+00:00,24229.55,24246.85,24226.95,24244.65,0
2026-03-10 06:05:00+00:00,24245.4,24255.05,24242.35,24252.05,0
2026-03-10 06:10:00+00:00,24252.3,24255.3,24247.85,24250.1,0
2026-03-10 06:15:00+00:00,24250.0,24250.5,24208.0,24208.2,0
2026-03-10 06:20:00+00:00,24207.45,24214.6,24195.7,24213.15,0
2026-03-10 06:25:00+00:00,24214.3,24225.25,24193.9,24210.65,0
2026-03-10 06:30:00+00:00,24210.8,24222.75,24207.95,24214.15,0
2026-03-10 06:35:00+00:00,24214.45,24229.45,24205.3,24205.3,0
2026-03-10 06:40:00+00:00,24205.35,24215.9,24172.5,24172.5,0
2026-03-10 06:45:00+00:00,24173.1,24189.45,24149.95,24184.5,0
2026-03-10 06:50:00+00:00,24184.4,24186.65,24143.05,24152.0,0
2026-03-10 06:55:00+00:00,24152.0,24166.05,24147.6,24162.65,0
2026-03-10 07:00:00+00:00,24163.3,24165.9,24153.15,24160.9,0
2026-03-10 07:05:00+00:00,24160.0,24191.5,24156.5,24157.0,0
2026-03-10 07:10:00+00:00,24156.65,24163.35,24142.45,24147.05,0
2026-03-10 07:15:00+00:00,24147.6,24184.5,24142.75,24184.5,0
2026-03-10 07:20:00+00:00,24184.45,24220.05,24181.9,24218.4,0
2026-03-10 07:25:00+00:00,24218.55,24231.35,24209.4,24219.15,0
2026-03-10 07:30:00+00:00,24219.4,24236.5,24213.6,24224.1,0
2026-03-10 07:35:00+00:00,24226.35,24226.7,24201.55,24206.3,0
2026-03-10 07:40:00+00:00,24208.05,24217.85,24194.9,24209.35,0
2026-03-10 07:45:00+00:00,24209.9,24219.05,24203.6,24215.4,0
2026-03-10 07:50:00+00:00,24215.75,24225.3,24190.4,24199.85,0
2026-03-10 07:55:00+00:00,24199.35,24213.35,24191.85,24212.6,0
2026-03-10 08:00:00+00:00,24212.55,24236.05,24212.4,24231.8,0
2026-03-10 08:05:00+00:00,24231.4,24262.85,24215.75,24252.15,0
2026-03-10 08:10:00+00:00,24251.7,24258.1,24230.35,24238.55,0
2026-03-10 08:15:00+00:00,24238.5,24238.7,24223.5,24233.65,0
2026-03-10 08:20:00+00:00,24233.8,24253.5,24232.75,24239.5,0
2026-03-10 08:25:00+00:00,24239.7,24244.35,24232.8,24233.2,0
2026-03-10 08:30:00+00:00,24233.45,24236.65,24215.6,24233.35,0
2026-03-10 08:35:00+00:00,24232.8,24289.95,24227.65,24275.5,0
2026-03-10 08:40:00+00:00,24276.75,24294.0,24269.6,24285.95,0
2026-03-10 08:45:00+00:00,24286.25,24296.65,24248.45,24252.85,0
2026-03-10 08:50:00+00:00,24252.65,24253.8,24222.45,24239.35,0
2026-03-10 08:55:00+00:00,24238.05,24244.45,24221.25,24235.45,0
2026-03-10 09:00:00+00:00,24235.2,24245.95,24201.95,24215.15,0
2026-03-10 09:05:00+00:00,24215.3,24245.15,24214.05,24228.45,0
2026-03-10 09:10:00+00:00,24227.5,24236.4,24203.05,24224.6,0
2026-03-10 09:15:00+00:00,24224.85,24267.65,24208.5,24264.6,0
2026-03-10 09:20:00+00:00,24265.75,24278.15,24240.35,24263.8,0
2026-03-10 09:25:00+00:00,24263.85,24273.9,24250.15,24261.45,0
2026-03-10 09:30:00+00:00,24261.95,24264.05,24217.5,24252.4,0
2026-03-10 09:35:00+00:00,24252.05,24269.2,24246.55,24259.0,0
2026-03-10 09:40:00+00:00,24259.0,24276.25,24250.6,24258.0,0
2026-03-10 09:45:00+00:00,24257.4,24280.4,24256.95,24274.25,0
2026-03-10 09:50:00+00:00,24273.6,24292.0,24254.0,24291.35,0
2026-03-10 09:55:00+00:00,24291.6,24302.5,24281.25,24286.15,0
2026-03-11 03:45:00+00:00,24231.85,24294.1,24218.5,24285.9,0
2026-03-11 03:50:00+00:00,24288.8,24299.0,24239.35,24242.5,0
2026-03-11 03:55:00+00:00,24243.6,24250.35,24213.75,24237.35,0
2026-03-11 04:00:00+00:00,24237.9,24238.25,24203.1,24228.6,0
2026-03-11 04:05:00+00:00,24228.75,24230.7,24181.75,24192.45,0
2026-03-11 04:10:00+00:00,24194.7,24197.6,24172.75,24187.65,0
2026-03-11 04:15:00+00:00,24188.95,24207.5,24179.95,24198.8,0
2026-03-11 04:20:00+00:00,24199.3,24205.35,24146.5,24148.55,0
2026-03-11 04:25:00+00:00,24148.35,24170.55,24144.65,24153.7,0
2026-03-11 04:30:00+00:00,24154.6,24161.7,24134.2,24160.6,0
2026-03-11 04:35:00+00:00,24160.95,24160.95,24117.05,24118.2,0
2026-03-11 04:40:00+00:00,24118.85,24125.9,24109.6,24116.5,0
2026-03-11 04:45:00+00:00,24117.1,24132.25,24112.0,24124.0,0
2026-03-11 04:50:00+00:00,24124.6,24130.35,24103.45,24125.05,0
2026-03-11 04:55:00+00:00,24126.3,24131.95,24111.0,24121.65,0
2026-03-11 05:00:00+00:00,24122.35,24141.95,24119.4,24125.4,0
2026-03-11 05:05:00+00:00,24125.35,24125.6,24084.85,24085.55,0
2026-03-11 05:10:00+00:00,24087.0,24101.4,24069.85,24074.1,0
2026-03-11 05:15:00+00:00,24074.0,24088.35,24049.05,24087.6,0
2026-03-11 05:20:00+00:00,24087.4,24097.65,24072.35,24083.45,0
2026-03-11 05:25:00+00:00,24083.45,24104.1,24080.35,24102.95,0
2026-03-11 05:30:00+00:00,24102.95,24114.1,24089.9,24110.85,0
2026-03-11 05:35:00+00:00,24111.45,24111.95,24083.65,24085.65,0
2026-03-11 05:40:00+00:00,24085.75,24087.4,24063.3,24071.4,0
2026-03-11 05:45:00+00:00,24073.75,24073.75,24037.65,24042.1,0
2026-03-11 05:50:00+00:00,24042.1,24042.1,24009.2,24010.6,0
2026-03-11 05:55:00+00:00,24013.5,24033.7,24011.95,24033.55,0
2026-03-11 06:00:00+00:00,24033.9,24034.35,23996.4,24001.2,0
2026-03-11 06:05:00+00:00,24001.45,24023.6,23986.0,24009.6,0
2026-03-11 06:10:00+00:00,24010.45,24014.45,24000.1,24013.55,0
2026-03-11 06:15:00+00:00,24014.45,24015.95,23995.9,23996.75,0
2026-03-11 06:20:00+00:00,23997.95,23998.25,23974.45,23995.25,0
2026-03-11 06:25:00+00:00,23995.55,23995.55,23971.6,23982.3,0
2026-03-11 06:30:00+00:00,23982.6,24022.85,23978.8,24021.95,0
2026-03-11 06:35:00+00:00,24022.1,24023.85,23997.6,24002.5,0
2026-03-11 06:40:00+00:00,24003.15,24020.8,23999.65,24011.6,0
2026-03-11 06:45:00+00:00,24012.55,24019.75,24006.25,24015.3,0
2026-03-11 06:50:00+00:00,24016.05,24024.2,24009.05,24015.6,0
2026-03-11 06:55:00+00:00,24016.2,24017.0,24002.5,24011.9,0
2026-03-11 07:00:00+00:00,24012.35,24023.65,23984.0,23990.9,0
2026-03-11 07:05:00+00:00,23993.25,24001.75,23969.7,23972.2,0
2026-03-11 07:10:00+00:00,23973.6,24011.0,23970.95,24010.95,0
2026-03-11 07:15:00+00:00,24011.85,24011.85,23983.1,23992.55,0
2026-03-11 07:20:00+00:00,23993.4,23999.25,23983.2,23985.95,0
2026-03-11 07:25:00+00:00,23986.3,23990.85,23971.15,23973.3,0
2026-03-11 07:30:00+00:00,23973.8,23993.75,23954.0,23961.5,0
2026-03-11 07:35:00+00:00,23962.15,23974.35,23958.7,23971.5,0
2026-03-11 07:40:00+00:00,23971.55,23971.55,23919.8,23929.65,0
2026-03-11 07:45:00+00:00,23930.7,23939.65,23913.45,23938.75,0
2026-03-11 07:50:00+00:00,23939.65,23963.2,23934.75,23961.45,0
2026-03-11 07:55:00+00:00,23962.05,23980.65,23952.4,23980.0,0
2026-03-11 08:00:00+00:00,23980.45,24005.35,23973.9,23977.1,0
2026-03-11 08:05:00+00:00,23977.55,23985.6,23958.35,23961.35,0
2026-03-11 08:10:00+00:00,23962.1,23974.25,23955.85,23957.95,0
2026-03-11 08:15:00+00:00,23958.45,23964.4,23941.8,23951.75,0
2026-03-11 08:20:00+00:00,23951.85,23965.65,23938.7,23961.5,0
2026-03-11 08:25:00+00:00,23961.85,23966.25,23942.45,23959.2,0
2026-03-11 08:30:00+00:00,23959.0,23960.9,23940.6,23955.05,0
2026-03-11 08:35:00+00:00,23955.1,23959.4,23934.35,23934.35,0
2026-03-11 08:40:00+00:00,23936.2,23944.15,23929.2,23939.95,0
2026-03-11 08:45:00+00:00,23940.95,23948.4,23903.6,23915.3,0
2026-03-11 08:50:00+00:00,23916.9,23927.35,23900.1,23900.1,0
2026-03-11 08:55:00+00:00,23899.55,23974.6,23892.0,23974.55,0
2026-03-11 09:00:00+00:00,23975.8,23977.05,23924.3,23924.3,0
2026-03-11 09:05:00+00:00,23923.25,23939.5,23918.65,23936.8,0
2026-03-11 09:10:00+00:00,23938.6,23938.6,23913.7,23921.3,0
2026-03-11 09:15:00+00:00,23921.55,23930.4,23912.3,23916.45,0
2026-03-11 09:20:00+00:00,23917.4,23923.85,23894.5,23916.15,0
2026-03-11 09:25:00+00:00,23916.75,23916.75,23871.8,23872.4,0
2026-03-11 09:30:00+00:00,23874.8,23913.1,23871.65,23883.95,0
2026-03-11 09:35:00+00:00,23887.15,23896.4,23854.35,23878.9,0
2026-03-11 09:40:00+00:00,23880.55,23885.85,23857.5,23861.9,0
2026-03-11 09:45:00+00:00,23864.2,23879.6,23856.45,23874.55,0
2026-03-11 09:50:00+00:00,23876.5,23878.45,23846.25,23860.25,0
2026-03-11 09:55:00+00:00,23860.55,23860.55,23834.3,23848.2,0
2026-03-12 03:45:00+00:00,23674.85,23690.85,23556.3,23563.15,0
2026-03-12 03:50:00+00:00,23564.5,23601.4,23557.85,23601.4,0
2026-03-12 03:55:00+00:00,23601.65,23612.75,23586.85,23603.35,0
2026-03-12 04:00:00+00:00,23600.45,23619.6,23589.55,23592.65,0
2026-03-12 04:05:00+00:00,23593.95,23610.1,23571.85,23572.85,0
2026-03-12 04:10:00+00:00,23574.5,23606.9,23569.4,23602.65,0
2026-03-12 04:15:00+00:00,23606.2,23624.55,23595.05,23623.15,0
2026-03-12 04:20:00+00:00,23623.5,23657.0,23618.45,23656.75,0
2026-03-12 04:25:00+00:00,23657.0,23696.6,23643.75,23693.8,0
2026-03-12 04:30:00+00:00,23695.4,23696.75,23670.6,23677.85,0
2026-03-12 04:35:00+00:00,23679.85,23679.85,23620.15,23628.2,0
2026-03-12 04:40:00+00:00,23632.45,23651.4,23605.35,23610.15,0
2026-03-12 04:45:00+00:00,23610.5,23615.9,23589.9,23612.65,0
2026-03-12 04:50:00+00:00,23614.75,23628.95,23608.5,23616.45,0
2026-03-12 04:55:00+00:00,23617.2,23681.55,23617.15,23666.65,0
2026-03-12 05:00:00+00:00,23666.35,23690.1,23632.35,23685.45,0
2026-03-12 05:05:00+00:00,23686.15,23720.0,23673.45,23712.95,0
2026-03-12 05:10:00+00:00,23714.35,23721.05,23684.65,23692.7,0
2026-03-12 05:15:00+00:00,23693.4,23704.85,23690.6,23694.0,0
2026-03-12 05:20:00+00:00,23694.6,23713.65,23669.3,23694.5,0
2026-03-12 05:25:00+00:00,23695.25,23742.15,23681.7,23740.9,0
2026-03-12 05:30:00+00:00,23741.6,23768.75,23741.15,23767.2,0
2026-03-12 05:35:00+00:00,23768.55,23774.0,23733.95,23738.4,0
2026-03-12 05:40:00+00:00,23739.45,23764.4,23737.2,23741.05,0
2026-03-12 05:45:00+00:00,23741.75,23756.65,23678.15,23696.9,0
2026-03-12 05:50:00+00:00,23700.7,23703.9,23665.0,23703.5,0
2026-03-12 05:55:00+00:00,23703.85,23713.45,23690.5,23703.3,0
2026-03-12 06:00:00+00:00,23704.2,23704.2,23676.6,23697.9,0
2026-03-12 06:05:00+00:00,23698.35,23701.25,23682.65,23697.25,0
2026-03-12 06:10:00+00:00,23699.4,23718.25,23689.8,23711.35,0
2026-03-12 06:15:00+00:00,23712.45,23725.0,23688.1,23694.3,0
2026-03-12 06:20:00+00:00,23695.7,23718.85,23692.5,23712.95,0
2026-03-12 06:25:00+00:00,23713.9,23742.2,23708.15,23739.85,0
2026-03-12 06:30:00+00:00,23739.45,23748.1,23735.3,23744.2,0
2026-03-12 06:35:00+00:00,23744.4,23748.45,23718.1,23725.65,0
2026-03-12 06:40:00+00:00,23727.8,23750.65,23710.5,23749.35,0
2026-03-12 06:45:00+00:00,23751.15,23751.15,23721.8,23724.3,0
2026-03-12 06:50:00+00:00,23725.7,23755.95,23724.0,23749.2,0
2026-03-12 06:55:00+00:00,23750.85,23759.2,23735.2,23744.1,0
2026-03-12 07:00:00+00:00,23744.4,23747.6,23717.5,23721.9,0
2026-03-12 07:05:00+00:00,23721.75,23731.7,23702.4,23709.75,0
2026-03-12 07:10:00+00:00,23710.65,23722.35,23702.3,23715.8,0
2026-03-12 07:15:00+00:00,23716.7,23731.25,23714.1,23722.1,0
2026-03-12 07:20:00+00:00,23722.85,23728.9,23701.5,23708.35,0
2026-03-12 07:25:00+00:00,23710.7,23723.8,23700.8,23717.0,0
2026-03-12 07:30:00+00:00,23717.85,23718.7,23691.4,23702.75,0
2026-03-12 07:35:00+00:00,23702.45,23702.6,23656.4,23682.55,0
2026-03-12 07:40:00+00:00,23683.55,23722.4,23678.75,23715.25,0
2026-03-12 07:45:00+00:00,23718.3,23718.5,23697.25,23702.25,0
2026-03-12 07:50:00+00:00,23702.95,23744.1,23695.8,23740.35,0
2026-03-12 07:55:00+00:00,23741.7,23767.95,23732.7,23764.3,0
2026-03-12 08:00:00+00:00,23765.25,23815.8,23764.7,23804.3,0
2026-03-12 08:05:00+00:00,23805.25,23819.1,23796.6,23811.8,0
2026-03-12 08:10:00+00:00,23813.6,23833.15,23784.25,23789.9,0
2026-03-12 08:15:00+00:00,23789.35,23801.25,23776.25,23782.55,0
2026-03-12 08:20:00+00:00,23783.6,23793.1,23762.5,23771.45,0
2026-03-12 08:25:00+00:00,23771.85,23772.0,23738.6,23738.6,0
2026-03-12 08:30:00+00:00,23740.55,23762.45,23733.5,23752.85,0
2026-03-12 08:35:00+00:00,23752.85,23771.55,23720.05,23721.5,0
2026-03-12 08:40:00+00:00,23721.7,23747.65,23701.95,23738.9,0
2026-03-12 08:45:00+00:00,23739.35,23758.15,23723.3,23749.35,0
2026-03-12 08:50:00+00:00,23749.5,23755.8,23730.35,23732.95,0
2026-03-12 08:55:00+00:00,23734.15,23744.3,23709.65,23711.8,0
2026-03-12 09:00:00+00:00,23713.5,23739.95,23710.4,23738.3,0
2026-03-12 09:05:00+00:00,23739.3,23745.15,23721.4,23724.95,0
2026-03-12 09:10:00+00:00,23726.15,23726.15,23667.6,23673.8,0
2026-03-12 09:15:00+00:00,23673.15,23684.1,23657.2,23672.55,0
2026-03-12 09:20:00+00:00,23674.25,23674.7,23605.55,23633.05,0
2026-03-12 09:25:00+00:00,23634.5,23647.95,23619.95,23639.45,0
2026-03-12 09:30:00+00:00,23641.1,23655.8,23609.95,23654.9,0
2026-03-12 09:35:00+00:00,23655.65,23669.05,23637.9,23666.8,0
2026-03-12 09:40:00+00:00,23665.35,23679.8,23628.8,23633.9,0
2026-03-12 09:45:00+00:00,23636.35,23652.0,23624.75,23649.55,0
2026-03-12 09:50:00+00:00,23650.65,23652.15,23630.55,23635.6,0
2026-03-12 09:55:00+00:00,23635.55,23643.1,23624.6,23639.35,0
2026-03-13 03:45:00+00:00,23462.5,23487.9,23419.1,23450.25,0
2026-03-13 03:50:00+00:00,23448.5,23451.95,23417.0,23431.6,0
2026-03-13 03:55:00+00:00,23431.15,23475.55,23415.25,23469.65,0
2026-03-13 04:00:00+00:00,23469.8,23492.4,23452.6,23453.9,0
2026-03-13 04:05:00+00:00,23455.05,23474.45,23433.6,23454.75,0
2026-03-13 04:10:00+00:00,23456.25,23462.0,23424.95,23425.25,0
2026-03-13 04:15:00+00:00,23426.55,23426.85,23388.45,23397.4,0
2026-03-13 04:20:00+00:00,23399.65,23399.65,23362.65,23363.1,0
2026-03-13 04:25:00+00:00,23364.45,23372.55,23344.2,23347.55,0
2026-03-13 04:30:00+00:00,23349.1,23369.95,23333.0,23361.1,0
2026-03-13 04:35:00+00:00,23361.8,23361.8,23326.1,23337.05,0
2026-03-13 04:40:00+00:00,23337.35,23344.1,23311.85,23329.8,0
2026-03-13 04:45:00+00:00,23330.95,23340.7,23317.35,23317.5,0
2026-03-13 04:50:00+00:00,23318.1,23334.85,23305.75,23311.85,0
2026-03-13 04:55:00+00:00,23313.7,23357.1,23309.0,23353.45,0
2026-03-13 05:00:00+00:00,23354.45,23360.0,23325.7,23326.75,0
2026-03-13 05:05:00+00:00,23326.75,23338.0,23320.3,23337.2,0
2026-03-13 05:10:00+00:00,23338.1,23342.0,23313.05,23324.55,0
2026-03-13 05:15:00+00:00,23325.2,23333.4,23309.3,23330.4,0
2026-03-13 05:20:00+00:00,23330.65,23379.55,23330.1,23359.2,0
2026-03-13 05:25:00+00:00,23362.1,23372.7,23348.9,23372.7,0
2026-03-13 05:30:00+00:00,23373.8,23374.7,23355.2,23358.25,0
2026-03-13 05:35:00+00:00,23357.25,23361.65,23331.5,23334.2,0
2026-03-13 05:40:00+00:00,23333.35,23339.55,23317.45,23321.65,0
2026-03-13 05:45:00+00:00,23323.55,23329.25,23309.65,23324.85,0
2026-03-13 05:50:00+00:00,23324.1,23342.85,23319.6,23335.95,0
2026-03-13 05:55:00+00:00,23337.0,23379.2,23333.15,23377.35,0
2026-03-13 06:00:00+00:00,23378.85,23400.3,23365.35,23391.3,0
2026-03-13 06:05:00+00:00,23392.2,23410.2,23380.5,23405.15,0
2026-03-13 06:10:00+00:00,23407.35,23414.9,23395.25,23407.9,0
2026-03-13 06:15:00+00:00,23409.35,23410.6,23390.4,23403.5,0
2026-03-13 06:20:00+00:00,23405.5,23409.4,23388.7,23389.25,0
2026-03-13 06:25:00+00:00,23389.7,23389.7,23360.5,23361.2,0
2026-03-13 06:30:00+00:00,23363.1,23365.45,23335.75,23344.15,0
2026-03-13 06:35:00+00:00,23344.3,23347.5,23322.35,23331.6,0
2026-03-13 06:40:00+00:00,23333.9,23342.55,23317.45,23336.15,0
2026-03-13 06:45:00+00:00,23338.9,23338.9,23318.1,23318.1,0
2026-03-13 06:50:00+00:00,23319.1,23319.1,23269.05,23269.55,0
2026-03-13 06:55:00+00:00,23273.3,23291.25,23266.1,23278.7,0
2026-03-13 07:00:00+00:00,23280.05,23281.5,23227.75,23239.2,0
2026-03-13 07:05:00+00:00,23241.0,23241.8,23210.5,23216.3,0
2026-03-13 07:10:00+00:00,23219.2,23219.4,23193.55,23212.4,0
2026-03-13 07:15:00+00:00,23214.0,23245.5,23210.2,23240.9,0
2026-03-13 07:20:00+00:00,23241.65,23250.2,23213.55,23229.6,0
2026-03-13 07:25:00+00:00,23230.45,23242.8,23213.3,23231.1,0
2026-03-13 07:30:00+00:00,23232.55,23239.55,23217.75,23221.25,0
2026-03-13 07:35:00+00:00,23223.75,23227.5,23191.7,23197.15,0
2026-03-13 07:40:00+00:00,23198.45,23210.2,23173.55,23175.7,0
2026-03-13 07:45:00+00:00,23178.35,23192.75,23167.95,23171.6,0
2026-03-13 07:50:00+00:00,23171.75,23187.65,23136.5,23141.25,0
2026-03-13 07:55:00+00:00,23142.75,23191.3,23139.25,23189.35,0
2026-03-13 08:00:00+00:00,23191.35,23202.65,23166.4,23167.95,0
2026-03-13 08:05:00+00:00,23169.2,23171.1,23142.7,23145.65,0
2026-03-13 08:10:00+00:00,23147.25,23165.2,23131.15,23157.15,0
2026-03-13 08:15:00+00:00,23159.1,23168.4,23148.85,23160.25,0
2026-03-13 08:20:00+00:00,23162.3,23166.9,23119.6,23138.25,0
2026-03-13 08:25:00+00:00,23141.55,23150.3,23112.0,23118.95,0
2026-03-13 08:30:00+00:00,23121.65,23161.45,23120.2,23143.2,0
2026-03-13 08:35:00+00:00,23145.25,23178.5,23142.25,23170.25,0
2026-03-13 08:40:00+00:00,23172.75,23205.5,23167.15,23201.85,0
2026-03-13 08:45:00+00:00,23203.65,23220.0,23182.75,23219.2,0
2026-03-13 08:50:00+00:00,23221.45,23233.5,23201.75,23210.2,0
2026-03-13 08:55:00+00:00,23210.8,23225.1,23199.75,23202.5,0
2026-03-13 09:00:00+00:00,23204.6,23258.6,23203.6,23235.5,0
2026-03-13 09:05:00+00:00,23242.1,23249.05,23208.3,23208.65,0
2026-03-13 09:10:00+00:00,23211.75,23231.55,23205.65,23224.8,0
2026-03-13 09:15:00+00:00,23228.7,23231.2,23177.55,23191.05,0
2026-03-13 09:20:00+00:00,23193.65,23212.5,23166.6,23167.35,0
2026-03-13 09:25:00+00:00,23172.65,23182.1,23144.55,23177.9,0
2026-03-13 09:30:00+00:00,23181.05,23190.55,23135.75,23138.05,0
2026-03-13 09:35:00+00:00,23137.45,23147.95,23125.1,23132.75,0
2026-03-13 09:40:00+00:00,23136.9,23167.05,23127.75,23162.55,0
2026-03-13 09:45:00+00:00,23161.45,23165.15,23145.65,23153.2,0
2026-03-13 09:50:00+00:00,23153.1,23154.1,23138.5,23148.15,0
2026-03-13 09:55:00+00:00,23147.3,23173.85,23147.0,23170.9,0
2026-03-16 03:45:00+00:00,23116.1,23248.05,23098.0,23172.55,0
2026-03-16 03:50:00+00:00,23173.8,23188.3,23131.65,23139.9,0
2026-03-16 03:55:00+00:00,23140.85,23166.95,23111.3,23157.75,0
2026-03-16 04:00:00+00:00,23159.5,23224.3,23158.2,23219.65,0
2026-03-16 04:05:00+00:00,23221.15,23270.0,23217.05,23242.75,0
2026-03-16 04:10:00+00:00,23240.95,23284.65,23237.4,23240.5,0
2026-03-16 04:15:00+00:00,23240.2,23276.95,23231.45,23241.0,0
2026-03-16 04:20:00+00:00,23240.85,23261.0,23221.0,23226.5,0
2026-03-16 04:25:00+00:00,23226.65,23232.75,23164.7,23167.55,0
2026-03-16 04:30:00+00:00,23168.8,23198.35,23167.45,23196.95,0
2026-03-16 04:35:00+00:00,23197.1,23210.5,23182.15,23184.45,0
2026-03-16 04:40:00+00:00,23184.75,23189.95,23143.25,23155.2,0
2026-03-16 04:45:00+00:00,23154.35,23154.35,23099.8,23100.0,0
2026-03-16 04:50:00+00:00,23100.6,23100.6,23055.1,23056.7,0
2026-03-16 04:55:00+00:00,23055.7,23065.95,23024.45,23024.95,0
2026-03-16 05:00:00+00:00,23026.5,23074.5,23025.95,23045.1,0
2026-03-16 05:05:00+00:00,23045.3,23076.75,23038.8,23057.7,0
2026-03-16 05:10:00+00:00,23056.85,23068.3,23047.75,23052.05,0
2026-03-16 05:15:00+00:00,23053.5,23064.25,23028.0,23035.6,0
2026-03-16 05:20:00+00:00,23035.7,23041.5,22985.15,22986.25,0
2026-03-16 05:25:00+00:00,22987.35,23034.05,22955.25,23032.25,0
2026-03-16 05:30:00+00:00,23032.95,23049.05,23012.95,23043.05,0
2026-03-16 05:35:00+00:00,23043.85,23079.0,23030.4,23076.75,0
2026-03-16 05:40:00+00:00,23077.9,23097.45,23060.65,23092.35,0
2026-03-16 05:45:00+00:00,23093.55,23190.15,23090.7,23187.75,0
2026-03-16 05:50:00+00:00,23189.05,23199.45,23164.5,23185.4,0
2026-03-16 05:55:00+00:00,23182.7,23184.15,23160.55,23172.2,0
2026-03-16 06:00:00+00:00,23172.75,23218.15,23163.2,23196.85,0
2026-03-16 06:05:00+00:00,23197.1,23209.05,23161.35,23166.7,0
2026-03-16 06:10:00+00:00,23166.35,23184.05,23148.35,23149.5,0
2026-03-16 06:15:00+00:00,23149.9,23166.45,23144.8,23160.0,0
2026-03-16 06:20:00+00:00,23160.0,23170.55,23144.95,23154.2,0
2026-03-16 06:25:00+00:00,23152.95,23172.0,23138.1,23144.95,0
2026-03-16 06:30:00+00:00,23144.4,23188.95,23144.4,23155.1,0
2026-03-16 06:35:00+00:00,23155.5,23168.15,23150.8,23159.55,0
2026-03-16 06:40:00+00:00,23159.2,23185.85,23147.3,23162.85,0
2026-03-16 06:45:00+00:00,23163.3,23169.15,23154.35,23166.05,0
2026-03-16 06:50:00+00:00,23166.5,23192.85,23162.3,23191.9,0
2026-03-16 06:55:00+00:00,23191.15,23196.45,23171.15,23179.4,0
2026-03-16 07:00:00+00:00,23178.65,23182.55,23138.85,23144.65,0
2026-03-16 07:05:00+00:00,23144.2,23160.55,23114.5,23159.45,0
2026-03-16 07:10:00+00:00,23159.45,23173.65,23151.45,23154.8,0
2026-03-16 07:15:00+00:00,23154.15,23154.6,23100.6,23102.65,0
2026-03-16 07:20:00+00:00,23102.4,23128.7,23093.25,23123.5,0
2026-03-16 07:25:00+00:00,23123.2,23132.75,23114.8,23132.4,0
2026-03-16 07:30:00+00:00,23132.75,23172.6,23121.9,23121.9,0
2026-03-16 07:35:00+00:00,23120.95,23131.85,23086.35,23121.55,0
2026-03-16 07:40:00+00:00,23120.25,23146.3,23111.65,23116.8,0
2026-03-16 07:45:00+00:00,23117.95,23151.1,23115.4,23151.1,0
2026-03-16 07:50:00+00:00,23150.7,23168.95,23144.8,23149.2,0
2026-03-16 07:55:00+00:00,23150.0,23161.8,23121.85,23124.5,0
2026-03-16 08:00:00+00:00,23123.75,23144.2,23100.7,23108.3,0
2026-03-16 08:05:00+00:00,23107.9,23130.45,23106.65,23128.2,0
2026-03-16 08:10:00+00:00,23126.35,23147.85,23107.05,23108.25,0
2026-03-16 08:15:00+00:00,23107.45,23119.35,23092.85,23107.8,0
2026-03-16 08:20:00+00:00,23107.85,23142.55,23097.15,23130.05,0
2026-03-16 08:25:00+00:00,23127.6,23133.25,23115.75,23130.8,0
2026-03-16 08:30:00+00:00,23130.45,23134.45,23121.6,23123.7,0
2026-03-16 08:35:00+00:00,23123.45,23142.9,23116.0,23137.6,0
2026-03-16 08:40:00+00:00,23136.35,23180.7,23136.35,23155.3,0
2026-03-16 08:45:00+00:00,23155.05,23226.85,23134.6,23225.6,0
2026-03-16 08:50:00+00:00,23226.55,23343.6,23225.2,23336.45,0
2026-03-16 08:55:00+00:00,23339.7,23374.7,23302.15,23347.85,0
2026-03-16 09:00:00+00:00,23352.85,23386.55,23337.65,23365.85,0
2026-03-16 09:05:00+00:00,23370.25,23418.55,23358.1,23411.6,0
2026-03-16 09:10:00+00:00,23415.0,23450.8,23390.05,23427.85,0
2026-03-16 09:15:00+00:00,23429.85,23462.6,23411.3,23453.85,0
2026-03-16 09:20:00+00:00,23456.25,23502.0,23435.1,23458.15,0
2026-03-16 09:25:00+00:00,23463.75,23475.45,23436.75,23454.05,0
2026-03-16 09:30:00+00:00,23455.3,23459.25,23388.75,23401.7,0
2026-03-16 09:35:00+00:00,23403.55,23458.0,23403.55,23440.2,0
2026-03-16 09:40:00+00:00,23442.2,23460.2,23418.25,23435.25,0
2026-03-16 09:45:00+00:00,23435.8,23436.05,23373.25,23376.0,0
2026-03-16 09:50:00+00:00,23376.7,23385.35,23352.65,23354.55,0
2026-03-16 09:55:00+00:00,23354.85,23359.9,23338.6,23355.6,0
2026-03-17 03:45:00+00:00,23493.2,23493.2,23360.3,23395.55,0
2026-03-17 03:50:00+00:00,23393.2,23424.25,23363.75,23363.75,0
2026-03-17 03:55:00+00:00,23359.15,23391.05,23346.6,23373.15,0
2026-03-17 04:00:00+00:00,23376.7,23402.85,23359.5,23388.8,0
2026-03-17 04:05:00+00:00,23390.65,23440.3,23385.05,23437.25,0
2026-03-17 04:10:00+00:00,23437.8,23462.9,23417.3,23453.15,0
2026-03-17 04:15:00+00:00,23453.45,23486.3,23431.7,23484.5,0
2026-03-17 04:20:00+00:00,23484.4,23488.3,23456.4,23483.0,0
2026-03-17 04:25:00+00:00,23484.2,23501.75,23466.0,23496.75,0
2026-03-17 04:30:00+00:00,23496.7,23525.2,23496.7,23513.45,0
2026-03-17 04:35:00+00:00,23512.75,23530.6,23512.65,23520.5,0
2026-03-17 04:40:00+00:00,23518.55,23537.1,23504.8,23525.85,0
2026-03-17 04:45:00+00:00,23525.75,23555.5,23525.75,23554.3,0
2026-03-17 04:50:00+00:00,23553.3,23577.55,23536.6,23563.7,0
2026-03-17 04:55:00+00:00,23563.5,23566.15,23500.2,23501.85,0
2026-03-17 05:00:00+00:00,23501.7,23510.65,23467.85,23467.85,0
2026-03-17 05:05:00+00:00,23469.55,23490.6,23443.0,23489.7,0
2026-03-17 05:10:00+00:00,23489.55,23493.8,23461.25,23483.9,0
2026-03-17 05:15:00+00:00,23484.65,23523.15,23475.5,23522.65,0
2026-03-17 05:20:00+00:00,23522.95,23533.0,23510.25,23521.15,0
2026-03-17 05:25:00+00:00,23519.4,23533.9,23509.4,23523.85,0
2026-03-17 05:30:00+00:00,23523.85,23528.15,23508.0,23514.9,0
2026-03-17 05:35:00+00:00,23514.4,23526.95,23481.6,23490.45,0
2026-03-17 05:40:00+00:00,23491.7,23507.4,23467.4,23471.45,0
2026-03-17 05:45:00+00:00,23470.45,23479.5,23438.55,23438.55,0
2026-03-17 05:50:00+00:00,23439.75,23448.15,23411.15,23412.65,0
2026-03-17 05:55:00+00:00,23412.35,23416.85,23375.95,23384.35,0
2026-03-17 06:00:00+00:00,23385.25,23394.0,23363.45,23365.75,0
2026-03-17 06:05:00+00:00,23365.6,23409.9,23355.7,23390.45,0
2026-03-17 06:10:00+00:00,23389.4,23408.15,23379.95,23390.45,0
2026-03-17 06:15:00+00:00,23390.9,23417.85,23387.8,23392.65,0
2026-03-17 06:20:00+00:00,23392.3,23429.6,23389.05,23410.6,0
2026-03-17 06:25:00+00:00,23410.4,23419.6,23376.05,23415.35,0
2026-03-17 06:30:00+00:00,23414.75,23421.95,23402.6,23410.4,0
2026-03-17 06:35:00+00:00,23411.4,23438.0,23408.2,23435.6,0
2026-03-17 06:40:00+00:00,23435.3,23450.05,23424.3,23435.15,0
2026-03-17 06:45:00+00:00,23435.15,23438.3,23382.25,23383.45,0
2026-03-17 06:50:00+00:00,23383.7,23413.05,23381.55,23385.2,0
2026-03-17 06:55:00+00:00,23386.85,23408.75,23385.35,23406.35,0
2026-03-17 07:00:00+00:00,23407.05,23415.2,23380.35,23410.55,0
2026-03-17 07:05:00+00:00,23410.6,23437.1,23409.85,23424.5,0
2026-03-17 07:10:00+00:00,23423.25,23457.25,23412.85,23450.9,0
2026-03-17 07:15:00+00:00,23449.3,23488.15,23449.3,23488.15,0
2026-03-17 07:20:00+00:00,23486.75,23496.2,23459.75,23465.5,0
2026-03-17 07:25:00+00:00,23464.85,23482.6,23456.95,23477.55,0
2026-03-17 07:30:00+00:00,23477.05,23512.55,23477.05,23505.2,0
2026-03-17 07:35:00+00:00,23504.9,23520.3,23476.15,23516.3,0
2026-03-17 07:40:00+00:00,23516.25,23533.5,23515.95,23532.95,0
2026-03-17 07:45:00+00:00,23533.95,23557.8,23533.95,23554.7,0
2026-03-17 07:50:00+00:00,23555.25,23560.2,23537.15,23539.9,0
2026-03-17 07:55:00+00:00,23540.95,23544.75,23524.85,23541.05,0
2026-03-17 08:00:00+00:00,23542.5,23592.05,23542.5,23549.9,0
2026-03-17 08:05:00+00:00,23550.1,23554.35,23512.55,23513.2,0
2026-03-17 08:10:00+00:00,23513.5,23540.75,23504.15,23530.75,0
2026-03-17 08:15:00+00:00,23531.75,23558.4,23531.75,23557.45,0
2026-03-17 08:20:00+00:00,23557.5,23568.3,23547.5,23547.5,0
2026-03-17 08:25:00+00:00,23547.85,23554.2,23531.05,23541.85,0
2026-03-17 08:30:00+00:00,23542.5,23573.2,23533.4,23566.7,0
2026-03-17 08:35:00+00:00,23565.55,23573.3,23537.25,23569.7,0
2026-03-17 08:40:00+00:00,23570.0,23608.95,23570.0,23600.0,0
2026-03-17 08:45:00+00:00,23600.4,23606.85,23551.15,23562.1,0
2026-03-17 08:50:00+00:00,23562.9,23575.3,23534.85,23545.75,0
2026-03-17 08:55:00+00:00,23545.0,23565.6,23526.85,23554.05,0
2026-03-17 09:00:00+00:00,23554.55,23587.8,23554.55,23579.3,0
2026-03-17 09:05:00+00:00,23580.3,23600.15,23575.1,23590.2,0
2026-03-17 09:10:00+00:00,23592.4,23615.35,23585.35,23587.1,0
2026-03-17 09:15:00+00:00,23588.35,23599.15,23567.55,23598.6,0
2026-03-17 09:20:00+00:00,23600.05,23624.15,23592.1,23622.45,0
2026-03-17 09:25:00+00:00,23622.4,23656.8,23621.95,23654.5,0
2026-03-17 09:30:00+00:00,23655.2,23655.2,23569.25,23592.95,0
2026-03-17 09:35:00+00:00,23591.85,23614.6,23574.45,23593.6,0
2026-03-17 09:40:00+00:00,23594.45,23610.7,23567.5,23607.05,0
2026-03-17 09:45:00+00:00,23607.65,23607.65,23546.55,23563.0,0
2026-03-17 09:50:00+00:00,23564.2,23580.55,23552.7,23559.0,0
2026-03-17 09:55:00+00:00,23558.6,23568.4,23553.15,23558.8,0
2026-03-18 03:45:00+00:00,23632.9,23726.75,23618.45,23721.9,0
2026-03-18 03:50:00+00:00,23721.6,23738.9,23675.5,23676.15,0
2026-03-18 03:55:00+00:00,23677.0,23724.15,23667.3,23715.3,0
2026-03-18 04:00:00+00:00,23714.8,23735.05,23714.8,23725.3,0
2026-03-18 04:05:00+00:00,23726.8,23729.35,23706.45,23708.05,0
2026-03-18 04:10:00+00:00,23708.1,23731.1,23700.1,23721.75,0
2026-03-18 04:15:00+00:00,23720.35,23733.95,23704.45,23732.2,0
2026-03-18 04:20:00+00:00,23733.4,23754.65,23720.85,23724.35,0
2026-03-18 04:25:00+00:00,23724.3,23725.2,23669.55,23691.25,0
2026-03-18 04:30:00+00:00,23691.15,23695.65,23650.6,23657.05,0
2026-03-18 04:35:00+00:00,23658.05,23664.0,23643.3,23650.2,0
2026-03-18 04:40:00+00:00,23649.35,23666.3,23640.7,23664.3,0
2026-03-18 04:45:00+00:00,23664.95,23711.0,23664.65,23707.35,0
2026-03-18 04:50:00+00:00,23707.7,23736.05,23701.35,23735.85,0
2026-03-18 04:55:00+00:00,23734.9,23737.85,23716.7,23722.95,0
2026-03-18 05:00:00+00:00,23721.65,23739.45,23713.45,23732.15,0
2026-03-18 05:05:00+00:00,23730.4,23746.0,23723.0,23731.5,0
2026-03-18 05:10:00+00:00,23730.55,23741.2,23718.3,23723.35,0
2026-03-18 05:15:00+00:00,23721.65,23761.15,23721.1,23759.85,0
2026-03-18 05:20:00+00:00,23759.55,23770.5,23752.65,23768.15,0
2026-03-18 05:25:00+00:00,23767.55,23778.55,23764.2,23770.6,0
2026-03-18 05:30:00+00:00,23770.8,23786.5,23764.15,23784.4,0
2026-03-18 05:35:00+00:00,23782.45,23784.2,23764.55,23777.15,0
2026-03-18 05:40:00+00:00,23776.6,23791.5,23768.45,23785.3,0
2026-03-18 05:45:00+00:00,23784.7,23787.05,23770.6,23787.05,0
2026-03-18 05:50:00+00:00,23786.25,23801.1,23781.85,23798.2,0
2026-03-18 05:55:00+00:00,23797.85,23806.4,23779.75,23799.6,0
2026-03-18 06:00:00+00:00,23798.75,23804.35,23790.1,23791.65,0
2026-03-18 06:05:00+00:00,23791.7,23816.0,23783.1,23812.95,0
2026-03-18 06:10:00+00:00,23813.35,23835.95,23812.1,23817.95,0
2026-03-18 06:15:00+00:00,23816.9,23820.4,23804.15,23804.15,0
2026-03-18 06:20:00+00:00,23804.3,23822.5,23803.55,23820.55,0
2026-03-18 06:25:00+00:00,23820.15,23821.3,23806.3,23806.3,0
2026-03-18 06:30:00+00:00,23806.65,23810.8,23787.0,23793.3,0
2026-03-18 06:35:00+00:00,23793.45,23797.2,23777.75,23779.6,0
2026-03-18 06:40:00+00:00,23779.3,23789.55,23772.15,23779.65,0
2026-03-18 06:45:00+00:00,23779.2,23787.7,23775.15,23786.45,0
2026-03-18 06:50:00+00:00,23785.7,23788.8,23769.4,23781.45,0
2026-03-18 06:55:00+00:00,23781.6,23784.2,23760.9,23767.0,0
2026-03-18 07:00:00+00:00,23767.15,23789.95,23767.15,23780.85,0
2026-03-18 07:05:00+00:00,23780.2,23788.8,23765.3,23772.6,0
2026-03-18 07:10:00+00:00,23772.6,23778.2,23762.4,23778.2,0
2026-03-18 07:15:00+00:00,23777.7,23785.75,23764.95,23785.75,0
2026-03-18 07:20:00+00:00,23785.45,23794.5,23768.35,23772.45,0
2026-03-18 07:25:00+00:00,23771.6,23781.15,23765.75,23775.9,0
2026-03-18 07:30:00+00:00,23775.15,23798.2,23775.15,23796.15,0
2026-03-18 07:35:00+00:00,23796.45,23797.6,23766.4,23777.85,0
2026-03-18 07:40:00+00:00,23776.5,23803.2,23774.7,23803.2,0
2026-03-18 07:45:00+00:00,23802.4,23810.2,23792.4,23796.6,0
2026-03-18 07:50:00+00:00,23798.0,23829.25,23797.25,23828.7,0
2026-03-18 07:55:00+00:00,23828.2,23836.75,23810.35,23824.35,0
2026-03-18 08:00:00+00:00,23823.85,23838.2,23816.0,23833.15,0
2026-03-18 08:05:00+00:00,23834.95,23843.35,23824.15,23841.4,0
2026-03-18 08:10:00+00:00,23840.5,23844.8,23829.65,23844.4,0
2026-03-18 08:15:00+00:00,23845.45,23845.95,23824.15,23829.45,0
2026-03-18 08:20:00+00:00,23828.15,23850.95,23819.05,23845.8,0
2026-03-18 08:25:00+00:00,23844.6,23859.35,23831.2,23833.65,0
2026-03-18 08:30:00+00:00,23832.5,23851.5,23820.85,23826.75,0
2026-03-18 08:35:00+00:00,23827.35,23830.25,23812.95,23828.0,0
2026-03-18 08:40:00+00:00,23827.5,23836.05,23809.6,23817.65,0
2026-03-18 08:45:00+00:00,23817.5,23845.6,23811.1,23839.35,0
2026-03-18 08:50:00+00:00,23839.85,23852.6,23833.15,23849.2,0
2026-03-18 08:55:00+00:00,23848.7,23862.25,23835.25,23835.25,0
2026-03-18 09:00:00+00:00,23836.45,23840.05,23795.8,23796.15,0
2026-03-18 09:05:00+00:00,23795.9,23805.7,23786.95,23801.15,0
2026-03-18 09:10:00+00:00,23801.5,23811.4,23779.7,23780.6,0
2026-03-18 09:15:00+00:00,23780.55,23802.55,23775.55,23799.05,0
2026-03-18 09:20:00+00:00,23798.6,23808.35,23780.6,23783.75,0
2026-03-18 09:25:00+00:00,23785.55,23804.0,23781.85,23801.8,0
2026-03-18 09:30:00+00:00,23801.65,23809.8,23766.9,23804.7,0
2026-03-18 09:35:00+00:00,23803.55,23806.0,23792.9,23795.25,0
2026-03-18 09:40:00+00:00,23795.9,23798.55,23789.0,23792.55,0
2026-03-18 09:45:00+00:00,23792.35,23792.9,23766.15,23766.8,0
2026-03-18 09:50:00+00:00,23767.45,23768.1,23730.65,23751.25,0
2026-03-18 09:55:00+00:00,23750.95,23770.05,23750.05,23764.1,0
2026-03-19 03:45:00+00:00,23197.75,23378.7,23180.95,23289.5,0
2026-03-19 03:50:00+00:00,23289.7,23345.15,23276.8,23345.15,0
2026-03-19 03:55:00+00:00,23345.45,23352.5,23316.05,23316.05,0
2026-03-19 04:00:00+00:00,23317.2,23325.6,23296.7,23301.0,0
2026-03-19 04:05:00+00:00,23299.7,23306.8,23255.5,23257.25,0
2026-03-19 04:10:00+00:00,23261.1,23281.65,23255.7,23271.0,0
2026-03-19 04:15:00+00:00,23269.6,23273.35,23226.75,23238.3,0
2026-03-19 04:20:00+00:00,23235.9,23263.65,23231.2,23239.25,0
2026-03-19 04:25:00+00:00,23239.15,23260.3,23229.35,23242.7,0
2026-03-19 04:30:00+00:00,23241.95,23269.95,23230.45,23264.85,0
2026-03-19 04:35:00+00:00,23264.9,23268.35,23247.6,23261.2,0
2026-03-19 04:40:00+00:00,23260.5,23260.85,23235.7,23236.65,0
2026-03-19 04:45:00+00:00,23234.75,23234.95,23204.05,23217.0,0
2026-03-19 04:50:00+00:00,23216.95,23260.0,23214.75,23260.0,0
2026-03-19 04:55:00+00:00,23258.45,23283.95,23257.95,23272.4,0
2026-03-19 05:00:00+00:00,23272.4,23287.15,23272.4,23274.15,0
2026-03-19 05:05:00+00:00,23275.2,23317.8,23271.7,23311.6,0
2026-03-19 05:10:00+00:00,23313.35,23316.3,23287.3,23311.7,0
2026-03-19 05:15:00+00:00,23312.6,23312.6,23275.05,23276.75,0
2026-03-19 05:20:00+00:00,23276.75,23291.25,23272.6,23287.5,0
2026-03-19 05:25:00+00:00,23286.4,23291.7,23258.3,23260.45,0
2026-03-19 05:30:00+00:00,23260.65,23264.65,23244.65,23250.1,0
2026-03-19 05:35:00+00:00,23251.05,23259.25,23238.55,23239.4,0
2026-03-19 05:40:00+00:00,23241.45,23254.95,23217.1,23220.95,0
2026-03-19 05:45:00+00:00,23221.35,23228.9,23207.55,23218.7,0
2026-03-19 05:50:00+00:00,23219.55,23253.6,23214.95,23246.45,0
2026-03-19 05:55:00+00:00,23244.9,23246.0,23224.45,23228.05,0
2026-03-19 06:00:00+00:00,23227.35,23250.1,23225.55,23248.9,0
2026-03-19 06:05:00+00:00,23246.75,23253.85,23237.65,23240.6,0
2026-03-19 06:10:00+00:00,23240.35,23246.75,23229.2,23241.65,0
2026-03-19 06:15:00+00:00,23241.6,23260.0,23236.95,23246.2,0
2026-03-19 06:20:00+00:00,23246.45,23256.8,23242.45,23245.9,0
2026-03-19 06:25:00+00:00,23245.6,23248.0,23236.2,23241.05,0
2026-03-19 06:30:00+00:00,23241.9,23245.15,23226.35,23231.6,0
2026-03-19 06:35:00+00:00,23232.65,23240.8,23217.85,23234.0,0
2026-03-19 06:40:00+00:00,23231.9,23268.75,23226.9,23265.5,0
2026-03-19 06:45:00+00:00,23265.5,23281.2,23257.1,23276.75,0
2026-03-19 06:50:00+00:00,23276.1,23276.3,23238.95,23245.95,0
2026-03-19 06:55:00+00:00,23244.95,23257.95,23240.95,23254.85,0
2026-03-19 07:00:00+00:00,23254.9,23264.7,23235.85,23248.95,0
2026-03-19 07:05:00+00:00,23249.05,23261.15,23244.25,23253.45,0
2026-03-19 07:10:00+00:00,23253.35,23255.1,23229.3,23235.65,0
2026-03-19 07:15:00+00:00,23234.85,23274.9,23233.8,23270.2,0
2026-03-19 07:20:00+00:00,23271.5,23274.95,23253.4,23273.85,0
2026-03-19 07:25:00+00:00,23274.6,23277.3,23257.45,23264.65,0
2026-03-19 07:30:00+00:00,23265.35,23265.6,23235.6,23238.9,0
2026-03-19 07:35:00+00:00,23238.7,23243.9,23226.15,23234.15,0
2026-03-19 07:40:00+00:00,23233.6,23255.05,23194.7,23200.25,0
2026-03-19 07:45:00+00:00,23200.35,23208.7,23194.85,23200.9,0
2026-03-19 07:50:00+00:00,23200.7,23206.1,23181.8,23182.75,0
2026-03-19 07:55:00+00:00,23183.7,23195.7,23172.15,23176.65,0
2026-03-19 08:00:00+00:00,23176.7,23194.95,23174.9,23175.85,0
2026-03-19 08:05:00+00:00,23177.45,23204.5,23173.8,23204.5,0
2026-03-19 08:10:00+00:00,23205.2,23217.85,23198.3,23199.15,0
2026-03-19 08:15:00+00:00,23198.55,23203.75,23182.9,23190.85,0
2026-03-19 08:20:00+00:00,23190.25,23199.5,23185.35,23198.3,0
2026-03-19 08:25:00+00:00,23197.75,23200.5,23155.7,23163.05,0
2026-03-19 08:30:00+00:00,23163.3,23171.8,23122.9,23128.05,0
2026-03-19 08:35:00+00:00,23129.1,23132.5,23105.45,23107.25,0
2026-03-19 08:40:00+00:00,23106.45,23113.85,23087.95,23111.3,0
2026-03-19 08:45:00+00:00,23111.55,23137.05,23108.05,23128.75,0
2026-03-19 08:50:00+00:00,23129.0,23133.45,23109.3,23127.9,0
2026-03-19 08:55:00+00:00,23128.2,23129.8,23096.9,23100.65,0
2026-03-19 09:00:00+00:00,23101.1,23121.4,23097.95,23117.15,0
2026-03-19 09:05:00+00:00,23116.6,23127.55,23097.55,23098.9,0
2026-03-19 09:10:00+00:00,23098.2,23115.6,23083.75,23110.7,0
2026-03-19 09:15:00+00:00,23110.55,23111.55,23052.5,23064.0,0
2026-03-19 09:20:00+00:00,23062.15,23064.8,23026.95,23033.5,0
2026-03-19 09:25:00+00:00,23033.45,23044.45,22947.55,22954.05,0
2026-03-19 09:30:00+00:00,22954.9,23016.2,22930.35,22990.0,0
2026-03-19 09:35:00+00:00,22988.6,22993.7,22954.2,22971.9,0
2026-03-19 09:40:00+00:00,22972.05,23019.1,22965.9,22987.25,0
2026-03-19 09:45:00+00:00,22987.55,23037.4,22977.65,23037.25,0
2026-03-19 09:50:00+00:00,23037.5,23072.95,23036.0,23069.15,0
2026-03-19 09:55:00+00:00,23068.7,23093.9,23061.75,23087.85,0
2026-03-20 03:45:00+00:00,23110.15,23285.2,23109.9,23281.5,0
2026-03-20 03:50:00+00:00,23283.45,23303.85,23223.25,23254.45,0
2026-03-20 03:55:00+00:00,23257.4,23287.5,23248.4,23286.8,0
2026-03-20 04:00:00+00:00,23287.05,23318.55,23277.9,23313.8,0
2026-03-20 04:05:00+00:00,23314.9,23319.7,23262.7,23270.8,0
2026-03-20 04:10:00+00:00,23271.4,23271.4,23228.95,23228.95,0
2026-03-20 04:15:00+00:00,23230.6,23249.8,23222.75,23246.9,0
2026-03-20 04:20:00+00:00,23248.6,23266.7,23236.15,23244.3,0
2026-03-20 04:25:00+00:00,23243.35,23264.2,23239.1,23259.0,0
2026-03-20 04:30:00+00:00,23260.2,23261.05,23220.7,23233.95,0
2026-03-20 04:35:00+00:00,23234.25,23258.2,23232.8,23246.45,0
2026-03-20 04:40:00+00:00,23244.95,23260.75,23236.4,23243.65,0
2026-03-20 04:45:00+00:00,23243.4,23246.8,23200.65,23219.6,0
2026-03-20 04:50:00+00:00,23220.9,23244.15,23205.7,23244.15,0
2026-03-20 04:55:00+00:00,23243.55,23261.3,23237.55,23260.6,0
2026-03-20 05:00:00+00:00,23261.75,23278.35,23252.6,23269.3,0
2026-03-20 05:05:00+00:00,23269.75,23286.55,23269.45,23286.55,0
2026-03-20 05:10:00+00:00,23287.3,23301.8,23285.4,23290.15,0
2026-03-20 05:15:00+00:00,23290.6,23312.6,23277.05,23296.2,0
2026-03-20 05:20:00+00:00,23297.4,23317.9,23296.9,23313.45,0
2026-03-20 05:25:00+00:00,23313.6,23314.0,23281.45,23296.6,0
2026-03-20 05:30:00+00:00,23298.65,23303.65,23263.15,23268.3,0
2026-03-20 05:35:00+00:00,23268.7,23293.3,23265.1,23290.15,0
2026-03-20 05:40:00+00:00,23290.6,23291.45,23266.2,23289.15,0
2026-03-20 05:45:00+00:00,23288.95,23307.35,23284.6,23305.45,0
2026-03-20 05:50:00+00:00,23306.6,23345.15,23302.55,23327.55,0
2026-03-20 05:55:00+00:00,23329.1,23332.15,23309.45,23317.3,0
2026-03-20 06:00:00+00:00,23317.9,23331.6,23310.2,23312.2,0
2026-03-20 06:05:00+00:00,23312.3,23321.7,23302.55,23304.85,0
2026-03-20 06:10:00+00:00,23306.5,23310.8,23285.8,23286.9,0
2026-03-20 06:15:00+00:00,23287.4,23292.85,23279.9,23288.15,0
2026-03-20 06:20:00+00:00,23288.75,23288.75,23249.2,23249.2,0
2026-03-20 06:25:00+00:00,23249.55,23250.9,23223.1,23250.3,0
2026-03-20 06:30:00+00:00,23251.25,23259.5,23224.35,23228.95,0
2026-03-20 06:35:00+00:00,23229.85,23240.0,23210.9,23212.25,0
2026-03-20 06:40:00+00:00,23212.95,23236.1,23210.9,23233.05,0
2026-03-20 06:45:00+00:00,23234.15,23234.15,23183.0,23185.6,0
2026-03-20 06:50:00+00:00,23187.45,23193.55,23153.2,23155.05,0
2026-03-20 06:55:00+00:00,23154.8,23160.05,23137.05,23155.15,0
2026-03-20 07:00:00+00:00,23155.65,23170.9,23120.35,23170.1,0
2026-03-20 07:05:00+00:00,23171.6,23191.75,23165.85,23184.65,0
2026-03-20 07:10:00+00:00,23185.5,23216.4,23180.65,23205.75,0
2026-03-20 07:15:00+00:00,23206.5,23226.7,23202.8,23217.3,0
2026-03-20 07:20:00+00:00,23218.9,23241.35,23204.85,23227.0,0
2026-03-20 07:25:00+00:00,23227.95,23249.7,23214.8,23214.8,0
2026-03-20 07:30:00+00:00,23214.9,23243.15,23202.6,23240.3,0
2026-03-20 07:35:00+00:00,23240.9,23251.2,23227.65,23240.9,0
2026-03-20 07:40:00+00:00,23242.15,23243.15,23224.55,23231.5,0
2026-03-20 07:45:00+00:00,23232.0,23257.35,23230.3,23235.6,0
2026-03-20 07:50:00+00:00,23236.75,23259.35,23230.0,23248.15,0
2026-03-20 07:55:00+00:00,23249.2,23271.1,23243.7,23257.7,0
2026-03-20 08:00:00+00:00,23258.45,23266.45,23243.05,23245.2,0
2026-03-20 08:05:00+00:00,23246.2,23272.4,23242.5,23270.2,0
2026-03-20 08:10:00+00:00,23270.3,23270.55,23231.95,23232.0,0
2026-03-20 08:15:00+00:00,23233.7,23234.0,23206.05,23206.45,0
2026-03-20 08:20:00+00:00,23207.6,23218.05,23194.65,23216.85,0
2026-03-20 08:25:00+00:00,23216.65,23230.3,23188.65,23193.45,0
2026-03-20 08:30:00+00:00,23195.0,23235.35,23185.25,23235.35,0
2026-03-20 08:35:00+00:00,23237.4,23244.55,23212.0,23225.55,0
2026-03-20 08:40:00+00:00,23226.85,23228.55,23192.55,23199.15,0
2026-03-20 08:45:00+00:00,23200.05,23204.85,23183.45,23200.7,0
2026-03-20 08:50:00+00:00,23201.8,23205.75,23169.75,23185.4,0
2026-03-20 08:55:00+00:00,23186.2,23186.2,23164.0,23164.0,0
2026-03-20 09:00:00+00:00,23164.05,23188.05,23152.0,23176.65,0
2026-03-20 09:05:00+00:00,23177.6,23177.6,23133.15,23150.25,0
2026-03-20 09:10:00+00:00,23151.4,23154.8,23097.7,23098.25,0
2026-03-20 09:15:00+00:00,23099.4,23113.4,23085.5,23104.35,0
2026-03-20 09:20:00+00:00,23105.75,23107.55,23067.6,23086.6,0
2026-03-20 09:25:00+00:00,23086.65,23096.15,23077.55,23090.5,0
2026-03-20 09:30:00+00:00,23091.3,23177.45,23078.6,23139.4,0
2026-03-20 09:35:00+00:00,23139.25,23156.05,23121.55,23124.45,0
2026-03-20 09:40:00+00:00,23124.35,23132.8,23088.5,23106.85,0
2026-03-20 09:45:00+00:00,23106.25,23107.3,23078.7,23092.5,0
2026-03-20 09:50:00+00:00,23091.65,23139.0,23091.4,23112.9,0
2026-03-20 09:55:00+00:00,23112.75,23139.8,23105.05,23134.65,0
2026-03-23 03:45:00+00:00,22824.35,22851.7,22634.55,22687.45,0
2026-03-23 03:50:00+00:00,22686.25,22737.1,22676.95,22702.6,0
2026-03-23 03:55:00+00:00,22701.6,22728.25,22699.35,22704.4,0
2026-03-23 04:00:00+00:00,22702.15,22721.85,22694.85,22713.05,0
2026-03-23 04:05:00+00:00,22712.45,22742.8,22707.15,22715.3,0
2026-03-23 04:10:00+00:00,22714.65,22716.7,22691.8,22706.4,0
2026-03-23 04:15:00+00:00,22706.1,22706.65,22658.8,22663.0,0
2026-03-23 04:20:00+00:00,22662.05,22665.05,22624.75,22629.05,0
2026-03-23 04:25:00+00:00,22628.55,22634.35,22592.6,22597.5,0
2026-03-23 04:30:00+00:00,22597.45,22618.0,22582.3,22616.1,0
2026-03-23 04:35:00+00:00,22615.2,22633.05,22605.0,22605.65,0
2026-03-23 04:40:00+00:00,22607.1,22609.2,22571.1,22572.3,0
2026-03-23 04:45:00+00:00,22571.95,22587.5,22552.95,22554.5,0
2026-03-23 04:50:00+00:00,22554.3,22559.15,22538.0,22541.6,0
2026-03-23 04:55:00+00:00,22541.2,22559.6,22530.3,22531.0,0
2026-03-23 05:00:00+00:00,22530.6,22554.05,22529.05,22537.75,0
2026-03-23 05:05:00+00:00,22538.2,22581.5,22536.85,22557.95,0
2026-03-23 05:10:00+00:00,22558.35,22558.35,22536.65,22548.1,0
2026-03-23 05:15:00+00:00,22548.2,22550.25,22534.0,22547.55,0
2026-03-23 05:20:00+00:00,22545.75,22545.75,22509.65,22527.1,0
2026-03-23 05:25:00+00:00,22528.95,22536.75,22516.8,22531.85,0
2026-03-23 05:30:00+00:00,22531.2,22533.4,22504.15,22533.15,0
2026-03-23 05:35:00+00:00,22531.95,22583.65,22526.6,22560.35,0
2026-03-23 05:40:00+00:00,22560.8,22562.45,22546.35,22554.75,0
2026-03-23 05:45:00+00:00,22554.6,22554.6,22528.0,22534.35,0
2026-03-23 05:50:00+00:00,22534.25,22556.6,22528.9,22548.0,0
2026-03-23 05:55:00+00:00,22547.6,22561.45,22536.4,22559.15,0
2026-03-23 06:00:00+00:00,22557.85,22571.6,22524.95,22532.9,0
2026-03-23 06:05:00+00:00,22531.75,22542.35,22519.7,22539.6,0
2026-03-23 06:10:00+00:00,22539.2,22557.45,22508.3,22520.15,0
2026-03-23 06:15:00+00:00,22518.0,22534.5,22518.0,22532.25,0
2026-03-23 06:20:00+00:00,22533.15,22563.55,22527.9,22552.75,0
2026-03-23 06:25:00+00:00,22555.4,22564.0,22539.35,22555.9,0
2026-03-23 06:30:00+00:00,22556.05,22561.15,22541.95,22546.55,0
2026-03-23 06:35:00+00:00,22545.7,22554.1,22530.6,22547.75,0
2026-03-23 06:40:00+00:00,22551.25,22562.35,22533.8,22535.35,0
2026-03-23 06:45:00+00:00,22534.25,22535.55,22514.45,22528.45,0
2026-03-23 06:50:00+00:00,22527.3,22527.3,22482.95,22489.55,0
2026-03-23 06:55:00+00:00,22487.55,22515.05,22478.15,22511.95,0
2026-03-23 07:00:00+00:00,22514.6,22519.1,22497.7,22518.85,0
2026-03-23 07:05:00+00:00,22517.7,22551.5,22514.8,22524.9,0
2026-03-23 07:10:00+00:00,22524.65,22540.6,22510.6,22535.65,0
2026-03-23 07:15:00+00:00,22534.7,22555.9,22522.75,22543.3,0
2026-03-23 07:20:00+00:00,22542.45,22543.35,22503.65,22504.25,0
2026-03-23 07:25:00+00:00,22504.2,22505.5,22481.7,22500.05,0
2026-03-23 07:30:00+00:00,22499.55,22499.55,22480.25,22480.9,0
2026-03-23 07:35:00+00:00,22480.15,22508.25,22474.65,22489.05,0
2026-03-23 07:40:00+00:00,22488.9,22493.15,22471.25,22489.1,0
2026-03-23 07:45:00+00:00,22489.7,22512.55,22489.45,22494.05,0
2026-03-23 07:50:00+00:00,22493.75,22514.5,22488.05,22501.85,0
2026-03-23 07:55:00+00:00,22501.25,22512.05,22482.85,22487.05,0
2026-03-23 08:00:00+00:00,22487.6,22525.45,22487.15,22517.25,0
2026-03-23 08:05:00+00:00,22518.05,22529.0,22513.25,22518.05,0
2026-03-23 08:10:00+00:00,22517.35,22567.35,22513.7,22561.7,0
2026-03-23 08:15:00+00:00,22558.95,22601.25,22557.6,22598.95,0
2026-03-23 08:20:00+00:00,22597.95,22629.75,22593.2,22601.35,0
2026-03-23 08:25:00+00:00,22602.0,22620.55,22599.15,22599.65,0
2026-03-23 08:30:00+00:00,22598.85,22655.4,22590.45,22644.75,0
2026-03-23 08:35:00+00:00,22645.7,22661.15,22607.45,22627.45,0
2026-03-23 08:40:00+00:00,22627.8,22643.35,22610.35,22618.7,0
2026-03-23 08:45:00+00:00,22619.65,22652.65,22612.25,22641.6,0
2026-03-23 08:50:00+00:00,22641.35,22656.45,22624.55,22625.55,0
2026-03-23 08:55:00+00:00,22624.9,22633.7,22591.95,22611.2,0
2026-03-23 09:00:00+00:00,22610.55,22617.4,22515.25,22526.8,0
2026-03-23 09:05:00+00:00,22524.8,22591.95,22522.15,22564.05,0
2026-03-23 09:10:00+00:00,22561.05,22599.1,22541.95,22599.1,0
2026-03-23 09:15:00+00:00,22596.95,22603.4,22579.05,22596.75,0
2026-03-23 09:20:00+00:00,22597.9,22646.55,22597.9,22613.85,0
2026-03-23 09:25:00+00:00,22612.7,22617.4,22586.2,22614.5,0
2026-03-23 09:30:00+00:00,22614.75,22614.75,22503.05,22503.9,0
2026-03-23 09:35:00+00:00,22503.55,22531.85,22486.1,22523.85,0
2026-03-23 09:40:00+00:00,22523.25,22542.45,22505.2,22509.25,0
2026-03-23 09:45:00+00:00,22509.55,22510.7,22483.85,22485.2,0
2026-03-23 09:50:00+00:00,22484.25,22495.85,22479.55,22492.4,0
2026-03-23 09:55:00+00:00,22492.0,22505.35,22478.1,22492.65,0
2026-03-24 03:45:00+00:00,22878.45,22899.6,22775.2,22785.15,0
2026-03-24 03:50:00+00:00,22789.8,22817.0,22762.8,22816.7,0
2026-03-24 03:55:00+00:00,22815.8,22849.25,22811.15,22839.9,0
2026-03-24 04:00:00+00:00,22839.6,22852.4,22815.2,22815.2,0
2026-03-24 04:05:00+00:00,22815.6,22827.9,22762.3,22764.3,0
2026-03-24 04:10:00+00:00,22764.3,22783.1,22731.95,22744.8,0
2026-03-24 04:15:00+00:00,22747.3,22748.1,22706.35,22718.9,0
2026-03-24 04:20:00+00:00,22718.75,22737.15,22701.2,22730.7,0
2026-03-24 04:25:00+00:00,22729.9,22773.65,22725.05,22754.2,0
2026-03-24 04:30:00+00:00,22753.9,22756.65,22701.85,22705.6,0
2026-03-24 04:35:00+00:00,22705.7,22719.45,22682.1,22685.15,0
2026-03-24 04:40:00+00:00,22684.5,22714.85,22681.6,22708.1,0
2026-03-24 04:45:00+00:00,22706.95,22748.5,22701.55,22731.7,0
2026-03-24 04:50:00+00:00,22731.4,22766.8,22712.25,22762.15,0
2026-03-24 04:55:00+00:00,22763.1,22765.8,22725.1,22737.9,0
2026-03-24 05:00:00+00:00,22738.2,22738.9,22667.75,22667.75,0
2026-03-24 05:05:00+00:00,22665.6,22667.7,22624.2,22631.8,0
2026-03-24 05:10:00+00:00,22631.6,22680.65,22630.55,22667.9,0
2026-03-24 05:15:00+00:00,22667.55,22723.5,22657.0,22692.0,0
2026-03-24 05:20:00+00:00,22691.9,22707.7,22653.6,22667.25,0
2026-03-24 05:25:00+00:00,22667.8,22674.25,22629.4,22639.7,0
2026-03-24 05:30:00+00:00,22639.8,22682.0,22639.8,22678.8,0
2026-03-24 05:35:00+00:00,22679.75,22689.1,22661.45,22680.9,0
2026-03-24 05:40:00+00:00,22680.1,22711.05,22678.7,22698.25,0
2026-03-24 05:45:00+00:00,22699.4,22732.35,22692.8,22730.45,0
2026-03-24 05:50:00+00:00,22731.8,22746.0,22701.6,22703.15,0
2026-03-24 05:55:00+00:00,22703.25,22737.2,22689.55,22728.5,0
2026-03-24 06:00:00+00:00,22729.35,22756.55,22724.5,22753.6,0
2026-03-24 06:05:00+00:00,22751.65,22770.0,22749.9,22766.2,0
2026-03-24 06:10:00+00:00,22764.95,22770.15,22738.95,22754.65,0
2026-03-24 06:15:00+00:00,22754.35,22793.25,22745.85,22769.25,0
2026-03-24 06:20:00+00:00,22769.2,22795.5,22756.6,22785.55,0
2026-03-24 06:25:00+00:00,22785.1,22827.8,22784.4,22806.9,0
2026-03-24 06:30:00+00:00,22806.75,22816.9,22793.8,22796.55,0
2026-03-24 06:35:00+00:00,22796.4,22796.4,22765.15,22770.1,0
2026-03-24 06:40:00+00:00,22769.9,22787.75,22760.0,22761.45,0
2026-03-24 06:45:00+00:00,22761.9,22773.7,22753.35,22757.3,0
2026-03-24 06:50:00+00:00,22758.0,22883.4,22756.4,22881.5,0
2026-03-24 06:55:00+00:00,22880.2,22936.5,22822.35,22844.45,0
2026-03-24 07:00:00+00:00,22844.15,22922.8,22843.4,22922.8,0
2026-03-24 07:05:00+00:00,22922.3,22954.2,22915.9,22951.0,0
2026-03-24 07:10:00+00:00,22952.05,22989.2,22937.4,22955.2,0
2026-03-24 07:15:00+00:00,22956.95,22996.8,22955.3,22993.4,0
2026-03-24 07:20:00+00:00,22993.35,23026.1,22980.0,23008.5,0
2026-03-24 07:25:00+00:00,23009.05,23009.05,22952.85,22974.4,0
2026-03-24 07:30:00+00:00,22974.6,22979.35,22936.45,22941.45,0
2026-03-24 07:35:00+00:00,22941.9,22956.5,22911.35,22939.0,0
2026-03-24 07:40:00+00:00,22939.5,22990.5,22935.3,22990.5,0
2026-03-24 07:45:00+00:00,22990.75,22991.8,22958.4,22987.5,0
2026-03-24 07:50:00+00:00,22986.7,23012.95,22966.45,22992.05,0
2026-03-24 07:55:00+00:00,22991.4,23027.25,22983.75,23021.95,0
2026-03-24 08:00:00+00:00,23021.2,23039.05,22999.85,23034.85,0
2026-03-24 08:05:00+00:00,23034.7,23057.05,23021.7,23028.95,0
2026-03-24 08:10:00+00:00,23029.2,23057.3,23022.0,23037.5,0
2026-03-24 08:15:00+00:00,23037.6,23047.9,22962.9,22962.9,0
2026-03-24 08:20:00+00:00,22963.65,22992.55,22950.6,22972.7,0
2026-03-24 08:25:00+00:00,22972.65,22996.55,22971.3,22976.2,0
2026-03-24 08:30:00+00:00,22975.25,22993.75,22954.25,22970.7,0
2026-03-24 08:35:00+00:00,22970.65,22992.4,22957.15,22972.5,0
2026-03-24 08:40:00+00:00,22971.75,22995.75,22971.3,22992.35,0
2026-03-24 08:45:00+00:00,22993.2,23037.9,22980.05,22981.1,0
2026-03-24 08:50:00+00:00,22981.2,22996.45,22920.0,22956.75,0
2026-03-24 08:55:00+00:00,22955.1,22964.3,22932.35,22945.6,0
2026-03-24 09:00:00+00:00,22945.1,22959.4,22926.4,22948.05,0
2026-03-24 09:05:00+00:00,22948.15,22954.1,22893.3,22895.95,0
2026-03-24 09:10:00+00:00,22896.15,22931.95,22882.65,22909.65,0
2026-03-24 09:15:00+00:00,22909.25,22917.75,22901.6,22914.95,0
2026-03-24 09:20:00+00:00,22915.9,22916.15,22883.9,22891.85,0
2026-03-24 09:25:00+00:00,22893.35,22927.15,22889.65,22916.35,0
2026-03-24 09:30:00+00:00,22914.6,22923.45,22875.35,22909.05,0
2026-03-24 09:35:00+00:00,22910.1,22932.1,22894.15,22916.55,0
2026-03-24 09:40:00+00:00,22916.9,22922.85,22898.65,22898.65,0
2026-03-24 09:45:00+00:00,22901.15,22927.05,22881.3,22919.7,0
2026-03-24 09:50:00+00:00,22918.85,22932.6,22915.05,22931.35,0
2026-03-24 09:55:00+00:00,22931.8,22961.7,22931.3,22958.4,0
2026-03-25 03:45:00+00:00,23064.4,23173.05,23063.2,23162.6,0
2026-03-25 03:50:00+00:00,23162.2,23202.75,23161.9,23188.5,0
2026-03-25 03:55:00+00:00,23189.65,23220.8,23188.9,23215.1,0
2026-03-25 04:00:00+00:00,23214.65,23238.2,23207.8,23233.45,0
2026-03-25 04:05:00+00:00,23234.85,23239.95,23202.55,23215.9,0
2026-03-25 04:10:00+00:00,23216.3,23278.05,23204.65,23270.9,0
2026-03-25 04:15:00+00:00,23272.95,23287.35,23262.05,23270.0,0
2026-03-25 04:20:00+00:00,23271.4,23289.8,23262.75,23287.7,0
2026-03-25 04:25:00+00:00,23287.55,23298.25,23269.35,23286.05,0
2026-03-25 04:30:00+00:00,23287.4,23304.7,23276.95,23280.85,0
2026-03-25 04:35:00+00:00,23281.7,23291.95,23246.55,23290.15,0
2026-03-25 04:40:00+00:00,23290.35,23310.35,23284.95,23305.55,0
2026-03-25 04:45:00+00:00,23306.6,23317.9,23289.95,23295.5,0
2026-03-25 04:50:00+00:00,23295.45,23313.65,23283.35,23292.2,0
2026-03-25 04:55:00+00:00,23293.5,23318.55,23291.9,23314.55,0
2026-03-25 05:00:00+00:00,23313.7,23324.95,23299.95,23310.25,0
2026-03-25 05:05:00+00:00,23310.4,23319.2,23302.0,23314.95,0
2026-03-25 05:10:00+00:00,23313.05,23369.6,23312.8,23366.65,0
2026-03-25 05:15:00+00:00,23366.25,23373.25,23357.0,23360.55,0
2026-03-25 05:20:00+00:00,23359.3,23378.35,23354.35,23375.8,0
2026-03-25 05:25:00+00:00,23375.3,23376.25,23357.2,23367.45,0
2026-03-25 05:30:00+00:00,23366.0,23391.95,23366.0,23384.8,0
2026-03-25 05:35:00+00:00,23385.1,23432.6,23383.15,23419.35,0
2026-03-25 05:40:00+00:00,23418.35,23433.7,23415.2,23432.55,0
2026-03-25 05:45:00+00:00,23432.3,23434.75,23412.45,23417.85,0
2026-03-25 05:50:00+00:00,23417.75,23423.0,23388.45,23388.75,0
2026-03-25 05:55:00+00:00,23388.35,23398.65,23377.3,23388.4,0
2026-03-25 06:00:00+00:00,23391.5,23406.8,23380.0,23389.65,0
2026-03-25 06:05:00+00:00,23389.25,23394.25,23343.5,23359.1,0
2026-03-25 06:10:00+00:00,23358.9,23381.45,23355.65,23361.35,0
2026-03-25 06:15:00+00:00,23361.3,23402.7,23359.4,23390.1,0
2026-03-25 06:20:00+00:00,23391.85,23416.1,23389.3,23411.4,0
2026-03-25 06:25:00+00:00,23411.3,23416.35,23390.4,23399.35,0
2026-03-25 06:30:00+00:00,23399.4,23414.3,23394.5,23411.6,0
2026-03-25 06:35:00+00:00,23411.85,23422.45,23402.45,23411.75,0
2026-03-25 06:40:00+00:00,23411.25,23442.35,23408.25,23440.35,0
2026-03-25 06:45:00+00:00,23439.95,23447.75,23417.85,23441.4,0
2026-03-25 06:50:00+00:00,23441.75,23449.75,23433.4,23433.95,0
2026-03-25 06:55:00+00:00,23433.45,23436.3,23421.0,23429.25,0
2026-03-25 07:00:00+00:00,23429.0,23465.35,23416.55,23448.7,0
2026-03-25 07:05:00+00:00,23447.55,23458.1,23433.25,23435.55,0
2026-03-25 07:10:00+00:00,23434.5,23450.95,23430.9,23447.55,0
2026-03-25 07:15:00+00:00,23447.85,23452.25,23414.35,23418.65,0
2026-03-25 07:20:00+00:00,23419.45,23420.4,23389.8,23390.25,0
2026-03-25 07:25:00+00:00,23391.0,23400.85,23372.35,23375.35,0
2026-03-25 07:30:00+00:00,23374.85,23403.15,23369.7,23399.55,0
2026-03-25 07:35:00+00:00,23400.5,23420.5,23384.9,23392.3,0
2026-03-25 07:40:00+00:00,23393.75,23405.0,23390.0,23392.6,0
2026-03-25 07:45:00+00:00,23392.2,23411.65,23381.5,23381.5,0
2026-03-25 07:50:00+00:00,23381.0,23397.1,23371.55,23392.6,0
2026-03-25 07:55:00+00:00,23391.5,23424.3,23391.0,23412.95,0
2026-03-25 08:00:00+00:00,23414.15,23432.35,23388.1,23423.95,0
2026-03-25 08:05:00+00:00,23424.5,23439.25,23417.9,23429.5,0
2026-03-25 08:10:00+00:00,23429.9,23434.9,23420.3,23432.55,0
2026-03-25 08:15:00+00:00,23432.95,23451.3,23429.2,23444.9,0
2026-03-25 08:20:00+00:00,23445.75,23462.8,23423.2,23428.55,0
2026-03-25 08:25:00+00:00,23428.0,23437.1,23419.0,23430.2,0
2026-03-25 08:30:00+00:00,23430.35,23460.3,23429.2,23443.45,0
2026-03-25 08:35:00+00:00,23444.5,23447.9,23402.7,23406.3,0
2026-03-25 08:40:00+00:00,23406.7,23418.7,23387.45,23390.75,0
2026-03-25 08:45:00+00:00,23390.3,23403.95,23375.45,23375.75,0
2026-03-25 08:50:00+00:00,23375.8,23385.65,23316.8,23321.4,0
2026-03-25 08:55:00+00:00,23321.2,23340.85,23314.35,23337.25,0
2026-03-25 09:00:00+00:00,23337.35,23353.85,23304.5,23338.0,0
2026-03-25 09:05:00+00:00,23338.8,23348.55,23321.3,23337.6,0
2026-03-25 09:10:00+00:00,23337.45,23368.05,23336.7,23357.35,0
2026-03-25 09:15:00+00:00,23357.1,23367.65,23331.45,23344.7,0
2026-03-25 09:20:00+00:00,23345.1,23350.25,23319.1,23325.05,0
2026-03-25 09:25:00+00:00,23325.8,23335.25,23318.5,23334.85,0
2026-03-25 09:30:00+00:00,23332.5,23357.45,23284.1,23330.0,0
2026-03-25 09:35:00+00:00,23330.05,23330.05,23296.65,23321.65,0
2026-03-25 09:40:00+00:00,23321.6,23325.4,23299.45,23300.65,0
2026-03-25 09:45:00+00:00,23302.95,23311.4,23274.6,23274.6,0
2026-03-25 09:50:00+00:00,23277.85,23296.6,23273.95,23296.6,0
2026-03-25 09:55:00+00:00,23296.2,23309.0,23287.65,23309.0,0
2026-03-27 03:45:00+00:00,23173.55,23186.1,23029.4,23041.8,0
2026-03-27 03:50:00+00:00,23039.95,23101.15,23025.5,23075.1,0
2026-03-27 03:55:00+00:00,23072.7,23087.95,23054.55,23056.8,0
2026-03-27 04:00:00+00:00,23056.55,23063.85,23016.85,23018.35,0
2026-03-27 04:05:00+00:00,23018.1,23024.15,23000.85,23024.15,0
2026-03-27 04:10:00+00:00,23024.3,23055.75,23022.35,23053.55,0
2026-03-27 04:15:00+00:00,23053.1,23054.6,23024.85,23039.25,0
2026-03-27 04:20:00+00:00,23038.65,23040.1,23014.3,23015.35,0
2026-03-27 04:25:00+00:00,23014.3,23017.3,22978.45,22992.25,0
2026-03-27 04:30:00+00:00,22991.45,23034.95,22988.8,23024.85,0
2026-03-27 04:35:00+00:00,23024.35,23024.35,22998.35,23015.6,0
2026-03-27 04:40:00+00:00,23015.5,23015.5,22977.25,22980.5,0
2026-03-27 04:45:00+00:00,22980.9,22986.4,22971.75,22973.35,0
2026-03-27 04:50:00+00:00,22973.35,23011.25,22967.3,23007.9,0
2026-03-27 04:55:00+00:00,23007.65,23014.05,22991.35,23006.75,0
2026-03-27 05:00:00+00:00,23006.55,23038.65,23002.9,23009.4,0
2026-03-27 05:05:00+00:00,23009.6,23020.4,22996.2,23018.7,0
2026-03-27 05:10:00+00:00,23018.4,23018.4,22987.0,22989.15,0
2026-03-27 05:15:00+00:00,22988.35,22989.4,22973.0,22977.9,0
2026-03-27 05:20:00+00:00,22977.7,22979.65,22948.5,22952.1,0
2026-03-27 05:25:00+00:00,22952.25,22977.8,22948.1,22973.5,0
2026-03-27 05:30:00+00:00,22973.4,22997.7,22967.1,22979.15,0
2026-03-27 05:35:00+00:00,22979.25,22992.85,22972.7,22989.35,0
2026-03-27 05:40:00+00:00,22990.5,23001.15,22976.8,22990.45,0
2026-03-27 05:45:00+00:00,22990.9,22992.7,22956.25,22960.15,0
2026-03-27 05:50:00+00:00,22959.7,22964.0,22946.7,22947.35,0
2026-03-27 05:55:00+00:00,22948.8,22961.8,22927.3,22934.5,0
2026-03-27 06:00:00+00:00,22935.3,22952.15,22929.3,22938.95,0
2026-03-27 06:05:00+00:00,22939.7,22957.0,22934.8,22950.45,0
2026-03-27 06:10:00+00:00,22951.4,22957.3,22933.1,22950.55,0
2026-03-27 06:15:00+00:00,22950.8,22957.45,22943.45,22949.25,0
2026-03-27 06:20:00+00:00,22949.05,22961.8,22946.45,22958.3,0
2026-03-27 06:25:00+00:00,22958.1,22958.5,22938.8,22946.65,0
2026-03-27 06:30:00+00:00,22946.0,22946.0,22917.2,22936.85,0
2026-03-27 06:35:00+00:00,22936.4,22954.25,22932.4,22939.35,0
2026-03-27 06:40:00+00:00,22938.3,22940.0,22924.5,22934.35,0
2026-03-27 06:45:00+00:00,22932.95,22934.9,22905.95,22909.2,0
2026-03-27 06:50:00+00:00,22908.95,22933.2,22905.6,22932.3,0
2026-03-27 06:55:00+00:00,22932.8,22964.25,22924.05,22962.3,0
2026-03-27 07:00:00+00:00,22962.8,22963.8,22930.65,22958.0,0
2026-03-27 07:05:00+00:00,22957.75,22967.55,22950.65,22954.85,0
2026-03-27 07:10:00+00:00,22954.95,22965.55,22938.95,22964.7,0
2026-03-27 07:15:00+00:00,22965.0,22966.45,22944.4,22956.8,0
2026-03-27 07:20:00+00:00,22957.95,22973.2,22939.9,22956.35,0
2026-03-27 07:25:00+00:00,22956.55,22961.3,22942.2,22945.65,0
2026-03-27 07:30:00+00:00,22945.05,22952.6,22925.85,22926.6,0
2026-03-27 07:35:00+00:00,22926.2,22935.9,22925.3,22926.4,0
2026-03-27 07:40:00+00:00,22926.6,22944.85,22920.0,22943.65,0
2026-03-27 07:45:00+00:00,22943.15,22992.95,22939.7,22972.75,0
2026-03-27 07:50:00+00:00,22970.9,22971.0,22945.05,22960.3,0
2026-03-27 07:55:00+00:00,22961.65,22977.25,22935.75,22936.4,0
2026-03-27 08:00:00+00:00,22935.8,22937.2,22918.35,22922.6,0
2026-03-27 08:05:00+00:00,22922.9,22934.15,22909.3,22912.35,0
2026-03-27 08:10:00+00:00,22911.85,22949.15,22909.45,22930.3,0
2026-03-27 08:15:00+00:00,22931.35,22937.9,22920.75,22922.95,0
2026-03-27 08:20:00+00:00,22923.15,22945.3,22920.45,22928.55,0
2026-03-27 08:25:00+00:00,22929.6,22937.15,22912.75,22922.85,0
2026-03-27 08:30:00+00:00,22922.9,22930.6,22916.2,22919.9,0
2026-03-27 08:35:00+00:00,22920.15,22925.0,22895.05,22908.55,0
2026-03-27 08:40:00+00:00,22909.7,22915.05,22884.5,22911.05,0
2026-03-27 08:45:00+00:00,22911.65,22917.1,22893.75,22895.5,0
2026-03-27 08:50:00+00:00,22896.2,22905.35,22882.15,22888.55,0
2026-03-27 08:55:00+00:00,22891.25,22899.4,22872.1,22885.15,0
2026-03-27 09:00:00+00:00,22886.65,22886.95,22852.7,22856.7,0
2026-03-27 09:05:00+00:00,22858.7,22868.2,22831.35,22837.0,0
2026-03-27 09:10:00+00:00,22837.95,22867.4,22832.45,22852.6,0
2026-03-27 09:15:00+00:00,22854.35,22864.15,22848.1,22855.2,0
2026-03-27 09:20:00+00:00,22856.75,22869.2,22848.45,22856.45,0
2026-03-27 09:25:00+00:00,22858.4,22865.2,22840.4,22845.0,0
2026-03-27 09:30:00+00:00,22843.55,22843.95,22813.65,22831.3,0
2026-03-27 09:35:00+00:00,22829.9,22830.9,22812.25,22819.8,0
2026-03-27 09:40:00+00:00,22821.25,22833.25,22811.2,22814.4,0
2026-03-27 09:45:00+00:00,22814.8,22820.35,22805.3,22820.35,0
2026-03-27 09:50:00+00:00,22819.55,22821.3,22804.55,22815.85,0
2026-03-27 09:55:00+00:00,22814.85,22839.5,22807.75,22839.5,0
2026-03-30 03:45:00+00:00,22549.65,22618.05,22470.15,22522.45,0
2026-03-30 03:50:00+00:00,22521.2,22551.4,22500.1,22529.3,0
2026-03-30 03:55:00+00:00,22526.1,22590.4,22516.9,22580.75,0
2026-03-30 04:00:00+00:00,22581.4,22685.55,22576.75,22683.6,0
2026-03-30 04:05:00+00:00,22681.55,22714.1,22661.9,22677.4,0
2026-03-30 04:10:00+00:00,22675.8,22703.7,22652.65,22659.25,0
2026-03-30 04:15:00+00:00,22659.55,22690.0,22628.85,22630.45,0
2026-03-30 04:20:00+00:00,22630.2,22665.3,22617.2,22618.5,0
2026-03-30 04:25:00+00:00,22617.95,22629.8,22596.95,22615.3,0
2026-03-30 04:30:00+00:00,22614.7,22665.5,22604.7,22651.2,0
2026-03-30 04:35:00+00:00,22650.05,22650.05,22594.05,22601.6,0
2026-03-30 04:40:00+00:00,22600.2,22600.2,22556.6,22596.75,0
2026-03-30 04:45:00+00:00,22595.9,22603.95,22553.5,22556.3,0
2026-03-30 04:50:00+00:00,22555.3,22564.55,22537.65,22544.35,0
2026-03-30 04:55:00+00:00,22542.65,22564.0,22534.75,22534.75,0
2026-03-30 05:00:00+00:00,22535.45,22540.25,22519.2,22529.15,0
2026-03-30 05:05:00+00:00,22528.5,22549.5,22526.25,22538.3,0
2026-03-30 05:10:00+00:00,22538.85,22554.6,22512.25,22514.55,0
2026-03-30 05:15:00+00:00,22513.3,22535.05,22509.45,22527.35,0
2026-03-30 05:20:00+00:00,22528.0,22538.3,22491.4,22493.35,0
2026-03-30 05:25:00+00:00,22493.25,22524.2,22478.35,22490.2,0
2026-03-30 05:30:00+00:00,22489.6,22509.05,22483.65,22504.3,0
2026-03-30 05:35:00+00:00,22503.45,22509.3,22472.3,22472.3,0
2026-03-30 05:40:00+00:00,22471.45,22482.1,22454.0,22478.55,0
2026-03-30 05:45:00+00:00,22479.25,22483.5,22466.9,22481.3,0
2026-03-30 05:50:00+00:00,22480.35,22486.85,22467.5,22482.35,0
2026-03-30 05:55:00+00:00,22481.25,22488.25,22465.8,22468.2,0
2026-03-30 06:00:00+00:00,22468.1,22506.3,22457.35,22503.8,0
2026-03-30 06:05:00+00:00,22503.3,22535.8,22503.2,22516.25,0
2026-03-30 06:10:00+00:00,22515.05,22519.15,22484.75,22486.65,0
2026-03-30 06:15:00+00:00,22485.7,22485.7,22460.4,22464.55,0
2026-03-30 06:20:00+00:00,22465.05,22480.25,22453.0,22478.6,0
2026-03-30 06:25:00+00:00,22477.7,22489.85,22468.15,22484.0,0
2026-03-30 06:30:00+00:00,22483.15,22560.6,22480.3,22549.35,0
2026-03-30 06:35:00+00:00,22549.05,22594.5,22545.65,22558.3,0
2026-03-30 06:40:00+00:00,22557.55,22578.1,22553.8,22567.1,0
2026-03-30 06:45:00+00:00,22566.9,22577.45,22550.85,22555.3,0
2026-03-30 06:50:00+00:00,22555.35,22594.1,22531.05,22531.3,0
2026-03-30 06:55:00+00:00,22531.15,22534.6,22502.85,22519.15,0
2026-03-30 07:00:00+00:00,22519.85,22523.5,22508.0,22517.4,0
2026-03-30 07:05:00+00:00,22516.65,22569.45,22514.05,22565.6,0
2026-03-30 07:10:00+00:00,22564.65,22579.3,22555.8,22557.05,0
2026-03-30 07:15:00+00:00,22557.35,22560.7,22530.55,22530.55,0
2026-03-30 07:20:00+00:00,22530.1,22533.05,22484.05,22503.95,0
2026-03-30 07:25:00+00:00,22501.75,22506.7,22491.75,22505.8,0
2026-03-30 07:30:00+00:00,22506.1,22511.4,22486.15,22491.35,0
2026-03-30 07:35:00+00:00,22490.85,22504.9,22485.35,22495.8,0
2026-03-30 07:40:00+00:00,22495.3,22506.95,22481.45,22499.2,0
2026-03-30 07:45:00+00:00,22498.55,22516.35,22479.1,22484.95,0
2026-03-30 07:50:00+00:00,22485.3,22495.05,22482.2,22484.35,0
2026-03-30 07:55:00+00:00,22484.25,22486.4,22456.55,22476.45,0
2026-03-30 08:00:00+00:00,22476.2,22486.05,22464.05,22485.8,0
2026-03-30 08:05:00+00:00,22485.6,22502.1,22474.25,22493.65,0
2026-03-30 08:10:00+00:00,22494.35,22500.5,22454.85,22462.05,0
2026-03-30 08:15:00+00:00,22461.15,22468.15,22446.55,22448.0,0
2026-03-30 08:20:00+00:00,22445.55,22452.9,22420.25,22422.1,0
2026-03-30 08:25:00+00:00,22420.95,22441.6,22420.0,22428.8,0
2026-03-30 08:30:00+00:00,22428.1,22487.2,22423.75,22462.3,0
2026-03-30 08:35:00+00:00,22461.2,22475.85,22449.45,22449.45,0
2026-03-30 08:40:00+00:00,22449.05,22451.9,22417.95,22420.5,0
2026-03-30 08:45:00+00:00,22420.2,22425.35,22409.3,22411.55,0
2026-03-30 08:50:00+00:00,22412.35,22431.85,22383.2,22388.0,0
2026-03-30 08:55:00+00:00,22386.0,22394.4,22375.8,22378.05,0
2026-03-30 09:00:00+00:00,22376.55,22410.6,22359.55,22362.5,0
2026-03-30 09:05:00+00:00,22361.4,22378.5,22350.65,22362.9,0
2026-03-30 09:10:00+00:00,22363.45,22383.9,22358.7,22366.8,0
2026-03-30 09:15:00+00:00,22365.6,22383.4,22340.05,22362.0,0
2026-03-30 09:20:00+00:00,22361.35,22376.9,22344.7,22348.5,0
2026-03-30 09:25:00+00:00,22347.7,22357.8,22337.8,22349.95,0
2026-03-30 09:30:00+00:00,22348.5,22348.5,22283.85,22291.2,0
2026-03-30 09:35:00+00:00,22291.2,22307.7,22289.1,22299.4,0
2026-03-30 09:40:00+00:00,22297.1,22342.0,22295.45,22335.6,0
2026-03-30 09:45:00+00:00,22335.45,22356.55,22325.15,22341.8,0
2026-03-30 09:50:00+00:00,22342.3,22381.25,22341.85,22377.45,0
2026-03-30 09:55:00+00:00,22376.0,22391.0,22359.15,22379.2,0
2026-04-01 03:45:00+00:00,22899.0,22902.25,22809.0,22887.0,0
2026-04-01 03:50:00+00:00,22888.6,22903.95,22872.55,22899.55,0
2026-04-01 03:55:00+00:00,22900.0,22930.4,22898.25,22929.75,0
2026-04-01 04:00:00+00:00,22928.55,22937.65,22845.45,22854.5,0
2026-04-01 04:05:00+00:00,22853.25,22854.0,22824.15,22828.1,0
2026-04-01 04:10:00+00:00,22828.5,22873.7,22827.4,22854.95,0
2026-04-01 04:15:00+00:00,22851.45,22898.1,22848.5,22897.55,0
2026-04-01 04:20:00+00:00,22897.75,22932.1,22896.2,22915.15,0
2026-04-01 04:25:00+00:00,22914.95,22919.1,22885.0,22893.15,0
2026-04-01 04:30:00+00:00,22892.9,22941.3,22890.45,22927.15,0
2026-04-01 04:35:00+00:00,22927.55,22932.0,22905.1,22906.8,0
2026-04-01 04:40:00+00:00,22907.45,22907.45,22862.55,22868.85,0
2026-04-01 04:45:00+00:00,22867.9,22878.85,22857.4,22871.15,0
2026-04-01 04:50:00+00:00,22871.7,22879.45,22822.05,22828.35,0
2026-04-01 04:55:00+00:00,22827.85,22828.15,22771.65,22796.5,0
2026-04-01 05:00:00+00:00,22797.1,22816.3,22778.35,22796.0,0
2026-04-01 05:05:00+00:00,22796.4,22816.4,22796.15,22813.8,0
2026-04-01 05:10:00+00:00,22813.15,22815.0,22787.35,22807.5,0
2026-04-01 05:15:00+00:00,22808.6,22820.25,22791.9,22797.15,0
2026-04-01 05:20:00+00:00,22797.6,22802.05,22783.45,22789.85,0
2026-04-01 05:25:00+00:00,22791.5,22791.5,22769.5,22770.75,0
2026-04-01 05:30:00+00:00,22771.35,22771.35,22743.6,22749.1,0
2026-04-01 05:35:00+00:00,22748.7,22786.0,22738.25,22770.55,0
2026-04-01 05:40:00+00:00,22771.2,22791.65,22758.1,22763.75,0
2026-04-01 05:45:00+00:00,22763.55,22767.55,22747.7,22767.2,0
2026-04-01 05:50:00+00:00,22766.8,22782.8,22764.9,22781.65,0
2026-04-01 05:55:00+00:00,22781.5,22800.65,22781.5,22790.1,0
2026-04-01 06:00:00+00:00,22788.85,22811.65,22786.45,22798.5,0
2026-04-01 06:05:00+00:00,22797.9,22814.35,22788.85,22813.45,0
2026-04-01 06:10:00+00:00,22813.5,22822.65,22798.2,22799.15,0
2026-04-01 06:15:00+00:00,22797.65,22798.65,22743.65,22754.1,0
2026-04-01 06:20:00+00:00,22751.95,22765.0,22742.6,22745.6,0
2026-04-01 06:25:00+00:00,22743.2,22778.15,22736.6,22775.9,0
2026-04-01 06:30:00+00:00,22774.1,22841.15,22774.1,22838.75,0
2026-04-01 06:35:00+00:00,22834.55,22842.4,22827.0,22839.15,0
2026-04-01 06:40:00+00:00,22837.8,22864.6,22828.15,22859.3,0
2026-04-01 06:45:00+00:00,22857.75,22864.2,22834.7,22837.75,0
2026-04-01 06:50:00+00:00,22836.3,22841.95,22825.55,22831.4,0
2026-04-01 06:55:00+00:00,22829.55,22836.95,22817.85,22832.8,0
2026-04-01 07:00:00+00:00,22831.0,22847.4,22824.25,22829.5,0
2026-04-01 07:05:00+00:00,22827.95,22842.7,22816.55,22842.5,0
2026-04-01 07:10:00+00:00,22841.55,22856.35,22829.55,22834.6,0
2026-04-01 07:15:00+00:00,22834.95,22881.1,22833.85,22868.65,0
2026-04-01 07:20:00+00:00,22868.45,22875.55,22860.4,22873.55,0
2026-04-01 07:25:00+00:00,22873.05,22874.35,22855.7,22862.05,0
2026-04-01 07:30:00+00:00,22862.1,22873.6,22855.5,22864.6,0
2026-04-01 07:35:00+00:00,22864.9,22878.55,22862.1,22869.15,0
2026-04-01 07:40:00+00:00,22868.95,22883.4,22842.7,22883.3,0
2026-04-01 07:45:00+00:00,22883.2,22897.95,22839.85,22843.0,0
2026-04-01 07:50:00+00:00,22843.0,22843.5,22805.6,22810.6,0
2026-04-01 07:55:00+00:00,22810.55,22812.45,22795.0,22807.95,0
2026-04-01 08:00:00+00:00,22808.35,22808.35,22760.1,22776.75,0
2026-04-01 08:05:00+00:00,22776.25,22776.35,22748.5,22764.75,0
2026-04-01 08:10:00+00:00,22763.9,22763.9,22648.35,22675.15,0
2026-04-01 08:15:00+00:00,22674.85,22720.5,22658.7,22703.2,0
2026-04-01 08:20:00+00:00,22702.45,22708.6,22691.5,22697.95,0
2026-04-01 08:25:00+00:00,22697.55,22725.9,22690.5,22703.65,0
2026-04-01 08:30:00+00:00,22703.75,22730.5,22688.2,22720.8,0
2026-04-01 08:35:00+00:00,22720.65,22739.85,22715.45,22737.25,0
2026-04-01 08:40:00+00:00,22739.0,22756.6,22727.9,22753.0,0
2026-04-01 08:45:00+00:00,22754.35,22756.8,22723.75,22742.05,0
2026-04-01 08:50:00+00:00,22741.35,22743.1,22709.95,22723.4,0
2026-04-01 08:55:00+00:00,22723.15,22736.0,22717.0,22733.4,0
2026-04-01 09:00:00+00:00,22734.55,22734.9,22704.45,22709.15,0
2026-04-01 09:05:00+00:00,22708.25,22709.35,22665.2,22667.75,0
2026-04-01 09:10:00+00:00,22666.2,22678.55,22641.3,22662.65,0
2026-04-01 09:15:00+00:00,22660.6,22662.5,22618.6,22641.2,0
2026-04-01 09:20:00+00:00,22640.9,22666.75,22629.8,22657.2,0
2026-04-01 09:25:00+00:00,22656.8,22685.35,22644.85,22647.8,0
2026-04-01 09:30:00+00:00,22651.25,22692.55,22651.25,22676.75,0
2026-04-01 09:35:00+00:00,22676.95,22684.4,22669.9,22682.1,0
2026-04-01 09:40:00+00:00,22682.75,22691.3,22670.05,22671.65,0
2026-04-01 09:45:00+00:00,22671.1,22688.5,22668.6,22681.1,0
2026-04-01 09:50:00+00:00,22681.25,22683.9,22672.95,22683.5,0
2026-04-01 09:55:00+00:00,22683.55,22706.3,22674.6,22703.15,0
2026-04-02 03:45:00+00:00,22383.4,22394.65,22209.15,22228.0,0
2026-04-02 03:50:00+00:00,22226.35,22255.95,22215.6,22252.15,0
2026-04-02 03:55:00+00:00,22251.45,22261.6,22236.35,22244.45,0
2026-04-02 04:00:00+00:00,22244.35,22268.75,22239.45,22255.4,0
2026-04-02 04:05:00+00:00,22255.4,22290.75,22244.0,22251.45,0
2026-04-02 04:10:00+00:00,22249.9,22278.1,22244.0,22264.45,0
2026-04-02 04:15:00+00:00,22264.2,22273.2,22227.35,22235.65,0
2026-04-02 04:20:00+00:00,22235.7,22241.7,22212.7,22221.15,0
2026-04-02 04:25:00+00:00,22220.8,22227.55,22205.55,22206.5,0
2026-04-02 04:30:00+00:00,22206.8,22229.8,22189.15,22216.1,0
2026-04-02 04:35:00+00:00,22215.5,22215.5,22184.0,22186.35,0
2026-04-02 04:40:00+00:00,22186.4,22236.65,22182.55,22234.35,0
2026-04-02 04:45:00+00:00,22234.5,22234.5,22190.65,22206.55,0
2026-04-02 04:50:00+00:00,22206.8,22226.5,22189.45,22191.3,0
2026-04-02 04:55:00+00:00,22189.75,22221.4,22188.95,22217.65,0
2026-04-02 05:00:00+00:00,22216.85,22229.0,22208.5,22214.0,0
2026-04-02 05:05:00+00:00,22213.4,22224.35,22206.8,22221.35,0
2026-04-02 05:10:00+00:00,22219.95,22236.2,22215.1,22221.4,0
2026-04-02 05:15:00+00:00,22221.2,22225.1,22189.45,22206.35,0
2026-04-02 05:20:00+00:00,22204.85,22237.45,22199.25,22226.6,0
2026-04-02 05:25:00+00:00,22225.6,22249.5,22220.3,22243.7,0
2026-04-02 05:30:00+00:00,22242.95,22250.2,22230.3,22234.85,0
2026-04-02 05:35:00+00:00,22236.3,22243.35,22222.4,22235.7,0
2026-04-02 05:40:00+00:00,22233.4,22235.05,22217.95,22227.65,0
2026-04-02 05:45:00+00:00,22225.85,22231.3,22206.05,22217.65,0
2026-04-02 05:50:00+00:00,22216.6,22220.55,22206.25,22212.0,0
2026-04-02 05:55:00+00:00,22209.0,22222.75,22202.75,22207.6,0
2026-04-02 06:00:00+00:00,22206.5,22224.1,22203.7,22219.8,0
2026-04-02 06:05:00+00:00,22218.9,22239.2,22218.3,22234.4,0
2026-04-02 06:10:00+00:00,22234.75,22237.25,22221.4,22223.15,0
2026-04-02 06:15:00+00:00,22224.3,22251.05,22223.1,22242.0,0
2026-04-02 06:20:00+00:00,22242.65,22256.75,22241.65,22247.4,0
2026-04-02 06:25:00+00:00,22246.05,22300.6,22243.6,22277.55,0
2026-04-02 06:30:00+00:00,22277.2,22288.75,22260.4,22271.25,0
2026-04-02 06:35:00+00:00,22269.5,22270.2,22244.55,22264.3,0
2026-04-02 06:40:00+00:00,22263.15,22277.4,22259.05,22267.85,0
2026-04-02 06:45:00+00:00,22266.95,22272.45,22256.9,22261.45,0
2026-04-02 06:50:00+00:00,22261.35,22266.2,22231.25,22261.65,0
2026-04-02 06:55:00+00:00,22258.9,22295.0,22255.7,22294.5,0
2026-04-02 07:00:00+00:00,22293.2,22319.45,22285.15,22316.55,0
2026-04-02 07:05:00+00:00,22316.45,22360.75,22307.7,22349.3,0
2026-04-02 07:10:00+00:00,22349.7,22368.1,22334.3,22363.05,0
2026-04-02 07:15:00+00:00,22363.3,22367.05,22336.65,22350.9,0
2026-04-02 07:20:00+00:00,22351.15,22362.95,22323.55,22326.25,0
2026-04-02 07:25:00+00:00,22325.2,22371.7,22325.2,22365.3,0
2026-04-02 07:30:00+00:00,22364.85,22406.0,22364.85,22373.35,0
2026-04-02 07:35:00+00:00,22372.9,22378.75,22330.9,22376.8,0
2026-04-02 07:40:00+00:00,22375.9,22376.9,22355.35,22369.85,0
2026-04-02 07:45:00+00:00,22368.5,22394.65,22360.3,22388.45,0
2026-04-02 07:50:00+00:00,22388.55,22439.65,22385.65,22439.65,0
2026-04-02 07:55:00+00:00,22439.75,22489.05,22421.05,22488.25,0
2026-04-02 08:00:00+00:00,22488.45,22502.85,22458.0,22491.8,0
2026-04-02 08:05:00+00:00,22491.0,22523.0,22465.15,22517.8,0
2026-04-02 08:10:00+00:00,22519.15,22543.5,22513.4,22535.65,0
2026-04-02 08:15:00+00:00,22537.8,22561.55,22524.5,22533.8,0
2026-04-02 08:20:00+00:00,22533.55,22560.2,22519.1,22532.05,0
2026-04-02 08:25:00+00:00,22530.15,22538.45,22493.8,22530.35,0
2026-04-02 08:30:00+00:00,22529.45,22561.8,22519.85,22560.0,0
2026-04-02 08:35:00+00:00,22558.9,22573.3,22537.3,22567.95,0
2026-04-02 08:40:00+00:00,22566.7,22628.8,22566.4,22627.25,0
2026-04-02 08:45:00+00:00,22625.85,22673.15,22618.4,22651.95,0
2026-04-02 08:50:00+00:00,22651.55,22675.4,22637.75,22673.85,0
2026-04-02 08:55:00+00:00,22672.55,22684.7,22645.85,22665.65,0
2026-04-02 09:00:00+00:00,22665.55,22706.65,22656.6,22690.35,0
2026-04-02 09:05:00+00:00,22692.9,22694.5,22620.95,22630.85,0
2026-04-02 09:10:00+00:00,22632.25,22639.6,22572.85,22584.6,0
2026-04-02 09:15:00+00:00,22584.4,22634.95,22569.15,22615.5,0
2026-04-02 09:20:00+00:00,22614.9,22663.6,22609.9,22659.1,0
2026-04-02 09:25:00+00:00,22659.15,22667.15,22641.65,22658.3,0
2026-04-02 09:30:00+00:00,22659.0,22697.35,22650.8,22689.85,0
2026-04-02 09:35:00+00:00,22690.35,22747.35,22686.95,22746.65,0
2026-04-02 09:40:00+00:00,22747.9,22761.95,22733.5,22760.4,0
2026-04-02 09:45:00+00:00,22761.95,22782.3,22715.6,22717.65,0
2026-04-02 09:50:00+00:00,22717.95,22724.35,22673.6,22690.45,0
2026-04-02 09:55:00+00:00,22691.3,22711.5,22678.5,22700.7,0
2026-04-06 03:45:00+00:00,22780.3,22798.25,22591.7,22666.05,0
2026-04-06 03:50:00+00:00,22671.3,22714.35,22646.7,22653.55,0
2026-04-06 03:55:00+00:00,22657.25,22661.95,22602.2,22609.05,0
2026-04-06 04:00:00+00:00,22604.85,22684.85,22596.5,22681.05,0
2026-04-06 04:05:00+00:00,22681.7,22746.9,22678.2,22704.35,0
2026-04-06 04:10:00+00:00,22704.85,22714.35,22602.2,22620.2,0
2026-04-06 04:15:00+00:00,22620.2,22636.35,22589.9,22589.9,0
2026-04-06 04:20:00+00:00,22591.1,22603.25,22567.85,22573.0,0
2026-04-06 04:25:00+00:00,22571.1,22586.55,22566.65,22569.3,0
2026-04-06 04:30:00+00:00,22569.1,22591.6,22561.9,22589.6,0
2026-04-06 04:35:00+00:00,22590.45,22632.05,22586.0,22614.95,0
2026-04-06 04:40:00+00:00,22615.85,22656.8,22597.25,22654.85,0
2026-04-06 04:45:00+00:00,22659.8,22679.7,22613.3,22638.6,0
2026-04-06 04:50:00+00:00,22639.5,22662.8,22637.0,22640.55,0
2026-04-06 04:55:00+00:00,22638.35,22645.0,22591.3,22634.45,0
2026-04-06 05:00:00+00:00,22634.05,22640.4,22598.85,22636.8,0
2026-04-06 05:05:00+00:00,22637.7,22661.85,22634.45,22661.0,0
2026-04-06 05:10:00+00:00,22661.7,22662.65,22627.3,22653.5,0
2026-04-06 05:15:00+00:00,22653.95,22663.25,22641.15,22657.0,0
2026-04-06 05:20:00+00:00,22657.3,22669.2,22610.25,22617.4,0
2026-04-06 05:25:00+00:00,22618.7,22651.3,22609.6,22635.85,0
2026-04-06 05:30:00+00:00,22635.6,22635.8,22587.85,22590.05,0
2026-04-06 05:35:00+00:00,22590.3,22603.3,22577.4,22588.55,0
2026-04-06 05:40:00+00:00,22587.4,22587.4,22542.95,22567.8,0
2026-04-06 05:45:00+00:00,22567.45,22611.95,22558.65,22611.95,0
2026-04-06 05:50:00+00:00,22611.35,22635.65,22597.1,22613.95,0
2026-04-06 05:55:00+00:00,22615.05,22629.55,22596.75,22629.3,0
2026-04-06 06:00:00+00:00,22629.15,22633.1,22595.9,22610.05,0
2026-04-06 06:05:00+00:00,22610.2,22647.95,22606.2,22618.85,0
2026-04-06 06:10:00+00:00,22619.6,22650.6,22604.9,22644.4,0
2026-04-06 06:15:00+00:00,22644.3,22663.3,22634.55,22645.7,0
2026-04-06 06:20:00+00:00,22646.2,22675.25,22644.8,22668.2,0
2026-04-06 06:25:00+00:00,22669.0,22707.8,22665.7,22676.4,0
2026-04-06 06:30:00+00:00,22678.05,22684.8,22663.75,22667.85,0
2026-04-06 06:35:00+00:00,22667.95,22691.95,22664.75,22673.6,0
2026-04-06 06:40:00+00:00,22673.0,22680.75,22659.4,22659.6,0
2026-04-06 06:45:00+00:00,22660.35,22672.45,22653.1,22660.2,0
2026-04-06 06:50:00+00:00,22661.7,22731.1,22659.25,22700.8,0
2026-04-06 06:55:00+00:00,22702.0,22727.95,22699.25,22713.4,0
2026-04-06 07:00:00+00:00,22713.55,22714.9,22648.35,22650.1,0
2026-04-06 07:05:00+00:00,22649.4,22682.6,22644.45,22667.7,0
2026-04-06 07:10:00+00:00,22667.95,22684.8,22652.65,22675.65,0
2026-04-06 07:15:00+00:00,22676.2,22757.0,22675.45,22757.0,0
2026-04-06 07:20:00+00:00,22757.0,22785.3,22746.55,22775.25,0
2026-04-06 07:25:00+00:00,22776.15,22804.0,22774.3,22802.45,0
2026-04-06 07:30:00+00:00,22804.1,22814.4,22758.45,22767.4,0
2026-04-06 07:35:00+00:00,22769.05,22806.95,22768.4,22806.0,0
2026-04-06 07:40:00+00:00,22807.25,22865.25,22806.2,22860.7,0
2026-04-06 07:45:00+00:00,22861.3,22876.1,22844.85,22864.2,0
2026-04-06 07:50:00+00:00,22864.4,22898.95,22863.15,22878.4,0
2026-04-06 07:55:00+00:00,22878.5,22881.15,22843.85,22860.2,0
2026-04-06 08:00:00+00:00,22863.65,22893.6,22862.95,22884.85,0
2026-04-06 08:05:00+00:00,22885.7,22900.55,22863.4,22863.4,0
2026-04-06 08:10:00+00:00,22863.45,22877.75,22843.5,22850.9,0
2026-04-06 08:15:00+00:00,22852.7,22874.35,22843.8,22843.8,0
2026-04-06 08:20:00+00:00,22845.8,22886.75,22843.4,22882.7,0
2026-04-06 08:25:00+00:00,22883.0,22887.4,22859.6,22862.8,0
2026-04-06 08:30:00+00:00,22862.45,22898.7,22861.75,22890.55,0
2026-04-06 08:35:00+00:00,22890.7,22898.65,22865.95,22866.05,0
2026-04-06 08:40:00+00:00,22866.9,22913.4,22865.95,22911.4,0
2026-04-06 08:45:00+00:00,22911.65,22929.7,22897.65,22914.95,0
2026-04-06 08:50:00+00:00,22916.15,22928.5,22907.25,22907.25,0
2026-04-06 08:55:00+00:00,22908.0,22913.3,22881.4,22895.45,0
2026-04-06 09:00:00+00:00,22896.65,22925.85,22895.9,22922.25,0
2026-04-06 09:05:00+00:00,22923.1,22940.7,22902.65,22918.0,0
2026-04-06 09:10:00+00:00,22918.65,22928.5,22904.15,22913.8,0
2026-04-06 09:15:00+00:00,22914.3,22928.65,22911.55,22922.0,0
2026-04-06 09:20:00+00:00,22924.2,22929.25,22905.3,22911.15,0
2026-04-06 09:25:00+00:00,22910.6,22930.3,22886.3,22917.15,0
2026-04-06 09:30:00+00:00,22917.05,22969.05,22912.45,22959.65,0
2026-04-06 09:35:00+00:00,22960.2,22977.4,22959.75,22975.35,0
2026-04-06 09:40:00+00:00,22974.65,22998.35,22965.35,22989.35,0
2026-04-06 09:45:00+00:00,22990.3,22991.2,22967.05,22970.9,0
2026-04-06 09:50:00+00:00,22970.85,22972.95,22957.95,22969.85,0
2026-04-06 09:55:00+00:00,22969.9,22972.2,22954.2,22959.45,0
2026-04-07 03:45:00+00:00,22838.7,22843.95,22719.3,22773.05,0
2026-04-07 03:50:00+00:00,22773.75,22825.8,22758.75,22802.15,0
2026-04-07 03:55:00+00:00,22804.65,22893.4,22801.3,22889.85,0
2026-04-07 04:00:00+00:00,22891.45,22901.05,22856.75,22858.35,0
2026-04-07 04:05:00+00:00,22860.2,22880.35,22837.65,22851.25,0
2026-04-07 04:10:00+00:00,22854.9,22868.5,22793.0,22801.8,0
2026-04-07 04:15:00+00:00,22803.25,22863.0,22803.25,22818.25,0
2026-04-07 04:20:00+00:00,22819.7,22853.85,22811.25,22841.4,0
2026-04-07 04:25:00+00:00,22843.95,22892.65,22842.45,22886.15,0
2026-04-07 04:30:00+00:00,22889.35,22923.5,22879.3,22913.9,0
2026-04-07 04:35:00+00:00,22914.45,22928.7,22893.75,22897.5,0
2026-04-07 04:40:00+00:00,22899.5,22923.55,22887.0,22920.0,0
2026-04-07 04:45:00+00:00,22921.8,22952.2,22917.45,22943.2,0
2026-04-07 04:50:00+00:00,22945.75,22966.6,22915.85,22926.45,0
2026-04-07 04:55:00+00:00,22928.8,22945.7,22922.8,22943.65,0
2026-04-07 05:00:00+00:00,22944.5,22947.9,22910.45,22913.7,0
2026-04-07 05:05:00+00:00,22915.9,22929.95,22887.6,22928.75,0
2026-04-07 05:10:00+00:00,22930.65,22965.25,22928.2,22958.85,0
2026-04-07 05:15:00+00:00,22960.3,22960.95,22924.0,22931.75,0
2026-04-07 05:20:00+00:00,22933.2,22933.5,22862.4,22879.2,0
2026-04-07 05:25:00+00:00,22881.1,22904.05,22834.65,22843.95,0
2026-04-07 05:30:00+00:00,22845.1,22864.35,22827.75,22850.55,0
2026-04-07 05:35:00+00:00,22853.85,22886.7,22844.8,22864.95,0
2026-04-07 05:40:00+00:00,22867.6,22878.95,22848.4,22862.5,0
2026-04-07 05:45:00+00:00,22866.05,22903.15,22852.15,22893.7,0
2026-04-07 05:50:00+00:00,22895.0,22928.2,22887.5,22927.5,0
2026-04-07 05:55:00+00:00,22928.8,22947.0,22920.95,22943.6,0
2026-04-07 06:00:00+00:00,22943.5,22946.4,22933.1,22943.95,0
2026-04-07 06:05:00+00:00,22944.5,22960.25,22927.6,22944.25,0
2026-04-07 06:10:00+00:00,22945.05,22945.05,22911.75,22921.25,0
2026-04-07 06:15:00+00:00,22922.4,22928.0,22903.8,22917.1,0
2026-04-07 06:20:00+00:00,22918.7,22943.1,22917.1,22942.95,0
2026-04-07 06:25:00+00:00,22944.35,22991.7,22943.45,22984.7,0
2026-04-07 06:30:00+00:00,22986.2,22987.75,22943.2,22944.4,0
2026-04-07 06:35:00+00:00,22945.85,22950.3,22926.0,22949.05,0
2026-04-07 06:40:00+00:00,22950.5,22950.5,22906.25,22942.55,0
2026-04-07 06:45:00+00:00,22939.95,22947.25,22922.5,22929.95,0
2026-04-07 06:50:00+00:00,22931.85,22932.65,22905.7,22912.75,0
2026-04-07 06:55:00+00:00,22914.95,22929.3,22909.45,22924.75,0
2026-04-07 07:00:00+00:00,22926.2,22945.35,22920.3,22934.85,0
2026-04-07 07:05:00+00:00,22937.55,22946.3,22924.45,22946.3,0
2026-04-07 07:10:00+00:00,22947.2,22951.9,22933.1,22946.05,0
2026-04-07 07:15:00+00:00,22947.2,22948.85,22931.5,22942.8,0
2026-04-07 07:20:00+00:00,22944.8,22952.05,22925.25,22939.85,0
2026-04-07 07:25:00+00:00,22940.5,22944.6,22912.5,22915.9,0
2026-04-07 07:30:00+00:00,22917.4,22942.2,22907.85,22937.7,0
2026-04-07 07:35:00+00:00,22939.7,22939.7,22911.35,22912.75,0
2026-04-07 07:40:00+00:00,22914.1,22956.05,22906.15,22938.85,0
2026-04-07 07:45:00+00:00,22941.65,22970.7,22940.5,22967.3,0
2026-04-07 07:50:00+00:00,22969.3,22969.3,22948.55,22954.25,0
2026-04-07 07:55:00+00:00,22954.75,22961.1,22933.75,22959.95,0
2026-04-07 08:00:00+00:00,22961.9,23045.4,22961.8,23012.8,0
2026-04-07 08:05:00+00:00,23014.15,23033.1,23003.15,23030.2,0
2026-04-07 08:10:00+00:00,23031.1,23062.4,23016.55,23056.05,0
2026-04-07 08:15:00+00:00,23057.5,23063.55,23017.75,23020.75,0
2026-04-07 08:20:00+00:00,23022.2,23044.1,22995.05,23026.95,0
2026-04-07 08:25:00+00:00,23029.0,23032.7,22960.05,22977.7,0
2026-04-07 08:30:00+00:00,22979.9,23020.55,22974.1,23013.55,0
2026-04-07 08:35:00+00:00,23016.4,23022.65,22993.9,23015.55,0
2026-04-07 08:40:00+00:00,23016.15,23018.35,22986.05,23011.95,0
2026-04-07 08:45:00+00:00,23014.55,23026.15,22994.8,22996.6,0
2026-04-07 08:50:00+00:00,22998.9,23011.8,22982.15,23004.8,0
2026-04-07 08:55:00+00:00,23005.95,23025.4,22999.05,23014.1,0
2026-04-07 09:00:00+00:00,23015.0,23049.95,23012.95,23034.2,0
2026-04-07 09:05:00+00:00,23036.05,23036.45,22989.45,23001.3,0
2026-04-07 09:10:00+00:00,23004.25,23041.15,23003.45,23028.6,0
2026-04-07 09:15:00+00:00,23031.4,23055.3,23020.7,23044.55,0
2026-04-07 09:20:00+00:00,23046.4,23068.95,23045.2,23060.05,0
2026-04-07 09:25:00+00:00,23064.6,23101.4,23064.2,23096.7,0
2026-04-07 09:30:00+00:00,23096.85,23130.25,23076.5,23118.55,0
2026-04-07 09:35:00+00:00,23117.95,23134.8,23102.15,23127.0,0
2026-04-07 09:40:00+00:00,23125.0,23130.0,23099.35,23109.25,0
2026-04-07 09:45:00+00:00,23109.4,23142.3,23106.1,23123.45,0
2026-04-07 09:50:00+00:00,23125.35,23145.15,23123.1,23135.35,0
2026-04-07 09:55:00+00:00,23137.05,23153.85,23124.15,23129.95,0
2026-04-08 03:45:00+00:00,23855.15,23938.85,23828.5,23899.95,0
2026-04-08 03:50:00+00:00,23898.0,23928.1,23859.8,23863.35,0
2026-04-08 03:55:00+00:00,23862.95,23893.65,23855.2,23877.85,0
2026-04-08 04:00:00+00:00,23878.4,23909.35,23875.9,23879.95,0
2026-04-08 04:05:00+00:00,23879.9,23916.2,23879.9,23913.35,0
2026-04-08 04:10:00+00:00,23914.05,23921.35,23899.5,23920.15,0
2026-04-08 04:15:00+00:00,23922.2,23961.1,23921.7,23940.95,0
2026-04-08 04:20:00+00:00,23943.75,23961.25,23912.55,23922.05,0
2026-04-08 04:25:00+00:00,23922.45,23936.6,23891.85,23896.9,0
2026-04-08 04:30:00+00:00,23898.8,23923.9,23892.85,23900.4,0
2026-04-08 04:35:00+00:00,23903.15,23935.1,23893.15,23902.0,0
2026-04-08 04:40:00+00:00,23901.85,23903.4,23878.6,23880.45,0
2026-04-08 04:45:00+00:00,23881.65,23905.25,23869.1,23905.25,0
2026-04-08 04:50:00+00:00,23906.55,23913.0,23877.4,23892.75,0
2026-04-08 04:55:00+00:00,23893.9,23915.25,23880.05,23909.85,0
2026-04-08 05:00:00+00:00,23910.6,23928.35,23908.05,23922.05,0
2026-04-08 05:05:00+00:00,23918.6,23930.9,23904.05,23921.65,0
2026-04-08 05:10:00+00:00,23921.8,23952.95,23906.65,23950.95,0
2026-04-08 05:15:00+00:00,23951.65,23955.95,23925.15,23940.1,0
2026-04-08 05:20:00+00:00,23941.45,23972.75,23935.15,23970.2,0
2026-04-08 05:25:00+00:00,23969.75,23984.5,23965.1,23982.15,0
2026-04-08 05:30:00+00:00,23984.05,23999.45,23981.3,23992.35,0
2026-04-08 05:35:00+00:00,23993.3,24001.5,23985.7,23990.5,0
2026-04-08 05:40:00+00:00,23991.85,24004.65,23983.5,23991.6,0
2026-04-08 05:45:00+00:00,23992.7,24014.0,23991.1,24001.05,0
2026-04-08 05:50:00+00:00,24001.65,24013.5,23998.75,24001.85,0
2026-04-08 05:55:00+00:00,24002.95,24004.15,23975.5,23982.75,0
2026-04-08 06:00:00+00:00,23982.45,23982.45,23965.65,23968.45,0
2026-04-08 06:05:00+00:00,23968.95,23981.1,23947.1,23964.05,0
2026-04-08 06:10:00+00:00,23964.75,23988.3,23954.45,23980.55,0
2026-04-08 06:15:00+00:00,23981.55,23998.6,23979.95,23985.8,0
2026-04-08 06:20:00+00:00,23987.4,23987.4,23930.2,23949.35,0
2026-04-08 06:25:00+00:00,23951.45,23951.45,23923.5,23931.2,0
2026-04-08 06:30:00+00:00,23932.6,23957.45,23920.15,23951.25,0
2026-04-08 06:35:00+00:00,23952.45,23971.0,23950.8,23969.6,0
2026-04-08 06:40:00+00:00,23971.2,23971.2,23957.7,23963.2,0
2026-04-08 06:45:00+00:00,23963.45,23967.35,23958.05,23963.45,0
2026-04-08 06:50:00+00:00,23964.0,23973.95,23962.8,23971.05,0
2026-04-08 06:55:00+00:00,23972.45,23973.45,23949.25,23950.1,0
2026-04-08 07:00:00+00:00,23950.95,23950.95,23902.25,23916.55,0
2026-04-08 07:05:00+00:00,23917.8,23934.0,23910.6,23923.45,0
2026-04-08 07:10:00+00:00,23922.0,23950.55,23916.25,23946.35,0
2026-04-08 07:15:00+00:00,23946.7,23953.15,23932.35,23952.55,0
2026-04-08 07:20:00+00:00,23953.5,23958.85,23944.4,23953.4,0
2026-04-08 07:25:00+00:00,23954.8,23979.8,23953.25,23978.8,0
2026-04-08 07:30:00+00:00,23978.05,23979.2,23957.0,23967.75,0
2026-04-08 07:35:00+00:00,23968.8,23969.7,23948.8,23962.35,0
2026-04-08 07:40:00+00:00,23961.9,23988.6,23961.8,23974.3,0
2026-04-08 07:45:00+00:00,23975.1,23991.35,23965.2,23973.9,0
2026-04-08 07:50:00+00:00,23974.7,23984.7,23969.7,23983.2,0
2026-04-08 07:55:00+00:00,23984.7,24001.6,23983.0,23999.15,0
2026-04-08 08:00:00+00:00,24000.35,24000.35,23981.25,23994.15,0
2026-04-08 08:05:00+00:00,23996.55,24025.15,23994.0,24015.5,0
2026-04-08 08:10:00+00:00,24017.5,24017.5,23975.4,23975.4,0
2026-04-08 08:15:00+00:00,23974.85,23990.05,23968.75,23977.35,0
2026-04-08 08:20:00+00:00,23977.6,23985.5,23953.1,23964.05,0
2026-04-08 08:25:00+00:00,23967.15,23988.4,23965.35,23985.5,0
2026-04-08 08:30:00+00:00,23986.35,23986.35,23964.55,23967.35,0
2026-04-08 08:35:00+00:00,23968.7,23971.65,23951.2,23964.3,0
2026-04-08 08:40:00+00:00,23965.65,23979.95,23944.0,23948.15,0
2026-04-08 08:45:00+00:00,23950.6,23966.6,23946.75,23965.3,0
2026-04-08 08:50:00+00:00,23965.6,23985.4,23962.9,23977.3,0
2026-04-08 08:55:00+00:00,23978.4,23988.8,23973.75,23979.55,0
2026-04-08 09:00:00+00:00,23980.45,23988.85,23971.9,23977.55,0
2026-04-08 09:05:00+00:00,23978.7,23990.55,23973.85,23979.2,0
2026-04-08 09:10:00+00:00,23979.2,24006.15,23977.8,23999.0,0
2026-04-08 09:15:00+00:00,24001.85,24017.6,23978.85,23982.8,0
2026-04-08 09:20:00+00:00,23985.35,23990.6,23972.55,23987.65,0
2026-04-08 09:25:00+00:00,23988.5,24005.0,23984.15,24002.65,0
2026-04-08 09:30:00+00:00,24002.45,24002.45,23955.75,23992.25,0
2026-04-08 09:35:00+00:00,23993.85,24011.5,23992.2,23999.0,0
2026-04-08 09:40:00+00:00,24000.7,24008.1,23989.25,23994.25,0
2026-04-08 09:45:00+00:00,23998.1,23998.1,23985.3,23993.0,0
2026-04-08 09:50:00+00:00,23993.8,24004.55,23991.4,24004.2,0
2026-04-08 09:55:00+00:00,24006.1,24018.25,24000.35,24012.35,0
2026-04-09 03:45:00+00:00,23909.05,23937.15,23815.15,23935.65,0
2026-04-09 03:50:00+00:00,23932.0,23974.6,23926.55,23969.4,0
2026-04-09 03:55:00+00:00,23968.45,23990.75,23961.2,23984.2,0
2026-04-09 04:00:00+00:00,23983.6,23986.1,23890.95,23890.95,0
2026-04-09 04:05:00+00:00,23891.8,23929.35,23882.0,23891.1,0
2026-04-09 04:10:00+00:00,23891.3,23899.3,23856.65,23861.15,0
2026-04-09 04:15:00+00:00,23863.9,23883.05,23816.95,23817.3,0
2026-04-09 04:20:00+00:00,23815.95,23826.0,23794.95,23805.05,0
2026-04-09 04:25:00+00:00,23805.95,23806.6,23771.05,23786.3,0
2026-04-09 04:30:00+00:00,23785.35,23826.5,23759.45,23817.4,0
2026-04-09 04:35:00+00:00,23815.3,23831.35,23807.4,23824.05,0
2026-04-09 04:40:00+00:00,23824.0,23853.15,23824.0,23839.0,0
2026-04-09 04:45:00+00:00,23839.05,23870.7,23820.85,23870.7,0
2026-04-09 04:50:00+00:00,23869.95,23871.35,23843.5,23864.8,0
2026-04-09 04:55:00+00:00,23863.5,23867.55,23820.2,23848.2,0
2026-04-09 05:00:00+00:00,23848.45,23863.6,23841.8,23858.45,0
2026-04-09 05:05:00+00:00,23858.05,23872.2,23832.25,23837.6,0
2026-04-09 05:10:00+00:00,23836.8,23839.5,23803.65,23807.9,0
2026-04-09 05:15:00+00:00,23807.95,23829.25,23807.95,23824.35,0
2026-04-09 05:20:00+00:00,23823.75,23830.4,23811.25,23825.4,0
2026-04-09 05:25:00+00:00,23825.95,23843.55,23820.85,23828.75,0
2026-04-09 05:30:00+00:00,23828.95,23864.1,23828.55,23849.3,0
2026-04-09 05:35:00+00:00,23848.7,23866.4,23828.15,23860.65,0
2026-04-09 05:40:00+00:00,23860.35,23869.5,23852.0,23855.75,0
2026-04-09 05:45:00+00:00,23855.6,23863.2,23824.15,23829.95,0
2026-04-09 05:50:00+00:00,23830.3,23850.5,23814.2,23839.5,0
2026-04-09 05:55:00+00:00,23838.3,23863.85,23838.3,23855.25,0
2026-04-09 06:00:00+00:00,23855.0,23875.5,23844.4,23855.3,0
2026-04-09 06:05:00+00:00,23852.9,23862.1,23847.7,23856.25,0
2026-04-09 06:10:00+00:00,23856.15,23871.3,23845.95,23864.8,0
2026-04-09 06:15:00+00:00,23864.8,23887.6,23849.4,23887.25,0
2026-04-09 06:20:00+00:00,23886.95,23898.0,23870.5,23883.65,0
2026-04-09 06:25:00+00:00,23884.6,23905.4,23871.8,23886.35,0
2026-04-09 06:30:00+00:00,23887.15,23902.75,23868.9,23876.55,0
2026-04-09 06:35:00+00:00,23875.75,23902.7,23860.25,23901.0,0
2026-04-09 06:40:00+00:00,23899.85,23907.3,23877.1,23881.25,0
2026-04-09 06:45:00+00:00,23881.05,23884.05,23873.65,23875.35,0
2026-04-09 06:50:00+00:00,23875.3,23883.85,23867.05,23869.5,0
2026-04-09 06:55:00+00:00,23868.55,23886.9,23854.85,23872.55,0
2026-04-09 07:00:00+00:00,23871.75,23885.35,23862.55,23864.55,0
2026-04-09 07:05:00+00:00,23864.65,23871.45,23845.1,23855.35,0
2026-04-09 07:10:00+00:00,23854.25,23867.55,23848.45,23852.3,0
2026-04-09 07:15:00+00:00,23853.3,23855.25,23805.25,23807.15,0
2026-04-09 07:20:00+00:00,23807.1,23839.4,23801.6,23831.3,0
2026-04-09 07:25:00+00:00,23830.6,23843.6,23828.4,23830.7,0
2026-04-09 07:30:00+00:00,23830.25,23842.6,23824.35,23830.95,0
2026-04-09 07:35:00+00:00,23831.15,23836.95,23816.85,23829.6,0
2026-04-09 07:40:00+00:00,23829.15,23831.05,23804.7,23815.4,0
2026-04-09 07:45:00+00:00,23815.85,23817.3,23800.95,23803.2,0
2026-04-09 07:50:00+00:00,23803.05,23804.35,23767.8,23787.2,0
2026-04-09 07:55:00+00:00,23786.6,23790.35,23767.9,23769.3,0
2026-04-09 08:00:00+00:00,23769.15,23792.5,23758.75,23788.7,0
2026-04-09 08:05:00+00:00,23789.05,23798.95,23767.65,23773.2,0
2026-04-09 08:10:00+00:00,23773.35,23776.65,23755.6,23760.15,0
2026-04-09 08:15:00+00:00,23759.85,23770.55,23740.15,23762.5,0
2026-04-09 08:20:00+00:00,23762.9,23785.45,23753.5,23770.5,0
2026-04-09 08:25:00+00:00,23770.35,23782.3,23764.55,23767.85,0
2026-04-09 08:30:00+00:00,23767.85,23790.2,23754.95,23781.8,0
2026-04-09 08:35:00+00:00,23781.75,23800.0,23767.75,23785.55,0
2026-04-09 08:40:00+00:00,23785.35,23786.95,23751.8,23753.2,0
2026-04-09 08:45:00+00:00,23753.45,23760.95,23746.2,23746.6,0
2026-04-09 08:50:00+00:00,23746.35,23758.7,23721.4,23731.7,0
2026-04-09 08:55:00+00:00,23731.65,23733.8,23709.85,23720.3,0
2026-04-09 09:00:00+00:00,23720.0,23722.25,23682.8,23697.15,0
2026-04-09 09:05:00+00:00,23697.2,23708.85,23690.4,23705.85,0
2026-04-09 09:10:00+00:00,23707.25,23744.9,23702.7,23729.75,0
2026-04-09 09:15:00+00:00,23728.8,23748.35,23720.5,23737.95,0
2026-04-09 09:20:00+00:00,23737.75,23751.45,23723.5,23748.4,0
2026-04-09 09:25:00+00:00,23747.75,23752.15,23733.1,23741.05,0
2026-04-09 09:30:00+00:00,23742.45,23806.8,23726.9,23741.6,0
2026-04-09 09:35:00+00:00,23744.2,23800.6,23733.4,23787.75,0
2026-04-09 09:40:00+00:00,23789.1,23801.25,23778.65,23793.35,0
2026-04-09 09:45:00+00:00,23792.95,23794.35,23769.1,23771.25,0
2026-04-09 09:50:00+00:00,23772.85,23784.55,23765.45,23781.4,0
2026-04-09 09:55:00+00:00,23782.2,23791.15,23758.95,23766.05,0
2026-04-10 03:45:00+00:00,23880.55,23968.75,23856.35,23966.25,0
2026-04-10 03:50:00+00:00,23966.85,23978.7,23917.05,23918.85,0
2026-04-10 03:55:00+00:00,23918.45,23944.2,23902.2,23937.35,0
2026-04-10 04:00:00+00:00,23938.05,23959.5,23931.2,23943.2,0
2026-04-10 04:05:00+00:00,23942.3,23944.05,23921.85,23937.15,0
2026-04-10 04:10:00+00:00,23938.25,23957.95,23934.95,23948.6,0
2026-04-10 04:15:00+00:00,23949.3,23992.5,23943.65,23973.25,0
2026-04-10 04:20:00+00:00,23973.5,23987.95,23971.25,23986.65,0
2026-04-10 04:25:00+00:00,23987.15,23998.25,23980.75,23988.45,0
2026-04-10 04:30:00+00:00,23988.65,24002.85,23971.65,23971.65,0
2026-04-10 04:35:00+00:00,23971.85,23973.95,23916.3,23960.65,0
2026-04-10 04:40:00+00:00,23960.3,23995.9,23960.05,23994.95,0
2026-04-10 04:45:00+00:00,23996.9,24018.75,23996.9,24014.15,0
2026-04-10 04:50:00+00:00,24015.3,24024.1,24010.85,24022.55,0
2026-04-10 04:55:00+00:00,24021.2,24036.2,24002.5,24010.0,0
2026-04-10 05:00:00+00:00,24008.9,24023.9,24001.0,24019.7,0
2026-04-10 05:05:00+00:00,24019.8,24026.1,24003.55,24007.4,0
2026-04-10 05:10:00+00:00,24006.65,24017.6,24003.75,24003.75,0
2026-04-10 05:15:00+00:00,24003.65,24009.05,23993.65,23994.65,0
2026-04-10 05:20:00+00:00,23995.45,23997.35,23984.75,23985.3,0
2026-04-10 05:25:00+00:00,23986.1,24000.0,23972.3,23999.7,0
2026-04-10 05:30:00+00:00,23999.8,24010.4,23994.9,24001.45,0
2026-04-10 05:35:00+00:00,24001.7,24011.2,23993.95,24010.05,0
2026-04-10 05:40:00+00:00,24009.95,24021.35,24007.3,24012.05,0
2026-04-10 05:45:00+00:00,24011.35,24015.35,23985.15,23992.8,0
2026-04-10 05:50:00+00:00,23993.35,24001.55,23990.1,23992.6,0
2026-04-10 05:55:00+00:00,23992.7,24005.25,23971.3,23972.15,0
2026-04-10 06:00:00+00:00,23972.8,24007.4,23972.25,24004.3,0
2026-04-10 06:05:00+00:00,24004.7,24006.7,23980.1,23984.3,0
2026-04-10 06:10:00+00:00,23984.5,23990.05,23970.05,23980.95,0
2026-04-10 06:15:00+00:00,23979.7,23987.1,23953.8,23964.65,0
2026-04-10 06:20:00+00:00,23964.05,23988.55,23964.05,23982.4,0
2026-04-10 06:25:00+00:00,23982.65,23996.0,23979.0,23994.7,0
2026-04-10 06:30:00+00:00,23994.3,24008.05,23984.95,24007.55,0
2026-04-10 06:35:00+00:00,24006.65,24019.2,24002.6,24015.05,0
2026-04-10 06:40:00+00:00,24014.7,24019.55,24008.3,24009.1,0
2026-04-10 06:45:00+00:00,24007.9,24011.0,23991.15,24003.35,0
2026-04-10 06:50:00+00:00,24003.5,24020.2,23991.75,24019.15,0
2026-04-10 06:55:00+00:00,24019.55,24032.6,23994.75,24009.35,0
2026-04-10 07:00:00+00:00,24010.4,24016.8,23995.3,23996.0,0
2026-04-10 07:05:00+00:00,23998.7,24020.45,23996.2,24014.3,0
2026-04-10 07:10:00+00:00,24014.7,24022.0,24003.3,24004.3,0
2026-04-10 07:15:00+00:00,24003.65,24018.95,24001.1,24011.35,0
2026-04-10 07:20:00+00:00,24011.8,24012.25,23986.15,24000.6,0
2026-04-10 07:25:00+00:00,24001.2,24007.65,23993.25,24004.9,0
2026-04-10 07:30:00+00:00,24005.3,24018.55,24003.7,24013.3,0
2026-04-10 07:35:00+00:00,24013.3,24021.75,24007.35,24019.55,0
2026-04-10 07:40:00+00:00,24019.7,24021.4,23999.35,24003.15,0
2026-04-10 07:45:00+00:00,24003.4,24010.75,23999.3,23999.5,0
2026-04-10 07:50:00+00:00,23999.85,24004.0,23996.45,23999.15,0
2026-04-10 07:55:00+00:00,23998.05,24009.9,23996.0,24007.5,0
2026-04-10 08:00:00+00:00,24007.0,24016.5,24003.6,24004.1,0
2026-04-10 08:05:00+00:00,24003.95,24012.1,23999.15,24011.5,0
2026-04-10 08:10:00+00:00,24011.65,24025.7,24011.65,24020.7,0
2026-04-10 08:15:00+00:00,24020.15,24030.25,24009.6,24012.05,0
2026-04-10 08:20:00+00:00,24012.5,24021.85,24002.35,24018.6,0
2026-04-10 08:25:00+00:00,24018.8,24044.9,24016.6,24041.2,0
2026-04-10 08:30:00+00:00,24041.0,24048.2,24026.7,24029.2,0
2026-04-10 08:35:00+00:00,24030.25,24037.6,24025.45,24031.85,0
2026-04-10 08:40:00+00:00,24032.0,24046.5,23998.45,24020.4,0
2026-04-10 08:45:00+00:00,24020.45,24021.8,23938.6,23995.1,0
2026-04-10 08:50:00+00:00,23996.6,24010.6,23956.6,23956.6,0
2026-04-10 08:55:00+00:00,23956.05,23969.65,23947.9,23965.35,0
2026-04-10 09:00:00+00:00,23964.65,23989.9,23959.85,23962.85,0
2026-04-10 09:05:00+00:00,23961.85,23981.0,23947.25,23970.45,0
2026-04-10 09:10:00+00:00,23970.8,23993.45,23969.2,23982.9,0
2026-04-10 09:15:00+00:00,23981.85,24005.5,23956.75,24000.5,0
2026-04-10 09:20:00+00:00,24000.75,24006.15,23991.2,23995.0,0
2026-04-10 09:25:00+00:00,23995.6,24005.65,23993.55,23994.2,0
2026-04-10 09:30:00+00:00,23994.85,24035.25,23994.85,24035.0,0
2026-04-10 09:35:00+00:00,24035.15,24064.55,24035.15,24060.4,0
2026-04-10 09:40:00+00:00,24058.9,24074.05,24057.2,24058.1,0
2026-04-10 09:45:00+00:00,24057.2,24061.45,24045.9,24053.65,0
2026-04-10 09:50:00+00:00,24053.8,24061.4,24049.65,24054.55,0
2026-04-10 09:55:00+00:00,24054.4,24063.45,24046.2,24050.5,0
2026-04-13 03:45:00+00:00,23589.6,23699.7,23555.6,23578.55,0
2026-04-13 03:50:00+00:00,23579.6,23595.1,23573.0,23591.5,0
2026-04-13 03:55:00+00:00,23590.85,23609.85,23583.0,23604.7,0
2026-04-13 04:00:00+00:00,23604.3,23618.8,23586.9,23615.55,0
2026-04-13 04:05:00+00:00,23615.65,23615.65,23580.35,23592.85,0
2026-04-13 04:10:00+00:00,23591.25,23644.0,23588.35,23633.5,0
2026-04-13 04:15:00+00:00,23634.3,23635.4,23612.45,23631.35,0
2026-04-13 04:20:00+00:00,23632.15,23657.05,23627.9,23642.75,0
2026-04-13 04:25:00+00:00,23643.8,23680.4,23642.15,23669.05,0
2026-04-13 04:30:00+00:00,23668.8,23679.0,23653.15,23671.35,0
2026-04-13 04:35:00+00:00,23672.45,23679.65,23657.65,23675.45,0
2026-04-13 04:40:00+00:00,23675.75,23682.65,23653.85,23660.05,0
2026-04-13 04:45:00+00:00,23655.5,23673.3,23634.05,23673.3,0
2026-04-13 04:50:00+00:00,23673.1,23721.65,23671.5,23707.85,0
2026-04-13 04:55:00+00:00,23707.9,23732.3,23702.75,23721.5,0
2026-04-13 05:00:00+00:00,23721.8,23728.3,23705.75,23715.8,0
2026-04-13 05:05:00+00:00,23715.15,23734.15,23701.55,23729.7,0
2026-04-13 05:10:00+00:00,23729.45,23738.55,23696.3,23723.55,0
2026-04-13 05:15:00+00:00,23723.2,23746.8,23721.85,23732.1,0
2026-04-13 05:20:00+00:00,23731.95,23753.85,23731.95,23745.7,0
2026-04-13 05:25:00+00:00,23746.4,23757.95,23730.35,23740.0,0
2026-04-13 05:30:00+00:00,23737.45,23741.45,23730.4,23736.9,0
2026-04-13 05:35:00+00:00,23736.55,23752.3,23736.55,23749.7,0
2026-04-13 05:40:00+00:00,23749.85,23751.15,23732.35,23743.7,0
2026-04-13 05:45:00+00:00,23743.75,23752.0,23743.05,23746.3,0
2026-04-13 05:50:00+00:00,23746.9,23762.75,23731.1,23743.4,0
2026-04-13 05:55:00+00:00,23742.15,23757.65,23740.4,23740.5,0
2026-04-13 06:00:00+00:00,23740.65,23751.35,23729.4,23738.1,0
2026-04-13 06:05:00+00:00,23738.25,23772.3,23738.25,23761.05,0
2026-04-13 06:10:00+00:00,23760.95,23764.0,23750.75,23756.15,0
2026-04-13 06:15:00+00:00,23756.75,23776.95,23754.6,23776.95,0
2026-04-13 06:20:00+00:00,23778.5,23800.45,23778.5,23798.3,0
2026-04-13 06:25:00+00:00,23798.3,23811.35,23785.2,23785.65,0
2026-04-13 06:30:00+00:00,23785.95,23794.9,23785.45,23788.15,0
2026-04-13 06:35:00+00:00,23788.9,23806.55,23788.9,23798.65,0
2026-04-13 06:40:00+00:00,23798.3,23816.2,23795.75,23814.6,0
2026-04-13 06:45:00+00:00,23814.7,23822.75,23804.35,23821.0,0
2026-04-13 06:50:00+00:00,23820.0,23822.85,23796.0,23804.65,0
2026-04-13 06:55:00+00:00,23804.4,23836.55,23804.3,23835.95,0
2026-04-13 07:00:00+00:00,23837.6,23841.75,23823.0,23825.6,0
2026-04-13 07:05:00+00:00,23827.1,23847.75,23821.5,23833.5,0
2026-04-13 07:10:00+00:00,23833.8,23842.9,23825.0,23841.35,0
2026-04-13 07:15:00+00:00,23842.15,23842.85,23824.3,23839.75,0
2026-04-13 07:20:00+00:00,23840.65,23845.7,23821.15,23822.15,0
2026-04-13 07:25:00+00:00,23822.1,23825.15,23780.9,23806.45,0
2026-04-13 07:30:00+00:00,23806.8,23815.0,23771.75,23784.85,0
2026-04-13 07:35:00+00:00,23785.55,23817.95,23785.55,23811.5,0
2026-04-13 07:40:00+00:00,23809.1,23822.4,23803.4,23820.65,0
2026-04-13 07:45:00+00:00,23821.25,23835.3,23805.25,23835.3,0
2026-04-13 07:50:00+00:00,23835.35,23839.8,23818.8,23825.65,0
2026-04-13 07:55:00+00:00,23826.1,23831.25,23815.45,23823.4,0
2026-04-13 08:00:00+00:00,23824.55,23854.15,23822.9,23846.0,0
2026-04-13 08:05:00+00:00,23845.95,23856.8,23835.0,23845.4,0
2026-04-13 08:10:00+00:00,23846.15,23846.85,23829.05,23835.45,0
2026-04-13 08:15:00+00:00,23835.85,23843.35,23831.9,23839.75,0
2026-04-13 08:20:00+00:00,23839.5,23883.7,23836.55,23881.8,0
2026-04-13 08:25:00+00:00,23882.45,23907.4,23878.45,23893.7,0
2026-04-13 08:30:00+00:00,23893.05,23897.3,23882.6,23887.6,0
2026-04-13 08:35:00+00:00,23887.85,23888.7,23852.6,23855.35,0
2026-04-13 08:40:00+00:00,23854.2,23854.5,23835.2,23854.5,0
2026-04-13 08:45:00+00:00,23854.75,23865.25,23834.6,23855.9,0
2026-04-13 08:50:00+00:00,23856.0,23870.35,23852.1,23861.25,0
2026-04-13 08:55:00+00:00,23862.05,23881.65,23860.95,23866.05,0
2026-04-13 09:00:00+00:00,23865.45,23892.75,23865.45,23881.05,0
2026-04-13 09:05:00+00:00,23881.9,23897.45,23871.45,23871.45,0
2026-04-13 09:10:00+00:00,23870.65,23880.9,23855.75,23866.35,0
2026-04-13 09:15:00+00:00,23866.05,23888.25,23854.6,23883.9,0
2026-04-13 09:20:00+00:00,23883.7,23891.75,23870.9,23881.8,0
2026-04-13 09:25:00+00:00,23882.85,23897.4,23880.5,23883.7,0
2026-04-13 09:30:00+00:00,23884.95,23888.2,23822.25,23838.8,0
2026-04-13 09:35:00+00:00,23837.65,23868.1,23824.35,23842.35,0
2026-04-13 09:40:00+00:00,23839.35,23857.25,23826.4,23845.4,0
2026-04-13 09:45:00+00:00,23843.65,23847.0,23822.45,23825.6,0
2026-04-13 09:50:00+00:00,23826.55,23832.15,23816.8,23821.85,0
2026-04-13 09:55:00+00:00,23822.35,23827.8,23814.65,23818.9,0
2026-04-15 03:45:00+00:00,24163.8,24280.9,24162.7,24230.85,0
2026-04-15 03:50:00+00:00,24231.6,24234.7,24206.75,24208.85,0
2026-04-15 03:55:00+00:00,24209.2,24212.9,24184.1,24192.45,0
2026-04-15 04:00:00+00:00,24193.5,24194.7,24164.15,24168.9,0
2026-04-15 04:05:00+00:00,24168.05,24179.85,24145.8,24151.35,0
2026-04-15 04:10:00+00:00,24151.05,24215.95,24149.7,24207.35,0
2026-04-15 04:15:00+00:00,24207.05,24225.2,24193.1,24193.1,0
2026-04-15 04:20:00+00:00,24192.4,24219.9,24186.7,24212.65,0
2026-04-15 04:25:00+00:00,24213.15,24224.55,24205.05,24216.0,0
2026-04-15 04:30:00+00:00,24216.8,24232.95,24214.05,24231.7,0
2026-04-15 04:35:00+00:00,24233.15,24247.35,24232.9,24235.65,0
2026-04-15 04:40:00+00:00,24236.55,24253.35,24234.3,24241.65,0
2026-04-15 04:45:00+00:00,24241.55,24264.25,24241.55,24260.4,0
2026-04-15 04:50:00+00:00,24261.1,24272.55,24249.85,24264.95,0
2026-04-15 04:55:00+00:00,24264.85,24267.1,24255.65,24260.1,0
2026-04-15 05:00:00+00:00,24260.4,24273.15,24256.2,24259.45,0
2026-04-15 05:05:00+00:00,24260.15,24263.0,24242.45,24243.6,0
2026-04-15 05:10:00+00:00,24245.75,24251.45,24235.45,24243.1,0
2026-04-15 05:15:00+00:00,24242.5,24255.75,24239.85,24248.0,0
2026-04-15 05:20:00+00:00,24247.55,24248.55,24208.8,24223.4,0
2026-04-15 05:25:00+00:00,24223.5,24233.8,24216.1,24216.1,0
2026-04-15 05:30:00+00:00,24216.35,24216.5,24202.85,24209.6,0
2026-04-15 05:35:00+00:00,24208.9,24210.25,24184.25,24187.5,0
2026-04-15 05:40:00+00:00,24186.9,24192.9,24177.6,24184.25,0
2026-04-15 05:45:00+00:00,24184.5,24207.5,24174.5,24186.2,0
2026-04-15 05:50:00+00:00,24187.15,24206.5,24187.0,24201.65,0
2026-04-15 05:55:00+00:00,24201.25,24201.9,24178.8,24188.05,0
2026-04-15 06:00:00+00:00,24188.1,24196.1,24184.65,24189.0,0
2026-04-15 06:05:00+00:00,24189.1,24202.8,24188.75,24199.6,0
2026-04-15 06:10:00+00:00,24199.7,24211.05,24194.05,24210.35,0
2026-04-15 06:15:00+00:00,24210.6,24223.05,24202.15,24221.0,0
2026-04-15 06:20:00+00:00,24221.45,24226.25,24215.45,24222.6,0
2026-04-15 06:25:00+00:00,24221.9,24224.3,24214.05,24217.1,0
2026-04-15 06:30:00+00:00,24217.75,24232.9,24217.45,24229.05,0
2026-04-15 06:35:00+00:00,24229.2,24231.75,24220.75,24224.1,0
2026-04-15 06:40:00+00:00,24224.35,24234.95,24224.1,24226.85,0
2026-04-15 06:45:00+00:00,24227.0,24235.65,24215.85,24217.35,0
2026-04-15 06:50:00+00:00,24216.05,24225.0,24200.4,24221.55,0
2026-04-15 06:55:00+00:00,24222.05,24230.8,24219.1,24219.75,0
2026-04-15 07:00:00+00:00,24219.8,24221.8,24213.05,24217.6,0
2026-04-15 07:05:00+00:00,24217.4,24236.65,24215.15,24232.7,0
2026-04-15 07:10:00+00:00,24232.9,24234.15,24216.1,24228.05,0
2026-04-15 07:15:00+00:00,24228.75,24234.85,24210.0,24216.6,0
2026-04-15 07:20:00+00:00,24216.7,24234.8,24203.95,24214.3,0
2026-04-15 07:25:00+00:00,24213.65,24219.1,24206.9,24207.85,0
2026-04-15 07:30:00+00:00,24207.5,24217.75,24200.2,24210.8,0
2026-04-15 07:35:00+00:00,24211.15,24213.05,24203.35,24212.9,0
2026-04-15 07:40:00+00:00,24212.4,24222.75,24212.0,24220.55,0
2026-04-15 07:45:00+00:00,24220.65,24233.95,24215.95,24233.85,0
2026-04-15 07:50:00+00:00,24233.9,24238.55,24187.75,24197.75,0
2026-04-15 07:55:00+00:00,24197.25,24203.9,24195.75,24196.95,0
2026-04-15 08:00:00+00:00,24196.9,24222.45,24191.5,24213.3,0
2026-04-15 08:05:00+00:00,24213.2,24223.3,24191.25,24195.15,0
2026-04-15 08:10:00+00:00,24195.8,24217.35,24192.35,24215.75,0
2026-04-15 08:15:00+00:00,24215.9,24221.3,24199.05,24207.65,0
2026-04-15 08:20:00+00:00,24206.8,24211.6,24194.35,24201.1,0
2026-04-15 08:25:00+00:00,24200.4,24225.2,24199.4,24221.25,0
2026-04-15 08:30:00+00:00,24221.8,24230.4,24221.45,24225.15,0
2026-04-15 08:35:00+00:00,24226.0,24230.9,24223.55,24225.65,0
2026-04-15 08:40:00+00:00,24225.6,24238.1,24219.5,24226.6,0
2026-04-15 08:45:00+00:00,24227.05,24231.6,24219.2,24226.65,0
2026-04-15 08:50:00+00:00,24226.75,24242.25,24214.45,24215.05,0
2026-04-15 08:55:00+00:00,24215.05,24235.9,24214.4,24233.35,0
2026-04-15 09:00:00+00:00,24232.9,24237.9,24229.15,24234.65,0
2026-04-15 09:05:00+00:00,24235.1,24236.55,24220.15,24224.45,0
2026-04-15 09:10:00+00:00,24225.1,24236.15,24223.85,24233.15,0
2026-04-15 09:15:00+00:00,24233.0,24245.65,24232.35,24244.35,0
2026-04-15 09:20:00+00:00,24244.25,24262.75,24236.25,24250.45,0
2026-04-15 09:25:00+00:00,24250.5,24264.2,24240.2,24261.25,0
2026-04-15 09:30:00+00:00,24262.2,24265.75,24235.65,24245.45,0
2026-04-15 09:35:00+00:00,24246.55,24249.55,24229.5,24239.0,0
2026-04-15 09:40:00+00:00,24241.1,24242.5,24223.95,24227.85,0
2026-04-15 09:45:00+00:00,24228.7,24230.35,24221.45,24223.0,0
2026-04-15 09:50:00+00:00,24223.65,24229.6,24219.3,24225.6,0
2026-04-15 09:55:00+00:00,24224.65,24229.25,24206.5,24211.9,0
2026-04-16 03:45:00+00:00,24385.2,24392.35,24333.95,24390.55,0
2026-04-16 03:50:00+00:00,24390.8,24397.7,24372.7,24387.5,0
2026-04-16 03:55:00+00:00,24388.25,24400.95,24376.0,24385.85,0
2026-04-16 04:00:00+00:00,24385.65,24396.05,24353.7,24358.3,0
2026-04-16 04:05:00+00:00,24358.15,24364.05,24305.55,24326.8,0
2026-04-16 04:10:00+00:00,24326.25,24335.35,24299.05,24301.95,0
2026-04-16 04:15:00+00:00,24302.75,24332.7,24292.3,24327.9,0
2026-04-16 04:20:00+00:00,24327.15,24337.05,24301.5,24316.55,0
2026-04-16 04:25:00+00:00,24316.85,24316.85,24270.55,24271.55,0
2026-04-16 04:30:00+00:00,24271.65,24303.85,24264.4,24303.85,0
2026-04-16 04:35:00+00:00,24303.2,24310.9,24280.9,24308.55,0
2026-04-16 04:40:00+00:00,24308.45,24319.85,24295.3,24307.6,0
2026-04-16 04:45:00+00:00,24306.15,24328.8,24292.85,24309.7,0
2026-04-16 04:50:00+00:00,24309.15,24313.0,24300.05,24304.0,0
2026-04-16 04:55:00+00:00,24303.9,24317.2,24292.5,24300.75,0
2026-04-16 05:00:00+00:00,24301.05,24321.25,24301.05,24312.7,0
2026-04-16 05:05:00+00:00,24312.8,24325.85,24292.45,24299.65,0
2026-04-16 05:10:00+00:00,24298.6,24317.1,24298.1,24307.65,0
2026-04-16 05:15:00+00:00,24307.45,24327.9,24306.9,24316.15,0
2026-04-16 05:20:00+00:00,24315.1,24319.1,24311.5,24314.7,0
2026-04-16 05:25:00+00:00,24315.25,24315.95,24302.15,24309.55,0
2026-04-16 05:30:00+00:00,24309.3,24330.7,24309.3,24324.45,0
2026-04-16 05:35:00+00:00,24321.3,24333.2,24308.6,24324.45,0
2026-04-16 05:40:00+00:00,24323.3,24323.45,24303.65,24313.9,0
2026-04-16 05:45:00+00:00,24313.2,24323.05,24294.1,24319.8,0
2026-04-16 05:50:00+00:00,24319.95,24328.95,24294.5,24297.95,0
2026-04-16 05:55:00+00:00,24298.8,24304.2,24282.75,24299.15,0
2026-04-16 06:00:00+00:00,24300.25,24304.25,24290.1,24299.7,0
2026-04-16 06:05:00+00:00,24299.85,24301.05,24266.9,24281.15,0
2026-04-16 06:10:00+00:00,24280.0,24280.0,24252.9,24254.7,0
2026-04-16 06:15:00+00:00,24254.3,24254.3,24215.55,24243.6,0
2026-04-16 06:20:00+00:00,24242.7,24242.7,24218.4,24237.25,0
2026-04-16 06:25:00+00:00,24237.75,24237.75,24194.7,24197.2,0
2026-04-16 06:30:00+00:00,24196.3,24197.8,24157.55,24159.25,0
2026-04-16 06:35:00+00:00,24159.5,24176.9,24153.05,24171.1,0
2026-04-16 06:40:00+00:00,24171.1,24190.75,24170.5,24184.8,0
2026-04-16 06:45:00+00:00,24182.95,24189.7,24159.4,24181.4,0
2026-04-16 06:50:00+00:00,24180.8,24184.35,24152.25,24163.2,0
2026-04-16 06:55:00+00:00,24161.8,24169.4,24152.95,24162.95,0
2026-04-16 07:00:00+00:00,24162.95,24169.75,24136.9,24137.9,0
2026-04-16 07:05:00+00:00,24138.05,24158.8,24131.8,24158.8,0
2026-04-16 07:10:00+00:00,24158.65,24169.25,24138.65,24139.05,0
2026-04-16 07:15:00+00:00,24140.8,24153.05,24129.05,24135.7,0
2026-04-16 07:20:00+00:00,24136.1,24157.1,24122.75,24123.9,0
2026-04-16 07:25:00+00:00,24124.05,24145.25,24116.95,24144.55,0
2026-04-16 07:30:00+00:00,24144.5,24154.6,24136.8,24150.2,0
2026-04-16 07:35:00+00:00,24149.8,24160.2,24117.3,24122.9,0
2026-04-16 07:40:00+00:00,24124.15,24125.85,24107.45,24122.3,0
2026-04-16 07:45:00+00:00,24122.6,24141.95,24111.8,24137.85,0
2026-04-16 07:50:00+00:00,24137.85,24142.45,24103.2,24106.85,0
2026-04-16 07:55:00+00:00,24107.95,24123.2,24102.8,24116.05,0
2026-04-16 08:00:00+00:00,24116.1,24128.45,24115.3,24124.05,0
2026-04-16 08:05:00+00:00,24123.85,24125.7,24118.1,24124.75,0
2026-04-16 08:10:00+00:00,24124.7,24140.1,24122.1,24137.75,0
2026-04-16 08:15:00+00:00,24137.85,24151.5,24137.45,24151.5,0
2026-04-16 08:20:00+00:00,24151.5,24184.75,24150.55,24183.45,0
2026-04-16 08:25:00+00:00,24184.25,24190.5,24165.55,24183.2,0
2026-04-16 08:30:00+00:00,24181.9,24183.95,24138.3,24145.3,0
2026-04-16 08:35:00+00:00,24145.4,24158.3,24132.45,24155.95,0
2026-04-16 08:40:00+00:00,24156.3,24175.35,24153.35,24166.7,0
2026-04-16 08:45:00+00:00,24166.7,24168.85,24158.9,24165.5,0
2026-04-16 08:50:00+00:00,24165.2,24171.3,24153.75,24165.05,0
2026-04-16 08:55:00+00:00,24164.65,24186.9,24164.0,24186.6,0
2026-04-16 09:00:00+00:00,24186.5,24221.35,24186.5,24221.2,0
2026-04-16 09:05:00+00:00,24221.35,24228.65,24211.0,24222.7,0
2026-04-16 09:10:00+00:00,24223.1,24234.55,24212.5,24219.65,0
2026-04-16 09:15:00+00:00,24219.5,24240.15,24218.9,24234.6,0
2026-04-16 09:20:00+00:00,24234.5,24245.0,24226.95,24240.75,0
2026-04-16 09:25:00+00:00,24241.0,24241.15,24214.6,24230.05,0
2026-04-16 09:30:00+00:00,24229.45,24238.3,24187.9,24202.95,0
2026-04-16 09:35:00+00:00,24202.7,24208.15,24163.45,24170.25,0
2026-04-16 09:40:00+00:00,24169.95,24202.5,24169.6,24183.9,0
2026-04-16 09:45:00+00:00,24184.25,24203.25,24177.8,24180.8,0
2026-04-16 09:50:00+00:00,24179.75,24199.3,24179.25,24196.0,0
2026-04-16 09:55:00+00:00,24196.1,24199.95,24178.85,24188.4,0
2026-04-17 03:45:00+00:00,24165.9,24224.85,24096.05,24207.55,0
2026-04-17 03:50:00+00:00,24210.55,24233.7,24195.1,24196.9,0
2026-04-17 03:55:00+00:00,24196.8,24235.6,24196.45,24233.35,0
2026-04-17 04:00:00+00:00,24232.6,24234.75,24192.5,24196.55,0
2026-04-17 04:05:00+00:00,24195.05,24222.0,24166.9,24211.85,0
2026-04-17 04:10:00+00:00,24211.35,24223.45,24178.7,24191.35,0
2026-04-17 04:15:00+00:00,24192.75,24220.35,24190.0,24219.9,0
2026-04-17 04:20:00+00:00,24219.95,24231.95,24219.2,24223.0,0
2026-04-17 04:25:00+00:00,24223.7,24238.55,24214.65,24232.1,0
2026-04-17 04:30:00+00:00,24231.4,24255.65,24205.4,24255.3,0
2026-04-17 04:35:00+00:00,24255.65,24279.85,24255.65,24263.3,0
2026-04-17 04:40:00+00:00,24264.6,24274.1,24255.15,24272.95,0
2026-04-17 04:45:00+00:00,24273.45,24289.2,24273.45,24280.45,0
2026-04-17 04:50:00+00:00,24280.0,24291.8,24280.0,24286.6,0
2026-04-17 04:55:00+00:00,24286.45,24304.55,24285.8,24285.85,0
2026-04-17 05:00:00+00:00,24285.9,24296.3,24260.05,24265.0,0
2026-04-17 05:05:00+00:00,24265.4,24278.7,24252.0,24252.85,0
2026-04-17 05:10:00+00:00,24253.0,24265.5,24244.05,24260.4,0
2026-04-17 05:15:00+00:00,24260.45,24270.0,24256.85,24263.85,0
2026-04-17 05:20:00+00:00,24264.1,24265.55,24252.6,24256.35,0
2026-04-17 05:25:00+00:00,24256.35,24263.8,24253.9,24254.95,0
2026-04-17 05:30:00+00:00,24255.7,24261.35,24237.75,24246.95,0
2026-04-17 05:35:00+00:00,24247.05,24259.8,24246.8,24258.65,0
2026-04-17 05:40:00+00:00,24259.15,24275.15,24257.85,24265.1,0
2026-04-17 05:45:00+00:00,24264.65,24277.5,24264.65,24277.3,0
2026-04-17 05:50:00+00:00,24277.4,24282.15,24272.8,24273.8,0
2026-04-17 05:55:00+00:00,24274.2,24279.5,24266.25,24275.25,0
2026-04-17 06:00:00+00:00,24275.8,24287.65,24273.5,24287.0,0
2026-04-17 06:05:00+00:00,24287.25,24293.9,24283.25,24289.15,0
2026-04-17 06:10:00+00:00,24290.0,24302.6,24287.6,24294.9,0
2026-04-17 06:15:00+00:00,24295.6,24296.35,24278.45,24282.45,0
2026-04-17 06:20:00+00:00,24283.3,24319.1,24282.65,24316.45,0
2026-04-17 06:25:00+00:00,24316.05,24323.1,24269.65,24271.45,0
2026-04-17 06:30:00+00:00,24271.65,24277.15,24253.15,24261.35,0
2026-04-17 06:35:00+00:00,24261.1,24292.55,24258.3,24286.3,0
2026-04-17 06:40:00+00:00,24286.0,24287.95,24277.65,24285.6,0
2026-04-17 06:45:00+00:00,24286.2,24293.7,24281.6,24286.55,0
2026-04-17 06:50:00+00:00,24287.2,24290.35,24280.7,24288.4,0
2026-04-17 06:55:00+00:00,24288.55,24291.65,24282.5,24284.0,0
2026-04-17 07:00:00+00:00,24283.95,24285.05,24264.8,24265.35,0
2026-04-17 07:05:00+00:00,24265.05,24272.65,24263.75,24265.1,0
2026-04-17 07:10:00+00:00,24264.25,24275.85,24260.25,24267.0,0
2026-04-17 07:15:00+00:00,24267.15,24277.95,24266.2,24272.2,0
2026-04-17 07:20:00+00:00,24272.7,24275.15,24259.95,24265.35,0
2026-04-17 07:25:00+00:00,24264.95,24269.15,24259.9,24266.1,0
2026-04-17 07:30:00+00:00,24267.0,24275.3,24264.85,24269.8,0
2026-04-17 07:35:00+00:00,24269.0,24286.3,24267.8,24284.8,0
2026-04-17 07:40:00+00:00,24284.85,24292.95,24283.75,24285.05,0
2026-04-17 07:45:00+00:00,24284.3,24287.05,24269.5,24271.95,0
2026-04-17 07:50:00+00:00,24270.8,24284.05,24268.05,24273.75,0
2026-04-17 07:55:00+00:00,24273.55,24289.35,24265.4,24289.35,0
2026-04-17 08:00:00+00:00,24289.5,24296.3,24287.45,24296.3,0
2026-04-17 08:05:00+00:00,24296.3,24302.35,24289.25,24301.05,0
2026-04-17 08:10:00+00:00,24300.25,24312.8,24299.4,24301.9,0
2026-04-17 08:15:00+00:00,24301.6,24309.1,24301.5,24306.3,0
2026-04-17 08:20:00+00:00,24306.15,24308.05,24299.75,24304.0,0
2026-04-17 08:25:00+00:00,24304.25,24308.3,24294.05,24303.3,0
2026-04-17 08:30:00+00:00,24303.65,24311.7,24301.8,24302.6,0
2026-04-17 08:35:00+00:00,24302.5,24316.0,24300.85,24312.25,0
2026-04-17 08:40:00+00:00,24312.55,24317.75,24305.45,24306.85,0
2026-04-17 08:45:00+00:00,24307.5,24320.1,24306.65,24316.75,0
2026-04-17 08:50:00+00:00,24316.9,24327.1,24313.0,24324.65,0
2026-04-17 08:55:00+00:00,24323.05,24326.25,24305.1,24307.1,0
2026-04-17 09:00:00+00:00,24307.4,24315.85,24304.75,24314.2,0
2026-04-17 09:05:00+00:00,24314.3,24329.6,24308.2,24325.05,0
2026-04-17 09:10:00+00:00,24325.45,24343.4,24323.35,24340.45,0
2026-04-17 09:15:00+00:00,24339.85,24357.8,24338.0,24348.4,0
2026-04-17 09:20:00+00:00,24349.0,24356.55,24346.0,24351.05,0
2026-04-17 09:25:00+00:00,24349.1,24352.75,24342.2,24349.85,0
2026-04-17 09:30:00+00:00,24349.6,24356.8,24320.1,24350.15,0
2026-04-17 09:35:00+00:00,24349.35,24358.25,24343.95,24352.25,0
2026-04-17 09:40:00+00:00,24350.9,24356.25,24349.3,24354.55,0
2026-04-17 09:45:00+00:00,24353.65,24363.6,24348.1,24361.75,0
2026-04-17 09:50:00+00:00,24360.8,24368.85,24356.0,24367.2,0
2026-04-17 09:55:00+00:00,24367.8,24371.9,24358.6,24366.9,0
2026-04-20 03:45:00+00:00,24391.5,24420.2,24241.25,24339.55,0
2026-04-20 03:50:00+00:00,24340.25,24396.85,24340.25,24395.85,0
2026-04-20 03:55:00+00:00,24393.0,24417.35,24378.8,24383.0,0
2026-04-20 04:00:00+00:00,24383.15,24389.75,24339.05,24357.9,0
2026-04-20 04:05:00+00:00,24360.25,24371.75,24334.7,24343.3,0
2026-04-20 04:10:00+00:00,24342.85,24352.7,24295.6,24302.75,0
2026-04-20 04:15:00+00:00,24301.85,24305.9,24281.2,24296.55,0
2026-04-20 04:20:00+00:00,24297.1,24338.7,24285.5,24338.15,0
2026-04-20 04:25:00+00:00,24337.4,24344.1,24320.35,24331.75,0
2026-04-20 04:30:00+00:00,24331.05,24365.55,24326.35,24355.95,0
2026-04-20 04:35:00+00:00,24356.5,24388.3,24355.2,24386.85,0
2026-04-20 04:40:00+00:00,24388.05,24388.05,24365.6,24379.6,0
2026-04-20 04:45:00+00:00,24379.95,24398.85,24370.5,24389.85,0
2026-04-20 04:50:00+00:00,24389.45,24404.6,24374.7,24403.0,0
2026-04-20 04:55:00+00:00,24400.6,24413.5,24388.95,24409.65,0
2026-04-20 05:00:00+00:00,24409.5,24440.35,24409.5,24427.15,0
2026-04-20 05:05:00+00:00,24427.85,24441.15,24420.95,24433.2,0
2026-04-20 05:10:00+00:00,24433.6,24448.5,24433.2,24439.05,0
2026-04-20 05:15:00+00:00,24439.35,24439.7,24417.55,24430.25,0
2026-04-20 05:20:00+00:00,24431.05,24432.2,24410.9,24425.1,0
2026-04-20 05:25:00+00:00,24425.5,24432.5,24415.8,24430.1,0
2026-04-20 05:30:00+00:00,24431.1,24436.15,24415.85,24433.15,0
2026-04-20 05:35:00+00:00,24433.6,24440.1,24406.45,24407.15,0
2026-04-20 05:40:00+00:00,24407.15,24422.6,24395.9,24407.65,0
2026-04-20 05:45:00+00:00,24408.45,24432.9,24407.2,24425.7,0
2026-04-20 05:50:00+00:00,24426.15,24456.65,24424.75,24455.15,0
2026-04-20 05:55:00+00:00,24455.45,24467.6,24448.85,24464.75,0
2026-04-20 06:00:00+00:00,24463.8,24467.85,24448.65,24451.8,0
2026-04-20 06:05:00+00:00,24451.75,24458.3,24439.9,24457.75,0
2026-04-20 06:10:00+00:00,24457.5,24471.15,24452.8,24462.75,0
2026-04-20 06:15:00+00:00,24462.4,24473.25,24461.05,24467.45,0
2026-04-20 06:20:00+00:00,24466.95,24467.65,24456.4,24465.35,0
2026-04-20 06:25:00+00:00,24465.35,24468.25,24459.4,24463.35,0
2026-04-20 06:30:00+00:00,24463.25,24469.6,24458.45,24459.9,0
2026-04-20 06:35:00+00:00,24459.6,24463.2,24448.75,24448.95,0
2026-04-20 06:40:00+00:00,24449.6,24450.6,24421.75,24433.2,0
2026-04-20 06:45:00+00:00,24433.2,24439.1,24426.0,24430.9,0
2026-04-20 06:50:00+00:00,24430.7,24446.25,24430.3,24445.7,0
2026-04-20 06:55:00+00:00,24445.5,24463.45,24444.1,24461.4,0
2026-04-20 07:00:00+00:00,24461.0,24468.7,24455.75,24466.25,0
2026-04-20 07:05:00+00:00,24465.75,24468.7,24453.15,24467.35,0
2026-04-20 07:10:00+00:00,24467.5,24470.5,24458.65,24462.35,0
2026-04-20 07:15:00+00:00,24462.1,24475.25,24461.05,24472.5,0
2026-04-20 07:20:00+00:00,24472.65,24480.65,24470.35,24473.7,0
2026-04-20 07:25:00+00:00,24474.5,24478.6,24460.75,24462.05,0
2026-04-20 07:30:00+00:00,24461.85,24463.15,24411.9,24439.25,0
2026-04-20 07:35:00+00:00,24439.35,24447.3,24420.65,24423.5,0
2026-04-20 07:40:00+00:00,24421.9,24423.7,24394.35,24414.3,0
2026-04-20 07:45:00+00:00,24414.05,24424.6,24397.2,24414.85,0
2026-04-20 07:50:00+00:00,24413.85,24416.55,24381.75,24390.8,0
2026-04-20 07:55:00+00:00,24391.2,24392.0,24359.2,24392.0,0
2026-04-20 08:00:00+00:00,24392.65,24400.15,24377.95,24396.3,0
2026-04-20 08:05:00+00:00,24395.45,24396.05,24369.2,24375.3,0
2026-04-20 08:10:00+00:00,24375.05,24404.8,24372.05,24396.35,0
2026-04-20 08:15:00+00:00,24395.6,24397.8,24380.45,24380.45,0
2026-04-20 08:20:00+00:00,24380.7,24391.9,24369.9,24390.65,0
2026-04-20 08:25:00+00:00,24391.3,24396.45,24378.55,24395.35,0
2026-04-20 08:30:00+00:00,24395.75,24396.05,24373.5,24393.1,0
2026-04-20 08:35:00+00:00,24392.6,24393.35,24372.25,24380.0,0
2026-04-20 08:40:00+00:00,24380.05,24395.6,24380.05,24393.75,0
2026-04-20 08:45:00+00:00,24393.95,24400.9,24388.1,24393.95,0
2026-04-20 08:50:00+00:00,24394.1,24418.4,24392.7,24415.35,0
2026-04-20 08:55:00+00:00,24415.65,24438.0,24411.65,24431.25,0
2026-04-20 09:00:00+00:00,24431.5,24431.6,24401.15,24423.2,0
2026-04-20 09:05:00+00:00,24423.65,24430.8,24399.75,24403.85,0
2026-04-20 09:10:00+00:00,24403.75,24405.1,24390.8,24401.25,0
2026-04-20 09:15:00+00:00,24402.35,24404.4,24371.95,24402.8,0
2026-04-20 09:20:00+00:00,24402.6,24407.25,24395.95,24407.25,0
2026-04-20 09:25:00+00:00,24406.75,24410.4,24398.95,24407.9,0
2026-04-20 09:30:00+00:00,24407.9,24424.6,24406.3,24408.55,0
2026-04-20 09:35:00+00:00,24408.5,24408.95,24385.6,24388.25,0
2026-04-20 09:40:00+00:00,24387.45,24397.05,24381.0,24381.8,0
2026-04-20 09:45:00+00:00,24382.25,24383.2,24323.85,24325.15,0
2026-04-20 09:50:00+00:00,24325.45,24338.65,24318.0,24320.6,0
2026-04-20 09:55:00+00:00,24320.05,24339.95,24320.05,24330.9,0
2026-04-21 03:45:00+00:00,24374.55,24470.35,24354.9,24468.9,0
2026-04-21 03:50:00+00:00,24468.15,24486.0,24456.1,24465.05,0
2026-04-21 03:55:00+00:00,24464.75,24475.25,24449.15,24449.15,0
2026-04-21 04:00:00+00:00,24449.75,24464.15,24442.45,24461.5,0
2026-04-21 04:05:00+00:00,24460.75,24477.65,24460.75,24469.7,0
2026-04-21 04:10:00+00:00,24470.65,24471.3,24450.75,24466.6,0
2026-04-21 04:15:00+00:00,24465.95,24510.6,24465.95,24501.4,0
2026-04-21 04:20:00+00:00,24501.8,24512.35,24485.0,24499.05,0
2026-04-21 04:25:00+00:00,24498.3,24501.95,24491.4,24499.95,0
2026-04-21 04:30:00+00:00,24500.65,24516.95,24498.3,24516.15,0
2026-04-21 04:35:00+00:00,24516.7,24524.85,24507.1,24523.2,0
2026-04-21 04:40:00+00:00,24522.9,24524.0,24510.75,24513.45,0
2026-04-21 04:45:00+00:00,24513.4,24524.65,24505.6,24506.8,0
2026-04-21 04:50:00+00:00,24506.85,24507.45,24495.05,24499.6,0
2026-04-21 04:55:00+00:00,24499.15,24500.5,24487.5,24493.6,0
2026-04-21 05:00:00+00:00,24494.15,24528.25,24491.2,24527.8,0
2026-04-21 05:05:00+00:00,24527.4,24535.15,24524.2,24531.75,0
2026-04-21 05:10:00+00:00,24531.1,24534.65,24515.85,24528.05,0
2026-04-21 05:15:00+00:00,24527.85,24533.55,24517.65,24525.8,0
2026-04-21 05:20:00+00:00,24524.9,24544.3,24522.3,24542.35,0
2026-04-21 05:25:00+00:00,24541.9,24561.5,24541.9,24549.25,0
2026-04-21 05:30:00+00:00,24549.55,24557.9,24540.0,24552.5,0
2026-04-21 05:35:00+00:00,24551.95,24565.1,24548.35,24554.05,0
2026-04-21 05:40:00+00:00,24551.3,24557.55,24543.8,24556.45,0
2026-04-21 05:45:00+00:00,24555.1,24557.1,24546.25,24551.05,0
2026-04-21 05:50:00+00:00,24550.95,24552.1,24535.2,24541.75,0
2026-04-21 05:55:00+00:00,24540.95,24544.1,24529.95,24539.2,0
2026-04-21 06:00:00+00:00,24537.3,24539.2,24516.4,24517.7,0
2026-04-21 06:05:00+00:00,24517.6,24533.05,24513.65,24524.8,0
2026-04-21 06:10:00+00:00,24524.3,24529.25,24516.2,24528.0,0
2026-04-21 06:15:00+00:00,24527.85,24543.95,24527.85,24530.3,0
2026-04-21 06:20:00+00:00,24530.4,24532.55,24521.8,24527.25,0
2026-04-21 06:25:00+00:00,24526.8,24538.35,24524.95,24531.65,0
2026-04-21 06:30:00+00:00,24531.8,24542.55,24527.2,24540.4,0
2026-04-21 06:35:00+00:00,24540.65,24548.4,24536.45,24543.65,0
2026-04-21 06:40:00+00:00,24543.25,24569.15,24543.25,24559.0,0
2026-04-21 06:45:00+00:00,24558.2,24561.9,24547.2,24561.65,0
2026-04-21 06:50:00+00:00,24560.5,24570.95,24555.8,24558.9,0
2026-04-21 06:55:00+00:00,24557.65,24564.85,24545.6,24547.2,0
2026-04-21 07:00:00+00:00,24547.65,24571.25,24547.1,24547.95,0
2026-04-21 07:05:00+00:00,24548.05,24564.35,24546.65,24555.0,0
2026-04-21 07:10:00+00:00,24555.4,24557.1,24545.85,24552.55,0
2026-04-21 07:15:00+00:00,24552.4,24553.9,24531.7,24539.15,0
2026-04-21 07:20:00+00:00,24539.1,24545.6,24527.7,24539.9,0
2026-04-21 07:25:00+00:00,24540.4,24549.1,24531.3,24537.9,0
2026-04-21 07:30:00+00:00,24538.7,24546.1,24528.3,24529.25,0
2026-04-21 07:35:00+00:00,24528.8,24539.8,24527.4,24531.9,0
2026-04-21 07:40:00+00:00,24531.45,24543.4,24525.35,24540.7,0
2026-04-21 07:45:00+00:00,24540.7,24555.8,24539.9,24541.95,0
2026-04-21 07:50:00+00:00,24542.1,24549.7,24536.25,24540.0,0
2026-04-21 07:55:00+00:00,24539.7,24553.65,24538.9,24552.35,0
2026-04-21 08:00:00+00:00,24552.6,24568.7,24551.95,24568.45,0
2026-04-21 08:05:00+00:00,24566.95,24569.8,24542.35,24553.45,0
2026-04-21 08:10:00+00:00,24552.75,24554.35,24523.5,24533.5,0
2026-04-21 08:15:00+00:00,24532.85,24540.8,24526.6,24538.65,0
2026-04-21 08:20:00+00:00,24538.5,24552.95,24538.25,24548.5,0
2026-04-21 08:25:00+00:00,24549.0,24563.8,24549.0,24554.6,0
2026-04-21 08:30:00+00:00,24554.35,24556.75,24534.5,24541.55,0
2026-04-21 08:35:00+00:00,24541.3,24542.2,24529.8,24532.25,0
2026-04-21 08:40:00+00:00,24531.9,24540.85,24522.6,24537.2,0
2026-04-21 08:45:00+00:00,24537.85,24569.3,24535.7,24553.75,0
2026-04-21 08:50:00+00:00,24555.0,24584.65,24555.0,24576.45,0
2026-04-21 08:55:00+00:00,24577.4,24578.2,24559.55,24572.6,0
2026-04-21 09:00:00+00:00,24573.6,24574.45,24560.05,24560.9,0
2026-04-21 09:05:00+00:00,24560.95,24563.45,24549.8,24550.6,0
2026-04-21 09:10:00+00:00,24550.95,24555.55,24526.05,24535.45,0
2026-04-21 09:15:00+00:00,24538.05,24552.4,24534.9,24549.55,0
2026-04-21 09:20:00+00:00,24550.3,24563.15,24548.65,24560.9,0
2026-04-21 09:25:00+00:00,24561.3,24572.85,24559.35,24568.2,0
2026-04-21 09:30:00+00:00,24567.3,24600.45,24548.9,24558.55,0
2026-04-21 09:35:00+00:00,24557.55,24591.6,24556.55,24573.4,0
2026-04-21 09:40:00+00:00,24572.3,24583.0,24565.1,24573.9,0
2026-04-21 09:45:00+00:00,24573.7,24601.7,24567.4,24580.05,0
2026-04-21 09:50:00+00:00,24580.15,24589.85,24571.6,24576.2,0
2026-04-21 09:55:00+00:00,24578.2,24587.75,24567.85,24580.6,0
2026-04-22 03:45:00+00:00,24470.85,24515.95,24434.4,24479.3,0
2026-04-22 03:50:00+00:00,24477.45,24496.1,24459.15,24463.4,0
2026-04-22 03:55:00+00:00,24465.35,24465.35,24437.75,24440.4,0
2026-04-22 04:00:00+00:00,24439.45,24463.8,24427.65,24452.15,0
2026-04-22 04:05:00+00:00,24451.95,24466.45,24438.7,24438.7,0
2026-04-22 04:10:00+00:00,24437.95,24440.85,24420.5,24424.4,0
2026-04-22 04:15:00+00:00,24424.8,24433.55,24406.35,24416.95,0
2026-04-22 04:20:00+00:00,24418.25,24432.7,24405.85,24409.45,0
2026-04-22 04:25:00+00:00,24410.15,24410.15,24381.35,24382.25,0
2026-04-22 04:30:00+00:00,24382.9,24388.1,24352.9,24383.25,0
2026-04-22 04:35:00+00:00,24381.9,24384.25,24369.95,24381.7,0
2026-04-22 04:40:00+00:00,24381.65,24390.5,24371.15,24373.15,0
2026-04-22 04:45:00+00:00,24372.9,24385.55,24371.95,24375.4,0
2026-04-22 04:50:00+00:00,24375.8,24376.8,24353.7,24366.45,0
2026-04-22 04:55:00+00:00,24364.35,24377.35,24364.05,24373.05,0
2026-04-22 05:00:00+00:00,24372.3,24383.3,24367.2,24380.6,0
2026-04-22 05:05:00+00:00,24380.5,24402.1,24374.95,24401.25,0
2026-04-22 05:10:00+00:00,24401.5,24418.2,24398.95,24416.35,0
2026-04-22 05:15:00+00:00,24416.25,24436.1,24409.05,24424.15,0
2026-04-22 05:20:00+00:00,24423.65,24447.8,24423.65,24443.65,0
2026-04-22 05:25:00+00:00,24443.2,24447.6,24436.9,24439.9,0
2026-04-22 05:30:00+00:00,24440.2,24441.2,24426.4,24439.35,0
2026-04-22 05:35:00+00:00,24439.05,24441.0,24423.9,24424.75,0
2026-04-22 05:40:00+00:00,24424.35,24432.2,24412.3,24428.15,0
2026-04-22 05:45:00+00:00,24427.95,24439.4,24424.25,24438.15,0
2026-04-22 05:50:00+00:00,24438.2,24446.8,24430.8,24446.35,0
2026-04-22 05:55:00+00:00,24445.9,24449.7,24434.4,24435.45,0
2026-04-22 06:00:00+00:00,24435.95,24448.7,24433.95,24441.8,0
2026-04-22 06:05:00+00:00,24441.7,24443.45,24429.9,24430.65,0
2026-04-22 06:10:00+00:00,24430.75,24437.35,24417.05,24417.2,0
2026-04-22 06:15:00+00:00,24416.8,24416.8,24390.55,24405.75,0
2026-04-22 06:20:00+00:00,24405.65,24416.05,24404.0,24414.65,0
2026-04-22 06:25:00+00:00,24414.75,24428.25,24413.2,24426.9,0
2026-04-22 06:30:00+00:00,24426.85,24436.35,24426.35,24434.0,0
2026-04-22 06:35:00+00:00,24434.15,24435.6,24422.8,24422.8,0
2026-04-22 06:40:00+00:00,24424.1,24427.45,24409.75,24419.15,0
2026-04-22 06:45:00+00:00,24418.65,24422.75,24408.75,24409.65,0
2026-04-22 06:50:00+00:00,24410.3,24415.75,24403.0,24405.85,0
2026-04-22 06:55:00+00:00,24405.55,24419.35,24400.15,24409.9,0
2026-04-22 07:00:00+00:00,24410.2,24422.15,24409.8,24418.8,0
2026-04-22 07:05:00+00:00,24418.7,24420.15,24395.5,24411.1,0
2026-04-22 07:10:00+00:00,24411.6,24419.75,24407.65,24418.45,0
2026-04-22 07:15:00+00:00,24419.2,24423.15,24403.55,24407.4,0
2026-04-22 07:20:00+00:00,24406.95,24424.3,24405.05,24419.7,0
2026-04-22 07:25:00+00:00,24418.2,24433.4,24418.2,24429.75,0
2026-04-22 07:30:00+00:00,24431.8,24434.6,24419.8,24430.0,0
2026-04-22 07:35:00+00:00,24430.1,24437.7,24429.7,24431.45,0
2026-04-22 07:40:00+00:00,24432.3,24433.45,24417.8,24431.25,0
2026-04-22 07:45:00+00:00,24429.75,24433.15,24412.4,24412.65,0
2026-04-22 07:50:00+00:00,24412.8,24416.05,24385.45,24392.6,0
2026-04-22 07:55:00+00:00,24393.9,24415.6,24390.75,24415.6,0
2026-04-22 08:00:00+00:00,24415.9,24427.85,24409.0,24422.95,0
2026-04-22 08:05:00+00:00,24422.35,24430.25,24415.4,24420.75,0
2026-04-22 08:10:00+00:00,24419.9,24433.55,24419.9,24431.9,0
2026-04-22 08:15:00+00:00,24431.5,24434.55,24427.9,24432.35,0
2026-04-22 08:20:00+00:00,24431.75,24434.8,24415.1,24423.15,0
2026-04-22 08:25:00+00:00,24424.75,24453.05,24421.65,24449.55,0
2026-04-22 08:30:00+00:00,24449.85,24458.25,24419.5,24420.4,0
2026-04-22 08:35:00+00:00,24421.15,24433.75,24421.15,24422.6,0
2026-04-22 08:40:00+00:00,24423.05,24423.6,24405.9,24415.0,0
2026-04-22 08:45:00+00:00,24416.45,24418.1,24390.7,24403.35,0
2026-04-22 08:50:00+00:00,24403.3,24415.55,24396.2,24410.1,0
2026-04-22 08:55:00+00:00,24409.55,24416.95,24402.8,24405.6,0
2026-04-22 09:00:00+00:00,24405.65,24415.35,24402.8,24412.1,0
2026-04-22 09:05:00+00:00,24411.8,24430.0,24410.0,24416.1,0
2026-04-22 09:10:00+00:00,24417.8,24419.8,24411.7,24413.15,0
2026-04-22 09:15:00+00:00,24412.75,24420.45,24409.45,24414.45,0
2026-04-22 09:20:00+00:00,24414.1,24422.35,24408.5,24421.3,0
2026-04-22 09:25:00+00:00,24421.15,24430.25,24420.35,24425.75,0
2026-04-22 09:30:00+00:00,24423.15,24423.15,24381.3,24385.1,0
2026-04-22 09:35:00+00:00,24385.4,24385.75,24374.15,24378.9,0
2026-04-22 09:40:00+00:00,24378.6,24385.05,24374.85,24382.4,0
2026-04-22 09:45:00+00:00,24382.05,24392.65,24377.0,24378.45,0
2026-04-22 09:50:00+00:00,24379.1,24381.4,24367.55,24369.5,0
2026-04-22 09:55:00+00:00,24368.7,24371.9,24356.7,24367.65,0
2026-04-23 03:45:00+00:00,24202.35,24242.5,24134.8,24201.35,0
2026-04-23 03:50:00+00:00,24202.45,24228.05,24191.2,24210.65,0
2026-04-23 03:55:00+00:00,24210.65,24232.25,24193.45,24230.5,0
2026-04-23 04:00:00+00:00,24230.5,24256.9,24200.4,24213.15,0
2026-04-23 04:05:00+00:00,24214.8,24222.3,24193.5,24213.45,0
2026-04-23 04:10:00+00:00,24214.45,24247.05,24203.6,24242.65,0
2026-04-23 04:15:00+00:00,24244.7,24276.15,24233.6,24271.65,0
2026-04-23 04:20:00+00:00,24271.2,24298.95,24270.6,24282.95,0
2026-04-23 04:25:00+00:00,24283.75,24295.35,24282.95,24287.5,0
2026-04-23 04:30:00+00:00,24288.0,24307.5,24266.05,24306.3,0
2026-04-23 04:35:00+00:00,24306.55,24310.2,24281.8,24285.9,0
2026-04-23 04:40:00+00:00,24286.65,24287.6,24266.95,24275.35,0
2026-04-23 04:45:00+00:00,24276.8,24287.65,24260.6,24287.0,0
2026-04-23 04:50:00+00:00,24287.9,24291.65,24265.7,24269.75,0
2026-04-23 04:55:00+00:00,24270.3,24278.3,24260.8,24261.3,0
2026-04-23 05:00:00+00:00,24263.5,24265.4,24239.55,24244.35,0
2026-04-23 05:05:00+00:00,24245.45,24250.0,24221.65,24226.75,0
2026-04-23 05:10:00+00:00,24227.8,24229.15,24217.65,24220.0,0
2026-04-23 05:15:00+00:00,24221.3,24222.7,24185.2,24205.65,0
2026-04-23 05:20:00+00:00,24207.7,24217.5,24190.6,24210.7,0
2026-04-23 05:25:00+00:00,24211.85,24222.1,24197.4,24215.35,0
2026-04-23 05:30:00+00:00,24216.0,24223.2,24211.55,24223.15,0
2026-04-23 05:35:00+00:00,24223.75,24225.65,24211.7,24212.7,0
2026-04-23 05:40:00+00:00,24214.55,24218.2,24191.1,24191.85,0
2026-04-23 05:45:00+00:00,24193.2,24210.35,24188.0,24191.2,0
2026-04-23 05:50:00+00:00,24191.85,24204.45,24188.9,24189.75,0
2026-04-23 05:55:00+00:00,24191.95,24199.4,24186.75,24197.75,0
2026-04-23 06:00:00+00:00,24198.15,24203.95,24191.45,24192.25,0
2026-04-23 06:05:00+00:00,24193.8,24196.55,24181.85,24194.55,0
2026-04-23 06:10:00+00:00,24196.0,24197.1,24177.65,24178.15,0
2026-04-23 06:15:00+00:00,24179.0,24195.55,24172.85,24192.3,0
2026-04-23 06:20:00+00:00,24193.2,24218.1,24187.9,24213.25,0
2026-04-23 06:25:00+00:00,24214.45,24215.8,24202.35,24206.1,0
2026-04-23 06:30:00+00:00,24208.05,24208.05,24197.1,24199.45,0
2026-04-23 06:35:00+00:00,24200.35,24215.2,24195.95,24209.4,0
2026-04-23 06:40:00+00:00,24209.7,24225.9,24206.15,24222.5,0
2026-04-23 06:45:00+00:00,24222.95,24225.5,24215.55,24215.55,0
2026-04-23 06:50:00+00:00,24217.45,24231.5,24215.1,24223.15,0
2026-04-23 06:55:00+00:00,24223.95,24223.95,24179.35,24180.1,0
2026-04-23 07:00:00+00:00,24182.6,24183.75,24167.15,24178.55,0
2026-04-23 07:05:00+00:00,24179.75,24194.8,24167.1,24192.45,0
2026-04-23 07:10:00+00:00,24193.6,24203.0,24190.1,24201.65,0
2026-04-23 07:15:00+00:00,24202.6,24204.05,24187.15,24195.15,0
2026-04-23 07:20:00+00:00,24196.5,24205.85,24186.5,24203.55,0
2026-04-23 07:25:00+00:00,24204.7,24217.05,24202.8,24214.7,0
2026-04-23 07:30:00+00:00,24215.85,24216.1,24205.35,24210.25,0
2026-04-23 07:35:00+00:00,24211.1,24217.7,24200.75,24215.9,0
2026-04-23 07:40:00+00:00,24216.3,24218.5,24208.6,24216.2,0
2026-04-23 07:45:00+00:00,24217.25,24243.5,24208.2,24243.15,0
2026-04-23 07:50:00+00:00,24244.0,24276.9,24244.0,24273.3,0
2026-04-23 07:55:00+00:00,24272.7,24281.1,24255.55,24271.45,0
2026-04-23 08:00:00+00:00,24271.75,24272.45,24248.5,24248.75,0
2026-04-23 08:05:00+00:00,24249.2,24249.2,24208.1,24215.8,0
2026-04-23 08:10:00+00:00,24216.75,24219.55,24204.3,24213.7,0
2026-04-23 08:15:00+00:00,24214.95,24221.9,24207.75,24216.75,0
2026-04-23 08:20:00+00:00,24217.85,24234.85,24217.85,24234.05,0
2026-04-23 08:25:00+00:00,24233.8,24252.75,24229.95,24241.5,0
2026-04-23 08:30:00+00:00,24242.1,24242.75,24224.55,24234.45,0
2026-04-23 08:35:00+00:00,24235.5,24235.5,24219.55,24219.9,0
2026-04-23 08:40:00+00:00,24219.85,24219.85,24207.65,24209.2,0
2026-04-23 08:45:00+00:00,24209.1,24221.4,24203.4,24203.55,0
2026-04-23 08:50:00+00:00,24204.0,24217.6,24189.4,24202.25,0
2026-04-23 08:55:00+00:00,24203.35,24203.95,24189.2,24189.45,0
2026-04-23 09:00:00+00:00,24190.95,24190.95,24174.05,24175.15,0
2026-04-23 09:05:00+00:00,24176.15,24182.1,24167.35,24175.35,0
2026-04-23 09:10:00+00:00,24176.4,24182.5,24160.65,24162.6,0
2026-04-23 09:15:00+00:00,24163.75,24194.05,24157.95,24179.15,0
2026-04-23 09:20:00+00:00,24178.6,24190.55,24173.35,24178.7,0
2026-04-23 09:25:00+00:00,24179.65,24184.8,24173.85,24180.85,0
2026-04-23 09:30:00+00:00,24181.8,24216.7,24181.8,24192.0,0
2026-04-23 09:35:00+00:00,24191.9,24202.4,24177.55,24186.65,0
2026-04-23 09:40:00+00:00,24186.4,24189.05,24159.0,24160.0,0
2026-04-23 09:45:00+00:00,24161.3,24171.3,24152.2,24159.7,0
2026-04-23 09:50:00+00:00,24159.5,24175.1,24156.4,24161.9,0
2026-04-23 09:55:00+00:00,24162.15,24169.2,24149.8,24156.05,0
2026-04-24 03:45:00+00:00,24100.55,24206.0,24100.25,24124.2,0
2026-04-24 03:50:00+00:00,24121.15,24121.75,24079.75,24091.1,0
2026-04-24 03:55:00+00:00,24091.3,24091.3,24056.6,24058.1,0
2026-04-24 04:00:00+00:00,24058.05,24061.6,24011.9,24017.65,0
2026-04-24 04:05:00+00:00,24017.3,24027.15,24001.1,24002.45,0
2026-04-24 04:10:00+00:00,24002.0,24006.4,23983.75,23984.25,0
2026-04-24 04:15:00+00:00,23985.4,23985.4,23957.0,23984.1,0
2026-04-24 04:20:00+00:00,23984.15,23987.15,23955.1,23959.1,0
2026-04-24 04:25:00+00:00,23957.4,23964.05,23944.1,23955.0,0
2026-04-24 04:30:00+00:00,23954.9,23995.4,23954.5,23990.4,0
2026-04-24 04:35:00+00:00,23990.4,24003.35,23986.35,23986.95,0
2026-04-24 04:40:00+00:00,23986.65,24000.9,23977.35,23992.85,0
2026-04-24 04:45:00+00:00,23992.25,23992.25,23969.1,23971.3,0
2026-04-24 04:50:00+00:00,23971.9,23974.7,23942.55,23943.9,0
2026-04-24 04:55:00+00:00,23943.95,23962.15,23937.25,23957.7,0
2026-04-24 05:00:00+00:00,23956.2,23971.2,23951.9,23965.4,0
2026-04-24 05:05:00+00:00,23965.25,23967.75,23945.75,23956.6,0
2026-04-24 05:10:00+00:00,23955.8,23959.7,23932.25,23933.65,0
2026-04-24 05:15:00+00:00,23933.4,23939.75,23914.9,23920.2,0
2026-04-24 05:20:00+00:00,23920.85,23944.0,23918.05,23942.05,0
2026-04-24 05:25:00+00:00,23943.35,23944.85,23923.95,23925.4,0
2026-04-24 05:30:00+00:00,23925.55,23928.2,23914.3,23924.4,0
2026-04-24 05:35:00+00:00,23925.1,23943.8,23920.9,23921.65,0
2026-04-24 05:40:00+00:00,23921.25,23926.15,23909.55,23916.2,0
2026-04-24 05:45:00+00:00,23915.1,23924.8,23903.25,23920.25,0
2026-04-24 05:50:00+00:00,23919.0,23938.5,23918.5,23928.65,0
2026-04-24 05:55:00+00:00,23928.6,23942.75,23926.4,23931.3,0
2026-04-24 06:00:00+00:00,23930.4,23949.3,23928.9,23939.7,0
2026-04-24 06:05:00+00:00,23938.8,23942.65,23925.35,23936.0,0
2026-04-24 06:10:00+00:00,23935.4,23937.6,23922.65,23927.05,0
2026-04-24 06:15:00+00:00,23926.3,23926.65,23905.7,23906.9,0
2026-04-24 06:20:00+00:00,23906.6,23907.6,23894.55,23899.2,0
2026-04-24 06:25:00+00:00,23899.05,23906.1,23893.4,23898.25,0
2026-04-24 06:30:00+00:00,23897.75,23908.0,23894.15,23906.75,0
2026-04-24 06:35:00+00:00,23905.9,23920.6,23903.65,23918.25,0
2026-04-24 06:40:00+00:00,23917.75,23933.05,23915.5,23930.65,0
2026-04-24 06:45:00+00:00,23930.8,23936.5,23922.8,23931.05,0
2026-04-24 06:50:00+00:00,23930.5,23932.8,23897.6,23897.6,0
2026-04-24 06:55:00+00:00,23897.7,23898.85,23878.8,23881.8,0
2026-04-24 07:00:00+00:00,23881.85,23906.9,23880.3,23906.4,0
2026-04-24 07:05:00+00:00,23905.85,23910.7,23888.7,23901.85,0
2026-04-24 07:10:00+00:00,23901.5,23906.35,23880.95,23882.1,0
2026-04-24 07:15:00+00:00,23881.1,23903.05,23881.1,23897.3,0
2026-04-24 07:20:00+00:00,23897.0,23910.65,23896.0,23905.6,0
2026-04-24 07:25:00+00:00,23905.3,23919.05,23900.7,23904.35,0
2026-04-24 07:30:00+00:00,23904.3,23905.5,23876.75,23876.85,0
2026-04-24 07:35:00+00:00,23876.25,23885.45,23873.45,23874.8,0
2026-04-24 07:40:00+00:00,23873.6,23875.5,23851.15,23865.5,0
2026-04-24 07:45:00+00:00,23865.6,23870.25,23855.9,23869.35,0
2026-04-24 07:50:00+00:00,23871.2,23877.6,23864.4,23868.25,0
2026-04-24 07:55:00+00:00,23868.25,23880.05,23865.75,23878.3,0
2026-04-24 08:00:00+00:00,23878.4,23878.55,23852.05,23855.55,0
2026-04-24 08:05:00+00:00,23854.65,23868.1,23835.85,23841.3,0
2026-04-24 08:10:00+00:00,23840.6,23845.8,23826.2,23830.4,0
2026-04-24 08:15:00+00:00,23829.6,23855.9,23829.6,23848.7,0
2026-04-24 08:20:00+00:00,23847.85,23858.55,23845.25,23854.55,0
2026-04-24 08:25:00+00:00,23854.0,23855.45,23838.3,23846.3,0
2026-04-24 08:30:00+00:00,23847.6,23849.95,23835.9,23838.75,0
2026-04-24 08:35:00+00:00,23840.25,23845.55,23813.65,23839.1,0
2026-04-24 08:40:00+00:00,23839.8,23847.6,23837.7,23841.65,0
2026-04-24 08:45:00+00:00,23841.45,23864.15,23840.15,23861.5,0
2026-04-24 08:50:00+00:00,23860.65,23878.6,23858.0,23863.05,0
2026-04-24 08:55:00+00:00,23863.15,23890.35,23858.75,23888.55,0
2026-04-24 09:00:00+00:00,23887.75,23915.25,23885.95,23906.85,0
2026-04-24 09:05:00+00:00,23907.3,23925.45,23907.3,23915.6,0
2026-04-24 09:10:00+00:00,23916.8,23926.9,23908.45,23926.0,0
2026-04-24 09:15:00+00:00,23925.45,23930.5,23915.05,23920.9,0
2026-04-24 09:20:00+00:00,23920.6,23930.15,23905.05,23916.0,0
2026-04-24 09:25:00+00:00,23916.3,23924.95,23911.1,23920.9,0
2026-04-24 09:30:00+00:00,23920.65,23920.65,23870.45,23871.2,0
2026-04-24 09:35:00+00:00,23871.35,23896.85,23863.3,23893.5,0
2026-04-24 09:40:00+00:00,23893.2,23896.65,23882.4,23895.45,0
2026-04-24 09:45:00+00:00,23895.25,23924.2,23894.5,23916.65,0
2026-04-24 09:50:00+00:00,23915.15,23917.05,23899.35,23910.9,0
2026-04-24 09:55:00+00:00,23910.2,23914.3,23900.7,23903.95,0
2026-04-27 03:45:00+00:00,23945.45,24049.55,23936.2,24020.35,0
2026-04-27 03:50:00+00:00,24020.4,24067.5,24020.4,24046.6,0
2026-04-27 03:55:00+00:00,24044.45,24062.8,24025.3,24042.0,0
2026-04-27 04:00:00+00:00,24045.05,24057.7,24003.6,24008.85,0
2026-04-27 04:05:00+00:00,24008.9,24033.25,23998.3,24007.2,0
2026-04-27 04:10:00+00:00,24006.85,24045.4,24006.85,24045.4,0
2026-04-27 04:15:00+00:00,24043.9,24085.15,24043.45,24082.15,0
2026-04-27 04:20:00+00:00,24082.25,24101.55,24075.45,24099.8,0
2026-04-27 04:25:00+00:00,24099.15,24107.6,24092.35,24099.05,0
2026-04-27 04:30:00+00:00,24098.75,24102.65,24079.6,24080.2,0
2026-04-27 04:35:00+00:00,24079.1,24091.15,24068.9,24081.1,0
2026-04-27 04:40:00+00:00,24080.95,24090.0,24061.7,24063.3,0
2026-04-27 04:45:00+00:00,24063.9,24103.15,24063.9,24097.45,0
2026-04-27 04:50:00+00:00,24097.45,24098.0,24063.75,24066.3,0
2026-04-27 04:55:00+00:00,24067.3,24071.35,24045.4,24058.3,0
2026-04-27 05:00:00+00:00,24058.1,24061.2,24013.0,24023.2,0
2026-04-27 05:05:00+00:00,24022.5,24032.6,24014.4,24017.25,0
2026-04-27 05:10:00+00:00,24016.25,24049.7,24014.05,24043.45,0
2026-04-27 05:15:00+00:00,24041.6,24068.35,24025.75,24067.6,0
2026-04-27 05:20:00+00:00,24067.7,24088.95,24066.0,24080.1,0
2026-04-27 05:25:00+00:00,24079.85,24082.45,24071.35,24072.2,0
2026-04-27 05:30:00+00:00,24071.95,24076.6,24054.75,24063.6,0
2026-04-27 05:35:00+00:00,24062.85,24066.9,24026.85,24030.55,0
2026-04-27 05:40:00+00:00,24030.25,24059.3,24029.65,24056.9,0
2026-04-27 05:45:00+00:00,24055.45,24077.5,24053.3,24071.6,0
2026-04-27 05:50:00+00:00,24071.15,24073.05,24056.3,24058.0,0
2026-04-27 05:55:00+00:00,24057.4,24057.6,24029.7,24030.95,0
2026-04-27 06:00:00+00:00,24031.65,24039.85,24005.85,24014.15,0
2026-04-27 06:05:00+00:00,24012.9,24012.9,23974.4,23990.35,0
2026-04-27 06:10:00+00:00,23990.0,24002.1,23987.15,23998.65,0
2026-04-27 06:15:00+00:00,23998.45,24024.3,23984.3,24022.25,0
2026-04-27 06:20:00+00:00,24023.45,24023.45,24002.55,24019.2,0
2026-04-27 06:25:00+00:00,24019.3,24039.9,24018.35,24037.2,0
2026-04-27 06:30:00+00:00,24036.2,24038.3,24022.8,24030.25,0
2026-04-27 06:35:00+00:00,24028.6,24045.15,24027.0,24033.3,0
2026-04-27 06:40:00+00:00,24034.55,24044.85,24032.55,24040.5,0
2026-04-27 06:45:00+00:00,24039.85,24048.1,24035.7,24044.75,0
2026-04-27 06:50:00+00:00,24044.25,24046.25,24031.2,24043.75,0
2026-04-27 06:55:00+00:00,24043.6,24066.1,24042.45,24059.0,0
2026-04-27 07:00:00+00:00,24057.75,24077.95,24056.95,24076.05,0
2026-04-27 07:05:00+00:00,24075.15,24092.85,24074.7,24078.65,0
2026-04-27 07:10:00+00:00,24077.9,24082.5,24071.1,24075.7,0
2026-04-27 07:15:00+00:00,24074.75,24078.65,24069.7,24072.7,0
2026-04-27 07:20:00+00:00,24072.75,24084.0,24065.45,24074.3,0
2026-04-27 07:25:00+00:00,24073.25,24077.7,24067.2,24071.5,0
2026-04-27 07:30:00+00:00,24071.7,24088.4,24071.7,24082.3,0
2026-04-27 07:35:00+00:00,24082.5,24091.95,24069.4,24090.95,0
2026-04-27 07:40:00+00:00,24090.0,24100.0,24079.9,24099.75,0
2026-04-27 07:45:00+00:00,24100.2,24116.6,24099.2,24104.65,0
2026-04-27 07:50:00+00:00,24102.0,24112.4,24093.3,24109.95,0
2026-04-27 07:55:00+00:00,24109.4,24120.55,24106.55,24107.5,0
2026-04-27 08:00:00+00:00,24107.8,24110.95,24099.4,24109.0,0
2026-04-27 08:05:00+00:00,24108.9,24118.25,24107.05,24112.1,0
2026-04-27 08:10:00+00:00,24111.55,24127.2,24110.9,24116.25,0
2026-04-27 08:15:00+00:00,24114.75,24129.55,24108.4,24109.7,0
2026-04-27 08:20:00+00:00,24109.35,24117.1,24102.45,24116.3,0
2026-04-27 08:25:00+00:00,24115.2,24119.55,24106.2,24114.25,0
2026-04-27 08:30:00+00:00,24113.35,24120.3,24106.4,24114.3,0
2026-04-27 08:35:00+00:00,24113.1,24119.8,24105.65,24109.8,0
2026-04-27 08:40:00+00:00,24109.85,24124.55,24109.1,24122.2,0
2026-04-27 08:45:00+00:00,24122.1,24124.0,24110.55,24119.65,0
2026-04-27 08:50:00+00:00,24118.7,24119.85,24108.15,24110.0,0
2026-04-27 08:55:00+00:00,24109.65,24112.8,24102.2,24111.2,0
2026-04-27 09:00:00+00:00,24109.9,24110.45,24080.45,24083.5,0
2026-04-27 09:05:00+00:00,24083.0,24107.45,24078.9,24096.65,0
2026-04-27 09:10:00+00:00,24097.15,24112.5,24091.75,24110.65,0
2026-04-27 09:15:00+00:00,24110.05,24111.5,24097.8,24107.75,0
2026-04-27 09:20:00+00:00,24105.6,24126.15,24103.3,24126.15,0
2026-04-27 09:25:00+00:00,24125.6,24130.7,24113.8,24121.95,0
2026-04-27 09:30:00+00:00,24118.2,24119.45,24093.35,24099.55,0
2026-04-27 09:35:00+00:00,24098.95,24100.25,24089.8,24093.7,0
2026-04-27 09:40:00+00:00,24093.05,24102.7,24088.95,24094.3,0
2026-04-27 09:45:00+00:00,24095.15,24096.5,24077.85,24079.8,0
2026-04-27 09:50:00+00:00,24081.5,24099.55,24079.65,24090.3,0
2026-04-27 09:55:00+00:00,24090.2,24112.75,24082.25,24110.2,0
2026-04-28 03:45:00+00:00,24049.9,24096.95,23999.25,24093.85,0
2026-04-28 03:50:00+00:00,24094.75,24109.95,24074.25,24086.7,0
2026-04-28 03:55:00+00:00,24086.8,24133.65,24086.8,24115.35,0
2026-04-28 04:00:00+00:00,24116.2,24120.05,24100.2,24105.95,0
2026-04-28 04:05:00+00:00,24107.0,24112.8,24090.4,24101.9,0
2026-04-28 04:10:00+00:00,24103.2,24133.75,24101.55,24128.3,0
2026-04-28 04:15:00+00:00,24130.8,24149.85,24120.55,24120.8,0
2026-04-28 04:20:00+00:00,24121.7,24128.5,24112.95,24123.35,0
2026-04-28 04:25:00+00:00,24124.7,24156.6,24124.4,24155.3,0
2026-04-28 04:30:00+00:00,24154.35,24168.55,24153.75,24155.2,0
2026-04-28 04:35:00+00:00,24155.5,24166.35,24145.4,24160.55,0
2026-04-28 04:40:00+00:00,24161.15,24162.2,24145.05,24148.3,0
2026-04-28 04:45:00+00:00,24148.4,24162.1,24144.5,24157.4,0
2026-04-28 04:50:00+00:00,24158.5,24175.05,24154.8,24170.6,0
2026-04-28 04:55:00+00:00,24170.8,24181.8,24164.45,24166.8,0
2026-04-28 05:00:00+00:00,24168.2,24171.95,24150.3,24152.0,0
2026-04-28 05:05:00+00:00,24152.8,24153.35,24134.0,24139.8,0
2026-04-28 05:10:00+00:00,24139.95,24140.4,24124.25,24134.85,0
2026-04-28 05:15:00+00:00,24135.6,24154.6,24134.35,24150.3,0
2026-04-28 05:20:00+00:00,24151.9,24165.95,24150.45,24162.2,0
2026-04-28 05:25:00+00:00,24163.5,24174.65,24162.45,24167.8,0
2026-04-28 05:30:00+00:00,24169.85,24169.85,24153.25,24161.35,0
2026-04-28 05:35:00+00:00,24162.15,24163.1,24137.5,24144.95,0
2026-04-28 05:40:00+00:00,24145.9,24149.1,24132.6,24148.0,0
2026-04-28 05:45:00+00:00,24148.15,24148.95,24124.35,24127.0,0
2026-04-28 05:50:00+00:00,24129.0,24137.55,24109.95,24111.65,0
2026-04-28 05:55:00+00:00,24112.15,24112.25,24057.9,24058.0,0
2026-04-28 06:00:00+00:00,24057.85,24065.7,24045.35,24059.25,0
2026-04-28 06:05:00+00:00,24060.6,24083.95,24058.45,24082.0,0
2026-04-28 06:10:00+00:00,24082.3,24086.75,24073.3,24085.4,0
2026-04-28 06:15:00+00:00,24086.45,24093.8,24078.05,24085.95,0
2026-04-28 06:20:00+00:00,24086.55,24088.5,24072.2,24074.6,0
2026-04-28 06:25:00+00:00,24075.3,24077.35,24055.6,24056.0,0
2026-04-28 06:30:00+00:00,24058.1,24058.6,24034.3,24039.5,0
2026-04-28 06:35:00+00:00,24038.95,24041.75,24029.3,24035.35,0
2026-04-28 06:40:00+00:00,24033.6,24050.9,24033.6,24048.25,0
2026-04-28 06:45:00+00:00,24046.85,24057.45,24035.0,24036.0,0
2026-04-28 06:50:00+00:00,24036.0,24040.15,24003.85,24017.45,0
2026-04-28 06:55:00+00:00,24015.85,24030.05,24008.7,24012.45,0
2026-04-28 07:00:00+00:00,24011.9,24013.0,23992.3,24004.25,0
2026-04-28 07:05:00+00:00,24006.1,24020.15,24004.25,24007.85,0
2026-04-28 07:10:00+00:00,24009.35,24031.0,24007.15,24029.85,0
2026-04-28 07:15:00+00:00,24030.8,24038.5,24021.4,24031.45,0
2026-04-28 07:20:00+00:00,24033.1,24040.45,24022.0,24022.55,0
2026-04-28 07:25:00+00:00,24023.05,24029.55,24006.0,24007.35,0
2026-04-28 07:30:00+00:00,24007.9,24029.95,23999.7,24018.2,0
2026-04-28 07:35:00+00:00,24018.45,24033.65,24015.05,24030.55,0
2026-04-28 07:40:00+00:00,24030.75,24034.0,24017.6,24017.6,0
2026-04-28 07:45:00+00:00,24018.7,24037.85,24018.05,24033.95,0
2026-04-28 07:50:00+00:00,24035.35,24043.5,24023.2,24041.5,0
2026-04-28 07:55:00+00:00,24042.5,24049.0,24019.45,24019.45,0
2026-04-28 08:00:00+00:00,24021.05,24022.05,23995.7,23998.9,0
2026-04-28 08:05:00+00:00,23999.65,24001.4,23961.25,23992.55,0
2026-04-28 08:10:00+00:00,23993.3,24014.9,23990.3,24002.65,0
2026-04-28 08:15:00+00:00,24003.05,24005.0,23988.8,23988.8,0
2026-04-28 08:20:00+00:00,23989.55,24016.35,23985.75,24010.45,0
2026-04-28 08:25:00+00:00,24011.05,24029.85,23995.3,24010.55,0
2026-04-28 08:30:00+00:00,24011.6,24011.75,23999.75,24004.2,0
2026-04-28 08:35:00+00:00,24004.7,24008.1,23995.85,24007.3,0
2026-04-28 08:40:00+00:00,24007.7,24007.7,23981.95,23981.95,0
2026-04-28 08:45:00+00:00,23983.2,23998.55,23972.95,23993.35,0
2026-04-28 08:50:00+00:00,23994.15,24013.45,23988.6,24004.75,0
2026-04-28 08:55:00+00:00,24005.4,24012.1,23990.75,23997.4,0
2026-04-28 09:00:00+00:00,23998.95,24036.6,23998.45,24008.85,0
2026-04-28 09:05:00+00:00,24010.3,24031.0,24008.2,24023.6,0
2026-04-28 09:10:00+00:00,24024.85,24032.9,24012.1,24032.2,0
2026-04-28 09:15:00+00:00,24032.0,24041.6,24019.1,24037.05,0
2026-04-28 09:20:00+00:00,24038.75,24045.75,24030.25,24044.35,0
2026-04-28 09:25:00+00:00,24045.65,24046.45,24028.85,24039.15,0
2026-04-28 09:30:00+00:00,24039.85,24042.45,23988.4,24002.15,0
2026-04-28 09:35:00+00:00,24002.7,24014.55,23979.4,23979.55,0
2026-04-28 09:40:00+00:00,23980.4,23981.35,23968.65,23972.45,0
2026-04-28 09:45:00+00:00,23972.75,23974.65,23957.05,23968.45,0
2026-04-28 09:50:00+00:00,23969.25,23981.05,23963.55,23981.05,0
2026-04-28 09:55:00+00:00,23982.45,24016.5,23980.8,24016.5,0
2026-04-29 03:45:00+00:00,24096.9,24123.55,24070.35,24090.8,0
2026-04-29 03:50:00+00:00,24091.0,24120.4,24059.95,24077.9,0
2026-04-29 03:55:00+00:00,24079.65,24114.15,24066.95,24111.55,0
2026-04-29 04:00:00+00:00,24110.45,24126.95,24087.35,24092.35,0
2026-04-29 04:05:00+00:00,24093.15,24111.1,24087.55,24105.05,0
2026-04-29 04:10:00+00:00,24106.95,24144.45,24102.8,24141.35,0
2026-04-29 04:15:00+00:00,24142.65,24164.95,24141.8,24164.8,0
2026-04-29 04:20:00+00:00,24165.9,24177.9,24158.4,24173.95,0
2026-04-29 04:25:00+00:00,24176.2,24180.5,24165.9,24173.2,0
2026-04-29 04:30:00+00:00,24174.6,24211.5,24174.6,24201.3,0
2026-04-29 04:35:00+00:00,24202.7,24217.55,24196.65,24211.75,0
2026-04-29 04:40:00+00:00,24212.7,24236.8,24210.5,24233.8,0
2026-04-29 04:45:00+00:00,24235.2,24252.95,24234.65,24243.1,0
2026-04-29 04:50:00+00:00,24246.1,24273.65,24243.3,24270.45,0
2026-04-29 04:55:00+00:00,24270.65,24296.3,24264.3,24290.15,0
2026-04-29 05:00:00+00:00,24290.4,24290.95,24264.05,24283.2,0
2026-04-29 05:05:00+00:00,24285.0,24291.7,24268.7,24268.7,0
2026-04-29 05:10:00+00:00,24271.1,24274.55,24263.1,24267.45,0
2026-04-29 05:15:00+00:00,24268.4,24272.8,24254.8,24271.65,0
2026-04-29 05:20:00+00:00,24272.6,24290.05,24270.55,24285.05,0
2026-04-29 05:25:00+00:00,24286.6,24290.65,24280.9,24287.1,0
2026-04-29 05:30:00+00:00,24288.25,24298.95,24276.45,24277.05,0
2026-04-29 05:35:00+00:00,24277.45,24294.75,24273.1,24292.6,0
2026-04-29 05:40:00+00:00,24294.0,24294.6,24282.1,24288.15,0
2026-04-29 05:45:00+00:00,24289.9,24295.35,24268.3,24276.1,0
2026-04-29 05:50:00+00:00,24277.5,24294.5,24273.75,24277.35,0
2026-04-29 05:55:00+00:00,24278.1,24283.7,24260.0,24263.25,0
2026-04-29 06:00:00+00:00,24266.1,24282.35,24263.5,24278.15,0
2026-04-29 06:05:00+00:00,24278.8,24281.7,24272.3,24276.6,0
2026-04-29 06:10:00+00:00,24278.2,24286.4,24270.75,24271.85,0
2026-04-29 06:15:00+00:00,24273.3,24275.75,24263.65,24267.05,0
2026-04-29 06:20:00+00:00,24269.6,24277.85,24265.9,24271.05,0
2026-04-29 06:25:00+00:00,24272.45,24277.85,24267.25,24276.95,0
2026-04-29 06:30:00+00:00,24278.2,24283.65,24272.7,24273.05,0
2026-04-29 06:35:00+00:00,24274.45,24284.25,24267.55,24283.0,0
2026-04-29 06:40:00+00:00,24284.6,24311.9,24283.45,24293.15,0
2026-04-29 06:45:00+00:00,24295.1,24304.95,24293.2,24301.55,0
2026-04-29 06:50:00+00:00,24302.85,24311.05,24294.2,24310.45,0
2026-04-29 06:55:00+00:00,24311.45,24317.1,24304.8,24307.1,0
2026-04-29 07:00:00+00:00,24309.35,24327.3,24305.5,24324.7,0
2026-04-29 07:05:00+00:00,24325.9,24331.4,24322.55,24328.6,0
2026-04-29 07:10:00+00:00,24330.3,24331.8,24314.55,24321.6,0
2026-04-29 07:15:00+00:00,24323.15,24327.1,24316.65,24321.3,0
2026-04-29 07:20:00+00:00,24323.55,24329.7,24315.45,24321.3,0
2026-04-29 07:25:00+00:00,24322.4,24325.7,24314.6,24316.85,0
2026-04-29 07:30:00+00:00,24318.95,24321.5,24311.5,24317.4,0
2026-04-29 07:35:00+00:00,24316.55,24334.7,24314.75,24319.2,0
2026-04-29 07:40:00+00:00,24320.9,24332.5,24313.8,24318.2,0
2026-04-29 07:45:00+00:00,24319.7,24322.85,24311.65,24320.85,0
2026-04-29 07:50:00+00:00,24322.8,24325.85,24306.25,24310.2,0
2026-04-29 07:55:00+00:00,24311.5,24320.45,24304.6,24305.2,0
2026-04-29 08:00:00+00:00,24307.25,24317.0,24305.75,24313.1,0
2026-04-29 08:05:00+00:00,24314.35,24316.75,24281.95,24285.0,0
2026-04-29 08:10:00+00:00,24286.3,24286.3,24267.5,24272.55,0
2026-04-29 08:15:00+00:00,24273.65,24273.9,24255.6,24266.05,0
2026-04-29 08:20:00+00:00,24268.75,24283.3,24263.15,24269.85,0
2026-04-29 08:25:00+00:00,24271.4,24280.0,24254.95,24254.95,0
2026-04-29 08:30:00+00:00,24256.2,24259.85,24200.75,24202.45,0
2026-04-29 08:35:00+00:00,24205.5,24225.25,24200.85,24207.2,0
2026-04-29 08:40:00+00:00,24208.45,24217.35,24197.45,24214.6,0
2026-04-29 08:45:00+00:00,24215.6,24215.6,24189.3,24189.3,0
2026-04-29 08:50:00+00:00,24190.65,24217.5,24184.95,24214.45,0
2026-04-29 08:55:00+00:00,24216.35,24216.35,24185.95,24186.7,0
2026-04-29 09:00:00+00:00,24188.45,24211.25,24182.1,24207.75,0
2026-04-29 09:05:00+00:00,24209.25,24209.25,24193.1,24205.05,0
2026-04-29 09:10:00+00:00,24206.4,24229.25,24204.35,24229.15,0
2026-04-29 09:15:00+00:00,24230.7,24230.7,24200.75,24206.0,0
2026-04-29 09:20:00+00:00,24208.0,24211.55,24197.0,24206.1,0
2026-04-29 09:25:00+00:00,24208.15,24208.35,24183.9,24185.45,0
2026-04-29 09:30:00+00:00,24187.35,24209.8,24184.3,24189.5,0
2026-04-29 09:35:00+00:00,24189.7,24199.55,24186.75,24192.45,0
2026-04-29 09:40:00+00:00,24193.0,24193.0,24168.65,24170.15,0
2026-04-29 09:45:00+00:00,24170.0,24171.4,24155.7,24158.1,0
2026-04-29 09:50:00+00:00,24157.3,24164.45,24152.2,24160.8,0
2026-04-29 09:55:00+00:00,24157.65,24169.45,24142.95,24163.6,0
2026-04-30 03:45:00+00:00,23996.95,24019.15,23940.95,23945.25,0
2026-04-30 03:50:00+00:00,23945.8,23951.25,23882.7,23900.8,0
2026-04-30 03:55:00+00:00,23900.15,23904.7,23872.75,23876.95,0
2026-04-30 04:00:00+00:00,23874.1,23919.1,23864.55,23918.75,0
2026-04-30 04:05:00+00:00,23917.55,23923.8,23896.25,23908.95,0
2026-04-30 04:10:00+00:00,23908.5,23939.6,23891.6,23937.8,0
2026-04-30 04:15:00+00:00,23938.3,23956.45,23917.0,23920.55,0
2026-04-30 04:20:00+00:00,23920.25,23924.4,23901.8,23905.15,0
2026-04-30 04:25:00+00:00,23903.9,23907.7,23875.35,23880.2,0
2026-04-30 04:30:00+00:00,23880.0,23880.0,23847.6,23849.6,0
2026-04-30 04:35:00+00:00,23848.75,23865.65,23832.15,23842.15,0
2026-04-30 04:40:00+00:00,23841.45,23843.15,23824.1,23828.6,0
2026-04-30 04:45:00+00:00,23828.7,23841.8,23800.65,23838.45,0
2026-04-30 04:50:00+00:00,23837.95,23845.75,23811.6,23821.05,0
2026-04-30 04:55:00+00:00,23821.35,23831.65,23814.65,23827.6,0
2026-04-30 05:00:00+00:00,23827.1,23838.95,23821.35,23834.95,0
2026-04-30 05:05:00+00:00,23835.5,23854.9,23829.85,23851.75,0
2026-04-30 05:10:00+00:00,23851.85,23857.3,23827.55,23843.7,0
2026-04-30 05:15:00+00:00,23842.5,23844.3,23817.5,23818.6,0
2026-04-30 05:20:00+00:00,23819.1,23824.7,23807.05,23811.7,0
2026-04-30 05:25:00+00:00,23811.25,23820.45,23799.05,23815.85,0
2026-04-30 05:30:00+00:00,23816.4,23825.9,23810.3,23815.2,0
2026-04-30 05:35:00+00:00,23814.95,23833.1,23810.15,23826.2,0
2026-04-30 05:40:00+00:00,23826.2,23827.75,23798.5,23799.9,0
2026-04-30 05:45:00+00:00,23800.9,23819.85,23796.85,23808.65,0
2026-04-30 05:50:00+00:00,23807.2,23811.75,23800.1,23807.7,0
2026-04-30 05:55:00+00:00,23807.7,23835.15,23806.4,23831.65,0
2026-04-30 06:00:00+00:00,23831.1,23839.8,23821.7,23838.05,0
2026-04-30 06:05:00+00:00,23838.45,23853.15,23832.85,23846.4,0
2026-04-30 06:10:00+00:00,23846.5,23849.25,23834.55,23835.65,0
2026-04-30 06:15:00+00:00,23835.05,23848.55,23833.3,23846.8,0
2026-04-30 06:20:00+00:00,23846.0,23848.95,23826.3,23834.45,0
2026-04-30 06:25:00+00:00,23834.6,23848.7,23831.4,23842.55,0
2026-04-30 06:30:00+00:00,23842.45,23848.1,23830.35,23843.5,0
2026-04-30 06:35:00+00:00,23842.45,23877.95,23841.2,23868.3,0
2026-04-30 06:40:00+00:00,23868.45,23899.75,23861.45,23899.75,0
2026-04-30 06:45:00+00:00,23899.05,23905.75,23882.15,23882.15,0
2026-04-30 06:50:00+00:00,23881.05,23914.5,23873.3,23911.6,0
2026-04-30 06:55:00+00:00,23910.8,23919.6,23902.0,23911.45,0
2026-04-30 07:00:00+00:00,23912.0,23918.2,23894.0,23915.05,0
2026-04-30 07:05:00+00:00,23914.6,23918.35,23892.25,23904.95,0
2026-04-30 07:10:00+00:00,23903.65,23916.35,23901.25,23912.95,0
2026-04-30 07:15:00+00:00,23912.65,23934.15,23912.55,23926.8,0
2026-04-30 07:20:00+00:00,23925.85,23932.1,23917.15,23932.1,0
2026-04-30 07:25:00+00:00,23931.05,23943.45,23926.65,23936.85,0
2026-04-30 07:30:00+00:00,23935.75,23943.6,23926.15,23927.75,0
2026-04-30 07:35:00+00:00,23926.65,23941.35,23908.05,23940.45,0
2026-04-30 07:40:00+00:00,23940.3,23956.3,23933.85,23950.15,0
2026-04-30 07:45:00+00:00,23948.85,23953.7,23938.35,23940.1,0
2026-04-30 07:50:00+00:00,23938.95,23978.15,23938.75,23968.0,0
2026-04-30 07:55:00+00:00,23967.5,23982.45,23955.45,23971.15,0
2026-04-30 08:00:00+00:00,23970.55,23981.75,23962.6,23973.85,0
2026-04-30 08:05:00+00:00,23975.4,23998.45,23974.05,23977.8,0
2026-04-30 08:10:00+00:00,23977.8,24031.7,23977.05,24029.8,0
2026-04-30 08:15:00+00:00,24029.05,24044.45,24022.85,24039.2,0
2026-04-30 08:20:00+00:00,24039.1,24040.6,24011.6,24033.95,0
2026-04-30 08:25:00+00:00,24033.6,24061.1,24033.6,24055.05,0
2026-04-30 08:30:00+00:00,24054.9,24057.6,24036.0,24038.2,0
2026-04-30 08:35:00+00:00,24037.85,24044.9,24015.5,24043.9,0
2026-04-30 08:40:00+00:00,24042.7,24047.7,24019.85,24022.85,0
2026-04-30 08:45:00+00:00,24021.5,24032.8,23995.3,23997.0,0
2026-04-30 08:50:00+00:00,23996.2,24018.85,23989.3,24011.9,0
2026-04-30 08:55:00+00:00,24011.85,24016.35,23984.45,24007.15,0
2026-04-30 09:00:00+00:00,24006.15,24035.9,24004.8,24034.6,0
2026-04-30 09:05:00+00:00,24034.25,24063.4,24031.2,24062.25,0
2026-04-30 09:10:00+00:00,24062.75,24087.45,24054.35,24075.1,0
2026-04-30 09:15:00+00:00,24074.75,24081.25,24036.75,24036.75,0
2026-04-30 09:20:00+00:00,24037.3,24040.1,24013.0,24024.8,0
2026-04-30 09:25:00+00:00,24024.6,24054.6,24021.8,24050.2,0
2026-04-30 09:30:00+00:00,24051.95,24051.95,23996.45,24001.65,0
2026-04-30 09:35:00+00:00,24001.9,24003.2,23966.15,23970.95,0
2026-04-30 09:40:00+00:00,23973.1,23991.3,23962.95,23991.3,0
2026-04-30 09:45:00+00:00,23992.1,24009.2,23984.65,24004.1,0
2026-04-30 09:50:00+00:00,24004.1,24010.05,23986.6,24010.0,0
2026-04-30 09:55:00+00:00,24011.15,24051.8,24005.15,24043.7,0
2026-05-04 03:45:00+00:00,24063.55,24245.85,24061.85,24177.05,0
2026-05-04 03:50:00+00:00,24178.9,24214.7,24164.1,24179.65,0
2026-05-04 03:55:00+00:00,24181.85,24220.4,24181.85,24214.55,0
2026-05-04 04:00:00+00:00,24215.6,24235.0,24181.05,24229.5,0
2026-05-04 04:05:00+00:00,24229.2,24269.45,24229.2,24261.0,0
2026-05-04 04:10:00+00:00,24262.05,24290.2,24259.95,24276.65,0
2026-05-04 04:15:00+00:00,24279.25,24283.8,24265.95,24269.35,0
2026-05-04 04:20:00+00:00,24270.15,24272.6,24225.25,24232.15,0
2026-05-04 04:25:00+00:00,24234.15,24248.1,24229.55,24246.2,0
2026-05-04 04:30:00+00:00,24247.25,24259.75,24215.05,24223.95,0
2026-05-04 04:35:00+00:00,24224.0,24246.25,24221.9,24223.6,0
2026-05-04 04:40:00+00:00,24224.55,24230.05,24172.45,24175.2,0
2026-05-04 04:45:00+00:00,24175.3,24190.4,24164.65,24174.7,0
2026-05-04 04:50:00+00:00,24172.6,24180.85,24142.8,24151.4,0
2026-05-04 04:55:00+00:00,24151.4,24196.85,24150.2,24196.65,0
2026-05-04 05:00:00+00:00,24197.5,24223.35,24172.2,24186.7,0
2026-05-04 05:05:00+00:00,24186.8,24217.35,24184.2,24213.5,0
2026-05-04 05:10:00+00:00,24213.65,24222.2,24206.65,24219.15,0
2026-05-04 05:15:00+00:00,24219.3,24240.65,24213.45,24232.35,0
2026-05-04 05:20:00+00:00,24231.9,24237.1,24215.45,24220.3,0
2026-05-04 05:25:00+00:00,24220.05,24221.65,24186.2,24187.25,0
2026-05-04 05:30:00+00:00,24188.3,24205.9,24175.65,24202.65,0
2026-05-04 05:35:00+00:00,24203.2,24216.1,24194.35,24206.55,0
2026-05-04 05:40:00+00:00,24207.05,24227.8,24204.65,24227.25,0
2026-05-04 05:45:00+00:00,24227.5,24242.25,24226.45,24229.85,0
2026-05-04 05:50:00+00:00,24230.2,24238.6,24224.8,24233.2,0
2026-05-04 05:55:00+00:00,24233.4,24239.05,24224.1,24237.4,0
2026-05-04 06:00:00+00:00,24237.3,24241.2,24225.05,24231.0,0
2026-05-04 06:05:00+00:00,24231.0,24242.8,24218.55,24237.7,0
2026-05-04 06:10:00+00:00,24237.95,24238.4,24221.75,24228.45,0
2026-05-04 06:15:00+00:00,24229.0,24249.15,24229.0,24239.25,0
2026-05-04 06:20:00+00:00,24239.35,24244.05,24220.65,24223.3,0
2026-05-04 06:25:00+00:00,24224.9,24227.45,24212.9,24221.05,0
2026-05-04 06:30:00+00:00,24222.5,24229.9,24210.3,24213.15,0
2026-05-04 06:35:00+00:00,24212.45,24219.45,24190.85,24199.6,0
2026-05-04 06:40:00+00:00,24200.0,24200.95,24115.8,24117.0,0
2026-05-04 06:45:00+00:00,24117.35,24144.7,24106.5,24144.1,0
2026-05-04 06:50:00+00:00,24144.35,24154.1,24121.8,24135.75,0
2026-05-04 06:55:00+00:00,24136.1,24145.65,24127.2,24132.8,0
2026-05-04 07:00:00+00:00,24132.65,24134.65,24106.95,24107.95,0
2026-05-04 07:05:00+00:00,24108.65,24127.15,24106.05,24125.4,0
2026-05-04 07:10:00+00:00,24126.15,24133.55,24098.55,24100.55,0
2026-05-04 07:15:00+00:00,24100.95,24119.05,24083.6,24092.85,0
2026-05-04 07:20:00+00:00,24094.05,24118.65,24092.0,24108.25,0
2026-05-04 07:25:00+00:00,24108.7,24118.85,24101.55,24103.8,0
2026-05-04 07:30:00+00:00,24104.2,24106.35,24090.55,24101.75,0
2026-05-04 07:35:00+00:00,24101.55,24114.4,24096.85,24113.9,0
2026-05-04 07:40:00+00:00,24113.8,24121.35,24107.15,24109.1,0
2026-05-04 07:45:00+00:00,24109.05,24111.75,24079.45,24101.45,0
2026-05-04 07:50:00+00:00,24100.85,24102.6,24058.8,24070.75,0
2026-05-04 07:55:00+00:00,24070.75,24085.85,24024.7,24025.25,0
2026-05-04 08:00:00+00:00,24023.35,24038.75,24004.75,24019.8,0
2026-05-04 08:05:00+00:00,24019.0,24039.7,24007.55,24039.15,0
2026-05-04 08:10:00+00:00,24038.65,24090.65,24038.65,24086.8,0
2026-05-04 08:15:00+00:00,24087.0,24099.4,24080.4,24094.95,0
2026-05-04 08:20:00+00:00,24095.0,24108.9,24081.45,24086.0,0
2026-05-04 08:25:00+00:00,24086.45,24089.85,24050.4,24072.25,0
2026-05-04 08:30:00+00:00,24072.25,24080.3,24053.8,24068.85,0
2026-05-04 08:35:00+00:00,24069.15,24077.5,24060.05,24073.45,0
2026-05-04 08:40:00+00:00,24075.1,24111.6,24075.1,24103.75,0
2026-05-04 08:45:00+00:00,24105.0,24147.95,24102.7,24139.0,0
2026-05-04 08:50:00+00:00,24138.75,24149.7,24121.05,24126.55,0
2026-05-04 08:55:00+00:00,24126.0,24134.35,24113.25,24122.7,0
2026-05-04 09:00:00+00:00,24123.75,24131.95,24103.8,24112.15,0
2026-05-04 09:05:00+00:00,24110.9,24119.4,24101.65,24111.6,0
2026-05-04 09:10:00+00:00,24111.3,24113.6,24072.15,24096.0,0
2026-05-04 09:15:00+00:00,24096.15,24097.8,24072.15,24077.7,0
2026-05-04 09:20:00+00:00,24078.35,24099.55,24071.0,24096.7,0
2026-05-04 09:25:00+00:00,24098.05,24111.5,24078.4,24089.25,0
2026-05-04 09:30:00+00:00,24091.0,24106.35,24074.95,24098.0,0
2026-05-04 09:35:00+00:00,24100.6,24124.2,24096.25,24117.25,0
2026-05-04 09:40:00+00:00,24118.8,24135.05,24108.35,24123.25,0
2026-05-04 09:45:00+00:00,24125.05,24135.45,24115.0,24125.45,0
2026-05-04 09:50:00+00:00,24127.45,24134.6,24110.7,24111.7,0
2026-05-04 09:55:00+00:00,24116.85,24128.7,24110.2,24123.8,0
2026-05-05 03:45:00+00:00,24052.6,24072.1,23949.4,24064.2,0
2026-05-05 03:50:00+00:00,24062.05,24067.8,24024.15,24026.55,0
2026-05-05 03:55:00+00:00,24027.9,24031.6,23977.65,23992.05,0
2026-05-05 04:00:00+00:00,23990.6,24043.6,23988.1,24042.75,0
2026-05-05 04:05:00+00:00,24042.05,24060.55,24020.6,24022.15,0
2026-05-05 04:10:00+00:00,24022.0,24027.8,24000.9,24013.75,0
2026-05-05 04:15:00+00:00,24013.55,24041.55,24005.85,24036.05,0
2026-05-05 04:20:00+00:00,24036.55,24055.45,24023.75,24047.9,0
2026-05-05 04:25:00+00:00,24047.2,24054.85,24032.3,24043.05,0
2026-05-05 04:30:00+00:00,24042.55,24053.9,24001.75,24012.45,0
2026-05-05 04:35:00+00:00,24011.45,24015.0,23987.15,23994.6,0
2026-05-05 04:40:00+00:00,23994.6,24002.95,23978.5,23986.0,0
2026-05-05 04:45:00+00:00,23986.1,23987.25,23970.1,23986.95,0
2026-05-05 04:50:00+00:00,23987.3,23994.45,23967.15,23979.05,0
2026-05-05 04:55:00+00:00,23978.5,23980.3,23944.65,23954.4,0
2026-05-05 05:00:00+00:00,23952.2,23966.8,23938.1,23941.35,0
2026-05-05 05:05:00+00:00,23941.4,23947.45,23922.9,23941.35,0
2026-05-05 05:10:00+00:00,23941.2,23947.25,23932.0,23937.95,0
2026-05-05 05:15:00+00:00,23937.25,23950.3,23935.5,23947.0,0
2026-05-05 05:20:00+00:00,23946.0,23949.75,23920.1,23928.7,0
2026-05-05 05:25:00+00:00,23929.7,23930.8,23914.35,23925.95,0
2026-05-05 05:30:00+00:00,23925.15,23952.75,23913.55,23951.9,0
2026-05-05 05:35:00+00:00,23949.2,23950.85,23921.45,23926.8,0
2026-05-05 05:40:00+00:00,23927.45,23949.55,23926.15,23939.0,0
2026-05-05 05:45:00+00:00,23937.8,23961.55,23934.2,23935.05,0
2026-05-05 05:50:00+00:00,23934.25,23938.6,23924.35,23931.95,0
2026-05-05 05:55:00+00:00,23932.0,23940.15,23929.45,23935.15,0
2026-05-05 06:00:00+00:00,23935.3,23958.95,23933.75,23950.85,0
2026-05-05 06:05:00+00:00,23950.25,23966.75,23938.45,23939.95,0
2026-05-05 06:10:00+00:00,23940.25,23941.0,23916.05,23916.05,0
2026-05-05 06:15:00+00:00,23915.4,23919.2,23891.15,23904.4,0
2026-05-05 06:20:00+00:00,23902.7,23916.6,23886.2,23891.6,0
2026-05-05 06:25:00+00:00,23890.45,23899.25,23882.05,23888.95,0
2026-05-05 06:30:00+00:00,23888.15,23905.55,23888.15,23899.55,0
2026-05-05 06:35:00+00:00,23900.3,23926.25,23899.45,23919.6,0
2026-05-05 06:40:00+00:00,23919.0,23949.3,23919.0,23946.45,0
2026-05-05 06:45:00+00:00,23945.95,23956.5,23943.6,23954.75,0
2026-05-05 06:50:00+00:00,23954.6,23977.95,23950.15,23967.25,0
2026-05-05 06:55:00+00:00,23967.8,23974.25,23940.85,23943.2,0
2026-05-05 07:00:00+00:00,23943.9,23958.7,23933.8,23955.4,0
2026-05-05 07:05:00+00:00,23954.5,23973.2,23949.4,23961.95,0
2026-05-05 07:10:00+00:00,23962.5,23974.45,23951.25,23952.85,0
2026-05-05 07:15:00+00:00,23952.55,23983.7,23952.55,23978.1,0
2026-05-05 07:20:00+00:00,23977.6,23996.55,23977.6,23983.15,0
2026-05-05 07:25:00+00:00,23983.6,24014.25,23978.6,24011.9,0
2026-05-05 07:30:00+00:00,24012.6,24025.85,24010.65,24019.8,0
2026-05-05 07:35:00+00:00,24018.95,24075.45,24014.8,24065.8,0
2026-05-05 07:40:00+00:00,24066.35,24080.75,24052.45,24068.8,0
2026-05-05 07:45:00+00:00,24067.35,24081.7,24037.0,24040.4,0
2026-05-05 07:50:00+00:00,24041.7,24059.45,24031.95,24041.4,0
2026-05-05 07:55:00+00:00,24039.75,24048.4,24030.6,24039.95,0
2026-05-05 08:00:00+00:00,24041.4,24041.6,24016.65,24024.65,0
2026-05-05 08:05:00+00:00,24025.9,24047.55,24022.1,24037.75,0
2026-05-05 08:10:00+00:00,24037.1,24056.7,24033.1,24050.45,0
2026-05-05 08:15:00+00:00,24051.15,24062.15,24037.8,24045.8,0
2026-05-05 08:20:00+00:00,24045.55,24050.3,24020.5,24030.25,0
2026-05-05 08:25:00+00:00,24030.55,24054.5,24029.25,24038.1,0
2026-05-05 08:30:00+00:00,24035.85,24047.8,24022.35,24029.15,0
2026-05-05 08:35:00+00:00,24028.7,24033.25,24009.1,24016.3,0
2026-05-05 08:40:00+00:00,24016.0,24029.5,24002.15,24016.8,0
2026-05-05 08:45:00+00:00,24017.2,24042.15,24013.1,24037.15,0
2026-05-05 08:50:00+00:00,24037.2,24048.55,24026.3,24035.3,0
2026-05-05 08:55:00+00:00,24036.1,24061.0,24031.75,24058.3,0
2026-05-05 09:00:00+00:00,24059.3,24060.65,24028.3,24036.15,0
2026-05-05 09:05:00+00:00,24034.85,24045.9,24019.4,24034.65,0
2026-05-05 09:10:00+00:00,24034.55,24047.25,24023.7,24042.1,0
2026-05-05 09:15:00+00:00,24041.55,24045.8,24017.05,24024.3,0
2026-05-05 09:20:00+00:00,24024.15,24033.55,23999.6,24020.7,0
2026-05-05 09:25:00+00:00,24020.35,24028.9,24008.4,24010.8,0
2026-05-05 09:30:00+00:00,24011.9,24025.3,23999.8,24013.2,0
2026-05-05 09:35:00+00:00,24015.65,24036.45,23997.85,24031.6,0
2026-05-05 09:40:00+00:00,24033.2,24043.85,24019.5,24041.65,0
2026-05-05 09:45:00+00:00,24044.0,24052.8,24040.8,24050.45,0
2026-05-05 09:50:00+00:00,24051.6,24055.35,24039.35,24041.85,0
2026-05-05 09:55:00+00:00,24042.0,24059.7,24037.05,24052.15,0
2026-05-06 03:45:00+00:00,24171.0,24250.85,24164.55,24175.8,0
2026-05-06 03:50:00+00:00,24179.2,24201.95,24156.95,24185.2,0
2026-05-06 03:55:00+00:00,24186.15,24195.3,24164.95,24171.6,0
2026-05-06 04:00:00+00:00,24174.6,24185.25,24161.55,24162.75,0
2026-05-06 04:05:00+00:00,24163.75,24167.05,24150.75,24154.0,0
2026-05-06 04:10:00+00:00,24154.5,24155.4,24131.75,24138.45,0
2026-05-06 04:15:00+00:00,24139.85,24144.9,24133.45,24136.9,0
2026-05-06 04:20:00+00:00,24137.55,24152.3,24121.1,24152.1,0
2026-05-06 04:25:00+00:00,24152.75,24165.85,24138.9,24140.3,0
2026-05-06 04:30:00+00:00,24140.6,24140.6,24107.35,24110.15,0
2026-05-06 04:35:00+00:00,24110.45,24112.0,24096.5,24107.0,0
2026-05-06 04:40:00+00:00,24107.1,24141.6,24103.1,24137.3,0
2026-05-06 04:45:00+00:00,24137.0,24139.4,24121.75,24137.5,0
2026-05-06 04:50:00+00:00,24137.05,24155.4,24134.55,24141.85,0
2026-05-06 04:55:00+00:00,24141.5,24148.65,24136.15,24136.4,0
2026-05-06 05:00:00+00:00,24135.5,24144.0,24126.65,24128.8,0
2026-05-06 05:05:00+00:00,24126.65,24126.65,24111.9,24124.45,0
2026-05-06 05:10:00+00:00,24123.7,24150.15,24122.5,24142.85,0
2026-05-06 05:15:00+00:00,24142.75,24143.15,24126.25,24129.8,0
2026-05-06 05:20:00+00:00,24129.35,24130.5,24091.15,24095.8,0
2026-05-06 05:25:00+00:00,24095.7,24110.25,24092.4,24095.75,0
2026-05-06 05:30:00+00:00,24095.95,24104.65,24074.45,24074.5,0
2026-05-06 05:35:00+00:00,24075.55,24099.15,24073.2,24098.3,0
2026-05-06 05:40:00+00:00,24098.9,24098.9,24081.65,24089.3,0
2026-05-06 05:45:00+00:00,24089.15,24102.55,24085.1,24087.05,0
2026-05-06 05:50:00+00:00,24084.8,24101.6,24081.55,24089.2,0
2026-05-06 05:55:00+00:00,24089.0,24112.5,24086.6,24112.5,0
2026-05-06 06:00:00+00:00,24111.95,24117.35,24106.3,24107.7,0
2026-05-06 06:05:00+00:00,24108.2,24108.2,24069.45,24078.5,0
2026-05-06 06:10:00+00:00,24076.8,24100.3,24076.7,24096.8,0
2026-05-06 06:15:00+00:00,24097.1,24108.8,24090.6,24108.05,0
2026-05-06 06:20:00+00:00,24107.75,24109.35,24096.9,24108.8,0
2026-05-06 06:25:00+00:00,24108.55,24114.15,24095.5,24097.35,0
2026-05-06 06:30:00+00:00,24097.2,24099.75,24081.45,24090.9,0
2026-05-06 06:35:00+00:00,24091.05,24091.1,24075.35,24084.4,0
2026-05-06 06:40:00+00:00,24084.7,24086.95,24075.95,24082.8,0
2026-05-06 06:45:00+00:00,24081.75,24081.75,24061.0,24074.25,0
2026-05-06 06:50:00+00:00,24072.6,24073.45,24029.75,24043.95,0
2026-05-06 06:55:00+00:00,24043.55,24059.9,24039.35,24054.65,0
2026-05-06 07:00:00+00:00,24054.15,24055.5,24045.15,24049.9,0
2026-05-06 07:05:00+00:00,24050.2,24050.95,24033.2,24036.65,0
2026-05-06 07:10:00+00:00,24036.05,24043.45,24019.7,24022.3,0
2026-05-06 07:15:00+00:00,24022.0,24025.35,24005.95,24018.3,0
2026-05-06 07:20:00+00:00,24017.55,24023.45,23997.9,24011.6,0
2026-05-06 07:25:00+00:00,24011.0,24024.1,24009.8,24023.1,0
2026-05-06 07:30:00+00:00,24022.65,24023.5,23999.95,24002.1,0
2026-05-06 07:35:00+00:00,24000.95,24039.4,23999.65,24038.9,0
2026-05-06 07:40:00+00:00,24038.7,24044.15,24031.0,24040.65,0
2026-05-06 07:45:00+00:00,24039.9,24068.55,24036.3,24063.45,0
2026-05-06 07:50:00+00:00,24063.8,24085.8,24062.35,24081.1,0
2026-05-06 07:55:00+00:00,24078.95,24082.7,24070.6,24075.35,0
2026-05-06 08:00:00+00:00,24076.6,24093.0,24074.65,24086.35,0
2026-05-06 08:05:00+00:00,24086.9,24109.95,24084.15,24103.55,0
2026-05-06 08:10:00+00:00,24102.45,24108.1,24094.9,24100.9,0
2026-05-06 08:15:00+00:00,24099.25,24110.4,24094.15,24102.75,0
2026-05-06 08:20:00+00:00,24102.45,24115.95,24101.8,24111.25,0
2026-05-06 08:25:00+00:00,24112.05,24120.25,24101.9,24106.95,0
2026-05-06 08:30:00+00:00,24106.8,24117.1,24096.4,24109.5,0
2026-05-06 08:35:00+00:00,24108.3,24115.0,24103.75,24109.35,0
2026-05-06 08:40:00+00:00,24108.0,24133.35,24107.4,24133.35,0
2026-05-06 08:45:00+00:00,24134.05,24151.1,24133.4,24141.15,0
2026-05-06 08:50:00+00:00,24140.4,24255.65,24139.15,24250.5,0
2026-05-06 08:55:00+00:00,24252.05,24332.05,24252.05,24311.65,0
2026-05-06 09:00:00+00:00,24314.7,24334.4,24280.1,24306.75,0
2026-05-06 09:05:00+00:00,24306.8,24308.7,24277.9,24300.45,0
2026-05-06 09:10:00+00:00,24300.4,24337.8,24299.4,24334.35,0
2026-05-06 09:15:00+00:00,24334.65,24354.55,24320.8,24349.3,0
2026-05-06 09:20:00+00:00,24348.85,24356.5,24328.75,24332.1,0
2026-05-06 09:25:00+00:00,24333.4,24349.65,24324.65,24348.25,0
2026-05-06 09:30:00+00:00,24349.0,24353.8,24313.85,24342.15,0
2026-05-06 09:35:00+00:00,24342.7,24344.75,24314.05,24315.5,0
2026-05-06 09:40:00+00:00,24316.55,24330.95,24314.95,24321.35,0
2026-05-06 09:45:00+00:00,24321.75,24335.6,24317.05,24330.65,0
2026-05-06 09:50:00+00:00,24331.15,24331.15,24317.4,24329.05,0
2026-05-06 09:55:00+00:00,24330.7,24346.6,24325.6,24339.3,0
2026-05-07 03:45:00+00:00,24398.5,24423.35,24317.7,24318.25,0
2026-05-07 03:50:00+00:00,24318.25,24337.05,24300.7,24335.35,0
2026-05-07 03:55:00+00:00,24334.9,24346.75,24312.2,24334.15,0
2026-05-07 04:00:00+00:00,24334.8,24367.95,24320.15,24356.7,0
2026-05-07 04:05:00+00:00,24356.15,24372.55,24346.9,24354.15,0
2026-05-07 04:10:00+00:00,24354.8,24402.15,24354.8,24397.35,0
2026-05-07 04:15:00+00:00,24396.9,24401.4,24352.25,24352.25,0
2026-05-07 04:20:00+00:00,24352.65,24363.55,24325.65,24335.2,0
2026-05-07 04:25:00+00:00,24337.35,24354.15,24331.2,24342.95,0
2026-05-07 04:30:00+00:00,24343.0,24378.7,24340.15,24370.25,0
2026-05-07 04:35:00+00:00,24370.75,24374.45,24315.25,24328.3,0
2026-05-07 04:40:00+00:00,24328.3,24337.45,24310.0,24323.65,0
2026-05-07 04:45:00+00:00,24324.65,24350.8,24321.6,24349.05,0
2026-05-07 04:50:00+00:00,24349.4,24355.95,24344.95,24353.15,0
2026-05-07 04:55:00+00:00,24353.2,24368.9,24348.75,24360.3,0
2026-05-07 05:00:00+00:00,24360.3,24375.55,24360.3,24367.3,0
2026-05-07 05:05:00+00:00,24367.25,24368.25,24352.85,24364.6,0
2026-05-07 05:10:00+00:00,24364.75,24374.85,24358.7,24373.45,0
2026-05-07 05:15:00+00:00,24372.5,24379.05,24356.3,24360.45,0
2026-05-07 05:20:00+00:00,24359.95,24360.8,24332.45,24351.6,0
2026-05-07 05:25:00+00:00,24351.4,24353.05,24334.4,24340.85,0
2026-05-07 05:30:00+00:00,24341.0,24343.75,24330.1,24332.85,0
2026-05-07 05:35:00+00:00,24332.35,24336.5,24316.15,24320.0,0
2026-05-07 05:40:00+00:00,24320.2,24322.15,24310.05,24317.75,0
2026-05-07 05:45:00+00:00,24318.2,24332.25,24314.0,24318.4,0
2026-05-07 05:50:00+00:00,24318.35,24319.7,24293.05,24309.15,0
2026-05-07 05:55:00+00:00,24309.35,24309.9,24289.45,24306.45,0
2026-05-07 06:00:00+00:00,24306.95,24349.8,24306.35,24323.4,0
2026-05-07 06:05:00+00:00,24323.55,24324.5,24311.9,24313.85,0
2026-05-07 06:10:00+00:00,24314.8,24316.05,24288.1,24288.5,0
2026-05-07 06:15:00+00:00,24287.8,24308.3,24284.0,24305.65,0
2026-05-07 06:20:00+00:00,24305.8,24331.6,24305.7,24321.3,0
2026-05-07 06:25:00+00:00,24321.15,24346.85,24320.35,24340.55,0
2026-05-07 06:30:00+00:00,24339.7,24369.9,24339.7,24355.0,0
2026-05-07 06:35:00+00:00,24355.3,24367.65,24352.9,24360.25,0
2026-05-07 06:40:00+00:00,24360.1,24369.2,24350.15,24361.55,0
2026-05-07 06:45:00+00:00,24362.45,24383.65,24362.4,24365.9,0
2026-05-07 06:50:00+00:00,24366.3,24381.6,24364.1,24377.2,0
2026-05-07 06:55:00+00:00,24377.65,24381.4,24355.15,24355.15,0
2026-05-07 07:00:00+00:00,24355.25,24358.85,24329.7,24344.95,0
2026-05-07 07:05:00+00:00,24345.1,24438.4,24338.95,24436.65,0
2026-05-07 07:10:00+00:00,24436.8,24482.1,24436.8,24463.15,0
2026-05-07 07:15:00+00:00,24462.85,24471.6,24437.6,24442.8,0
2026-05-07 07:20:00+00:00,24442.1,24446.15,24394.55,24409.15,0
2026-05-07 07:25:00+00:00,24409.1,24414.75,24377.7,24388.25,0
2026-05-07 07:30:00+00:00,24387.65,24411.05,24386.45,24402.4,0
2026-05-07 07:35:00+00:00,24402.0,24420.55,24392.25,24396.35,0
2026-05-07 07:40:00+00:00,24395.85,24397.15,24376.9,24389.7,0
2026-05-07 07:45:00+00:00,24388.65,24399.5,24324.55,24350.7,0
2026-05-07 07:50:00+00:00,24351.05,24373.45,24339.5,24345.3,0
2026-05-07 07:55:00+00:00,24345.05,24359.9,24341.9,24353.35,0
2026-05-07 08:00:00+00:00,24353.55,24364.2,24344.0,24357.8,0
2026-05-07 08:05:00+00:00,24358.6,24364.15,24334.75,24334.75,0
2026-05-07 08:10:00+00:00,24335.3,24360.95,24331.65,24349.75,0
2026-05-07 08:15:00+00:00,24348.6,24359.1,24337.9,24356.55,0
2026-05-07 08:20:00+00:00,24355.8,24365.4,24344.1,24364.7,0
2026-05-07 08:25:00+00:00,24364.9,24374.8,24354.4,24368.65,0
2026-05-07 08:30:00+00:00,24368.05,24375.3,24344.6,24353.5,0
2026-05-07 08:35:00+00:00,24352.9,24374.0,24337.1,24372.65,0
2026-05-07 08:40:00+00:00,24372.15,24375.65,24360.15,24361.65,0
2026-05-07 08:45:00+00:00,24361.25,24364.5,24338.8,24342.65,0
2026-05-07 08:50:00+00:00,24342.65,24365.65,24333.35,24364.3,0
2026-05-07 08:55:00+00:00,24364.25,24381.1,24357.8,24376.9,0
2026-05-07 09:00:00+00:00,24376.5,24385.3,24357.85,24367.95,0
2026-05-07 09:05:00+00:00,24366.1,24371.75,24351.95,24351.95,0
2026-05-07 09:10:00+00:00,24351.6,24362.1,24334.1,24339.45,0
2026-05-07 09:15:00+00:00,24339.55,24351.5,24323.05,24330.25,0
2026-05-07 09:20:00+00:00,24330.0,24353.85,24330.0,24348.2,0
2026-05-07 09:25:00+00:00,24348.2,24362.7,24340.8,24352.65,0
2026-05-07 09:30:00+00:00,24353.1,24363.1,24323.05,24337.85,0
2026-05-07 09:35:00+00:00,24337.9,24345.5,24308.35,24318.55,0
2026-05-07 09:40:00+00:00,24317.85,24318.4,24293.4,24303.1,0
2026-05-07 09:45:00+00:00,24303.25,24329.7,24299.4,24328.65,0
2026-05-07 09:50:00+00:00,24329.0,24329.0,24315.35,24318.85,0
2026-05-07 09:55:00+00:00,24319.7,24339.05,24318.25,24336.4,0
2026-05-08 03:45:00+00:00,24233.65,24246.05,24158.15,24219.3,0
2026-05-08 03:50:00+00:00,24218.4,24253.8,24209.0,24215.0,0
2026-05-08 03:55:00+00:00,24216.4,24245.75,24210.5,24244.15,0
2026-05-08 04:00:00+00:00,24244.3,24244.95,24184.6,24207.15,0
2026-05-08 04:05:00+00:00,24209.1,24209.1,24187.55,24191.2,0
2026-05-08 04:10:00+00:00,24192.0,24192.3,24167.75,24167.75,0
2026-05-08 04:15:00+00:00,24169.05,24175.05,24138.4,24168.55,0
2026-05-08 04:20:00+00:00,24170.05,24183.7,24161.8,24182.25,0
2026-05-08 04:25:00+00:00,24183.35,24199.65,24181.15,24198.45,0
2026-05-08 04:30:00+00:00,24199.15,24202.85,24187.6,24194.25,0
2026-05-08 04:35:00+00:00,24195.8,24199.1,24193.0,24196.1,0
2026-05-08 04:40:00+00:00,24197.0,24213.7,24175.1,24211.3,0
2026-05-08 04:45:00+00:00,24213.8,24214.3,24181.25,24206.8,0
2026-05-08 04:50:00+00:00,24208.75,24232.25,24204.55,24231.5,0
2026-05-08 04:55:00+00:00,24232.5,24243.95,24226.0,24238.05,0
2026-05-08 05:00:00+00:00,24238.85,24242.55,24229.85,24232.3,0
2026-05-08 05:05:00+00:00,24232.65,24237.1,24226.35,24230.75,0
2026-05-08 05:10:00+00:00,24232.05,24241.3,24226.9,24232.25,0
2026-05-08 05:15:00+00:00,24233.65,24239.85,24222.4,24222.4,0
2026-05-08 05:20:00+00:00,24223.75,24223.75,24204.1,24206.35,0
2026-05-08 05:25:00+00:00,24207.55,24208.6,24195.95,24195.95,0
2026-05-08 05:30:00+00:00,24197.8,24230.7,24193.85,24225.25,0
2026-05-08 05:35:00+00:00,24226.6,24237.05,24221.6,24225.15,0
2026-05-08 05:40:00+00:00,24226.35,24233.5,24221.5,24233.0,0
2026-05-08 05:45:00+00:00,24234.8,24241.65,24212.45,24212.5,0
2026-05-08 05:50:00+00:00,24214.3,24224.15,24197.4,24205.0,0
2026-05-08 05:55:00+00:00,24205.95,24209.2,24195.95,24198.35,0
2026-05-08 06:00:00+00:00,24199.9,24210.9,24185.6,24207.5,0
2026-05-08 06:05:00+00:00,24209.15,24209.15,24199.5,24206.05,0
2026-05-08 06:10:00+00:00,24207.15,24212.95,24199.45,24199.45,0
2026-05-08 06:15:00+00:00,24200.6,24208.4,24195.75,24199.85,0
2026-05-08 06:20:00+00:00,24200.85,24209.8,24197.85,24204.3,0
2026-05-08 06:25:00+00:00,24205.15,24207.35,24190.2,24205.85,0
2026-05-08 06:30:00+00:00,24206.0,24212.0,24187.45,24200.9,0
2026-05-08 06:35:00+00:00,24202.0,24203.65,24177.25,24178.95,0
2026-05-08 06:40:00+00:00,24179.5,24188.2,24172.2,24184.2,0
2026-05-08 06:45:00+00:00,24185.2,24189.4,24170.05,24188.6,0
2026-05-08 06:50:00+00:00,24190.05,24198.2,24178.25,24185.8,0
2026-05-08 06:55:00+00:00,24187.05,24198.45,24185.45,24196.1,0
2026-05-08 07:00:00+00:00,24195.25,24196.6,24169.4,24177.6,0
2026-05-08 07:05:00+00:00,24178.65,24181.65,24168.85,24171.55,0
2026-05-08 07:10:00+00:00,24173.15,24177.65,24164.1,24164.3,0
2026-05-08 07:15:00+00:00,24166.0,24171.3,24150.95,24170.45,0
2026-05-08 07:20:00+00:00,24171.3,24175.05,24159.7,24170.9,0
2026-05-08 07:25:00+00:00,24172.95,24175.7,24160.45,24163.4,0
2026-05-08 07:30:00+00:00,24165.55,24167.9,24157.4,24158.7,0
2026-05-08 07:35:00+00:00,24159.45,24177.45,24157.9,24175.4,0
2026-05-08 07:40:00+00:00,24176.25,24178.05,24164.55,24167.0,0
2026-05-08 07:45:00+00:00,24169.55,24170.7,24156.9,24162.95,0
2026-05-08 07:50:00+00:00,24164.25,24170.7,24157.45,24166.7,0
2026-05-08 07:55:00+00:00,24168.7,24198.4,24165.25,24195.45,0
2026-05-08 08:00:00+00:00,24196.65,24202.65,24180.3,24184.4,0
2026-05-08 08:05:00+00:00,24186.05,24188.05,24166.5,24172.15,0
2026-05-08 08:10:00+00:00,24174.35,24182.25,24169.65,24170.95,0
2026-05-08 08:15:00+00:00,24173.35,24178.65,24170.1,24173.65,0
2026-05-08 08:20:00+00:00,24176.05,24176.5,24150.75,24174.7,0
2026-05-08 08:25:00+00:00,24174.95,24181.25,24128.35,24137.2,0
2026-05-08 08:30:00+00:00,24139.15,24155.25,24126.65,24145.6,0
2026-05-08 08:35:00+00:00,24148.45,24178.3,24145.95,24177.95,0
2026-05-08 08:40:00+00:00,24179.1,24179.5,24145.85,24145.85,0
2026-05-08 08:45:00+00:00,24147.35,24166.75,24143.5,24147.2,0
2026-05-08 08:50:00+00:00,24148.1,24164.2,24141.75,24147.85,0
2026-05-08 08:55:00+00:00,24150.4,24170.75,24149.05,24169.65,0
2026-05-08 09:00:00+00:00,24171.0,24207.05,24168.55,24195.45,0
2026-05-08 09:05:00+00:00,24196.35,24223.75,24193.5,24218.65,0
2026-05-08 09:10:00+00:00,24220.55,24235.85,24219.25,24231.7,0
2026-05-08 09:15:00+00:00,24233.55,24236.9,24220.1,24232.2,0
2026-05-08 09:20:00+00:00,24234.05,24240.25,24228.8,24231.0,0
2026-05-08 09:25:00+00:00,24232.75,24235.3,24206.6,24213.65,0
2026-05-08 09:30:00+00:00,24215.1,24215.1,24168.35,24170.3,0
2026-05-08 09:35:00+00:00,24171.1,24185.5,24169.75,24179.7,0
2026-05-08 09:40:00+00:00,24180.35,24189.0,24172.4,24180.85,0
2026-05-08 09:45:00+00:00,24180.6,24196.9,24170.5,24175.6,0
2026-05-08 09:50:00+00:00,24174.05,24174.95,24163.5,24170.7,0
2026-05-08 09:55:00+00:00,24170.55,24180.65,24169.7,24179.8,0
2026-05-11 03:45:00+00:00,23970.1,23986.8,23897.2,23918.75,0
2026-05-11 03:50:00+00:00,23919.05,23942.6,23895.55,23937.45,0
2026-05-11 03:55:00+00:00,23936.8,23956.3,23918.7,23953.25,0
2026-05-11 04:00:00+00:00,23952.2,23959.55,23917.05,23930.7,0
2026-05-11 04:05:00+00:00,23930.6,23931.3,23874.7,23881.8,0
2026-05-11 04:10:00+00:00,23881.35,23898.15,23864.1,23865.65,0
2026-05-11 04:15:00+00:00,23866.15,23889.85,23864.2,23885.0,0
2026-05-11 04:20:00+00:00,23885.35,23893.5,23870.5,23892.75,0
2026-05-11 04:25:00+00:00,23893.7,23899.95,23868.2,23874.25,0
2026-05-11 04:30:00+00:00,23874.6,23897.4,23873.25,23893.15,0
2026-05-11 04:35:00+00:00,23892.9,23903.7,23887.1,23899.15,0
2026-05-11 04:40:00+00:00,23899.6,23902.8,23887.3,23893.4,0
2026-05-11 04:45:00+00:00,23894.75,23896.25,23850.25,23851.25,0
2026-05-11 04:50:00+00:00,23850.85,23877.5,23845.3,23871.7,0
2026-05-11 04:55:00+00:00,23871.2,23878.3,23864.3,23869.2,0
2026-05-11 05:00:00+00:00,23868.45,23874.5,23860.15,23870.05,0
2026-05-11 05:05:00+00:00,23870.3,23874.8,23847.45,23863.15,0
2026-05-11 05:10:00+00:00,23862.65,23865.15,23851.6,23860.1,0
2026-05-11 05:15:00+00:00,23859.95,23863.35,23850.85,23860.4,0
2026-05-11 05:20:00+00:00,23860.15,23890.65,23859.2,23889.85,0
2026-05-11 05:25:00+00:00,23890.1,23892.5,23882.1,23886.95,0
2026-05-11 05:30:00+00:00,23887.0,23897.35,23878.55,23896.2,0
2026-05-11 05:35:00+00:00,23895.8,23907.3,23893.35,23903.25,0
2026-05-11 05:40:00+00:00,23902.9,23922.55,23902.9,23914.6,0
2026-05-11 05:45:00+00:00,23914.6,23921.7,23910.4,23918.3,0
2026-05-11 05:50:00+00:00,23918.65,23942.95,23918.2,23926.2,0
2026-05-11 05:55:00+00:00,23926.2,23934.95,23913.25,23927.8,0
2026-05-11 06:00:00+00:00,23928.2,23930.85,23907.25,23924.6,0
2026-05-11 06:05:00+00:00,23925.1,23936.1,23916.95,23936.1,0
2026-05-11 06:10:00+00:00,23936.05,23952.7,23932.9,23949.4,0
2026-05-11 06:15:00+00:00,23949.55,23956.9,23920.35,23921.25,0
2026-05-11 06:20:00+00:00,23922.1,23941.0,23921.4,23937.75,0
2026-05-11 06:25:00+00:00,23937.7,23939.0,23923.65,23930.9,0
2026-05-11 06:30:00+00:00,23931.25,23937.8,23922.5,23923.7,0
2026-05-11 06:35:00+00:00,23923.7,23943.95,23920.3,23939.3,0
2026-05-11 06:40:00+00:00,23939.45,23942.4,23930.4,23935.55,0
2026-05-11 06:45:00+00:00,23935.2,23942.55,23926.65,23938.0,0
2026-05-11 06:50:00+00:00,23938.2,23943.95,23928.85,23942.5,0
2026-05-11 06:55:00+00:00,23942.2,23945.05,23928.05,23929.05,0
2026-05-11 07:00:00+00:00,23928.9,23930.2,23908.45,23924.3,0
2026-05-11 07:05:00+00:00,23924.7,23933.9,23902.45,23913.1,0
2026-05-11 07:10:00+00:00,23913.8,23954.95,23913.7,23950.35,0
2026-05-11 07:15:00+00:00,23949.7,23954.65,23936.55,23940.9,0
2026-05-11 07:20:00+00:00,23940.95,23951.9,23932.0,23938.3,0
2026-05-11 07:25:00+00:00,23938.25,23951.75,23937.4,23945.55,0
2026-05-11 07:30:00+00:00,23945.4,23946.2,23918.3,23918.7,0
2026-05-11 07:35:00+00:00,23918.55,23939.2,23905.05,23939.15,0
2026-05-11 07:40:00+00:00,23939.2,23949.8,23932.5,23949.8,0
2026-05-11 07:45:00+00:00,23949.9,23950.9,23934.5,23934.95,0
2026-05-11 07:50:00+00:00,23935.35,23950.7,23935.35,23949.5,0
2026-05-11 07:55:00+00:00,23950.65,23953.3,23940.4,23946.35,0
2026-05-11 08:00:00+00:00,23946.1,23955.15,23943.35,23950.7,0
2026-05-11 08:05:00+00:00,23950.6,23988.25,23949.8,23952.1,0
2026-05-11 08:10:00+00:00,23952.05,23973.75,23946.35,23965.45,0
2026-05-11 08:15:00+00:00,23966.55,23987.55,23965.7,23979.8,0
2026-05-11 08:20:00+00:00,23978.85,23997.45,23975.75,23993.95,0
2026-05-11 08:25:00+00:00,23994.3,23997.0,23966.25,23966.45,0
2026-05-11 08:30:00+00:00,23966.45,23973.25,23957.95,23963.55,0
2026-05-11 08:35:00+00:00,23963.35,23973.5,23958.05,23958.95,0
2026-05-11 08:40:00+00:00,23958.95,23967.15,23943.1,23946.3,0
2026-05-11 08:45:00+00:00,23945.25,23954.1,23933.95,23939.75,0
2026-05-11 08:50:00+00:00,23939.55,23949.5,23939.15,23941.7,0
2026-05-11 08:55:00+00:00,23941.6,23942.9,23922.15,23931.9,0
2026-05-11 09:00:00+00:00,23931.95,23953.55,23926.15,23953.0,0
2026-05-11 09:05:00+00:00,23952.9,23957.85,23921.75,23926.1,0
2026-05-11 09:10:00+00:00,23925.95,23931.3,23904.2,23916.35,0
2026-05-11 09:15:00+00:00,23916.6,23924.35,23883.1,23889.9,0
2026-05-11 09:20:00+00:00,23889.95,23914.15,23888.25,23894.15,0
2026-05-11 09:25:00+00:00,23894.05,23896.85,23875.9,23875.9,0
2026-05-11 09:30:00+00:00,23878.55,23879.7,23820.9,23830.7,0
2026-05-11 09:35:00+00:00,23830.45,23832.7,23809.75,23817.45,0
2026-05-11 09:40:00+00:00,23817.7,23824.05,23801.4,23805.75,0
2026-05-11 09:45:00+00:00,23806.2,23820.25,23802.85,23803.8,0
2026-05-11 09:50:00+00:00,23804.6,23813.25,23799.1,23810.15,0
2026-05-11 09:55:00+00:00,23810.5,23820.35,23802.4,23820.35,0
2026-05-12 03:45:00+00:00,23722.6,23757.55,23689.1,23736.9,0
2026-05-12 03:50:00+00:00,23737.8,23737.8,23684.0,23684.2,0
2026-05-12 03:55:00+00:00,23685.45,23685.45,23633.1,23638.3,0
2026-05-12 04:00:00+00:00,23638.95,23643.75,23617.7,23634.05,0
2026-05-12 04:05:00+00:00,23634.65,23649.15,23620.5,23626.15,0
2026-05-12 04:10:00+00:00,23626.35,23657.85,23624.45,23640.65,0
2026-05-12 04:15:00+00:00,23640.75,23650.15,23628.85,23638.2,0
2026-05-12 04:20:00+00:00,23638.4,23646.7,23632.1,23638.25,0
2026-05-12 04:25:00+00:00,23638.55,23652.2,23624.55,23625.85,0
2026-05-12 04:30:00+00:00,23627.0,23635.25,23619.8,23630.2,0
2026-05-12 04:35:00+00:00,23630.45,23642.55,23613.55,23636.1,0
2026-05-12 04:40:00+00:00,23636.4,23655.4,23629.15,23651.4,0
2026-05-12 04:45:00+00:00,23652.05,23668.25,23647.75,23668.25,0
2026-05-12 04:50:00+00:00,23669.25,23675.2,23627.85,23630.3,0
2026-05-12 04:55:00+00:00,23631.8,23634.15,23605.05,23613.25,0
2026-05-12 05:00:00+00:00,23613.55,23617.05,23603.7,23607.65,0
2026-05-12 05:05:00+00:00,23609.2,23620.2,23596.35,23605.3,0
2026-05-12 05:10:00+00:00,23606.6,23638.65,23602.55,23627.55,0
2026-05-12 05:15:00+00:00,23628.05,23629.6,23599.3,23603.25,0
2026-05-12 05:20:00+00:00,23603.75,23611.15,23600.8,23605.25,0
2026-05-12 05:25:00+00:00,23605.85,23623.45,23602.65,23614.7,0
2026-05-12 05:30:00+00:00,23615.1,23615.65,23584.35,23590.6,0
2026-05-12 05:35:00+00:00,23590.6,23597.7,23577.85,23590.4,0
2026-05-12 05:40:00+00:00,23590.95,23595.1,23585.65,23589.35,0
2026-05-12 05:45:00+00:00,23589.6,23612.25,23585.85,23608.05,0
2026-05-12 05:50:00+00:00,23608.55,23613.4,23589.4,23589.6,0
2026-05-12 05:55:00+00:00,23590.95,23604.55,23588.7,23588.9,0
2026-05-12 06:00:00+00:00,23589.5,23600.2,23578.65,23597.25,0
2026-05-12 06:05:00+00:00,23597.4,23601.85,23579.9,23598.0,0
2026-05-12 06:10:00+00:00,23599.15,23607.65,23591.95,23602.7,0
2026-05-12 06:15:00+00:00,23603.95,23604.55,23584.35,23594.7,0
2026-05-12 06:20:00+00:00,23596.15,23605.8,23584.75,23600.05,0
2026-05-12 06:25:00+00:00,23601.8,23612.85,23595.85,23597.5,0
2026-05-12 06:30:00+00:00,23598.45,23599.55,23581.9,23586.3,0
2026-05-12 06:35:00+00:00,23587.25,23589.25,23556.15,23558.1,0
2026-05-12 06:40:00+00:00,23559.95,23570.0,23551.3,23557.8,0
2026-05-12 06:45:00+00:00,23559.5,23580.05,23555.1,23572.9,0
2026-05-12 06:50:00+00:00,23573.75,23575.9,23559.0,23566.5,0
2026-05-12 06:55:00+00:00,23567.6,23568.75,23554.7,23557.3,0
2026-05-12 07:00:00+00:00,23557.8,23558.95,23521.8,23522.3,0
2026-05-12 07:05:00+00:00,23523.4,23526.8,23508.35,23516.2,0
2026-05-12 07:10:00+00:00,23517.35,23532.7,23513.1,23526.15,0
2026-05-12 07:15:00+00:00,23527.25,23540.1,23516.4,23526.85,0
2026-05-12 07:20:00+00:00,23527.3,23535.0,23513.3,23513.35,0
2026-05-12 07:25:00+00:00,23515.2,23532.85,23514.75,23524.55,0
2026-05-12 07:30:00+00:00,23525.15,23533.65,23519.55,23530.6,0
2026-05-12 07:35:00+00:00,23531.7,23532.2,23510.85,23510.85,0
2026-05-12 07:40:00+00:00,23511.95,23536.8,23506.0,23536.8,0
2026-05-12 07:45:00+00:00,23538.05,23564.05,23536.25,23542.8,0
2026-05-12 07:50:00+00:00,23544.0,23545.2,23526.45,23527.55,0
2026-05-12 07:55:00+00:00,23528.35,23539.5,23524.25,23531.05,0
2026-05-12 08:00:00+00:00,23532.45,23550.2,23528.75,23529.45,0
2026-05-12 08:05:00+00:00,23530.45,23535.3,23511.0,23514.0,0
2026-05-12 08:10:00+00:00,23515.5,23518.4,23496.55,23506.8,0
2026-05-12 08:15:00+00:00,23510.05,23519.35,23493.45,23513.4,0
2026-05-12 08:20:00+00:00,23515.05,23530.85,23495.85,23495.85,0
2026-05-12 08:25:00+00:00,23500.05,23502.45,23489.4,23491.5,0
2026-05-12 08:30:00+00:00,23492.8,23496.9,23477.5,23481.5,0
2026-05-12 08:35:00+00:00,23484.05,23490.7,23461.4,23465.0,0
2026-05-12 08:40:00+00:00,23466.25,23467.95,23447.85,23457.5,0
2026-05-12 08:45:00+00:00,23458.75,23472.75,23452.1,23460.15,0
2026-05-12 08:50:00+00:00,23460.5,23492.7,23453.1,23486.25,0
2026-05-12 08:55:00+00:00,23487.3,23487.3,23459.25,23468.6,0
2026-05-12 09:00:00+00:00,23469.35,23471.3,23437.3,23438.35,0
2026-05-12 09:05:00+00:00,23439.2,23470.95,23434.45,23462.95,0
2026-05-12 09:10:00+00:00,23463.95,23472.25,23456.25,23463.6,0
2026-05-12 09:15:00+00:00,23464.9,23474.6,23458.45,23463.8,0
2026-05-12 09:20:00+00:00,23464.95,23466.4,23428.35,23433.75,0
2026-05-12 09:25:00+00:00,23435.35,23435.65,23413.5,23421.25,0
2026-05-12 09:30:00+00:00,23422.5,23423.65,23366.4,23390.9,0
2026-05-12 09:35:00+00:00,23393.25,23393.7,23357.25,23363.55,0
2026-05-12 09:40:00+00:00,23363.95,23375.7,23348.4,23354.8,0
2026-05-12 09:45:00+00:00,23356.0,23386.55,23355.6,23386.55,0
2026-05-12 09:50:00+00:00,23386.75,23391.8,23377.55,23389.75,0
2026-05-12 09:55:00+00:00,23391.25,23434.85,23383.55,23430.55,0
2026-05-13 03:45:00+00:00,23362.45,23503.8,23362.45,23405.4,0
2026-05-13 03:50:00+00:00,23405.45,23441.15,23379.8,23437.9,0
2026-05-13 03:55:00+00:00,23438.4,23439.95,23367.05,23367.05,0
2026-05-13 04:00:00+00:00,23367.7,23387.65,23335.7,23337.95,0
2026-05-13 04:05:00+00:00,23337.3,23339.35,23262.55,23276.5,0
2026-05-13 04:10:00+00:00,23275.5,23314.2,23264.45,23308.5,0
2026-05-13 04:15:00+00:00,23308.9,23327.0,23287.1,23298.75,0
2026-05-13 04:20:00+00:00,23299.05,23372.45,23298.6,23367.6,0
2026-05-13 04:25:00+00:00,23367.25,23389.7,23344.7,23372.45,0
2026-05-13 04:30:00+00:00,23371.15,23392.45,23354.15,23392.45,0
2026-05-13 04:35:00+00:00,23392.6,23426.25,23392.2,23407.4,0
2026-05-13 04:40:00+00:00,23407.5,23411.4,23381.25,23403.05,0
2026-05-13 04:45:00+00:00,23403.2,23440.55,23398.45,23436.05,0
2026-05-13 04:50:00+00:00,23435.8,23463.95,23435.8,23460.85,0
2026-05-13 04:55:00+00:00,23460.85,23477.8,23452.1,23452.45,0
2026-05-13 05:00:00+00:00,23452.25,23478.6,23443.35,23475.9,0
2026-05-13 05:05:00+00:00,23475.5,23476.55,23423.6,23429.1,0
2026-05-13 05:10:00+00:00,23429.85,23466.1,23429.25,23464.0,0
2026-05-13 05:15:00+00:00,23464.05,23472.45,23445.4,23445.6,0
2026-05-13 05:20:00+00:00,23445.65,23459.0,23437.3,23440.75,0
2026-05-13 05:25:00+00:00,23441.15,23443.15,23374.8,23374.8,0
2026-05-13 05:30:00+00:00,23374.8,23409.4,23368.05,23402.05,0
2026-05-13 05:35:00+00:00,23401.45,23404.3,23382.6,23400.45,0
2026-05-13 05:40:00+00:00,23400.3,23405.2,23382.95,23403.95,0
2026-05-13 05:45:00+00:00,23403.8,23416.45,23392.85,23409.4,0
2026-05-13 05:50:00+00:00,23409.25,23416.0,23392.75,23409.6,0
2026-05-13 05:55:00+00:00,23409.45,23410.7,23393.0,23399.0,0
2026-05-13 06:00:00+00:00,23399.85,23410.8,23395.7,23406.95,0
2026-05-13 06:05:00+00:00,23405.75,23468.5,23405.15,23468.5,0
2026-05-13 06:10:00+00:00,23468.6,23498.85,23466.6,23498.6,0
2026-05-13 06:15:00+00:00,23499.0,23509.9,23480.55,23482.55,0
2026-05-13 06:20:00+00:00,23481.95,23500.25,23472.85,23474.5,0
2026-05-13 06:25:00+00:00,23473.15,23488.9,23466.0,23466.1,0
2026-05-13 06:30:00+00:00,23465.45,23488.75,23465.45,23486.65,0
2026-05-13 06:35:00+00:00,23486.3,23499.3,23481.7,23497.7,0
2026-05-13 06:40:00+00:00,23496.85,23514.15,23492.6,23512.75,0
2026-05-13 06:45:00+00:00,23511.95,23518.7,23479.05,23497.95,0
2026-05-13 06:50:00+00:00,23497.15,23497.65,23483.65,23488.5,0
2026-05-13 06:55:00+00:00,23488.2,23495.9,23481.75,23491.0,0
2026-05-13 07:00:00+00:00,23489.5,23497.05,23474.4,23478.95,0
2026-05-13 07:05:00+00:00,23478.95,23484.25,23449.5,23465.25,0
2026-05-13 07:10:00+00:00,23465.0,23466.0,23423.3,23453.9,0
2026-05-13 07:15:00+00:00,23453.55,23469.75,23449.65,23468.45,0
2026-05-13 07:20:00+00:00,23468.2,23526.85,23467.65,23525.85,0
2026-05-13 07:25:00+00:00,23525.85,23579.6,23525.85,23577.95,0
2026-05-13 07:30:00+00:00,23578.1,23582.95,23549.35,23559.35,0
2026-05-13 07:35:00+00:00,23558.65,23561.95,23528.3,23532.45,0
2026-05-13 07:40:00+00:00,23531.5,23553.6,23530.1,23538.5,0
2026-05-13 07:45:00+00:00,23538.0,23538.95,23494.4,23505.1,0
2026-05-13 07:50:00+00:00,23505.15,23514.55,23495.1,23508.3,0
2026-05-13 07:55:00+00:00,23508.5,23512.7,23490.55,23496.75,0
2026-05-13 08:00:00+00:00,23492.05,23540.5,23492.05,23533.55,0
2026-05-13 08:05:00+00:00,23532.85,23539.15,23516.95,23535.55,0
2026-05-13 08:10:00+00:00,23535.9,23538.75,23520.8,23523.35,0
2026-05-13 08:15:00+00:00,23522.05,23535.0,23504.55,23511.75,0
2026-05-13 08:20:00+00:00,23510.75,23522.0,23507.1,23508.0,0
2026-05-13 08:25:00+00:00,23508.0,23509.6,23480.25,23499.8,0
2026-05-13 08:30:00+00:00,23499.85,23512.3,23481.8,23490.15,0
2026-05-13 08:35:00+00:00,23489.85,23513.45,23489.85,23513.0,0
2026-05-13 08:40:00+00:00,23512.9,23525.0,23507.65,23516.8,0
2026-05-13 08:45:00+00:00,23516.5,23522.4,23483.25,23483.45,0
2026-05-13 08:50:00+00:00,23482.35,23514.3,23469.8,23510.55,0
2026-05-13 08:55:00+00:00,23509.5,23516.35,23481.4,23491.35,0
2026-05-13 09:00:00+00:00,23491.05,23502.95,23490.2,23498.15,0
2026-05-13 09:05:00+00:00,23497.4,23504.4,23487.7,23500.15,0
2026-05-13 09:10:00+00:00,23499.7,23501.5,23465.2,23467.5,0
2026-05-13 09:15:00+00:00,23468.2,23484.35,23446.65,23482.85,0
2026-05-13 09:20:00+00:00,23482.7,23490.85,23469.55,23485.1,0
2026-05-13 09:25:00+00:00,23483.95,23486.65,23474.25,23479.2,0
2026-05-13 09:30:00+00:00,23476.75,23478.7,23416.25,23418.3,0
2026-05-13 09:35:00+00:00,23418.8,23425.7,23402.85,23423.95,0
2026-05-13 09:40:00+00:00,23423.35,23426.25,23405.0,23425.7,0
2026-05-13 09:45:00+00:00,23425.4,23428.25,23411.75,23412.7,0
2026-05-13 09:50:00+00:00,23412.55,23414.85,23394.35,23398.25,0
2026-05-13 09:55:00+00:00,23397.35,23436.95,23397.35,23428.7,0
2026-05-14 03:45:00+00:00,23530.25,23581.5,23515.6,23550.05,0
2026-05-14 03:50:00+00:00,23549.9,23575.65,23548.9,23569.45,0
2026-05-14 03:55:00+00:00,23569.7,23589.2,23564.3,23581.3,0
2026-05-14 04:00:00+00:00,23581.35,23586.2,23562.8,23564.3,0
2026-05-14 04:05:00+00:00,23565.5,23569.95,23523.85,23524.5,0
2026-05-14 04:10:00+00:00,23525.75,23526.3,23493.8,23496.8,0
2026-05-14 04:15:00+00:00,23499.0,23532.95,23490.2,23492.65,0
2026-05-14 04:20:00+00:00,23494.05,23502.8,23468.65,23471.45,0
2026-05-14 04:25:00+00:00,23473.2,23479.35,23446.7,23464.45,0
2026-05-14 04:30:00+00:00,23466.1,23492.6,23455.45,23482.55,0
2026-05-14 04:35:00+00:00,23483.8,23490.35,23459.65,23484.95,0
2026-05-14 04:40:00+00:00,23483.85,23496.35,23472.2,23495.8,0
2026-05-14 04:45:00+00:00,23496.8,23513.7,23481.35,23513.7,0
2026-05-14 04:50:00+00:00,23515.35,23516.25,23473.25,23494.55,0
2026-05-14 04:55:00+00:00,23495.95,23517.5,23491.9,23506.4,0
2026-05-14 05:00:00+00:00,23507.65,23519.4,23504.05,23519.05,0
2026-05-14 05:05:00+00:00,23520.2,23537.5,23519.4,23529.4,0
2026-05-14 05:10:00+00:00,23530.55,23533.25,23496.8,23497.25,0
2026-05-14 05:15:00+00:00,23495.6,23495.6,23436.05,23437.2,0
2026-05-14 05:20:00+00:00,23439.0,23480.6,23426.55,23473.0,0
2026-05-14 05:25:00+00:00,23473.3,23473.75,23430.45,23430.45,0
2026-05-14 05:30:00+00:00,23432.9,23444.15,23431.65,23435.25,0
2026-05-14 05:35:00+00:00,23435.95,23446.4,23427.85,23432.1,0
2026-05-14 05:40:00+00:00,23433.45,23461.35,23429.7,23459.15,0
2026-05-14 05:45:00+00:00,23459.85,23502.95,23459.0,23502.95,0
2026-05-14 05:50:00+00:00,23503.85,23549.25,23500.7,23543.15,0
2026-05-14 05:55:00+00:00,23545.7,23577.8,23514.05,23567.4,0
2026-05-14 06:00:00+00:00,23568.5,23610.35,23566.6,23604.65,0
2026-05-14 06:05:00+00:00,23605.3,23634.2,23600.9,23628.05,0
2026-05-14 06:10:00+00:00,23629.15,23669.45,23612.25,23668.6,0
2026-05-14 06:15:00+00:00,23670.7,23683.55,23645.05,23681.25,0
2026-05-14 06:20:00+00:00,23683.35,23702.5,23669.4,23673.75,0
2026-05-14 06:25:00+00:00,23675.45,23689.3,23666.9,23684.6,0
2026-05-14 06:30:00+00:00,23685.55,23685.55,23645.95,23650.6,0
2026-05-14 06:35:00+00:00,23653.45,23669.3,23645.85,23650.65,0
2026-05-14 06:40:00+00:00,23651.95,23668.25,23636.45,23667.4,0
2026-05-14 06:45:00+00:00,23667.95,23708.1,23667.2,23681.65,0
2026-05-14 06:50:00+00:00,23682.6,23699.1,23680.2,23696.25,0
2026-05-14 06:55:00+00:00,23697.9,23708.3,23688.2,23692.65,0
2026-05-14 07:00:00+00:00,23695.2,23701.25,23679.2,23682.7,0
2026-05-14 07:05:00+00:00,23682.4,23690.15,23667.45,23677.35,0
2026-05-14 07:10:00+00:00,23679.45,23702.9,23673.1,23701.7,0
2026-05-14 07:15:00+00:00,23703.35,23713.0,23684.15,23710.55,0
2026-05-14 07:20:00+00:00,23711.75,23711.75,23675.8,23684.95,0
2026-05-14 07:25:00+00:00,23686.15,23697.1,23676.65,23689.0,0
2026-05-14 07:30:00+00:00,23690.2,23739.65,23689.3,23738.45,0
2026-05-14 07:35:00+00:00,23739.45,23747.8,23721.55,23722.75,0
2026-05-14 07:40:00+00:00,23723.4,23726.7,23695.9,23713.55,0
2026-05-14 07:45:00+00:00,23715.25,23732.85,23709.65,23721.15,0
2026-05-14 07:50:00+00:00,23722.15,23727.3,23710.65,23710.75,0
2026-05-14 07:55:00+00:00,23711.9,23729.5,23709.9,23715.15,0
2026-05-14 08:00:00+00:00,23718.1,23739.55,23709.3,23737.85,0
2026-05-14 08:05:00+00:00,23741.3,23760.45,23735.75,23739.25,0
2026-05-14 08:10:00+00:00,23740.55,23758.6,23738.05,23752.55,0
2026-05-14 08:15:00+00:00,23753.8,23763.65,23735.45,23740.9,0
2026-05-14 08:20:00+00:00,23742.5,23753.5,23725.95,23747.85,0
2026-05-14 08:25:00+00:00,23749.95,23756.15,23738.2,23751.35,0
2026-05-14 08:30:00+00:00,23751.85,23758.5,23740.0,23751.05,0
2026-05-14 08:35:00+00:00,23753.7,23768.75,23745.35,23758.05,0
2026-05-14 08:40:00+00:00,23759.6,23765.2,23741.45,23744.55,0
2026-05-14 08:45:00+00:00,23746.45,23757.6,23724.4,23724.9,0
2026-05-14 08:50:00+00:00,23727.35,23743.45,23719.8,23740.2,0
2026-05-14 08:55:00+00:00,23741.5,23757.8,23740.9,23755.35,0
2026-05-14 09:00:00+00:00,23756.1,23777.2,23750.15,23758.85,0
2026-05-14 09:05:00+00:00,23760.7,23761.05,23725.95,23737.75,0
2026-05-14 09:10:00+00:00,23739.75,23742.6,23722.3,23730.1,0
2026-05-14 09:15:00+00:00,23729.85,23733.0,23693.2,23694.7,0
2026-05-14 09:20:00+00:00,23695.5,23716.75,23692.35,23702.4,0
2026-05-14 09:25:00+00:00,23702.85,23722.9,23688.25,23710.15,0
2026-05-14 09:30:00+00:00,23711.65,23713.25,23690.2,23706.2,0
2026-05-14 09:35:00+00:00,23707.65,23707.65,23670.2,23672.9,0
2026-05-14 09:40:00+00:00,23673.8,23691.95,23670.9,23683.8,0
2026-05-14 09:45:00+00:00,23683.35,23691.0,23668.15,23687.3,0
2026-05-14 09:50:00+00:00,23687.25,23697.25,23679.35,23696.6,0
2026-05-14 09:55:00+00:00,23695.75,23719.55,23688.1,23713.75,0
2026-05-15 03:45:00+00:00,23731.4,23774.95,23663.35,23719.1,0
2026-05-15 03:50:00+00:00,23719.1,23765.7,23707.3,23764.9,0
2026-05-15 03:55:00+00:00,23764.95,23796.95,23751.85,23787.9,0
2026-05-15 04:00:00+00:00,23787.3,23790.25,23748.5,23749.6,0
2026-05-15 04:05:00+00:00,23748.8,23772.9,23734.1,23770.8,0
2026-05-15 04:10:00+00:00,23770.65,23803.15,23769.6,23802.1,0
2026-05-15 04:15:00+00:00,23802.5,23818.0,23792.55,23795.6,0
2026-05-15 04:20:00+00:00,23795.15,23824.75,23791.0,23823.15,0
2026-05-15 04:25:00+00:00,23823.0,23837.0,23817.95,23817.95,0
2026-05-15 04:30:00+00:00,23819.1,23821.35,23787.7,23818.35,0
2026-05-15 04:35:00+00:00,23818.55,23819.25,23785.25,23787.6,0
2026-05-15 04:40:00+00:00,23787.5,23801.45,23781.25,23800.25,0
2026-05-15 04:45:00+00:00,23800.3,23815.5,23792.5,23796.4,0
2026-05-15 04:50:00+00:00,23796.5,23821.0,23788.75,23820.5,0
2026-05-15 04:55:00+00:00,23820.6,23834.15,23820.2,23828.15,0
2026-05-15 05:00:00+00:00,23827.85,23829.25,23805.15,23815.15,0
2026-05-15 05:05:00+00:00,23815.15,23822.1,23802.85,23805.75,0
2026-05-15 05:10:00+00:00,23806.1,23823.2,23800.95,23817.05,0
2026-05-15 05:15:00+00:00,23816.9,23832.05,23816.9,23827.0,0
2026-05-15 05:20:00+00:00,23827.4,23839.3,23822.05,23830.45,0
2026-05-15 05:25:00+00:00,23830.5,23834.85,23820.25,23829.55,0
2026-05-15 05:30:00+00:00,23829.25,23830.75,23780.75,23782.35,0
2026-05-15 05:35:00+00:00,23782.0,23784.45,23741.8,23742.8,0
2026-05-15 05:40:00+00:00,23743.05,23757.2,23732.25,23743.55,0
2026-05-15 05:45:00+00:00,23743.55,23751.7,23713.55,23742.65,0
2026-05-15 05:50:00+00:00,23742.75,23747.65,23725.25,23726.35,0
2026-05-15 05:55:00+00:00,23727.35,23732.85,23712.4,23712.7,0
2026-05-15 06:00:00+00:00,23711.4,23720.1,23677.65,23716.85,0
2026-05-15 06:05:00+00:00,23717.6,23728.3,23704.95,23727.0,0
2026-05-15 06:10:00+00:00,23727.25,23730.45,23711.8,23721.75,0
2026-05-15 06:15:00+00:00,23721.55,23734.45,23717.2,23726.2,0
2026-05-15 06:20:00+00:00,23725.75,23735.3,23718.8,23720.95,0
2026-05-15 06:25:00+00:00,23720.9,23727.4,23713.4,23725.55,0
2026-05-15 06:30:00+00:00,23725.9,23755.85,23718.75,23754.05,0
2026-05-15 06:35:00+00:00,23754.15,23769.6,23752.25,23755.25,0
2026-05-15 06:40:00+00:00,23755.25,23765.6,23747.3,23751.15,0
2026-05-15 06:45:00+00:00,23751.0,23755.3,23731.15,23740.05,0
2026-05-15 06:50:00+00:00,23740.25,23741.7,23720.7,23725.5,0
2026-05-15 06:55:00+00:00,23725.45,23743.2,23718.7,23720.5,0
2026-05-15 07:00:00+00:00,23720.7,23736.45,23715.55,23736.35,0
2026-05-15 07:05:00+00:00,23736.45,23747.8,23734.1,23744.3,0
2026-05-15 07:10:00+00:00,23743.8,23769.7,23743.8,23767.5,0
2026-05-15 07:15:00+00:00,23768.65,23786.95,23766.05,23783.6,0
2026-05-15 07:20:00+00:00,23783.85,23797.5,23777.6,23782.35,0
2026-05-15 07:25:00+00:00,23782.3,23790.05,23774.65,23784.65,0
2026-05-15 07:30:00+00:00,23784.6,23787.35,23773.15,23775.45,0
2026-05-15 07:35:00+00:00,23775.65,23784.4,23766.65,23775.4,0
2026-05-15 07:40:00+00:00,23775.15,23786.2,23775.1,23780.65,0
2026-05-15 07:45:00+00:00,23780.95,23785.85,23770.45,23785.85,0
2026-05-15 07:50:00+00:00,23785.9,23787.8,23774.05,23776.05,0
2026-05-15 07:55:00+00:00,23777.0,23785.2,23765.7,23776.1,0
2026-05-15 08:00:00+00:00,23776.05,23779.6,23758.5,23761.55,0
2026-05-15 08:05:00+00:00,23761.7,23770.8,23737.0,23739.7,0
2026-05-15 08:10:00+00:00,23740.0,23742.65,23728.0,23739.2,0
2026-05-15 08:15:00+00:00,23738.8,23750.65,23702.3,23711.0,0
2026-05-15 08:20:00+00:00,23711.5,23733.85,23699.55,23728.7,0
2026-05-15 08:25:00+00:00,23728.45,23734.75,23705.25,23713.55,0
2026-05-15 08:30:00+00:00,23712.95,23714.65,23694.45,23694.95,0
2026-05-15 08:35:00+00:00,23694.4,23715.0,23693.7,23713.8,0
2026-05-15 08:40:00+00:00,23713.55,23722.35,23704.45,23722.35,0
2026-05-15 08:45:00+00:00,23722.3,23726.65,23704.7,23718.1,0
2026-05-15 08:50:00+00:00,23717.2,23720.2,23701.6,23706.75,0
2026-05-15 08:55:00+00:00,23707.1,23708.5,23685.3,23695.7,0
2026-05-15 09:00:00+00:00,23696.95,23702.95,23676.6,23695.05,0
2026-05-15 09:05:00+00:00,23695.6,23703.2,23685.1,23692.55,0
2026-05-15 09:10:00+00:00,23693.1,23705.3,23689.65,23690.75,0
2026-05-15 09:15:00+00:00,23690.6,23692.25,23625.5,23625.95,0
2026-05-15 09:20:00+00:00,23626.05,23633.3,23610.3,23618.7,0
2026-05-15 09:25:00+00:00,23618.8,23658.15,23611.5,23646.1,0
2026-05-15 09:30:00+00:00,23643.85,23674.75,23633.8,23674.2,0
2026-05-15 09:35:00+00:00,23675.25,23678.35,23644.0,23647.85,0
2026-05-15 09:40:00+00:00,23647.2,23653.2,23640.1,23644.1,0
2026-05-15 09:45:00+00:00,23643.6,23645.85,23616.5,23637.15,0
2026-05-15 09:50:00+00:00,23638.65,23646.85,23626.0,23632.85,0
2026-05-15 09:55:00+00:00,23633.45,23660.75,23625.3,23659.35,0
2026-05-18 03:45:00+00:00,23482.2,23494.6,23371.8,23400.5,0
2026-05-18 03:50:00+00:00,23399.5,23413.35,23383.35,23401.5,0
2026-05-18 03:55:00+00:00,23402.4,23405.45,23363.05,23373.1,0
2026-05-18 04:00:00+00:00,23373.15,23394.95,23359.65,23388.2,0
2026-05-18 04:05:00+00:00,23387.9,23394.8,23347.35,23358.4,0
2026-05-18 04:10:00+00:00,23358.5,23383.5,23349.7,23371.05,0
2026-05-18 04:15:00+00:00,23370.75,23372.2,23341.25,23342.4,0
2026-05-18 04:20:00+00:00,23342.6,23345.1,23322.3,23325.05,0
2026-05-18 04:25:00+00:00,23325.35,23342.05,23317.1,23341.15,0
2026-05-18 04:30:00+00:00,23340.8,23364.05,23339.5,23361.05,0
2026-05-18 04:35:00+00:00,23361.1,23366.5,23340.3,23350.9,0
2026-05-18 04:40:00+00:00,23350.75,23366.4,23348.7,23362.4,0
2026-05-18 04:45:00+00:00,23362.3,23389.45,23353.9,23384.9,0
2026-05-18 04:50:00+00:00,23385.0,23389.05,23373.5,23381.9,0
2026-05-18 04:55:00+00:00,23382.2,23385.95,23375.5,23379.85,0
2026-05-18 05:00:00+00:00,23379.75,23414.4,23355.55,23413.65,0
2026-05-18 05:05:00+00:00,23414.05,23439.7,23412.55,23429.0,0
2026-05-18 05:10:00+00:00,23429.0,23433.5,23403.95,23417.2,0
2026-05-18 05:15:00+00:00,23417.8,23418.1,23389.6,23408.65,0
2026-05-18 05:20:00+00:00,23408.15,23445.3,23408.15,23443.7,0
2026-05-18 05:25:00+00:00,23443.55,23465.95,23442.7,23465.1,0
2026-05-18 05:30:00+00:00,23464.9,23471.45,23452.6,23455.25,0
2026-05-18 05:35:00+00:00,23455.15,23477.75,23454.75,23476.4,0
2026-05-18 05:40:00+00:00,23477.1,23477.75,23460.6,23470.1,0
2026-05-18 05:45:00+00:00,23470.2,23495.15,23465.85,23494.05,0
2026-05-18 05:50:00+00:00,23494.3,23518.6,23476.05,23516.2,0
2026-05-18 05:55:00+00:00,23516.4,23519.9,23494.2,23495.8,0
2026-05-18 06:00:00+00:00,23495.8,23532.8,23494.4,23528.55,0
2026-05-18 06:05:00+00:00,23529.25,23562.75,23524.55,23560.65,0
2026-05-18 06:10:00+00:00,23560.7,23561.1,23525.15,23534.25,0
2026-05-18 06:15:00+00:00,23534.55,23538.25,23502.8,23512.7,0
2026-05-18 06:20:00+00:00,23512.55,23512.9,23499.3,23499.7,0
2026-05-18 06:25:00+00:00,23500.1,23509.65,23473.7,23474.7,0
2026-05-18 06:30:00+00:00,23474.75,23485.5,23468.35,23477.9,0
2026-05-18 06:35:00+00:00,23477.7,23500.15,23477.7,23492.5,0
2026-05-18 06:40:00+00:00,23492.45,23525.65,23492.0,23524.75,0
2026-05-18 06:45:00+00:00,23524.15,23535.15,23513.15,23520.7,0
2026-05-18 06:50:00+00:00,23521.2,23537.15,23518.45,23535.95,0
2026-05-18 06:55:00+00:00,23536.0,23558.15,23536.0,23553.45,0
2026-05-18 07:00:00+00:00,23553.5,23601.2,23553.5,23593.95,0
2026-05-18 07:05:00+00:00,23593.1,23610.0,23591.7,23604.4,0
2026-05-18 07:10:00+00:00,23604.25,23608.05,23578.75,23584.75,0
2026-05-18 07:15:00+00:00,23585.0,23588.75,23572.65,23578.75,0
2026-05-18 07:20:00+00:00,23579.2,23592.1,23577.0,23589.25,0
2026-05-18 07:25:00+00:00,23589.5,23637.9,23589.05,23636.9,0
2026-05-18 07:30:00+00:00,23637.15,23661.65,23634.5,23646.35,0
2026-05-18 07:35:00+00:00,23645.9,23647.25,23605.25,23610.35,0
2026-05-18 07:40:00+00:00,23610.65,23616.45,23592.25,23615.9,0
2026-05-18 07:45:00+00:00,23615.5,23628.75,23613.9,23620.35,0
2026-05-18 07:50:00+00:00,23620.5,23627.75,23596.45,23627.7,0
2026-05-18 07:55:00+00:00,23628.0,23634.25,23610.1,23618.95,0
2026-05-18 08:00:00+00:00,23618.35,23633.5,23611.8,23621.5,0
2026-05-18 08:05:00+00:00,23622.15,23628.4,23606.2,23607.05,0
2026-05-18 08:10:00+00:00,23607.0,23630.8,23599.15,23622.4,0
2026-05-18 08:15:00+00:00,23622.05,23625.5,23604.05,23624.45,0
2026-05-18 08:20:00+00:00,23625.05,23646.35,23623.1,23642.85,0
2026-05-18 08:25:00+00:00,23642.5,23659.4,23634.05,23640.9,0
2026-05-18 08:30:00+00:00,23641.25,23652.0,23627.4,23641.3,0
2026-05-18 08:35:00+00:00,23642.25,23644.2,23612.65,23615.15,0
2026-05-18 08:40:00+00:00,23615.15,23638.1,23606.7,23624.85,0
2026-05-18 08:45:00+00:00,23624.9,23624.9,23599.0,23612.15,0
2026-05-18 08:50:00+00:00,23612.4,23619.45,23591.05,23591.05,0
2026-05-18 08:55:00+00:00,23590.75,23620.7,23583.85,23614.35,0
2026-05-18 09:00:00+00:00,23613.5,23624.25,23595.9,23597.4,0
2026-05-18 09:05:00+00:00,23597.8,23603.75,23586.05,23587.1,0
2026-05-18 09:10:00+00:00,23586.6,23611.3,23582.0,23602.95,0
2026-05-18 09:15:00+00:00,23603.35,23607.9,23585.75,23585.75,0
2026-05-18 09:20:00+00:00,23586.05,23595.5,23583.5,23592.1,0
2026-05-18 09:25:00+00:00,23592.65,23598.0,23581.95,23591.5,0
2026-05-18 09:30:00+00:00,23591.0,23695.65,23590.25,23662.7,0
2026-05-18 09:35:00+00:00,23662.45,23674.25,23629.1,23637.7,0
2026-05-18 09:40:00+00:00,23638.05,23649.8,23631.65,23634.6,0
2026-05-18 09:45:00+00:00,23634.25,23635.6,23619.3,23626.9,0
2026-05-18 09:50:00+00:00,23626.95,23658.35,23626.2,23657.3,0
2026-05-18 09:55:00+00:00,23657.0,23658.4,23640.05,23644.45,0
2026-05-19 03:45:00+00:00,23675.3,23741.0,23675.25,23734.8,0
2026-05-19 03:50:00+00:00,23736.45,23758.45,23719.8,23748.95,0
2026-05-19 03:55:00+00:00,23749.05,23765.65,23746.15,23756.9,0
2026-05-19 04:00:00+00:00,23759.6,23768.95,23683.55,23684.0,0
2026-05-19 04:05:00+00:00,23685.3,23707.7,23647.4,23706.75,0
2026-05-19 04:10:00+00:00,23707.35,23757.9,23707.35,23749.2,0
2026-05-19 04:15:00+00:00,23751.2,23751.7,23706.1,23714.15,0
2026-05-19 04:20:00+00:00,23716.05,23722.15,23689.35,23695.05,0
2026-05-19 04:25:00+00:00,23696.8,23703.8,23677.6,23678.15,0
2026-05-19 04:30:00+00:00,23679.0,23721.0,23678.15,23699.25,0
2026-05-19 04:35:00+00:00,23699.85,23730.2,23696.5,23722.8,0
2026-05-19 04:40:00+00:00,23723.9,23762.9,23720.9,23753.45,0
2026-05-19 04:45:00+00:00,23753.75,23762.6,23724.9,23725.7,0
2026-05-19 04:50:00+00:00,23726.5,23743.3,23724.0,23739.2,0
2026-05-19 04:55:00+00:00,23740.75,23756.75,23739.1,23751.05,0
2026-05-19 05:00:00+00:00,23752.9,23757.85,23735.75,23744.85,0
2026-05-19 05:05:00+00:00,23745.95,23754.05,23734.2,23753.15,0
2026-05-19 05:10:00+00:00,23754.0,23765.15,23743.15,23764.75,0
2026-05-19 05:15:00+00:00,23765.3,23774.75,23750.4,23757.45,0
2026-05-19 05:20:00+00:00,23758.35,23767.55,23724.9,23742.1,0
2026-05-19 05:25:00+00:00,23742.3,23782.3,23741.15,23771.95,0
2026-05-19 05:30:00+00:00,23772.1,23774.95,23744.1,23751.55,0
2026-05-19 05:35:00+00:00,23752.65,23752.65,23738.45,23743.85,0
2026-05-19 05:40:00+00:00,23745.25,23754.0,23718.1,23719.75,0
2026-05-19 05:45:00+00:00,23720.55,23721.55,23695.35,23708.0,0
2026-05-19 05:50:00+00:00,23709.25,23721.4,23698.45,23713.75,0
2026-05-19 05:55:00+00:00,23714.35,23728.35,23707.05,23727.85,0
2026-05-19 06:00:00+00:00,23728.15,23728.15,23705.05,23718.2,0
2026-05-19 06:05:00+00:00,23720.7,23728.5,23704.85,23724.15,0
2026-05-19 06:10:00+00:00,23725.25,23754.75,23721.7,23750.05,0
2026-05-19 06:15:00+00:00,23752.2,23763.75,23745.7,23754.4,0
2026-05-19 06:20:00+00:00,23755.8,23763.85,23754.2,23760.15,0
2026-05-19 06:25:00+00:00,23760.95,23772.75,23752.9,23754.65,0
2026-05-19 06:30:00+00:00,23755.6,23755.6,23733.75,23741.4,0
2026-05-19 06:35:00+00:00,23742.8,23747.95,23734.65,23741.45,0
2026-05-19 06:40:00+00:00,23742.2,23749.7,23739.8,23743.05,0
2026-05-19 06:45:00+00:00,23744.55,23747.55,23730.7,23744.55,0
2026-05-19 06:50:00+00:00,23746.3,23753.8,23727.45,23733.6,0
2026-05-19 06:55:00+00:00,23734.75,23755.5,23724.25,23752.4,0
2026-05-19 07:00:00+00:00,23753.75,23753.75,23729.55,23736.0,0
2026-05-19 07:05:00+00:00,23737.1,23743.2,23722.15,23740.7,0
2026-05-19 07:10:00+00:00,23741.65,23741.8,23726.9,23738.05,0
2026-05-19 07:15:00+00:00,23738.65,23743.2,23721.0,23727.6,0
2026-05-19 07:20:00+00:00,23729.65,23731.7,23719.3,23728.45,0
2026-05-19 07:25:00+00:00,23729.4,23732.15,23721.85,23723.9,0
2026-05-19 07:30:00+00:00,23725.25,23735.75,23711.65,23713.35,0
2026-05-19 07:35:00+00:00,23714.4,23729.45,23707.05,23724.75,0
2026-05-19 07:40:00+00:00,23724.8,23724.95,23706.1,23708.35,0
2026-05-19 07:45:00+00:00,23709.6,23738.85,23701.45,23728.9,0
2026-05-19 07:50:00+00:00,23730.1,23732.85,23721.5,23732.85,0
2026-05-19 07:55:00+00:00,23733.75,23733.75,23720.85,23724.85,0
2026-05-19 08:00:00+00:00,23726.7,23743.3,23723.65,23730.9,0
2026-05-19 08:05:00+00:00,23731.8,23731.8,23685.85,23709.15,0
2026-05-19 08:10:00+00:00,23710.35,23710.35,23694.35,23696.85,0
2026-05-19 08:15:00+00:00,23697.3,23716.0,23695.9,23704.5,0
2026-05-19 08:20:00+00:00,23705.65,23711.4,23697.35,23699.55,0
2026-05-19 08:25:00+00:00,23700.6,23700.6,23674.0,23689.1,0
2026-05-19 08:30:00+00:00,23691.35,23719.45,23684.55,23714.9,0
2026-05-19 08:35:00+00:00,23716.7,23719.5,23704.6,23705.35,0
2026-05-19 08:40:00+00:00,23706.5,23725.35,23700.7,23717.35,0
2026-05-19 08:45:00+00:00,23718.05,23736.55,23715.4,23716.2,0
2026-05-19 08:50:00+00:00,23717.25,23726.95,23699.7,23710.15,0
2026-05-19 08:55:00+00:00,23711.35,23718.45,23701.35,23703.15,0
2026-05-19 09:00:00+00:00,23704.45,23705.3,23690.2,23701.2,0
2026-05-19 09:05:00+00:00,23701.1,23701.65,23672.25,23682.0,0
2026-05-19 09:10:00+00:00,23682.05,23691.35,23649.0,23657.2,0
2026-05-19 09:15:00+00:00,23657.4,23657.75,23632.35,23653.0,0
2026-05-19 09:20:00+00:00,23653.45,23666.9,23644.55,23647.25,0
2026-05-19 09:25:00+00:00,23648.5,23665.45,23646.25,23655.15,0
2026-05-19 09:30:00+00:00,23655.4,23659.3,23623.1,23632.35,0
2026-05-19 09:35:00+00:00,23630.55,23642.65,23624.5,23625.6,0
2026-05-19 09:40:00+00:00,23625.95,23628.2,23608.0,23624.4,0
2026-05-19 09:45:00+00:00,23624.55,23629.2,23600.9,23609.05,0
2026-05-19 09:50:00+00:00,23608.2,23612.5,23592.4,23597.0,0
2026-05-19 09:55:00+00:00,23596.85,23607.15,23587.2,23606.2,0
2026-05-20 03:45:00+00:00,23457.25,23469.9,23397.3,23459.9,0
2026-05-20 03:50:00+00:00,23461.45,23464.85,23442.45,23458.7,0
2026-05-20 03:55:00+00:00,23458.4,23481.95,23453.75,23476.95,0
2026-05-20 04:00:00+00:00,23477.85,23524.9,23473.5,23520.15,0
2026-05-20 04:05:00+00:00,23521.65,23535.75,23506.1,23533.2,0
2026-05-20 04:10:00+00:00,23534.8,23536.9,23498.55,23524.25,0
2026-05-20 04:15:00+00:00,23523.25,23536.45,23511.95,23522.25,0
2026-05-20 04:20:00+00:00,23521.25,23541.45,23520.9,23526.55,0
2026-05-20 04:25:00+00:00,23526.5,23548.6,23516.5,23541.9,0
2026-05-20 04:30:00+00:00,23541.8,23546.65,23495.75,23503.9,0
2026-05-20 04:35:00+00:00,23504.6,23505.2,23486.1,23500.4,0
2026-05-20 04:40:00+00:00,23500.45,23512.0,23491.65,23500.55,0
2026-05-20 04:45:00+00:00,23500.3,23512.1,23494.6,23500.0,0
2026-05-20 04:50:00+00:00,23498.9,23505.1,23476.75,23478.05,0
2026-05-20 04:55:00+00:00,23477.95,23519.9,23475.65,23519.9,0
2026-05-20 05:00:00+00:00,23519.9,23567.45,23519.9,23562.1,0
2026-05-20 05:05:00+00:00,23562.55,23576.15,23561.65,23562.65,0
2026-05-20 05:10:00+00:00,23562.1,23564.8,23530.65,23532.7,0
2026-05-20 05:15:00+00:00,23532.95,23535.25,23503.65,23506.45,0
2026-05-20 05:20:00+00:00,23506.8,23546.9,23506.8,23546.3,0
2026-05-20 05:25:00+00:00,23546.1,23549.35,23538.6,23546.4,0
2026-05-20 05:30:00+00:00,23546.75,23573.2,23546.75,23564.45,0
2026-05-20 05:35:00+00:00,23564.15,23580.75,23562.4,23575.6,0
2026-05-20 05:40:00+00:00,23574.95,23582.6,23562.2,23562.2,0
2026-05-20 05:45:00+00:00,23561.75,23573.35,23558.3,23564.95,0
2026-05-20 05:50:00+00:00,23565.4,23598.15,23564.0,23582.05,0
2026-05-20 05:55:00+00:00,23582.4,23602.75,23582.4,23599.85,0
2026-05-20 06:00:00+00:00,23599.95,23608.3,23588.55,23594.5,0
2026-05-20 06:05:00+00:00,23594.5,23618.15,23588.5,23609.35,0
2026-05-20 06:10:00+00:00,23609.6,23610.8,23594.8,23605.05,0
2026-05-20 06:15:00+00:00,23605.3,23639.45,23604.9,23635.55,0
2026-05-20 06:20:00+00:00,23635.3,23640.25,23615.15,23626.9,0
2026-05-20 06:25:00+00:00,23626.85,23629.75,23608.15,23608.15,0
2026-05-20 06:30:00+00:00,23609.1,23613.65,23591.25,23592.35,0
2026-05-20 06:35:00+00:00,23592.65,23594.1,23577.0,23580.05,0
2026-05-20 06:40:00+00:00,23579.95,23587.45,23577.3,23579.95,0
2026-05-20 06:45:00+00:00,23580.0,23598.35,23579.5,23583.55,0
2026-05-20 06:50:00+00:00,23583.25,23608.45,23582.8,23601.95,0
2026-05-20 06:55:00+00:00,23602.55,23603.8,23581.65,23588.0,0
2026-05-20 07:00:00+00:00,23588.6,23596.85,23583.05,23590.55,0
2026-05-20 07:05:00+00:00,23590.7,23602.0,23586.9,23600.2,0
2026-05-20 07:10:00+00:00,23600.4,23606.45,23591.75,23602.8,0
2026-05-20 07:15:00+00:00,23603.4,23613.2,23598.7,23601.9,0
2026-05-20 07:20:00+00:00,23602.1,23611.4,23601.25,23605.95,0
2026-05-20 07:25:00+00:00,23606.15,23615.4,23604.7,23612.75,0
2026-05-20 07:30:00+00:00,23612.45,23617.05,23599.95,23602.2,0
2026-05-20 07:35:00+00:00,23603.25,23606.95,23588.75,23601.95,0
2026-05-20 07:40:00+00:00,23602.45,23612.9,23599.05,23601.4,0
2026-05-20 07:45:00+00:00,23601.5,23603.95,23579.75,23585.3,0
2026-05-20 07:50:00+00:00,23585.35,23596.8,23576.3,23583.25,0
2026-05-20 07:55:00+00:00,23583.5,23597.45,23561.85,23567.1,0
2026-05-20 08:00:00+00:00,23567.5,23598.7,23565.8,23597.05,0
2026-05-20 08:05:00+00:00,23597.15,23620.9,23592.1,23604.1,0
2026-05-20 08:10:00+00:00,23604.45,23605.9,23590.15,23595.85,0
2026-05-20 08:15:00+00:00,23596.4,23601.55,23590.8,23597.3,0
2026-05-20 08:20:00+00:00,23597.35,23605.1,23588.55,23605.1,0
2026-05-20 08:25:00+00:00,23604.9,23628.15,23603.0,23628.15,0
2026-05-20 08:30:00+00:00,23628.05,23644.65,23623.25,23630.2,0
2026-05-20 08:35:00+00:00,23630.1,23662.7,23626.8,23661.1,0
2026-05-20 08:40:00+00:00,23661.1,23664.4,23651.3,23651.95,0
2026-05-20 08:45:00+00:00,23652.25,23659.0,23643.1,23647.4,0
2026-05-20 08:50:00+00:00,23646.7,23678.95,23641.95,23674.1,0
2026-05-20 08:55:00+00:00,23674.15,23675.4,23655.35,23665.35,0
2026-05-20 09:00:00+00:00,23665.45,23675.7,23655.9,23660.9,0
2026-05-20 09:05:00+00:00,23660.8,23669.9,23652.6,23668.4,0
2026-05-20 09:10:00+00:00,23668.6,23681.55,23668.6,23677.6,0
2026-05-20 09:15:00+00:00,23677.75,23684.75,23673.65,23684.05,0
2026-05-20 09:20:00+00:00,23684.15,23688.35,23674.75,23685.1,0
2026-05-20 09:25:00+00:00,23684.95,23690.9,23679.1,23679.15,0
2026-05-20 09:30:00+00:00,23680.1,23680.75,23639.6,23643.5,0
2026-05-20 09:35:00+00:00,23643.75,23673.45,23641.7,23672.35,0
2026-05-20 09:40:00+00:00,23672.35,23675.3,23664.85,23667.9,0
2026-05-20 09:45:00+00:00,23668.05,23671.05,23658.55,23659.5,0
2026-05-20 09:50:00+00:00,23659.95,23663.1,23651.4,23658.3,0
2026-05-20 09:55:00+00:00,23660.65,23672.35,23654.85,23664.15,0
2026-05-21 03:45:00+00:00,23830.05,23859.9,23765.1,23768.45,0
2026-05-21 03:50:00+00:00,23768.0,23787.3,23752.05,23775.05,0
2026-05-21 03:55:00+00:00,23776.8,23780.85,23750.85,23758.1,0
2026-05-21 04:00:00+00:00,23760.15,23774.7,23728.05,23738.3,0
2026-05-21 04:05:00+00:00,23740.4,23773.2,23731.3,23768.95,0
2026-05-21 04:10:00+00:00,23769.5,23794.2,23755.8,23793.15,0
2026-05-21 04:15:00+00:00,23793.9,23796.85,23777.2,23785.55,0
2026-05-21 04:20:00+00:00,23787.4,23812.0,23781.75,23807.05,0
2026-05-21 04:25:00+00:00,23808.25,23810.3,23767.9,23768.35,0
2026-05-21 04:30:00+00:00,23769.55,23790.1,23768.3,23781.85,0
2026-05-21 04:35:00+00:00,23782.95,23785.65,23752.95,23763.6,0
2026-05-21 04:40:00+00:00,23766.55,23774.1,23759.65,23767.45,0
2026-05-21 04:45:00+00:00,23768.2,23784.8,23767.45,23776.5,0
2026-05-21 04:50:00+00:00,23777.7,23783.15,23766.75,23770.6,0
2026-05-21 04:55:00+00:00,23771.75,23790.55,23765.35,23780.0,0
2026-05-21 05:00:00+00:00,23781.75,23790.0,23761.25,23762.25,0
2026-05-21 05:05:00+00:00,23762.45,23767.4,23729.4,23736.35,0
2026-05-21 05:10:00+00:00,23738.0,23764.8,23734.25,23764.8,0
2026-05-21 05:15:00+00:00,23765.75,23774.2,23746.6,23748.95,0
2026-05-21 05:20:00+00:00,23750.55,23753.05,23733.35,23748.85,0
2026-05-21 05:25:00+00:00,23750.9,23750.9,23717.85,23723.75,0
2026-05-21 05:30:00+00:00,23726.15,23726.15,23706.9,23713.4,0
2026-05-21 05:35:00+00:00,23715.2,23717.65,23704.75,23717.4,0
2026-05-21 05:40:00+00:00,23718.9,23718.9,23695.35,23697.05,0
2026-05-21 05:45:00+00:00,23698.2,23698.2,23639.9,23678.65,0
2026-05-21 05:50:00+00:00,23679.35,23714.9,23675.6,23713.6,0
2026-05-21 05:55:00+00:00,23715.45,23746.45,23706.75,23742.55,0
2026-05-21 06:00:00+00:00,23744.2,23744.4,23725.75,23735.05,0
2026-05-21 06:05:00+00:00,23736.25,23740.2,23729.15,23729.9,0
2026-05-21 06:10:00+00:00,23732.4,23733.95,23721.7,23731.15,0
2026-05-21 06:15:00+00:00,23731.65,23734.65,23716.45,23723.55,0
2026-05-21 06:20:00+00:00,23724.1,23744.8,23721.25,23726.7,0
2026-05-21 06:25:00+00:00,23727.4,23732.25,23711.65,23716.75,0
2026-05-21 06:30:00+00:00,23717.7,23742.25,23717.35,23732.05,0
2026-05-21 06:35:00+00:00,23731.85,23741.25,23725.75,23734.0,0
2026-05-21 06:40:00+00:00,23735.75,23740.9,23704.8,23705.05,0
2026-05-21 06:45:00+00:00,23706.05,23718.9,23692.95,23708.5,0
2026-05-21 06:50:00+00:00,23710.3,23716.0,23691.0,23692.15,0
2026-05-21 06:55:00+00:00,23692.55,23697.6,23649.5,23663.8,0
2026-05-21 07:00:00+00:00,23663.4,23673.95,23652.0,23669.6,0
2026-05-21 07:05:00+00:00,23669.35,23669.85,23624.1,23632.35,0
2026-05-21 07:10:00+00:00,23632.1,23648.95,23607.35,23640.1,0
2026-05-21 07:15:00+00:00,23641.25,23641.25,23613.85,23630.9,0
2026-05-21 07:20:00+00:00,23631.2,23646.85,23630.3,23641.65,0
2026-05-21 07:25:00+00:00,23641.35,23643.3,23619.35,23624.2,0
2026-05-21 07:30:00+00:00,23625.2,23627.5,23596.6,23620.0,0
2026-05-21 07:35:00+00:00,23619.85,23641.8,23614.75,23637.75,0
2026-05-21 07:40:00+00:00,23637.8,23653.95,23632.45,23640.7,0
2026-05-21 07:45:00+00:00,23641.25,23647.95,23635.9,23643.4,0
2026-05-21 07:50:00+00:00,23643.4,23651.1,23635.6,23636.7,0
2026-05-21 07:55:00+00:00,23637.8,23643.4,23630.65,23631.6,0
2026-05-21 08:00:00+00:00,23632.4,23649.25,23622.75,23647.35,0
2026-05-21 08:05:00+00:00,23648.35,23674.55,23645.25,23663.35,0
2026-05-21 08:10:00+00:00,23663.5,23687.5,23662.2,23681.35,0
2026-05-21 08:15:00+00:00,23681.75,23691.8,23664.4,23665.15,0
2026-05-21 08:20:00+00:00,23665.0,23666.45,23645.85,23650.6,0
2026-05-21 08:25:00+00:00,23651.6,23675.85,23640.3,23673.35,0
2026-05-21 08:30:00+00:00,23673.95,23674.05,23644.9,23648.6,0
2026-05-21 08:35:00+00:00,23648.65,23651.1,23639.9,23642.7,0
2026-05-21 08:40:00+00:00,23642.55,23663.3,23638.1,23652.15,0
2026-05-21 08:45:00+00:00,23652.1,23656.7,23638.4,23651.55,0
2026-05-21 08:50:00+00:00,23651.75,23673.2,23651.6,23672.7,0
2026-05-21 08:55:00+00:00,23671.15,23678.35,23645.35,23652.4,0
2026-05-21 09:00:00+00:00,23653.6,23682.9,23650.4,23663.6,0
2026-05-21 09:05:00+00:00,23661.1,23678.05,23659.0,23663.1,0
2026-05-21 09:10:00+00:00,23663.7,23705.4,23660.5,23671.85,0
2026-05-21 09:15:00+00:00,23671.1,23691.3,23669.5,23678.3,0
2026-05-21 09:20:00+00:00,23679.1,23696.6,23673.55,23686.55,0
2026-05-21 09:25:00+00:00,23686.8,23693.5,23673.05,23679.55,0
2026-05-21 09:30:00+00:00,23678.75,23691.3,23649.25,23669.4,0
2026-05-21 09:35:00+00:00,23670.7,23678.25,23649.45,23655.2,0
2026-05-21 09:40:00+00:00,23654.8,23668.0,23637.05,23639.1,0
2026-05-21 09:45:00+00:00,23639.55,23649.75,23631.1,23636.6,0
2026-05-21 09:50:00+00:00,23635.9,23650.65,23633.7,23644.5,0
2026-05-21 09:55:00+00:00,23644.45,23652.45,23636.05,23648.6,0
2026-05-22 03:45:00+00:00,23671.2,23710.8,23671.0,23693.5,0
2026-05-22 03:50:00+00:00,23692.85,23756.65,23692.85,23752.85,0
2026-05-22 03:55:00+00:00,23753.25,23756.25,23731.2,23738.6,0
2026-05-22 04:00:00+00:00,23738.6,23764.85,23733.1,23762.75,0
2026-05-22 04:05:00+00:00,23763.65,23778.6,23749.55,23755.85,0
2026-05-22 04:10:00+00:00,23755.5,23765.4,23729.55,23752.95,0
2026-05-22 04:15:00+00:00,23753.3,23761.2,23739.2,23740.8,0
2026-05-22 04:20:00+00:00,23740.95,23784.75,23740.55,23774.1,0
2026-05-22 04:25:00+00:00,23774.35,23788.8,23763.85,23779.65,0
2026-05-22 04:30:00+00:00,23778.6,23781.35,23767.05,23767.3,0
2026-05-22 04:35:00+00:00,23766.5,23787.5,23759.4,23785.5,0
2026-05-22 04:40:00+00:00,23785.15,23800.15,23785.15,23791.7,0
2026-05-22 04:45:00+00:00,23791.65,23795.4,23759.9,23764.1,0
2026-05-22 04:50:00+00:00,23763.5,23785.4,23762.9,23765.65,0
2026-05-22 04:55:00+00:00,23765.45,23776.1,23759.65,23761.45,0
2026-05-22 05:00:00+00:00,23761.35,23786.6,23761.35,23778.15,0
2026-05-22 05:05:00+00:00,23778.3,23782.6,23765.4,23773.05,0
2026-05-22 05:10:00+00:00,23773.75,23795.15,23773.75,23792.7,0
2026-05-22 05:15:00+00:00,23793.0,23797.85,23775.1,23783.9,0
2026-05-22 05:20:00+00:00,23784.3,23789.55,23775.45,23785.6,0
2026-05-22 05:25:00+00:00,23785.6,23786.45,23776.45,23780.75,0
2026-05-22 05:30:00+00:00,23781.2,23782.55,23771.45,23777.6,0
2026-05-22 05:35:00+00:00,23777.6,23782.5,23769.5,23775.05,0
2026-05-22 05:40:00+00:00,23774.7,23779.15,23765.95,23771.6,0
2026-05-22 05:45:00+00:00,23772.45,23774.65,23765.45,23766.6,0
2026-05-22 05:50:00+00:00,23767.0,23789.3,23756.1,23785.0,0
2026-05-22 05:55:00+00:00,23785.1,23786.7,23750.7,23758.9,0
2026-05-22 06:00:00+00:00,23758.2,23767.75,23750.05,23757.5,0
2026-05-22 06:05:00+00:00,23757.25,23775.2,23756.05,23774.05,0
2026-05-22 06:10:00+00:00,23774.2,23808.9,23771.95,23808.25,0
2026-05-22 06:15:00+00:00,23807.7,23828.5,23804.1,23809.25,0
2026-05-22 06:20:00+00:00,23809.25,23811.15,23801.45,23804.55,0
2026-05-22 06:25:00+00:00,23804.85,23809.75,23800.7,23804.85,0
2026-05-22 06:30:00+00:00,23804.9,23808.35,23793.3,23794.95,0
2026-05-22 06:35:00+00:00,23795.1,23801.1,23789.8,23791.3,0
2026-05-22 06:40:00+00:00,23790.7,23808.3,23790.45,23798.6,0
2026-05-22 06:45:00+00:00,23798.4,23802.45,23792.2,23794.35,0
2026-05-22 06:50:00+00:00,23794.75,23796.75,23775.6,23775.7,0
2026-05-22 06:55:00+00:00,23776.05,23784.4,23771.45,23774.75,0
2026-05-22 07:00:00+00:00,23774.85,23776.9,23758.85,23775.05,0
2026-05-22 07:05:00+00:00,23775.3,23780.15,23769.25,23778.9,0
2026-05-22 07:10:00+00:00,23779.5,23798.5,23777.3,23792.6,0
2026-05-22 07:15:00+00:00,23792.95,23816.85,23789.25,23813.0,0
2026-05-22 07:20:00+00:00,23813.0,23833.7,23813.0,23831.55,0
2026-05-22 07:25:00+00:00,23831.45,23835.65,23825.0,23827.45,0
2026-05-22 07:30:00+00:00,23828.25,23833.25,23819.3,23827.95,0
2026-05-22 07:35:00+00:00,23828.5,23829.0,23812.95,23819.4,0
2026-05-22 07:40:00+00:00,23819.55,23826.45,23816.95,23819.1,0
2026-05-22 07:45:00+00:00,23819.3,23822.65,23807.55,23812.1,0
2026-05-22 07:50:00+00:00,23812.5,23820.7,23804.8,23809.15,0
2026-05-22 07:55:00+00:00,23808.05,23816.6,23803.6,23809.4,0
2026-05-22 08:00:00+00:00,23809.1,23818.2,23805.15,23816.2,0
2026-05-22 08:05:00+00:00,23816.15,23817.1,23805.4,23809.05,0
2026-05-22 08:10:00+00:00,23809.2,23813.7,23800.8,23801.25,0
2026-05-22 08:15:00+00:00,23801.2,23822.7,23800.5,23803.9,0
2026-05-22 08:20:00+00:00,23803.9,23811.35,23796.65,23798.0,0
2026-05-22 08:25:00+00:00,23796.8,23799.2,23782.5,23792.15,0
2026-05-22 08:30:00+00:00,23792.2,23795.6,23758.6,23761.75,0
2026-05-22 08:35:00+00:00,23761.75,23781.5,23744.8,23778.35,0
2026-05-22 08:40:00+00:00,23778.25,23781.6,23767.25,23778.2,0
2026-05-22 08:45:00+00:00,23778.25,23781.7,23761.35,23761.4,0
2026-05-22 08:50:00+00:00,23761.4,23766.5,23748.6,23760.0,0
2026-05-22 08:55:00+00:00,23759.85,23765.45,23739.1,23739.3,0
2026-05-22 09:00:00+00:00,23739.4,23752.5,23721.2,23745.25,0
2026-05-22 09:05:00+00:00,23745.1,23748.2,23720.65,23723.9,0
2026-05-22 09:10:00+00:00,23723.3,23731.4,23707.45,23709.05,0
2026-05-22 09:15:00+00:00,23709.45,23733.65,23706.9,23726.0,0
2026-05-22 09:20:00+00:00,23725.8,23728.7,23717.75,23720.3,0
2026-05-22 09:25:00+00:00,23720.15,23726.65,23714.55,23724.45,0
2026-05-22 09:30:00+00:00,23724.65,23727.6,23698.95,23710.95,0
2026-05-22 09:35:00+00:00,23710.9,23717.3,23704.7,23708.7,0
2026-05-22 09:40:00+00:00,23708.35,23719.9,23703.25,23718.15,0
2026-05-22 09:45:00+00:00,23717.7,23730.2,23717.7,23725.35,0
2026-05-22 09:50:00+00:00,23725.35,23742.1,23721.6,23740.7,0
2026-05-22 09:55:00+00:00,23741.75,23751.9,23732.15,23748.85,0
2026-05-25 03:45:00+00:00,23940.25,23984.35,23922.85,23967.6,0
2026-05-25 03:50:00+00:00,23968.75,23987.3,23958.4,23978.3,0
2026-05-25 03:55:00+00:00,23979.5,23989.1,23971.25,23981.6,0
2026-05-25 04:00:00+00:00,23981.95,23984.3,23953.65,23959.15,0
2026-05-25 04:05:00+00:00,23961.6,23961.7,23938.55,23940.0,0
2026-05-25 04:10:00+00:00,23943.2,23948.1,23927.75,23947.5,0
2026-05-25 04:15:00+00:00,23951.45,23951.45,23924.4,23937.85,0
2026-05-25 04:20:00+00:00,23938.2,23945.2,23928.15,23936.75,0
2026-05-25 04:25:00+00:00,23938.35,23940.5,23927.95,23937.15,0
2026-05-25 04:30:00+00:00,23938.75,23946.9,23933.45,23943.25,0
2026-05-25 04:35:00+00:00,23944.95,23952.8,23940.8,23952.3,0
2026-05-25 04:40:00+00:00,23954.35,23959.85,23945.2,23952.05,0
2026-05-25 04:45:00+00:00,23953.85,23977.9,23952.6,23970.6,0
2026-05-25 04:50:00+00:00,23972.6,23980.95,23965.55,23966.75,0
2026-05-25 04:55:00+00:00,23967.3,23967.95,23954.45,23958.55,0
2026-05-25 05:00:00+00:00,23960.9,23973.75,23959.2,23973.35,0
2026-05-25 05:05:00+00:00,23975.05,23989.25,23972.75,23985.55,0
2026-05-25 05:10:00+00:00,23986.75,23992.4,23980.9,23987.4,0
2026-05-25 05:15:00+00:00,23989.0,23995.9,23984.45,23987.25,0
2026-05-25 05:20:00+00:00,23988.5,23990.15,23976.9,23988.85,0
2026-05-25 05:25:00+00:00,23989.65,23990.55,23972.65,23978.15,0
2026-05-25 05:30:00+00:00,23979.55,23982.85,23970.65,23982.85,0
2026-05-25 05:35:00+00:00,23983.75,23985.95,23975.35,23979.8,0
2026-05-25 05:40:00+00:00,23980.4,23989.9,23975.1,23987.6,0
2026-05-25 05:45:00+00:00,23989.0,23989.0,23977.05,23979.3,0
2026-05-25 05:50:00+00:00,23980.55,23980.55,23971.1,23979.5,0
2026-05-25 05:55:00+00:00,23980.95,23981.9,23972.7,23977.15,0
2026-05-25 06:00:00+00:00,23978.45,23978.65,23959.9,23962.4,0
2026-05-25 06:05:00+00:00,23961.45,23981.4,23960.55,23981.1,0
2026-05-25 06:10:00+00:00,23981.7,23990.45,23976.7,23980.95,0
2026-05-25 06:15:00+00:00,23982.15,23987.05,23978.15,23980.65,0
2026-05-25 06:20:00+00:00,23982.85,23990.1,23979.6,23987.7,0
2026-05-25 06:25:00+00:00,23989.9,23992.7,23984.75,23986.6,0
2026-05-25 06:30:00+00:00,23988.15,23988.15,23964.5,23969.8,0
2026-05-25 06:35:00+00:00,23971.75,23976.4,23960.1,23963.05,0
2026-05-25 06:40:00+00:00,23964.5,23971.15,23961.65,23963.9,0
2026-05-25 06:45:00+00:00,23965.75,23968.65,23957.7,23967.9,0
2026-05-25 06:50:00+00:00,23968.7,23968.7,23958.35,23961.55,0
2026-05-25 06:55:00+00:00,23963.4,23968.25,23955.9,23956.5,0
2026-05-25 07:00:00+00:00,23957.85,23962.3,23952.6,23960.4,0
2026-05-25 07:05:00+00:00,23961.35,23967.05,23959.45,23960.35,0
2026-05-25 07:10:00+00:00,23960.8,23967.65,23955.4,23958.55,0
2026-05-25 07:15:00+00:00,23960.05,23960.6,23936.85,23941.85,0
2026-05-25 07:20:00+00:00,23943.9,23953.95,23935.6,23952.6,0
2026-05-25 07:25:00+00:00,23952.7,23954.85,23943.1,23954.4,0
2026-05-25 07:30:00+00:00,23955.55,23977.75,23947.3,23971.75,0
2026-05-25 07:35:00+00:00,23972.7,23982.3,23969.8,23978.15,0
2026-05-25 07:40:00+00:00,23979.75,23983.6,23976.45,23977.2,0
2026-05-25 07:45:00+00:00,23979.1,23983.25,23975.15,23982.6,0
2026-05-25 07:50:00+00:00,23983.35,23983.9,23977.2,23981.55,0
2026-05-25 07:55:00+00:00,23983.0,23986.25,23979.9,23984.1,0
2026-05-25 08:00:00+00:00,23986.55,23991.0,23980.5,23988.05,0
2026-05-25 08:05:00+00:00,23990.1,23990.1,23977.0,23980.6,0
2026-05-25 08:10:00+00:00,23981.55,23981.55,23963.8,23963.95,0
2026-05-25 08:15:00+00:00,23965.65,23975.25,23962.2,23971.35,0
2026-05-25 08:20:00+00:00,23973.25,23977.4,23970.6,23972.1,0
2026-05-25 08:25:00+00:00,23973.65,23974.55,23963.7,23965.35,0
2026-05-25 08:30:00+00:00,23966.95,23978.55,23962.5,23976.7,0
2026-05-25 08:35:00+00:00,23977.75,23977.75,23960.9,23962.65,0
2026-05-25 08:40:00+00:00,23964.7,23972.35,23956.7,23958.55,0
2026-05-25 08:45:00+00:00,23959.95,23965.55,23955.25,23958.0,0
2026-05-25 08:50:00+00:00,23960.65,23967.8,23959.0,23965.45,0
2026-05-25 08:55:00+00:00,23967.3,23982.85,23964.35,23978.15,0
2026-05-25 09:00:00+00:00,23979.0,23988.2,23976.45,23987.15,0
2026-05-25 09:05:00+00:00,23989.3,24001.55,23983.95,23996.0,0
2026-05-25 09:10:00+00:00,23997.35,24009.3,23992.1,24007.8,0
2026-05-25 09:15:00+00:00,24009.55,24029.65,24007.4,24019.15,0
2026-05-25 09:20:00+00:00,24020.85,24030.45,24018.7,24029.5,0
2026-05-25 09:25:00+00:00,24030.15,24036.8,24027.1,24035.0,0
2026-05-25 09:30:00+00:00,24035.75,24038.1,24025.25,24032.55,0
2026-05-25 09:35:00+00:00,24033.25,24034.25,24021.5,24026.0,0
2026-05-25 09:40:00+00:00,24026.0,24037.4,24024.25,24035.25,0
2026-05-25 09:45:00+00:00,24035.85,24037.15,24023.45,24025.55,0
2026-05-25 09:50:00+00:00,24025.2,24035.15,24021.1,24032.45,0
2026-05-25 09:55:00+00:00,24031.8,24054.45,24026.1,24049.9,0
2026-05-26 03:45:00+00:00,24004.1,24020.75,23965.7,24012.55,0
2026-05-26 03:50:00+00:00,24011.55,24026.45,24011.4,24020.6,0
2026-05-26 03:55:00+00:00,24020.95,24041.25,24013.75,24034.1,0
2026-05-26 04:00:00+00:00,24034.4,24041.55,24029.8,24030.2,0
2026-05-26 04:05:00+00:00,24030.3,24072.65,24018.95,24069.4,0
2026-05-26 04:10:00+00:00,24069.2,24077.2,24052.95,24062.3,0
2026-05-26 04:15:00+00:00,24062.4,24065.7,24050.6,24051.75,0
2026-05-26 04:20:00+00:00,24051.8,24057.5,24035.9,24035.9,0
2026-05-26 04:25:00+00:00,24034.2,24037.55,24014.55,24028.75,0
2026-05-26 04:30:00+00:00,24029.75,24054.4,24021.2,24048.75,0
2026-05-26 04:35:00+00:00,24049.25,24051.65,24032.9,24048.3,0
2026-05-26 04:40:00+00:00,24048.1,24064.1,24048.1,24063.0,0
2026-05-26 04:45:00+00:00,24063.05,24065.7,24050.45,24052.95,0
2026-05-26 04:50:00+00:00,24052.9,24072.65,24045.2,24071.8,0
2026-05-26 04:55:00+00:00,24072.0,24076.15,24069.45,24071.4,0
2026-05-26 05:00:00+00:00,24070.0,24079.25,24066.85,24078.3,0
2026-05-26 05:05:00+00:00,24078.65,24089.8,24077.25,24085.0,0
2026-05-26 05:10:00+00:00,24084.85,24086.05,24071.55,24073.15,0
2026-05-26 05:15:00+00:00,24073.95,24076.65,24067.65,24070.15,0
2026-05-26 05:20:00+00:00,24070.0,24082.65,24065.3,24078.1,0
2026-05-26 05:25:00+00:00,24077.45,24081.4,24071.35,24071.85,0
2026-05-26 05:30:00+00:00,24070.7,24082.65,24070.7,24075.75,0
2026-05-26 05:35:00+00:00,24075.35,24077.7,24065.45,24074.95,0
2026-05-26 05:40:00+00:00,24074.8,24078.85,24067.45,24069.3,0
2026-05-26 05:45:00+00:00,24068.85,24070.35,24055.05,24067.8,0
2026-05-26 05:50:00+00:00,24068.0,24070.75,24048.9,24050.6,0
2026-05-26 05:55:00+00:00,24050.7,24061.2,24044.8,24044.8,0
2026-05-26 06:00:00+00:00,24044.95,24049.35,24026.2,24047.35,0
2026-05-26 06:05:00+00:00,24047.45,24070.85,24047.45,24069.95,0
2026-05-26 06:10:00+00:00,24070.15,24071.9,24060.45,24063.15,0
2026-05-26 06:15:00+00:00,24062.35,24066.95,24052.25,24057.95,0
2026-05-26 06:20:00+00:00,24058.05,24060.9,24051.9,24055.4,0
2026-05-26 06:25:00+00:00,24055.95,24061.55,24032.6,24039.95,0
2026-05-26 06:30:00+00:00,24040.2,24043.1,24018.5,24037.0,0
2026-05-26 06:35:00+00:00,24037.15,24043.65,24028.05,24029.0,0
2026-05-26 06:40:00+00:00,24028.95,24033.85,24019.8,24022.1,0
2026-05-26 06:45:00+00:00,24022.3,24037.45,24019.0,24033.9,0
2026-05-26 06:50:00+00:00,24033.95,24040.8,24028.1,24029.1,0
2026-05-26 06:55:00+00:00,24029.05,24032.1,24017.45,24021.9,0
2026-05-26 07:00:00+00:00,24021.85,24036.4,24020.05,24022.75,0
2026-05-26 07:05:00+00:00,24021.9,24026.3,24013.55,24021.85,0
2026-05-26 07:10:00+00:00,24022.65,24025.35,24006.05,24010.15,0
2026-05-26 07:15:00+00:00,24010.0,24012.3,23985.3,23997.6,0
2026-05-26 07:20:00+00:00,23997.7,23999.95,23971.6,23997.5,0
2026-05-26 07:25:00+00:00,23997.0,24002.0,23987.7,23998.55,0
2026-05-26 07:30:00+00:00,23998.65,24001.95,23966.2,23971.25,0
2026-05-26 07:35:00+00:00,23971.3,23981.05,23968.2,23972.45,0
2026-05-26 07:40:00+00:00,23973.2,23984.8,23970.1,23974.35,0
2026-05-26 07:45:00+00:00,23974.9,23982.7,23958.55,23982.1,0
2026-05-26 07:50:00+00:00,23981.45,23988.15,23974.45,23976.1,0
2026-05-26 07:55:00+00:00,23974.75,23991.25,23971.6,23987.5,0
2026-05-26 08:00:00+00:00,23987.45,23999.25,23978.05,23982.45,0
2026-05-26 08:05:00+00:00,23982.05,23985.65,23972.2,23974.6,0
2026-05-26 08:10:00+00:00,23974.55,23980.85,23957.4,23958.5,0
2026-05-26 08:15:00+00:00,23957.2,23970.1,23954.95,23961.45,0
2026-05-26 08:20:00+00:00,23961.4,23963.0,23939.15,23949.6,0
2026-05-26 08:25:00+00:00,23949.8,23953.15,23934.1,23937.2,0
2026-05-26 08:30:00+00:00,23937.35,23938.85,23911.15,23917.1,0
2026-05-26 08:35:00+00:00,23916.5,23940.1,23911.4,23925.9,0
2026-05-26 08:40:00+00:00,23926.45,23927.55,23909.8,23924.2,0
2026-05-26 08:45:00+00:00,23924.25,23927.7,23914.45,23924.45,0
2026-05-26 08:50:00+00:00,23925.15,23937.35,23921.15,23934.65,0
2026-05-26 08:55:00+00:00,23934.45,23940.7,23907.1,23922.6,0
2026-05-26 09:00:00+00:00,23923.0,23934.0,23918.3,23924.2,0
2026-05-26 09:05:00+00:00,23924.0,23927.65,23898.35,23904.75,0
2026-05-26 09:10:00+00:00,23904.7,23907.2,23895.3,23898.2,0
2026-05-26 09:15:00+00:00,23898.1,23903.0,23893.2,23896.2,0
2026-05-26 09:20:00+00:00,23895.9,23899.05,23885.45,23889.45,0
2026-05-26 09:25:00+00:00,23888.95,23918.75,23887.85,23913.05,0
2026-05-26 09:30:00+00:00,23913.5,23923.25,23896.4,23909.75,0
2026-05-26 09:35:00+00:00,23907.6,23931.05,23897.1,23928.65,0
2026-05-26 09:40:00+00:00,23925.75,23929.65,23903.6,23908.8,0
2026-05-26 09:45:00+00:00,23907.7,23917.2,23907.15,23911.05,0
2026-05-26 09:50:00+00:00,23911.7,23920.1,23910.4,23918.0,0
2026-05-26 09:55:00+00:00,23917.3,23940.05,23913.6,23933.75,0
2026-05-27 03:45:00+00:00,23880.35,23937.8,23869.65,23926.0,0
2026-05-27 03:50:00+00:00,23928.55,23950.15,23920.5,23933.7,0
2026-05-27 03:55:00+00:00,23933.95,23934.45,23896.45,23903.95,0
2026-05-27 04:00:00+00:00,23899.9,23901.55,23869.75,23883.1,0
2026-05-27 04:05:00+00:00,23883.9,23896.8,23874.95,23885.25,0
2026-05-27 04:10:00+00:00,23886.25,23919.05,23884.85,23908.6,0
2026-05-27 04:15:00+00:00,23909.65,23909.65,23871.3,23890.45,0
2026-05-27 04:20:00+00:00,23891.8,23895.65,23878.85,23883.9,0
2026-05-27 04:25:00+00:00,23885.8,23894.45,23873.9,23874.75,0
2026-05-27 04:30:00+00:00,23875.45,23912.95,23868.5,23912.95,0
2026-05-27 04:35:00+00:00,23912.1,23941.05,23908.05,23933.85,0
2026-05-27 04:40:00+00:00,23933.55,23946.4,23927.35,23942.8,0
2026-05-27 04:45:00+00:00,23943.3,23955.6,23934.7,23951.95,0
2026-05-27 04:50:00+00:00,23953.1,23959.05,23942.45,23953.65,0
2026-05-27 04:55:00+00:00,23954.3,23971.0,23952.95,23963.4,0
2026-05-27 05:00:00+00:00,23964.8,23965.05,23947.45,23958.05,0
2026-05-27 05:05:00+00:00,23959.05,23971.05,23952.15,23953.85,0
2026-05-27 05:10:00+00:00,23956.0,23959.5,23934.45,23936.2,0
2026-05-27 05:15:00+00:00,23937.25,23942.4,23918.9,23941.75,0
2026-05-27 05:20:00+00:00,23943.2,23967.7,23937.7,23966.95,0
2026-05-27 05:25:00+00:00,23968.0,23976.4,23958.95,23966.95,0
2026-05-27 05:30:00+00:00,23968.25,23968.25,23950.7,23954.4,0
2026-05-27 05:35:00+00:00,23954.85,23973.2,23952.35,23965.6,0
2026-05-27 05:40:00+00:00,23966.5,23968.55,23955.05,23961.9,0
2026-05-27 05:45:00+00:00,23962.2,23976.4,23959.0,23972.5,0
2026-05-27 05:50:00+00:00,23972.45,23981.25,23970.2,23973.5,0
2026-05-27 05:55:00+00:00,23973.25,23977.35,23967.0,23974.65,0
2026-05-27 06:00:00+00:00,23974.75,23983.2,23969.35,23970.55,0
2026-05-27 06:05:00+00:00,23971.05,23972.3,23947.0,23949.8,0
2026-05-27 06:10:00+00:00,23950.2,23967.65,23950.15,23953.5,0
2026-05-27 06:15:00+00:00,23954.3,23963.6,23945.95,23947.3,0
2026-05-27 06:20:00+00:00,23948.1,23951.1,23937.05,23939.2,0
2026-05-27 06:25:00+00:00,23939.45,23950.25,23928.75,23933.5,0
2026-05-27 06:30:00+00:00,23933.5,23941.75,23918.35,23928.05,0
2026-05-27 06:35:00+00:00,23928.5,23933.3,23919.85,23929.55,0
2026-05-27 06:40:00+00:00,23929.35,23934.25,23920.25,23922.55,0
2026-05-27 06:45:00+00:00,23921.95,23939.0,23921.85,23936.85,0
2026-05-27 06:50:00+00:00,23936.7,23940.85,23928.95,23931.65,0
2026-05-27 06:55:00+00:00,23931.2,23935.0,23905.15,23906.3,0
2026-05-27 07:00:00+00:00,23905.05,23918.1,23902.45,23914.45,0
2026-05-27 07:05:00+00:00,23914.35,23938.0,23911.65,23929.2,0
2026-05-27 07:10:00+00:00,23929.8,23938.3,23925.95,23936.1,0
2026-05-27 07:15:00+00:00,23935.75,23936.35,23925.25,23930.5,0
2026-05-27 07:20:00+00:00,23930.15,23931.75,23911.75,23911.75,0
2026-05-27 07:25:00+00:00,23912.5,23920.3,23904.05,23905.6,0
2026-05-27 07:30:00+00:00,23905.45,23916.3,23895.0,23914.35,0
2026-05-27 07:35:00+00:00,23913.9,23923.45,23902.7,23902.85,0
2026-05-27 07:40:00+00:00,23902.2,23918.6,23895.55,23897.15,0
2026-05-27 07:45:00+00:00,23898.3,23898.7,23888.4,23888.4,0
2026-05-27 07:50:00+00:00,23888.4,23900.5,23884.15,23899.75,0
2026-05-27 07:55:00+00:00,23898.3,23905.3,23888.3,23892.05,0
2026-05-27 08:00:00+00:00,23891.45,23902.35,23890.95,23900.4,0
2026-05-27 08:05:00+00:00,23900.45,23913.3,23899.55,23910.4,0
2026-05-27 08:10:00+00:00,23910.55,23915.15,23890.15,23891.25,0
2026-05-27 08:15:00+00:00,23889.95,23901.15,23882.05,23893.15,0
2026-05-27 08:20:00+00:00,23893.2,23913.35,23890.05,23911.3,0
2026-05-27 08:25:00+00:00,23911.35,23916.35,23906.95,23912.3,0
2026-05-27 08:30:00+00:00,23911.95,23924.1,23911.75,23917.9,0
2026-05-27 08:35:00+00:00,23917.7,23922.35,23912.95,23914.3,0
2026-05-27 08:40:00+00:00,23913.75,23915.5,23894.45,23895.95,0
2026-05-27 08:45:00+00:00,23895.6,23908.05,23891.85,23902.25,0
2026-05-27 08:50:00+00:00,23901.15,23922.25,23899.0,23920.25,0
2026-05-27 08:55:00+00:00,23920.4,23921.2,23884.5,23890.25,0
2026-05-27 09:00:00+00:00,23887.6,23890.15,23870.7,23873.95,0
2026-05-27 09:05:00+00:00,23873.65,23886.5,23858.25,23881.4,0
2026-05-27 09:10:00+00:00,23881.3,23887.3,23868.8,23875.4,0
2026-05-27 09:15:00+00:00,23874.5,23879.6,23866.95,23878.9,0
2026-05-27 09:20:00+00:00,23879.05,23886.0,23870.4,23881.35,0
2026-05-27 09:25:00+00:00,23882.15,23901.05,23881.15,23896.75,0
2026-05-27 09:30:00+00:00,23896.9,23897.4,23879.15,23888.2,0
2026-05-27 09:35:00+00:00,23888.4,23901.8,23880.7,23900.45,0
2026-05-27 09:40:00+00:00,23900.6,23906.45,23892.1,23903.8,0
2026-05-27 09:45:00+00:00,23903.6,23926.85,23902.5,23919.85,0
2026-05-27 09:50:00+00:00,23920.25,23926.6,23914.3,23916.4,0
2026-05-27 09:55:00+00:00,23916.25,23926.7,23914.55,23920.65,0
2026-05-29 03:45:00+00:00,23902.15,24002.8,23902.0,23963.3,0
2026-05-29 03:50:00+00:00,23962.05,23976.15,23932.4,23933.1,0
2026-05-29 03:55:00+00:00,23932.3,23938.35,23889.15,23893.4,0
2026-05-29 04:00:00+00:00,23892.2,23915.55,23885.4,23898.1,0
2026-05-29 04:05:00+00:00,23898.65,23933.85,23898.3,23922.65,0
2026-05-29 04:10:00+00:00,23923.4,23933.0,23872.6,23875.75,0
2026-05-29 04:15:00+00:00,23875.8,23913.6,23871.1,23912.0,0
2026-05-29 04:20:00+00:00,23911.2,23922.8,23903.05,23904.05,0
2026-05-29 04:25:00+00:00,23903.85,23907.7,23887.4,23907.45,0
2026-05-29 04:30:00+00:00,23907.45,23931.35,23894.75,23928.45,0
2026-05-29 04:35:00+00:00,23928.2,23954.5,23928.1,23943.2,0
2026-05-29 04:40:00+00:00,23942.5,23950.15,23933.4,23945.7,0
2026-05-29 04:45:00+00:00,23946.1,23951.9,23931.45,23933.95,0
2026-05-29 04:50:00+00:00,23934.4,23947.35,23929.6,23936.9,0
2026-05-29 04:55:00+00:00,23936.95,23941.55,23908.95,23911.65,0
2026-05-29 05:00:00+00:00,23911.2,23920.65,23902.4,23918.95,0
2026-05-29 05:05:00+00:00,23918.65,23929.65,23916.4,23916.55,0
2026-05-29 05:10:00+00:00,23915.2,23921.0,23900.45,23900.65,0
2026-05-29 05:15:00+00:00,23900.9,23901.25,23889.35,23896.2,0
2026-05-29 05:20:00+00:00,23896.0,23896.35,23877.65,23883.4,0
2026-05-29 05:25:00+00:00,23884.45,23907.8,23879.65,23903.1,0
2026-05-29 05:30:00+00:00,23902.8,23911.2,23898.7,23908.85,0
2026-05-29 05:35:00+00:00,23908.85,23911.55,23904.75,23908.3,0
2026-05-29 05:40:00+00:00,23907.9,23912.7,23892.75,23896.85,0
2026-05-29 05:45:00+00:00,23897.2,23910.15,23895.25,23903.9,0
2026-05-29 05:50:00+00:00,23903.55,23905.2,23895.25,23902.95,0
2026-05-29 05:55:00+00:00,23902.95,23903.55,23888.95,23889.55,0
2026-05-29 06:00:00+00:00,23889.2,23893.55,23875.45,23876.8,0
2026-05-29 06:05:00+00:00,23877.3,23894.5,23875.35,23886.75,0
2026-05-29 06:10:00+00:00,23886.05,23888.9,23876.2,23885.9,0
2026-05-29 06:15:00+00:00,23885.55,23897.0,23883.35,23892.95,0
2026-05-29 06:20:00+00:00,23892.55,23914.0,23891.85,23907.8,0
2026-05-29 06:25:00+00:00,23908.0,23908.15,23888.05,23890.8,0
2026-05-29 06:30:00+00:00,23890.3,23891.65,23865.2,23870.5,0
2026-05-29 06:35:00+00:00,23870.3,23874.55,23865.85,23867.4,0
2026-05-29 06:40:00+00:00,23866.85,23867.1,23825.35,23835.7,0
2026-05-29 06:45:00+00:00,23835.95,23841.15,23815.1,23839.0,0
2026-05-29 06:50:00+00:00,23838.55,23850.5,23833.15,23849.1,0
2026-05-29 06:55:00+00:00,23849.1,23857.75,23848.1,23855.8,0
2026-05-29 07:00:00+00:00,23856.2,23858.2,23844.9,23845.6,0
2026-05-29 07:05:00+00:00,23846.15,23859.05,23840.95,23856.85,0
2026-05-29 07:10:00+00:00,23856.25,23857.5,23846.3,23849.9,0
2026-05-29 07:15:00+00:00,23849.85,23855.25,23844.5,23851.2,0
2026-05-29 07:20:00+00:00,23850.7,23851.9,23837.5,23838.55,0
2026-05-29 07:25:00+00:00,23837.35,23839.45,23821.95,23837.55,0
2026-05-29 07:30:00+00:00,23837.05,23838.3,23817.45,23818.25,0
2026-05-29 07:35:00+00:00,23818.35,23818.4,23798.4,23798.4,0
2026-05-29 07:40:00+00:00,23798.45,23802.8,23769.15,23769.25,0
2026-05-29 07:45:00+00:00,23769.65,23789.5,23759.55,23780.7,0
2026-05-29 07:50:00+00:00,23780.45,23782.65,23760.8,23772.5,0
2026-05-29 07:55:00+00:00,23772.6,23781.05,23765.5,23775.6,0
2026-05-29 08:00:00+00:00,23775.35,23786.05,23771.9,23772.75,0
2026-05-29 08:05:00+00:00,23773.05,23779.4,23765.95,23769.4,0
2026-05-29 08:10:00+00:00,23769.35,23780.3,23767.2,23773.4,0
2026-05-29 08:15:00+00:00,23773.15,23775.1,23751.65,23754.1,0
2026-05-29 08:20:00+00:00,23753.9,23762.95,23739.7,23746.05,0
2026-05-29 08:25:00+00:00,23746.35,23765.35,23743.55,23757.65,0
2026-05-29 08:30:00+00:00,23758.05,23759.5,23742.5,23747.15,0
2026-05-29 08:35:00+00:00,23747.5,23751.9,23731.25,23744.2,0
2026-05-29 08:40:00+00:00,23744.6,23751.4,23742.0,23744.45,0
2026-05-29 08:45:00+00:00,23743.8,23747.85,23734.55,23736.8,0
2026-05-29 08:50:00+00:00,23736.0,23753.2,23731.55,23749.35,0
2026-05-29 08:55:00+00:00,23749.15,23762.25,23742.8,23760.1,0
2026-05-29 09:00:00+00:00,23759.55,23802.05,23759.55,23792.55,0
2026-05-29 09:05:00+00:00,23792.65,23800.05,23782.3,23789.6,0
2026-05-29 09:10:00+00:00,23789.25,23795.05,23781.2,23786.1,0
2026-05-29 09:15:00+00:00,23786.75,23795.3,23778.05,23785.45,0
2026-05-29 09:20:00+00:00,23785.75,23787.9,23768.3,23776.6,0
2026-05-29 09:25:00+00:00,23775.65,23787.25,23752.25,23773.35,0
2026-05-29 09:30:00+00:00,23773.3,23773.3,23566.1,23569.4,0
2026-05-29 09:35:00+00:00,23570.6,23571.15,23511.05,23512.75,0
2026-05-29 09:40:00+00:00,23512.85,23529.35,23505.6,23528.7,0
2026-05-29 09:45:00+00:00,23527.2,23560.8,23525.4,23538.35,0
2026-05-29 09:50:00+00:00,23539.7,23540.8,23486.85,23490.5,0
2026-05-29 09:55:00+00:00,23490.8,23618.0,23484.75,23609.3,0
2026-06-01 03:45:00+00:00,23654.5,23733.7,23614.5,23633.0,0
2026-06-01 03:50:00+00:00,23633.4,23646.05,23588.55,23598.9,0
2026-06-01 03:55:00+00:00,23597.95,23612.4,23587.75,23592.95,0
2026-06-01 04:00:00+00:00,23591.95,23618.7,23587.7,23609.6,0
2026-06-01 04:05:00+00:00,23609.7,23611.1,23565.8,23608.75,0
2026-06-01 04:10:00+00:00,23608.4,23623.8,23572.35,23576.7,0
2026-06-01 04:15:00+00:00,23575.35,23594.5,23567.45,23580.2,0
2026-06-01 04:20:00+00:00,23579.1,23595.4,23572.05,23585.55,0
2026-06-01 04:25:00+00:00,23584.95,23588.8,23556.75,23561.8,0
2026-06-01 04:30:00+00:00,23561.05,23567.55,23537.0,23538.7,0
2026-06-01 04:35:00+00:00,23539.35,23569.95,23537.95,23569.85,0
2026-06-01 04:40:00+00:00,23569.25,23572.35,23553.15,23553.15,0
2026-06-01 04:45:00+00:00,23552.7,23564.1,23539.05,23558.65,0
2026-06-01 04:50:00+00:00,23558.15,23566.4,23548.95,23549.6,0
2026-06-01 04:55:00+00:00,23549.15,23561.15,23536.8,23539.85,0
2026-06-01 05:00:00+00:00,23539.35,23550.2,23517.7,23530.0,0
2026-06-01 05:05:00+00:00,23529.2,23553.95,23518.75,23543.05,0
2026-06-01 05:10:00+00:00,23542.3,23555.15,23535.75,23538.25,0
2026-06-01 05:15:00+00:00,23538.2,23578.6,23537.0,23570.7,0
2026-06-01 05:20:00+00:00,23570.2,23593.85,23564.75,23593.65,0
2026-06-01 05:25:00+00:00,23592.45,23597.2,23567.65,23569.75,0
2026-06-01 05:30:00+00:00,23569.95,23596.2,23569.95,23593.25,0
2026-06-01 05:35:00+00:00,23592.2,23613.4,23586.15,23610.05,0
2026-06-01 05:40:00+00:00,23609.45,23615.5,23601.15,23606.2,0
2026-06-01 05:45:00+00:00,23605.4,23619.25,23597.45,23607.9,0
2026-06-01 05:50:00+00:00,23607.05,23607.6,23580.85,23581.05,0
2026-06-01 05:55:00+00:00,23580.3,23584.0,23558.45,23559.15,0
2026-06-01 06:00:00+00:00,23558.6,23561.85,23539.0,23545.0,0
2026-06-01 06:05:00+00:00,23544.85,23570.1,23542.85,23567.5,0
2026-06-01 06:10:00+00:00,23567.3,23568.75,23548.9,23550.0,0
2026-06-01 06:15:00+00:00,23549.75,23555.8,23534.7,23554.35,0
2026-06-01 06:20:00+00:00,23553.4,23562.2,23548.7,23554.75,0
2026-06-01 06:25:00+00:00,23554.8,23555.2,23491.85,23493.75,0
2026-06-01 06:30:00+00:00,23493.65,23504.9,23486.0,23499.25,0
2026-06-01 06:35:00+00:00,23498.3,23520.25,23498.3,23506.05,0
2026-06-01 06:40:00+00:00,23506.9,23533.35,23499.75,23530.0,0
2026-06-01 06:45:00+00:00,23529.35,23533.15,23514.65,23528.75,0
2026-06-01 06:50:00+00:00,23527.85,23530.85,23510.65,23518.85,0
2026-06-01 06:55:00+00:00,23518.1,23525.4,23514.45,23516.95,0
2026-06-01 07:00:00+00:00,23516.4,23522.7,23509.1,23513.4,0
2026-06-01 07:05:00+00:00,23512.95,23526.0,23511.1,23514.65,0
2026-06-01 07:10:00+00:00,23514.35,23515.9,23502.95,23515.85,0
2026-06-01 07:15:00+00:00,23515.05,23536.95,23514.05,23532.8,0
2026-06-01 07:20:00+00:00,23532.3,23535.85,23522.05,23528.2,0
2026-06-01 07:25:00+00:00,23528.0,23531.45,23499.25,23513.45,0
2026-06-01 07:30:00+00:00,23513.05,23520.75,23491.8,23496.5,0
2026-06-01 07:35:00+00:00,23495.7,23501.4,23473.5,23478.65,0
2026-06-01 07:40:00+00:00,23477.35,23479.05,23453.25,23460.65,0
2026-06-01 07:45:00+00:00,23459.95,23478.35,23458.15,23474.25,0
2026-06-01 07:50:00+00:00,23473.05,23479.1,23467.6,23469.0,0
2026-06-01 07:55:00+00:00,23469.0,23486.45,23464.2,23483.5,0
2026-06-01 08:00:00+00:00,23482.3,23500.4,23476.0,23485.7,0
2026-06-01 08:05:00+00:00,23484.95,23492.3,23475.2,23488.15,0
2026-06-01 08:10:00+00:00,23487.35,23491.1,23477.25,23482.95,0
2026-06-01 08:15:00+00:00,23481.85,23483.55,23457.6,23462.1,0
2026-06-01 08:20:00+00:00,23461.95,23465.4,23447.7,23452.95,0
2026-06-01 08:25:00+00:00,23452.65,23464.2,23450.5,23456.1,0
2026-06-01 08:30:00+00:00,23456.35,23459.6,23429.05,23442.65,0
2026-06-01 08:35:00+00:00,23442.9,23445.25,23423.5,23425.05,0
2026-06-01 08:40:00+00:00,23425.55,23434.2,23413.0,23416.95,0
2026-06-01 08:45:00+00:00,23417.05,23428.3,23401.55,23425.1,0
2026-06-01 08:50:00+00:00,23422.55,23422.85,23390.75,23393.05,0
2026-06-01 08:55:00+00:00,23392.4,23407.25,23389.6,23395.0,0
2026-06-01 09:00:00+00:00,23394.1,23406.05,23379.95,23394.6,0
2026-06-01 09:05:00+00:00,23394.75,23421.85,23394.75,23419.95,0
2026-06-01 09:10:00+00:00,23419.75,23422.65,23411.6,23417.3,0
2026-06-01 09:15:00+00:00,23416.75,23427.35,23392.95,23403.45,0
2026-06-01 09:20:00+00:00,23403.95,23405.35,23371.6,23381.35,0
2026-06-01 09:25:00+00:00,23381.3,23383.4,23360.15,23373.7,0
2026-06-01 09:30:00+00:00,23373.95,23393.15,23357.95,23391.65,0
2026-06-01 09:35:00+00:00,23392.5,23410.9,23376.4,23404.35,0
2026-06-01 09:40:00+00:00,23406.05,23412.1,23388.05,23389.25,0
2026-06-01 09:45:00+00:00,23389.4,23402.8,23375.6,23376.85,0
2026-06-01 09:50:00+00:00,23378.2,23382.15,23362.8,23370.9,0
2026-06-01 09:55:00+00:00,23371.3,23389.2,23365.75,23379.2,0
2026-06-02 03:45:00+00:00,23229.15,23287.4,23229.15,23286.5,0
2026-06-02 03:50:00+00:00,23286.5,23290.95,23261.65,23281.6,0
2026-06-02 03:55:00+00:00,23281.5,23297.75,23270.8,23282.1,0
2026-06-02 04:00:00+00:00,23281.3,23288.25,23261.2,23283.7,0
2026-06-02 04:05:00+00:00,23282.8,23304.5,23281.35,23295.7,0
2026-06-02 04:10:00+00:00,23295.05,23307.15,23268.35,23301.95,0
2026-06-02 04:15:00+00:00,23301.7,23304.95,23270.95,23283.35,0
2026-06-02 04:20:00+00:00,23283.0,23313.55,23277.65,23309.85,0
2026-06-02 04:25:00+00:00,23309.6,23322.75,23298.95,23316.2,0
2026-06-02 04:30:00+00:00,23317.0,23320.9,23306.35,23318.55,0
2026-06-02 04:35:00+00:00,23318.4,23325.15,23291.05,23295.45,0
2026-06-02 04:40:00+00:00,23295.95,23298.0,23280.95,23281.4,0
2026-06-02 04:45:00+00:00,23281.95,23309.5,23265.65,23308.4,0
2026-06-02 04:50:00+00:00,23308.65,23361.45,23305.65,23349.75,0
2026-06-02 04:55:00+00:00,23349.25,23375.95,23344.85,23371.0,0
2026-06-02 05:00:00+00:00,23371.2,23373.2,23334.75,23343.85,0
2026-06-02 05:05:00+00:00,23343.6,23353.8,23327.75,23351.2,0
2026-06-02 05:10:00+00:00,23350.35,23358.8,23344.95,23352.35,0
2026-06-02 05:15:00+00:00,23350.45,23352.15,23327.8,23330.7,0
2026-06-02 05:20:00+00:00,23330.85,23337.6,23298.15,23302.6,0
2026-06-02 05:25:00+00:00,23301.7,23308.95,23281.55,23301.15,0
2026-06-02 05:30:00+00:00,23300.6,23310.8,23293.95,23298.85,0
2026-06-02 05:35:00+00:00,23299.4,23308.8,23293.05,23293.35,0
2026-06-02 05:40:00+00:00,23293.4,23314.65,23293.0,23309.65,0
2026-06-02 05:45:00+00:00,23309.45,23313.25,23295.85,23309.45,0
2026-06-02 05:50:00+00:00,23309.4,23363.95,23309.4,23361.35,0
2026-06-02 05:55:00+00:00,23361.2,23362.85,23328.15,23340.45,0
2026-06-02 06:00:00+00:00,23340.2,23344.5,23329.85,23334.55,0
2026-06-02 06:05:00+00:00,23333.45,23335.55,23290.7,23292.3,0
2026-06-02 06:10:00+00:00,23292.0,23315.65,23290.5,23298.3,0
2026-06-02 06:15:00+00:00,23298.3,23307.05,23291.2,23302.8,0
2026-06-02 06:20:00+00:00,23302.85,23310.7,23299.8,23300.3,0
2026-06-02 06:25:00+00:00,23300.35,23304.9,23280.75,23284.1,0
2026-06-02 06:30:00+00:00,23283.45,23300.65,23276.6,23287.65,0
2026-06-02 06:35:00+00:00,23287.4,23304.4,23278.25,23302.55,0
2026-06-02 06:40:00+00:00,23301.85,23302.65,23276.6,23279.3,0
2026-06-02 06:45:00+00:00,23279.7,23296.6,23278.6,23287.8,0
2026-06-02 06:50:00+00:00,23287.95,23294.45,23283.7,23286.65,0
2026-06-02 06:55:00+00:00,23286.85,23297.35,23270.95,23274.75,0
2026-06-02 07:00:00+00:00,23274.85,23350.0,23271.45,23332.0,0
2026-06-02 07:05:00+00:00,23331.25,23343.35,23319.4,23337.75,0
2026-06-02 07:10:00+00:00,23338.0,23374.6,23335.9,23371.3,0
2026-06-02 07:15:00+00:00,23371.4,23434.5,23370.6,23426.15,0
2026-06-02 07:20:00+00:00,23425.1,23449.75,23419.25,23434.35,0
2026-06-02 07:25:00+00:00,23432.95,23470.8,23429.6,23456.9,0
2026-06-02 07:30:00+00:00,23458.8,23459.8,23438.4,23452.6,0
2026-06-02 07:35:00+00:00,23452.45,23470.4,23448.1,23457.4,0
2026-06-02 07:40:00+00:00,23457.2,23499.25,23451.85,23474.25,0
2026-06-02 07:45:00+00:00,23474.25,23483.6,23466.05,23467.1,0
2026-06-02 07:50:00+00:00,23466.9,23486.9,23456.8,23486.9,0
2026-06-02 07:55:00+00:00,23487.15,23503.65,23479.75,23502.95,0
2026-06-02 08:00:00+00:00,23502.7,23535.05,23502.7,23529.85,0
2026-06-02 08:05:00+00:00,23529.6,23531.05,23502.3,23507.5,0
2026-06-02 08:10:00+00:00,23507.85,23510.95,23492.6,23500.5,0
2026-06-02 08:15:00+00:00,23500.7,23523.75,23500.25,23520.6,0
2026-06-02 08:20:00+00:00,23520.8,23530.05,23506.45,23517.85,0
2026-06-02 08:25:00+00:00,23517.75,23522.55,23504.95,23515.15,0
2026-06-02 08:30:00+00:00,23514.3,23528.25,23512.45,23527.8,0
2026-06-02 08:35:00+00:00,23527.8,23546.2,23523.1,23544.7,0
2026-06-02 08:40:00+00:00,23544.5,23546.8,23534.0,23539.65,0
2026-06-02 08:45:00+00:00,23540.1,23545.2,23512.15,23514.6,0
2026-06-02 08:50:00+00:00,23514.15,23556.95,23510.45,23541.1,0
2026-06-02 08:55:00+00:00,23541.7,23543.85,23514.85,23516.75,0
2026-06-02 09:00:00+00:00,23517.0,23535.3,23508.3,23527.65,0
2026-06-02 09:05:00+00:00,23527.35,23529.6,23478.45,23478.45,0
2026-06-02 09:10:00+00:00,23478.35,23480.35,23443.95,23452.35,0
2026-06-02 09:15:00+00:00,23452.55,23466.1,23432.8,23464.55,0
2026-06-02 09:20:00+00:00,23465.35,23480.3,23458.25,23469.1,0
2026-06-02 09:25:00+00:00,23469.35,23470.3,23440.7,23441.55,0
2026-06-02 09:30:00+00:00,23443.55,23468.25,23422.65,23464.15,0
2026-06-02 09:35:00+00:00,23464.1,23492.25,23463.8,23486.95,0
2026-06-02 09:40:00+00:00,23487.35,23500.15,23483.05,23489.8,0
2026-06-02 09:45:00+00:00,23490.45,23520.35,23488.55,23510.85,0
2026-06-02 09:50:00+00:00,23511.4,23514.45,23499.6,23511.75,0
2026-06-02 09:55:00+00:00,23512.05,23525.7,23500.75,23523.3,0
2026-06-03 03:45:00+00:00,23415.95,23447.65,23288.2,23299.3,0
2026-06-03 03:50:00+00:00,23299.9,23311.85,23285.95,23304.25,0
2026-06-03 03:55:00+00:00,23305.8,23307.8,23265.25,23292.7,0
2026-06-03 04:00:00+00:00,23293.5,23299.8,23247.0,23248.45,0
2026-06-03 04:05:00+00:00,23248.85,23279.8,23244.45,23270.9,0
2026-06-03 04:10:00+00:00,23272.45,23277.55,23255.25,23268.95,0
2026-06-03 04:15:00+00:00,23269.05,23280.95,23259.35,23274.6,0
2026-06-03 04:20:00+00:00,23275.15,23299.55,23242.25,23244.0,0
2026-06-03 04:25:00+00:00,23245.0,23268.85,23225.5,23252.65,0
2026-06-03 04:30:00+00:00,23253.15,23281.25,23246.7,23281.25,0
2026-06-03 04:35:00+00:00,23281.6,23287.4,23257.45,23258.0,0
2026-06-03 04:40:00+00:00,23256.35,23257.5,23232.75,23240.5,0
2026-06-03 04:45:00+00:00,23240.45,23269.8,23228.95,23265.25,0
2026-06-03 04:50:00+00:00,23265.95,23283.2,23260.9,23261.45,0
2026-06-03 04:55:00+00:00,23261.85,23272.25,23240.25,23246.3,0
2026-06-03 05:00:00+00:00,23247.0,23255.3,23212.1,23215.0,0
2026-06-03 05:05:00+00:00,23216.1,23240.65,23213.65,23232.85,0
2026-06-03 05:10:00+00:00,23233.3,23245.0,23225.15,23227.15,0
2026-06-03 05:15:00+00:00,23227.55,23241.55,23217.1,23241.2,0
2026-06-03 05:20:00+00:00,23242.15,23243.35,23228.6,23242.95,0
2026-06-03 05:25:00+00:00,23243.65,23244.25,23218.25,23226.05,0
2026-06-03 05:30:00+00:00,23227.25,23233.0,23211.5,23219.15,0
2026-06-03 05:35:00+00:00,23219.5,23220.15,23194.8,23195.45,0
2026-06-03 05:40:00+00:00,23195.9,23211.25,23195.9,23202.85,0
2026-06-03 05:45:00+00:00,23203.6,23227.15,23198.8,23220.1,0
2026-06-03 05:50:00+00:00,23220.45,23244.85,23214.4,23224.8,0
2026-06-03 05:55:00+00:00,23225.65,23236.15,23208.2,23215.85,0
2026-06-03 06:00:00+00:00,23216.95,23234.75,23211.1,23221.7,0
2026-06-03 06:05:00+00:00,23222.8,23223.95,23202.85,23211.5,0
2026-06-03 06:10:00+00:00,23212.6,23222.1,23202.6,23214.2,0
2026-06-03 06:15:00+00:00,23215.05,23224.2,23213.65,23217.6,0
2026-06-03 06:20:00+00:00,23217.5,23225.9,23206.7,23219.4,0
2026-06-03 06:25:00+00:00,23220.1,23220.1,23191.4,23192.25,0
2026-06-03 06:30:00+00:00,23193.25,23202.75,23151.5,23170.4,0
2026-06-03 06:35:00+00:00,23172.0,23186.8,23168.6,23184.3,0
2026-06-03 06:40:00+00:00,23185.0,23188.75,23171.75,23180.7,0
2026-06-03 06:45:00+00:00,23181.25,23187.55,23176.55,23184.9,0
2026-06-03 06:50:00+00:00,23185.25,23201.35,23181.9,23187.95,0
2026-06-03 06:55:00+00:00,23188.1,23241.65,23185.15,23235.45,0
2026-06-03 07:00:00+00:00,23236.35,23290.8,23236.2,23289.9,0
2026-06-03 07:05:00+00:00,23290.55,23335.9,23283.85,23324.5,0
2026-06-03 07:10:00+00:00,23325.8,23347.55,23320.7,23323.0,0
2026-06-03 07:15:00+00:00,23325.15,23331.55,23291.85,23300.45,0
2026-06-03 07:20:00+00:00,23301.15,23315.15,23274.6,23275.2,0
2026-06-03 07:25:00+00:00,23275.7,23298.75,23271.95,23283.3,0
2026-06-03 07:30:00+00:00,23284.2,23305.95,23279.95,23292.2,0
2026-06-03 07:35:00+00:00,23293.3,23296.75,23275.05,23286.95,0
2026-06-03 07:40:00+00:00,23287.0,23298.35,23275.7,23298.35,0
2026-06-03 07:45:00+00:00,23302.95,23326.3,23300.3,23307.8,0
2026-06-03 07:50:00+00:00,23309.95,23345.25,23308.65,23338.1,0
2026-06-03 07:55:00+00:00,23339.1,23349.75,23335.0,23345.0,0
2026-06-03 08:00:00+00:00,23345.95,23351.5,23323.1,23344.6,0
2026-06-03 08:05:00+00:00,23344.65,23348.5,23333.65,23336.05,0
2026-06-03 08:10:00+00:00,23336.8,23352.8,23316.4,23320.6,0
2026-06-03 08:15:00+00:00,23322.25,23427.05,23321.35,23392.55,0
2026-06-03 08:20:00+00:00,23393.0,23397.8,23360.35,23375.8,0
2026-06-03 08:25:00+00:00,23376.8,23377.1,23346.85,23361.1,0
2026-06-03 08:30:00+00:00,23363.55,23395.3,23363.1,23394.95,0
2026-06-03 08:35:00+00:00,23394.95,23404.1,23375.35,23383.3,0
2026-06-03 08:40:00+00:00,23384.6,23391.6,23371.25,23388.2,0
2026-06-03 08:45:00+00:00,23388.3,23415.65,23387.5,23406.05,0
2026-06-03 08:50:00+00:00,23407.65,23439.5,23397.35,23433.65,0
2026-06-03 08:55:00+00:00,23434.7,23435.55,23400.75,23406.75,0
2026-06-03 09:00:00+00:00,23408.45,23433.4,23405.2,23424.5,0
2026-06-03 09:05:00+00:00,23426.5,23429.05,23400.55,23424.45,0
2026-06-03 09:10:00+00:00,23425.65,23445.2,23423.65,23439.8,0
2026-06-03 09:15:00+00:00,23440.1,23444.65,23425.85,23435.05,0
2026-06-03 09:20:00+00:00,23435.95,23459.55,23428.95,23450.3,0
2026-06-03 09:25:00+00:00,23452.25,23452.95,23427.1,23442.95,0
2026-06-03 09:30:00+00:00,23443.8,23459.65,23392.4,23431.2,0
2026-06-03 09:35:00+00:00,23431.55,23447.05,23382.55,23389.4,0
2026-06-03 09:40:00+00:00,23391.05,23396.6,23373.9,23395.85,0
2026-06-03 09:45:00+00:00,23396.1,23411.3,23394.1,23402.35,0
2026-06-03 09:50:00+00:00,23402.5,23408.95,23398.7,23400.15,0
2026-06-03 09:55:00+00:00,23400.9,23409.35,23389.0,23396.95,0
2026-06-04 03:45:00+00:00,23282.45,23362.85,23247.3,23345.9,0
2026-06-04 03:50:00+00:00,23344.5,23357.8,23318.2,23340.45,0
2026-06-04 03:55:00+00:00,23339.6,23356.75,23329.75,23334.8,0
2026-06-04 04:00:00+00:00,23334.75,23339.3,23304.35,23330.95,0
2026-06-04 04:05:00+00:00,23331.5,23366.65,23320.75,23321.45,0
2026-06-04 04:10:00+00:00,23321.8,23356.9,23307.8,23355.35,0
2026-06-04 04:15:00+00:00,23355.5,23395.0,23355.5,23388.35,0
2026-06-04 04:20:00+00:00,23386.9,23394.5,23375.3,23394.35,0
2026-06-04 04:25:00+00:00,23393.85,23443.35,23388.35,23407.85,0
2026-06-04 04:30:00+00:00,23407.3,23430.65,23398.9,23420.8,0
2026-06-04 04:35:00+00:00,23421.15,23442.3,23420.65,23433.8,0
2026-06-04 04:40:00+00:00,23432.2,23443.7,23426.75,23431.35,0
2026-06-04 04:45:00+00:00,23431.9,23449.5,23417.05,23442.85,0
2026-06-04 04:50:00+00:00,23443.2,23449.7,23434.15,23447.55,0
2026-06-04 04:55:00+00:00,23447.2,23450.1,23422.55,23423.5,0
2026-06-04 05:00:00+00:00,23423.0,23426.6,23387.4,23388.0,0
2026-06-04 05:05:00+00:00,23388.45,23401.65,23375.55,23385.95,0
2026-06-04 05:10:00+00:00,23385.7,23411.7,23385.4,23410.65,0
2026-06-04 05:15:00+00:00,23411.05,23446.45,23409.65,23420.05,0
2026-06-04 05:20:00+00:00,23420.3,23428.2,23409.8,23421.6,0
2026-06-04 05:25:00+00:00,23421.4,23434.65,23421.4,23424.9,0
2026-06-04 05:30:00+00:00,23424.1,23430.35,23385.35,23398.4,0
2026-06-04 05:35:00+00:00,23398.1,23400.4,23374.8,23385.4,0
2026-06-04 05:40:00+00:00,23385.7,23405.6,23382.95,23401.85,0
2026-06-04 05:45:00+00:00,23402.05,23403.8,23385.05,23385.05,0
2026-06-04 05:50:00+00:00,23385.05,23394.1,23383.95,23389.1,0
2026-06-04 05:55:00+00:00,23389.35,23403.75,23379.5,23392.7,0
2026-06-04 06:00:00+00:00,23392.65,23401.8,23359.45,23401.55,0
2026-06-04 06:05:00+00:00,23401.45,23446.45,23397.6,23445.7,0
2026-06-04 06:10:00+00:00,23445.65,23462.3,23442.6,23443.65,0
2026-06-04 06:15:00+00:00,23443.75,23451.65,23435.45,23439.9,0
2026-06-04 06:20:00+00:00,23439.3,23442.5,23398.75,23402.3,0
2026-06-04 06:25:00+00:00,23403.1,23431.05,23397.0,23419.05,0
2026-06-04 06:30:00+00:00,23419.15,23441.75,23416.25,23431.2,0
2026-06-04 06:35:00+00:00,23431.4,23447.85,23429.4,23445.15,0
2026-06-04 06:40:00+00:00,23445.85,23450.45,23428.75,23439.7,0
2026-06-04 06:45:00+00:00,23439.25,23450.0,23428.1,23430.55,0
2026-06-04 06:50:00+00:00,23430.0,23437.3,23423.35,23428.8,0
2026-06-04 06:55:00+00:00,23428.5,23435.3,23422.25,23430.65,0
2026-06-04 07:00:00+00:00,23430.45,23432.0,23395.95,23397.05,0
2026-06-04 07:05:00+00:00,23396.55,23402.05,23381.3,23402.05,0
2026-06-04 07:10:00+00:00,23402.35,23406.0,23383.5,23385.35,0
2026-06-04 07:15:00+00:00,23384.45,23405.15,23382.9,23399.0,0
2026-06-04 07:20:00+00:00,23398.45,23405.0,23390.05,23405.0,0
2026-06-04 07:25:00+00:00,23405.1,23416.05,23401.25,23415.9,0
2026-06-04 07:30:00+00:00,23415.75,23422.0,23401.5,23411.85,0
2026-06-04 07:35:00+00:00,23411.9,23412.1,23383.1,23405.8,0
2026-06-04 07:40:00+00:00,23405.25,23409.85,23332.8,23334.25,0
2026-06-04 07:45:00+00:00,23333.65,23356.7,23313.15,23353.3,0
2026-06-04 07:50:00+00:00,23352.7,23363.7,23336.1,23356.15,0
2026-06-04 07:55:00+00:00,23354.75,23368.65,23349.45,23362.25,0
2026-06-04 08:00:00+00:00,23362.55,23366.35,23348.7,23365.1,0
2026-06-04 08:05:00+00:00,23364.65,23375.25,23362.3,23372.2,0
2026-06-04 08:10:00+00:00,23372.1,23374.75,23346.15,23361.5,0
2026-06-04 08:15:00+00:00,23360.9,23375.35,23355.35,23369.95,0
2026-06-04 08:20:00+00:00,23370.05,23374.1,23351.8,23365.75,0
2026-06-04 08:25:00+00:00,23365.6,23377.85,23350.25,23367.9,0
2026-06-04 08:30:00+00:00,23368.9,23418.4,23367.75,23410.05,0
2026-06-04 08:35:00+00:00,23410.55,23425.35,23400.25,23424.6,0
2026-06-04 08:40:00+00:00,23424.35,23433.75,23412.85,23413.9,0
2026-06-04 08:45:00+00:00,23414.3,23429.15,23413.9,23417.3,0
2026-06-04 08:50:00+00:00,23417.6,23424.9,23405.9,23413.35,0
2026-06-04 08:55:00+00:00,23413.5,23429.15,23413.35,23419.75,0
2026-06-04 09:00:00+00:00,23420.1,23448.3,23415.3,23429.0,0
2026-06-04 09:05:00+00:00,23430.0,23452.85,23429.95,23448.5,0
2026-06-04 09:10:00+00:00,23449.35,23450.15,23431.8,23433.2,0
2026-06-04 09:15:00+00:00,23433.3,23465.3,23427.85,23437.6,0
2026-06-04 09:20:00+00:00,23438.1,23441.45,23406.8,23407.65,0
2026-06-04 09:25:00+00:00,23406.55,23417.3,23402.7,23415.15,0
2026-06-04 09:30:00+00:00,23414.8,23418.35,23385.3,23390.65,0
2026-06-04 09:35:00+00:00,23390.7,23416.75,23388.4,23412.65,0
2026-06-04 09:40:00+00:00,23413.1,23420.35,23409.75,23418.05,0
2026-06-04 09:45:00+00:00,23417.05,23428.45,23413.0,23419.7,0
2026-06-04 09:50:00+00:00,23419.6,23434.35,23411.7,23430.2,0
2026-06-04 09:55:00+00:00,23429.7,23446.8,23428.2,23438.0,0
2026-06-05 03:45:00+00:00,23478.95,23516.35,23446.1,23456.15,0
2026-06-05 03:50:00+00:00,23456.05,23468.35,23439.3,23451.2,0
2026-06-05 03:55:00+00:00,23451.0,23465.45,23442.25,23461.95,0
2026-06-05 04:00:00+00:00,23462.2,23480.55,23452.6,23461.1,0
2026-06-05 04:05:00+00:00,23461.1,23486.95,23445.95,23463.75,0
2026-06-05 04:10:00+00:00,23461.55,23480.55,23447.25,23476.3,0
2026-06-05 04:15:00+00:00,23476.05,23477.95,23445.9,23445.9,0
2026-06-05 04:20:00+00:00,23446.1,23466.6,23439.15,23457.9,0
2026-06-05 04:25:00+00:00,23457.5,23463.1,23443.15,23443.95,0
2026-06-05 04:30:00+00:00,23443.65,23484.25,23423.85,23469.15,0
2026-06-05 04:35:00+00:00,23468.85,23497.8,23436.55,23491.2,0
2026-06-05 04:40:00+00:00,23491.5,23512.65,23467.55,23468.5,0
2026-06-05 04:45:00+00:00,23467.7,23486.2,23452.95,23478.5,0
2026-06-05 04:50:00+00:00,23478.15,23492.8,23465.7,23490.0,0
2026-06-05 04:55:00+00:00,23489.8,23497.5,23461.35,23470.55,0
2026-06-05 05:00:00+00:00,23470.95,23474.25,23431.1,23431.1,0
2026-06-05 05:05:00+00:00,23432.0,23434.95,23360.7,23364.15,0
2026-06-05 05:10:00+00:00,23364.75,23371.1,23342.2,23359.75,0
2026-06-05 05:15:00+00:00,23360.2,23375.25,23331.8,23373.9,0
2026-06-05 05:20:00+00:00,23374.05,23392.5,23373.4,23382.75,0
2026-06-05 05:25:00+00:00,23382.75,23404.65,23378.65,23402.3,0
2026-06-05 05:30:00+00:00,23403.6,23454.45,23403.6,23453.9,0
2026-06-05 05:35:00+00:00,23453.9,23494.8,23449.3,23469.55,0
2026-06-05 05:40:00+00:00,23470.2,23478.75,23444.3,23444.4,0
2026-06-05 05:45:00+00:00,23443.95,23452.2,23418.95,23429.3,0
2026-06-05 05:50:00+00:00,23428.6,23431.85,23393.1,23412.05,0
2026-06-05 05:55:00+00:00,23411.15,23420.55,23404.0,23418.35,0
2026-06-05 06:00:00+00:00,23418.3,23436.85,23416.25,23422.9,0
2026-06-05 06:05:00+00:00,23422.95,23426.45,23403.35,23413.7,0
2026-06-05 06:10:00+00:00,23414.35,23442.95,23410.65,23422.8,0
2026-06-05 06:15:00+00:00,23424.35,23440.95,23421.6,23433.2,0
2026-06-05 06:20:00+00:00,23433.65,23435.0,23413.4,23413.7,0
2026-06-05 06:25:00+00:00,23413.75,23417.25,23396.95,23397.5,0
2026-06-05 06:30:00+00:00,23397.9,23430.35,23397.05,23429.3,0
2026-06-05 06:35:00+00:00,23429.6,23438.2,23424.75,23425.85,0
2026-06-05 06:40:00+00:00,23426.5,23441.45,23410.0,23439.5,0
2026-06-05 06:45:00+00:00,23439.75,23448.15,23431.55,23436.0,0
2026-06-05 06:50:00+00:00,23436.0,23449.05,23433.9,23444.75,0
2026-06-05 06:55:00+00:00,23445.1,23455.25,23436.5,23437.0,0
2026-06-05 07:00:00+00:00,23436.85,23439.7,23405.4,23413.2,0
2026-06-05 07:05:00+00:00,23413.25,23419.7,23381.2,23400.65,0
2026-06-05 07:10:00+00:00,23400.9,23403.25,23367.3,23374.65,0
2026-06-05 07:15:00+00:00,23374.9,23388.25,23369.35,23373.6,0
2026-06-05 07:20:00+00:00,23373.55,23378.2,23351.2,23366.1,0
2026-06-05 07:25:00+00:00,23365.8,23372.5,23362.15,23367.7,0
2026-06-05 07:30:00+00:00,23367.55,23374.3,23358.5,23374.05,0
2026-06-05 07:35:00+00:00,23374.0,23376.2,23343.55,23347.45,0
2026-06-05 07:40:00+00:00,23348.4,23353.25,23333.8,23337.5,0
2026-06-05 07:45:00+00:00,23337.95,23360.8,23330.65,23355.1,0
2026-06-05 07:50:00+00:00,23355.5,23356.95,23315.2,23325.8,0
2026-06-05 07:55:00+00:00,23325.55,23344.8,23310.55,23310.6,0
2026-06-05 08:00:00+00:00,23310.5,23328.6,23292.15,23310.25,0
2026-06-05 08:05:00+00:00,23310.9,23321.8,23304.8,23318.45,0
2026-06-05 08:10:00+00:00,23318.55,23321.3,23282.65,23300.1,0
2026-06-05 08:15:00+00:00,23300.4,23321.35,23296.75,23317.0,0
2026-06-05 08:20:00+00:00,23317.55,23322.5,23306.85,23312.6,0
2026-06-05 08:25:00+00:00,23311.6,23330.85,23308.2,23330.85,0
2026-06-05 08:30:00+00:00,23330.25,23339.5,23320.4,23328.35,0
2026-06-05 08:35:00+00:00,23329.4,23341.95,23326.85,23330.45,0
2026-06-05 08:40:00+00:00,23333.2,23334.05,23313.5,23320.15,0
2026-06-05 08:45:00+00:00,23320.9,23321.55,23303.15,23311.65,0
2026-06-05 08:50:00+00:00,23311.45,23327.15,23301.0,23324.2,0
2026-06-05 08:55:00+00:00,23324.8,23354.05,23323.8,23351.6,0
2026-06-05 09:00:00+00:00,23351.8,23365.65,23343.15,23345.8,0
2026-06-05 09:05:00+00:00,23344.7,23350.15,23318.75,23335.3,0
2026-06-05 09:10:00+00:00,23334.5,23405.05,23332.6,23398.8,0
2026-06-05 09:15:00+00:00,23398.05,23418.25,23364.7,23373.0,0
2026-06-05 09:20:00+00:00,23373.35,23388.8,23372.35,23383.45,0
2026-06-05 09:25:00+00:00,23382.1,23387.25,23353.3,23361.8,0
2026-06-05 09:30:00+00:00,23363.2,23368.9,23326.95,23360.5,0
2026-06-05 09:35:00+00:00,23360.55,23368.45,23353.3,23362.45,0
2026-06-05 09:40:00+00:00,23363.3,23369.85,23355.8,23365.75,0
2026-06-05 09:45:00+00:00,23366.55,23386.5,23365.85,23372.75,0
2026-06-05 09:50:00+00:00,23373.0,23377.9,23361.05,23371.0,0
2026-06-05 09:55:00+00:00,23370.2,23379.2,23364.05,23368.85,0
2026-06-08 03:45:00+00:00,23080.7,23139.55,23070.15,23130.55,0
2026-06-08 03:50:00+00:00,23133.35,23145.35,23103.65,23136.0,0
2026-06-08 03:55:00+00:00,23136.65,23157.05,23125.2,23155.5,0
2026-06-08 04:00:00+00:00,23156.1,23184.9,23147.3,23184.35,0
2026-06-08 04:05:00+00:00,23184.95,23185.2,23132.85,23155.6,0
2026-06-08 04:10:00+00:00,23155.75,23171.5,23144.9,23159.15,0
2026-06-08 04:15:00+00:00,23159.85,23178.85,23134.5,23134.5,0
2026-06-08 04:20:00+00:00,23135.55,23173.45,23125.25,23173.05,0
2026-06-08 04:25:00+00:00,23174.15,23202.0,23171.85,23199.5,0
2026-06-08 04:30:00+00:00,23199.85,23200.4,23166.7,23169.8,0
2026-06-08 04:35:00+00:00,23163.35,23193.85,23154.35,23187.8,0
2026-06-08 04:40:00+00:00,23188.6,23192.65,23173.95,23174.25,0
2026-06-08 04:45:00+00:00,23174.55,23187.65,23166.45,23186.1,0
2026-06-08 04:50:00+00:00,23186.45,23188.0,23176.05,23182.75,0
2026-06-08 04:55:00+00:00,23183.15,23184.75,23163.25,23172.45,0
2026-06-08 05:00:00+00:00,23173.2,23215.55,23172.3,23213.45,0
2026-06-08 05:05:00+00:00,23214.0,23216.0,23200.05,23207.95,0
2026-06-08 05:10:00+00:00,23207.85,23223.45,23190.55,23191.65,0
2026-06-08 05:15:00+00:00,23192.25,23202.9,23181.1,23202.55,0
2026-06-08 05:20:00+00:00,23203.25,23211.9,23192.2,23195.9,0
2026-06-08 05:25:00+00:00,23196.15,23218.7,23191.35,23217.45,0
2026-06-08 05:30:00+00:00,23217.9,23218.6,23207.05,23210.15,0
2026-06-08 05:35:00+00:00,23209.95,23211.2,23192.75,23206.25,0
2026-06-08 05:40:00+00:00,23206.2,23210.6,23194.2,23198.85,0
2026-06-08 05:45:00+00:00,23199.75,23204.7,23179.0,23182.55,0
2026-06-08 05:50:00+00:00,23183.25,23192.55,23179.95,23183.75,0
2026-06-08 05:55:00+00:00,23184.55,23190.0,23179.1,23186.15,0
2026-06-08 06:00:00+00:00,23186.55,23199.8,23182.7,23199.05,0
2026-06-08 06:05:00+00:00,23199.15,23209.05,23193.5,23206.3,0
2026-06-08 06:10:00+00:00,23207.15,23211.6,23201.95,23205.45,0
2026-06-08 06:15:00+00:00,23206.1,23215.3,23200.4,23213.95,0
2026-06-08 06:20:00+00:00,23214.4,23214.4,23198.3,23205.6,0
2026-06-08 06:25:00+00:00,23207.2,23212.7,23198.4,23205.45,0
2026-06-08 06:30:00+00:00,23205.8,23209.65,23197.6,23207.25,0
2026-06-08 06:35:00+00:00,23207.9,23212.95,23193.8,23204.45,0
2026-06-08 06:40:00+00:00,23205.0,23224.4,23205.0,23212.45,0
2026-06-08 06:45:00+00:00,23212.45,23215.65,23208.0,23212.65,0
2026-06-08 06:50:00+00:00,23212.65,23226.0,23212.45,23225.45,0
2026-06-08 06:55:00+00:00,23225.55,23226.45,23216.8,23218.75,0
2026-06-08 07:00:00+00:00,23219.2,23227.65,23215.25,23220.55,0
2026-06-08 07:05:00+00:00,23221.9,23224.0,23216.85,23222.35,0
2026-06-08 07:10:00+00:00,23223.0,23245.6,23221.35,23237.85,0
2026-06-08 07:15:00+00:00,23238.65,23247.35,23229.6,23245.3,0
2026-06-08 07:20:00+00:00,23245.9,23267.3,23244.05,23248.3,0
2026-06-08 07:25:00+00:00,23250.55,23256.25,23245.5,23246.15,0
2026-06-08 07:30:00+00:00,23247.1,23247.8,23226.1,23226.55,0
2026-06-08 07:35:00+00:00,23227.3,23229.35,23212.55,23219.5,0
2026-06-08 07:40:00+00:00,23220.5,23221.0,23213.35,23216.3,0
2026-06-08 07:45:00+00:00,23216.5,23225.7,23212.5,23215.2,0
2026-06-08 07:50:00+00:00,23215.25,23216.15,23208.9,23210.4,0
2026-06-08 07:55:00+00:00,23210.6,23212.0,23194.7,23209.05,0
2026-06-08 08:00:00+00:00,23208.7,23215.3,23188.35,23195.55,0
2026-06-08 08:05:00+00:00,23196.25,23199.5,23184.25,23195.7,0
2026-06-08 08:10:00+00:00,23197.25,23197.85,23169.75,23171.0,0
2026-06-08 08:15:00+00:00,23171.9,23177.0,23150.4,23170.3,0
2026-06-08 08:20:00+00:00,23171.55,23175.65,23157.3,23165.9,0
2026-06-08 08:25:00+00:00,23166.3,23174.1,23156.15,23172.45,0
2026-06-08 08:30:00+00:00,23173.45,23184.7,23171.5,23180.35,0
2026-06-08 08:35:00+00:00,23180.4,23183.2,23160.6,23163.1,0
2026-06-08 08:40:00+00:00,23163.75,23167.7,23156.25,23156.85,0
2026-06-08 08:45:00+00:00,23157.35,23173.2,23145.7,23168.75,0
2026-06-08 08:50:00+00:00,23168.85,23168.85,23151.05,23155.4,0
2026-06-08 08:55:00+00:00,23155.15,23158.45,23147.35,23149.1,0
2026-06-08 09:00:00+00:00,23148.6,23163.2,23147.3,23159.05,0
2026-06-08 09:05:00+00:00,23160.3,23167.55,23153.9,23158.15,0
2026-06-08 09:10:00+00:00,23158.75,23181.0,23151.9,23179.9,0
2026-06-08 09:15:00+00:00,23181.4,23189.8,23160.6,23174.85,0
2026-06-08 09:20:00+00:00,23175.5,23181.45,23167.3,23177.4,0
2026-06-08 09:25:00+00:00,23178.2,23196.7,23161.65,23179.0,0
2026-06-08 09:30:00+00:00,23182.4,23182.4,23109.35,23116.75,0
2026-06-08 09:35:00+00:00,23117.75,23135.75,23107.05,23131.95,0
2026-06-08 09:40:00+00:00,23133.25,23137.2,23123.85,23134.45,0
2026-06-08 09:45:00+00:00,23134.05,23135.8,23122.35,23124.15,0
2026-06-08 09:50:00+00:00,23124.95,23125.2,23093.6,23104.0,0
2026-06-08 09:55:00+00:00,23104.6,23105.1,23089.9,23103.7,0
2026-06-09 03:45:00+00:00,23259.05,23259.45,23194.9,23235.15,0
2026-06-09 03:50:00+00:00,23233.3,23244.35,23223.0,23237.9,0
2026-06-09 03:55:00+00:00,23237.3,23241.55,23222.5,23225.05,0
2026-06-09 04:00:00+00:00,23224.9,23252.05,23224.9,23239.5,0
2026-06-09 04:05:00+00:00,23239.3,23243.95,23209.0,23213.05,0
2026-06-09 04:10:00+00:00,23212.35,23221.0,23196.4,23196.8,0
2026-06-09 04:15:00+00:00,23196.6,23218.15,23180.55,23184.9,0
2026-06-09 04:20:00+00:00,23184.75,23216.7,23182.45,23212.95,0
2026-06-09 04:25:00+00:00,23212.05,23212.5,23183.05,23188.35,0
2026-06-09 04:30:00+00:00,23188.75,23192.9,23165.85,23168.25,0
2026-06-09 04:35:00+00:00,23167.85,23176.5,23160.55,23171.05,0
2026-06-09 04:40:00+00:00,23171.5,23173.2,23160.5,23167.75,0
2026-06-09 04:45:00+00:00,23167.75,23177.35,23162.2,23170.0,0
2026-06-09 04:50:00+00:00,23169.65,23170.75,23148.7,23158.15,0
2026-06-09 04:55:00+00:00,23158.1,23168.1,23154.05,23162.35,0
2026-06-09 05:00:00+00:00,23162.5,23166.4,23153.25,23158.3,0
2026-06-09 05:05:00+00:00,23157.7,23158.65,23147.7,23151.6,0
2026-06-09 05:10:00+00:00,23151.65,23165.3,23146.9,23164.55,0
2026-06-09 05:15:00+00:00,23163.95,23168.05,23131.4,23132.2,0
2026-06-09 05:20:00+00:00,23132.15,23157.05,23129.1,23155.2,0
2026-06-09 05:25:00+00:00,23155.1,23160.15,23146.35,23154.55,0
2026-06-09 05:30:00+00:00,23153.8,23156.85,23149.6,23154.85,0
2026-06-09 05:35:00+00:00,23154.25,23161.9,23148.9,23151.4,0
2026-06-09 05:40:00+00:00,23150.95,23152.6,23142.5,23146.0,0
2026-06-09 05:45:00+00:00,23144.8,23158.55,23139.9,23154.85,0
2026-06-09 05:50:00+00:00,23154.9,23155.35,23109.45,23113.1,0
2026-06-09 05:55:00+00:00,23112.8,23139.6,23104.45,23132.15,0
2026-06-09 06:00:00+00:00,23131.25,23139.8,23126.1,23137.4,0
2026-06-09 06:05:00+00:00,23138.5,23159.25,23137.75,23157.65,0
2026-06-09 06:10:00+00:00,23157.05,23160.65,23133.25,23150.85,0
2026-06-09 06:15:00+00:00,23150.6,23196.2,23145.45,23174.65,0
2026-06-09 06:20:00+00:00,23174.45,23187.55,23166.75,23174.6,0
2026-06-09 06:25:00+00:00,23174.25,23184.95,23171.55,23181.2,0
2026-06-09 06:30:00+00:00,23181.3,23204.5,23179.4,23185.1,0
2026-06-09 06:35:00+00:00,23185.85,23187.35,23176.9,23178.05,0
2026-06-09 06:40:00+00:00,23176.9,23189.95,23176.5,23187.65,0
2026-06-09 06:45:00+00:00,23186.9,23198.85,23184.65,23198.6,0
2026-06-09 06:50:00+00:00,23197.95,23209.4,23193.65,23198.5,0
2026-06-09 06:55:00+00:00,23197.85,23207.15,23195.15,23205.3,0
2026-06-09 07:00:00+00:00,23205.95,23224.7,23201.45,23219.35,0
2026-06-09 07:05:00+00:00,23218.7,23226.65,23212.35,23217.6,0
2026-06-09 07:10:00+00:00,23216.8,23222.45,23196.75,23207.4,0
2026-06-09 07:15:00+00:00,23207.7,23219.35,23201.9,23203.25,0
2026-06-09 07:20:00+00:00,23203.2,23208.55,23190.45,23199.25,0
2026-06-09 07:25:00+00:00,23197.45,23199.7,23177.5,23181.4,0
2026-06-09 07:30:00+00:00,23181.15,23203.4,23181.15,23193.65,0
2026-06-09 07:35:00+00:00,23192.55,23201.55,23185.1,23187.3,0
2026-06-09 07:40:00+00:00,23186.6,23212.05,23185.7,23208.75,0
2026-06-09 07:45:00+00:00,23208.05,23223.2,23198.9,23203.85,0
2026-06-09 07:50:00+00:00,23202.85,23207.5,23193.9,23200.0,0
2026-06-09 07:55:00+00:00,23199.9,23205.85,23194.25,23204.65,0
2026-06-09 08:00:00+00:00,23203.85,23206.5,23186.8,23200.65,0
2026-06-09 08:05:00+00:00,23200.75,23216.95,23195.05,23215.4,0
2026-06-09 08:10:00+00:00,23216.0,23222.25,23202.05,23218.65,0
2026-06-09 08:15:00+00:00,23218.4,23220.45,23202.1,23206.65,0
2026-06-09 08:20:00+00:00,23206.25,23210.1,23192.05,23192.95,0
2026-06-09 08:25:00+00:00,23192.35,23197.05,23175.3,23189.65,0
2026-06-09 08:30:00+00:00,23188.7,23191.0,23178.45,23187.0,0
2026-06-09 08:35:00+00:00,23186.6,23208.8,23185.9,23208.0,0
2026-06-09 08:40:00+00:00,23207.2,23218.65,23204.3,23206.05,0
2026-06-09 08:45:00+00:00,23207.35,23212.05,23199.7,23206.05,0
2026-06-09 08:50:00+00:00,23205.4,23206.8,23187.3,23195.15,0
2026-06-09 08:55:00+00:00,23195.4,23217.05,23194.9,23216.85,0
2026-06-09 09:00:00+00:00,23214.95,23217.45,23203.0,23216.5,0
2026-06-09 09:05:00+00:00,23216.65,23242.95,23207.55,23241.45,0
2026-06-09 09:10:00+00:00,23241.55,23261.15,23238.15,23251.15,0
2026-06-09 09:15:00+00:00,23251.1,23253.2,23239.45,23241.3,0
2026-06-09 09:20:00+00:00,23240.95,23269.05,23239.7,23267.25,0
2026-06-09 09:25:00+00:00,23266.4,23279.4,23265.9,23274.65,0
2026-06-09 09:30:00+00:00,23272.9,23272.9,23230.5,23237.9,0
2026-06-09 09:35:00+00:00,23239.7,23265.45,23239.7,23263.7,0
2026-06-09 09:40:00+00:00,23262.5,23265.65,23241.3,23244.2,0
2026-06-09 09:45:00+00:00,23242.7,23244.25,23225.05,23231.1,0
2026-06-09 09:50:00+00:00,23230.55,23243.5,23228.8,23239.7,0
2026-06-09 09:55:00+00:00,23240.7,23261.05,23236.7,23257.75,0
2026-06-10 03:45:00+00:00,23233.95,23350.2,23217.3,23326.4,0
2026-06-10 03:50:00+00:00,23326.8,23331.9,23299.0,23326.75,0
2026-06-10 03:55:00+00:00,23326.35,23340.75,23315.9,23339.75,0
2026-06-10 04:00:00+00:00,23339.45,23351.3,23329.7,23349.9,0
2026-06-10 04:05:00+00:00,23350.35,23350.95,23334.15,23337.8,0
2026-06-10 04:10:00+00:00,23338.4,23356.9,23335.0,23355.05,0
2026-06-10 04:15:00+00:00,23353.7,23381.45,23353.2,23379.15,0
2026-06-10 04:20:00+00:00,23380.0,23380.8,23368.7,23372.5,0
2026-06-10 04:25:00+00:00,23374.2,23384.45,23364.75,23366.6,0
2026-06-10 04:30:00+00:00,23366.6,23370.55,23345.45,23350.8,0
2026-06-10 04:35:00+00:00,23350.5,23360.05,23343.05,23350.85,0
2026-06-10 04:40:00+00:00,23351.85,23357.1,23317.0,23317.0,0
2026-06-10 04:45:00+00:00,23317.3,23336.55,23305.8,23334.65,0
2026-06-10 04:50:00+00:00,23334.7,23338.35,23315.95,23322.65,0
2026-06-10 04:55:00+00:00,23322.5,23323.15,23313.0,23319.4,0
2026-06-10 05:00:00+00:00,23319.4,23338.1,23317.7,23337.35,0
2026-06-10 05:05:00+00:00,23337.1,23351.55,23332.9,23333.25,0
2026-06-10 05:10:00+00:00,23333.55,23347.9,23329.55,23345.95,0
2026-06-10 05:15:00+00:00,23345.8,23353.5,23341.45,23352.35,0
2026-06-10 05:20:00+00:00,23352.25,23363.2,23346.05,23361.7,0
2026-06-10 05:25:00+00:00,23361.2,23378.55,23350.5,23378.55,0
2026-06-10 05:30:00+00:00,23378.55,23384.3,23362.85,23378.5,0
2026-06-10 05:35:00+00:00,23378.1,23379.2,23363.1,23377.4,0
2026-06-10 05:40:00+00:00,23377.3,23388.9,23372.9,23373.65,0
2026-06-10 05:45:00+00:00,23373.65,23383.05,23360.45,23360.45,0
2026-06-10 05:50:00+00:00,23360.8,23379.5,23359.95,23378.35,0
2026-06-10 05:55:00+00:00,23378.3,23398.1,23375.6,23396.75,0
2026-06-10 06:00:00+00:00,23396.9,23400.2,23385.85,23388.55,0
2026-06-10 06:05:00+00:00,23388.45,23408.4,23386.7,23406.15,0
2026-06-10 06:10:00+00:00,23406.5,23409.8,23397.4,23406.0,0
2026-06-10 06:15:00+00:00,23405.95,23406.3,23389.5,23400.05,0
2026-06-10 06:20:00+00:00,23399.95,23402.85,23389.7,23396.35,0
2026-06-10 06:25:00+00:00,23396.25,23403.7,23393.8,23402.8,0
2026-06-10 06:30:00+00:00,23403.3,23404.65,23376.45,23381.85,0
2026-06-10 06:35:00+00:00,23382.05,23395.7,23378.1,23390.3,0
2026-06-10 06:40:00+00:00,23390.25,23396.55,23383.3,23395.4,0
2026-06-10 06:45:00+00:00,23395.25,23397.25,23384.55,23390.35,0
2026-06-10 06:50:00+00:00,23390.6,23392.45,23376.1,23377.65,0
2026-06-10 06:55:00+00:00,23377.6,23381.2,23374.3,23375.25,0
2026-06-10 07:00:00+00:00,23375.95,23381.35,23372.6,23374.15,0
2026-06-10 07:05:00+00:00,23374.2,23380.5,23370.8,23373.15,0
2026-06-10 07:10:00+00:00,23373.05,23373.2,23346.6,23347.75,0
2026-06-10 07:15:00+00:00,23347.85,23364.35,23333.2,23361.65,0
2026-06-10 07:20:00+00:00,23362.35,23385.45,23362.3,23380.35,0
2026-06-10 07:25:00+00:00,23380.7,23381.8,23363.75,23380.05,0
2026-06-10 07:30:00+00:00,23380.05,23418.15,23380.0,23416.45,0
2026-06-10 07:35:00+00:00,23417.35,23425.35,23403.6,23412.75,0
2026-06-10 07:40:00+00:00,23412.4,23420.05,23400.85,23405.15,0
2026-06-10 07:45:00+00:00,23405.65,23410.3,23395.95,23396.85,0
2026-06-10 07:50:00+00:00,23397.0,23398.2,23372.5,23373.15,0
2026-06-10 07:55:00+00:00,23373.35,23401.4,23371.75,23398.3,0
2026-06-10 08:00:00+00:00,23397.95,23407.35,23377.2,23381.65,0
2026-06-10 08:05:00+00:00,23381.55,23388.55,23375.35,23378.2,0
2026-06-10 08:10:00+00:00,23378.35,23387.75,23351.9,23358.85,0
2026-06-10 08:15:00+00:00,23358.3,23377.45,23358.0,23362.5,0
2026-06-10 08:20:00+00:00,23362.15,23366.3,23347.8,23349.75,0
2026-06-10 08:25:00+00:00,23349.5,23355.35,23347.05,23352.95,0
2026-06-10 08:30:00+00:00,23352.4,23364.75,23339.95,23359.05,0
2026-06-10 08:35:00+00:00,23358.9,23361.7,23338.55,23339.85,0
2026-06-10 08:40:00+00:00,23339.1,23345.15,23315.0,23317.15,0
2026-06-10 08:45:00+00:00,23317.25,23332.8,23307.45,23327.8,0
2026-06-10 08:50:00+00:00,23326.95,23339.8,23325.05,23330.2,0
2026-06-10 08:55:00+00:00,23330.2,23333.35,23313.35,23315.5,0
2026-06-10 09:00:00+00:00,23316.35,23318.15,23289.75,23309.9,0
2026-06-10 09:05:00+00:00,23309.5,23320.85,23280.9,23281.8,0
2026-06-10 09:10:00+00:00,23281.65,23296.6,23260.3,23261.6,0
2026-06-10 09:15:00+00:00,23262.85,23271.95,23244.9,23249.2,0
2026-06-10 09:20:00+00:00,23248.95,23258.2,23243.85,23251.15,0
2026-06-10 09:25:00+00:00,23251.25,23264.05,23250.9,23256.75,0
2026-06-10 09:30:00+00:00,23256.85,23259.1,23234.15,23236.2,0
2026-06-10 09:35:00+00:00,23236.45,23238.95,23222.7,23235.35,0
2026-06-10 09:40:00+00:00,23235.05,23236.35,23198.35,23199.7,0
2026-06-10 09:45:00+00:00,23200.75,23212.1,23184.6,23208.25,0
2026-06-10 09:50:00+00:00,23208.3,23215.15,23187.8,23202.35,0
2026-06-10 09:55:00+00:00,23203.55,23216.8,23199.75,23216.1,0
2026-06-11 03:45:00+00:00,23104.4,23124.1,23072.05,23112.65,0
2026-06-11 03:50:00+00:00,23115.85,23148.05,23107.05,23114.9,0
2026-06-11 03:55:00+00:00,23116.8,23126.4,23092.8,23119.35,0
2026-06-11 04:00:00+00:00,23121.9,23124.5,23098.65,23108.45,0
2026-06-11 04:05:00+00:00,23109.65,23136.65,23093.15,23132.35,0
2026-06-11 04:10:00+00:00,23134.8,23148.6,23113.4,23143.6,0
2026-06-11 04:15:00+00:00,23144.25,23155.2,23136.55,23151.75,0
2026-06-11 04:20:00+00:00,23153.3,23172.85,23142.25,23150.65,0
2026-06-11 04:25:00+00:00,23152.35,23153.3,23112.6,23115.7,0
2026-06-11 04:30:00+00:00,23117.6,23136.0,23108.45,23108.55,0
2026-06-11 04:35:00+00:00,23111.2,23159.4,23102.85,23155.0,0
2026-06-11 04:40:00+00:00,23156.95,23164.5,23144.15,23145.5,0
2026-06-11 04:45:00+00:00,23147.5,23181.55,23144.7,23180.7,0
2026-06-11 04:50:00+00:00,23183.15,23191.85,23174.7,23176.9,0
2026-06-11 04:55:00+00:00,23179.75,23207.8,23175.0,23199.5,0
2026-06-11 05:00:00+00:00,23201.1,23205.0,23185.15,23198.45,0
2026-06-11 05:05:00+00:00,23200.8,23207.3,23189.25,23204.35,0
2026-06-11 05:10:00+00:00,23207.45,23214.05,23195.25,23203.2,0
2026-06-11 05:15:00+00:00,23204.85,23211.85,23192.25,23192.55,0
2026-06-11 05:20:00+00:00,23193.75,23193.8,23168.25,23172.5,0
2026-06-11 05:25:00+00:00,23174.7,23181.1,23167.2,23174.55,0
2026-06-11 05:30:00+00:00,23176.55,23184.45,23162.5,23179.25,0
2026-06-11 05:35:00+00:00,23181.6,23205.0,23180.1,23191.95,0
2026-06-11 05:40:00+00:00,23193.55,23193.85,23181.0,23181.65,0
2026-06-11 05:45:00+00:00,23183.2,23208.55,23181.55,23201.3,0
2026-06-11 05:50:00+00:00,23203.45,23220.3,23199.35,23217.25,0
2026-06-11 05:55:00+00:00,23218.5,23236.8,23214.25,23235.45,0
2026-06-11 06:00:00+00:00,23237.4,23245.0,23220.3,23225.4,0
2026-06-11 06:05:00+00:00,23226.35,23234.35,23210.65,23222.95,0
2026-06-11 06:10:00+00:00,23224.6,23251.85,23220.05,23251.7,0
2026-06-11 06:15:00+00:00,23253.7,23270.85,23251.05,23263.3,0
2026-06-11 06:20:00+00:00,23265.2,23276.35,23261.55,23271.35,0
2026-06-11 06:25:00+00:00,23272.95,23291.7,23269.0,23281.15,0
2026-06-11 06:30:00+00:00,23283.15,23290.4,23281.55,23285.55,0
2026-06-11 06:35:00+00:00,23286.7,23292.7,23274.6,23281.15,0
2026-06-11 06:40:00+00:00,23283.25,23286.9,23272.55,23285.25,0
2026-06-11 06:45:00+00:00,23287.55,23307.05,23285.35,23287.25,0
2026-06-11 06:50:00+00:00,23289.5,23293.5,23278.35,23288.7,0
2026-06-11 06:55:00+00:00,23291.75,23301.55,23281.85,23295.6,0
2026-06-11 07:00:00+00:00,23297.6,23320.95,23296.6,23319.9,0
2026-06-11 07:05:00+00:00,23322.05,23324.25,23290.8,23297.65,0
2026-06-11 07:10:00+00:00,23299.75,23300.5,23288.1,23294.4,0
2026-06-11 07:15:00+00:00,23296.1,23301.85,23273.05,23273.3,0
2026-06-11 07:20:00+00:00,23275.45,23287.55,23272.7,23280.6,0
2026-06-11 07:25:00+00:00,23282.2,23307.3,23274.85,23306.75,0
2026-06-11 07:30:00+00:00,23308.25,23327.45,23299.05,23300.3,0
2026-06-11 07:35:00+00:00,23301.6,23303.15,23279.15,23279.45,0
2026-06-11 07:40:00+00:00,23280.65,23282.5,23256.3,23257.7,0
2026-06-11 07:45:00+00:00,23259.45,23264.65,23249.45,23252.15,0
2026-06-11 07:50:00+00:00,23254.1,23258.2,23225.55,23239.3,0
2026-06-11 07:55:00+00:00,23241.3,23241.75,23220.45,23241.0,0
2026-06-11 08:00:00+00:00,23242.9,23267.75,23240.1,23243.65,0
2026-06-11 08:05:00+00:00,23245.8,23256.3,23228.4,23230.0,0
2026-06-11 08:10:00+00:00,23232.7,23238.15,23213.45,23220.1,0
2026-06-11 08:15:00+00:00,23223.9,23240.65,23214.55,23227.75,0
2026-06-11 08:20:00+00:00,23230.35,23236.8,23221.25,23231.85,0
2026-06-11 08:25:00+00:00,23234.5,23248.05,23227.25,23231.3,0
2026-06-11 08:30:00+00:00,23233.0,23240.2,23228.15,23235.1,0
2026-06-11 08:35:00+00:00,23236.35,23236.35,23201.6,23211.2,0
2026-06-11 08:40:00+00:00,23212.6,23226.25,23205.7,23218.75,0
2026-06-11 08:45:00+00:00,23219.8,23220.85,23204.1,23215.75,0
2026-06-11 08:50:00+00:00,23216.8,23224.95,23204.95,23206.4,0
2026-06-11 08:55:00+00:00,23208.1,23252.05,23206.2,23240.05,0
2026-06-11 09:00:00+00:00,23241.15,23245.45,23224.0,23231.7,0
2026-06-11 09:05:00+00:00,23233.55,23242.35,23197.6,23217.1,0
2026-06-11 09:10:00+00:00,23218.6,23221.1,23193.55,23198.15,0
2026-06-11 09:15:00+00:00,23200.2,23209.6,23165.85,23191.7,0
2026-06-11 09:20:00+00:00,23193.1,23193.1,23166.85,23170.35,0
2026-06-11 09:25:00+00:00,23171.7,23178.25,23162.5,23175.5,0
2026-06-11 09:30:00+00:00,23177.05,23192.45,23138.85,23145.0,0
2026-06-11 09:35:00+00:00,23146.25,23152.4,23131.95,23143.3,0
2026-06-11 09:40:00+00:00,23143.85,23169.55,23137.9,23165.8,0
2026-06-11 09:45:00+00:00,23165.3,23188.15,23156.4,23173.8,0
2026-06-11 09:50:00+00:00,23172.0,23183.75,23164.75,23173.6,0
2026-06-11 09:55:00+00:00,23173.6,23194.9,23170.95,23186.55,0
2026-06-12 03:45:00+00:00,23412.55,23455.95,23405.0,23444.65,0
2026-06-12 03:50:00+00:00,23447.05,23451.9,23423.0,23423.35,0
2026-06-12 03:55:00+00:00,23423.8,23431.55,23400.55,23401.2,0
2026-06-12 04:00:00+00:00,23402.85,23410.15,23385.65,23407.95,0
2026-06-12 04:05:00+00:00,23409.35,23410.65,23388.3,23396.1,0
2026-06-12 04:10:00+00:00,23396.9,23397.7,23364.25,23370.1,0
2026-06-12 04:15:00+00:00,23370.6,23379.85,23357.05,23379.35,0
2026-06-12 04:20:00+00:00,23380.75,23380.75,23355.25,23358.15,0
2026-06-12 04:25:00+00:00,23361.45,23361.45,23345.95,23346.55,0
2026-06-12 04:30:00+00:00,23348.7,23349.85,23327.65,23342.55,0
2026-06-12 04:35:00+00:00,23343.4,23359.15,23341.1,23347.55,0
2026-06-12 04:40:00+00:00,23349.05,23353.6,23339.4,23342.65,0
2026-06-12 04:45:00+00:00,23345.15,23349.1,23323.9,23326.85,0
2026-06-12 04:50:00+00:00,23328.2,23355.2,23322.65,23355.2,0
2026-06-12 04:55:00+00:00,23356.35,23362.9,23342.4,23345.85,0
2026-06-12 05:00:00+00:00,23346.75,23356.8,23342.8,23349.85,0
2026-06-12 05:05:00+00:00,23351.05,23355.1,23341.55,23354.25,0
2026-06-12 05:10:00+00:00,23355.55,23357.5,23347.2,23349.7,0
2026-06-12 05:15:00+00:00,23350.95,23354.8,23329.95,23345.5,0
2026-06-12 05:20:00+00:00,23346.5,23354.55,23336.75,23354.1,0
2026-06-12 05:25:00+00:00,23355.4,23359.85,23352.3,23358.25,0
2026-06-12 05:30:00+00:00,23359.2,23359.2,23345.7,23353.35,0
2026-06-12 05:35:00+00:00,23355.05,23357.4,23344.45,23355.35,0
2026-06-12 05:40:00+00:00,23356.25,23378.35,23352.4,23378.05,0
2026-06-12 05:45:00+00:00,23379.1,23380.65,23360.05,23361.45,0
2026-06-12 05:50:00+00:00,23363.1,23365.75,23349.7,23365.45,0
2026-06-12 05:55:00+00:00,23366.5,23366.95,23353.0,23357.4,0
2026-06-12 06:00:00+00:00,23358.9,23372.6,23357.5,23366.7,0
2026-06-12 06:05:00+00:00,23367.25,23371.8,23361.1,23368.95,0
2026-06-12 06:10:00+00:00,23371.0,23377.9,23368.45,23374.8,0
2026-06-12 06:15:00+00:00,23375.5,23388.65,23368.35,23385.45,0
2026-06-12 06:20:00+00:00,23386.7,23386.75,23372.0,23381.8,0
2026-06-12 06:25:00+00:00,23382.75,23389.3,23376.75,23378.2,0
2026-06-12 06:30:00+00:00,23380.1,23383.55,23371.85,23379.25,0
2026-06-12 06:35:00+00:00,23380.5,23381.2,23362.9,23363.45,0
2026-06-12 06:40:00+00:00,23365.35,23365.5,23343.35,23347.4,0
2026-06-12 06:45:00+00:00,23349.45,23353.85,23343.5,23346.2,0
2026-06-12 06:50:00+00:00,23346.9,23365.75,23345.85,23365.3,0
2026-06-12 06:55:00+00:00,23366.75,23369.9,23363.5,23365.3,0
2026-06-12 07:00:00+00:00,23365.9,23365.9,23343.45,23350.65,0
2026-06-12 07:05:00+00:00,23351.9,23351.9,23338.05,23342.65,0
2026-06-12 07:10:00+00:00,23343.75,23345.55,23320.3,23321.55,0
2026-06-12 07:15:00+00:00,23323.0,23325.85,23313.9,23317.15,0
2026-06-12 07:20:00+00:00,23318.05,23327.8,23314.55,23327.55,0
2026-06-12 07:25:00+00:00,23328.1,23329.9,23319.75,23325.3,0
2026-06-12 07:30:00+00:00,23326.75,23334.1,23322.25,23331.3,0
2026-06-12 07:35:00+00:00,23331.65,23340.7,23328.75,23334.25,0
2026-06-12 07:40:00+00:00,23335.0,23344.05,23329.1,23336.25,0
2026-06-12 07:45:00+00:00,23336.95,23348.0,23334.55,23343.2,0
2026-06-12 07:50:00+00:00,23344.4,23347.1,23330.0,23331.05,0
2026-06-12 07:55:00+00:00,23332.05,23392.5,23321.6,23388.95,0
2026-06-12 08:00:00+00:00,23390.4,23429.85,23389.05,23426.55,0
2026-06-12 08:05:00+00:00,23426.7,23463.85,23424.35,23461.7,0
2026-06-12 08:10:00+00:00,23463.45,23480.25,23459.1,23474.6,0
2026-06-12 08:15:00+00:00,23476.15,23498.4,23468.45,23492.0,0
2026-06-12 08:20:00+00:00,23494.55,23496.95,23475.3,23489.05,0
2026-06-12 08:25:00+00:00,23489.85,23511.25,23486.05,23507.45,0
2026-06-12 08:30:00+00:00,23509.7,23519.35,23496.6,23519.2,0
2026-06-12 08:35:00+00:00,23520.25,23523.4,23506.35,23509.35,0
2026-06-12 08:40:00+00:00,23510.15,23531.6,23496.55,23527.5,0
2026-06-12 08:45:00+00:00,23528.2,23537.9,23524.6,23535.75,0
2026-06-12 08:50:00+00:00,23536.7,23539.75,23526.95,23534.1,0
2026-06-12 08:55:00+00:00,23535.15,23550.3,23525.3,23547.8,0
2026-06-12 09:00:00+00:00,23549.3,23557.6,23542.5,23548.7,0
2026-06-12 09:05:00+00:00,23550.05,23568.6,23532.9,23568.1,0
2026-06-12 09:10:00+00:00,23569.4,23577.3,23554.05,23569.75,0
2026-06-12 09:15:00+00:00,23571.85,23589.65,23568.35,23588.8,0
2026-06-12 09:20:00+00:00,23589.85,23607.55,23588.0,23605.5,0
2026-06-12 09:25:00+00:00,23605.45,23616.95,23599.95,23608.15,0
2026-06-12 09:30:00+00:00,23607.95,23639.4,23581.65,23635.9,0
2026-06-12 09:35:00+00:00,23636.05,23645.35,23619.05,23620.05,0
2026-06-12 09:40:00+00:00,23621.2,23624.1,23607.4,23621.8,0
2026-06-12 09:45:00+00:00,23620.95,23636.7,23612.15,23629.1,0
2026-06-12 09:50:00+00:00,23630.25,23630.25,23614.6,23622.55,0
2026-06-12 09:55:00+00:00,23623.35,23639.35,23620.2,23631.75,0
2026-06-15 03:45:00+00:00,23984.85,24011.4,23934.1,23946.2,0
2026-06-15 03:50:00+00:00,23948.15,23962.3,23943.9,23956.75,0
2026-06-15 03:55:00+00:00,23960.05,23962.3,23938.45,23946.15,0
2026-06-15 04:00:00+00:00,23947.05,23952.1,23927.35,23946.7,0
2026-06-15 04:05:00+00:00,23948.65,23950.4,23931.85,23937.9,0
2026-06-15 04:10:00+00:00,23938.85,23965.9,23938.6,23965.7,0
2026-06-15 04:15:00+00:00,23966.55,23980.45,23963.25,23972.15,0
2026-06-15 04:20:00+00:00,23971.35,23975.15,23955.25,23958.1,0
2026-06-15 04:25:00+00:00,23959.15,23960.85,23939.75,23945.95,0
2026-06-15 04:30:00+00:00,23946.9,23968.2,23945.9,23958.25,0
2026-06-15 04:35:00+00:00,23959.0,23960.5,23940.65,23946.35,0
2026-06-15 04:40:00+00:00,23947.25,23952.6,23933.55,23945.05,0
2026-06-15 04:45:00+00:00,23946.0,23948.45,23936.55,23941.65,0
2026-06-15 04:50:00+00:00,23943.15,23955.0,23935.6,23948.85,0
2026-06-15 04:55:00+00:00,23950.7,23968.65,23943.85,23962.55,0
2026-06-15 05:00:00+00:00,23964.9,23973.5,23961.95,23972.6,0
2026-06-15 05:05:00+00:00,23973.05,23977.05,23966.85,23973.6,0
2026-06-15 05:10:00+00:00,23974.7,23982.15,23969.65,23978.45,0
2026-06-15 05:15:00+00:00,23979.65,23991.2,23974.75,23989.15,0
2026-06-15 05:20:00+00:00,23989.6,24008.9,23989.6,23995.5,0
2026-06-15 05:25:00+00:00,23997.35,24009.1,23995.25,24002.1,0
2026-06-15 05:30:00+00:00,24001.4,24003.6,23971.55,23982.1,0
2026-06-15 05:35:00+00:00,23983.25,23984.05,23970.9,23979.35,0
2026-06-15 05:40:00+00:00,23980.7,23984.4,23966.3,23967.85,0
2026-06-15 05:45:00+00:00,23968.2,23973.5,23962.5,23971.3,0
2026-06-15 05:50:00+00:00,23972.3,23974.65,23962.2,23964.75,0
2026-06-15 05:55:00+00:00,23965.1,23982.95,23964.8,23978.45,0
2026-06-15 06:00:00+00:00,23977.95,23979.8,23961.15,23965.3,0
2026-06-15 06:05:00+00:00,23963.25,23969.55,23961.45,23966.8,0
2026-06-15 06:10:00+00:00,23967.6,23971.2,23957.25,23957.25,0
2026-06-15 06:15:00+00:00,23958.1,23963.1,23950.0,23961.25,0
2026-06-15 06:20:00+00:00,23961.45,23970.55,23955.65,23966.85,0
2026-06-15 06:25:00+00:00,23967.6,23970.05,23956.7,23961.35,0
2026-06-15 06:30:00+00:00,23961.65,23965.75,23949.1,23949.9,0
2026-06-15 06:35:00+00:00,23951.55,23951.7,23933.25,23935.45,0
2026-06-15 06:40:00+00:00,23935.75,23940.8,23930.05,23931.8,0
2026-06-15 06:45:00+00:00,23930.7,23932.95,23905.8,23907.45,0
2026-06-15 06:50:00+00:00,23908.65,23919.7,23903.05,23913.15,0
2026-06-15 06:55:00+00:00,23914.2,23915.2,23893.8,23894.75,0
2026-06-15 07:00:00+00:00,23896.0,23907.1,23892.35,23906.3,0
2026-06-15 07:05:00+00:00,23906.7,23917.8,23905.05,23906.85,0
2026-06-15 07:10:00+00:00,23907.0,23913.35,23897.35,23912.85,0
2026-06-15 07:15:00+00:00,23913.55,23913.95,23898.1,23899.6,0
2026-06-15 07:20:00+00:00,23900.1,23907.95,23896.65,23903.4,0
2026-06-15 07:25:00+00:00,23903.7,23912.5,23903.15,23906.95,0
2026-06-15 07:30:00+00:00,23907.85,23908.25,23892.8,23897.6,0
2026-06-15 07:35:00+00:00,23897.15,23912.7,23893.95,23912.5,0
2026-06-15 07:40:00+00:00,23913.65,23935.0,23912.0,23916.1,0
2026-06-15 07:45:00+00:00,23916.55,23917.9,23897.2,23899.05,0
2026-06-15 07:50:00+00:00,23899.75,23916.35,23897.9,23913.35,0
2026-06-15 07:55:00+00:00,23912.9,23916.35,23903.2,23906.65,0
2026-06-15 08:00:00+00:00,23907.5,23913.1,23900.4,23907.85,0
2026-06-15 08:05:00+00:00,23908.4,23912.05,23895.35,23902.6,0
2026-06-15 08:10:00+00:00,23902.75,23906.7,23883.8,23893.95,0
2026-06-15 08:15:00+00:00,23895.1,23906.2,23892.65,23896.35,0
2026-06-15 08:20:00+00:00,23897.3,23900.2,23865.85,23886.85,0
2026-06-15 08:25:00+00:00,23887.2,23910.7,23882.65,23905.65,0
2026-06-15 08:30:00+00:00,23907.75,23913.9,23895.7,23895.75,0
2026-06-15 08:35:00+00:00,23896.7,23898.2,23882.6,23887.6,0
2026-06-15 08:40:00+00:00,23889.95,23900.3,23887.2,23889.3,0
2026-06-15 08:45:00+00:00,23891.1,23908.3,23887.4,23900.5,0
2026-06-15 08:50:00+00:00,23900.75,23915.35,23896.75,23909.75,0
2026-06-15 08:55:00+00:00,23911.2,23916.75,23902.4,23906.8,0
2026-06-15 09:00:00+00:00,23908.15,23929.9,23907.45,23924.0,0
2026-06-15 09:05:00+00:00,23925.75,23942.6,23925.4,23932.45,0
2026-06-15 09:10:00+00:00,23934.35,23935.75,23916.5,23924.2,0
2026-06-15 09:15:00+00:00,23923.95,23931.55,23911.1,23919.2,0
2026-06-15 09:20:00+00:00,23920.8,23925.45,23890.45,23896.95,0
2026-06-15 09:25:00+00:00,23898.3,23902.3,23888.1,23894.6,0
2026-06-15 09:30:00+00:00,23897.65,23904.05,23850.35,23866.5,0
2026-06-15 09:35:00+00:00,23867.95,23867.95,23844.45,23847.4,0
2026-06-15 09:40:00+00:00,23848.7,23849.95,23817.8,23843.6,0
2026-06-15 09:45:00+00:00,23845.1,23867.55,23843.5,23860.4,0
2026-06-15 09:50:00+00:00,23862.4,23867.85,23853.45,23856.85,0
2026-06-15 09:55:00+00:00,23857.1,23858.35,23842.85,23856.55,0
2026-06-16 03:45:00+00:00,23923.9,23941.1,23888.2,23933.05,0
2026-06-16 03:50:00+00:00,23932.8,23937.45,23910.1,23914.45,0
2026-06-16 03:55:00+00:00,23914.95,23939.5,23914.95,23938.1,0
2026-06-16 04:00:00+00:00,23938.2,23954.75,23932.7,23943.05,0
2026-06-16 04:05:00+00:00,23943.5,23949.25,23931.8,23934.4,0
2026-06-16 04:10:00+00:00,23934.4,23936.75,23917.05,23917.8,0
2026-06-16 04:15:00+00:00,23917.9,23942.7,23916.2,23935.05,0
2026-06-16 04:20:00+00:00,23934.7,23940.75,23916.3,23936.6,0
2026-06-16 04:25:00+00:00,23937.0,23941.9,23931.2,23939.7,0
2026-06-16 04:30:00+00:00,23941.0,23947.35,23904.7,23905.7,0
2026-06-16 04:35:00+00:00,23906.2,23918.1,23895.65,23900.65,0
2026-06-16 04:40:00+00:00,23900.7,23911.4,23897.05,23910.05,0
2026-06-16 04:45:00+00:00,23910.45,23931.1,23909.65,23927.9,0
2026-06-16 04:50:00+00:00,23928.15,23953.85,23926.75,23940.75,0
2026-06-16 04:55:00+00:00,23940.9,23946.55,23932.8,23943.35,0
2026-06-16 05:00:00+00:00,23943.5,23954.55,23941.65,23952.7,0
2026-06-16 05:05:00+00:00,23952.25,23972.75,23950.2,23964.2,0
2026-06-16 05:10:00+00:00,23964.3,23971.3,23954.9,23962.1,0
2026-06-16 05:15:00+00:00,23962.2,23977.3,23959.6,23976.35,0
2026-06-16 05:20:00+00:00,23976.4,23977.8,23965.05,23969.55,0
2026-06-16 05:25:00+00:00,23969.45,23977.3,23964.05,23966.65,0
2026-06-16 05:30:00+00:00,23967.55,23970.2,23946.7,23946.7,0
2026-06-16 05:35:00+00:00,23946.65,23959.65,23941.9,23943.15,0
2026-06-16 05:40:00+00:00,23942.85,23945.75,23931.8,23940.55,0
2026-06-16 05:45:00+00:00,23940.4,23951.4,23929.7,23930.05,0
2026-06-16 05:50:00+00:00,23930.35,23945.4,23923.95,23944.8,0
2026-06-16 05:55:00+00:00,23944.8,23947.55,23926.9,23929.45,0
2026-06-16 06:00:00+00:00,23929.7,23934.35,23921.2,23929.65,0
2026-06-16 06:05:00+00:00,23932.45,23934.2,23911.45,23922.55,0
2026-06-16 06:10:00+00:00,23922.45,23929.45,23914.8,23927.6,0
2026-06-16 06:15:00+00:00,23924.7,23937.9,23920.45,23933.4,0
2026-06-16 06:20:00+00:00,23932.7,23949.75,23931.85,23936.7,0
2026-06-16 06:25:00+00:00,23938.2,23941.85,23920.6,23938.5,0
2026-06-16 06:30:00+00:00,23938.45,23943.65,23919.1,23929.35,0
2026-06-16 06:35:00+00:00,23929.95,23937.3,23925.1,23932.8,0
2026-06-16 06:40:00+00:00,23932.1,23938.75,23927.0,23928.05,0
2026-06-16 06:45:00+00:00,23928.0,23928.8,23913.35,23915.45,0
2026-06-16 06:50:00+00:00,23914.05,23926.55,23903.35,23918.65,0
2026-06-16 06:55:00+00:00,23917.25,23943.2,23914.95,23940.15,0
2026-06-16 07:00:00+00:00,23940.8,23947.1,23922.2,23923.55,0
2026-06-16 07:05:00+00:00,23924.25,23939.75,23922.5,23936.1,0
2026-06-16 07:10:00+00:00,23935.75,23936.7,23919.0,23927.25,0
2026-06-16 07:15:00+00:00,23928.0,23935.4,23922.0,23934.35,0
2026-06-16 07:20:00+00:00,23934.7,23935.9,23915.5,23924.95,0
2026-06-16 07:25:00+00:00,23924.8,23938.75,23917.4,23935.65,0
2026-06-16 07:30:00+00:00,23935.85,23940.2,23923.45,23929.1,0
2026-06-16 07:35:00+00:00,23928.95,23939.25,23925.65,23938.15,0
2026-06-16 07:40:00+00:00,23938.8,23950.65,23936.55,23946.85,0
2026-06-16 07:45:00+00:00,23946.65,23950.55,23935.5,23939.7,0
2026-06-16 07:50:00+00:00,23941.6,23961.95,23937.15,23956.35,0
2026-06-16 07:55:00+00:00,23956.8,23969.8,23954.9,23966.8,0
2026-06-16 08:00:00+00:00,23967.15,23969.15,23959.65,23967.35,0
2026-06-16 08:05:00+00:00,23967.8,23976.95,23963.4,23968.95,0
2026-06-16 08:10:00+00:00,23968.75,23974.0,23961.75,23964.85,0
2026-06-16 08:15:00+00:00,23964.65,23974.05,23964.1,23971.9,0
2026-06-16 08:20:00+00:00,23972.65,23973.55,23955.75,23961.65,0
2026-06-16 08:25:00+00:00,23962.4,23976.9,23961.45,23967.05,0
2026-06-16 08:30:00+00:00,23967.05,23978.65,23963.45,23973.7,0
2026-06-16 08:35:00+00:00,23974.35,23984.15,23971.7,23982.05,0
2026-06-16 08:40:00+00:00,23982.05,23997.8,23982.05,23994.35,0
2026-06-16 08:45:00+00:00,23994.0,24000.3,23990.05,23992.35,0
2026-06-16 08:50:00+00:00,23991.2,23993.65,23978.1,23989.75,0
2026-06-16 08:55:00+00:00,23991.05,23992.0,23982.1,23984.2,0
2026-06-16 09:00:00+00:00,23985.15,23999.85,23985.15,23995.05,0
2026-06-16 09:05:00+00:00,23995.35,24001.6,23985.3,24001.0,0
2026-06-16 09:10:00+00:00,24000.8,24002.4,23963.45,23963.45,0
2026-06-16 09:15:00+00:00,23962.95,23987.25,23962.7,23980.75,0
2026-06-16 09:20:00+00:00,23980.65,23997.2,23970.3,23993.7,0
2026-06-16 09:25:00+00:00,23994.15,23998.8,23980.15,23986.45,0
2026-06-16 09:30:00+00:00,23988.4,24002.6,23978.55,23981.75,0
2026-06-16 09:35:00+00:00,23982.25,23996.15,23976.6,23989.55,0
2026-06-16 09:40:00+00:00,23989.9,23992.5,23983.6,23986.8,0
2026-06-16 09:45:00+00:00,23987.75,23991.55,23980.1,23983.45,0
2026-06-16 09:50:00+00:00,23982.6,23991.25,23981.65,23985.2,0
2026-06-16 09:55:00+00:00,23986.1,23997.4,23982.65,23995.0,0
2026-06-17 03:45:00+00:00,24044.5,24048.05,23969.7,23979.35,0
2026-06-17 03:50:00+00:00,23982.3,23996.95,23973.95,23987.6,0
2026-06-17 03:55:00+00:00,23989.65,24021.95,23985.6,24020.7,0
2026-06-17 04:00:00+00:00,24022.75,24043.3,24017.7,24032.1,0
2026-06-17 04:05:00+00:00,24033.15,24052.85,24026.6,24050.9,0
2026-06-17 04:10:00+00:00,24051.6,24063.8,24045.2,24061.55,0
2026-06-17 04:15:00+00:00,24063.8,24067.55,24053.8,24064.05,0
2026-06-17 04:20:00+00:00,24064.9,24066.3,24054.65,24063.8,0
2026-06-17 04:25:00+00:00,24065.8,24071.65,24056.65,24065.85,0
2026-06-17 04:30:00+00:00,24067.9,24069.2,24045.5,24046.05,0
2026-06-17 04:35:00+00:00,24047.7,24064.55,24043.15,24061.15,0
2026-06-17 04:40:00+00:00,24062.2,24066.75,24046.55,24047.7,0
2026-06-17 04:45:00+00:00,24048.25,24067.3,24046.45,24066.95,0
2026-06-17 04:50:00+00:00,24067.6,24080.65,24065.6,24078.7,0
2026-06-17 04:55:00+00:00,24080.55,24082.8,24065.55,24066.9,0
2026-06-17 05:00:00+00:00,24067.8,24075.75,24062.5,24075.7,0
2026-06-17 05:05:00+00:00,24077.05,24087.95,24075.25,24078.75,0
2026-06-17 05:10:00+00:00,24080.15,24088.6,24077.0,24085.75,0
2026-06-17 05:15:00+00:00,24086.35,24088.7,24073.95,24076.55,0
2026-06-17 05:20:00+00:00,24078.65,24085.6,24074.75,24083.45,0
2026-06-17 05:25:00+00:00,24084.25,24097.4,24077.7,24080.0,0
2026-06-17 05:30:00+00:00,24081.7,24082.5,24071.4,24073.15,0
2026-06-17 05:35:00+00:00,24074.9,24078.55,24068.7,24069.05,0
2026-06-17 05:40:00+00:00,24070.45,24083.1,24062.05,24081.7,0
2026-06-17 05:45:00+00:00,24082.0,24088.15,24073.05,24087.5,0
2026-06-17 05:50:00+00:00,24088.55,24091.45,24083.9,24084.55,0
2026-06-17 05:55:00+00:00,24085.85,24090.4,24080.65,24088.95,0
2026-06-17 06:00:00+00:00,24089.9,24108.2,24087.3,24098.65,0
2026-06-17 06:05:00+00:00,24099.45,24099.45,24073.6,24074.2,0
2026-06-17 06:10:00+00:00,24075.6,24089.3,24066.9,24083.3,0
2026-06-17 06:15:00+00:00,24084.15,24085.6,24071.7,24074.3,0
2026-06-17 06:20:00+00:00,24075.2,24075.55,24066.9,24068.55,0
2026-06-17 06:25:00+00:00,24068.8,24076.9,24054.7,24055.1,0
2026-06-17 06:30:00+00:00,24056.7,24065.35,24047.7,24063.35,0
2026-06-17 06:35:00+00:00,24062.75,24065.05,24053.45,24058.15,0
2026-06-17 06:40:00+00:00,24059.0,24061.75,24050.3,24050.3,0
2026-06-17 06:45:00+00:00,24051.75,24056.8,24042.05,24055.4,0
2026-06-17 06:50:00+00:00,24056.3,24056.9,24042.4,24044.1,0
2026-06-17 06:55:00+00:00,24044.8,24050.05,24033.0,24045.5,0
2026-06-17 07:00:00+00:00,24045.85,24046.8,24034.6,24040.15,0
2026-06-17 07:05:00+00:00,24041.3,24043.65,24032.35,24035.85,0
2026-06-17 07:10:00+00:00,24036.65,24051.2,24033.25,24044.25,0
2026-06-17 07:15:00+00:00,24044.9,24053.95,24041.7,24045.6,0
2026-06-17 07:20:00+00:00,24046.15,24047.4,24028.6,24028.6,0
2026-06-17 07:25:00+00:00,24030.05,24036.25,24027.35,24029.5,0
2026-06-17 07:30:00+00:00,24030.0,24038.6,24023.6,24037.65,0
2026-06-17 07:35:00+00:00,24038.6,24040.4,24016.0,24017.05,0
2026-06-17 07:40:00+00:00,24017.55,24022.15,24009.75,24009.75,0
2026-06-17 07:45:00+00:00,24010.6,24031.8,24005.85,24024.15,0
2026-06-17 07:50:00+00:00,24026.0,24037.6,24024.4,24033.55,0
2026-06-17 07:55:00+00:00,24034.45,24039.3,24032.1,24034.25,0
2026-06-17 08:00:00+00:00,24035.1,24044.65,24032.05,24044.05,0
2026-06-17 08:05:00+00:00,24045.55,24061.85,24041.0,24053.35,0
2026-06-17 08:10:00+00:00,24054.3,24059.3,24047.8,24055.7,0
2026-06-17 08:15:00+00:00,24057.15,24058.55,24044.75,24052.75,0
2026-06-17 08:20:00+00:00,24052.95,24053.15,24029.45,24045.45,0
2026-06-17 08:25:00+00:00,24046.55,24051.1,24040.15,24048.85,0
2026-06-17 08:30:00+00:00,24049.85,24053.45,24043.25,24049.2,0
2026-06-17 08:35:00+00:00,24049.9,24051.25,24040.05,24041.05,0
2026-06-17 08:40:00+00:00,24042.5,24052.35,24036.35,24047.85,0
2026-06-17 08:45:00+00:00,24049.1,24052.3,24035.5,24050.55,0
2026-06-17 08:50:00+00:00,24050.65,24050.65,24037.6,24040.55,0
2026-06-17 08:55:00+00:00,24041.8,24041.8,24021.4,24024.3,0
2026-06-17 09:00:00+00:00,24025.8,24032.9,24015.8,24028.25,0
2026-06-17 09:05:00+00:00,24029.7,24048.25,24025.95,24043.35,0
2026-06-17 09:10:00+00:00,24044.65,24045.4,24036.0,24041.25,0
2026-06-17 09:15:00+00:00,24043.25,24047.55,24038.2,24038.95,0
2026-06-17 09:20:00+00:00,24042.9,24050.9,24026.95,24050.6,0
2026-06-17 09:25:00+00:00,24052.0,24077.3,24044.1,24076.9,0
2026-06-17 09:30:00+00:00,24076.8,24098.75,24070.45,24087.65,0
2026-06-17 09:35:00+00:00,24088.1,24095.4,24082.65,24091.35,0
2026-06-17 09:40:00+00:00,24091.1,24092.95,24082.05,24083.6,0
2026-06-17 09:45:00+00:00,24083.6,24088.8,24078.25,24088.05,0
2026-06-17 09:50:00+00:00,24087.65,24090.0,24079.95,24081.45,0
2026-06-17 09:55:00+00:00,24081.25,24087.15,24073.1,24081.95,0
2026-06-18 03:45:00+00:00,24073.8,24133.35,24058.85,24082.65,0
2026-06-18 03:50:00+00:00,24085.1,24099.75,24079.1,24092.7,0
2026-06-18 03:55:00+00:00,24094.7,24096.0,24083.55,24090.25,0
2026-06-18 04:00:00+00:00,24092.2,24100.9,24080.2,24085.1,0
2026-06-18 04:05:00+00:00,24088.05,24088.05,24066.85,24085.65,0
2026-06-18 04:10:00+00:00,24088.45,24121.05,24085.75,24108.9,0
2026-06-18 04:15:00+00:00,24112.0,24136.8,24107.4,24126.7,0
2026-06-18 04:20:00+00:00,24128.55,24139.1,24121.85,24135.15,0
2026-06-18 04:25:00+00:00,24137.4,24139.65,24121.75,24123.2,0
2026-06-18 04:30:00+00:00,24126.85,24131.15,24113.65,24116.05,0
2026-06-18 04:35:00+00:00,24117.65,24127.8,24113.15,24126.95,0
2026-06-18 04:40:00+00:00,24129.6,24138.4,24120.5,24125.6,0
2026-06-18 04:45:00+00:00,24127.4,24130.8,24108.1,24114.6,0
2026-06-18 04:50:00+00:00,24116.05,24116.8,24106.8,24115.45,0
2026-06-18 04:55:00+00:00,24116.9,24116.9,24103.7,24109.25,0
2026-06-18 05:00:00+00:00,24111.4,24113.95,24100.1,24111.6,0
2026-06-18 05:05:00+00:00,24112.9,24114.2,24077.85,24078.75,0
2026-06-18 05:10:00+00:00,24079.95,24083.05,24059.55,24076.35,0
2026-06-18 05:15:00+00:00,24078.35,24091.9,24072.8,24075.1,0
2026-06-18 05:20:00+00:00,24076.55,24085.6,24067.1,24083.15,0
2026-06-18 05:25:00+00:00,24085.1,24093.9,24081.7,24092.55,0
2026-06-18 05:30:00+00:00,24093.85,24093.85,24080.25,24082.9,0
2026-06-18 05:35:00+00:00,24085.1,24085.35,24073.05,24077.95,0
2026-06-18 05:40:00+00:00,24079.7,24081.35,24059.9,24064.65,0
2026-06-18 05:45:00+00:00,24066.2,24066.35,24047.85,24048.3,0
2026-06-18 05:50:00+00:00,24049.75,24056.55,24036.95,24050.5,0
2026-06-18 05:55:00+00:00,24052.55,24057.65,24044.4,24054.95,0
2026-06-18 06:00:00+00:00,24057.5,24063.8,24049.7,24061.4,0
2026-06-18 06:05:00+00:00,24062.05,24065.5,24047.3,24053.1,0
2026-06-18 06:10:00+00:00,24054.7,24065.1,24049.05,24062.85,0
2026-06-18 06:15:00+00:00,24064.6,24075.35,24057.6,24063.65,0
2026-06-18 06:20:00+00:00,24065.6,24071.5,24050.05,24062.95,0
2026-06-18 06:25:00+00:00,24064.4,24073.3,24062.25,24071.95,0
2026-06-18 06:30:00+00:00,24072.7,24090.95,24071.05,24088.15,0
2026-06-18 06:35:00+00:00,24089.0,24099.7,24085.9,24094.05,0
2026-06-18 06:40:00+00:00,24095.7,24096.55,24082.1,24088.2,0
2026-06-18 06:45:00+00:00,24089.85,24098.15,24078.45,24095.6,0
2026-06-18 06:50:00+00:00,24097.7,24103.3,24087.95,24099.45,0
2026-06-18 06:55:00+00:00,24100.95,24119.95,24095.85,24118.7,0
2026-06-18 07:00:00+00:00,24120.85,24132.05,24109.25,24128.8,0
2026-06-18 07:05:00+00:00,24131.3,24133.75,24113.5,24118.8,0
2026-06-18 07:10:00+00:00,24119.7,24128.95,24116.45,24117.25,0
2026-06-18 07:15:00+00:00,24118.75,24120.55,24111.45,24117.4,0
2026-06-18 07:20:00+00:00,24118.65,24132.25,24116.45,24126.7,0
2026-06-18 07:25:00+00:00,24127.3,24131.45,24124.1,24125.65,0
2026-06-18 07:30:00+00:00,24127.65,24129.4,24118.25,24123.3,0
2026-06-18 07:35:00+00:00,24125.3,24130.85,24116.6,24126.3,0
2026-06-18 07:40:00+00:00,24128.0,24128.2,24122.6,24127.8,0
2026-06-18 07:45:00+00:00,24129.95,24136.3,24115.3,24116.9,0
2026-06-18 07:50:00+00:00,24117.7,24125.85,24112.65,24112.75,0
2026-06-18 07:55:00+00:00,24114.35,24123.1,24100.65,24120.45,0
2026-06-18 08:00:00+00:00,24121.9,24135.0,24112.25,24123.35,0
2026-06-18 08:05:00+00:00,24125.05,24128.0,24116.65,24120.9,0
2026-06-18 08:10:00+00:00,24122.3,24128.35,24111.8,24120.7,0
2026-06-18 08:15:00+00:00,24122.0,24127.65,24112.55,24116.15,0
2026-06-18 08:20:00+00:00,24117.4,24119.7,24112.95,24117.2,0
2026-06-18 08:25:00+00:00,24118.05,24119.95,24103.85,24108.35,0
2026-06-18 08:30:00+00:00,24109.95,24112.0,24101.3,24106.45,0
2026-06-18 08:35:00+00:00,24107.15,24112.0,24094.6,24096.05,0
2026-06-18 08:40:00+00:00,24097.95,24109.8,24096.35,24099.75,0
2026-06-18 08:45:00+00:00,24100.8,24102.3,24086.35,24088.25,0
2026-06-18 08:50:00+00:00,24089.6,24107.35,24083.75,24107.3,0
2026-06-18 08:55:00+00:00,24109.25,24110.05,24086.15,24088.35,0
2026-06-18 09:00:00+00:00,24090.65,24096.7,24074.7,24095.05,0
2026-06-18 09:05:00+00:00,24098.3,24113.05,24092.15,24096.4,0
2026-06-18 09:10:00+00:00,24097.85,24103.3,24090.85,24097.2,0
2026-06-18 09:15:00+00:00,24098.7,24104.55,24082.25,24084.15,0
2026-06-18 09:20:00+00:00,24084.9,24103.5,24081.35,24100.05,0
2026-06-18 09:25:00+00:00,24101.1,24121.4,24095.5,24121.4,0
2026-06-18 09:30:00+00:00,24121.9,24155.9,24108.3,24150.8,0
2026-06-18 09:35:00+00:00,24150.85,24177.3,24145.05,24175.55,0
2026-06-18 09:40:00+00:00,24176.2,24183.55,24158.05,24177.45,0
2026-06-18 09:45:00+00:00,24177.8,24186.7,24175.7,24182.95,0
2026-06-18 09:50:00+00:00,24183.85,24189.25,24173.45,24182.25,0
2026-06-18 09:55:00+00:00,24181.7,24184.75,24171.25,24179.4,0
2026-06-19 03:45:00+00:00,23991.2,23998.8,23939.8,23980.8,0
2026-06-19 03:50:00+00:00,23978.9,23981.2,23961.2,23963.05,0
2026-06-19 03:55:00+00:00,23963.75,23964.7,23945.05,23955.55,0
2026-06-19 04:00:00+00:00,23955.45,23958.4,23938.75,23950.05,0
2026-06-19 04:05:00+00:00,23950.0,23970.65,23946.1,23970.4,0
2026-06-19 04:10:00+00:00,23970.8,23981.95,23966.4,23975.2,0
2026-06-19 04:15:00+00:00,23975.1,23979.6,23961.8,23977.45,0
2026-06-19 04:20:00+00:00,23977.5,23986.7,23961.8,23985.1,0
2026-06-19 04:25:00+00:00,23986.3,23990.05,23982.4,23987.7,0
2026-06-19 04:30:00+00:00,23987.25,23989.05,23963.6,23973.55,0
2026-06-19 04:35:00+00:00,23973.4,23993.8,23970.2,23991.55,0
2026-06-19 04:40:00+00:00,23991.8,24011.25,23987.95,24010.35,0
2026-06-19 04:45:00+00:00,24009.85,24011.5,23991.65,23993.35,0
2026-06-19 04:50:00+00:00,23992.7,23997.0,23978.35,23981.95,0
2026-06-19 04:55:00+00:00,23982.35,23984.5,23965.25,23966.75,0
2026-06-19 05:00:00+00:00,23967.35,23972.05,23953.9,23960.75,0
2026-06-19 05:05:00+00:00,23961.05,23969.0,23958.45,23968.9,0
2026-06-19 05:10:00+00:00,23969.35,23972.6,23955.05,23970.2,0
2026-06-19 05:15:00+00:00,23971.15,23972.3,23955.85,23957.4,0
2026-06-19 05:20:00+00:00,23958.5,23960.0,23941.9,23946.6,0
2026-06-19 05:25:00+00:00,23947.2,23952.95,23940.5,23944.8,0
2026-06-19 05:30:00+00:00,23944.95,23956.05,23941.1,23945.55,0
2026-06-19 05:35:00+00:00,23946.0,23953.75,23936.25,23953.2,0
2026-06-19 05:40:00+00:00,23953.4,23965.5,23952.3,23964.5,0
2026-06-19 05:45:00+00:00,23964.7,23967.4,23951.45,23961.2,0
2026-06-19 05:50:00+00:00,23960.9,23962.1,23947.05,23947.9,0
2026-06-19 05:55:00+00:00,23949.0,23954.8,23941.85,23953.75,0
2026-06-19 06:00:00+00:00,23954.1,23964.75,23947.05,23960.7,0
2026-06-19 06:05:00+00:00,23960.55,23968.3,23952.75,23954.95,0
2026-06-19 06:10:00+00:00,23955.2,23960.1,23951.65,23954.45,0
2026-06-19 06:15:00+00:00,23954.55,23956.1,23940.2,23944.7,0
2026-06-19 06:20:00+00:00,23945.0,23951.55,23943.85,23944.5,0
2026-06-19 06:25:00+00:00,23945.15,23956.2,23940.75,23954.4,0
2026-06-19 06:30:00+00:00,23955.15,23967.7,23950.75,23952.95,0
2026-06-19 06:35:00+00:00,23953.1,23955.4,23948.3,23950.9,0
2026-06-19 06:40:00+00:00,23951.0,23960.35,23950.7,23959.4,0
2026-06-19 06:45:00+00:00,23959.65,23962.95,23953.3,23954.35,0
2026-06-19 06:50:00+00:00,23955.1,23970.7,23954.4,23964.25,0
2026-06-19 06:55:00+00:00,23963.85,23974.5,23963.1,23968.9,0
2026-06-19 07:00:00+00:00,23969.2,23972.25,23961.1,23965.5,0
2026-06-19 07:05:00+00:00,23965.55,23967.15,23958.35,23965.7,0
2026-06-19 07:10:00+00:00,23965.9,23966.8,23924.9,23951.95,0
2026-06-19 07:15:00+00:00,23952.05,23962.35,23949.8,23954.5,0
2026-06-19 07:20:00+00:00,23954.3,23960.2,23948.45,23949.9,0
2026-06-19 07:25:00+00:00,23949.95,23950.9,23931.0,23938.0,0
2026-06-19 07:30:00+00:00,23937.85,23938.6,23916.15,23917.35,0
2026-06-19 07:35:00+00:00,23916.7,23932.55,23913.15,23926.65,0
2026-06-19 07:40:00+00:00,23927.0,23932.45,23919.3,23930.35,0
2026-06-19 07:45:00+00:00,23931.05,23933.4,23920.65,23921.8,0
2026-06-19 07:50:00+00:00,23921.15,23928.45,23914.85,23916.45,0
2026-06-19 07:55:00+00:00,23916.8,23929.2,23916.25,23928.15,0
2026-06-19 08:00:00+00:00,23928.8,23941.2,23925.8,23941.1,0
2026-06-19 08:05:00+00:00,23942.45,23943.3,23929.95,23938.5,0
2026-06-19 08:10:00+00:00,23938.65,23950.0,23937.8,23946.8,0
2026-06-19 08:15:00+00:00,23947.15,23961.2,23945.75,23960.75,0
2026-06-19 08:20:00+00:00,23961.25,23962.65,23945.55,23945.65,0
2026-06-19 08:25:00+00:00,23946.4,23967.05,23945.9,23966.9,0
2026-06-19 08:30:00+00:00,23966.65,23977.15,23955.3,23977.15,0
2026-06-19 08:35:00+00:00,23977.85,23987.95,23968.1,23971.95,0
2026-06-19 08:40:00+00:00,23971.75,23992.3,23968.5,23992.3,0
2026-06-19 08:45:00+00:00,23992.5,24000.6,23985.25,23997.65,0
2026-06-19 08:50:00+00:00,23997.6,23998.5,23954.9,23960.1,0
2026-06-19 08:55:00+00:00,23961.05,23971.9,23955.15,23958.05,0
2026-06-19 09:00:00+00:00,23958.55,23973.05,23957.8,23972.0,0
2026-06-19 09:05:00+00:00,23972.25,23995.5,23970.2,23979.55,0
2026-06-19 09:10:00+00:00,23980.4,23983.1,23965.9,23973.25,0
2026-06-19 09:15:00+00:00,23973.95,23981.7,23969.3,23978.3,0
2026-06-19 09:20:00+00:00,23977.45,23979.05,23927.2,23929.65,0
2026-06-19 09:25:00+00:00,23929.8,23931.45,23901.9,23911.6,0
2026-06-19 09:30:00+00:00,23910.5,24009.1,23904.45,24007.35,0
2026-06-19 09:35:00+00:00,24005.65,24027.05,24005.0,24022.6,0
2026-06-19 09:40:00+00:00,24021.5,24042.65,24020.95,24026.95,0
2026-06-19 09:45:00+00:00,24025.8,24029.35,24010.4,24028.4,0
2026-06-19 09:50:00+00:00,24028.35,24035.0,24023.85,24033.9,0
2026-06-19 09:55:00+00:00,24032.55,24047.2,24023.1,24042.7,0
2026-06-22 03:45:00+00:00,24106.6,24137.4,24073.15,24122.15,0
2026-06-22 03:50:00+00:00,24121.35,24142.5,24117.55,24136.85,0
2026-06-22 03:55:00+00:00,24137.7,24141.25,24124.05,24131.2,0
2026-06-22 04:00:00+00:00,24130.25,24138.5,24127.4,24132.8,0
2026-06-22 04:05:00+00:00,24132.45,24136.6,24111.7,24124.8,0
2026-06-22 04:10:00+00:00,24124.2,24127.7,24108.75,24108.75,0
2026-06-22 04:15:00+00:00,24109.5,24114.0,24103.75,24108.95,0
2026-06-22 04:20:00+00:00,24109.25,24130.5,24108.5,24127.3,0
2026-06-22 04:25:00+00:00,24127.6,24144.05,24124.8,24141.15,0
2026-06-22 04:30:00+00:00,24141.5,24148.7,24133.85,24133.85,0
2026-06-22 04:35:00+00:00,24133.35,24155.15,24129.5,24154.95,0
2026-06-22 04:40:00+00:00,24154.7,24159.65,24142.3,24149.65,0
2026-06-22 04:45:00+00:00,24149.55,24155.1,24146.4,24149.9,0
2026-06-22 04:50:00+00:00,24150.35,24156.1,24146.6,24146.85,0
2026-06-22 04:55:00+00:00,24147.45,24156.2,24144.25,24152.8,0
2026-06-22 05:00:00+00:00,24153.85,24159.1,24137.75,24138.45,0
2026-06-22 05:05:00+00:00,24138.55,24157.35,24136.55,24153.2,0
2026-06-22 05:10:00+00:00,24153.4,24156.15,24149.4,24152.9,0
2026-06-22 05:15:00+00:00,24152.75,24159.5,24147.8,24151.1,0
2026-06-22 05:20:00+00:00,24150.4,24162.4,24148.9,24155.55,0
2026-06-22 05:25:00+00:00,24154.8,24168.05,24154.0,24162.85,0
2026-06-22 05:30:00+00:00,24162.75,24165.1,24153.35,24158.95,0
2026-06-22 05:35:00+00:00,24159.0,24165.3,24156.3,24161.95,0
2026-06-22 05:40:00+00:00,24160.95,24164.2,24154.05,24157.3,0
2026-06-22 05:45:00+00:00,24156.65,24162.8,24150.2,24152.05,0
2026-06-22 05:50:00+00:00,24152.0,24155.0,24141.4,24152.2,0
2026-06-22 05:55:00+00:00,24151.4,24163.1,24149.45,24160.65,0
2026-06-22 06:00:00+00:00,24160.65,24166.05,24158.45,24161.85,0
2026-06-22 06:05:00+00:00,24161.9,24165.1,24155.6,24158.4,0
2026-06-22 06:10:00+00:00,24158.15,24159.35,24145.7,24148.35,0
2026-06-22 06:15:00+00:00,24148.15,24152.55,24145.1,24147.6,0
2026-06-22 06:20:00+00:00,24146.15,24148.9,24133.4,24134.1,0
2026-06-22 06:25:00+00:00,24134.45,24141.6,24129.65,24140.4,0
2026-06-22 06:30:00+00:00,24140.45,24142.15,24123.1,24124.15,0
2026-06-22 06:35:00+00:00,24125.05,24128.2,24121.0,24123.7,0
2026-06-22 06:40:00+00:00,24124.05,24125.6,24117.85,24118.2,0
2026-06-22 06:45:00+00:00,24117.65,24127.25,24116.15,24122.7,0
2026-06-22 06:50:00+00:00,24123.05,24129.15,24118.4,24125.6,0
2026-06-22 06:55:00+00:00,24125.55,24127.4,24112.35,24119.85,0
2026-06-22 07:00:00+00:00,24119.65,24126.25,24109.8,24122.75,0
2026-06-22 07:05:00+00:00,24123.2,24125.25,24115.95,24119.6,0
2026-06-22 07:10:00+00:00,24119.5,24120.65,24115.35,24118.75,0
2026-06-22 07:15:00+00:00,24118.6,24120.95,24112.25,24119.4,0
2026-06-22 07:20:00+00:00,24119.2,24127.05,24117.05,24120.3,0
2026-06-22 07:25:00+00:00,24120.15,24124.6,24119.15,24123.5,0
2026-06-22 07:30:00+00:00,24123.3,24123.85,24113.75,24116.65,0
2026-06-22 07:35:00+00:00,24116.3,24120.7,24110.65,24112.5,0
2026-06-22 07:40:00+00:00,24112.6,24113.0,24105.1,24112.8,0
2026-06-22 07:45:00+00:00,24112.8,24127.2,24111.55,24123.2,0
2026-06-22 07:50:00+00:00,24123.3,24125.15,24114.9,24122.5,0
2026-06-22 07:55:00+00:00,24122.25,24125.05,24115.75,24118.7,0
2026-06-22 08:00:00+00:00,24118.3,24124.4,24116.65,24119.7,0
2026-06-22 08:05:00+00:00,24119.6,24125.45,24113.4,24115.5,0
2026-06-22 08:10:00+00:00,24115.75,24127.7,24097.15,24119.45,0
2026-06-22 08:15:00+00:00,24119.65,24124.1,24115.85,24119.05,0
2026-06-22 08:20:00+00:00,24118.85,24126.75,24118.15,24124.9,0
2026-06-22 08:25:00+00:00,24125.3,24136.5,24120.4,24126.0,0
2026-06-22 08:30:00+00:00,24126.2,24132.25,24121.75,24127.0,0
2026-06-22 08:35:00+00:00,24127.4,24133.15,24119.0,24119.0,0
2026-06-22 08:40:00+00:00,24119.2,24131.25,24117.15,24118.45,0
2026-06-22 08:45:00+00:00,24118.0,24125.65,24112.95,24122.65,0
2026-06-22 08:50:00+00:00,24122.7,24127.45,24120.25,24124.75,0
2026-06-22 08:55:00+00:00,24124.2,24141.55,24122.55,24138.8,0
2026-06-22 09:00:00+00:00,24138.7,24145.45,24125.7,24132.8,0
2026-06-22 09:05:00+00:00,24132.5,24143.65,24130.75,24136.3,0
2026-06-22 09:10:00+00:00,24136.65,24139.2,24130.55,24134.65,0
2026-06-22 09:15:00+00:00,24136.35,24144.85,24133.55,24141.35,0
2026-06-22 09:20:00+00:00,24142.0,24145.15,24133.75,24136.05,0
2026-06-22 09:25:00+00:00,24136.25,24141.5,24129.2,24132.55,0
2026-06-22 09:30:00+00:00,24133.6,24143.0,24114.0,24117.2,0
2026-06-22 09:35:00+00:00,24117.8,24119.65,24103.1,24103.35,0
2026-06-22 09:40:00+00:00,24104.95,24113.8,24099.85,24105.65,0
2026-06-22 09:45:00+00:00,24105.5,24111.15,24091.85,24093.8,0
2026-06-22 09:50:00+00:00,24094.8,24097.85,24084.05,24085.6,0
2026-06-22 09:55:00+00:00,24085.3,24092.2,24080.1,24086.85,0
2026-06-23 03:45:00+00:00,24071.3,24081.7,24040.05,24076.3,0
2026-06-23 03:50:00+00:00,24077.1,24095.55,24075.75,24087.0,0
2026-06-23 03:55:00+00:00,24087.7,24093.1,24080.6,24088.95,0
2026-06-23 04:00:00+00:00,24090.05,24103.45,24088.2,24101.9,0
2026-06-23 04:05:00+00:00,24103.45,24125.55,24100.6,24124.9,0
2026-06-23 04:10:00+00:00,24126.4,24133.05,24109.45,24115.5,0
2026-06-23 04:15:00+00:00,24115.25,24122.75,24107.35,24120.3,0
2026-06-23 04:20:00+00:00,24121.6,24129.75,24116.5,24125.65,0
2026-06-23 04:25:00+00:00,24126.3,24133.2,24121.75,24131.3,0
2026-06-23 04:30:00+00:00,24131.25,24135.5,24118.6,24124.9,0
2026-06-23 04:35:00+00:00,24125.05,24128.3,24113.85,24125.65,0
2026-06-23 04:40:00+00:00,24127.1,24131.4,24121.75,24123.45,0
2026-06-23 04:45:00+00:00,24124.45,24127.35,24113.15,24125.9,0
2026-06-23 04:50:00+00:00,24127.0,24130.1,24117.5,24120.1,0
2026-06-23 04:55:00+00:00,24120.35,24120.4,24106.1,24112.45,0
2026-06-23 05:00:00+00:00,24112.8,24114.05,24104.0,24110.2,0
2026-06-23 05:05:00+00:00,24111.75,24119.3,24106.25,24113.45,0
2026-06-23 05:10:00+00:00,24114.35,24117.55,24105.65,24105.65,0
2026-06-23 05:15:00+00:00,24106.9,24107.05,24093.3,24099.8,0
2026-06-23 05:20:00+00:00,24100.9,24106.1,24094.3,24098.55,0
2026-06-23 05:25:00+00:00,24098.95,24099.8,24090.9,24093.85,0
2026-06-23 05:30:00+00:00,24093.6,24099.9,24083.55,24096.55,0
2026-06-23 05:35:00+00:00,24097.15,24109.0,24095.9,24101.85,0
2026-06-23 05:40:00+00:00,24102.85,24115.45,24100.55,24114.4,0
2026-06-23 05:45:00+00:00,24112.95,24130.45,24112.45,24126.0,0
2026-06-23 05:50:00+00:00,24126.3,24128.7,24113.8,24122.1,0
2026-06-23 05:55:00+00:00,24122.45,24123.0,24112.45,24112.95,0
2026-06-23 06:00:00+00:00,24114.25,24114.75,24099.85,24101.75,0
2026-06-23 06:05:00+00:00,24102.8,24104.1,24095.2,24098.35,0
2026-06-23 06:10:00+00:00,24099.4,24099.45,24079.05,24083.1,0
2026-06-23 06:15:00+00:00,24082.5,24083.4,24018.1,24021.85,0
2026-06-23 06:20:00+00:00,24022.55,24025.05,24009.7,24014.8,0
2026-06-23 06:25:00+00:00,24016.05,24017.2,23972.2,23982.65,0
2026-06-23 06:30:00+00:00,23982.6,23990.9,23967.5,23970.35,0
2026-06-23 06:35:00+00:00,23970.95,23973.0,23957.45,23966.2,0
2026-06-23 06:40:00+00:00,23967.35,23967.45,23953.6,23965.0,0
2026-06-23 06:45:00+00:00,23965.95,23973.25,23957.3,23965.15,0
2026-06-23 06:50:00+00:00,23965.95,23967.3,23917.3,23921.95,0
2026-06-23 06:55:00+00:00,23923.6,23954.5,23922.6,23948.85,0
2026-06-23 07:00:00+00:00,23949.65,23949.65,23932.95,23936.9,0
2026-06-23 07:05:00+00:00,23937.35,23958.95,23931.9,23953.65,0
2026-06-23 07:10:00+00:00,23954.25,23957.85,23943.25,23948.45,0
2026-06-23 07:15:00+00:00,23949.2,23950.7,23924.8,23927.6,0
2026-06-23 07:20:00+00:00,23929.55,23935.4,23926.8,23930.9,0
2026-06-23 07:25:00+00:00,23931.25,23935.0,23923.6,23930.65,0
2026-06-23 07:30:00+00:00,23931.15,23933.05,23908.85,23919.0,0
2026-06-23 07:35:00+00:00,23920.65,23937.8,23917.9,23936.0,0
2026-06-23 07:40:00+00:00,23936.15,23937.15,23922.55,23922.6,0
2026-06-23 07:45:00+00:00,23923.8,23925.85,23906.55,23923.15,0
2026-06-23 07:50:00+00:00,23924.4,23931.35,23919.4,23923.0,0
2026-06-23 07:55:00+00:00,23923.5,23924.05,23902.25,23907.4,0
2026-06-23 08:00:00+00:00,23908.35,23910.35,23867.95,23869.95,0
2026-06-23 08:05:00+00:00,23870.95,23881.05,23862.65,23877.8,0
2026-06-23 08:10:00+00:00,23879.7,23895.95,23877.4,23893.2,0
2026-06-23 08:15:00+00:00,23893.85,23898.3,23883.2,23892.6,0
2026-06-23 08:20:00+00:00,23893.5,23893.8,23865.15,23875.85,0
2026-06-23 08:25:00+00:00,23876.6,23876.6,23864.25,23869.15,0
2026-06-23 08:30:00+00:00,23870.15,23894.2,23864.3,23894.2,0
2026-06-23 08:35:00+00:00,23894.9,23899.95,23875.95,23889.3,0
2026-06-23 08:40:00+00:00,23890.2,23916.95,23887.85,23910.85,0
2026-06-23 08:45:00+00:00,23912.55,23919.15,23896.7,23897.45,0
2026-06-23 08:50:00+00:00,23897.8,23918.3,23893.6,23917.95,0
2026-06-23 08:55:00+00:00,23919.05,23921.15,23909.3,23915.8,0
2026-06-23 09:00:00+00:00,23916.95,23920.7,23910.7,23914.5,0
2026-06-23 09:05:00+00:00,23914.95,23917.4,23904.95,23911.0,0
2026-06-23 09:10:00+00:00,23911.8,23934.05,23897.15,23927.25,0
2026-06-23 09:15:00+00:00,23927.85,23935.2,23908.4,23921.25,0
2026-06-23 09:20:00+00:00,23921.8,23928.05,23909.2,23921.2,0
2026-06-23 09:25:00+00:00,23922.7,23933.8,23907.5,23914.3,0
2026-06-23 09:30:00+00:00,23916.35,23919.1,23815.6,23833.45,0
2026-06-23 09:35:00+00:00,23832.75,23855.7,23831.9,23843.75,0
2026-06-23 09:40:00+00:00,23844.05,23857.65,23827.5,23827.7,0
2026-06-23 09:45:00+00:00,23828.7,23829.5,23798.9,23808.15,0
2026-06-23 09:50:00+00:00,23808.6,23813.05,23791.7,23796.15,0
2026-06-23 09:55:00+00:00,23796.15,23797.5,23784.95,23795.25,0
2026-06-24 03:45:00+00:00,23795.8,23870.35,23789.25,23848.45,0
2026-06-24 03:50:00+00:00,23848.65,23875.35,23840.7,23863.25,0
2026-06-24 03:55:00+00:00,23865.2,23885.3,23861.35,23879.4,0
2026-06-24 04:00:00+00:00,23879.65,23888.9,23867.25,23870.1,0
2026-06-24 04:05:00+00:00,23870.35,23885.5,23861.5,23879.45,0
2026-06-24 04:10:00+00:00,23878.75,23895.3,23862.05,23867.4,0
2026-06-24 04:15:00+00:00,23866.85,23873.75,23818.55,23819.35,0
2026-06-24 04:20:00+00:00,23818.35,23830.3,23810.65,23826.4,0
2026-06-24 04:25:00+00:00,23826.1,23854.95,23826.1,23841.65,0
2026-06-24 04:30:00+00:00,23841.75,23904.35,23841.75,23894.0,0
2026-06-24 04:35:00+00:00,23893.55,23909.15,23885.25,23909.15,0
2026-06-24 04:40:00+00:00,23909.95,23919.2,23904.75,23917.85,0
2026-06-24 04:45:00+00:00,23917.75,23930.95,23910.9,23915.75,0
2026-06-24 04:50:00+00:00,23915.8,23948.2,23915.8,23945.8,0
2026-06-24 04:55:00+00:00,23945.5,23970.3,23941.7,23947.75,0
2026-06-24 05:00:00+00:00,23950.05,23961.9,23943.7,23952.35,0
2026-06-24 05:05:00+00:00,23952.7,23954.0,23937.9,23946.35,0
2026-06-24 05:10:00+00:00,23946.65,23956.75,23932.15,23934.3,0
2026-06-24 05:15:00+00:00,23933.8,23960.4,23932.85,23947.9,0
2026-06-24 05:20:00+00:00,23947.85,23956.1,23941.15,23944.1,0
2026-06-24 05:25:00+00:00,23943.8,23959.65,23936.85,23952.45,0
2026-06-24 05:30:00+00:00,23952.0,23972.25,23952.0,23963.7,0
2026-06-24 05:35:00+00:00,23963.2,23988.75,23960.65,23987.55,0
2026-06-24 05:40:00+00:00,23987.2,23991.6,23974.45,23985.85,0
2026-06-24 05:45:00+00:00,23986.05,23988.9,23967.1,23970.0,0
2026-06-24 05:50:00+00:00,23970.65,23983.2,23969.65,23976.2,0
2026-06-24 05:55:00+00:00,23975.95,23981.65,23968.3,23974.95,0
2026-06-24 06:00:00+00:00,23976.05,23977.35,23958.0,23976.3,0
2026-06-24 06:05:00+00:00,23977.25,23989.25,23971.6,23983.35,0
2026-06-24 06:10:00+00:00,23983.55,24007.9,23983.25,24006.9,0
2026-06-24 06:15:00+00:00,24006.45,24013.85,23998.3,24006.45,0
2026-06-24 06:20:00+00:00,24006.7,24013.1,24000.55,24001.7,0
2026-06-24 06:25:00+00:00,24001.8,24009.75,23994.95,23996.9,0
2026-06-24 06:30:00+00:00,23996.55,24008.05,23993.0,24006.1,0
2026-06-24 06:35:00+00:00,24006.1,24007.5,23987.75,23987.75,0
2026-06-24 06:40:00+00:00,23988.65,23990.3,23979.0,23980.95,0
2026-06-24 06:45:00+00:00,23982.25,24001.75,23981.0,23997.85,0
2026-06-24 06:50:00+00:00,23997.6,24007.2,23994.55,24005.4,0
2026-06-24 06:55:00+00:00,24005.8,24007.1,23988.5,23995.65,0
2026-06-24 07:00:00+00:00,23995.7,23997.3,23967.0,23977.7,0
2026-06-24 07:05:00+00:00,23977.7,23979.75,23968.65,23979.1,0
2026-06-24 07:10:00+00:00,23980.6,23991.9,23975.5,23991.35,0
2026-06-24 07:15:00+00:00,23991.35,23993.05,23984.05,23985.1,0
2026-06-24 07:20:00+00:00,23984.95,23999.8,23979.15,23995.0,0
2026-06-24 07:25:00+00:00,23995.7,24012.6,23994.55,24004.35,0
2026-06-24 07:30:00+00:00,24004.35,24009.4,23994.1,23996.4,0
2026-06-24 07:35:00+00:00,23996.4,24020.8,23994.65,24020.0,0
2026-06-24 07:40:00+00:00,24020.1,24032.85,24014.2,24031.1,0
2026-06-24 07:45:00+00:00,24030.5,24048.95,24028.15,24046.8,0
2026-06-24 07:50:00+00:00,24046.5,24056.1,24038.2,24039.7,0
2026-06-24 07:55:00+00:00,24039.75,24053.9,24038.3,24052.45,0
2026-06-24 08:00:00+00:00,24052.85,24073.7,24051.55,24072.3,0
2026-06-24 08:05:00+00:00,24072.85,24090.05,24069.7,24070.45,0
2026-06-24 08:10:00+00:00,24070.6,24077.7,24065.85,24071.5,0
2026-06-24 08:15:00+00:00,24071.85,24085.85,24070.7,24070.95,0
2026-06-24 08:20:00+00:00,24071.65,24074.8,24060.1,24066.5,0
2026-06-24 08:25:00+00:00,24066.6,24067.5,24047.45,24055.8,0
2026-06-24 08:30:00+00:00,24055.65,24057.0,24036.7,24042.15,0
2026-06-24 08:35:00+00:00,24042.65,24045.9,24026.5,24043.0,0
2026-06-24 08:40:00+00:00,24043.0,24059.45,24039.65,24056.65,0
2026-06-24 08:45:00+00:00,24056.75,24062.65,24051.1,24058.1,0
2026-06-24 08:50:00+00:00,24058.05,24063.75,24043.9,24054.3,0
2026-06-24 08:55:00+00:00,24054.8,24062.7,24046.2,24054.85,0
2026-06-24 09:00:00+00:00,24054.8,24058.05,24039.45,24049.35,0
2026-06-24 09:05:00+00:00,24049.2,24052.3,24034.95,24039.95,0
2026-06-24 09:10:00+00:00,24040.2,24061.25,24038.4,24053.1,0
2026-06-24 09:15:00+00:00,24053.65,24058.95,24037.85,24046.95,0
2026-06-24 09:20:00+00:00,24047.15,24067.0,24047.15,24060.9,0
2026-06-24 09:25:00+00:00,24060.6,24068.75,24044.15,24050.75,0
2026-06-24 09:30:00+00:00,24050.85,24050.85,24017.8,24035.2,0
2026-06-24 09:35:00+00:00,24035.3,24036.6,24016.55,24027.55,0
2026-06-24 09:40:00+00:00,24026.7,24027.8,24003.25,24006.45,0
2026-06-24 09:45:00+00:00,24006.0,24031.45,24003.6,24010.5,0
2026-06-24 09:50:00+00:00,24010.6,24018.95,24006.9,24018.95,0
2026-06-24 09:55:00+00:00,24018.0,24022.5,24006.7,24013.15,0
2026-06-25 03:45:00+00:00,24125.85,24154.5,24107.8,24129.85,0
2026-06-25 03:50:00+00:00,24132.65,24157.5,24128.3,24157.1,0
2026-06-25 03:55:00+00:00,24154.95,24169.7,24144.2,24147.15,0
2026-06-25 04:00:00+00:00,24149.15,24152.15,24130.5,24142.8,0
2026-06-25 04:05:00+00:00,24144.05,24148.85,24134.15,24145.5,0
2026-06-25 04:10:00+00:00,24146.35,24147.55,24131.4,24141.65,0
2026-06-25 04:15:00+00:00,24141.65,24167.65,24140.15,24165.45,0
2026-06-25 04:20:00+00:00,24167.05,24185.35,24162.65,24172.3,0
2026-06-25 04:25:00+00:00,24172.95,24183.8,24169.4,24176.65,0
2026-06-25 04:30:00+00:00,24178.65,24179.4,24165.45,24177.35,0
2026-06-25 04:35:00+00:00,24178.7,24182.15,24161.9,24166.55,0
2026-06-25 04:40:00+00:00,24167.9,24186.05,24160.3,24184.5,0
2026-06-25 04:45:00+00:00,24185.3,24190.25,24169.9,24178.9,0
2026-06-25 04:50:00+00:00,24180.2,24180.2,24166.75,24168.85,0
2026-06-25 04:55:00+00:00,24171.2,24179.7,24165.85,24172.1,0
2026-06-25 05:00:00+00:00,24173.35,24181.75,24167.75,24172.6,0
2026-06-25 05:05:00+00:00,24175.1,24182.65,24169.4,24169.45,0
2026-06-25 05:10:00+00:00,24172.45,24185.0,24166.9,24182.8,0
2026-06-25 05:15:00+00:00,24184.1,24200.55,24181.7,24199.2,0
2026-06-25 05:20:00+00:00,24200.05,24200.05,24180.5,24180.8,0
2026-06-25 05:25:00+00:00,24181.6,24198.85,24177.0,24197.6,0
2026-06-25 05:30:00+00:00,24198.55,24200.35,24180.45,24180.65,0
2026-06-25 05:35:00+00:00,24183.55,24189.95,24175.3,24189.95,0
2026-06-25 05:40:00+00:00,24189.5,24197.65,24184.1,24196.05,0
2026-06-25 05:45:00+00:00,24197.75,24205.65,24192.85,24196.15,0
2026-06-25 05:50:00+00:00,24197.75,24201.7,24189.95,24192.45,0
2026-06-25 05:55:00+00:00,24191.7,24195.3,24186.5,24190.55,0
2026-06-25 06:00:00+00:00,24191.05,24193.9,24181.55,24190.8,0
2026-06-25 06:05:00+00:00,24191.0,24197.1,24181.05,24195.15,0
2026-06-25 06:10:00+00:00,24195.45,24200.25,24187.5,24195.6,0
2026-06-25 06:15:00+00:00,24197.1,24206.85,24193.3,24204.2,0
2026-06-25 06:20:00+00:00,24205.35,24210.7,24197.15,24208.4,0
2026-06-25 06:25:00+00:00,24209.25,24238.75,24205.9,24236.55,0
2026-06-25 06:30:00+00:00,24238.75,24251.35,24236.15,24247.2,0
2026-06-25 06:35:00+00:00,24247.85,24253.5,24242.85,24249.5,0
2026-06-25 06:40:00+00:00,24250.95,24261.6,24242.75,24243.5,0
2026-06-25 06:45:00+00:00,24244.2,24251.5,24239.7,24243.9,0
2026-06-25 06:50:00+00:00,24245.6,24248.1,24223.15,24226.05,0
2026-06-25 06:55:00+00:00,24227.65,24227.65,24199.3,24201.9,0
2026-06-25 07:00:00+00:00,24203.6,24210.6,24176.85,24189.85,0
2026-06-25 07:05:00+00:00,24190.55,24209.3,24186.65,24207.3,0
2026-06-25 07:10:00+00:00,24209.65,24209.65,24189.5,24192.85,0
2026-06-25 07:15:00+00:00,24193.3,24195.45,24181.65,24193.4,0
2026-06-25 07:20:00+00:00,24193.7,24201.7,24187.5,24198.9,0
2026-06-25 07:25:00+00:00,24199.35,24202.6,24187.8,24196.85,0
2026-06-25 07:30:00+00:00,24197.4,24214.5,24188.3,24203.05,0
2026-06-25 07:35:00+00:00,24205.05,24210.2,24190.4,24195.75,0
2026-06-25 07:40:00+00:00,24194.7,24200.6,24169.3,24172.8,0
2026-06-25 07:45:00+00:00,24172.45,24198.45,24170.6,24196.8,0
2026-06-25 07:50:00+00:00,24197.2,24198.7,24184.65,24189.05,0
2026-06-25 07:55:00+00:00,24190.65,24190.65,24176.45,24181.5,0
2026-06-25 08:00:00+00:00,24181.8,24192.6,24173.8,24191.95,0
2026-06-25 08:05:00+00:00,24193.2,24201.7,24188.15,24199.9,0
2026-06-25 08:10:00+00:00,24201.95,24211.2,24197.8,24200.35,0
2026-06-25 08:15:00+00:00,24202.35,24209.45,24195.6,24202.5,0
2026-06-25 08:20:00+00:00,24203.7,24207.7,24188.45,24190.35,0
2026-06-25 08:25:00+00:00,24189.4,24197.1,24173.05,24178.4,0
2026-06-25 08:30:00+00:00,24180.25,24187.85,24170.35,24183.3,0
2026-06-25 08:35:00+00:00,24185.1,24185.25,24171.65,24171.9,0
2026-06-25 08:40:00+00:00,24173.0,24173.6,24130.65,24139.15,0
2026-06-25 08:45:00+00:00,24139.35,24139.35,24111.9,24119.75,0
2026-06-25 08:50:00+00:00,24118.75,24125.9,24094.3,24110.5,0
2026-06-25 08:55:00+00:00,24111.9,24111.9,24088.95,24108.2,0
2026-06-25 09:00:00+00:00,24110.05,24118.35,24102.7,24105.9,0
2026-06-25 09:05:00+00:00,24107.3,24128.9,24100.8,24101.15,0
2026-06-25 09:10:00+00:00,24102.4,24112.4,24068.85,24071.05,0
2026-06-25 09:15:00+00:00,24072.75,24095.5,24066.55,24071.85,0
2026-06-25 09:20:00+00:00,24073.5,24117.5,24072.65,24103.05,0
2026-06-25 09:25:00+00:00,24103.9,24111.15,24079.7,24090.4,0
2026-06-25 09:30:00+00:00,24091.0,24091.3,24041.65,24060.9,0
2026-06-25 09:35:00+00:00,24060.2,24077.8,24041.45,24059.7,0
2026-06-25 09:40:00+00:00,24061.8,24074.0,24052.5,24056.0,0
2026-06-25 09:45:00+00:00,24056.95,24065.5,24043.45,24058.3,0
2026-06-25 09:50:00+00:00,24058.8,24059.2,24040.0,24046.25,0
2026-06-25 09:55:00+00:00,24049.65,24058.3,24039.0,24052.95,0
2026-06-29 03:45:00+00:00,24061.75,24110.75,24032.35,24084.05,0
2026-06-29 03:50:00+00:00,24086.2,24109.6,24078.3,24080.05,0
2026-06-29 03:55:00+00:00,24081.4,24081.4,24051.55,24064.8,0
2026-06-29 04:00:00+00:00,24065.7,24065.7,24016.8,24017.1,0
2026-06-29 04:05:00+00:00,24018.7,24063.1,24005.45,24060.1,0
2026-06-29 04:10:00+00:00,24060.55,24094.7,24056.55,24094.0,0
2026-06-29 04:15:00+00:00,24092.7,24095.25,24078.3,24082.7,0
2026-06-29 04:20:00+00:00,24083.75,24086.25,24069.45,24072.15,0
2026-06-29 04:25:00+00:00,24073.7,24082.8,24063.15,24075.55,0
2026-06-29 04:30:00+00:00,24076.6,24088.0,24053.25,24053.45,0
2026-06-29 04:35:00+00:00,24054.65,24079.85,24051.75,24069.25,0
2026-06-29 04:40:00+00:00,24070.3,24077.05,24057.55,24061.8,0
2026-06-29 04:45:00+00:00,24061.9,24065.05,24052.6,24063.9,0
2026-06-29 04:50:00+00:00,24063.8,24103.05,24057.5,24103.05,0
2026-06-29 04:55:00+00:00,24105.15,24120.0,24101.0,24112.15,0
2026-06-29 05:00:00+00:00,24112.75,24117.2,24096.55,24105.35,0
2026-06-29 05:05:00+00:00,24107.05,24109.85,24091.3,24100.15,0
2026-06-29 05:10:00+00:00,24101.35,24116.45,24094.65,24112.3,0
2026-06-29 05:15:00+00:00,24115.5,24115.5,24081.65,24082.65,0
2026-06-29 05:20:00+00:00,24083.85,24084.05,24047.4,24056.75,0
2026-06-29 05:25:00+00:00,24057.65,24073.25,24051.2,24066.35,0
2026-06-29 05:30:00+00:00,24066.9,24088.85,24058.15,24084.8,0
2026-06-29 05:35:00+00:00,24085.5,24090.9,24068.85,24078.0,0
2026-06-29 05:40:00+00:00,24078.65,24086.15,24070.35,24073.0,0
2026-06-29 05:45:00+00:00,24072.45,24084.25,24070.85,24078.55,0
2026-06-29 05:50:00+00:00,24079.6,24079.6,24062.8,24063.3,0
2026-06-29 05:55:00+00:00,24065.7,24068.9,24056.5,24061.2,0
2026-06-29 06:00:00+00:00,24062.3,24065.25,24018.65,24027.9,0
2026-06-29 06:05:00+00:00,24030.85,24046.7,24027.8,24042.2,0
2026-06-29 06:10:00+00:00,24042.4,24045.05,24031.6,24031.6,0
2026-06-29 06:15:00+00:00,24032.45,24036.9,24026.2,24026.7,0
2026-06-29 06:20:00+00:00,24027.7,24027.7,24002.9,24003.25,0
2026-06-29 06:25:00+00:00,24004.45,24020.5,24002.05,24011.15,0
2026-06-29 06:30:00+00:00,24012.95,24019.25,24007.8,24009.15,0
2026-06-29 06:35:00+00:00,24009.75,24016.25,24006.15,24012.95,0
2026-06-29 06:40:00+00:00,24015.2,24016.6,23989.8,23993.7,0
2026-06-29 06:45:00+00:00,23995.95,23999.05,23973.55,23974.2,0
2026-06-29 06:50:00+00:00,23974.9,23984.15,23972.75,23979.2,0
2026-06-29 06:55:00+00:00,23981.9,23984.6,23964.85,23968.4,0
2026-06-29 07:00:00+00:00,23968.45,23975.05,23934.15,23943.4,0
2026-06-29 07:05:00+00:00,23944.5,23949.85,23933.3,23933.6,0
2026-06-29 07:10:00+00:00,23934.1,23945.35,23925.4,23944.45,0
2026-06-29 07:15:00+00:00,23945.0,23963.0,23944.35,23945.55,0
2026-06-29 07:20:00+00:00,23946.45,23956.6,23941.0,23951.95,0
2026-06-29 07:25:00+00:00,23951.95,23968.55,23950.85,23963.3,0
2026-06-29 07:30:00+00:00,23964.25,23970.4,23946.0,23961.5,0
2026-06-29 07:35:00+00:00,23961.35,23979.6,23951.85,23979.1,0
2026-06-29 07:40:00+00:00,23979.05,23979.7,23961.6,23962.7,0
2026-06-29 07:45:00+00:00,23962.15,23962.15,23944.8,23950.45,0
2026-06-29 07:50:00+00:00,23951.0,23956.7,23946.45,23950.55,0
2026-06-29 07:55:00+00:00,23951.8,23967.3,23948.3,23965.15,0
2026-06-29 08:00:00+00:00,23965.65,23981.25,23954.15,23954.4,0
2026-06-29 08:05:00+00:00,23955.1,23970.2,23948.6,23958.8,0
2026-06-29 08:10:00+00:00,23959.7,23965.95,23935.8,23940.45,0
2026-06-29 08:15:00+00:00,23940.65,23953.9,23937.2,23938.75,0
2026-06-29 08:20:00+00:00,23938.95,23949.8,23926.3,23949.0,0
2026-06-29 08:25:00+00:00,23949.35,23959.2,23942.4,23947.7,0
2026-06-29 08:30:00+00:00,23947.05,23967.55,23945.1,23952.05,0
2026-06-29 08:35:00+00:00,23952.45,23964.65,23950.5,23953.1,0
2026-06-29 08:40:00+00:00,23954.25,23962.85,23947.5,23958.35,0
2026-06-29 08:45:00+00:00,23960.15,23966.5,23952.15,23963.65,0
2026-06-29 08:50:00+00:00,23965.25,23972.6,23947.25,23948.15,0
2026-06-29 08:55:00+00:00,23948.5,23958.55,23944.05,23950.85,0
2026-06-29 09:00:00+00:00,23951.4,23970.0,23934.25,23964.4,0
2026-06-29 09:05:00+00:00,23965.15,23968.05,23942.5,23949.2,0
2026-06-29 09:10:00+00:00,23950.05,23970.6,23948.8,23964.25,0
2026-06-29 09:15:00+00:00,23965.15,23970.3,23958.5,23965.8,0
2026-06-29 09:20:00+00:00,23965.55,23966.6,23941.5,23945.0,0
2026-06-29 09:25:00+00:00,23944.95,23951.1,23927.1,23930.6,0
2026-06-29 09:30:00+00:00,23931.05,23987.2,23924.55,23942.0,0
2026-06-29 09:35:00+00:00,23940.7,23957.85,23930.95,23949.8,0
2026-06-29 09:40:00+00:00,23949.5,23949.5,23925.15,23943.2,0
2026-06-29 09:45:00+00:00,23943.7,23953.1,23932.9,23949.2,0
2026-06-29 09:50:00+00:00,23949.15,23955.95,23937.15,23950.6,0
2026-06-29 09:55:00+00:00,23951.5,23985.15,23942.7,23978.5,0
2026-06-30 03:45:00+00:00,24032.05,24035.55,23934.05,23942.2,0
2026-06-30 03:50:00+00:00,23941.35,23941.4,23894.9,23901.5,0
2026-06-30 03:55:00+00:00,23901.2,23912.8,23890.8,23896.9,0
2026-06-30 04:00:00+00:00,23896.7,23899.5,23867.45,23873.3,0
2026-06-30 04:05:00+00:00,23872.7,23889.55,23866.75,23875.1,0
2026-06-30 04:10:00+00:00,23874.55,23881.65,23861.5,23870.35,0
2026-06-30 04:15:00+00:00,23870.5,23873.1,23852.15,23856.65,0
2026-06-30 04:20:00+00:00,23857.1,23872.35,23851.95,23865.95,0
2026-06-30 04:25:00+00:00,23864.6,23890.1,23863.9,23881.7,0
2026-06-30 04:30:00+00:00,23881.1,23914.95,23878.65,23914.95,0
2026-06-30 04:35:00+00:00,23915.55,23916.05,23872.7,23874.2,0
2026-06-30 04:40:00+00:00,23874.05,23897.2,23872.8,23889.8,0
2026-06-30 04:45:00+00:00,23889.6,23896.35,23881.9,23890.95,0
2026-06-30 04:50:00+00:00,23889.9,23893.65,23871.3,23892.8,0
2026-06-30 04:55:00+00:00,23892.15,23905.1,23889.05,23891.45,0
2026-06-30 05:00:00+00:00,23891.35,23901.0,23882.05,23899.05,0
2026-06-30 05:05:00+00:00,23899.6,23907.55,23892.4,23894.55,0
2026-06-30 05:10:00+00:00,23894.75,23896.3,23874.7,23890.5,0
2026-06-30 05:15:00+00:00,23890.3,23915.5,23887.15,23915.1,0
2026-06-30 05:20:00+00:00,23915.0,23923.55,23906.0,23907.0,0
2026-06-30 05:25:00+00:00,23906.75,23914.15,23878.65,23878.65,0
2026-06-30 05:30:00+00:00,23879.0,23895.05,23872.6,23883.0,0
2026-06-30 05:35:00+00:00,23882.35,23892.6,23876.8,23892.25,0
2026-06-30 05:40:00+00:00,23892.55,23944.95,23890.45,23938.05,0
2026-06-30 05:45:00+00:00,23938.3,23943.15,23924.9,23934.4,0
2026-06-30 05:50:00+00:00,23933.55,23998.55,23931.45,23997.0,0
2026-06-30 05:55:00+00:00,23996.7,23998.25,23972.1,23976.55,0
2026-06-30 06:00:00+00:00,23976.65,23979.2,23940.7,23946.35,0
2026-06-30 06:05:00+00:00,23945.7,23947.1,23919.8,23945.4,0
2026-06-30 06:10:00+00:00,23944.95,23957.6,23930.6,23932.6,0
2026-06-30 06:15:00+00:00,23932.25,23937.7,23923.8,23930.0,0
2026-06-30 06:20:00+00:00,23930.0,23941.6,23928.3,23940.8,0
2026-06-30 06:25:00+00:00,23940.5,23951.0,23938.2,23946.15,0
2026-06-30 06:30:00+00:00,23946.25,23948.6,23930.35,23935.1,0
2026-06-30 06:35:00+00:00,23934.1,23936.1,23927.05,23927.9,0
2026-06-30 06:40:00+00:00,23927.7,23936.05,23922.95,23925.9,0
2026-06-30 06:45:00+00:00,23924.95,23932.8,23918.4,23925.15,0
2026-06-30 06:50:00+00:00,23925.3,23937.45,23920.3,23937.45,0
2026-06-30 06:55:00+00:00,23937.15,23938.6,23928.8,23933.15,0
2026-06-30 07:00:00+00:00,23933.15,23937.9,23911.55,23921.5,0
2026-06-30 07:05:00+00:00,23921.2,23946.25,23917.55,23944.65,0
2026-06-30 07:10:00+00:00,23945.1,23956.2,23941.7,23951.05,0
2026-06-30 07:15:00+00:00,23950.55,23962.6,23946.3,23948.1,0
2026-06-30 07:20:00+00:00,23947.6,23951.45,23934.2,23946.3,0
2026-06-30 07:25:00+00:00,23946.4,23964.35,23940.4,23952.45,0
2026-06-30 07:30:00+00:00,23951.95,23954.3,23938.1,23945.15,0
2026-06-30 07:35:00+00:00,23945.9,23947.8,23931.35,23933.65,0
2026-06-30 07:40:00+00:00,23932.95,23941.95,23929.15,23934.0,0
2026-06-30 07:45:00+00:00,23933.2,23944.85,23923.95,23927.75,0
2026-06-30 07:50:00+00:00,23927.4,23931.6,23913.05,23919.5,0
2026-06-30 07:55:00+00:00,23918.95,23941.6,23917.15,23935.15,0
2026-06-30 08:00:00+00:00,23934.25,23945.0,23929.9,23937.35,0
2026-06-30 08:05:00+00:00,23936.85,23942.05,23932.85,23937.55,0
2026-06-30 08:10:00+00:00,23938.05,23954.95,23934.15,23946.8,0
2026-06-30 08:15:00+00:00,23946.65,23947.6,23935.4,23940.5,0
2026-06-30 08:20:00+00:00,23940.1,23947.8,23930.0,23931.1,0
2026-06-30 08:25:00+00:00,23930.9,23932.75,23916.4,23929.4,0
2026-06-30 08:30:00+00:00,23928.6,23931.95,23880.95,23887.75,0
2026-06-30 08:35:00+00:00,23887.9,23902.8,23881.95,23895.95,0
2026-06-30 08:40:00+00:00,23896.2,23898.9,23882.4,23885.25,0
2026-06-30 08:45:00+00:00,23885.1,23901.8,23863.9,23879.85,0
2026-06-30 08:50:00+00:00,23880.1,23947.8,23872.05,23947.8,0
2026-06-30 08:55:00+00:00,23949.3,23972.45,23936.6,23944.45,0
2026-06-30 09:00:00+00:00,23945.2,23949.5,23920.8,23942.85,0
2026-06-30 09:05:00+00:00,23942.6,23949.3,23931.2,23940.75,0
2026-06-30 09:10:00+00:00,23941.45,23955.85,23936.5,23945.7,0
2026-06-30 09:15:00+00:00,23945.65,23948.4,23932.1,23940.75,0
2026-06-30 09:20:00+00:00,23940.4,23941.95,23923.9,23936.0,0
2026-06-30 09:25:00+00:00,23936.4,23944.3,23895.3,23905.35,0
2026-06-30 09:30:00+00:00,23902.3,23906.25,23829.2,23841.25,0
2026-06-30 09:35:00+00:00,23841.05,23866.05,23833.55,23850.25,0
2026-06-30 09:40:00+00:00,23850.95,23870.2,23845.6,23864.8,0
2026-06-30 09:45:00+00:00,23864.15,23881.15,23864.15,23880.55,0
2026-06-30 09:50:00+00:00,23879.9,23888.65,23877.05,23884.5,0
2026-06-30 09:55:00+00:00,23884.15,23922.1,23881.5,23917.75,0
2026-07-01 03:45:00+00:00,23897.65,23934.9,23895.1,23918.0,0
2026-07-01 03:50:00+00:00,23917.65,23923.2,23909.0,23912.85,0
2026-07-01 03:55:00+00:00,23912.4,23923.95,23904.9,23922.95,0
2026-07-01 04:00:00+00:00,23919.95,23937.0,23912.65,23919.55,0
2026-07-01 04:05:00+00:00,23919.1,23945.95,23917.4,23940.05,0
2026-07-01 04:10:00+00:00,23938.8,23949.95,23923.85,23944.2,0
2026-07-01 04:15:00+00:00,23943.5,23962.25,23943.45,23949.7,0
2026-07-01 04:20:00+00:00,23949.4,23964.35,23944.55,23963.25,0
2026-07-01 04:25:00+00:00,23962.5,23985.5,23962.0,23981.65,0
2026-07-01 04:30:00+00:00,23981.15,23996.4,23964.35,23968.05,0
2026-07-01 04:35:00+00:00,23968.1,23984.2,23962.75,23982.9,0
2026-07-01 04:40:00+00:00,23982.15,23989.35,23977.3,23987.05,0
2026-07-01 04:45:00+00:00,23986.9,24005.95,23986.45,24005.75,0
2026-07-01 04:50:00+00:00,24005.5,24020.65,23999.8,24009.3,0
2026-07-01 04:55:00+00:00,24009.0,24012.6,23992.5,23997.2,0
2026-07-01 05:00:00+00:00,23996.25,24004.3,23981.7,23986.4,0
2026-07-01 05:05:00+00:00,23984.25,23993.6,23970.3,23975.1,0
2026-07-01 05:10:00+00:00,23975.5,23978.5,23947.35,23954.05,0
2026-07-01 05:15:00+00:00,23952.75,23977.9,23951.7,23973.85,0
2026-07-01 05:20:00+00:00,23973.45,23983.65,23960.45,23979.7,0
2026-07-01 05:25:00+00:00,23979.9,23983.0,23968.9,23976.4,0
2026-07-01 05:30:00+00:00,23975.8,23987.3,23975.2,23982.7,0
2026-07-01 05:35:00+00:00,23982.7,23994.3,23982.0,23994.05,0
2026-07-01 05:40:00+00:00,23992.9,24020.95,23991.75,24019.5,0
2026-07-01 05:45:00+00:00,24018.75,24026.85,24014.6,24020.8,0
2026-07-01 05:50:00+00:00,24020.8,24024.1,24007.05,24007.8,0
2026-07-01 05:55:00+00:00,24007.35,24011.75,23998.6,24008.8,0
2026-07-01 06:00:00+00:00,24008.35,24013.65,23993.2,23993.45,0
2026-07-01 06:05:00+00:00,23992.35,23998.45,23986.0,23997.4,0
2026-07-01 06:10:00+00:00,23997.05,24013.3,23994.4,24011.7,0
2026-07-01 06:15:00+00:00,24011.8,24021.45,24009.25,24019.35,0
2026-07-01 06:20:00+00:00,24018.85,24022.5,24001.65,24004.1,0
2026-07-01 06:25:00+00:00,24003.1,24028.6,23998.15,24026.5,0
2026-07-01 06:30:00+00:00,24026.1,24032.4,24021.45,24023.3,0
2026-07-01 06:35:00+00:00,24022.9,24049.9,24022.55,24045.05,0
2026-07-01 06:40:00+00:00,24043.85,24045.25,24020.15,24023.5,0
2026-07-01 06:45:00+00:00,24023.5,24033.65,24018.25,24028.6,0
2026-07-01 06:50:00+00:00,24027.9,24036.95,24013.5,24034.35,0
2026-07-01 06:55:00+00:00,24033.5,24036.2,23994.3,23997.55,0
2026-07-01 07:00:00+00:00,23997.5,24033.95,23997.5,24029.3,0
2026-07-01 07:05:00+00:00,24028.5,24043.25,24028.5,24037.95,0
2026-07-01 07:10:00+00:00,24037.65,24038.7,24016.35,24024.1,0
2026-07-01 07:15:00+00:00,24023.7,24029.6,24019.6,24024.85,0
2026-07-01 07:20:00+00:00,24024.2,24030.6,24019.55,24020.25,0
2026-07-01 07:25:00+00:00,24020.25,24027.05,24016.3,24022.9,0
2026-07-01 07:30:00+00:00,24022.4,24029.45,24007.15,24010.8,0
2026-07-01 07:35:00+00:00,24010.15,24019.35,24010.15,24015.15,0
2026-07-01 07:40:00+00:00,24014.85,24028.05,24014.05,24028.05,0
2026-07-01 07:45:00+00:00,24026.55,24033.35,24024.25,24030.05,0
2026-07-01 07:50:00+00:00,24029.45,24030.85,24014.95,24017.9,0
2026-07-01 07:55:00+00:00,24017.55,24024.8,24011.35,24012.75,0
2026-07-01 08:00:00+00:00,24012.95,24019.3,24002.05,24017.4,0
2026-07-01 08:05:00+00:00,24016.55,24047.65,24016.55,24040.5,0
2026-07-01 08:10:00+00:00,24039.8,24041.95,24021.1,24029.6,0
2026-07-01 08:15:00+00:00,24028.1,24032.65,24014.6,24024.95,0
2026-07-01 08:20:00+00:00,24024.15,24025.55,24018.45,24020.35,0
2026-07-01 08:25:00+00:00,24019.75,24025.45,24016.0,24018.35,0
2026-07-01 08:30:00+00:00,24018.1,24027.9,24011.15,24025.35,0
2026-07-01 08:35:00+00:00,24024.3,24035.8,24020.65,24034.45,0
2026-07-01 08:40:00+00:00,24034.3,24044.15,24032.05,24035.3,0
2026-07-01 08:45:00+00:00,24036.05,24040.7,24029.15,24030.55,0
2026-07-01 08:50:00+00:00,24030.05,24038.9,24029.3,24038.0,0
2026-07-01 08:55:00+00:00,24037.55,24041.65,24023.4,24028.55,0
2026-07-01 09:00:00+00:00,24027.2,24031.35,24016.3,24016.3,0
2026-07-01 09:05:00+00:00,24016.95,24022.7,23999.15,23999.45,0
2026-07-01 09:10:00+00:00,23999.0,24022.15,23991.75,24020.85,0
2026-07-01 09:15:00+00:00,24020.5,24024.45,24009.85,24011.15,0
2026-07-01 09:20:00+00:00,24011.45,24025.55,24009.65,24023.45,0
2026-07-01 09:25:00+00:00,24023.9,24038.35,24017.95,24035.65,0
2026-07-01 09:30:00+00:00,24036.8,24048.2,24013.2,24018.65,0
2026-07-01 09:35:00+00:00,24017.3,24018.55,23999.15,24002.3,0
2026-07-01 09:40:00+00:00,24001.35,24018.65,24001.35,24006.25,0
2026-07-01 09:45:00+00:00,24005.6,24010.4,23996.3,23998.6,0
2026-07-01 09:50:00+00:00,23999.25,24002.85,23991.75,23999.95,0
2026-07-01 09:55:00+00:00,24000.0,24000.75,23980.65,23987.95,0
2026-07-02 03:45:00+00:00,24062.2,24097.7,24058.8,24094.25,0
2026-07-02 03:50:00+00:00,24093.35,24127.55,24092.85,24122.8,0
2026-07-02 03:55:00+00:00,24123.5,24127.6,24109.35,24111.65,0
2026-07-02 04:00:00+00:00,24110.1,24132.55,24108.1,24124.9,0
2026-07-02 04:05:00+00:00,24124.45,24150.35,24123.8,24148.25,0
2026-07-02 04:10:00+00:00,24147.9,24159.45,24140.6,24148.05,0
2026-07-02 04:15:00+00:00,24147.8,24155.45,24141.25,24146.95,0
2026-07-02 04:20:00+00:00,24147.45,24149.9,24134.85,24136.15,0
2026-07-02 04:25:00+00:00,24135.55,24138.65,24124.25,24129.45,0
2026-07-02 04:30:00+00:00,24129.6,24130.8,24106.2,24117.3,0
2026-07-02 04:35:00+00:00,24117.0,24121.05,24080.55,24099.8,0
2026-07-02 04:40:00+00:00,24099.2,24112.45,24075.55,24075.8,0
2026-07-02 04:45:00+00:00,24075.3,24089.6,24070.3,24088.9,0
2026-07-02 04:50:00+00:00,24088.3,24101.5,24087.25,24099.45,0
2026-07-02 04:55:00+00:00,24099.5,24115.9,24093.3,24107.1,0
2026-07-02 05:00:00+00:00,24106.05,24110.8,24088.9,24094.25,0
2026-07-02 05:05:00+00:00,24092.4,24113.95,24090.95,24113.75,0
2026-07-02 05:10:00+00:00,24113.0,24116.0,24104.4,24110.55,0
2026-07-02 05:15:00+00:00,24110.55,24116.8,24102.55,24108.75,0
2026-07-02 05:20:00+00:00,24107.3,24113.75,24101.8,24106.65,0
2026-07-02 05:25:00+00:00,24105.55,24113.45,24101.95,24111.05,0
2026-07-02 05:30:00+00:00,24111.05,24115.8,24101.25,24108.1,0
2026-07-02 05:35:00+00:00,24107.9,24110.35,24097.7,24098.7,0
2026-07-02 05:40:00+00:00,24099.25,24103.95,24090.05,24103.8,0
2026-07-02 05:45:00+00:00,24103.55,24104.55,24095.9,24101.4,0
2026-07-02 05:50:00+00:00,24101.45,24103.25,24088.95,24101.55,0
2026-07-02 05:55:00+00:00,24101.75,24106.05,24085.7,24087.3,0
2026-07-02 06:00:00+00:00,24087.6,24089.95,24078.65,24085.2,0
2026-07-02 06:05:00+00:00,24084.85,24086.2,24072.85,24074.2,0
2026-07-02 06:10:00+00:00,24073.95,24083.75,24067.5,24083.75,0
2026-07-02 06:15:00+00:00,24083.55,24095.05,24080.85,24086.0,0
2026-07-02 06:20:00+00:00,24086.9,24103.5,24086.15,24095.75,0
2026-07-02 06:25:00+00:00,24094.55,24106.65,24094.0,24099.55,0
2026-07-02 06:30:00+00:00,24099.1,24111.35,24094.8,24101.75,0
2026-07-02 06:35:00+00:00,24102.9,24110.85,24101.4,24107.5,0
2026-07-02 06:40:00+00:00,24107.0,24114.1,24101.7,24112.75,0
2026-07-02 06:45:00+00:00,24113.05,24127.75,24106.55,24124.05,0
2026-07-02 06:50:00+00:00,24123.65,24130.4,24118.6,24124.0,0
2026-07-02 06:55:00+00:00,24124.2,24133.2,24119.65,24131.75,0
2026-07-02 07:00:00+00:00,24132.1,24133.8,24118.6,24122.4,0
2026-07-02 07:05:00+00:00,24123.0,24137.7,24120.15,24132.7,0
2026-07-02 07:10:00+00:00,24133.1,24135.45,24116.75,24121.8,0
2026-07-02 07:15:00+00:00,24122.2,24133.45,24114.65,24129.55,0
2026-07-02 07:20:00+00:00,24129.0,24129.6,24121.35,24124.35,0
2026-07-02 07:25:00+00:00,24124.0,24126.0,24113.6,24119.4,0
2026-07-02 07:30:00+00:00,24119.45,24135.35,24115.75,24133.6,0
2026-07-02 07:35:00+00:00,24133.35,24145.1,24131.1,24141.6,0
2026-07-02 07:40:00+00:00,24141.85,24145.8,24136.7,24143.25,0
2026-07-02 07:45:00+00:00,24142.8,24153.45,24141.8,24151.6,0
2026-07-02 07:50:00+00:00,24151.95,24152.65,24137.75,24149.25,0
2026-07-02 07:55:00+00:00,24149.9,24155.35,24139.15,24141.75,0
2026-07-02 08:00:00+00:00,24141.8,24150.55,24137.05,24146.55,0
2026-07-02 08:05:00+00:00,24145.15,24152.4,24128.55,24139.35,0
2026-07-02 08:10:00+00:00,24139.2,24141.15,24131.35,24134.2,0
2026-07-02 08:15:00+00:00,24133.85,24138.55,24127.85,24130.95,0
2026-07-02 08:20:00+00:00,24130.7,24140.8,24130.6,24133.4,0
2026-07-02 08:25:00+00:00,24133.45,24137.6,24126.0,24131.2,0
2026-07-02 08:30:00+00:00,24131.65,24141.7,24128.85,24137.4,0
2026-07-02 08:35:00+00:00,24137.45,24142.85,24129.15,24132.9,0
2026-07-02 08:40:00+00:00,24132.9,24139.45,24128.85,24132.3,0
2026-07-02 08:45:00+00:00,24132.15,24138.95,24127.4,24132.7,0
2026-07-02 08:50:00+00:00,24133.45,24155.3,24130.45,24147.1,0
2026-07-02 08:55:00+00:00,24146.95,24147.9,24131.1,24140.15,0
2026-07-02 09:00:00+00:00,24140.5,24157.95,24138.95,24149.7,0
2026-07-02 09:05:00+00:00,24151.0,24176.3,24148.2,24173.45,0
2026-07-02 09:10:00+00:00,24173.7,24183.95,24170.85,24176.8,0
2026-07-02 09:15:00+00:00,24176.15,24194.55,24175.2,24182.7,0
2026-07-02 09:20:00+00:00,24183.6,24192.35,24178.8,24182.8,0
2026-07-02 09:25:00+00:00,24183.1,24192.9,24172.6,24190.75,0
2026-07-02 09:30:00+00:00,24191.1,24193.4,24169.4,24171.9,0
2026-07-02 09:35:00+00:00,24173.3,24189.35,24171.75,24178.9,0
2026-07-02 09:40:00+00:00,24180.5,24183.6,24169.7,24176.5,0
2026-07-02 09:45:00+00:00,24176.9,24179.5,24153.4,24156.0,0
2026-07-02 09:50:00+00:00,24155.95,24169.7,24153.55,24167.15,0
2026-07-02 09:55:00+00:00,24167.6,24172.6,24158.0,24167.2,0
2026-07-03 03:45:00+00:00,24375.65,24378.15,24295.15,24302.6,0
2026-07-03 03:50:00+00:00,24302.9,24339.55,24299.45,24335.05,0
2026-07-03 03:55:00+00:00,24335.95,24350.95,24334.15,24347.75,0
2026-07-03 04:00:00+00:00,24349.0,24366.8,24348.4,24355.65,0
2026-07-03 04:05:00+00:00,24357.85,24365.2,24346.5,24359.5,0
2026-07-03 04:10:00+00:00,24361.8,24361.8,24334.5,24336.8,0
2026-07-03 04:15:00+00:00,24338.5,24344.75,24324.75,24329.9,0
2026-07-03 04:20:00+00:00,24331.45,24344.35,24330.0,24337.0,0
2026-07-03 04:25:00+00:00,24337.0,24341.95,24323.0,24333.2,0
2026-07-03 04:30:00+00:00,24335.3,24341.95,24313.1,24315.15,0
2026-07-03 04:35:00+00:00,24315.2,24341.75,24311.85,24337.5,0
2026-07-03 04:40:00+00:00,24338.5,24342.25,24328.4,24330.6,0
2026-07-03 04:45:00+00:00,24332.0,24335.55,24317.75,24326.65,0
2026-07-03 04:50:00+00:00,24325.75,24344.45,24315.4,24339.4,0
2026-07-03 04:55:00+00:00,24340.65,24352.65,24339.35,24345.1,0
2026-07-03 05:00:00+00:00,24347.1,24350.55,24340.65,24344.7,0
2026-07-03 05:05:00+00:00,24346.45,24351.5,24339.3,24340.15,0
2026-07-03 05:10:00+00:00,24341.95,24342.7,24335.55,24340.35,0
2026-07-03 05:15:00+00:00,24342.1,24349.5,24336.8,24347.1,0
2026-07-03 05:20:00+00:00,24348.45,24349.45,24341.9,24346.85,0
2026-07-03 05:25:00+00:00,24347.2,24348.55,24339.55,24340.75,0
2026-07-03 05:30:00+00:00,24342.05,24354.0,24337.55,24346.5,0
2026-07-03 05:35:00+00:00,24348.75,24351.8,24331.05,24332.4,0
2026-07-03 05:40:00+00:00,24334.05,24334.15,24320.65,24322.7,0
2026-07-03 05:45:00+00:00,24324.7,24332.0,24323.4,24330.15,0
2026-07-03 05:50:00+00:00,24331.55,24333.5,24319.1,24324.6,0
2026-07-03 05:55:00+00:00,24326.95,24331.7,24321.25,24328.35,0
2026-07-03 06:00:00+00:00,24329.75,24333.15,24322.9,24327.75,0
2026-07-03 06:05:00+00:00,24329.15,24335.85,24323.5,24335.7,0
2026-07-03 06:10:00+00:00,24337.6,24345.8,24333.5,24338.25,0
2026-07-03 06:15:00+00:00,24338.4,24344.8,24334.65,24337.6,0
2026-07-03 06:20:00+00:00,24339.35,24350.0,24336.95,24347.2,0
2026-07-03 06:25:00+00:00,24348.95,24356.8,24344.25,24353.4,0
2026-07-03 06:30:00+00:00,24357.15,24360.45,24350.8,24357.85,0
2026-07-03 06:35:00+00:00,24357.8,24370.7,24354.4,24364.4,0
2026-07-03 06:40:00+00:00,24364.3,24373.25,24359.25,24369.65,0
2026-07-03 06:45:00+00:00,24370.0,24373.35,24361.6,24366.95,0
2026-07-03 06:50:00+00:00,24368.8,24369.0,24354.8,24360.85,0
2026-07-03 06:55:00+00:00,24361.5,24365.55,24352.95,24362.15,0
2026-07-03 07:00:00+00:00,24362.4,24365.0,24350.3,24351.95,0
2026-07-03 07:05:00+00:00,24352.5,24357.0,24344.2,24349.65,0
2026-07-03 07:10:00+00:00,24350.55,24351.9,24339.4,24345.55,0
2026-07-03 07:15:00+00:00,24346.9,24354.85,24341.7,24354.25,0
2026-07-03 07:20:00+00:00,24354.5,24361.25,24350.1,24354.85,0
2026-07-03 07:25:00+00:00,24355.8,24359.45,24349.45,24353.45,0
2026-07-03 07:30:00+00:00,24355.05,24355.45,24336.75,24336.9,0
2026-07-03 07:35:00+00:00,24338.45,24338.45,24315.3,24319.15,0
2026-07-03 07:40:00+00:00,24320.25,24328.2,24309.95,24324.3,0
2026-07-03 07:45:00+00:00,24325.8,24325.8,24310.7,24315.65,0
2026-07-03 07:50:00+00:00,24317.25,24321.95,24310.35,24311.2,0
2026-07-03 07:55:00+00:00,24312.3,24313.0,24302.85,24305.95,0
2026-07-03 08:00:00+00:00,24306.35,24308.65,24286.9,24291.8,0
2026-07-03 08:05:00+00:00,24293.2,24293.2,24272.65,24289.85,0
2026-07-03 08:10:00+00:00,24290.75,24298.9,24286.9,24288.9,0
2026-07-03 08:15:00+00:00,24289.05,24292.7,24278.9,24292.35,0
2026-07-03 08:20:00+00:00,24292.15,24298.1,24289.95,24295.1,0
2026-07-03 08:25:00+00:00,24296.75,24296.95,24283.7,24285.45,0
2026-07-03 08:30:00+00:00,24285.95,24292.9,24278.55,24279.7,0
2026-07-03 08:35:00+00:00,24281.0,24297.25,24280.75,24291.2,0
2026-07-03 08:40:00+00:00,24292.95,24295.85,24285.3,24287.4,0
2026-07-03 08:45:00+00:00,24288.4,24288.5,24275.9,24276.9,0
2026-07-03 08:50:00+00:00,24277.9,24277.9,24266.8,24271.5,0
2026-07-03 08:55:00+00:00,24273.6,24274.0,24264.8,24267.85,0
2026-07-03 09:00:00+00:00,24268.5,24286.85,24265.3,24279.8,0
2026-07-03 09:05:00+00:00,24281.15,24287.55,24275.2,24279.1,0
2026-07-03 09:10:00+00:00,24279.85,24280.65,24268.3,24271.65,0
2026-07-03 09:15:00+00:00,24272.65,24278.95,24261.05,24278.95,0
2026-07-03 09:20:00+00:00,24280.05,24280.05,24256.3,24261.7,0
2026-07-03 09:25:00+00:00,24262.9,24264.5,24252.35,24256.15,0
2026-07-03 09:30:00+00:00,24257.85,24282.8,24257.85,24273.65,0
2026-07-03 09:35:00+00:00,24274.75,24282.8,24267.55,24279.35,0
2026-07-03 09:40:00+00:00,24280.25,24282.25,24270.15,24272.1,0
2026-07-03 09:45:00+00:00,24273.4,24274.25,24264.7,24268.05,0
2026-07-03 09:50:00+00:00,24269.8,24275.9,24263.0,24264.25,0
2026-07-03 09:55:00+00:00,24267.05,24272.05,24258.75,24271.2,0
2026-07-06 03:45:00+00:00,24306.85,24359.45,24287.1,24354.35,0
2026-07-06 03:50:00+00:00,24355.85,24360.15,24340.85,24344.25,0
2026-07-06 03:55:00+00:00,24346.8,24353.6,24337.25,24352.5,0
2026-07-06 04:00:00+00:00,24353.15,24369.95,24351.4,24369.35,0
2026-07-06 04:05:00+00:00,24370.05,24379.9,24362.95,24372.3,0
2026-07-06 04:10:00+00:00,24373.95,24376.95,24366.45,24368.9,0
2026-07-06 04:15:00+00:00,24369.3,24394.4,24366.0,24382.0,0
2026-07-06 04:20:00+00:00,24383.4,24392.9,24380.25,24382.0,0
2026-07-06 04:25:00+00:00,24383.65,24387.15,24376.6,24384.65,0
2026-07-06 04:30:00+00:00,24385.25,24395.8,24378.15,24382.75,0
2026-07-06 04:35:00+00:00,24383.25,24384.45,24373.05,24382.7,0
2026-07-06 04:40:00+00:00,24383.65,24387.5,24366.3,24370.15,0
2026-07-06 04:45:00+00:00,24370.6,24391.6,24368.45,24390.45,0
2026-07-06 04:50:00+00:00,24389.3,24403.05,24387.15,24397.15,0
2026-07-06 04:55:00+00:00,24398.65,24414.65,24395.15,24405.95,0
2026-07-06 05:00:00+00:00,24406.35,24414.25,24401.5,24402.15,0
2026-07-06 05:05:00+00:00,24404.2,24406.0,24390.5,24393.7,0
2026-07-06 05:10:00+00:00,24395.0,24404.8,24390.2,24403.05,0
2026-07-06 05:15:00+00:00,24404.15,24418.6,24400.95,24416.25,0
2026-07-06 05:20:00+00:00,24417.45,24424.95,24409.45,24413.5,0
2026-07-06 05:25:00+00:00,24414.15,24426.9,24406.15,24424.0,0
2026-07-06 05:30:00+00:00,24424.95,24428.05,24412.4,24417.9,0
2026-07-06 05:35:00+00:00,24418.95,24422.85,24412.35,24414.5,0
2026-07-06 05:40:00+00:00,24414.45,24419.8,24411.4,24415.85,0
2026-07-06 05:45:00+00:00,24416.05,24416.5,24403.6,24405.55,0
2026-07-06 05:50:00+00:00,24407.35,24426.2,24403.1,24423.25,0
2026-07-06 05:55:00+00:00,24425.05,24427.05,24414.05,24419.2,0
2026-07-06 06:00:00+00:00,24419.85,24422.6,24415.35,24418.8,0
2026-07-06 06:05:00+00:00,24419.0,24422.7,24412.35,24418.3,0
2026-07-06 06:10:00+00:00,24418.5,24420.85,24410.65,24417.3,0
2026-07-06 06:15:00+00:00,24416.85,24425.6,24415.15,24420.5,0
2026-07-06 06:20:00+00:00,24419.6,24422.15,24407.85,24415.3,0
2026-07-06 06:25:00+00:00,24414.9,24425.7,24414.75,24425.2,0
2026-07-06 06:30:00+00:00,24424.75,24431.55,24420.1,24427.65,0
2026-07-06 06:35:00+00:00,24427.05,24431.2,24421.45,24430.3,0
2026-07-06 06:40:00+00:00,24430.5,24443.75,24425.25,24443.25,0
2026-07-06 06:45:00+00:00,24443.1,24446.55,24438.4,24442.45,0
2026-07-06 06:50:00+00:00,24441.15,24444.15,24436.4,24441.05,0
2026-07-06 06:55:00+00:00,24440.25,24443.15,24434.5,24441.25,0
2026-07-06 07:00:00+00:00,24440.9,24451.65,24437.45,24450.85,0
2026-07-06 07:05:00+00:00,24450.8,24453.5,24439.4,24440.5,0
2026-07-06 07:10:00+00:00,24439.85,24447.0,24437.0,24444.3,0
2026-07-06 07:15:00+00:00,24443.9,24445.95,24430.15,24436.8,0
2026-07-06 07:20:00+00:00,24437.25,24446.0,24426.0,24430.5,0
2026-07-06 07:25:00+00:00,24430.15,24440.3,24425.6,24439.25,0
2026-07-06 07:30:00+00:00,24439.0,24443.5,24431.15,24442.55,0
2026-07-06 07:35:00+00:00,24442.45,24450.1,24439.3,24448.95,0
2026-07-06 07:40:00+00:00,24448.4,24455.4,24444.55,24449.25,0
2026-07-06 07:45:00+00:00,24449.25,24451.15,24440.4,24440.4,0
2026-07-06 07:50:00+00:00,24440.6,24446.95,24435.75,24442.6,0
2026-07-06 07:55:00+00:00,24442.75,24443.75,24434.95,24442.85,0
2026-07-06 08:00:00+00:00,24442.45,24448.5,24434.0,24438.5,0
2026-07-06 08:05:00+00:00,24440.1,24458.65,24437.3,24451.9,0
2026-07-06 08:10:00+00:00,24452.15,24454.85,24436.0,24437.55,0
2026-07-06 08:15:00+00:00,24437.7,24439.75,24427.95,24430.9,0
2026-07-06 08:20:00+00:00,24431.2,24434.25,24414.85,24416.5,0
2026-07-06 08:25:00+00:00,24416.5,24417.3,24406.1,24409.15,0
2026-07-06 08:30:00+00:00,24410.1,24417.75,24407.05,24417.15,0
2026-07-06 08:35:00+00:00,24417.15,24423.6,24403.05,24408.15,0
2026-07-06 08:40:00+00:00,24408.25,24415.15,24399.15,24400.85,0
2026-07-06 08:45:00+00:00,24401.1,24407.55,24398.0,24401.4,0
2026-07-06 08:50:00+00:00,24401.9,24411.0,24396.35,24410.45,0
2026-07-06 08:55:00+00:00,24410.25,24416.2,24400.9,24405.6,0
2026-07-06 09:00:00+00:00,24405.75,24410.8,24402.4,24409.4,0
2026-07-06 09:05:00+00:00,24409.5,24420.4,24407.25,24410.3,0
2026-07-06 09:10:00+00:00,24410.7,24412.45,24395.1,24397.1,0
2026-07-06 09:15:00+00:00,24397.3,24403.15,24382.4,24384.35,0
2026-07-06 09:20:00+00:00,24384.4,24410.95,24382.85,24409.95,0
2026-07-06 09:25:00+00:00,24410.25,24417.1,24401.45,24404.6,0
2026-07-06 09:30:00+00:00,24405.8,24429.55,24405.8,24428.35,0
2026-07-06 09:35:00+00:00,24428.45,24447.65,24426.9,24440.55,0
2026-07-06 09:40:00+00:00,24440.45,24442.95,24435.6,24437.2,0
2026-07-06 09:45:00+00:00,24438.2,24438.2,24429.8,24433.1,0
2026-07-06 09:50:00+00:00,24432.75,24438.3,24430.6,24437.5,0
2026-07-06 09:55:00+00:00,24436.9,24441.4,24417.95,24423.95,0
2026-07-07 03:45:00+00:00,24464.45,24488.45,24430.65,24460.65,0
2026-07-07 03:50:00+00:00,24460.2,24474.9,24446.0,24458.05,0
2026-07-07 03:55:00+00:00,24458.0,24460.95,24427.0,24455.85,0
2026-07-07 04:00:00+00:00,24456.8,24458.15,24426.15,24427.05,0
2026-07-07 04:05:00+00:00,24427.6,24459.95,24423.5,24439.25,0
2026-07-07 04:10:00+00:00,24439.8,24462.7,24439.75,24459.2,0
2026-07-07 04:15:00+00:00,24458.9,24471.6,24450.45,24465.55,0
2026-07-07 04:20:00+00:00,24465.55,24473.85,24458.9,24464.0,0
2026-07-07 04:25:00+00:00,24463.95,24476.8,24463.9,24475.55,0
2026-07-07 04:30:00+00:00,24474.9,24487.25,24471.8,24479.0,0
2026-07-07 04:35:00+00:00,24478.55,24489.8,24467.75,24489.15,0
2026-07-07 04:40:00+00:00,24488.9,24495.7,24482.35,24483.25,0
2026-07-07 04:45:00+00:00,24483.35,24497.15,24481.4,24494.85,0
2026-07-07 04:50:00+00:00,24494.15,24505.1,24490.2,24493.45,0
2026-07-07 04:55:00+00:00,24493.8,24501.85,24485.8,24490.45,0
2026-07-07 05:00:00+00:00,24490.7,24497.6,24484.45,24490.85,0
2026-07-07 05:05:00+00:00,24490.35,24497.05,24482.9,24484.8,0
2026-07-07 05:10:00+00:00,24485.1,24492.4,24469.1,24470.15,0
2026-07-07 05:15:00+00:00,24470.7,24491.1,24465.35,24488.9,0
2026-07-07 05:20:00+00:00,24488.15,24489.5,24469.85,24479.75,0
2026-07-07 05:25:00+00:00,24479.5,24482.75,24470.9,24480.75,0
2026-07-07 05:30:00+00:00,24480.85,24499.25,24480.05,24493.8,0
2026-07-07 05:35:00+00:00,24494.4,24509.05,24493.2,24504.55,0
2026-07-07 05:40:00+00:00,24504.4,24518.1,24501.7,24512.6,0
2026-07-07 05:45:00+00:00,24512.55,24513.5,24502.25,24506.5,0
2026-07-07 05:50:00+00:00,24506.5,24519.9,24503.75,24510.1,0
2026-07-07 05:55:00+00:00,24509.7,24525.75,24509.7,24519.55,0
2026-07-07 06:00:00+00:00,24519.4,24524.3,24514.2,24515.05,0
2026-07-07 06:05:00+00:00,24514.65,24518.55,24510.15,24516.0,0
2026-07-07 06:10:00+00:00,24516.15,24518.35,24507.85,24510.4,0
2026-07-07 06:15:00+00:00,24510.45,24516.2,24503.05,24506.1,0
2026-07-07 06:20:00+00:00,24505.95,24521.75,24503.65,24520.6,0
2026-07-07 06:25:00+00:00,24520.9,24528.0,24518.95,24524.6,0
2026-07-07 06:30:00+00:00,24525.15,24530.9,24518.15,24521.2,0
2026-07-07 06:35:00+00:00,24521.15,24526.7,24514.0,24518.95,0
2026-07-07 06:40:00+00:00,24519.25,24522.1,24499.3,24504.8,0
2026-07-07 06:45:00+00:00,24504.7,24511.8,24485.9,24486.7,0
2026-07-07 06:50:00+00:00,24486.65,24503.1,24486.65,24493.65,0
2026-07-07 06:55:00+00:00,24494.45,24500.45,24491.1,24493.1,0
2026-07-07 07:00:00+00:00,24492.95,24495.0,24461.65,24474.0,0
2026-07-07 07:05:00+00:00,24473.65,24474.1,24446.05,24464.55,0
2026-07-07 07:10:00+00:00,24464.25,24475.7,24458.6,24472.4,0
2026-07-07 07:15:00+00:00,24473.2,24479.15,24460.2,24468.6,0
2026-07-07 07:20:00+00:00,24469.15,24479.65,24457.15,24463.65,0
2026-07-07 07:25:00+00:00,24462.9,24469.65,24448.5,24468.55,0
2026-07-07 07:30:00+00:00,24467.7,24468.45,24455.15,24460.65,0
2026-07-07 07:35:00+00:00,24460.5,24462.1,24446.3,24449.15,0
2026-07-07 07:40:00+00:00,24448.95,24452.9,24425.45,24436.45,0
2026-07-07 07:45:00+00:00,24436.2,24438.9,24419.6,24424.75,0
2026-07-07 07:50:00+00:00,24424.85,24429.6,24420.25,24426.1,0
2026-07-07 07:55:00+00:00,24426.25,24445.15,24426.25,24443.1,0
2026-07-07 08:00:00+00:00,24442.65,24445.6,24430.3,24431.15,0
2026-07-07 08:05:00+00:00,24431.0,24437.25,24418.45,24426.45,0
2026-07-07 08:10:00+00:00,24426.5,24446.05,24424.55,24438.2,0
2026-07-07 08:15:00+00:00,24439.0,24453.7,24435.1,24435.6,0
2026-07-07 08:20:00+00:00,24434.3,24445.4,24433.4,24435.4,0
2026-07-07 08:25:00+00:00,24434.65,24457.05,24433.75,24452.2,0
2026-07-07 08:30:00+00:00,24451.85,24456.25,24443.05,24453.4,0
2026-07-07 08:35:00+00:00,24452.95,24464.9,24449.15,24463.65,0
2026-07-07 08:40:00+00:00,24463.7,24467.65,24457.95,24461.4,0
2026-07-07 08:45:00+00:00,24461.5,24465.45,24451.85,24456.45,0
2026-07-07 08:50:00+00:00,24456.6,24458.55,24448.05,24448.35,0
2026-07-07 08:55:00+00:00,24448.75,24458.2,24446.95,24453.55,0
2026-07-07 09:00:00+00:00,24453.9,24463.55,24453.9,24459.0,0
2026-07-07 09:05:00+00:00,24459.0,24473.05,24458.55,24465.8,0
2026-07-07 09:10:00+00:00,24465.9,24468.3,24454.95,24465.6,0
2026-07-07 09:15:00+00:00,24465.55,24470.9,24455.6,24466.0,0
2026-07-07 09:20:00+00:00,24466.2,24469.4,24462.0,24464.4,0
2026-07-07 09:25:00+00:00,24464.6,24471.4,24453.85,24456.1,0
2026-07-07 09:30:00+00:00,24456.4,24459.35,24412.35,24426.9,0
2026-07-07 09:35:00+00:00,24426.5,24426.95,24404.85,24405.05,0
2026-07-07 09:40:00+00:00,24405.7,24406.05,24390.15,24397.85,0
2026-07-07 09:45:00+00:00,24398.5,24401.75,24382.65,24389.0,0
2026-07-07 09:50:00+00:00,24389.05,24389.35,24366.8,24368.7,0
2026-07-07 09:55:00+00:00,24368.6,24371.85,24348.95,24355.1,0
2026-07-08 03:45:00+00:00,24259.55,24288.75,24229.9,24284.45,0
2026-07-08 03:50:00+00:00,24285.5,24295.25,24246.0,24246.0,0
2026-07-08 03:55:00+00:00,24246.5,24248.25,24232.05,24239.2,0
2026-07-08 04:00:00+00:00,24239.6,24240.9,24215.3,24220.05,0
2026-07-08 04:05:00+00:00,24221.45,24224.8,24207.2,24217.15,0
2026-07-08 04:10:00+00:00,24217.65,24235.45,24213.15,24226.15,0
2026-07-08 04:15:00+00:00,24227.45,24250.4,24223.35,24248.9,0
2026-07-08 04:20:00+00:00,24250.5,24267.15,24242.6,24251.1,0
2026-07-08 04:25:00+00:00,24252.45,24263.75,24244.25,24251.75,0
2026-07-08 04:30:00+00:00,24250.85,24254.25,24238.25,24241.3,0
2026-07-08 04:35:00+00:00,24240.85,24247.3,24233.0,24240.7,0
2026-07-08 04:40:00+00:00,24240.65,24258.1,24234.9,24238.2,0
2026-07-08 04:45:00+00:00,24236.2,24250.8,24228.3,24250.8,0
2026-07-08 04:50:00+00:00,24249.8,24251.5,24223.15,24224.15,0
2026-07-08 04:55:00+00:00,24224.5,24247.65,24219.25,24245.2,0
2026-07-08 05:00:00+00:00,24246.1,24265.35,24245.75,24254.25,0
2026-07-08 05:05:00+00:00,24254.9,24283.7,24253.0,24283.3,0
2026-07-08 05:10:00+00:00,24283.65,24294.2,24277.9,24279.25,0
2026-07-08 05:15:00+00:00,24281.45,24283.15,24268.75,24277.4,0
2026-07-08 05:20:00+00:00,24278.1,24283.25,24270.6,24273.25,0
2026-07-08 05:25:00+00:00,24273.85,24294.3,24269.2,24293.5,0
2026-07-08 05:30:00+00:00,24294.55,24298.3,24284.55,24288.75,0
2026-07-08 05:35:00+00:00,24289.55,24295.7,24280.9,24290.2,0
2026-07-08 05:40:00+00:00,24290.95,24300.0,24281.15,24290.55,0
2026-07-08 05:45:00+00:00,24290.8,24291.0,24277.75,24282.65,0
2026-07-08 05:50:00+00:00,24283.8,24289.05,24274.75,24286.5,0
2026-07-08 05:55:00+00:00,24287.9,24294.4,24278.4,24285.15,0
2026-07-08 06:00:00+00:00,24286.2,24286.2,24263.65,24269.5,0
2026-07-08 06:05:00+00:00,24270.25,24270.4,24257.6,24267.25,0
2026-07-08 06:10:00+00:00,24267.25,24270.25,24252.55,24259.0,0
2026-07-08 06:15:00+00:00,24259.6,24261.55,24248.85,24251.2,0
2026-07-08 06:20:00+00:00,24252.3,24255.75,24244.0,24252.85,0
2026-07-08 06:25:00+00:00,24254.85,24259.45,24233.6,24248.95,0
2026-07-08 06:30:00+00:00,24249.65,24252.35,24233.85,24234.95,0
2026-07-08 06:35:00+00:00,24235.4,24243.9,24225.6,24226.95,0
2026-07-08 06:40:00+00:00,24229.0,24233.85,24218.4,24222.4,0
2026-07-08 06:45:00+00:00,24224.05,24233.95,24208.4,24230.5,0
2026-07-08 06:50:00+00:00,24231.7,24234.25,24205.0,24206.0,0
2026-07-08 06:55:00+00:00,24207.65,24216.15,24202.55,24206.55,0
2026-07-08 07:00:00+00:00,24207.6,24208.4,24189.2,24195.4,0
2026-07-08 07:05:00+00:00,24196.15,24199.4,24184.0,24191.85,0
2026-07-08 07:10:00+00:00,24191.9,24206.35,24186.95,24204.7,0
2026-07-08 07:15:00+00:00,24206.1,24210.3,24197.85,24204.55,0
2026-07-08 07:20:00+00:00,24205.9,24221.35,24203.95,24219.3,0
2026-07-08 07:25:00+00:00,24220.75,24225.3,24210.6,24215.9,0
2026-07-08 07:30:00+00:00,24217.15,24233.35,24214.8,24225.25,0
2026-07-08 07:35:00+00:00,24226.55,24235.8,24216.2,24218.8,0
2026-07-08 07:40:00+00:00,24219.95,24223.95,24214.95,24216.95,0
2026-07-08 07:45:00+00:00,24217.95,24225.7,24209.5,24224.45,0
2026-07-08 07:50:00+00:00,24225.45,24230.1,24214.4,24225.65,0
2026-07-08 07:55:00+00:00,24228.2,24228.2,24214.0,24216.3,0
2026-07-08 08:00:00+00:00,24217.55,24220.4,24205.7,24208.8,0
2026-07-08 08:05:00+00:00,24209.7,24220.5,24205.1,24214.25,0
2026-07-08 08:10:00+00:00,24215.05,24216.6,24200.1,24205.15,0
2026-07-08 08:15:00+00:00,24206.1,24209.05,24106.95,24120.2,0
2026-07-08 08:20:00+00:00,24120.75,24121.75,24057.3,24064.25,0
2026-07-08 08:25:00+00:00,24064.5,24081.55,24007.9,24009.55,0
2026-07-08 08:30:00+00:00,24012.05,24026.9,23969.25,23976.4,0
2026-07-08 08:35:00+00:00,23975.95,23982.55,23915.7,23923.85,0
2026-07-08 08:40:00+00:00,23926.5,23934.5,23877.5,23897.6,0
2026-07-08 08:45:00+00:00,23898.95,23956.6,23888.0,23912.4,0
2026-07-08 08:50:00+00:00,23912.55,23926.9,23889.85,23905.3,0
2026-07-08 08:55:00+00:00,23906.45,23916.9,23872.15,23874.45,0
2026-07-08 09:00:00+00:00,23875.65,23918.0,23868.65,23882.65,0
2026-07-08 09:05:00+00:00,23884.2,23894.4,23845.0,23859.3,0
2026-07-08 09:10:00+00:00,23860.3,23870.4,23844.5,23863.25,0
2026-07-08 09:15:00+00:00,23864.5,23864.5,23829.8,23840.6,0
2026-07-08 09:20:00+00:00,23842.45,23848.75,23805.2,23820.65,0
2026-07-08 09:25:00+00:00,23821.9,23845.05,23811.4,23828.65,0
2026-07-08 09:30:00+00:00,23826.55,23883.3,23826.55,23854.25,0
2026-07-08 09:35:00+00:00,23855.55,23866.1,23843.0,23861.5,0
2026-07-08 09:40:00+00:00,23862.8,23885.05,23857.25,23883.35,0
2026-07-08 09:45:00+00:00,23882.2,23913.5,23882.2,23903.0,0
2026-07-08 09:50:00+00:00,23902.6,23919.55,23899.6,23900.95,0
2026-07-08 09:55:00+00:00,23900.35,23903.05,23882.75,23895.7,0
2026-07-09 03:45:00+00:00,23928.95,24003.2,23927.7,23993.4,0
2026-07-09 03:50:00+00:00,23992.8,24025.85,23984.2,24024.3,0
2026-07-09 03:55:00+00:00,24024.6,24038.5,24009.35,24024.15,0
2026-07-09 04:00:00+00:00,24022.65,24040.75,24004.2,24037.8,0
2026-07-09 04:05:00+00:00,24037.7,24051.1,24016.7,24050.7,0
2026-07-09 04:10:00+00:00,24051.0,24061.75,24034.05,24047.2,0
2026-07-09 04:15:00+00:00,24048.25,24067.4,24037.55,24044.35,0
2026-07-09 04:20:00+00:00,24045.05,24057.1,24043.9,24049.3,0
2026-07-09 04:25:00+00:00,24050.45,24063.5,24031.15,24044.65,0
2026-07-09 04:30:00+00:00,24044.7,24076.8,24042.1,24052.3,0
2026-07-09 04:35:00+00:00,24051.7,24070.95,24047.95,24065.6,0
2026-07-09 04:40:00+00:00,24065.3,24069.95,24041.8,24044.25,0
2026-07-09 04:45:00+00:00,24045.05,24053.7,24033.35,24034.05,0
2026-07-09 04:50:00+00:00,24034.2,24055.65,24029.65,24055.35,0
2026-07-09 04:55:00+00:00,24055.2,24058.35,24033.85,24042.85,0
2026-07-09 05:00:00+00:00,24042.9,24049.05,24031.65,24040.15,0
2026-07-09 05:05:00+00:00,24040.3,24042.25,23998.9,24039.4,0
2026-07-09 05:10:00+00:00,24037.85,24134.7,24032.5,24077.4,0
2026-07-09 05:15:00+00:00,24078.1,24082.85,24011.15,24015.6,0
2026-07-09 05:20:00+00:00,24015.8,24033.9,24001.15,24033.05,0
2026-07-09 05:25:00+00:00,24032.25,24032.25,24012.0,24013.9,0
2026-07-09 05:30:00+00:00,24014.85,24019.65,23988.35,24019.3,0
2026-07-09 05:35:00+00:00,24019.5,24023.35,24004.95,24010.75,0
2026-07-09 05:40:00+00:00,24011.35,24021.2,24004.85,24015.25,0
2026-07-09 05:45:00+00:00,24014.85,24029.85,24008.85,24027.65,0
2026-07-09 05:50:00+00:00,24028.65,24043.75,24015.85,24039.7,0
2026-07-09 05:55:00+00:00,24037.95,24090.5,24034.6,24079.8,0
2026-07-09 06:00:00+00:00,24079.8,24081.55,24054.95,24061.4,0
2026-07-09 06:05:00+00:00,24062.1,24062.1,24045.9,24053.35,0
2026-07-09 06:10:00+00:00,24052.9,24064.9,24039.7,24056.45,0
2026-07-09 06:15:00+00:00,24057.95,24059.3,24037.6,24048.55,0
2026-07-09 06:20:00+00:00,24049.5,24054.35,24041.2,24047.05,0
2026-07-09 06:25:00+00:00,24047.6,24054.0,24044.5,24047.65,0
2026-07-09 06:30:00+00:00,24047.65,24073.9,24042.15,24073.9,0
2026-07-09 06:35:00+00:00,24073.55,24076.55,24059.45,24065.7,0
2026-07-09 06:40:00+00:00,24066.2,24072.25,24056.75,24060.4,0
2026-07-09 06:45:00+00:00,24062.7,24071.0,24056.55,24057.25,0
2026-07-09 06:50:00+00:00,24057.35,24067.3,24050.3,24065.2,0
2026-07-09 06:55:00+00:00,24065.9,24071.55,24057.35,24063.3,0
2026-07-09 07:00:00+00:00,24063.9,24068.45,24043.6,24044.1,0
2026-07-09 07:05:00+00:00,24045.2,24047.0,24034.95,24038.1,0
2026-07-09 07:10:00+00:00,24038.4,24040.0,24015.85,24023.35,0
2026-07-09 07:15:00+00:00,24023.6,24038.9,24019.1,24035.55,0
2026-07-09 07:20:00+00:00,24035.7,24052.4,24027.55,24049.5,0
2026-07-09 07:25:00+00:00,24050.7,24054.4,24038.1,24038.4,0
2026-07-09 07:30:00+00:00,24038.95,24050.55,24027.75,24046.0,0
2026-07-09 07:35:00+00:00,24046.7,24050.5,24029.8,24047.35,0
2026-07-09 07:40:00+00:00,24048.3,24055.55,24039.35,24051.65,0
2026-07-09 07:45:00+00:00,24051.85,24058.45,24046.8,24052.3,0
2026-07-09 07:50:00+00:00,24053.5,24057.25,24034.35,24037.4,0
2026-07-09 07:55:00+00:00,24036.75,24041.85,24025.1,24035.55,0
2026-07-09 08:00:00+00:00,24035.35,24065.75,24034.15,24060.75,0
2026-07-09 08:05:00+00:00,24059.9,24082.35,24056.25,24074.05,0
2026-07-09 08:10:00+00:00,24073.6,24077.0,24062.2,24069.35,0
2026-07-09 08:15:00+00:00,24068.8,24076.85,24056.55,24065.3,0
2026-07-09 08:20:00+00:00,24065.55,24066.1,24052.9,24054.1,0
2026-07-09 08:25:00+00:00,24054.65,24058.65,24048.1,24050.05,0
2026-07-09 08:30:00+00:00,24050.85,24058.5,24040.8,24046.7,0
2026-07-09 08:35:00+00:00,24047.35,24053.45,24038.7,24038.7,0
2026-07-09 08:40:00+00:00,24039.2,24053.25,24024.35,24049.0,0
2026-07-09 08:45:00+00:00,24049.2,24062.6,24032.5,24041.2,0
2026-07-09 08:50:00+00:00,24040.4,24053.6,24027.5,24051.3,0
2026-07-09 08:55:00+00:00,24051.9,24062.55,24039.4,24058.85,0
2026-07-09 09:00:00+00:00,24057.95,24078.6,24050.85,24067.75,0
2026-07-09 09:05:00+00:00,24067.65,24070.6,24035.85,24043.1,0
2026-07-09 09:10:00+00:00,24043.7,24047.45,24001.95,24026.15,0
2026-07-09 09:15:00+00:00,24026.5,24033.7,24015.15,24018.3,0
2026-07-09 09:20:00+00:00,24018.9,24039.5,24016.0,24033.2,0
2026-07-09 09:25:00+00:00,24033.05,24044.3,24023.55,24039.65,0
2026-07-09 09:30:00+00:00,24037.85,24037.85,23967.2,23968.7,0
2026-07-09 09:35:00+00:00,23967.5,23975.6,23925.7,23956.0,0
2026-07-09 09:40:00+00:00,23953.65,23956.1,23937.65,23940.5,0
2026-07-09 09:45:00+00:00,23940.3,23958.05,23938.75,23958.05,0
2026-07-09 09:50:00+00:00,23956.05,23980.4,23953.8,23969.65,0
2026-07-09 09:55:00+00:00,23968.6,23983.4,23967.3,23981.9,0
2026-07-10 03:45:00+00:00,24124.7,24187.9,24120.35,24162.7,0
2026-07-10 03:50:00+00:00,24165.85,24178.2,24154.3,24174.75,0
2026-07-10 03:55:00+00:00,24176.2,24177.55,24153.05,24168.4,0
2026-07-10 04:00:00+00:00,24168.6,24188.4,24166.2,24186.0,0
2026-07-10 04:05:00+00:00,24188.25,24196.85,24180.45,24192.25,0
2026-07-10 04:10:00+00:00,24193.1,24208.0,24191.4,24195.1,0
2026-07-10 04:15:00+00:00,24196.5,24211.55,24195.25,24208.35,0
2026-07-10 04:20:00+00:00,24209.45,24210.45,24198.45,24201.7,0
2026-07-10 04:25:00+00:00,24202.2,24216.85,24200.75,24216.75,0
2026-07-10 04:30:00+00:00,24217.95,24226.05,24207.15,24208.45,0
2026-07-10 04:35:00+00:00,24209.5,24217.85,24202.15,24210.75,0
2026-07-10 04:40:00+00:00,24211.8,24223.8,24209.1,24211.25,0
2026-07-10 04:45:00+00:00,24212.8,24216.1,24209.35,24211.7,0
2026-07-10 04:50:00+00:00,24213.9,24215.55,24203.35,24207.55,0
2026-07-10 04:55:00+00:00,24209.5,24218.85,24202.35,24203.3,0
2026-07-10 05:00:00+00:00,24205.35,24206.55,24187.95,24194.2,0
2026-07-10 05:05:00+00:00,24195.0,24202.35,24191.6,24195.45,0
2026-07-10 05:10:00+00:00,24197.1,24211.5,24194.15,24210.85,0
2026-07-10 05:15:00+00:00,24213.3,24213.3,24203.55,24205.25,0
2026-07-10 05:20:00+00:00,24206.5,24213.45,24203.75,24205.9,0
2026-07-10 05:25:00+00:00,24206.3,24208.8,24195.65,24199.1,0
2026-07-10 05:30:00+00:00,24201.35,24206.15,24196.95,24197.05,0
2026-07-10 05:35:00+00:00,24198.75,24199.05,24182.0,24183.8,0
2026-07-10 05:40:00+00:00,24184.7,24185.05,24174.95,24180.0,0
2026-07-10 05:45:00+00:00,24181.65,24182.25,24166.5,24173.3,0
2026-07-10 05:50:00+00:00,24174.35,24178.15,24167.8,24175.55,0
2026-07-10 05:55:00+00:00,24176.5,24176.5,24156.85,24157.85,0
2026-07-10 06:00:00+00:00,24161.05,24170.8,24157.15,24167.25,0
2026-07-10 06:05:00+00:00,24169.05,24172.35,24155.95,24162.3,0
2026-07-10 06:10:00+00:00,24163.35,24167.2,24158.25,24163.1,0
2026-07-10 06:15:00+00:00,24165.2,24177.3,24163.5,24175.7,0
2026-07-10 06:20:00+00:00,24176.4,24176.4,24152.05,24157.35,0
2026-07-10 06:25:00+00:00,24159.05,24173.1,24155.85,24170.4,0
2026-07-10 06:30:00+00:00,24171.3,24185.65,24170.15,24178.85,0
2026-07-10 06:35:00+00:00,24181.15,24182.5,24174.55,24176.05,0
2026-07-10 06:40:00+00:00,24176.65,24177.2,24157.75,24164.75,0
2026-07-10 06:45:00+00:00,24165.85,24169.5,24161.15,24164.25,0
2026-07-10 06:50:00+00:00,24165.2,24173.1,24160.9,24172.8,0
2026-07-10 06:55:00+00:00,24173.85,24193.5,24172.05,24189.25,0
2026-07-10 07:00:00+00:00,24190.3,24190.8,24178.0,24183.8,0
2026-07-10 07:05:00+00:00,24184.75,24188.0,24180.75,24183.25,0
2026-07-10 07:10:00+00:00,24184.0,24194.15,24180.15,24188.25,0
2026-07-10 07:15:00+00:00,24190.65,24196.15,24187.6,24188.05,0
2026-07-10 07:20:00+00:00,24189.35,24199.8,24186.0,24189.0,0
2026-07-10 07:25:00+00:00,24189.9,24193.55,24178.4,24181.35,0
2026-07-10 07:30:00+00:00,24184.45,24201.85,24178.55,24197.25,0
2026-07-10 07:35:00+00:00,24198.05,24198.75,24180.6,24181.55,0
2026-07-10 07:40:00+00:00,24182.85,24187.95,24177.95,24185.8,0
2026-07-10 07:45:00+00:00,24186.85,24188.45,24172.35,24172.55,0
2026-07-10 07:50:00+00:00,24173.85,24174.05,24160.75,24164.0,0
2026-07-10 07:55:00+00:00,24165.7,24176.9,24164.3,24176.55,0
2026-07-10 08:00:00+00:00,24177.4,24186.25,24171.9,24185.45,0
2026-07-10 08:05:00+00:00,24186.4,24196.55,24181.35,24196.1,0
2026-07-10 08:10:00+00:00,24197.0,24203.3,24196.15,24196.75,0
2026-07-10 08:15:00+00:00,24198.15,24207.3,24190.25,24192.65,0
2026-07-10 08:20:00+00:00,24193.35,24198.0,24186.15,24194.5,0
2026-07-10 08:25:00+00:00,24196.55,24199.3,24190.65,24193.35,0
2026-07-10 08:30:00+00:00,24194.85,24199.95,24185.3,24192.8,0
2026-07-10 08:35:00+00:00,24193.1,24193.1,24176.15,24177.4,0
2026-07-10 08:40:00+00:00,24178.75,24188.65,24173.6,24186.45,0
2026-07-10 08:45:00+00:00,24187.0,24189.9,24184.1,24189.1,0
2026-07-10 08:50:00+00:00,24189.9,24206.9,24187.95,24202.05,0
2026-07-10 08:55:00+00:00,24201.95,24214.5,24200.35,24212.3,0
2026-07-10 09:00:00+00:00,24213.4,24214.85,24198.8,24204.75,0
2026-07-10 09:05:00+00:00,24206.5,24213.75,24202.1,24212.3,0
2026-07-10 09:10:00+00:00,24213.25,24216.65,24207.6,24208.5,0
2026-07-10 09:15:00+00:00,24210.45,24228.45,24205.8,24220.05,0
2026-07-10 09:20:00+00:00,24221.65,24221.9,24201.15,24201.7,0
2026-07-10 09:25:00+00:00,24203.05,24211.0,24188.6,24198.45,0
2026-07-10 09:30:00+00:00,24199.6,24219.4,24187.3,24198.55,0
2026-07-10 09:35:00+00:00,24199.75,24211.95,24195.6,24211.2,0
2026-07-10 09:40:00+00:00,24211.9,24218.95,24206.6,24208.65,0
2026-07-10 09:45:00+00:00,24208.35,24208.7,24197.25,24203.9,0
2026-07-10 09:50:00+00:00,24203.75,24215.85,24198.65,24209.1,0
2026-07-10 09:55:00+00:00,24209.05,24220.95,24203.35,24211.65,0
2026-07-13 03:45:00+00:00,24039.4,24044.45,24000.2,24027.45,0
2026-07-13 03:50:00+00:00,24026.7,24037.3,24017.45,24023.5,0
2026-07-13 03:55:00+00:00,24024.7,24033.95,24014.65,24027.45,0
2026-07-13 04:00:00+00:00,24027.2,24038.65,24019.35,24028.05,0
2026-07-13 04:05:00+00:00,24028.35,24070.85,24021.55,24067.95,0
2026-07-13 04:10:00+00:00,24068.7,24090.05,24065.35,24075.0,0
2026-07-13 04:15:00+00:00,24076.15,24108.85,24070.35,24107.45,0
2026-07-13 04:20:00+00:00,24107.95,24119.9,24094.8,24116.0,0
2026-07-13 04:25:00+00:00,24116.5,24122.45,24104.85,24121.2,0
2026-07-13 04:30:00+00:00,24121.05,24128.8,24105.2,24110.1,0
2026-07-13 04:35:00+00:00,24112.65,24122.85,24092.8,24109.3,0
2026-07-13 04:40:00+00:00,24109.1,24120.35,24102.7,24114.15,0
2026-07-13 04:45:00+00:00,24113.55,24120.75,24104.6,24113.8,0
2026-07-13 04:50:00+00:00,24114.0,24126.65,24109.5,24119.1,0
2026-07-13 04:55:00+00:00,24119.35,24157.4,24114.3,24145.8,0
2026-07-13 05:00:00+00:00,24146.15,24156.25,24132.0,24154.75,0
2026-07-13 05:05:00+00:00,24155.4,24156.85,24134.3,24134.5,0
2026-07-13 05:10:00+00:00,24134.05,24149.05,24132.7,24141.65,0
2026-07-13 05:15:00+00:00,24142.8,24147.3,24136.65,24137.3,0
2026-07-13 05:20:00+00:00,24138.05,24146.15,24118.2,24123.15,0
2026-07-13 05:25:00+00:00,24123.3,24140.55,24117.0,24132.6,0
2026-07-13 05:30:00+00:00,24132.15,24141.15,24116.2,24139.9,0
2026-07-13 05:35:00+00:00,24139.95,24150.15,24135.1,24144.4,0
2026-07-13 05:40:00+00:00,24143.65,24162.05,24141.4,24146.7,0
2026-07-13 05:45:00+00:00,24147.25,24149.05,24133.65,24137.55,0
2026-07-13 05:50:00+00:00,24138.55,24158.8,24136.85,24146.65,0
2026-07-13 05:55:00+00:00,24146.35,24149.45,24133.0,24138.15,0
2026-07-13 06:00:00+00:00,24137.45,24148.8,24135.75,24148.35,0
2026-07-13 06:05:00+00:00,24148.15,24152.1,24131.8,24136.0,0
2026-07-13 06:10:00+00:00,24135.8,24140.3,24123.25,24130.65,0
2026-07-13 06:15:00+00:00,24130.6,24149.8,24130.55,24144.8,0
2026-07-13 06:20:00+00:00,24145.1,24156.65,24141.0,24142.05,0
2026-07-13 06:25:00+00:00,24143.6,24147.6,24132.15,24140.5,0
2026-07-13 06:30:00+00:00,24140.5,24156.15,24139.65,24154.25,0
2026-07-13 06:35:00+00:00,24153.8,24160.15,24151.9,24156.65,0
2026-07-13 06:40:00+00:00,24156.5,24195.6,24151.6,24182.0,0
2026-07-13 06:45:00+00:00,24181.7,24198.55,24168.9,24190.65,0
2026-07-13 06:50:00+00:00,24191.35,24197.5,24178.15,24183.95,0
2026-07-13 06:55:00+00:00,24183.9,24187.75,24175.4,24181.75,0
2026-07-13 07:00:00+00:00,24183.25,24202.75,24172.65,24200.75,0
2026-07-13 07:05:00+00:00,24201.6,24213.1,24193.95,24212.1,0
2026-07-13 07:10:00+00:00,24210.6,24216.65,24203.25,24214.75,0
2026-07-13 07:15:00+00:00,24214.15,24221.5,24209.6,24216.7,0
2026-07-13 07:20:00+00:00,24216.6,24259.8,24212.0,24238.55,0
2026-07-13 07:25:00+00:00,24238.75,24239.3,24216.6,24223.75,0
2026-07-13 07:30:00+00:00,24223.4,24223.5,24206.3,24211.2,0
2026-07-13 07:35:00+00:00,24210.2,24220.55,24208.5,24218.65,0
2026-07-13 07:40:00+00:00,24218.15,24225.2,24212.6,24222.0,0
2026-07-13 07:45:00+00:00,24222.4,24222.65,24209.0,24215.5,0
2026-07-13 07:50:00+00:00,24215.45,24215.9,24195.65,24201.8,0
2026-07-13 07:55:00+00:00,24201.15,24203.55,24161.8,24171.4,0
2026-07-13 08:00:00+00:00,24169.75,24192.9,24169.3,24185.05,0
2026-07-13 08:05:00+00:00,24184.35,24203.8,24180.95,24199.25,0
2026-07-13 08:10:00+00:00,24198.25,24201.5,24185.2,24191.0,0
2026-07-13 08:15:00+00:00,24190.4,24200.95,24189.6,24200.6,0
2026-07-13 08:20:00+00:00,24199.75,24200.2,24187.4,24192.0,0
2026-07-13 08:25:00+00:00,24191.55,24200.05,24186.05,24197.35,0
2026-07-13 08:30:00+00:00,24196.9,24204.25,24190.2,24200.85,0
2026-07-13 08:35:00+00:00,24201.05,24209.9,24194.35,24203.2,0
2026-07-13 08:40:00+00:00,24203.45,24216.6,24201.25,24215.35,0
2026-07-13 08:45:00+00:00,24214.95,24224.65,24209.75,24223.25,0
2026-07-13 08:50:00+00:00,24223.25,24238.25,24220.55,24229.3,0
2026-07-13 08:55:00+00:00,24228.85,24231.5,24220.55,24229.4,0
2026-07-13 09:00:00+00:00,24228.65,24235.0,24222.85,24233.7,0
2026-07-13 09:05:00+00:00,24233.35,24233.55,24214.05,24217.8,0
2026-07-13 09:10:00+00:00,24217.0,24231.35,24214.3,24227.95,0
2026-07-13 09:15:00+00:00,24227.3,24239.1,24226.95,24237.3,0
2026-07-13 09:20:00+00:00,24237.25,24250.85,24236.0,24250.35,0
2026-07-13 09:25:00+00:00,24250.65,24250.65,24227.75,24229.7,0
2026-07-13 09:30:00+00:00,24227.15,24233.55,24215.3,24227.4,0
2026-07-13 09:35:00+00:00,24226.5,24229.2,24213.05,24214.85,0
2026-07-13 09:40:00+00:00,24214.9,24215.85,24201.35,24205.7,0
2026-07-13 09:45:00+00:00,24204.8,24208.1,24195.2,24195.75,0
2026-07-13 09:50:00+00:00,24196.1,24204.0,24191.9,24202.4,0
2026-07-13 09:55:00+00:00,24203.15,24211.15,24198.95,24211.15,0
2026-07-14 03:45:00+00:00,24068.0,24118.8,24050.55,24109.75,0
2026-07-14 03:50:00+00:00,24109.55,24151.55,24104.6,24144.75,0
2026-07-14 03:55:00+00:00,24145.8,24157.1,24136.55,24140.9,0
2026-07-14 04:00:00+00:00,24140.6,24147.35,24121.0,24134.4,0
2026-07-14 04:05:00+00:00,24135.6,24135.65,24095.35,24104.9,0
2026-07-14 04:10:00+00:00,24106.25,24106.25,24079.7,24100.2,0
2026-07-14 04:15:00+00:00,24101.85,24101.85,24062.45,24079.1,0
2026-07-14 04:20:00+00:00,24081.15,24081.65,24064.7,24064.7,0
2026-07-14 04:25:00+00:00,24067.4,24082.3,24062.5,24077.55,0
2026-07-14 04:30:00+00:00,24079.6,24089.0,24068.45,24086.8,0
2026-07-14 04:35:00+00:00,24088.25,24096.75,24074.45,24094.5,0
2026-07-14 04:40:00+00:00,24096.15,24097.3,24082.4,24085.15,0
2026-07-14 04:45:00+00:00,24086.65,24086.65,24038.1,24047.7,0
2026-07-14 04:50:00+00:00,24049.25,24075.2,24048.4,24063.45,0
2026-07-14 04:55:00+00:00,24065.15,24089.0,24063.45,24086.55,0
2026-07-14 05:00:00+00:00,24087.55,24109.95,24082.65,24101.05,0
2026-07-14 05:05:00+00:00,24102.45,24102.65,24081.1,24094.3,0
2026-07-14 05:10:00+00:00,24094.9,24103.05,24077.35,24100.5,0
2026-07-14 05:15:00+00:00,24102.05,24119.8,24091.75,24119.8,0
2026-07-14 05:20:00+00:00,24120.1,24121.3,24107.8,24114.05,0
2026-07-14 05:25:00+00:00,24115.35,24131.35,24112.5,24121.3,0
2026-07-14 05:30:00+00:00,24122.4,24134.65,24122.1,24123.5,0
2026-07-14 05:35:00+00:00,24124.4,24134.5,24119.15,24128.45,0
2026-07-14 05:40:00+00:00,24130.7,24146.35,24122.05,24139.2,0
2026-07-14 05:45:00+00:00,24141.2,24144.0,24125.35,24133.1,0
2026-07-14 05:50:00+00:00,24134.75,24141.6,24120.3,24138.8,0
2026-07-14 05:55:00+00:00,24140.65,24145.4,24130.3,24141.15,0
2026-07-14 06:00:00+00:00,24142.2,24142.2,24127.75,24128.85,0
2026-07-14 06:05:00+00:00,24130.5,24135.25,24108.8,24117.0,0
2026-07-14 06:10:00+00:00,24118.35,24119.85,24096.05,24105.0,0
2026-07-14 06:15:00+00:00,24106.15,24115.45,24101.95,24108.5,0
2026-07-14 06:20:00+00:00,24109.8,24126.95,24107.05,24109.65,0
2026-07-14 06:25:00+00:00,24111.0,24111.0,24092.55,24102.2,0
2026-07-14 06:30:00+00:00,24103.0,24116.25,24098.95,24107.15,0
2026-07-14 06:35:00+00:00,24109.25,24109.25,24085.45,24096.15,0
2026-07-14 06:40:00+00:00,24097.0,24101.6,24087.65,24091.9,0
2026-07-14 06:45:00+00:00,24093.35,24093.35,24072.0,24086.3,0
2026-07-14 06:50:00+00:00,24087.8,24087.8,24073.45,24080.7,0
2026-07-14 06:55:00+00:00,24081.75,24081.95,24054.85,24059.6,0
2026-07-14 07:00:00+00:00,24061.75,24070.5,24057.5,24066.5,0
2026-07-14 07:05:00+00:00,24069.3,24079.25,24064.3,24071.9,0
2026-07-14 07:10:00+00:00,24073.3,24083.25,24068.65,24079.15,0
2026-07-14 07:15:00+00:00,24080.1,24087.95,24070.2,24082.6,0
2026-07-14 07:20:00+00:00,24083.6,24088.65,24076.65,24082.45,0
2026-07-14 07:25:00+00:00,24083.75,24097.0,24077.7,24078.0,0
2026-07-14 07:30:00+00:00,24080.2,24088.15,24063.65,24083.8,0
2026-07-14 07:35:00+00:00,24086.0,24092.75,24081.75,24087.4,0
2026-07-14 07:40:00+00:00,24089.9,24090.55,24076.25,24081.45,0
2026-07-14 07:45:00+00:00,24082.95,24089.25,24070.4,24086.4,0
2026-07-14 07:50:00+00:00,24087.6,24097.35,24086.3,24089.3,0
2026-07-14 07:55:00+00:00,24090.05,24096.25,24070.5,24093.3,0
2026-07-14 08:00:00+00:00,24093.3,24093.95,24068.85,24075.2,0
2026-07-14 08:05:00+00:00,24076.6,24076.95,24038.55,24047.65,0
2026-07-14 08:10:00+00:00,24049.35,24055.45,24039.15,24052.15,0
2026-07-14 08:15:00+00:00,24053.2,24069.2,24051.85,24067.3,0
2026-07-14 08:20:00+00:00,24066.85,24067.6,24053.0,24060.35,0
2026-07-14 08:25:00+00:00,24061.45,24073.25,24060.65,24065.05,0
2026-07-14 08:30:00+00:00,24065.4,24070.9,24055.5,24065.25,0
2026-07-14 08:35:00+00:00,24066.75,24067.5,24048.6,24052.4,0
2026-07-14 08:40:00+00:00,24054.35,24071.55,24052.5,24064.45,0
2026-07-14 08:45:00+00:00,24066.3,24068.95,24054.2,24058.45,0
2026-07-14 08:50:00+00:00,24059.15,24063.5,24045.0,24056.3,0
2026-07-14 08:55:00+00:00,24057.55,24059.35,24040.3,24046.4,0
2026-07-14 09:00:00+00:00,24048.15,24057.4,24042.0,24057.3,0
2026-07-14 09:05:00+00:00,24057.9,24066.3,24043.15,24055.5,0
2026-07-14 09:10:00+00:00,24057.9,24059.2,24047.25,24051.2,0
2026-07-14 09:15:00+00:00,24053.0,24053.0,24024.45,24029.8,0
2026-07-14 09:20:00+00:00,24032.55,24040.35,24025.35,24030.35,0
2026-07-14 09:25:00+00:00,24032.6,24052.95,24023.7,24040.55,0
2026-07-14 09:30:00+00:00,24041.55,24065.75,24041.55,24060.25,0
2026-07-14 09:35:00+00:00,24061.9,24075.0,24056.25,24064.35,0
2026-07-14 09:40:00+00:00,24067.5,24071.4,24047.3,24052.05,0
2026-07-14 09:45:00+00:00,24052.5,24057.05,24035.05,24041.7,0
2026-07-14 09:50:00+00:00,24043.45,24049.2,24038.9,24043.3,0
2026-07-14 09:55:00+00:00,24043.1,24045.75,24027.45,24035.15,0
2026-07-15 03:45:00+00:00,24085.85,24148.35,24069.05,24147.35,0
2026-07-15 03:50:00+00:00,24147.65,24193.4,24147.65,24190.6,0
2026-07-15 03:55:00+00:00,24190.95,24211.75,24189.5,24195.7,0
2026-07-15 04:00:00+00:00,24196.5,24218.15,24196.05,24199.8,0
2026-07-15 04:05:00+00:00,24200.25,24207.7,24192.9,24195.5,0
2026-07-15 04:10:00+00:00,24196.75,24201.15,24187.7,24195.1,0
2026-07-15 04:15:00+00:00,24195.55,24207.4,24191.85,24191.85,0
2026-07-15 04:20:00+00:00,24192.1,24205.9,24191.55,24199.2,0
2026-07-15 04:25:00+00:00,24199.05,24205.05,24184.1,24184.95,0
2026-07-15 04:30:00+00:00,24185.0,24193.15,24173.5,24187.3,0
2026-07-15 04:35:00+00:00,24187.75,24200.9,24185.4,24195.1,0
2026-07-15 04:40:00+00:00,24195.1,24203.55,24188.35,24202.3,0
2026-07-15 04:45:00+00:00,24202.2,24220.35,24200.4,24213.1,0
2026-07-15 04:50:00+00:00,24210.6,24218.55,24208.05,24213.45,0
2026-07-15 04:55:00+00:00,24213.75,24217.65,24204.35,24204.95,0
2026-07-15 05:00:00+00:00,24205.8,24208.7,24200.3,24203.5,0
2026-07-15 05:05:00+00:00,24203.35,24206.35,24190.6,24197.9,0
2026-07-15 05:10:00+00:00,24198.0,24212.65,24197.1,24207.75,0
2026-07-15 05:15:00+00:00,24207.45,24210.05,24199.1,24202.5,0
2026-07-15 05:20:00+00:00,24202.65,24206.7,24192.45,24194.7,0
2026-07-15 05:25:00+00:00,24195.7,24197.5,24184.1,24185.0,0
2026-07-15 05:30:00+00:00,24184.6,24195.9,24181.25,24192.3,0
2026-07-15 05:35:00+00:00,24192.05,24194.95,24185.65,24194.8,0
2026-07-15 05:40:00+00:00,24194.8,24198.3,24171.0,24172.85,0
2026-07-15 05:45:00+00:00,24173.6,24192.5,24172.15,24187.6,0
2026-07-15 05:50:00+00:00,24187.0,24189.15,24174.05,24182.15,0
2026-07-15 05:55:00+00:00,24182.55,24206.15,24181.5,24202.65,0
2026-07-15 06:00:00+00:00,24202.45,24214.65,24194.85,24210.95,0
2026-07-15 06:05:00+00:00,24211.3,24212.85,24191.05,24191.9,0
2026-07-15 06:10:00+00:00,24192.05,24194.5,24173.35,24174.4,0
2026-07-15 06:15:00+00:00,24174.2,24185.4,24172.3,24174.75,0
2026-07-15 06:20:00+00:00,24174.6,24184.1,24166.8,24177.5,0
2026-07-15 06:25:00+00:00,24176.15,24189.45,24176.15,24180.8,0
2026-07-15 06:30:00+00:00,24181.9,24187.35,24175.0,24181.9,0
2026-07-15 06:35:00+00:00,24181.7,24189.25,24180.1,24184.3,0
2026-07-15 06:40:00+00:00,24184.7,24191.75,24175.25,24191.05,0
2026-07-15 06:45:00+00:00,24193.4,24194.35,24185.1,24191.25,0
2026-07-15 06:50:00+00:00,24191.4,24193.7,24180.9,24186.15,0
2026-07-15 06:55:00+00:00,24186.2,24190.95,24168.45,24168.45,0
2026-07-15 07:00:00+00:00,24168.4,24174.2,24162.65,24166.65,0
2026-07-15 07:05:00+00:00,24166.45,24168.7,24143.8,24145.75,0
2026-07-15 07:10:00+00:00,24145.7,24162.5,24143.15,24160.1,0
2026-07-15 07:15:00+00:00,24160.15,24162.7,24147.05,24148.0,0
2026-07-15 07:20:00+00:00,24147.45,24154.15,24123.1,24125.95,0
2026-07-15 07:25:00+00:00,24126.05,24127.45,24010.55,24054.0,0
2026-07-15 07:30:00+00:00,24053.4,24077.7,24039.3,24069.25,0
2026-07-15 07:35:00+00:00,24069.7,24076.35,24044.95,24045.75,0
2026-07-15 07:40:00+00:00,24045.7,24056.65,24041.4,24054.4,0
2026-07-15 07:45:00+00:00,24053.7,24087.45,24046.75,24085.3,0
2026-07-15 07:50:00+00:00,24084.4,24084.95,24068.3,24072.4,0
2026-07-15 07:55:00+00:00,24072.8,24078.5,24064.0,24074.95,0
2026-07-15 08:00:00+00:00,24075.0,24076.65,24058.5,24063.0,0
2026-07-15 08:05:00+00:00,24061.85,24072.5,24057.65,24064.35,0
2026-07-15 08:10:00+00:00,24064.25,24064.9,24048.5,24061.6,0
2026-07-15 08:15:00+00:00,24061.3,24073.3,24051.7,24067.85,0
2026-07-15 08:20:00+00:00,24068.55,24071.2,24044.85,24053.1,0
2026-07-15 08:25:00+00:00,24053.3,24080.3,24049.05,24078.35,0
2026-07-15 08:30:00+00:00,24077.9,24083.55,24069.4,24077.4,0
2026-07-15 08:35:00+00:00,24076.95,24098.8,24070.3,24089.05,0
2026-07-15 08:40:00+00:00,24088.65,24092.25,24079.4,24086.45,0
2026-07-15 08:45:00+00:00,24086.35,24100.85,24075.9,24082.65,0
2026-07-15 08:50:00+00:00,24082.45,24086.25,24068.3,24072.25,0
2026-07-15 08:55:00+00:00,24072.1,24079.55,24066.65,24077.65,0
2026-07-15 09:00:00+00:00,24077.95,24085.95,24072.1,24075.2,0
2026-07-15 09:05:00+00:00,24075.6,24106.0,24074.8,24105.05,0
2026-07-15 09:10:00+00:00,24105.35,24107.05,24093.5,24101.5,0
2026-07-15 09:15:00+00:00,24099.85,24105.75,24080.75,24082.6,0
2026-07-15 09:20:00+00:00,24082.9,24086.8,24075.15,24082.6,0
2026-07-15 09:25:00+00:00,24083.15,24084.85,24066.2,24067.85,0
2026-07-15 09:30:00+00:00,24067.15,24091.6,24061.05,24073.7,0
2026-07-15 09:35:00+00:00,24072.9,24080.45,24068.25,24072.65,0
2026-07-15 09:40:00+00:00,24072.5,24080.05,24071.95,24077.75,0
2026-07-15 09:45:00+00:00,24076.1,24080.45,24069.8,24079.1,0
2026-07-15 09:50:00+00:00,24077.9,24087.4,24074.45,24086.3,0
2026-07-15 09:55:00+00:00,24085.6,24091.3,24070.75,24073.45,0
2026-07-16 03:45:00+00:00,24142.1,24167.4,24117.55,24157.05,0
2026-07-16 03:50:00+00:00,24157.05,24165.85,24132.95,24140.45,0
2026-07-16 03:55:00+00:00,24143.05,24146.45,24118.65,24127.5,0
2026-07-16 04:00:00+00:00,24129.25,24141.7,24110.25,24110.45,0
2026-07-16 04:05:00+00:00,24112.0,24119.75,24097.05,24108.1,0
2026-07-16 04:10:00+00:00,24110.45,24141.1,24106.3,24140.85,0
2026-07-16 04:15:00+00:00,24141.6,24145.75,24120.95,24122.6,0
2026-07-16 04:20:00+00:00,24124.25,24125.95,24111.65,24125.55,0
2026-07-16 04:25:00+00:00,24126.75,24140.8,24125.25,24128.1,0
2026-07-16 04:30:00+00:00,24128.15,24141.0,24122.6,24130.35,0
2026-07-16 04:35:00+00:00,24131.2,24133.0,24117.55,24125.6,0
2026-07-16 04:40:00+00:00,24127.25,24129.6,24114.8,24126.45,0
2026-07-16 04:45:00+00:00,24128.4,24140.4,24123.05,24125.8,0
2026-07-16 04:50:00+00:00,24127.35,24131.0,24120.85,24130.2,0
2026-07-16 04:55:00+00:00,24130.7,24130.7,24107.45,24123.5,0
2026-07-16 05:00:00+00:00,24124.4,24125.0,24114.8,24116.45,0
2026-07-16 05:05:00+00:00,24118.1,24120.85,24109.55,24113.75,0
2026-07-16 05:10:00+00:00,24115.6,24126.75,24113.25,24126.55,0
2026-07-16 05:15:00+00:00,24127.45,24148.1,24123.95,24146.35,0
2026-07-16 05:20:00+00:00,24147.5,24157.45,24144.8,24150.9,0
2026-07-16 05:25:00+00:00,24153.1,24169.35,24152.1,24168.6,0
2026-07-16 05:30:00+00:00,24170.65,24186.5,24170.2,24173.55,0
2026-07-16 05:35:00+00:00,24175.4,24175.55,24161.9,24169.55,0
2026-07-16 05:40:00+00:00,24170.9,24171.6,24156.45,24157.9,0
2026-07-16 05:45:00+00:00,24159.1,24163.5,24147.3,24148.15,0
2026-07-16 05:50:00+00:00,24149.8,24162.5,24147.9,24151.75,0
2026-07-16 05:55:00+00:00,24152.05,24155.9,24142.1,24146.35,0
2026-07-16 06:00:00+00:00,24148.95,24158.0,24143.55,24150.6,0
2026-07-16 06:05:00+00:00,24152.3,24165.6,24144.0,24160.0,0
2026-07-16 06:10:00+00:00,24162.55,24166.8,24147.0,24149.5,0
2026-07-16 06:15:00+00:00,24151.55,24155.4,24145.9,24148.55,0
2026-07-16 06:20:00+00:00,24150.95,24152.75,24139.0,24152.75,0
2026-07-16 06:25:00+00:00,24153.55,24154.9,24146.2,24151.0,0
2026-07-16 06:30:00+00:00,24153.05,24154.05,24134.05,24138.65,0
2026-07-16 06:35:00+00:00,24141.0,24144.8,24134.8,24139.55,0
2026-07-16 06:40:00+00:00,24140.5,24144.9,24132.45,24133.9,0
2026-07-16 06:45:00+00:00,24136.3,24139.25,24131.95,24138.5,0
2026-07-16 06:50:00+00:00,24139.75,24140.85,24132.05,24138.2,0
2026-07-16 06:55:00+00:00,24139.05,24163.45,24137.65,24159.6,0
2026-07-16 07:00:00+00:00,24160.65,24160.65,24140.65,24146.5,0
2026-07-16 07:05:00+00:00,24147.35,24149.8,24137.55,24141.4,0
2026-07-16 07:10:00+00:00,24142.85,24144.7,24126.35,24130.4,0
2026-07-16 07:15:00+00:00,24133.1,24136.25,24128.8,24131.9,0
2026-07-16 07:20:00+00:00,24133.75,24133.95,24120.25,24125.6,0
2026-07-16 07:25:00+00:00,24127.2,24128.35,24120.85,24124.55,0
2026-07-16 07:30:00+00:00,24124.8,24125.05,24110.5,24125.05,0
2026-07-16 07:35:00+00:00,24126.55,24130.75,24120.05,24125.5,0
2026-07-16 07:40:00+00:00,24128.25,24128.25,24116.85,24120.6,0
2026-07-16 07:45:00+00:00,24120.95,24121.8,24108.55,24115.45,0
2026-07-16 07:50:00+00:00,24117.5,24122.2,24110.95,24114.3,0
2026-07-16 07:55:00+00:00,24115.2,24115.2,24102.7,24105.8,0
2026-07-16 08:00:00+00:00,24107.4,24107.4,24079.65,24090.55,0
2026-07-16 08:05:00+00:00,24092.9,24092.9,24066.15,24070.4,0
2026-07-16 08:10:00+00:00,24072.1,24072.1,24053.05,24053.5,0
2026-07-16 08:15:00+00:00,24055.5,24066.6,24051.65,24060.45,0
2026-07-16 08:20:00+00:00,24062.5,24082.6,24060.95,24075.25,0
2026-07-16 08:25:00+00:00,24076.25,24097.15,24075.0,24096.4,0
2026-07-16 08:30:00+00:00,24098.4,24100.85,24086.75,24091.75,0
2026-07-16 08:35:00+00:00,24093.7,24101.6,24085.8,24091.05,0
2026-07-16 08:40:00+00:00,24092.6,24100.95,24085.35,24094.15,0
2026-07-16 08:45:00+00:00,24094.6,24111.9,24091.0,24102.95,0
2026-07-16 08:50:00+00:00,24104.35,24104.5,24082.55,24090.6,0
2026-07-16 08:55:00+00:00,24091.8,24097.35,24079.7,24085.85,0
2026-07-16 09:00:00+00:00,24089.05,24100.15,24086.75,24095.15,0
2026-07-16 09:05:00+00:00,24096.9,24098.75,24085.25,24097.3,0
2026-07-16 09:10:00+00:00,24097.7,24101.95,24083.25,24096.0,0
2026-07-16 09:15:00+00:00,24099.55,24101.05,24092.0,24092.25,0
2026-07-16 09:20:00+00:00,24094.05,24100.05,24091.7,24096.35,0
2026-07-16 09:25:00+00:00,24098.75,24124.1,24096.55,24111.65,0
2026-07-16 09:30:00+00:00,24114.45,24126.55,24065.95,24067.7,0
2026-07-16 09:35:00+00:00,24067.2,24084.25,24065.95,24075.55,0
2026-07-16 09:40:00+00:00,24074.75,24078.2,24070.35,24071.1,0
2026-07-16 09:45:00+00:00,24071.15,24073.55,24061.2,24065.65,0
2026-07-16 09:50:00+00:00,24064.8,24066.15,24056.7,24058.9,0
2026-07-16 09:55:00+00:00,24059.1,24090.15,24050.0,24081.1,0
2026-07-17 03:45:00+00:00,24127.6,24194.9,24099.05,24187.85,0
2026-07-17 03:50:00+00:00,24188.9,24196.25,24182.65,24191.9,0
2026-07-17 03:55:00+00:00,24193.3,24211.7,24192.85,24210.0,0
2026-07-17 04:00:00+00:00,24211.65,24220.25,24193.2,24206.6,0
2026-07-17 04:05:00+00:00,24207.0,24225.35,24203.05,24219.15,0
2026-07-17 04:10:00+00:00,24218.45,24231.85,24216.6,24231.3,0
2026-07-17 04:15:00+00:00,24231.8,24245.3,24231.05,24236.85,0
2026-07-17 04:20:00+00:00,24236.8,24246.95,24227.3,24240.0,0
2026-07-17 04:25:00+00:00,24241.3,24242.05,24217.35,24228.85,0
2026-07-17 04:30:00+00:00,24230.3,24235.35,24210.25,24214.5,0
2026-07-17 04:35:00+00:00,24215.45,24236.0,24211.05,24231.95,0
2026-07-17 04:40:00+00:00,24232.45,24249.2,24229.8,24239.85,0
2026-07-17 04:45:00+00:00,24240.95,24279.0,24238.2,24273.95,0
2026-07-17 04:50:00+00:00,24273.85,24275.9,24253.85,24255.6,0
2026-07-17 04:55:00+00:00,24256.9,24282.6,24254.95,24281.55,0
2026-07-17 05:00:00+00:00,24282.55,24288.9,24276.1,24284.3,0
2026-07-17 05:05:00+00:00,24284.85,24286.65,24262.8,24267.25,0
2026-07-17 05:10:00+00:00,24267.7,24274.35,24244.2,24259.1,0
2026-07-17 05:15:00+00:00,24259.05,24262.65,24245.05,24249.9,0
2026-07-17 05:20:00+00:00,24249.9,24260.8,24246.15,24255.55,0
2026-07-17 05:25:00+00:00,24252.05,24262.75,24249.1,24257.0,0
2026-07-17 05:30:00+00:00,24257.05,24262.6,24247.5,24258.15,0
2026-07-17 05:35:00+00:00,24258.85,24264.15,24235.35,24241.9,0
2026-07-17 05:40:00+00:00,24243.5,24244.85,24230.9,24235.7,0
2026-07-17 05:45:00+00:00,24237.3,24243.35,24232.65,24241.65,0
2026-07-17 05:50:00+00:00,24242.75,24250.6,24235.75,24246.2,0
2026-07-17 05:55:00+00:00,24246.7,24250.9,24238.0,24243.0,0
2026-07-17 06:00:00+00:00,24243.9,24256.85,24241.0,24252.6,0
2026-07-17 06:05:00+00:00,24253.0,24259.45,24244.6,24257.05,0
2026-07-17 06:10:00+00:00,24257.2,24269.0,24253.95,24267.2,0
2026-07-17 06:15:00+00:00,24268.7,24272.25,24265.1,24267.65,0
2026-07-17 06:20:00+00:00,24268.1,24282.5,24264.9,24279.0,0
2026-07-17 06:25:00+00:00,24279.65,24283.2,24271.35,24277.85,0
2026-07-17 06:30:00+00:00,24277.2,24279.95,24264.85,24274.85,0
2026-07-17 06:35:00+00:00,24275.25,24276.95,24260.7,24274.2,0
2026-07-17 06:40:00+00:00,24274.6,24279.9,24269.0,24276.55,0
2026-07-17 06:45:00+00:00,24277.3,24284.45,24267.35,24275.45,0
2026-07-17 06:50:00+00:00,24276.35,24283.6,24268.6,24281.75,0
2026-07-17 06:55:00+00:00,24282.5,24286.35,24273.2,24277.65,0
2026-07-17 07:00:00+00:00,24278.35,24284.6,24271.65,24281.15,0
2026-07-17 07:05:00+00:00,24282.45,24284.0,24273.95,24277.75,0
2026-07-17 07:10:00+00:00,24278.25,24281.2,24259.75,24277.05,0
2026-07-17 07:15:00+00:00,24277.5,24297.5,24277.0,24294.0,0
2026-07-17 07:20:00+00:00,24294.45,24295.0,24270.85,24273.9,0
2026-07-17 07:25:00+00:00,24274.15,24285.2,24270.7,24283.3,0
2026-07-17 07:30:00+00:00,24283.5,24286.8,24276.35,24279.85,0
2026-07-17 07:35:00+00:00,24281.55,24287.45,24275.95,24278.0,0
2026-07-17 07:40:00+00:00,24277.85,24286.75,24276.2,24282.55,0
2026-07-17 07:45:00+00:00,24282.0,24283.6,24267.8,24273.6,0
2026-07-17 07:50:00+00:00,24274.35,24280.9,24263.7,24266.45,0
2026-07-17 07:55:00+00:00,24266.05,24272.2,24257.4,24267.3,0
2026-07-17 08:00:00+00:00,24267.3,24276.45,24262.7,24265.7,0
2026-07-17 08:05:00+00:00,24266.0,24274.3,24262.15,24269.5,0
2026-07-17 08:10:00+00:00,24269.5,24270.1,24245.9,24254.25,0
2026-07-17 08:15:00+00:00,24253.95,24255.25,24235.75,24239.95,0
2026-07-17 08:20:00+00:00,24239.4,24240.0,24213.45,24232.0,0
2026-07-17 08:25:00+00:00,24232.15,24252.4,24229.7,24250.1,0
2026-07-17 08:30:00+00:00,24247.45,24254.05,24241.8,24250.35,0
2026-07-17 08:35:00+00:00,24250.55,24257.45,24246.35,24252.95,0
2026-07-17 08:40:00+00:00,24253.25,24284.45,24252.75,24280.55,0
2026-07-17 08:45:00+00:00,24281.7,24367.3,24281.7,24308.45,0
2026-07-17 08:50:00+00:00,24308.6,24320.7,24290.8,24297.45,0
2026-07-17 08:55:00+00:00,24298.3,24317.05,24284.65,24287.4,0
2026-07-17 09:00:00+00:00,24287.2,24307.4,24286.85,24298.0,0
2026-07-17 09:05:00+00:00,24299.0,24301.4,24290.0,24297.9,0
2026-07-17 09:10:00+00:00,24298.0,24321.05,24298.0,24317.65,0
2026-07-17 09:15:00+00:00,24318.85,24327.65,24315.9,24324.0,0
2026-07-17 09:20:00+00:00,24323.9,24325.5,24313.9,24320.95,0
2026-07-17 09:25:00+00:00,24321.05,24334.8,24311.7,24311.75,0
2026-07-17 09:30:00+00:00,24311.85,24332.8,24311.2,24322.05,0
2026-07-17 09:35:00+00:00,24321.8,24335.05,24321.75,24333.55,0
2026-07-17 09:40:00+00:00,24332.9,24338.25,24327.95,24328.75,0
2026-07-17 09:45:00+00:00,24328.9,24330.4,24320.3,24329.0,0
2026-07-17 09:50:00+00:00,24327.25,24343.5,24326.35,24342.8,0
2026-07-17 09:55:00+00:00,24341.55,24352.65,24339.2,24346.7,0
2026-07-20 03:45:00+00:00,24190.05,24262.35,24149.9,24209.7,0
2026-07-20 03:50:00+00:00,24205.85,24217.15,24178.3,24212.65,0
2026-07-20 03:55:00+00:00,24213.5,24214.4,24181.65,24191.7,0
2026-07-20 04:00:00+00:00,24191.9,24193.05,24170.2,24180.45,0
2026-07-20 04:05:00+00:00,24182.0,24191.8,24162.75,24162.75,0
2026-07-20 04:10:00+00:00,24162.6,24178.9,24159.6,24171.45,0
2026-07-20 04:15:00+00:00,24170.6,24175.6,24157.5,24163.3,0
2026-07-20 04:20:00+00:00,24162.7,24179.15,24162.05,24178.15,0
2026-07-20 04:25:00+00:00,24176.2,24198.5,24174.75,24190.25,0
2026-07-20 04:30:00+00:00,24191.25,24207.1,24179.8,24194.55,0
2026-07-20 04:35:00+00:00,24194.55,24209.5,24190.5,24201.55,0
2026-07-20 04:40:00+00:00,24201.7,24219.4,24199.85,24209.95,0
2026-07-20 04:45:00+00:00,24210.4,24232.35,24207.35,24228.1,0
2026-07-20 04:50:00+00:00,24228.3,24230.15,24208.0,24213.75,0
2026-07-20 04:55:00+00:00,24213.75,24230.25,24209.9,24230.25,0
2026-07-20 05:00:00+00:00,24229.9,24239.2,24224.2,24224.2,0
2026-07-20 05:05:00+00:00,24225.6,24226.9,24213.95,24224.2,0
2026-07-20 05:10:00+00:00,24224.0,24229.9,24213.55,24218.45,0
2026-07-20 05:15:00+00:00,24218.4,24228.15,24216.55,24225.8,0
2026-07-20 05:20:00+00:00,24225.95,24232.4,24216.75,24223.15,0
2026-07-20 05:25:00+00:00,24223.8,24231.55,24216.55,24228.65,0
2026-07-20 05:30:00+00:00,24228.6,24231.0,24219.25,24222.8,0
2026-07-20 05:35:00+00:00,24222.85,24234.9,24211.05,24229.15,0
2026-07-20 05:40:00+00:00,24229.65,24231.65,24213.9,24214.6,0
2026-07-20 05:45:00+00:00,24215.45,24221.1,24203.05,24216.65,0
2026-07-20 05:50:00+00:00,24217.3,24224.8,24208.75,24211.5,0
2026-07-20 05:55:00+00:00,24211.2,24222.2,24205.85,24209.9,0
2026-07-20 06:00:00+00:00,24210.05,24212.55,24200.35,24207.15,0
2026-07-20 06:05:00+00:00,24206.75,24215.45,24194.95,24209.85,0
2026-07-20 06:10:00+00:00,24209.65,24211.85,24195.45,24196.25,0
2026-07-20 06:15:00+00:00,24196.45,24197.15,24188.15,24191.95,0
2026-07-20 06:20:00+00:00,24192.6,24194.8,24179.35,24179.5,0
2026-07-20 06:25:00+00:00,24179.75,24192.95,24177.0,24189.5,0
2026-07-20 06:30:00+00:00,24189.6,24191.35,24174.25,24177.05,0
2026-07-20 06:35:00+00:00,24177.2,24185.4,24175.1,24179.5,0
2026-07-20 06:40:00+00:00,24179.3,24192.45,24178.6,24187.7,0
2026-07-20 06:45:00+00:00,24187.7,24199.9,24186.95,24196.0,0
2026-07-20 06:50:00+00:00,24195.55,24198.3,24179.5,24179.8,0
2026-07-20 06:55:00+00:00,24180.0,24185.1,24168.2,24171.7,0
2026-07-20 07:00:00+00:00,24172.0,24182.3,24172.0,24175.25,0
2026-07-20 07:05:00+00:00,24175.85,24179.2,24163.4,24166.25,0
2026-07-20 07:10:00+00:00,24166.55,24173.3,24156.05,24157.2,0
2026-07-20 07:15:00+00:00,24157.4,24159.35,24135.85,24143.5,0
2026-07-20 07:20:00+00:00,24142.55,24166.4,24142.55,24164.85,0
2026-07-20 07:25:00+00:00,24164.85,24190.3,24163.3,24186.8,0
2026-07-20 07:30:00+00:00,24186.7,24189.35,24179.9,24185.2,0
2026-07-20 07:35:00+00:00,24185.55,24186.55,24175.8,24179.85,0
2026-07-20 07:40:00+00:00,24180.15,24226.0,24178.05,24225.0,0
2026-07-20 07:45:00+00:00,24224.75,24236.5,24212.4,24219.95,0
2026-07-20 07:50:00+00:00,24220.95,24237.5,24218.9,24234.7,0
2026-07-20 07:55:00+00:00,24234.6,24246.35,24224.8,24243.3,0
2026-07-20 08:00:00+00:00,24243.2,24246.5,24235.4,24236.45,0
2026-07-20 08:05:00+00:00,24237.4,24250.05,24234.45,24241.15,0
2026-07-20 08:10:00+00:00,24240.75,24241.05,24227.5,24228.8,0
2026-07-20 08:15:00+00:00,24228.25,24256.6,24227.15,24252.4,0
2026-07-20 08:20:00+00:00,24252.4,24253.75,24232.8,24240.5,0
2026-07-20 08:25:00+00:00,24240.65,24257.9,24240.0,24254.65,0
2026-07-20 08:30:00+00:00,24254.5,24263.2,24248.25,24262.25,0
2026-07-20 08:35:00+00:00,24261.85,24266.1,24253.95,24254.1,0
2026-07-20 08:40:00+00:00,24253.75,24261.75,24250.15,24250.9,0
2026-07-20 08:45:00+00:00,24250.55,24255.45,24241.05,24254.25,0
2026-07-20 08:50:00+00:00,24254.85,24259.1,24249.45,24253.95,0
2026-07-20 08:55:00+00:00,24253.75,24258.35,24249.65,24254.75,0
2026-07-20 09:00:00+00:00,24254.8,24256.55,24239.7,24242.9,0
2026-07-20 09:05:00+00:00,24242.6,24245.7,24224.75,24230.15,0
2026-07-20 09:10:00+00:00,24230.45,24242.75,24225.6,24237.1,0
2026-07-20 09:15:00+00:00,24237.1,24243.05,24233.1,24237.35,0
2026-07-20 09:20:00+00:00,24237.35,24251.0,24237.0,24243.95,0
2026-07-20 09:25:00+00:00,24243.65,24247.4,24230.1,24230.7,0
2026-07-20 09:30:00+00:00,24233.6,24246.5,24228.4,24233.45,0
2026-07-20 09:35:00+00:00,24234.95,24239.9,24229.55,24235.45,0
2026-07-20 09:40:00+00:00,24236.7,24243.55,24234.5,24238.15,0
2026-07-20 09:45:00+00:00,24240.15,24243.6,24233.35,24239.25,0
2026-07-20 09:50:00+00:00,24241.25,24247.05,24234.6,24245.15,0
2026-07-20 09:55:00+00:00,24246.95,24248.45,24237.85,24239.5,0
2026-07-21 03:45:00+00:00,24216.05,24262.2,24203.6,24255.55,0
2026-07-21 03:50:00+00:00,24256.15,24257.8,24228.4,24236.55,0
2026-07-21 03:55:00+00:00,24237.9,24255.95,24224.95,24247.75,0
2026-07-21 04:00:00+00:00,24248.6,24255.8,24224.2,24225.8,0
2026-07-21 04:05:00+00:00,24228.85,24237.15,24217.35,24226.05,0
2026-07-21 04:10:00+00:00,24226.7,24238.0,24221.0,24236.95,0
2026-07-21 04:15:00+00:00,24237.1,24237.95,24216.9,24222.15,0
2026-07-21 04:20:00+00:00,24224.2,24240.9,24219.65,24230.55,0
2026-07-21 04:25:00+00:00,24232.6,24235.9,24225.3,24229.4,0
2026-07-21 04:30:00+00:00,24232.0,24233.6,24217.65,24220.15,0
2026-07-21 04:35:00+00:00,24221.6,24229.85,24217.55,24226.55,0
2026-07-21 04:40:00+00:00,24226.95,24227.5,24211.75,24212.3,0
2026-07-21 04:45:00+00:00,24214.7,24214.7,24201.95,24207.35,0
2026-07-21 04:50:00+00:00,24208.9,24208.9,24188.1,24192.4,0
2026-07-21 04:55:00+00:00,24194.5,24201.1,24186.2,24199.6,0
2026-07-21 05:00:00+00:00,24202.4,24202.4,24185.55,24187.3,0
2026-07-21 05:05:00+00:00,24188.8,24192.7,24174.15,24176.9,0
2026-07-21 05:10:00+00:00,24178.05,24192.15,24175.05,24187.8,0
2026-07-21 05:15:00+00:00,24189.05,24189.05,24173.55,24176.9,0
2026-07-21 05:20:00+00:00,24178.45,24178.45,24163.75,24169.0,0
2026-07-21 05:25:00+00:00,24170.9,24186.85,24166.85,24185.15,0
2026-07-21 05:30:00+00:00,24186.1,24194.65,24181.6,24190.85,0
2026-07-21 05:35:00+00:00,24192.4,24196.6,24180.75,24181.5,0
2026-07-21 05:40:00+00:00,24183.15,24192.2,24180.95,24186.5,0
2026-07-21 05:45:00+00:00,24186.45,24188.7,24177.05,24184.05,0
2026-07-21 05:50:00+00:00,24185.45,24185.65,24166.65,24175.15,0
2026-07-21 05:55:00+00:00,24177.3,24182.0,24170.5,24173.05,0
2026-07-21 06:00:00+00:00,24174.25,24187.1,24170.3,24184.15,0
2026-07-21 06:05:00+00:00,24185.0,24188.1,24168.8,24172.3,0
2026-07-21 06:10:00+00:00,24173.65,24173.65,24159.55,24161.65,0
2026-07-21 06:15:00+00:00,24162.65,24169.5,24158.05,24164.45,0
2026-07-21 06:20:00+00:00,24165.95,24169.25,24162.1,24164.45,0
2026-07-21 06:25:00+00:00,24165.7,24175.2,24162.45,24169.3,0
2026-07-21 06:30:00+00:00,24172.55,24181.9,24168.45,24181.5,0
2026-07-21 06:35:00+00:00,24182.3,24183.7,24173.9,24174.8,0
2026-07-21 06:40:00+00:00,24176.2,24180.6,24172.15,24173.65,0
2026-07-21 06:45:00+00:00,24174.9,24177.85,24170.75,24171.95,0
2026-07-21 06:50:00+00:00,24173.45,24182.7,24169.85,24173.35,0
2026-07-21 06:55:00+00:00,24174.5,24179.25,24170.45,24171.95,0
2026-07-21 07:00:00+00:00,24173.25,24186.4,24169.55,24180.8,0
2026-07-21 07:05:00+00:00,24182.9,24190.5,24178.5,24179.0,0
2026-07-21 07:10:00+00:00,24180.9,24181.2,24167.7,24172.8,0
2026-07-21 07:15:00+00:00,24175.9,24177.3,24168.65,24174.15,0
2026-07-21 07:20:00+00:00,24174.4,24174.65,24163.7,24169.1,0
2026-07-21 07:25:00+00:00,24170.85,24172.8,24148.75,24151.05,0
2026-07-21 07:30:00+00:00,24153.05,24153.25,24135.65,24142.0,0
2026-07-21 07:35:00+00:00,24144.05,24153.4,24139.35,24152.45,0
2026-07-21 07:40:00+00:00,24153.8,24159.1,24149.55,24151.55,0
2026-07-21 07:45:00+00:00,24152.2,24156.45,24148.4,24153.5,0
2026-07-21 07:50:00+00:00,24156.0,24169.4,24152.75,24165.5,0
2026-07-21 07:55:00+00:00,24166.95,24174.1,24163.95,24171.85,0
2026-07-21 08:00:00+00:00,24173.9,24181.4,24170.45,24180.7,0
2026-07-21 08:05:00+00:00,24182.4,24191.45,24180.8,24190.1,0
2026-07-21 08:10:00+00:00,24192.0,24195.3,24183.7,24190.45,0
2026-07-21 08:15:00+00:00,24192.5,24192.5,24176.2,24188.2,0
2026-07-21 08:20:00+00:00,24187.95,24192.1,24177.8,24179.75,0
2026-07-21 08:25:00+00:00,24181.3,24181.3,24158.45,24163.25,0
2026-07-21 08:30:00+00:00,24164.55,24178.05,24163.05,24175.0,0
2026-07-21 08:35:00+00:00,24176.25,24182.05,24163.8,24166.75,0
2026-07-21 08:40:00+00:00,24168.45,24170.6,24161.1,24163.25,0
2026-07-21 08:45:00+00:00,24164.65,24179.25,24154.3,24178.15,0
2026-07-21 08:50:00+00:00,24176.75,24179.3,24167.15,24174.55,0
2026-07-21 08:55:00+00:00,24176.4,24180.5,24167.95,24167.95,0
2026-07-21 09:00:00+00:00,24169.6,24175.6,24161.85,24167.15,0
2026-07-21 09:05:00+00:00,24168.1,24176.3,24156.05,24159.6,0
2026-07-21 09:10:00+00:00,24161.05,24173.0,24160.2,24173.0,0
2026-07-21 09:15:00+00:00,24173.4,24185.05,24165.85,24184.75,0
2026-07-21 09:20:00+00:00,24186.15,24186.5,24164.85,24180.5,0
2026-07-21 09:25:00+00:00,24181.75,24192.75,24174.6,24182.1,0
2026-07-21 09:30:00+00:00,24183.75,24197.2,24180.75,24181.65,0
2026-07-21 09:35:00+00:00,24183.3,24195.5,24181.5,24185.75,0
2026-07-21 09:40:00+00:00,24184.15,24188.25,24180.05,24184.1,0
2026-07-21 09:45:00+00:00,24183.4,24192.7,24182.1,24185.85,0
2026-07-21 09:50:00+00:00,24184.4,24191.05,24183.15,24188.55,0
2026-07-21 09:55:00+00:00,24187.55,24196.15,24183.55,24193.05,0
2026-07-22 03:45:00+00:00,24150.45,24166.3,24076.15,24094.1,0
2026-07-22 03:50:00+00:00,24096.6,24111.35,24087.55,24095.35,0
2026-07-22 03:55:00+00:00,24097.2,24097.2,24046.95,24048.9,0
2026-07-22 04:00:00+00:00,24051.0,24058.05,24021.9,24024.25,0
2026-07-22 04:05:00+00:00,24026.25,24032.5,24016.15,24024.05,0
2026-07-22 04:10:00+00:00,24025.8,24031.15,24022.0,24027.0,0
2026-07-22 04:15:00+00:00,24028.35,24031.3,24011.9,24014.45,0
2026-07-22 04:20:00+00:00,24015.55,24027.3,24012.25,24020.45,0
2026-07-22 04:25:00+00:00,24021.1,24022.75,24008.7,24020.2,0
2026-07-22 04:30:00+00:00,24021.8,24029.7,24012.75,24025.05,0
2026-07-22 04:35:00+00:00,24027.55,24052.75,24020.55,24050.9,0
2026-07-22 04:40:00+00:00,24052.1,24052.1,24030.85,24033.45,0
2026-07-22 04:45:00+00:00,24033.8,24033.8,24016.5,24021.45,0
2026-07-22 04:50:00+00:00,24022.65,24022.65,24000.0,24001.75,0
2026-07-22 04:55:00+00:00,24003.95,24008.4,23973.7,24007.6,0
2026-07-22 05:00:00+00:00,24009.25,24013.5,23997.85,24002.1,0
2026-07-22 05:05:00+00:00,24003.5,24007.4,23993.45,23994.1,0
2026-07-22 05:10:00+00:00,23996.4,23997.55,23989.2,23989.2,0
2026-07-22 05:15:00+00:00,23991.6,24015.45,23988.25,24010.9,0
2026-07-22 05:20:00+00:00,24013.0,24021.3,24008.2,24017.7,0
2026-07-22 05:25:00+00:00,24019.75,24030.8,24017.6,24025.95,0
2026-07-22 05:30:00+00:00,24027.35,24028.1,24013.55,24018.35,0
2026-07-22 05:35:00+00:00,24019.4,24022.65,24011.35,24022.35,0
2026-07-22 05:40:00+00:00,24024.0,24027.1,24012.25,24013.7,0
2026-07-22 05:45:00+00:00,24015.2,24030.5,24012.9,24024.95,0
2026-07-22 05:50:00+00:00,24027.9,24040.35,24023.2,24037.7,0
2026-07-22 05:55:00+00:00,24039.55,24042.0,24034.4,24041.55,0
2026-07-22 06:00:00+00:00,24042.75,24048.95,24038.15,24047.65,0
2026-07-22 06:05:00+00:00,24048.7,24050.65,24036.5,24041.8,0
2026-07-22 06:10:00+00:00,24043.0,24047.9,24037.9,24045.7,0
2026-07-22 06:15:00+00:00,24046.8,24049.0,24038.2,24039.2,0
2026-07-22 06:20:00+00:00,24041.4,24042.3,24030.1,24030.1,0
2026-07-22 06:25:00+00:00,24031.75,24034.15,24022.0,24022.0,0
2026-07-22 06:30:00+00:00,24023.4,24024.5,23998.35,24009.25,0
2026-07-22 06:35:00+00:00,24011.0,24016.25,23999.0,23999.45,0
2026-07-22 06:40:00+00:00,24001.15,24005.05,23995.25,23996.25,0
2026-07-22 06:45:00+00:00,23997.85,23999.8,23978.55,23978.85,0
2026-07-22 06:50:00+00:00,23979.25,23990.4,23968.55,23988.8,0
2026-07-22 06:55:00+00:00,23990.15,23992.95,23979.35,23980.9,0
2026-07-22 07:00:00+00:00,23982.4,23982.4,23969.4,23974.95,0
2026-07-22 07:05:00+00:00,23976.3,23976.5,23962.5,23965.15,0
2026-07-22 07:10:00+00:00,23965.95,23983.4,23961.4,23983.25,0
2026-07-22 07:15:00+00:00,23985.1,24003.65,23978.0,24003.1,0
2026-07-22 07:20:00+00:00,24004.5,24017.05,24001.5,24006.65,0
2026-07-22 07:25:00+00:00,24008.1,24013.2,24002.85,24003.6,0
2026-07-22 07:30:00+00:00,24003.3,24003.8,23985.1,23985.1,0
2026-07-22 07:35:00+00:00,23986.75,23993.4,23981.75,23988.75,0
2026-07-22 07:40:00+00:00,23990.3,23991.65,23968.3,23978.85,0
2026-07-22 07:45:00+00:00,23980.45,23986.35,23976.15,23979.9,0
2026-07-22 07:50:00+00:00,23982.45,23986.05,23973.75,23978.65,0
2026-07-22 07:55:00+00:00,23980.7,23983.7,23973.15,23979.3,0
2026-07-22 08:00:00+00:00,23981.45,23995.15,23979.3,23994.2,0
2026-07-22 08:05:00+00:00,23996.4,24014.4,23990.75,23997.8,0
2026-07-22 08:10:00+00:00,23999.4,24002.0,23983.25,23995.35,0
2026-07-22 08:15:00+00:00,23996.45,23996.55,23980.8,23981.6,0
2026-07-22 08:20:00+00:00,23983.3,23984.65,23977.15,23977.85,0
2026-07-22 08:25:00+00:00,23980.7,23986.05,23974.4,23976.5,0
2026-07-22 08:30:00+00:00,23978.15,23984.6,23971.7,23976.0,0
2026-07-22 08:35:00+00:00,23978.15,23981.8,23973.35,23977.4,0
2026-07-22 08:40:00+00:00,23979.15,23979.85,23964.6,23973.35,0
2026-07-22 08:45:00+00:00,23975.25,23988.8,23970.6,23984.3,0
2026-07-22 08:50:00+00:00,23986.4,23987.35,23975.25,23981.15,0
2026-07-22 08:55:00+00:00,23983.9,23983.9,23970.95,23972.35,0
2026-07-22 09:00:00+00:00,23974.3,23980.05,23968.5,23977.85,0
2026-07-22 09:05:00+00:00,23980.4,23992.05,23979.45,23983.35,0
2026-07-22 09:10:00+00:00,23985.45,23988.25,23972.7,23976.3,0
2026-07-22 09:15:00+00:00,23978.45,23983.0,23974.95,23981.55,0
2026-07-22 09:20:00+00:00,23982.6,23991.85,23978.85,23987.45,0
2026-07-22 09:25:00+00:00,23990.1,23990.75,23975.0,23979.9,0
2026-07-22 09:30:00+00:00,23979.9,23993.5,23973.35,23981.65,0
2026-07-22 09:35:00+00:00,23981.25,24005.4,23980.5,23997.9,0
2026-07-22 09:40:00+00:00,23998.35,24023.95,23996.05,24021.15,0
2026-07-22 09:45:00+00:00,24021.6,24024.8,24010.05,24016.2,0
2026-07-22 09:50:00+00:00,24017.85,24018.25,23991.45,23999.2,0
2026-07-22 09:55:00+00:00,24000.1,24002.25,23990.8,23991.05,0
2026-07-23 03:45:00+00:00,23904.8,23916.05,23876.2,23915.35,0
2026-07-23 03:50:00+00:00,23913.6,23952.0,23913.6,23950.2,0
2026-07-23 03:55:00+00:00,23950.15,23950.15,23920.35,23921.55,0
2026-07-23 04:00:00+00:00,23922.55,23929.8,23906.3,23917.7,0
2026-07-23 04:05:00+00:00,23918.3,23919.85,23892.6,23916.45,0
2026-07-23 04:10:00+00:00,23916.15,23917.2,23904.05,23907.75,0
2026-07-23 04:15:00+00:00,23907.6,23923.6,23901.45,23917.2,0
2026-07-23 04:20:00+00:00,23917.15,23930.9,23911.9,23922.85,0
2026-07-23 04:25:00+00:00,23923.6,23944.0,23923.6,23942.95,0
2026-07-23 04:30:00+00:00,23943.55,23964.95,23940.25,23962.45,0
2026-07-23 04:35:00+00:00,23962.5,23969.95,23946.6,23965.55,0
2026-07-23 04:40:00+00:00,23966.6,23968.0,23955.75,23957.35,0
2026-07-23 04:45:00+00:00,23957.35,23968.15,23951.3,23955.75,0
2026-07-23 04:50:00+00:00,23957.6,23958.2,23943.8,23954.8,0
2026-07-23 04:55:00+00:00,23952.0,23973.7,23949.95,23969.65,0
2026-07-23 05:00:00+00:00,23970.3,23973.2,23958.2,23962.8,0
2026-07-23 05:05:00+00:00,23962.55,23974.85,23962.45,23969.85,0
2026-07-23 05:10:00+00:00,23969.45,23978.85,23969.45,23974.95,0
2026-07-23 05:15:00+00:00,23974.8,23982.25,23969.9,23979.6,0
2026-07-23 05:20:00+00:00,23980.7,23984.7,23966.15,23967.0,0
2026-07-23 05:25:00+00:00,23967.95,23981.05,23966.25,23977.3,0
2026-07-23 05:30:00+00:00,23978.45,23988.7,23977.35,23986.7,0
2026-07-23 05:35:00+00:00,23987.45,23990.75,23979.3,23986.3,0
2026-07-23 05:40:00+00:00,23986.75,23989.05,23971.45,23972.1,0
2026-07-23 05:45:00+00:00,23973.8,23973.8,23960.2,23962.1,0
2026-07-23 05:50:00+00:00,23963.45,23963.45,23952.6,23954.55,0
2026-07-23 05:55:00+00:00,23954.85,23956.55,23944.25,23945.05,0
2026-07-23 06:00:00+00:00,23946.9,23956.3,23941.95,23953.25,0
2026-07-23 06:05:00+00:00,23953.85,23955.6,23939.95,23944.0,0
2026-07-23 06:10:00+00:00,23944.65,23950.05,23941.25,23947.6,0
2026-07-23 06:15:00+00:00,23948.55,23950.05,23943.4,23945.4,0
2026-07-23 06:20:00+00:00,23945.2,23946.85,23930.65,23938.25,0
2026-07-23 06:25:00+00:00,23938.9,23956.45,23933.9,23953.5,0
2026-07-23 06:30:00+00:00,23954.35,23964.3,23944.7,23945.55,0
2026-07-23 06:35:00+00:00,23947.0,23959.6,23942.05,23959.35,0
2026-07-23 06:40:00+00:00,23958.8,23962.0,23933.2,23934.85,0
2026-07-23 06:45:00+00:00,23936.4,23939.35,23930.5,23935.85,0
2026-07-23 06:50:00+00:00,23937.0,23937.9,23922.45,23925.05,0
2026-07-23 06:55:00+00:00,23926.05,23926.4,23911.85,23911.85,0
2026-07-23 07:00:00+00:00,23912.5,23915.0,23883.35,23899.65,0
2026-07-23 07:05:00+00:00,23899.7,23900.25,23880.25,23886.85,0
2026-07-23 07:10:00+00:00,23888.05,23888.05,23854.9,23856.95,0
2026-07-23 07:15:00+00:00,23857.25,23864.45,23849.9,23852.2,0
2026-07-23 07:20:00+00:00,23852.4,23855.95,23843.05,23854.55,0
2026-07-23 07:25:00+00:00,23855.15,23860.85,23843.85,23852.6,0
2026-07-23 07:30:00+00:00,23853.2,23854.35,23840.05,23842.6,0
2026-07-23 07:35:00+00:00,23843.75,23843.75,23830.8,23833.05,0
2026-07-23 07:40:00+00:00,23833.5,23839.25,23826.35,23831.95,0
2026-07-23 07:45:00+00:00,23832.45,23840.0,23811.85,23831.0,0
2026-07-23 07:50:00+00:00,23832.3,23844.1,23830.35,23839.85,0
2026-07-23 07:55:00+00:00,23839.9,23846.15,23832.9,23838.05,0
2026-07-23 08:00:00+00:00,23838.75,23840.45,23825.95,23829.75,0
2026-07-23 08:05:00+00:00,23831.2,23858.65,23827.35,23855.0,0
2026-07-23 08:10:00+00:00,23855.2,23864.35,23840.45,23850.8,0
2026-07-23 08:15:00+00:00,23851.85,23871.15,23850.9,23863.5,0
2026-07-23 08:20:00+00:00,23864.6,23871.95,23856.85,23857.55,0
2026-07-23 08:25:00+00:00,23858.5,23866.85,23852.0,23861.9,0
2026-07-23 08:30:00+00:00,23862.05,23867.45,23855.2,23864.15,0
2026-07-23 08:35:00+00:00,23862.95,23868.1,23852.35,23852.7,0
2026-07-23 08:40:00+00:00,23854.15,23860.8,23849.9,23850.6,0
2026-07-23 08:45:00+00:00,23851.9,23863.5,23846.8,23852.25,0
2026-07-23 08:50:00+00:00,23853.45,23869.3,23851.75,23864.2,0
2026-07-23 08:55:00+00:00,23866.05,23867.6,23857.5,23859.65,0
2026-07-23 09:00:00+00:00,23860.4,23889.0,23852.3,23888.8,0
2026-07-23 09:05:00+00:00,23889.3,23891.25,23850.85,23851.5,0
2026-07-23 09:10:00+00:00,23852.5,23853.3,23829.5,23835.75,0
2026-07-23 09:15:00+00:00,23836.65,23838.55,23816.95,23817.95,0
2026-07-23 09:20:00+00:00,23817.4,23827.8,23807.2,23823.8,0
2026-07-23 09:25:00+00:00,23824.8,23843.3,23823.55,23840.35,0
2026-07-23 09:30:00+00:00,23841.3,23871.95,23830.4,23847.05,0
2026-07-23 09:35:00+00:00,23849.15,23880.0,23846.8,23868.95,0
2026-07-23 09:40:00+00:00,23870.55,23875.15,23860.6,23873.05,0
2026-07-23 09:45:00+00:00,23873.6,23878.1,23858.55,23866.65,0
2026-07-23 09:50:00+00:00,23868.45,23883.65,23859.9,23881.95,0
2026-07-23 09:55:00+00:00,23883.55,23889.9,23863.9,23871.7,0
2026-07-24 03:45:00+00:00,23666.35,23752.8,23646.9,23751.7,0
2026-07-24 03:50:00+00:00,23751.7,23763.55,23731.1,23731.4,0
2026-07-24 03:55:00+00:00,23732.7,23732.7,23693.25,23703.55,0
2026-07-24 04:00:00+00:00,23703.4,23713.0,23686.75,23688.6,0
2026-07-24 04:05:00+00:00,23688.8,23696.2,23668.3,23669.45,0
2026-07-24 04:10:00+00:00,23669.8,23677.1,23652.6,23656.7,0
2026-07-24 04:15:00+00:00,23657.4,23664.6,23641.5,23649.0,0
2026-07-24 04:20:00+00:00,23648.7,23657.05,23631.35,23653.7,0
2026-07-24 04:25:00+00:00,23654.75,23664.75,23645.85,23646.05,0
2026-07-24 04:30:00+00:00,23647.05,23648.1,23619.3,23624.65,0
2026-07-24 04:35:00+00:00,23625.2,23629.25,23612.85,23619.05,0
2026-07-24 04:40:00+00:00,23619.0,23624.95,23607.45,23608.7,0
2026-07-24 04:45:00+00:00,23608.3,23627.65,23607.2,23611.9,0
2026-07-24 04:50:00+00:00,23611.35,23622.9,23606.3,23620.0,0
2026-07-24 04:55:00+00:00,23619.8,23623.55,23613.45,23622.25,0
2026-07-24 05:00:00+00:00,23622.2,23626.25,23610.9,23614.9,0
2026-07-24 05:05:00+00:00,23614.15,23641.7,23612.0,23637.15,0
2026-07-24 05:10:00+00:00,23637.35,23646.05,23629.55,23640.9,0
2026-07-24 05:15:00+00:00,23640.4,23651.25,23639.95,23649.1,0
2026-07-24 05:20:00+00:00,23649.25,23652.25,23634.85,23637.05,0
2026-07-24 05:25:00+00:00,23637.0,23638.65,23626.3,23627.65,0
2026-07-24 05:30:00+00:00,23627.3,23634.5,23624.05,23633.65,0
2026-07-24 05:35:00+00:00,23633.45,23637.4,23623.6,23628.85,0
2026-07-24 05:40:00+00:00,23629.4,23634.5,23617.1,23624.25,0
2026-07-24 05:45:00+00:00,23624.25,23655.05,23622.6,23651.8,0
2026-07-24 05:50:00+00:00,23651.8,23678.15,23650.85,23670.2,0
2026-07-24 05:55:00+00:00,23670.35,23673.6,23655.2,23655.7,0
2026-07-24 06:00:00+00:00,23655.7,23658.35,23649.15,23653.35,0
2026-07-24 06:05:00+00:00,23654.05,23665.05,23651.25,23663.2,0
2026-07-24 06:10:00+00:00,23663.45,23687.5,23662.4,23682.2,0
2026-07-24 06:15:00+00:00,23682.25,23699.85,23682.2,23698.25,0
2026-07-24 06:20:00+00:00,23698.45,23710.7,23698.3,23704.05,0
2026-07-24 06:25:00+00:00,23702.45,23704.85,23693.6,23696.7,0
2026-07-24 06:30:00+00:00,23697.25,23713.95,23689.25,23713.95,0
2026-07-24 06:35:00+00:00,23713.85,23717.9,23709.0,23713.05,0
2026-07-24 06:40:00+00:00,23713.2,23715.2,23701.85,23702.85,0
2026-07-24 06:45:00+00:00,23702.45,23719.5,23701.35,23717.25,0
2026-07-24 06:50:00+00:00,23717.05,23739.85,23713.75,23737.45,0
2026-07-24 06:55:00+00:00,23737.45,23792.3,23736.9,23784.25,0
2026-07-24 07:00:00+00:00,23783.8,23794.65,23760.6,23766.5,0
2026-07-24 07:05:00+00:00,23766.85,23775.2,23756.0,23771.2,0
2026-07-24 07:10:00+00:00,23771.95,23796.55,23769.55,23793.65,0
2026-07-24 07:15:00+00:00,23793.8,23805.2,23784.65,23799.9,0
2026-07-24 07:20:00+00:00,23798.95,23806.0,23793.2,23795.45,0
2026-07-24 07:25:00+00:00,23795.55,23808.7,23790.7,23797.5,0
2026-07-24 07:30:00+00:00,23797.35,23800.25,23771.45,23774.65,0
2026-07-24 07:35:00+00:00,23774.5,23775.25,23763.3,23767.5,0
2026-07-24 07:40:00+00:00,23767.85,23784.45,23767.5,23783.85,0
2026-07-24 07:45:00+00:00,23783.75,23792.9,23775.2,23790.9,0
2026-07-24 07:50:00+00:00,23792.2,23797.4,23784.45,23791.05,0
2026-07-24 07:55:00+00:00,23790.85,23800.05,23786.75,23790.65,0
2026-07-24 08:00:00+00:00,23790.6,23791.65,23764.4,23765.7,0
2026-07-24 08:05:00+00:00,23765.2,23768.3,23752.2,23766.3,0
2026-07-24 08:10:00+00:00,23767.2,23768.15,23736.0,23747.75,0
2026-07-24 08:15:00+00:00,23747.9,23765.1,23742.25,23762.3,0
2026-07-24 08:20:00+00:00,23762.95,23786.8,23762.95,23784.05,0
2026-07-24 08:25:00+00:00,23784.5,23803.05,23780.1,23802.95,0
2026-07-24 08:30:00+00:00,23803.05,23823.6,23788.8,23817.15,0
2026-07-24 08:35:00+00:00,23816.85,23817.75,23800.35,23800.35,0
2026-07-24 08:40:00+00:00,23799.7,23801.65,23790.0,23797.4,0
2026-07-24 08:45:00+00:00,23797.5,23805.75,23787.05,23789.9,0
2026-07-24 08:50:00+00:00,23789.8,23791.0,23772.6,23776.0,0
2026-07-24 08:55:00+00:00,23776.1,23788.0,23770.4,23777.65,0
2026-07-24 09:00:00+00:00,23777.35,23783.3,23765.65,23767.15,0
2026-07-24 09:05:00+00:00,23766.65,23776.7,23761.05,23772.35,0
2026-07-24 09:10:00+00:00,23772.5,23778.15,23760.2,23768.4,0
2026-07-24 09:15:00+00:00,23768.1,23774.15,23761.85,23773.7,0
2026-07-24 09:20:00+00:00,23773.15,23794.15,23770.8,23790.45,0
2026-07-24 09:25:00+00:00,23791.35,23792.7,23773.3,23776.8,0
2026-07-24 09:30:00+00:00,23777.95,23782.45,23747.65,23756.4,0
2026-07-24 09:35:00+00:00,23756.45,23764.25,23751.35,23757.15,0
2026-07-24 09:40:00+00:00,23757.35,23772.35,23751.95,23771.9,0
2026-07-24 09:45:00+00:00,23771.45,23789.8,23767.45,23772.7,0
2026-07-24 09:50:00+00:00,23774.2,23782.2,23772.2,23779.4,0
2026-07-24 09:55:00+00:00,23779.3,23792.95,23772.05,23787.0,0
2026-07-27 03:45:00+00:00,23928.4,23964.5,23896.7,23912.3,0
2026-07-27 03:50:00+00:00,23913.75,23939.5,23911.75,23929.4,0
2026-07-27 03:55:00+00:00,23930.35,23940.75,23913.6,23939.95,0
2026-07-27 04:00:00+00:00,23941.8,23948.85,23927.75,23937.35,0
2026-07-27 04:05:00+00:00,23939.6,23952.3,23936.05,23944.1,0
2026-07-27 04:10:00+00:00,23944.9,23951.3,23941.1,23951.05,0
2026-07-27 04:15:00+00:00,23952.1,23955.9,23945.05,23951.85,0
2026-07-27 04:20:00+00:00,23953.45,23953.45,23929.5,23933.4,0
2026-07-27 04:25:00+00:00,23934.95,23936.0,23916.8,23933.85,0
2026-07-27 04:30:00+00:00,23933.35,23934.9,23916.75,23918.85,0
2026-07-27 04:35:00+00:00,23920.4,23925.8,23909.0,23912.6,0
2026-07-27 04:40:00+00:00,23913.25,23933.35,23910.4,23933.3,0
2026-07-27 04:45:00+00:00,23934.0,23935.75,23920.65,23923.95,0
2026-07-27 04:50:00+00:00,23925.35,23925.5,23908.75,23911.4,0
2026-07-27 04:55:00+00:00,23912.8,23918.4,23910.3,23915.2,0
2026-07-27 05:00:00+00:00,23917.05,23924.05,23906.5,23915.9,0
2026-07-27 05:05:00+00:00,23917.45,23917.45,23891.55,23892.1,0
2026-07-27 05:10:00+00:00,23894.25,23927.65,23892.25,23925.3,0
2026-07-27 05:15:00+00:00,23927.25,23927.75,23912.5,23917.2,0
2026-07-27 05:20:00+00:00,23918.3,23924.3,23907.8,23917.1,0
2026-07-27 05:25:00+00:00,23917.8,23939.3,23911.05,23933.45,0
2026-07-27 05:30:00+00:00,23935.6,23938.4,23927.7,23930.05,0
2026-07-27 05:35:00+00:00,23931.15,23936.25,23920.0,23932.85,0
2026-07-27 05:40:00+00:00,23936.05,23937.45,23922.75,23924.75,0
2026-07-27 05:45:00+00:00,23926.0,23945.0,23923.35,23944.4,0
2026-07-27 05:50:00+00:00,23945.7,23950.95,23939.5,23949.45,0
2026-07-27 05:55:00+00:00,23951.55,23968.55,23949.1,23961.9,0
2026-07-27 06:00:00+00:00,23963.55,23972.0,23958.9,23964.0,0
2026-07-27 06:05:00+00:00,23966.45,23966.45,23956.3,23960.2,0
2026-07-27 06:10:00+00:00,23961.7,23968.9,23959.4,23963.55,0
2026-07-27 06:15:00+00:00,23966.05,23970.3,23952.65,23954.2,0
2026-07-27 06:20:00+00:00,23956.25,23961.0,23949.1,23959.7,0
2026-07-27 06:25:00+00:00,23961.95,23972.8,23959.25,23963.4,0
2026-07-27 06:30:00+00:00,23965.7,23967.4,23953.15,23955.3,0
2026-07-27 06:35:00+00:00,23957.3,23958.05,23949.05,23952.35,0
2026-07-27 06:40:00+00:00,23954.3,23963.15,23945.6,23956.2,0
2026-07-27 06:45:00+00:00,23959.05,23965.8,23955.1,23959.25,0
2026-07-27 06:50:00+00:00,23960.6,23961.75,23952.9,23957.9,0
2026-07-27 06:55:00+00:00,23960.3,23962.9,23954.25,23954.75,0
2026-07-27 07:00:00+00:00,23956.9,23967.3,23951.1,23958.5,0
2026-07-27 07:05:00+00:00,23961.8,23961.8,23948.8,23951.2,0
2026-07-27 07:10:00+00:00,23952.05,23953.35,23943.05,23951.2,0
2026-07-27 07:15:00+00:00,23952.55,23957.65,23949.2,23951.2,0
2026-07-27 07:20:00+00:00,23953.8,23958.0,23946.85,23949.0,0
2026-07-27 07:25:00+00:00,23951.3,23958.05,23943.75,23953.9,0
2026-07-27 07:30:00+00:00,23955.85,23968.8,23948.2,23962.7,0
2026-07-27 07:35:00+00:00,23965.8,23970.7,23959.6,23962.2,0
2026-07-27 07:40:00+00:00,23964.55,23970.8,23959.0,23970.1,0
2026-07-27 07:45:00+00:00,23971.9,23979.4,23969.35,23972.3,0
2026-07-27 07:50:00+00:00,23974.2,23975.7,23968.1,23972.2,0
2026-07-27 07:55:00+00:00,23973.8,23973.8,23954.3,23954.55,0
2026-07-27 08:00:00+00:00,23956.25,23960.85,23938.5,23938.5,0
2026-07-27 08:05:00+00:00,23940.6,23959.55,23935.4,23958.35,0
2026-07-27 08:10:00+00:00,23959.95,23960.7,23946.6,23956.25,0
2026-07-27 08:15:00+00:00,23958.25,23967.25,23953.25,23957.65,0
2026-07-27 08:20:00+00:00,23959.0,23967.3,23954.1,23964.3,0
2026-07-27 08:25:00+00:00,23965.8,23972.4,23962.0,23971.35,0
2026-07-27 08:30:00+00:00,23973.6,23989.5,23970.5,23984.65,0
2026-07-27 08:35:00+00:00,23986.75,23995.15,23981.25,23993.25,0
2026-07-27 08:40:00+00:00,23995.95,23998.35,23987.7,23995.9,0
2026-07-27 08:45:00+00:00,23997.55,23999.15,23984.55,23990.15,0
2026-07-27 08:50:00+00:00,23992.55,23998.4,23988.5,23998.25,0
2026-07-27 08:55:00+00:00,23999.3,24009.75,23995.2,24006.7,0
2026-07-27 09:00:00+00:00,24008.65,24011.6,23996.0,23998.1,0
2026-07-27 09:05:00+00:00,24000.45,24003.7,23988.3,23998.1,0
2026-07-27 09:10:00+00:00,23999.6,24001.75,23988.8,23996.25,0
2026-07-27 09:15:00+00:00,23997.65,24003.5,23986.9,23992.65,0
2026-07-27 09:20:00+00:00,23995.2,24000.35,23984.8,23985.4,0
2026-07-27 09:25:00+00:00,23986.75,23997.4,23984.1,23989.15,0
2026-07-27 09:30:00+00:00,23989.55,24000.85,23988.5,23990.7,0
2026-07-27 09:35:00+00:00,23991.2,23998.3,23990.6,23995.85,0
2026-07-27 09:40:00+00:00,23996.85,24001.75,23986.4,23987.15,0
2026-07-27 09:45:00+00:00,23985.1,23997.15,23985.1,23996.75,0
2026-07-27 09:50:00+00:00,23995.35,24007.45,23993.0,24003.75,0
2026-07-27 09:55:00+00:00,24003.2,24008.1,23996.6,24003.65,0
2026-07-28 03:45:00+00:00,23971.25,24040.9,23968.15,24029.7,0
2026-07-28 03:50:00+00:00,24030.15,24037.05,24011.15,24015.55,0
2026-07-28 03:55:00+00:00,24015.3,24015.45,23994.1,24006.25,0
2026-07-28 04:00:00+00:00,24006.7,24013.4,23985.75,23993.4,0
2026-07-28 04:05:00+00:00,23994.3,24020.45,23993.9,24018.75,0
2026-07-28 04:10:00+00:00,24020.05,24025.2,24015.25,24018.05,0
2026-07-28 04:15:00+00:00,24018.6,24019.9,24005.2,24012.95,0
2026-07-28 04:20:00+00:00,24012.25,24014.05,23995.25,24012.4,0
2026-07-28 04:25:00+00:00,24012.7,24017.95,24007.35,24012.25,0
2026-07-28 04:30:00+00:00,24011.7,24013.55,23967.0,23972.9,0
2026-07-28 04:35:00+00:00,23973.25,23978.6,23961.95,23971.25,0
2026-07-28 04:40:00+00:00,23971.3,23988.4,23962.45,23985.6,0
2026-07-28 04:45:00+00:00,23985.8,24006.1,23985.05,23997.4,0
2026-07-28 04:50:00+00:00,23997.8,23999.55,23984.8,23994.7,0
2026-07-28 04:55:00+00:00,23994.95,24001.9,23985.65,23986.55,0
2026-07-28 05:00:00+00:00,23986.6,24007.3,23986.2,23999.15,0
2026-07-28 05:05:00+00:00,24000.9,24014.0,23996.1,24007.5,0
2026-07-28 05:10:00+00:00,24007.4,24023.35,24006.1,24020.1,0
2026-07-28 05:15:00+00:00,24020.35,24033.35,24020.0,24030.7,0
2026-07-28 05:20:00+00:00,24030.3,24039.0,24025.6,24036.4,0
2026-07-28 05:25:00+00:00,24036.65,24041.15,24032.7,24035.75,0
2026-07-28 05:30:00+00:00,24036.65,24039.55,24017.9,24024.45,0
2026-07-28 05:35:00+00:00,24023.7,24025.8,24017.95,24024.1,0
2026-07-28 05:40:00+00:00,24023.75,24024.55,24010.05,24015.2,0
2026-07-28 05:45:00+00:00,24015.05,24029.8,24014.9,24025.3,0
2026-07-28 05:50:00+00:00,24025.35,24026.15,24013.45,24014.9,0
2026-07-28 05:55:00+00:00,24014.75,24021.3,24010.65,24013.9,0
2026-07-28 06:00:00+00:00,24014.45,24016.15,24001.8,24002.8,0
2026-07-28 06:05:00+00:00,24002.1,24010.7,23999.95,24010.7,0
2026-07-28 06:10:00+00:00,24010.2,24025.05,24008.15,24021.2,0
2026-07-28 06:15:00+00:00,24020.9,24036.8,24018.5,24030.8,0
2026-07-28 06:20:00+00:00,24030.85,24031.9,24011.2,24013.75,0
2026-07-28 06:25:00+00:00,24014.1,24015.85,24003.65,24011.0,0
2026-07-28 06:30:00+00:00,24011.05,24014.2,24003.75,24008.8,0
2026-07-28 06:35:00+00:00,24008.25,24022.75,24005.65,24021.45,0
2026-07-28 06:40:00+00:00,24020.75,24028.6,24018.2,24026.25,0
2026-07-28 06:45:00+00:00,24026.5,24028.4,24015.3,24017.75,0
2026-07-28 06:50:00+00:00,24017.35,24020.25,24010.85,24017.75,0
2026-07-28 06:55:00+00:00,24017.7,24028.9,24012.85,24023.5,0
2026-07-28 07:00:00+00:00,24023.6,24027.25,24017.3,24017.3,0
2026-07-28 07:05:00+00:00,24017.25,24021.3,24009.4,24018.15,0
2026-07-28 07:10:00+00:00,24017.75,24023.45,24014.3,24015.65,0
2026-07-28 07:15:00+00:00,24015.75,24022.0,24011.15,24015.25,0
2026-07-28 07:20:00+00:00,24014.85,24016.2,24009.35,24013.45,0
2026-07-28 07:25:00+00:00,24014.25,24017.95,24003.9,24004.05,0
2026-07-28 07:30:00+00:00,24005.45,24008.75,24000.85,24002.15,0
2026-07-28 07:35:00+00:00,24003.35,24007.85,24000.35,24005.7,0
2026-07-28 07:40:00+00:00,24006.3,24006.35,23982.9,23983.05,0
2026-07-28 07:45:00+00:00,23982.65,23984.05,23968.65,23978.55,0
2026-07-28 07:50:00+00:00,23979.35,23993.7,23974.55,23991.15,0
2026-07-28 07:55:00+00:00,23990.25,23991.1,23982.1,23984.85,0
2026-07-28 08:00:00+00:00,23984.85,23992.5,23980.5,23987.05,0
2026-07-28 08:05:00+00:00,23986.65,23993.1,23982.1,23985.0,0
2026-07-28 08:10:00+00:00,23985.2,23986.8,23977.4,23983.35,0
2026-07-28 08:15:00+00:00,23983.3,23984.25,23972.4,23980.65,0
2026-07-28 08:20:00+00:00,23980.65,24009.15,23980.45,24006.2,0
2026-07-28 08:25:00+00:00,24006.4,24011.75,23995.45,24001.9,0
2026-07-28 08:30:00+00:00,24000.85,24005.0,23997.0,24001.4,0
2026-07-28 08:35:00+00:00,24003.55,24005.9,23996.7,23998.2,0
2026-07-28 08:40:00+00:00,23998.0,23999.85,23989.75,23993.35,0
2026-07-28 08:45:00+00:00,23993.25,24001.25,23987.2,23991.7,0
2026-07-28 08:50:00+00:00,23991.4,23996.4,23985.0,23988.3,0
2026-07-28 08:55:00+00:00,23986.2,23998.4,23986.2,23987.55,0
2026-07-28 09:00:00+00:00,23986.25,23986.7,23970.1,23973.4,0
2026-07-28 09:05:00+00:00,23972.2,23993.75,23972.2,23991.45,0
2026-07-28 09:10:00+00:00,23989.05,23998.5,23981.45,23995.35,0
2026-07-28 09:15:00+00:00,23992.9,23995.45,23974.3,23975.3,0
2026-07-28 09:20:00+00:00,23974.85,23991.1,23968.1,23987.95,0
2026-07-28 09:25:00+00:00,23986.8,23991.0,23977.15,23980.9,0
2026-07-28 09:30:00+00:00,23981.6,23985.15,23954.6,23962.9,0
2026-07-28 09:35:00+00:00,23963.4,23971.35,23962.6,23966.0,0
2026-07-28 09:40:00+00:00,23966.0,23970.2,23961.9,23969.4,0
2026-07-28 09:45:00+00:00,23969.0,24004.4,23968.7,24004.2,0
2026-07-28 09:50:00+00:00,24003.1,24013.35,23989.1,23991.75,0
2026-07-28 09:55:00+00:00,23990.55,23995.65,23976.4,23987.8,0
2026-07-29 03:45:00+00:00,24176.65,24203.2,24136.75,24187.1,0
2026-07-29 03:50:00+00:00,24187.15,24191.55,24162.0,24177.35,0
2026-07-29 03:55:00+00:00,24177.85,24196.2,24170.9,24178.5,0
2026-07-29 04:00:00+00:00,24175.6,24193.45,24175.6,24187.95,0
2026-07-29 04:05:00+00:00,24188.15,24210.95,24185.95,24208.3,0
2026-07-29 04:10:00+00:00,24208.5,24217.9,24199.05,24212.2,0
2026-07-29 04:15:00+00:00,24211.85,24218.4,24204.0,24218.0,0
2026-07-29 04:20:00+00:00,24217.95,24221.7,24197.2,24204.95,0
2026-07-29 04:25:00+00:00,24205.55,24209.15,24184.95,24187.65,0
2026-07-29 04:30:00+00:00,24186.3,24207.0,24186.3,24204.65,0
2026-07-29 04:35:00+00:00,24204.4,24224.25,24203.9,24220.6,0
2026-07-29 04:40:00+00:00,24219.65,24223.75,24213.1,24221.3,0
2026-07-29 04:45:00+00:00,24220.9,24229.4,24214.0,24220.05,0
2026-07-29 04:50:00+00:00,24219.55,24233.0,24219.55,24228.9,0
2026-07-29 04:55:00+00:00,24231.3,24235.5,24224.8,24225.3,0
2026-07-29 05:00:00+00:00,24224.75,24236.6,24221.75,24234.2,0
2026-07-29 05:05:00+00:00,24234.15,24238.45,24229.3,24231.15,0
2026-07-29 05:10:00+00:00,24230.7,24238.35,24230.2,24233.8,0
2026-07-29 05:15:00+00:00,24233.7,24234.05,24213.4,24219.0,0
2026-07-29 05:20:00+00:00,24219.5,24221.85,24214.25,24218.15,0
2026-07-29 05:25:00+00:00,24218.4,24226.3,24218.3,24220.65,0
2026-07-29 05:30:00+00:00,24221.2,24234.1,24215.25,24232.4,0
2026-07-29 05:35:00+00:00,24232.35,24244.55,24230.85,24238.65,0
2026-07-29 05:40:00+00:00,24238.75,24241.6,24229.2,24233.7,0
2026-07-29 05:45:00+00:00,24233.3,24235.2,24223.35,24230.35,0
2026-07-29 05:50:00+00:00,24230.2,24241.35,24228.1,24237.25,0
2026-07-29 05:55:00+00:00,24237.05,24241.1,24232.4,24232.4,0
2026-07-29 06:00:00+00:00,24232.15,24237.1,24228.45,24229.3,0
2026-07-29 06:05:00+00:00,24229.8,24231.1,24218.75,24221.35,0
2026-07-29 06:10:00+00:00,24221.85,24235.2,24221.3,24232.25,0
2026-07-29 06:15:00+00:00,24232.5,24240.35,24227.8,24231.8,0
2026-07-29 06:20:00+00:00,24231.9,24234.2,24223.9,24228.95,0
2026-07-29 06:25:00+00:00,24229.2,24231.1,24219.8,24225.65,0
2026-07-29 06:30:00+00:00,24225.85,24232.45,24223.25,24230.2,0
2026-07-29 06:35:00+00:00,24230.35,24247.8,24229.45,24244.7,0
2026-07-29 06:40:00+00:00,24244.05,24246.15,24236.2,24238.45,0
2026-07-29 06:45:00+00:00,24238.8,24240.4,24227.0,24228.25,0
2026-07-29 06:50:00+00:00,24229.05,24234.55,24225.4,24227.4,0
2026-07-29 06:55:00+00:00,24228.05,24229.55,24219.7,24221.5,0
2026-07-29 07:00:00+00:00,24222.1,24233.0,24221.05,24231.3,0
2026-07-29 07:05:00+00:00,24232.05,24234.95,24225.65,24228.05,0
2026-07-29 07:10:00+00:00,24228.05,24232.45,24218.9,24220.8,0
2026-07-29 07:15:00+00:00,24221.45,24225.15,24210.6,24210.65,0
2026-07-29 07:20:00+00:00,24211.05,24229.15,24209.95,24227.1,0
2026-07-29 07:25:00+00:00,24227.4,24231.45,24222.15,24228.75,0
2026-07-29 07:30:00+00:00,24228.85,24240.85,24228.65,24235.9,0
2026-07-29 07:35:00+00:00,24236.3,24255.45,24236.3,24252.25,0
2026-07-29 07:40:00+00:00,24253.05,24261.45,24252.65,24257.55,0
2026-07-29 07:45:00+00:00,24257.4,24259.9,24248.5,24254.55,0
2026-07-29 07:50:00+00:00,24254.25,24255.15,24245.8,24246.5,0
2026-07-29 07:55:00+00:00,24247.05,24254.2,24244.55,24245.8,0
2026-07-29 08:00:00+00:00,24245.75,24256.7,24245.0,24255.0,0
2026-07-29 08:05:00+00:00,24255.1,24256.85,24243.35,24245.15,0
2026-07-29 08:10:00+00:00,24245.45,24251.7,24236.0,24238.4,0
2026-07-29 08:15:00+00:00,24236.2,24257.5,24235.65,24246.2,0
2026-07-29 08:20:00+00:00,24245.85,24259.95,24245.35,24258.25,0
2026-07-29 08:25:00+00:00,24257.9,24259.25,24249.65,24250.5,0
2026-07-29 08:30:00+00:00,24249.75,24271.4,24249.75,24267.1,0
2026-07-29 08:35:00+00:00,24269.15,24272.1,24258.1,24263.85,0
2026-07-29 08:40:00+00:00,24263.6,24272.15,24261.15,24263.8,0
2026-07-29 08:45:00+00:00,24263.8,24277.75,24263.3,24274.1,0
2026-07-29 08:50:00+00:00,24274.2,24278.7,24266.3,24270.05,0
2026-07-29 08:55:00+00:00,24269.95,24274.75,24263.4,24272.65,0
2026-07-29 09:00:00+00:00,24272.1,24279.0,24267.1,24270.15,0
2026-07-29 09:05:00+00:00,24270.15,24271.5,24259.55,24263.35,0
2026-07-29 09:10:00+00:00,24263.6,24266.1,24251.45,24259.6,0
2026-07-29 09:15:00+00:00,24259.65,24277.25,24259.65,24267.2,0
2026-07-29 09:20:00+00:00,24267.05,24274.0,24262.25,24273.3,0
2026-07-29 09:25:00+00:00,24272.75,24283.55,24271.45,24272.5,0
2026-07-29 09:30:00+00:00,24274.4,24278.55,24260.9,24262.5,0
2026-07-29 09:35:00+00:00,24263.05,24263.05,24251.6,24258.95,0
2026-07-29 09:40:00+00:00,24259.4,24261.9,24249.7,24252.0,0
2026-07-29 09:45:00+00:00,24251.45,24251.9,24238.75,24241.75,0
2026-07-29 09:50:00+00:00,24243.55,24247.1,24234.75,24238.05,0
2026-07-29 09:55:00+00:00,24238.2,24245.8,24231.05,24242.0,0
2026-07-30 03:45:00+00:00,24249.55,24266.95,24187.1,24266.55,0
2026-07-30 03:50:00+00:00,24266.45,24278.45,24255.35,24273.0,0
2026-07-30 03:55:00+00:00,24273.05,24280.5,24268.55,24276.95,0
2026-07-30 04:00:00+00:00,24274.5,24287.25,24267.55,24274.4,0
2026-07-30 04:05:00+00:00,24275.0,24278.65,24254.6,24258.55,0
2026-07-30 04:10:00+00:00,24258.7,24261.65,24245.8,24255.85,0
2026-07-30 04:15:00+00:00,24257.25,24283.3,24250.05,24271.55,0
2026-07-30 04:20:00+00:00,24272.7,24285.55,24260.1,24262.0,0
2026-07-30 04:25:00+00:00,24262.8,24280.0,24258.8,24275.6,0
2026-07-30 04:30:00+00:00,24276.75,24281.3,24269.1,24275.7,0
2026-07-30 04:35:00+00:00,24275.9,24279.15,24260.0,24260.4,0
2026-07-30 04:40:00+00:00,24261.9,24264.8,24241.5,24243.5,0
2026-07-30 04:45:00+00:00,24243.75,24261.15,24242.6,24243.65,0
2026-07-30 04:50:00+00:00,24244.45,24251.2,24236.0,24248.65,0
2026-07-30 04:55:00+00:00,24249.85,24251.65,24231.15,24232.1,0
2026-07-30 05:00:00+00:00,24232.75,24238.2,24224.85,24237.6,0
2026-07-30 05:05:00+00:00,24238.25,24251.65,24232.85,24243.6,0
2026-07-30 05:10:00+00:00,24243.5,24261.35,24236.6,24259.15,0
2026-07-30 05:15:00+00:00,24260.25,24262.7,24253.35,24258.45,0
2026-07-30 05:20:00+00:00,24259.5,24270.65,24258.6,24259.9,0
2026-07-30 05:25:00+00:00,24261.15,24264.15,24253.2,24256.9,0
2026-07-30 05:30:00+00:00,24256.45,24265.0,24248.15,24261.9,0
2026-07-30 05:35:00+00:00,24262.1,24263.6,24249.45,24257.1,0
2026-07-30 05:40:00+00:00,24256.8,24270.55,24256.8,24265.05,0
2026-07-30 05:45:00+00:00,24264.9,24282.5,24262.7,24273.15,0
2026-07-30 05:50:00+00:00,24273.0,24278.25,24262.1,24267.1,0
2026-07-30 05:55:00+00:00,24266.35,24279.4,24265.1,24274.6,0
2026-07-30 06:00:00+00:00,24274.2,24277.85,24267.15,24277.15,0
2026-07-30 06:05:00+00:00,24277.4,24279.45,24269.6,24270.9,0
2026-07-30 06:10:00+00:00,24270.05,24274.55,24264.85,24265.5,0
2026-07-30 06:15:00+00:00,24265.8,24266.7,24251.05,24256.3,0
2026-07-30 06:20:00+00:00,24256.65,24260.55,24251.55,24255.65,0
2026-07-30 06:25:00+00:00,24255.8,24265.4,24254.4,24262.5,0
2026-07-30 06:30:00+00:00,24262.6,24263.85,24253.3,24260.6,0
2026-07-30 06:35:00+00:00,24261.05,24266.4,24252.25,24253.5,0
2026-07-30 06:40:00+00:00,24253.65,24261.3,24248.85,24254.1,0
2026-07-30 06:45:00+00:00,24253.95,24260.2,24249.0,24260.2,0
2026-07-30 06:50:00+00:00,24260.15,24267.4,24257.2,24258.8,0
2026-07-30 06:55:00+00:00,24258.8,24267.45,24256.1,24264.05,0
2026-07-30 07:00:00+00:00,24264.3,24331.4,24261.95,24306.75,0
2026-07-30 07:05:00+00:00,24306.6,24321.1,24293.35,24304.05,0
2026-07-30 07:10:00+00:00,24303.65,24314.5,24297.65,24308.35,0
2026-07-30 07:15:00+00:00,24308.45,24309.55,24294.6,24301.05,0
2026-07-30 07:20:00+00:00,24300.15,24304.3,24291.55,24297.3,0
2026-07-30 07:25:00+00:00,24296.7,24300.55,24290.8,24295.7,0
2026-07-30 07:30:00+00:00,24295.65,24296.25,24279.3,24282.65,0
2026-07-30 07:35:00+00:00,24282.0,24297.55,24276.5,24281.9,0
2026-07-30 07:40:00+00:00,24281.05,24283.15,24248.85,24264.0,0
2026-07-30 07:45:00+00:00,24264.05,24267.15,24259.1,24264.7,0
2026-07-30 07:50:00+00:00,24264.95,24281.95,24264.35,24279.35,0
2026-07-30 07:55:00+00:00,24279.25,24285.55,24267.3,24269.4,0
2026-07-30 08:00:00+00:00,24269.15,24278.7,24266.9,24276.9,0
2026-07-30 08:05:00+00:00,24276.9,24300.25,24275.75,24287.25,0
2026-07-30 08:10:00+00:00,24287.15,24298.55,24287.15,24289.45,0
2026-07-30 08:15:00+00:00,24288.4,24289.6,24279.9,24280.05,0
2026-07-30 08:20:00+00:00,24280.15,24296.45,24272.3,24295.5,0
2026-07-30 08:25:00+00:00,24295.1,24299.45,24275.95,24283.85,0
2026-07-30 08:30:00+00:00,24283.35,24287.75,24277.1,24281.1,0
2026-07-30 08:35:00+00:00,24280.45,24282.75,24261.55,24263.8,0
2026-07-30 08:40:00+00:00,24263.7,24267.7,24255.45,24255.7,0
2026-07-30 08:45:00+00:00,24255.2,24260.25,24247.7,24257.2,0
2026-07-30 08:50:00+00:00,24256.8,24257.55,24236.55,24244.2,0
2026-07-30 08:55:00+00:00,24244.6,24245.0,24228.95,24235.0,0
2026-07-30 09:00:00+00:00,24235.3,24257.95,24227.25,24246.6,0
2026-07-30 09:05:00+00:00,24245.15,24268.55,24237.7,24267.55,0
2026-07-30 09:10:00+00:00,24267.65,24269.6,24249.9,24258.7,0
2026-07-30 09:15:00+00:00,24258.85,24283.45,24251.1,24277.6,0
2026-07-30 09:20:00+00:00,24276.6,24277.8,24266.3,24267.95,0
2026-07-30 09:25:00+00:00,24267.55,24276.15,24264.0,24272.85,0
2026-07-30 09:30:00+00:00,24273.1,24302.35,24268.75,24299.85,0
2026-07-30 09:35:00+00:00,24301.1,24325.6,24296.85,24319.2,0
2026-07-30 09:40:00+00:00,24321.35,24329.55,24316.6,24318.25,0
2026-07-30 09:45:00+00:00,24316.9,24318.75,24307.95,24314.75,0
2026-07-30 09:50:00+00:00,24314.95,24341.6,24309.8,24335.65,0
2026-07-30 09:55:00+00:00,24337.05,24342.95,24292.75,24296.6,0
2026-07-31 03:45:00+00:00,24361.45,24381.25,24326.55,24350.5,0
2026-07-31 03:50:00+00:00,24350.3,24365.25,24341.05,24353.15,0
2026-07-31 03:55:00+00:00,24353.6,24355.3,24341.2,24345.75,0
2026-07-31 04:00:00+00:00,24344.75,24347.7,24308.2,24312.25,0
2026-07-31 04:05:00+00:00,24312.05,24315.8,24299.7,24310.0,0
2026-07-31 04:10:00+00:00,24310.3,24352.9,24309.1,24349.3,0
2026-07-31 04:15:00+00:00,24348.9,24360.65,24335.75,24358.65,0
2026-07-31 04:20:00+00:00,24358.7,24361.45,24338.35,24354.8,0
2026-07-31 04:25:00+00:00,24354.2,24362.95,24350.4,24357.55,0
2026-07-31 04:30:00+00:00,24357.6,24359.65,24347.75,24351.0,0
2026-07-31 04:35:00+00:00,24350.6,24352.0,24333.65,24341.6,0
2026-07-31 04:40:00+00:00,24341.3,24352.7,24339.75,24346.05,0
2026-07-31 04:45:00+00:00,24346.2,24348.65,24332.9,24347.75,0
2026-07-31 04:50:00+00:00,24347.4,24355.45,24345.6,24353.85,0
2026-07-31 04:55:00+00:00,24353.5,24355.35,24346.3,24352.1,0
2026-07-31 05:00:00+00:00,24350.8,24354.9,24337.15,24341.0,0
2026-07-31 05:05:00+00:00,24340.45,24361.05,24336.15,24357.7,0
2026-07-31 05:10:00+00:00,24357.4,24359.9,24350.6,24353.55,0
2026-07-31 05:15:00+00:00,24353.0,24362.35,24352.05,24356.75,0
2026-07-31 05:20:00+00:00,24355.75,24357.4,24345.3,24351.6,0
2026-07-31 05:25:00+00:00,24352.65,24356.65,24348.4,24354.2,0
2026-07-31 05:30:00+00:00,24354.1,24357.3,24346.8,24354.65,0
2026-07-31 05:35:00+00:00,24354.35,24355.5,24335.95,24337.7,0
2026-07-31 05:40:00+00:00,24337.1,24357.9,24334.15,24357.75,0
2026-07-31 05:45:00+00:00,24357.75,24365.35,24355.7,24362.9,0
2026-07-31 05:50:00+00:00,24362.0,24370.55,24362.0,24367.75,0
2026-07-31 05:55:00+00:00,24366.45,24374.95,24363.9,24365.7,0
2026-07-31 06:00:00+00:00,24366.25,24370.0,24360.2,24363.05,0
2026-07-31 06:05:00+00:00,24362.7,24369.9,24360.45,24360.95,0
2026-07-31 06:10:00+00:00,24361.35,24367.0,24357.85,24364.7,0
2026-07-31 06:15:00+00:00,24364.6,24366.55,24359.0,24362.05,0
2026-07-31 06:20:00+00:00,24362.1,24369.1,24358.35,24361.6,0
2026-07-31 06:25:00+00:00,24362.75,24368.45,24361.1,24364.45,0
2026-07-31 06:30:00+00:00,24364.85,24368.55,24361.35,24362.3,0
2026-07-31 06:35:00+00:00,24362.25,24374.3,24360.95,24371.9,0
2026-07-31 06:40:00+00:00,24371.9,24382.65,24365.8,24382.1,0
2026-07-31 06:45:00+00:00,24381.55,24384.4,24374.3,24374.7,0
2026-07-31 06:50:00+00:00,24374.65,24380.15,24374.4,24378.45,0
2026-07-31 06:55:00+00:00,24378.65,24393.5,24378.0,24386.3,0
2026-07-31 07:00:00+00:00,24385.7,24392.8,24378.65,24392.6,0
2026-07-31 07:05:00+00:00,24392.85,24397.65,24389.8,24396.15,0
2026-07-31 07:10:00+00:00,24396.75,24404.6,24394.5,24401.75,0
2026-07-31 07:15:00+00:00,24402.0,24413.95,24400.05,24413.1,0
2026-07-31 07:20:00+00:00,24412.55,24414.95,24402.85,24408.75,0
2026-07-31 07:25:00+00:00,24408.9,24424.8,24407.9,24413.75,0
2026-07-31 07:30:00+00:00,24412.95,24417.35,24407.55,24414.45,0
2026-07-31 07:35:00+00:00,24414.75,24427.85,24414.45,24418.85,0
2026-07-31 07:40:00+00:00,24419.15,24421.45,24412.15,24414.8,0
2026-07-31 07:45:00+00:00,24414.3,24421.75,24412.7,24420.6,0
2026-07-31 07:50:00+00:00,24420.7,24426.2,24415.55,24423.6,0
2026-07-31 07:55:00+00:00,24423.15,24429.4,24414.35,24417.85,0
2026-07-31 08:00:00+00:00,24417.9,24419.8,24396.05,24398.8,0
2026-07-31 08:05:00+00:00,24399.2,24411.3,24397.9,24400.15,0
2026-07-31 08:10:00+00:00,24400.4,24402.6,24391.45,24395.2,0
2026-07-31 08:15:00+00:00,24395.75,24403.05,24390.2,24400.15,0
2026-07-31 08:20:00+00:00,24399.7,24406.45,24397.5,24403.9,0
2026-07-31 08:25:00+00:00,24404.95,24413.1,24402.75,24412.2,0
2026-07-31 08:30:00+00:00,24413.05,24413.75,24394.05,24394.75,0
2026-07-31 08:35:00+00:00,24395.75,24397.8,24386.0,24391.15,0
2026-07-31 08:40:00+00:00,24392.2,24406.4,24389.85,24402.65,0
2026-07-31 08:45:00+00:00,24403.5,24404.8,24391.15,24395.45,0
2026-07-31 08:50:00+00:00,24395.7,24399.9,24390.15,24398.9,0
2026-07-31 08:55:00+00:00,24399.5,24407.05,24391.6,24394.3,0
2026-07-31 09:00:00+00:00,24395.8,24401.9,24373.7,24375.1,0
2026-07-31 09:05:00+00:00,24375.15,24382.3,24368.0,24373.4,0
2026-07-31 09:10:00+00:00,24375.0,24375.55,24357.1,24361.85,0
2026-07-31 09:15:00+00:00,24361.65,24372.65,24361.35,24370.3,0
2026-07-31 09:20:00+00:00,24370.9,24375.05,24365.95,24369.65,0
2026-07-31 09:25:00+00:00,24370.75,24370.9,24355.05,24360.55,0
2026-07-31 09:30:00+00:00,24361.2,24385.85,24361.2,24384.2,0
2026-07-31 09:35:00+00:00,24385.45,24399.0,24381.95,24398.35,0
2026-07-31 09:40:00+00:00,24399.0,24399.15,24388.75,24390.2,0
2026-07-31 09:45:00+00:00,24391.3,24392.4,24377.3,24377.9,0
2026-07-31 09:50:00+00:00,24377.45,24382.0,24373.0,24379.85,0
2026-07-31 09:55:00+00:00,24380.55,24382.35,24359.65,24366.7,0
2026-08-03 03:45:00+00:00,24572.7,24576.45,24515.15,24530.1,0
2026-08-03 03:50:00+00:00,24530.15,24539.5,24515.5,24527.05,0
2026-08-03 03:55:00+00:00,24526.7,24551.95,24523.35,24550.2,0
2026-08-03 04:00:00+00:00,24550.25,24558.4,24541.8,24553.45,0
2026-08-03 04:05:00+00:00,24553.2,24557.0,24543.75,24554.4,0
2026-08-03 04:10:00+00:00,24553.25,24560.45,24550.35,24558.05,0
2026-08-03 04:15:00+00:00,24558.45,24558.85,24546.05,24548.25,0
2026-08-03 04:20:00+00:00,24548.1,24560.9,24545.75,24559.6,0
2026-08-03 04:25:00+00:00,24558.75,24571.6,24558.15,24564.7,0
2026-08-03 04:30:00+00:00,24564.1,24574.6,24559.05,24568.4,0
2026-08-03 04:35:00+00:00,24569.0,24572.9,24560.3,24567.2,0
2026-08-03 04:40:00+00:00,24567.15,24582.25,24563.85,24579.2,0
2026-08-03 04:45:00+00:00,24579.0,24592.45,24577.75,24588.15,0
2026-08-03 04:50:00+00:00,24588.15,24589.4,24572.8,24578.2,0
2026-08-03 04:55:00+00:00,24578.4,24586.85,24575.95,24580.8,0
2026-08-03 05:00:00+00:00,24580.15,24584.75,24564.4,24570.35,0
2026-08-03 05:05:00+00:00,24570.95,24585.45,24562.7,24584.2,0
2026-08-03 05:10:00+00:00,24583.95,24585.7,24575.6,24583.65,0
2026-08-03 05:15:00+00:00,24583.75,24589.45,24579.45,24588.85,0
2026-08-03 05:20:00+00:00,24587.65,24592.55,24585.05,24589.9,0
2026-08-03 05:25:00+00:00,24589.85,24595.9,24581.8,24586.45,0
2026-08-03 05:30:00+00:00,24586.9,24601.75,24585.65,24598.15,0
2026-08-03 05:35:00+00:00,24597.55,24602.55,24590.45,24593.65,0
2026-08-03 05:40:00+00:00,24593.95,24597.35,24584.9,24589.45,0
2026-08-03 05:45:00+00:00,24588.95,24600.45,24586.05,24591.6,0
2026-08-03 05:50:00+00:00,24591.45,24600.95,24589.5,24598.15,0
2026-08-03 05:55:00+00:00,24598.0,24599.2,24588.75,24591.75,0
2026-08-03 06:00:00+00:00,24591.85,24594.2,24579.8,24585.45,0
2026-08-03 06:05:00+00:00,24584.85,24595.7,24583.05,24593.85,0
2026-08-03 06:10:00+00:00,24593.8,24600.3,24590.65,24592.3,0
2026-08-03 06:15:00+00:00,24592.5,24597.85,24584.8,24597.85,0
2026-08-03 06:20:00+00:00,24597.95,24606.15,24595.7,24601.6,0
2026-08-03 06:25:00+00:00,24602.25,24603.3,24590.55,24592.0,0
2026-08-03 06:30:00+00:00,24591.55,24594.9,24585.7,24588.25,0
2026-08-03 06:35:00+00:00,24588.0,24598.7,24587.65,24597.0,0
2026-08-03 06:40:00+00:00,24596.8,24602.6,24591.65,24601.3,0
2026-08-03 06:45:00+00:00,24601.3,24608.8,24599.25,24606.4,0
2026-08-03 06:50:00+00:00,24605.3,24607.2,24598.05,24605.6,0
2026-08-03 06:55:00+00:00,24605.75,24609.5,24602.25,24604.05,0
2026-08-03 07:00:00+00:00,24604.45,24606.55,24591.15,24593.75,0
2026-08-03 07:05:00+00:00,24593.7,24595.45,24584.4,24587.1,0
2026-08-03 07:10:00+00:00,24588.4,24596.8,24585.85,24593.0,0
2026-08-03 07:15:00+00:00,24594.65,24602.15,24570.15,24582.1,0
2026-08-03 07:20:00+00:00,24584.35,24591.85,24578.25,24588.7,0
2026-08-03 07:25:00+00:00,24591.15,24591.15,24580.15,24584.65,0
2026-08-03 07:30:00+00:00,24584.2,24585.95,24575.75,24578.2,0
2026-08-03 07:35:00+00:00,24578.15,24583.95,24576.1,24582.9,0
2026-08-03 07:40:00+00:00,24583.5,24585.7,24575.9,24577.7,0
2026-08-03 07:45:00+00:00,24578.2,24588.05,24576.05,24587.05,0
2026-08-03 07:50:00+00:00,24587.3,24587.95,24580.6,24584.0,0
2026-08-03 07:55:00+00:00,24584.3,24592.05,24583.05,24589.7,0
2026-08-03 08:00:00+00:00,24589.25,24598.45,24585.85,24597.8,0
2026-08-03 08:05:00+00:00,24597.35,24606.05,24592.0,24592.3,0
2026-08-03 08:10:00+00:00,24592.0,24601.0,24581.2,24596.1,0
2026-08-03 08:15:00+00:00,24595.2,24601.15,24591.35,24592.7,0
2026-08-03 08:20:00+00:00,24592.1,24595.85,24583.1,24586.75,0
2026-08-03 08:25:00+00:00,24585.9,24592.65,24581.7,24586.8,0
2026-08-03 08:30:00+00:00,24586.7,24591.05,24583.5,24589.45,0
2026-08-03 08:35:00+00:00,24590.05,24593.2,24585.1,24588.4,0
2026-08-03 08:40:00+00:00,24588.75,24595.05,24583.95,24593.5,0
2026-08-03 08:45:00+00:00,24594.5,24595.05,24577.7,24583.85,0
2026-08-03 08:50:00+00:00,24584.2,24591.55,24580.65,24584.65,0
2026-08-03 08:55:00+00:00,24585.1,24592.3,24584.05,24589.85,0
2026-08-03 09:00:00+00:00,24589.45,24593.65,24587.1,24590.95,0
2026-08-03 09:05:00+00:00,24591.45,24601.15,24585.4,24597.6,0
2026-08-03 09:10:00+00:00,24597.4,24602.0,24594.35,24597.55,0
2026-08-03 09:15:00+00:00,24598.35,24601.5,24593.45,24598.55,0
2026-08-03 09:20:00+00:00,24598.2,24602.75,24588.85,24592.7,0
2026-08-03 09:25:00+00:00,24592.2,24599.2,24590.55,24595.0,0
2026-08-03 09:30:00+00:00,24594.85,24596.55,24583.25,24583.9,0
2026-08-03 09:35:00+00:00,24584.2,24584.95,24554.95,24571.05,0
2026-08-03 09:40:00+00:00,24568.8,24584.05,24554.2,24573.55,0
2026-08-03 09:45:00+00:00,24573.35,24573.35,24573.35,24573.35,0
2026-08-03 09:50:00+00:00,24573.35,24573.35,24573.35,24573.35,0
2026-08-03 09:55:00+00:00,24573.35,24774.3,24573.35,24774.3,0
2026-08-04 03:45:00+00:00,24703.9,24703.9,24589.85,24599.8,0
2026-08-04 03:50:00+00:00,24604.9,24626.45,24600.4,24615.85,0
2026-08-04 03:55:00+00:00,24618.45,24618.45,24595.6,24597.6,0
2026-08-04 04:00:00+00:00,24598.5,24606.4,24589.35,24590.65,0
2026-08-04 04:05:00+00:00,24591.65,24606.2,24589.8,24604.65,0
2026-08-04 04:10:00+00:00,24606.0,24629.55,24604.6,24623.6,0
2026-08-04 04:15:00+00:00,24623.7,24635.95,24621.85,24635.15,0
2026-08-04 04:20:00+00:00,24635.8,24647.65,24631.3,24634.15,0
2026-08-04 04:25:00+00:00,24634.8,24639.6,24628.75,24631.55,0
2026-08-04 04:30:00+00:00,24633.8,24634.75,24625.35,24626.4,0
2026-08-04 04:35:00+00:00,24628.15,24630.65,24610.3,24611.4,0
2026-08-04 04:40:00+00:00,24613.95,24619.0,24607.45,24615.5,0
2026-08-04 04:45:00+00:00,24617.6,24620.75,24610.15,24616.2,0
2026-08-04 04:50:00+00:00,24617.55,24618.15,24593.55,24593.8,0
2026-08-04 04:55:00+00:00,24596.4,24598.1,24588.3,24592.8,0
2026-08-04 05:00:00+00:00,24594.15,24594.95,24580.9,24582.9,0
2026-08-04 05:05:00+00:00,24584.95,24586.25,24578.6,24581.95,0
2026-08-04 05:10:00+00:00,24584.0,24588.55,24580.1,24582.0,0
2026-08-04 05:15:00+00:00,24583.95,24585.55,24578.7,24583.5,0
2026-08-04 05:20:00+00:00,24586.35,24588.9,24580.95,24581.8,0
2026-08-04 05:25:00+00:00,24584.55,24585.25,24569.0,24575.4,0
2026-08-04 05:30:00+00:00,24577.95,24592.05,24576.15,24589.2,0
2026-08-04 05:35:00+00:00,24590.65,24593.7,24584.0,24587.9,0
2026-08-04 05:40:00+00:00,24590.1,24592.5,24585.75,24590.9,0
2026-08-04 05:45:00+00:00,24593.3,24598.8,24588.7,24593.35,0
2026-08-04 05:50:00+00:00,24595.45,24595.45,24585.5,24585.9,0
2026-08-04 05:55:00+00:00,24587.95,24589.45,24575.6,24577.05,0
2026-08-04 06:00:00+00:00,24579.55,24579.55,24568.3,24568.8,0
2026-08-04 06:05:00+00:00,24571.55,24572.55,24560.15,24571.05,0
2026-08-04 06:10:00+00:00,24571.4,24571.85,24553.7,24555.45,0
2026-08-04 06:15:00+00:00,24557.5,24557.5,24530.45,24532.8,0
2026-08-04 06:20:00+00:00,24534.75,24540.4,24529.6,24532.75,0
2026-08-04 06:25:00+00:00,24534.3,24535.8,24521.85,24524.15,0
2026-08-04 06:30:00+00:00,24524.75,24529.1,24505.4,24521.9,0
2026-08-04 06:35:00+00:00,24522.6,24524.05,24503.95,24506.35,0
2026-08-04 06:40:00+00:00,24507.9,24511.5,24496.7,24511.3,0
2026-08-04 06:45:00+00:00,24513.4,24523.6,24505.4,24519.75,0
2026-08-04 06:50:00+00:00,24521.7,24524.35,24513.6,24519.35,0
2026-08-04 06:55:00+00:00,24521.35,24521.45,24511.95,24515.7,0
2026-08-04 07:00:00+00:00,24517.65,24519.65,24506.7,24507.55,0
2026-08-04 07:05:00+00:00,24509.1,24509.1,24491.0,24503.25,0
2026-08-04 07:10:00+00:00,24504.9,24506.15,24488.1,24493.35,0
2026-08-04 07:15:00+00:00,24495.0,24506.65,24493.95,24503.3,0
2026-08-04 07:20:00+00:00,24504.65,24509.8,24499.1,24500.05,0
2026-08-04 07:25:00+00:00,24500.65,24500.65,24489.35,24491.75,0
2026-08-04 07:30:00+00:00,24493.4,24500.85,24488.75,24493.65,0
2026-08-04 07:35:00+00:00,24494.65,24495.8,24483.2,24483.7,0
2026-08-04 07:40:00+00:00,24486.65,24489.75,24477.35,24479.6,0
2026-08-04 07:45:00+00:00,24481.7,24487.95,24474.1,24482.05,0
2026-08-04 07:50:00+00:00,24484.05,24493.45,24475.15,24491.8,0
2026-08-04 07:55:00+00:00,24492.75,24492.75,24469.35,24471.2,0
2026-08-04 08:00:00+00:00,24473.5,24474.0,24458.2,24463.7,0
2026-08-04 08:05:00+00:00,24464.7,24470.85,24455.95,24468.2,0
2026-08-04 08:10:00+00:00,24468.75,24471.0,24453.65,24453.8,0
2026-08-04 08:15:00+00:00,24454.8,24467.45,24451.7,24465.45,0
2026-08-04 08:20:00+00:00,24466.75,24468.45,24440.9,24446.7,0
2026-08-04 08:25:00+00:00,24446.4,24449.6,24427.95,24448.9,0
2026-08-04 08:30:00+00:00,24450.6,24450.6,24436.15,24445.4,0
2026-08-04 08:35:00+00:00,24447.8,24458.75,24444.3,24450.2,0
2026-08-04 08:40:00+00:00,24452.5,24463.3,24450.1,24462.35,0
2026-08-04 08:45:00+00:00,24463.8,24487.35,24460.45,24486.0,0
2026-08-04 08:50:00+00:00,24487.3,24494.3,24463.8,24473.4,0
2026-08-04 08:55:00+00:00,24476.0,24482.85,24461.1,24470.5,0
2026-08-04 09:00:00+00:00,24470.1,24490.3,24456.3,24463.15,0
2026-08-04 09:05:00+00:00,24464.85,24471.5,24456.85,24463.3,0
2026-08-04 09:10:00+00:00,24463.85,24467.55,24456.65,24456.65,0
2026-08-04 09:15:00+00:00,24459.4,24472.05,24455.95,24469.2,0
2026-08-04 09:20:00+00:00,24469.65,24476.3,24465.9,24474.8,0
2026-08-04 09:25:00+00:00,24475.7,24481.45,24465.6,24465.85,0
2026-08-04 09:30:00+00:00,24469.1,24474.3,24449.75,24450.35,0
2026-08-04 09:35:00+00:00,24450.35,24458.3,24445.0,24452.3,0
2026-08-04 09:40:00+00:00,24454.0,24466.15,24443.6,24462.95,0
2026-08-04 09:45:00+00:00,24463.45,24463.45,24463.45,24463.45,0
2026-08-04 09:50:00+00:00,24463.45,24463.45,24463.45,24463.45,0
2026-08-04 09:55:00+00:00,24463.45,24614.9,24463.45,24614.9,0
2026-08-05 03:45:00+00:00,24669.2,24677.6,24616.95,24636.2,0
2026-08-05 03:50:00+00:00,24636.5,24642.15,24621.05,24626.1,0
2026-08-05 03:55:00+00:00,24624.0,24628.2,24611.0,24621.4,0
2026-08-05 04:00:00+00:00,24622.2,24624.05,24605.2,24610.65,0
2026-08-05 04:05:00+00:00,24612.8,24622.6,24604.6,24622.25,0
2026-08-05 04:10:00+00:00,24622.75,24635.95,24620.45,24628.05,0
2026-08-05 04:15:00+00:00,24629.85,24631.7,24621.6,24629.5,0
2026-08-05 04:20:00+00:00,24629.05,24630.5,24591.15,24592.1,0
2026-08-05 04:25:00+00:00,24592.55,24595.3,24581.55,24594.25,0
2026-08-05 04:30:00+00:00,24595.05,24620.6,24595.05,24612.15,0
2026-08-05 04:35:00+00:00,24612.2,24614.75,24588.45,24605.6,0
2026-08-05 04:40:00+00:00,24607.1,24623.2,24605.35,24621.25,0
2026-08-05 04:45:00+00:00,24621.75,24621.75,24601.7,24610.8,0
2026-08-05 04:50:00+00:00,24612.9,24618.9,24604.7,24616.0,0
2026-08-05 04:55:00+00:00,24616.1,24616.8,24580.45,24582.15,0
2026-08-05 05:00:00+00:00,24582.8,24583.1,24562.2,24580.15,0
2026-08-05 05:05:00+00:00,24580.4,24591.2,24575.1,24581.5,0
2026-08-05 05:10:00+00:00,24583.65,24605.05,24578.85,24594.4,0
2026-08-05 05:15:00+00:00,24596.25,24610.4,24593.9,24609.5,0
2026-08-05 05:20:00+00:00,24611.4,24619.55,24604.3,24616.2,0
2026-08-05 05:25:00+00:00,24618.2,24644.75,24615.4,24643.5,0
2026-08-05 05:30:00+00:00,24643.9,24657.15,24643.5,24647.95,0
2026-08-05 05:35:00+00:00,24650.4,24662.6,24625.65,24626.2,0
2026-08-05 05:40:00+00:00,24627.25,24640.65,24617.9,24631.45,0
2026-08-05 05:45:00+00:00,24631.2,24637.65,24622.05,24622.4,0
2026-08-05 05:50:00+00:00,24623.45,24629.15,24616.1,24619.55,0
2026-08-05 05:55:00+00:00,24620.25,24621.15,24608.0,24610.95,0
2026-08-05 06:00:00+00:00,24609.55,24612.25,24589.25,24590.2,0
2026-08-05 06:05:00+00:00,24591.05,24599.3,24586.5,24598.2,0
2026-08-05 06:10:00+00:00,24599.3,24601.1,24589.85,24594.4,0
2026-08-05 06:15:00+00:00,24595.75,24595.75,24583.05,24583.65,0
2026-08-05 06:20:00+00:00,24584.95,24584.95,24569.4,24573.7,0
2026-08-05 06:25:00+00:00,24575.85,24575.85,24561.5,24570.05,0
2026-08-05 06:30:00+00:00,24570.85,24579.05,24568.3,24575.85,0
2026-08-05 06:35:00+00:00,24576.35,24578.6,24571.9,24576.4,0
2026-08-05 06:40:00+00:00,24577.5,24577.5,24564.75,24572.85,0
2026-08-05 06:45:00+00:00,24573.75,24580.35,24566.3,24566.5,0
2026-08-05 06:50:00+00:00,24567.95,24576.8,24560.75,24571.9,0
2026-08-05 06:55:00+00:00,24573.1,24576.15,24564.1,24566.9,0
2026-08-05 07:00:00+00:00,24567.3,24568.3,24541.9,24543.95,0
2026-08-05 07:05:00+00:00,24544.3,24545.3,24530.05,24540.0,0
2026-08-05 07:10:00+00:00,24541.2,24545.65,24525.35,24531.85,0
2026-08-05 07:15:00+00:00,24533.6,24535.1,24520.6,24523.85,0
2026-08-05 07:20:00+00:00,24525.1,24526.1,24517.45,24523.05,0
2026-08-05 07:25:00+00:00,24524.55,24528.5,24515.6,24516.35,0
2026-08-05 07:30:00+00:00,24518.1,24534.6,24513.7,24530.9,0
2026-08-05 07:35:00+00:00,24532.3,24536.9,24508.45,24536.65,0
2026-08-05 07:40:00+00:00,24537.65,24540.1,24519.25,24534.95,0
2026-08-05 07:45:00+00:00,24535.85,24548.5,24530.55,24547.3,0
2026-08-05 07:50:00+00:00,24548.7,24559.3,24522.95,24524.45,0
2026-08-05 07:55:00+00:00,24526.05,24532.05,24515.75,24528.55,0
2026-08-05 08:00:00+00:00,24529.2,24535.1,24515.6,24519.05,0
2026-08-05 08:05:00+00:00,24520.8,24528.1,24516.9,24520.1,0
2026-08-05 08:10:00+00:00,24521.45,24521.45,24498.4,24502.95,0
2026-08-05 08:15:00+00:00,24503.7,24528.0,24502.1,24527.45,0
2026-08-05 08:20:00+00:00,24529.0,24532.5,24507.8,24517.05,0
2026-08-05 08:25:00+00:00,24517.3,24517.45,24506.5,24514.45,0
2026-08-05 08:30:00+00:00,24515.55,24526.85,24513.45,24524.5,0
2026-08-05 08:35:00+00:00,24525.9,24534.3,24522.25,24523.7,0
2026-08-05 08:40:00+00:00,24524.8,24532.25,24512.6,24513.25,0
2026-08-05 08:45:00+00:00,24514.0,24515.8,24497.95,24507.45,0
2026-08-05 08:50:00+00:00,24506.7,24516.8,24503.4,24505.5,0
2026-08-05 08:55:00+00:00,24505.9,24513.05,24501.1,24504.75,0
2026-08-05 09:00:00+00:00,24507.15,24511.75,24503.25,24504.85,0
2026-08-05 09:05:00+00:00,24506.1,24520.35,24501.5,24516.65,0
2026-08-05 09:10:00+00:00,24516.05,24516.75,24500.75,24505.0,0
2026-08-05 09:15:00+00:00,24506.1,24520.8,24503.85,24517.1,0
2026-08-05 09:20:00+00:00,24517.45,24520.6,24507.45,24511.2,0
2026-08-05 09:25:00+00:00,24512.5,24530.8,24506.2,24523.8,0
2026-08-05 09:30:00+00:00,24525.8,24536.15,24517.3,24533.3,0
2026-08-05 09:35:00+00:00,24533.55,24548.95,24518.6,24540.75,0
2026-08-05 09:40:00+00:00,24542.25,24575.75,24528.5,24570.2,0
2026-08-05 09:45:00+00:00,24570.2,24570.2,24570.2,24570.2,0
2026-08-05 09:50:00+00:00,24570.2,24570.2,24570.2,24570.2,0
2026-08-05 09:55:00+00:00,24570.2,24624.65,24570.2,24624.65,0
2026-08-06 03:45:00+00:00,24641.0,24641.9,24604.15,24625.95,0
2026-08-06 03:50:00+00:00,24627.0,24648.2,24625.4,24637.5,0
2026-08-06 03:55:00+00:00,24638.2,24641.95,24626.25,24635.25,0
2026-08-06 04:00:00+00:00,24637.75,24650.45,24620.65,24624.55,0
2026-08-06 04:05:00+00:00,24625.55,24639.4,24622.7,24632.95,0
2026-08-06 04:10:00+00:00,24635.55,24646.4,24632.0,24645.15,0
2026-08-06 04:15:00+00:00,24647.9,24664.6,24645.2,24659.65,0
2026-08-06 04:20:00+00:00,24660.2,24665.05,24655.4,24662.3,0
2026-08-06 04:25:00+00:00,24663.05,24663.05,24635.3,24636.35,0
2026-08-06 04:30:00+00:00,24637.55,24637.55,24606.45,24614.55,0
2026-08-06 04:35:00+00:00,24614.05,24621.5,24605.95,24620.7,0
2026-08-06 04:40:00+00:00,24621.05,24638.9,24619.55,24630.85,0
2026-08-06 04:45:00+00:00,24631.75,24631.75,24617.75,24619.9,0
2026-08-06 04:50:00+00:00,24621.0,24639.25,24618.65,24638.65,0
2026-08-06 04:55:00+00:00,24639.45,24639.7,24627.65,24635.7,0
2026-08-06 05:00:00+00:00,24636.55,24643.35,24634.4,24635.55,0
2026-08-06 05:05:00+00:00,24636.05,24643.35,24630.35,24639.6,0
2026-08-06 05:10:00+00:00,24639.95,24641.1,24632.05,24636.65,0
2026-08-06 05:15:00+00:00,24637.0,24637.25,24621.65,24626.9,0
2026-08-06 05:20:00+00:00,24626.05,24629.95,24616.0,24628.05,0
2026-08-06 05:25:00+00:00,24629.4,24640.6,24623.4,24630.7,0
2026-08-06 05:30:00+00:00,24630.9,24634.7,24621.6,24629.75,0
2026-08-06 05:35:00+00:00,24629.9,24639.6,24628.8,24638.35,0
2026-08-06 05:40:00+00:00,24639.0,24655.6,24637.8,24652.45,0
2026-08-06 05:45:00+00:00,24653.8,24666.3,24647.9,24663.9,0
2026-08-06 05:50:00+00:00,24664.6,24671.05,24663.85,24669.65,0
2026-08-06 05:55:00+00:00,24669.95,24675.05,24663.85,24672.55,0
2026-08-06 06:00:00+00:00,24674.0,24677.05,24658.6,24659.75,0
2026-08-06 06:05:00+00:00,24660.65,24663.4,24650.65,24651.5,0
2026-08-06 06:10:00+00:00,24651.65,24656.55,24628.95,24633.65,0
2026-08-06 06:15:00+00:00,24633.75,24636.35,24626.9,24635.65,0
2026-08-06 06:20:00+00:00,24636.45,24650.75,24636.1,24645.3,0
2026-08-06 06:25:00+00:00,24646.15,24664.35,24644.7,24659.9,0
2026-08-06 06:30:00+00:00,24660.55,24661.8,24652.85,24654.7,0
2026-08-06 06:35:00+00:00,24655.25,24657.65,24648.9,24651.65,0
2026-08-06 06:40:00+00:00,24651.7,24651.8,24638.3,24643.15,0
2026-08-06 06:45:00+00:00,24644.2,24660.75,24643.35,24646.35,0
2026-08-06 06:50:00+00:00,24646.5,24646.7,24627.2,24635.6,0
2026-08-06 06:55:00+00:00,24636.1,24641.7,24630.85,24637.05,0
2026-08-06 07:00:00+00:00,24637.35,24648.55,24636.4,24645.3,0
2026-08-06 07:05:00+00:00,24645.9,24649.45,24639.35,24642.65,0
2026-08-06 07:10:00+00:00,24643.6,24651.1,24638.8,24646.25,0
2026-08-06 07:15:00+00:00,24646.2,24648.45,24634.2,24636.3,0
2026-08-06 07:20:00+00:00,24636.8,24641.8,24627.85,24631.95,0
2026-08-06 07:25:00+00:00,24632.65,24636.25,24622.05,24629.05,0
2026-08-06 07:30:00+00:00,24629.25,24650.95,24628.35,24642.55,0
2026-08-06 07:35:00+00:00,24643.05,24647.25,24622.45,24627.15,0
2026-08-06 07:40:00+00:00,24627.65,24644.05,24621.25,24622.2,0
2026-08-06 07:45:00+00:00,24623.0,24653.45,24611.85,24651.6,0
2026-08-06 07:50:00+00:00,24651.8,24655.9,24617.9,24618.9,0
2026-08-06 07:55:00+00:00,24619.5,24633.45,24615.95,24628.0,0
2026-08-06 08:00:00+00:00,24628.05,24643.4,24628.05,24640.7,0
2026-08-06 08:05:00+00:00,24641.5,24659.65,24629.9,24633.8,0
2026-08-06 08:10:00+00:00,24633.45,24641.15,24626.0,24633.05,0
2026-08-06 08:15:00+00:00,24634.55,24636.1,24613.35,24613.6,0
2026-08-06 08:20:00+00:00,24614.25,24632.95,24606.9,24629.25,0
2026-08-06 08:25:00+00:00,24630.55,24649.75,24620.8,24647.25,0
2026-08-06 08:30:00+00:00,24646.25,24651.25,24634.1,24648.05,0
2026-08-06 08:35:00+00:00,24647.75,24656.65,24646.9,24649.2,0
2026-08-06 08:40:00+00:00,24650.0,24658.5,24648.2,24651.1,0
2026-08-06 08:45:00+00:00,24651.85,24657.65,24650.15,24654.3,0
2026-08-06 08:50:00+00:00,24654.5,24658.75,24649.35,24657.5,0
2026-08-06 08:55:00+00:00,24657.5,24662.8,24651.5,24654.9,0
2026-08-06 09:00:00+00:00,24655.45,24659.45,24634.25,24649.3,0
2026-08-06 09:05:00+00:00,24649.4,24653.6,24641.75,24643.6,0
2026-08-06 09:10:00+00:00,24644.35,24652.65,24632.65,24638.35,0
2026-08-06 09:15:00+00:00,24639.55,24647.55,24634.5,24644.55,0
2026-08-06 09:20:00+00:00,24645.4,24645.8,24634.05,24636.25,0
2026-08-06 09:25:00+00:00,24636.15,24636.2,24629.35,24633.0,0
2026-08-06 09:30:00+00:00,24633.2,24642.05,24614.7,24621.7,0
2026-08-06 09:35:00+00:00,24624.25,24639.0,24616.7,24628.2,0
2026-08-06 09:40:00+00:00,24628.65,24636.6,24619.2,24628.5,0
2026-08-06 09:45:00+00:00,24627.95,24627.95,24627.95,24627.95,0
2026-08-06 09:50:00+00:00,24627.95,24627.95,24627.95,24627.95,0
2026-08-06 09:55:00+00:00,24627.95,24636.0,24627.95,24636.0,0
2026-08-07 03:45:00+00:00,24538.9,24603.15,24529.2,24592.2,0
2026-08-07 03:50:00+00:00,24593.25,24620.0,24584.75,24611.7,0
2026-08-07 03:55:00+00:00,24613.3,24614.65,24600.5,24601.6,0
2026-08-07 04:00:00+00:00,24604.0,24611.95,24593.25,24601.7,0
2026-08-07 04:05:00+00:00,24602.65,24608.8,24598.4,24604.65,0
2026-08-07 04:10:00+00:00,24605.8,24618.65,24598.3,24618.2,0
2026-08-07 04:15:00+00:00,24620.15,24620.45,24600.8,24610.95,0
2026-08-07 04:20:00+00:00,24612.6,24626.5,24611.65,24622.25,0
2026-08-07 04:25:00+00:00,24625.45,24630.4,24617.95,24625.8,0
2026-08-07 04:30:00+00:00,24627.05,24627.05,24607.5,24613.8,0
2026-08-07 04:35:00+00:00,24614.95,24618.75,24609.7,24613.2,0
2026-08-07 04:40:00+00:00,24613.65,24614.9,24594.0,24599.15,0
2026-08-07 04:45:00+00:00,24601.65,24601.65,24570.8,24577.15,0
2026-08-07 04:50:00+00:00,24579.1,24587.8,24570.9,24574.6,0
2026-08-07 04:55:00+00:00,24577.0,24577.0,24562.95,24566.55,0
2026-08-07 05:00:00+00:00,24567.85,24572.95,24561.3,24571.3,0
2026-08-07 05:05:00+00:00,24572.4,24576.0,24566.7,24574.85,0
2026-08-07 05:10:00+00:00,24576.6,24576.6,24563.95,24569.5,0
2026-08-07 05:15:00+00:00,24572.15,24583.9,24569.4,24577.1,0
2026-08-07 05:20:00+00:00,24579.05,24586.5,24572.55,24582.2,0
2026-08-07 05:25:00+00:00,24583.85,24586.05,24569.5,24570.35,0
2026-08-07 05:30:00+00:00,24572.15,24575.25,24552.25,24555.8,0
2026-08-07 05:35:00+00:00,24557.05,24570.9,24555.15,24567.2,0
2026-08-07 05:40:00+00:00,24568.9,24571.1,24565.2,24567.6,0
2026-08-07 05:45:00+00:00,24569.1,24569.1,24558.45,24562.65,0
2026-08-07 05:50:00+00:00,24564.95,24577.55,24561.15,24576.25,0
2026-08-07 05:55:00+00:00,24578.7,24591.6,24575.1,24584.75,0
2026-08-07 06:00:00+00:00,24586.6,24586.6,24575.1,24578.6,0
2026-08-07 06:05:00+00:00,24579.3,24589.5,24576.1,24585.7,0
2026-08-07 06:10:00+00:00,24587.05,24587.05,24579.0,24579.35,0
2026-08-07 06:15:00+00:00,24581.5,24581.9,24563.15,24564.0,0
2026-08-07 06:20:00+00:00,24565.8,24565.8,24550.65,24556.45,0
2026-08-07 06:25:00+00:00,24557.2,24561.0,24555.35,24560.95,0
2026-08-07 06:30:00+00:00,24562.5,24563.45,24551.75,24552.5,0
2026-08-07 06:35:00+00:00,24554.5,24555.5,24545.75,24551.45,0
2026-08-07 06:40:00+00:00,24552.55,24553.1,24540.15,24541.15,0
2026-08-07 06:45:00+00:00,24543.3,24543.3,24532.9,24537.9,0
2026-08-07 06:50:00+00:00,24538.5,24546.95,24534.15,24538.1,0
2026-08-07 06:55:00+00:00,24540.9,24558.4,24536.2,24550.0,0
2026-08-07 07:00:00+00:00,24551.75,24561.05,24544.8,24559.55,0
2026-08-07 07:05:00+00:00,24562.3,24562.45,24555.9,24560.05,0
2026-08-07 07:10:00+00:00,24562.45,24562.45,24552.45,24557.05,0
2026-08-07 07:15:00+00:00,24559.35,24570.05,24554.65,24567.0,0
2026-08-07 07:20:00+00:00,24568.5,24568.55,24554.5,24559.3,0
2026-08-07 07:25:00+00:00,24560.7,24561.25,24551.3,24553.65,0
2026-08-07 07:30:00+00:00,24556.25,24557.55,24548.15,24556.05,0
2026-08-07 07:35:00+00:00,24559.6,24567.25,24555.9,24557.9,0
2026-08-07 07:40:00+00:00,24559.5,24562.45,24546.7,24547.0,0
2026-08-07 07:45:00+00:00,24548.25,24560.25,24546.1,24546.45,0
2026-08-07 07:50:00+00:00,24549.15,24566.0,24546.15,24564.8,0
2026-08-07 07:55:00+00:00,24566.0,24573.5,24563.4,24565.95,0
2026-08-07 08:00:00+00:00,24567.55,24568.45,24545.7,24547.75,0
2026-08-07 08:05:00+00:00,24549.0,24558.15,24545.35,24547.55,0
2026-08-07 08:10:00+00:00,24549.25,24552.3,24545.7,24548.5,0
2026-08-07 08:15:00+00:00,24550.7,24574.85,24547.7,24573.45,0
2026-08-07 08:20:00+00:00,24576.2,24590.5,24569.0,24571.2,0
2026-08-07 08:25:00+00:00,24572.6,24574.0,24549.45,24563.95,0
2026-08-07 08:30:00+00:00,24565.85,24579.65,24549.85,24553.55,0
2026-08-07 08:35:00+00:00,24554.85,24559.15,24532.1,24538.2,0
2026-08-07 08:40:00+00:00,24539.2,24541.45,24522.75,24526.85,0
2026-08-07 08:45:00+00:00,24528.8,24542.95,24523.15,24536.55,0
2026-08-07 08:50:00+00:00,24537.85,24543.2,24529.2,24541.3,0
2026-08-07 08:55:00+00:00,24544.6,24547.1,24532.95,24534.1,0
2026-08-07 09:00:00+00:00,24535.8,24549.6,24526.15,24543.45,0
2026-08-07 09:05:00+00:00,24544.65,24546.45,24535.05,24537.1,0
2026-08-07 09:10:00+00:00,24536.7,24541.4,24531.15,24537.9,0
2026-08-07 09:15:00+00:00,24542.5,24561.45,24537.5,24559.05,0
2026-08-07 09:20:00+00:00,24559.35,24561.0,24528.55,24531.95,0
2026-08-07 09:25:00+00:00,24533.55,24547.1,24531.8,24542.15,0
2026-08-07 09:30:00+00:00,24542.55,24552.45,24541.6,24550.15,0
2026-08-07 09:35:00+00:00,24551.0,24554.7,24544.65,24552.2,0
2026-08-07 09:40:00+00:00,24553.85,24565.1,24552.35,24554.55,0
2026-08-07 09:45:00+00:00,24557.0,24557.0,24557.0,24557.0,0
2026-08-07 09:50:00+00:00,24557.0,24557.0,24557.0,24557.0,0
2026-08-07 09:55:00+00:00,24557.0,24570.65,24557.0,24570.65,0
