datetime,open,high,low,close,volume
2026-02-06 03:45:00+00:00,25605.8,25630.8,25553.55,25574.35,0
2026-02-06 04:00:00+00:00,25574.6,25574.6,25522.25,25526.3,0
2026-02-06 04:15:00+00:00,25527.2,25570.8,25527.2,25552.35,0
2026-02-06 04:30:00+00:00,25552.35,25560.45,25504.6,25515.8,0
2026-02-06 04:45:00+00:00,25515.8,25558.8,25506.65,25506.65,0
2026-02-06 05:00:00+00:00,25507.1,25525.85,25496.1,25502.4,0
2026-02-06 05:15:00+00:00,25501.7,25524.2,25491.9,25522.5,0
2026-02-06 05:30:00+00:00,25522.75,25576.4,25522.75,25576.4,0
2026-02-06 05:45:00+00:00,25577.8,25598.2,25564.6,25588.55,0
2026-02-06 06:00:00+00:00,25588.5,25644.5,25582.95,25623.8,0
2026-02-06 06:15:00+00:00,25623.85,25641.8,25613.2,25632.25,0
2026-02-06 06:30:00+00:00,25631.35,25657.9,25588.45,25611.05,0
2026-02-06 06:45:00+00:00,25611.7,25614.35,25561.35,25573.75,0
2026-02-06 07:00:00+00:00,25573.25,25573.5,25536.7,25543.45,0
2026-02-06 07:15:00+00:00,25542.8,25570.35,25526.65,25556.7,0
2026-02-06 07:30:00+00:00,25556.15,25573.15,25540.2,25561.45,0
2026-02-06 07:45:00+00:00,25562.1,25576.65,25559.7,25569.0,0
2026-02-06 08:00:00+00:00,25569.4,25598.75,25549.1,25578.45,0
2026-02-06 08:15:00+00:00,25578.3,25626.1,25572.05,25617.6,0
2026-02-06 08:30:00+00:00,25617.4,25633.3,25607.15,25612.3,0
2026-02-06 08:45:00+00:00,25612.15,25630.65,25601.9,25610.9,0
2026-02-06 09:00:00+00:00,25611.1,25652.4,25606.5,25651.85,0
2026-02-06 09:15:00+00:00,25651.8,25671.85,25633.65,25670.3,0
2026-02-06 09:30:00+00:00,25671.2,25703.8,25671.2,25698.5,0
2026-02-06 09:45:00+00:00,25697.75,25703.95,25660.2,25673.6,0
2026-02-09 03:45:00+00:00,25888.7,25922.25,25793.3,25822.9,0
2026-02-09 04:00:00+00:00,25822.0,25835.5,25780.9,25793.05,0
2026-02-09 04:15:00+00:00,25792.9,25819.25,25790.35,25814.1,0
2026-02-09 04:30:00+00:00,25814.8,25831.1,25796.15,25801.6,0
2026-02-09 04:45:00+00:00,25800.1,25829.95,25794.0,25812.8,0
2026-02-09 05:00:00+00:00,25812.3,25852.35,25810.1,25852.35,0
2026-02-09 05:15:00+00:00,25852.8,25866.4,25844.5,25864.6,0
2026-02-09 05:30:00+00:00,25865.2,25870.05,25853.45,25857.95,0
2026-02-09 05:45:00+00:00,25858.15,25868.35,25851.75,25858.4,0
2026-02-09 06:00:00+00:00,25858.85,25866.55,25842.0,25851.0,0
2026-02-09 06:15:00+00:00,25850.45,25852.3,25830.5,25834.75,0
2026-02-09 06:30:00+00:00,25834.3,25861.25,25833.9,25856.25,0
2026-02-09 06:45:00+00:00,25856.6,25861.45,25848.5,25849.3,0
2026-02-09 07:00:00+00:00,25850.55,25850.9,25831.55,25835.95,0
2026-02-09 07:15:00+00:00,25836.0,25839.8,25819.95,25837.25,0
2026-02-09 07:30:00+00:00,25838.4,25860.3,25835.9,25849.95,0
2026-02-09 07:45:00+00:00,25850.75,25860.0,25836.85,25838.15,0
2026-02-09 08:00:00+00:00,25840.35,25856.1,25835.85,25853.3,0
2026-02-09 08:15:00+00:00,25854.05,25857.3,25843.1,25845.65,0
2026-02-09 08:30:00+00:00,25846.1,25853.8,25835.5,25844.4,0
2026-02-09 08:45:00+00:00,25845.25,25864.4,25842.2,25858.7,0
2026-02-09 09:00:00+00:00,25860.05,25861.0,25840.35,25843.8,0
2026-02-09 09:15:00+00:00,25844.95,25861.3,25836.25,25858.05,0
2026-02-09 09:30:00+00:00,25860.5,25875.85,25859.35,25866.3,0
2026-02-09 09:45:00+00:00,25866.55,25870.55,25856.85,25863.3,0
2026-02-10 03:45:00+00:00,25922.65,25934.95,25870.45,25917.6,0
2026-02-10 04:00:00+00:00,25918.2,25953.2,25909.65,25949.4,0
2026-02-10 04:15:00+00:00,25949.65,25962.3,25928.8,25949.5,0
2026-02-10 04:30:00+00:00,25948.7,25965.7,25940.25,25944.35,0
2026-02-10 04:45:00+00:00,25944.4,25971.85,25942.0,25963.4,0
2026-02-10 05:00:00+00:00,25963.5,25978.9,25951.35,25960.7,0
2026-02-10 05:15:00+00:00,25960.15,25971.7,25954.35,25959.6,0
2026-02-10 05:30:00+00:00,25959.3,25969.9,25955.1,25959.65,0
2026-02-10 05:45:00+00:00,25960.05,25964.4,25947.3,25954.05,0
2026-02-10 06:00:00+00:00,25953.95,25961.2,25941.9,25950.9,0
2026-02-10 06:15:00+00:00,25951.35,25963.7,25943.95,25961.75,0
2026-02-10 06:30:00+00:00,25961.9,25965.4,25950.65,25963.65,0
2026-02-10 06:45:00+00:00,25964.35,25969.8,25952.65,25956.8,0
2026-02-10 07:00:00+00:00,25956.4,25965.0,25950.85,25964.7,0
2026-02-10 07:15:00+00:00,25964.55,25989.45,25963.7,25973.45,0
2026-02-10 07:30:00+00:00,25972.45,25981.0,25956.8,25977.75,0
2026-02-10 07:45:00+00:00,25978.0,25982.25,25927.45,25938.1,0
2026-02-10 08:00:00+00:00,25935.05,25935.65,25908.85,25927.2,0
2026-02-10 08:15:00+00:00,25925.05,25936.05,25909.6,25910.85,0
2026-02-10 08:30:00+00:00,25910.35,25923.4,25893.2,25918.7,0
2026-02-10 08:45:00+00:00,25918.15,25943.8,25915.85,25921.3,0
2026-02-10 09:00:00+00:00,25919.15,25930.6,25903.85,25912.7,0
2026-02-10 09:15:00+00:00,25911.4,25944.4,25911.2,25941.45,0
2026-02-10 09:30:00+00:00,25943.0,25967.4,25930.85,25933.95,0
2026-02-10 09:45:00+00:00,25934.3,25937.05,25906.05,25916.8,0
2026-02-11 03:45:00+00:00,25997.45,26009.4,25942.45,25980.6,0
2026-02-11 04:00:00+00:00,25980.1,25984.55,25923.5,25937.85,0
2026-02-11 04:15:00+00:00,25937.8,25956.3,25925.75,25943.05,0
2026-02-11 04:30:00+00:00,25943.2,25943.4,25909.85,25917.9,0
2026-02-11 04:45:00+00:00,25918.05,25967.75,25916.9,25964.8,0
2026-02-11 05:00:00+00:00,25964.2,25981.3,25958.2,25969.05,0
2026-02-11 05:15:00+00:00,25968.0,25978.6,25955.8,25961.25,0
2026-02-11 05:30:00+00:00,25961.95,25971.65,25938.9,25956.95,0
2026-02-11 05:45:00+00:00,25957.4,25967.9,25947.4,25957.7,0
2026-02-11 06:00:00+00:00,25957.7,25979.05,25953.65,25956.15,0
2026-02-11 06:15:00+00:00,25956.45,25969.35,25945.5,25946.75,0
2026-02-11 06:30:00+00:00,25947.55,25960.95,25933.95,25953.95,0
2026-02-11 06:45:00+00:00,25954.45,25955.45,25935.8,25939.7,0
2026-02-11 07:00:00+00:00,25940.05,25945.1,25899.8,25911.2,0
2026-02-11 07:15:00+00:00,25911.2,25936.45,25900.9,25927.4,0
2026-02-11 07:30:00+00:00,25928.2,25931.1,25907.6,25923.75,0
2026-02-11 07:45:00+00:00,25923.95,25945.65,25920.1,25945.05,0
2026-02-11 08:00:00+00:00,25944.7,25969.2,25939.9,25955.35,0
2026-02-11 08:15:00+00:00,25955.1,25956.3,25927.5,25932.6,0
2026-02-11 08:30:00+00:00,25932.05,25956.8,25925.55,25956.2,0
2026-02-11 08:45:00+00:00,25955.95,25964.1,25939.7,25944.85,0
2026-02-11 09:00:00+00:00,25944.4,25954.05,25937.2,25944.9,0
2026-02-11 09:15:00+00:00,25945.45,25955.95,25940.3,25944.95,0
2026-02-11 09:30:00+00:00,25944.65,25970.75,25944.65,25955.9,0
2026-02-11 09:45:00+00:00,25957.95,25958.65,25939.75,25945.35,0
2026-02-12 03:45:00+00:00,25906.7,25906.7,25831.25,25833.75,0
2026-02-12 04:00:00+00:00,25835.8,25847.95,25822.3,25844.65,0
2026-02-12 04:15:00+00:00,25844.85,25872.35,25828.4,25865.1,0
2026-02-12 04:30:00+00:00,25867.5,25880.9,25849.9,25880.85,0
2026-02-12 04:45:00+00:00,25881.8,25882.6,25859.4,25867.2,0
2026-02-12 05:00:00+00:00,25867.35,25876.0,25850.6,25859.3,0
2026-02-12 05:15:00+00:00,25859.3,25865.55,25848.7,25853.6,0
2026-02-12 05:30:00+00:00,25853.6,25861.8,25843.15,25849.15,0
2026-02-12 05:45:00+00:00,25849.55,25849.55,25824.2,25831.1,0
2026-02-12 06:00:00+00:00,25833.9,25833.9,25813.05,25828.4,0
2026-02-12 06:15:00+00:00,25828.15,25836.1,25808.05,25826.3,0
2026-02-12 06:30:00+00:00,25827.05,25832.4,25806.5,25828.9,0
2026-02-12 06:45:00+00:00,25829.8,25839.7,25827.95,25832.15,0
2026-02-12 07:00:00+00:00,25834.9,25847.05,25831.85,25844.45,0
2026-02-12 07:15:00+00:00,25845.6,25859.5,25839.95,25853.75,0
2026-02-12 07:30:00+00:00,25854.55,25859.85,25830.0,25835.75,0
2026-02-12 07:45:00+00:00,25836.45,25879.3,25830.75,25855.45,0
2026-02-12 08:00:00+00:00,25857.4,25862.0,25841.3,25844.85,0
2026-02-12 08:15:00+00:00,25845.05,25847.35,25805.65,25816.95,0
2026-02-12 08:30:00+00:00,25817.2,25822.5,25807.25,25817.55,0
2026-02-12 08:45:00+00:00,25818.2,25837.85,25803.25,25823.7,0
2026-02-12 09:00:00+00:00,25823.4,25829.65,25794.55,25797.3,0
2026-02-12 09:15:00+00:00,25796.95,25798.75,25752.4,25785.5,0
2026-02-12 09:30:00+00:00,25788.95,25840.7,25788.4,25807.45,0
2026-02-12 09:45:00+00:00,25805.35,25814.8,25790.4,25796.15,0
2026-02-13 03:45:00+00:00,25571.15,25630.35,25558.3,25585.7,0
2026-02-13 04:00:00+00:00,25586.1,25586.1,25525.45,25560.85,0
2026-02-13 04:15:00+00:00,25560.75,25565.3,25531.5,25534.45,0
2026-02-13 04:30:00+00:00,25534.65,25550.7,25529.35,25531.75,0
2026-02-13 04:45:00+00:00,25531.5,25553.25,25513.3,25548.95,0
2026-02-13 05:00:00+00:00,25548.55,25584.3,25548.25,25574.1,0
2026-02-13 05:15:00+00:00,25573.3,25574.6,25543.95,25560.5,0
2026-02-13 05:30:00+00:00,25561.9,25563.75,25533.05,25554.2,0
2026-02-13 05:45:00+00:00,25553.7,25555.95,25522.8,25548.8,0
2026-02-13 06:00:00+00:00,25548.85,25551.05,25525.05,25549.6,0
2026-02-13 06:15:00+00:00,25550.8,25561.25,25543.4,25558.85,0
2026-02-13 06:30:00+00:00,25559.0,25576.7,25554.95,25573.4,0
2026-02-13 06:45:00+00:00,25573.5,25604.25,25557.7,25585.3,0
2026-02-13 07:00:00+00:00,25585.8,25606.05,25576.5,25584.0,0
2026-02-13 07:15:00+00:00,25585.15,25596.85,25537.6,25542.05,0
2026-02-13 07:30:00+00:00,25542.95,25578.0,25531.65,25574.7,0
2026-02-13 07:45:00+00:00,25575.65,25586.85,25541.65,25546.65,0
2026-02-13 08:00:00+00:00,25546.9,25553.8,25533.2,25539.2,0
2026-02-13 08:15:00+00:00,25538.9,25540.15,25499.9,25524.5,0
2026-02-13 08:30:00+00:00,25525.15,25539.25,25513.6,25534.6,0
2026-02-13 08:45:00+00:00,25535.0,25538.4,25515.3,25530.95,0
2026-02-13 09:00:00+00:00,25531.15,25534.55,25499.35,25511.75,0
2026-02-13 09:15:00+00:00,25511.45,25528.3,25502.2,25521.25,0
2026-02-13 09:30:00+00:00,25521.95,25527.55,25472.05,25477.2,0
2026-02-13 09:45:00+00:00,25475.55,25489.8,25444.3,25460.55,0
2026-02-16 03:45:00+00:00,25423.6,25493.35,25372.7,25472.25,0
2026-02-16 04:00:00+00:00,25473.55,25528.45,25458.15,25460.75,0
2026-02-16 04:15:00+00:00,25460.25,25497.95,25431.9,25496.65,0
2026-02-16 04:30:00+00:00,25497.5,25556.5,25497.5,25551.45,0
2026-02-16 04:45:00+00:00,25551.45,25561.85,25518.9,25525.85,0
2026-02-16 05:00:00+00:00,25526.2,25540.25,25520.5,25526.25,0
2026-02-16 05:15:00+00:00,25526.45,25536.0,25508.2,25523.05,0
2026-02-16 05:30:00+00:00,25523.55,25537.1,25507.15,25534.55,0
2026-02-16 05:45:00+00:00,25533.85,25547.15,25511.35,25517.8,0
2026-02-16 06:00:00+00:00,25518.1,25531.55,25513.6,25523.65,0
2026-02-16 06:15:00+00:00,25521.05,25529.65,25503.05,25529.1,0
2026-02-16 06:30:00+00:00,25529.1,25555.2,25528.85,25545.7,0
2026-02-16 06:45:00+00:00,25545.4,25576.5,25532.95,25576.05,0
2026-02-16 07:00:00+00:00,25576.4,25590.9,25572.0,25577.8,0
2026-02-16 07:15:00+00:00,25578.95,25582.35,25550.65,25556.85,0
2026-02-16 07:30:00+00:00,25556.6,25584.85,25555.2,25571.35,0
2026-02-16 07:45:00+00:00,25571.45,25584.0,25564.35,25581.7,0
2026-02-16 08:00:00+00:00,25582.4,25593.15,25566.35,25590.6,0
2026-02-16 08:15:00+00:00,25590.7,25594.15,25544.85,25566.0,0
2026-02-16 08:30:00+00:00,25565.0,25585.4,25560.5,25580.35,0
2026-02-16 08:45:00+00:00,25581.1,25624.9,25574.0,25620.4,0
2026-02-16 09:00:00+00:00,25620.75,25654.95,25620.35,25646.25,0
2026-02-16 09:15:00+00:00,25645.75,25669.85,25639.8,25663.45,0
2026-02-16 09:30:00+00:00,25661.55,25697.0,25661.55,25686.75,0
2026-02-16 09:45:00+00:00,25687.05,25692.75,25673.0,25682.45,0
2026-02-17 03:45:00+00:00,25637.95,25664.85,25570.3,25592.8,0
2026-02-17 04:00:00+00:00,25593.1,25644.75,25578.7,25642.95,0
2026-02-17 04:15:00+00:00,25642.2,25675.85,25632.4,25663.15,0
2026-02-17 04:30:00+00:00,25662.25,25682.0,25651.3,25679.25,0
2026-02-17 04:45:00+00:00,25679.4,25728.5,25666.15,25724.4,0
2026-02-17 05:00:00+00:00,25724.1,25730.35,25657.2,25661.3,0
2026-02-17 05:15:00+00:00,25661.6,25669.15,25642.75,25668.1,0
2026-02-17 05:30:00+00:00,25667.75,25674.95,25653.65,25673.1,0
2026-02-17 05:45:00+00:00,25673.95,25695.55,25669.5,25693.6,0
2026-02-17 06:00:00+00:00,25693.95,25745.75,25687.55,25722.35,0
2026-02-17 06:15:00+00:00,25722.75,25741.8,25722.6,25729.45,0
2026-02-17 06:30:00+00:00,25730.0,25737.25,25718.8,25721.7,0
2026-02-17 06:45:00+00:00,25722.55,25753.85,25721.85,25733.65,0
2026-02-17 07:00:00+00:00,25733.9,25741.25,25725.35,25738.7,0
2026-02-17 07:15:00+00:00,25738.25,25760.85,25732.2,25733.8,0
2026-02-17 07:30:00+00:00,25733.6,25764.4,25713.9,25736.35,0
2026-02-17 07:45:00+00:00,25736.25,25748.0,25725.75,25740.1,0
2026-02-17 08:00:00+00:00,25740.95,25761.95,25738.05,25744.7,0
2026-02-17 08:15:00+00:00,25744.8,25749.8,25696.75,25698.85,0
2026-02-17 08:30:00+00:00,25699.45,25734.15,25667.8,25670.95,0
2026-02-17 08:45:00+00:00,25670.7,25705.8,25662.6,25683.35,0
2026-02-17 09:00:00+00:00,25686.1,25733.45,25675.5,25717.3,0
2026-02-17 09:15:00+00:00,25717.3,25721.0,25691.15,25711.9,0
2026-02-17 09:30:00+00:00,25713.1,25746.3,25703.0,25724.85,0
2026-02-17 09:45:00+00:00,25725.45,25731.85,25713.8,25716.0,0
2026-02-18 03:45:00+00:00,25752.65,25759.75,25697.75,25728.5,0
2026-02-18 04:00:00+00:00,25730.25,25746.65,25711.95,25741.85,0
2026-02-18 04:15:00+00:00,25741.85,25744.45,25655.75,25665.45,0
2026-02-18 04:30:00+00:00,25666.6,25674.85,25650.25,25661.95,0
2026-02-18 04:45:00+00:00,25663.85,25675.6,25645.15,25665.35,0
2026-02-18 05:00:00+00:00,25666.2,25684.7,25654.7,25660.75,0
2026-02-18 05:15:00+00:00,25661.9,25708.0,25658.85,25703.2,0
2026-02-18 05:30:00+00:00,25706.0,25709.0,25689.3,25700.05,0
2026-02-18 05:45:00+00:00,25700.7,25701.8,25679.95,25693.55,0
2026-02-18 06:00:00+00:00,25694.9,25716.55,25676.55,25686.9,0
2026-02-18 06:15:00+00:00,25687.5,25701.9,25682.65,25701.05,0
2026-02-18 06:30:00+00:00,25702.4,25718.4,25697.15,25709.85,0
2026-02-18 06:45:00+00:00,25710.5,25723.0,25703.65,25711.75,0
2026-02-18 07:00:00+00:00,25713.9,25734.4,25709.9,25726.35,0
2026-02-18 07:15:00+00:00,25725.1,25733.9,25711.9,25731.85,0
2026-02-18 07:30:00+00:00,25732.2,25742.05,25718.4,25731.5,0
2026-02-18 07:45:00+00:00,25730.95,25753.2,25717.8,25728.05,0
2026-02-18 08:00:00+00:00,25727.25,25730.95,25718.1,25724.7,0
2026-02-18 08:15:00+00:00,25724.6,25746.15,25695.75,25724.3,0
2026-02-18 08:30:00+00:00,25724.45,25757.35,25719.95,25756.8,0
2026-02-18 08:45:00+00:00,25756.95,25792.85,25750.6,25785.2,0
2026-02-18 09:00:00+00:00,25784.2,25793.8,25774.3,25779.8,0
2026-02-18 09:15:00+00:00,25779.65,25796.75,25768.45,25792.15,0
2026-02-18 09:30:00+00:00,25794.75,25828.05,25794.75,25821.95,0
2026-02-18 09:45:00+00:00,25820.05,25827.45,25805.05,25805.7,0
2026-02-19 03:45:00+00:00,25873.35,25885.3,25811.2,25817.65,0
2026-02-19 04:00:00+00:00,25817.75,25821.2,25776.55,25779.9,0
2026-02-19 04:15:00+00:00,25780.95,25812.95,25769.65,25772.85,0
2026-02-19 04:30:00+00:00,25772.55,25793.9,25749.45,25756.45,0
2026-02-19 04:45:00+00:00,25757.75,25765.85,25732.35,25746.7,0
2026-02-19 05:00:00+00:00,25746.75,25752.4,25708.7,25735.05,0
2026-02-19 05:15:00+00:00,25735.2,25740.5,25718.05,25734.85,0
2026-02-19 05:30:00+00:00,25734.75,25746.0,25713.85,25715.8,0
2026-02-19 05:45:00+00:00,25715.3,25720.7,25679.75,25688.65,0
2026-02-19 06:00:00+00:00,25687.7,25693.1,25667.65,25678.9,0
2026-02-19 06:15:00+00:00,25679.35,25680.05,25650.55,25658.7,0
2026-02-19 06:30:00+00:00,25658.65,25661.6,25601.0,25603.5,0
2026-02-19 06:45:00+00:00,25602.85,25639.7,25586.75,25626.0,0
2026-02-19 07:00:00+00:00,25625.4,25630.7,25569.35,25582.55,0
2026-02-19 07:15:00+00:00,25580.7,25613.4,25567.75,25597.5,0
2026-02-19 07:30:00+00:00,25598.4,25631.4,25586.25,25624.55,0
2026-02-19 07:45:00+00:00,25623.85,25636.25,25598.5,25619.7,0
2026-02-19 08:00:00+00:00,25617.95,25620.55,25575.85,25600.55,0
2026-02-19 08:15:00+00:00,25600.5,25605.7,25561.7,25562.45,0
2026-02-19 08:30:00+00:00,25562.85,25577.45,25545.3,25571.4,0
2026-02-19 08:45:00+00:00,25570.9,25609.95,25544.9,25547.1,0
2026-02-19 09:00:00+00:00,25545.85,25575.55,25518.2,25518.25,0
2026-02-19 09:15:00+00:00,25517.95,25535.4,25488.0,25523.35,0
2026-02-19 09:30:00+00:00,25521.75,25521.75,25440.25,25447.6,0
2026-02-19 09:45:00+00:00,25447.55,25447.55,25388.75,25416.45,0
2026-02-20 03:45:00+00:00,25406.55,25485.85,25379.75,25382.1,0
2026-02-20 04:00:00+00:00,25381.75,25486.9,25381.75,25482.3,0
2026-02-20 04:15:00+00:00,25481.65,25524.7,25480.6,25520.8,0
2026-02-20 04:30:00+00:00,25520.25,25523.45,25468.95,25480.45,0
2026-02-20 04:45:00+00:00,25479.9,25572.65,25479.9,25550.8,0
2026-02-20 05:00:00+00:00,25550.95,25603.8,25550.95,25596.65,0
2026-02-20 05:15:00+00:00,25595.6,25606.5,25574.05,25584.2,0
2026-02-20 05:30:00+00:00,25584.85,25590.3,25560.75,25561.85,0
2026-02-20 05:45:00+00:00,25561.7,25597.05,25561.7,25585.5,0
2026-02-20 06:00:00+00:00,25585.5,25607.2,25580.25,25600.85,0
2026-02-20 06:15:00+00:00,25600.25,25620.7,25581.1,25598.15,0
2026-02-20 06:30:00+00:00,25597.8,25604.5,25580.55,25603.1,0
2026-02-20 06:45:00+00:00,25602.45,25663.55,25602.1,25653.45,0
2026-02-20 07:00:00+00:00,25652.95,25658.35,25604.95,25606.8,0
2026-02-20 07:15:00+00:00,25605.95,25623.85,25573.3,25594.6,0
2026-02-20 07:30:00+00:00,25594.25,25609.75,25535.75,25554.6,0
2026-02-20 07:45:00+00:00,25554.5,25573.3,25532.0,25568.5,0
2026-02-20 08:00:00+00:00,25567.5,25609.6,25556.0,25573.0,0
2026-02-20 08:15:00+00:00,25572.85,25602.9,25561.4,25601.15,0
2026-02-20 08:30:00+00:00,25600.75,25611.8,25577.45,25602.15,0
2026-02-20 08:45:00+00:00,25601.65,25634.15,25587.05,25591.1,0
2026-02-20 09:00:00+00:00,25592.0,25637.6,25585.9,25625.55,0
2026-02-20 09:15:00+00:00,25625.95,25652.85,25614.6,25642.8,0
2026-02-20 09:30:00+00:00,25646.9,25649.65,25563.0,25571.95,0
2026-02-20 09:45:00+00:00,25570.85,25577.45,25538.9,25565.9,0
2026-02-23 03:45:00+00:00,25678.4,25767.9,25626.5,25759.05,0
2026-02-23 04:00:00+00:00,25760.3,25771.45,25718.6,25730.25,0
2026-02-23 04:15:00+00:00,25732.2,25749.0,25711.1,25728.65,0
2026-02-23 04:30:00+00:00,25729.45,25737.45,25705.15,25717.35,0
2026-02-23 04:45:00+00:00,25717.85,25733.7,25695.95,25706.45,0
2026-02-23 05:00:00+00:00,25707.75,25709.65,25655.15,25656.95,0
2026-02-23 05:15:00+00:00,25658.0,25677.7,25646.6,25667.85,0
2026-02-23 05:30:00+00:00,25668.8,25697.95,25652.3,25696.1,0
2026-02-23 05:45:00+00:00,25697.0,25699.2,25652.5,25662.0,0
2026-02-23 06:00:00+00:00,25662.3,25671.2,25651.85,25667.65,0
2026-02-23 06:15:00+00:00,25668.0,25671.2,25631.65,25649.45,0
2026-02-23 06:30:00+00:00,25650.15,25673.35,25646.05,25661.6,0
2026-02-23 06:45:00+00:00,25662.1,25682.95,25647.65,25651.9,0
2026-02-23 07:00:00+00:00,25652.55,25685.0,25636.4,25685.0,0
2026-02-23 07:15:00+00:00,25684.45,25690.85,25636.75,25638.05,0
2026-02-23 07:30:00+00:00,25637.95,25657.6,25631.55,25636.7,0
2026-02-23 07:45:00+00:00,25638.05,25668.45,25627.7,25667.45,0
2026-02-23 08:00:00+00:00,25668.5,25680.3,25632.35,25663.1,0
2026-02-23 08:15:00+00:00,25664.75,25669.4,25637.95,25638.4,0
2026-02-23 08:30:00+00:00,25638.45,25643.0,25609.35,25630.7,0
2026-02-23 08:45:00+00:00,25631.0,25673.95,25619.75,25673.65,0
2026-02-23 09:00:00+00:00,25673.9,25709.45,25661.75,25670.05,0
2026-02-23 09:15:00+00:00,25671.05,25699.85,25668.1,25674.15,0
2026-02-23 09:30:00+00:00,25678.45,25728.95,25678.45,25712.1,0
2026-02-23 09:45:00+00:00,25711.3,25722.5,25700.0,25704.0,0
2026-02-24 03:45:00+00:00,25641.8,25641.8,25547.15,25548.65,0
2026-02-24 04:00:00+00:00,25548.6,25549.75,25482.85,25499.45,0
2026-02-24 04:15:00+00:00,25500.3,25535.6,25494.95,25516.35,0
2026-02-24 04:30:00+00:00,25516.5,25532.65,25483.8,25484.7,0
2026-02-24 04:45:00+00:00,25484.0,25515.0,25474.35,25495.5,0
2026-02-24 05:00:00+00:00,25495.1,25513.25,25492.5,25498.1,0
2026-02-24 05:15:00+00:00,25497.9,25499.65,25460.7,25471.5,0
2026-02-24 05:30:00+00:00,25470.35,25512.5,25470.35,25505.85,0
2026-02-24 05:45:00+00:00,25505.7,25519.35,25497.1,25518.15,0
2026-02-24 06:00:00+00:00,25517.1,25525.2,25500.6,25501.55,0
2026-02-24 06:15:00+00:00,25500.6,25503.45,25471.7,25472.55,0
2026-02-24 06:30:00+00:00,25472.05,25476.15,25446.95,25466.05,0
2026-02-24 06:45:00+00:00,25464.5,25466.95,25416.85,25429.25,0
2026-02-24 07:00:00+00:00,25429.3,25439.8,25415.1,25418.05,0
2026-02-24 07:15:00+00:00,25417.3,25420.8,25387.2,25404.7,0
2026-02-24 07:30:00+00:00,25405.05,25433.25,25396.5,25424.6,0
2026-02-24 07:45:00+00:00,25424.6,25425.75,25377.9,25378.65,0
2026-02-24 08:00:00+00:00,25378.95,25380.2,25327.6,25365.45,0
2026-02-24 08:15:00+00:00,25365.9,25416.15,25359.3,25411.95,0
2026-02-24 08:30:00+00:00,25412.1,25443.55,25382.05,25440.5,0
2026-02-24 08:45:00+00:00,25440.05,25446.1,25391.9,25408.85,0
2026-02-24 09:00:00+00:00,25407.95,25425.2,25381.25,25381.25,0
2026-02-24 09:15:00+00:00,25380.45,25427.75,25361.9,25424.85,0
2026-02-24 09:30:00+00:00,25425.05,25443.6,25401.15,25421.2,0
2026-02-24 09:45:00+00:00,25422.2,25464.55,25416.65,25460.25,0
2026-02-25 03:45:00+00:00,25512.6,25594.95,25507.9,25582.9,0
2026-02-25 04:00:00+00:00,25584.85,25587.8,25559.1,25561.75,0
2026-02-25 04:15:00+00:00,25561.65,25603.4,25559.15,25600.6,0
2026-02-25 04:30:00+00:00,25600.85,25633.25,25594.8,25631.75,0
2026-02-25 04:45:00+00:00,25631.6,25652.6,25629.95,25635.2,0
2026-02-25 05:00:00+00:00,25635.0,25649.65,25618.9,25619.9,0
2026-02-25 05:15:00+00:00,25619.05,25628.15,25607.5,25612.35,0
2026-02-25 05:30:00+00:00,25614.1,25630.8,25608.55,25616.0,0
2026-02-25 05:45:00+00:00,25615.5,25620.0,25597.6,25613.3,0
2026-02-25 06:00:00+00:00,25613.3,25615.25,25581.05,25588.0,0
2026-02-25 06:15:00+00:00,25589.85,25622.2,25586.3,25595.1,0
2026-02-25 06:30:00+00:00,25592.65,25614.25,25591.9,25600.2,0
2026-02-25 06:45:00+00:00,25599.7,25615.5,25588.55,25592.5,0
2026-02-25 07:00:00+00:00,25591.95,25596.75,25501.85,25504.3,0
2026-02-25 07:15:00+00:00,25504.5,25505.15,25461.25,25472.2,0
2026-02-25 07:30:00+00:00,25471.65,25476.5,25440.05,25462.6,0
2026-02-25 07:45:00+00:00,25462.4,25485.2,25428.2,25460.3,0
2026-02-25 08:00:00+00:00,25460.1,25480.95,25460.1,25462.05,0
2026-02-25 08:15:00+00:00,25462.35,25474.8,25450.5,25472.65,0
2026-02-25 08:30:00+00:00,25473.05,25473.05,25430.15,25457.1,0
2026-02-25 08:45:00+00:00,25457.3,25502.45,25448.55,25448.55,0
2026-02-25 09:00:00+00:00,25449.5,25482.6,25449.5,25471.45,0
2026-02-25 09:15:00+00:00,25471.6,25473.55,25439.95,25468.25,0
2026-02-25 09:30:00+00:00,25469.8,25506.55,25469.5,25478.5,0
2026-02-25 09:45:00+00:00,25477.05,25488.25,25471.05,25478.65,0
2026-02-26 03:45:00+00:00,25556.3,25567.6,25487.85,25504.45,0
2026-02-26 04:00:00+00:00,25505.15,25556.3,25492.1,25555.9,0
2026-02-26 04:15:00+00:00,25555.3,25565.6,25500.1,25518.35,0
2026-02-26 04:30:00+00:00,25517.95,25572.95,25516.75,25558.25,0
2026-02-26 04:45:00+00:00,25558.6,25562.0,25519.55,25526.95,0
2026-02-26 05:00:00+00:00,25526.55,25544.35,25521.55,25531.8,0
2026-02-26 05:15:00+00:00,25532.8,25551.55,25505.45,25509.95,0
2026-02-26 05:30:00+00:00,25506.9,25530.45,25491.7,25523.25,0
2026-02-26 05:45:00+00:00,25522.75,25570.85,25517.45,25536.75,0
2026-02-26 06:00:00+00:00,25535.35,25537.25,25458.05,25461.35,0
2026-02-26 06:15:00+00:00,25460.35,25490.65,25446.55,25453.4,0
2026-02-26 06:30:00+00:00,25453.3,25481.7,25450.9,25459.3,0
2026-02-26 06:45:00+00:00,25458.05,25468.5,25400.95,25430.7,0
2026-02-26 07:00:00+00:00,25430.85,25461.15,25426.4,25459.95,0
2026-02-26 07:15:00+00:00,25457.45,25460.7,25412.05,25414.8,0
2026-02-26 07:30:00+00:00,25415.4,25453.3,25413.75,25428.55,0
2026-02-26 07:45:00+00:00,25428.2,25454.75,25403.4,25438.0,0
2026-02-26 08:00:00+00:00,25437.3,25449.3,25430.65,25438.2,0
2026-02-26 08:15:00+00:00,25438.05,25450.9,25415.1,25440.8,0
2026-02-26 08:30:00+00:00,25440.8,25460.55,25406.15,25453.45,0
2026-02-26 08:45:00+00:00,25456.65,25463.15,25427.0,25442.15,0
2026-02-26 09:00:00+00:00,25441.65,25513.0,25431.85,25513.0,0
2026-02-26 09:15:00+00:00,25514.8,25527.15,25486.45,25501.85,0
2026-02-26 09:30:00+00:00,25503.65,25524.85,25475.5,25486.15,0
2026-02-26 09:45:00+00:00,25486.95,25503.25,25482.95,25493.3,0
2026-02-27 03:45:00+00:00,25459.85,25476.4,25363.4,25364.55,0
2026-02-27 04:00:00+00:00,25365.1,25383.65,25351.2,25364.4,0
2026-02-27 04:15:00+00:00,25363.8,25364.35,25328.75,25330.0,0
2026-02-27 04:30:00+00:00,25330.3,25334.15,25308.6,25322.6,0
2026-02-27 04:45:00+00:00,25321.95,25333.0,25292.4,25324.3,0
2026-02-27 05:00:00+00:00,25324.35,25346.45,25313.95,25315.25,0
2026-02-27 05:15:00+00:00,25315.25,25326.65,25304.25,25304.65,0
2026-02-27 05:30:00+00:00,25305.35,25338.2,25305.15,25335.0,0
2026-02-27 05:45:00+00:00,25334.55,25341.65,25302.8,25306.85,0
2026-02-27 06:00:00+00:00,25307.9,25308.75,25271.75,25295.1,0
2026-02-27 06:15:00+00:00,25295.15,25317.75,25295.15,25313.4,0
2026-02-27 06:30:00+00:00,25313.4,25328.8,25284.8,25284.95,0
2026-02-27 06:45:00+00:00,25285.35,25313.15,25270.05,25300.6,0
2026-02-27 07:00:00+00:00,25300.55,25309.05,25274.45,25277.2,0
2026-02-27 07:15:00+00:00,25276.75,25295.1,25268.7,25276.95,0
2026-02-27 07:30:00+00:00,25277.15,25296.85,25274.25,25289.7,0
2026-02-27 07:45:00+00:00,25288.8,25300.95,25281.65,25300.75,0
2026-02-27 08:00:00+00:00,25300.2,25313.75,25286.95,25300.75,0
2026-02-27 08:15:00+00:00,25300.25,25343.95,25300.25,25343.15,0
2026-02-27 08:30:00+00:00,25342.6,25352.05,25315.7,25324.55,0
2026-02-27 08:45:00+00:00,25324.2,25328.9,25291.05,25293.55,0
2026-02-27 09:00:00+00:00,25293.55,25310.1,25287.0,25293.8,0
2026-02-27 09:15:00+00:00,25294.1,25314.8,25287.8,25312.4,0
2026-02-27 09:30:00+00:00,25309.45,25309.45,25141.3,25167.9,0
2026-02-27 09:45:00+00:00,25168.8,25189.1,25159.35,25181.8,0
2026-03-02 03:45:00+00:00,24659.25,24958.8,24645.1,24889.4,0
2026-03-02 04:00:00+00:00,24889.75,24977.6,24885.45,24963.65,0
2026-03-02 04:15:00+00:00,24964.3,24989.35,24883.2,24945.1,0
2026-03-02 04:30:00+00:00,24946.2,24953.25,24865.7,24884.85,0
2026-03-02 04:45:00+00:00,24885.35,24887.85,24853.7,24859.6,0
2026-03-02 05:00:00+00:00,24860.95,24885.25,24812.25,24813.7,0
2026-03-02 05:15:00+00:00,24814.8,24859.2,24814.0,24855.15,0
2026-03-02 05:30:00+00:00,24856.3,24868.7,24839.35,24843.2,0
2026-03-02 05:45:00+00:00,24844.8,24849.2,24797.55,24803.0,0
2026-03-02 06:00:00+00:00,24802.8,24825.45,24797.45,24821.6,0
2026-03-02 06:15:00+00:00,24822.2,24842.8,24782.7,24784.0,0
2026-03-02 06:30:00+00:00,24784.1,24784.6,24743.25,24744.55,0
2026-03-02 06:45:00+00:00,24743.5,24756.0,24718.55,24735.65,0
2026-03-02 07:00:00+00:00,24734.55,24741.25,24684.25,24687.9,0
2026-03-02 07:15:00+00:00,24687.5,24711.8,24679.1,24697.05,0
2026-03-02 07:30:00+00:00,24698.95,24706.65,24686.85,24695.5,0
2026-03-02 07:45:00+00:00,24695.65,24708.8,24671.6,24679.5,0
2026-03-02 08:00:00+00:00,24677.8,24690.65,24655.55,24675.35,0
2026-03-02 08:15:00+00:00,24675.15,24678.5,24604.5,24614.75,0
2026-03-02 08:30:00+00:00,24612.6,24795.5,24603.5,24787.4,0
2026-03-02 08:45:00+00:00,24787.5,24794.55,24727.8,24730.3,0
2026-03-02 09:00:00+00:00,24730.9,24879.35,24722.5,24864.85,0
2026-03-02 09:15:00+00:00,24865.3,24892.4,24815.2,24823.35,0
2026-03-02 09:30:00+00:00,24824.7,24904.8,24808.35,24904.8,0
2026-03-02 09:45:00+00:00,24905.25,24914.85,24845.2,24849.75,0
2026-03-04 03:45:00+00:00,24388.8,24476.95,24315.45,24342.85,0
2026-03-04 04:00:00+00:00,24344.75,24412.0,24317.15,24408.75,0
2026-03-04 04:15:00+00:00,24410.95,24416.2,24323.6,24325.9,0
2026-03-04 04:30:00+00:00,24325.8,24414.8,24305.4,24413.65,0
2026-03-04 04:45:00+00:00,24413.65,24437.35,24382.6,24419.05,0
2026-03-04 05:00:00+00:00,24420.0,24420.7,24379.95,24390.75,0
2026-03-04 05:15:00+00:00,24391.65,24422.4,24375.7,24391.45,0
2026-03-04 05:30:00+00:00,24392.45,24461.4,24388.6,24435.45,0
2026-03-04 05:45:00+00:00,24436.15,24438.9,24363.0,24365.55,0
2026-03-04 06:00:00+00:00,24366.95,24383.35,24354.15,24362.2,0
2026-03-04 06:15:00+00:00,24364.05,24401.05,24354.3,24374.5,0
2026-03-04 06:30:00+00:00,24376.85,24402.3,24376.35,24379.85,0
2026-03-04 06:45:00+00:00,24381.15,24385.6,24362.25,24368.3,0
2026-03-04 07:00:00+00:00,24368.95,24387.5,24357.75,24382.55,0
2026-03-04 07:15:00+00:00,24383.35,24428.1,24379.95,24416.8,0
2026-03-04 07:30:00+00:00,24418.0,24461.0,24414.5,24461.0,0
2026-03-04 07:45:00+00:00,24461.45,24477.45,24432.3,24451.6,0
2026-03-04 08:00:00+00:00,24451.25,24466.35,24418.15,24462.6,0
2026-03-04 08:15:00+00:00,24463.5,24469.85,24415.75,24437.0,0
2026-03-04 08:30:00+00:00,24437.9,24556.95,24437.55,24554.95,0
2026-03-04 08:45:00+00:00,24555.35,24574.65,24513.85,24522.5,0
2026-03-04 09:00:00+00:00,24523.1,24584.15,24502.6,24578.75,0
2026-03-04 09:15:00+00:00,24579.1,24602.45,24548.0,24582.95,0
2026-03-04 09:30:00+00:00,24582.95,24584.45,24457.45,24465.95,0
2026-03-04 09:45:00+00:00,24464.85,24482.15,24451.05,24473.95,0
2026-03-05 03:45:00+00:00,24615.95,24651.95,24549.1,24568.45,0
2026-03-05 04:00:00+00:00,24570.6,24599.6,24530.05,24596.2,0
2026-03-05 04:15:00+00:00,24596.3,24656.7,24583.75,24628.5,0
2026-03-05 04:30:00+00:00,24628.25,24649.0,24595.15,24596.25,0
2026-03-05 04:45:00+00:00,24597.05,24608.65,24538.55,24564.55,0
2026-03-05 05:00:00+00:00,24563.7,24653.95,24550.3,24650.95,0
2026-03-05 05:15:00+00:00,24651.05,24672.4,24629.25,24666.55,0
2026-03-05 05:30:00+00:00,24667.2,24672.8,24639.05,24643.2,0
2026-03-05 05:45:00+00:00,24639.85,24662.95,24607.7,24612.9,0
2026-03-05 06:00:00+00:00,24613.65,24638.3,24588.55,24590.35,0
2026-03-05 06:15:00+00:00,24590.75,24597.55,24556.9,24579.1,0
2026-03-05 06:30:00+00:00,24580.2,24616.3,24574.45,24615.5,0
2026-03-05 06:45:00+00:00,24615.65,24651.75,24592.9,24648.85,0
2026-03-05 07:00:00+00:00,24649.15,24665.95,24632.65,24645.8,0
2026-03-05 07:15:00+00:00,24645.8,24657.6,24619.4,24653.45,0
2026-03-05 07:30:00+00:00,24653.95,24660.85,24632.55,24639.65,0
2026-03-05 07:45:00+00:00,24640.7,24651.35,24621.75,24651.0,0
2026-03-05 08:00:00+00:00,24651.55,24671.3,24605.8,24619.8,0
2026-03-05 08:15:00+00:00,24619.85,24635.1,24569.75,24573.7,0
2026-03-05 08:30:00+00:00,24572.5,24586.1,24547.35,24553.75,0
2026-03-05 08:45:00+00:00,24554.15,24617.4,24529.4,24611.25,0
2026-03-05 09:00:00+00:00,24611.5,24761.15,24576.45,24726.8,0
2026-03-05 09:15:00+00:00,24727.05,24854.2,24712.75,24848.95,0
2026-03-05 09:30:00+00:00,24849.2,24853.25,24714.1,24714.8,0
2026-03-05 09:45:00+00:00,24716.0,24759.4,24706.05,24737.45,0
2026-03-06 03:45:00+00:00,24656.4,24700.9,24587.15,24681.2,0
2026-03-06 04:00:00+00:00,24681.5,24681.5,24639.8,24678.85,0
2026-03-06 04:15:00+00:00,24678.35,24688.1,24618.85,24625.15,0
2026-03-06 04:30:00+00:00,24624.3,24661.1,24616.95,24653.35,0
2026-03-06 04:45:00+00:00,24652.35,24675.65,24647.4,24651.75,0
2026-03-06 05:00:00+00:00,24652.35,24652.7,24608.75,24620.15,0
2026-03-06 05:15:00+00:00,24620.8,24622.3,24575.15,24594.65,0
2026-03-06 05:30:00+00:00,24594.9,24648.7,24594.9,24617.6,0
2026-03-06 05:45:00+00:00,24617.4,24621.4,24593.9,24607.25,0
2026-03-06 06:00:00+00:00,24607.75,24654.55,24602.55,24616.4,0
2026-03-06 06:15:00+00:00,24616.5,24634.9,24611.7,24625.7,0
2026-03-06 06:30:00+00:00,24625.85,24631.45,24605.45,24608.85,0
2026-03-06 06:45:00+00:00,24608.6,24623.35,24576.05,24578.3,0
2026-03-06 07:00:00+00:00,24578.25,24602.0,24578.25,24599.85,0
2026-03-06 07:15:00+00:00,24599.8,24611.25,24583.8,24603.7,0
2026-03-06 07:30:00+00:00,24603.6,24614.25,24591.9,24602.65,0
2026-03-06 07:45:00+00:00,24602.05,24614.85,24593.25,24609.65,0
2026-03-06 08:00:00+00:00,24609.0,24623.5,24571.55,24594.95,0
2026-03-06 08:15:00+00:00,24596.6,24596.6,24552.95,24554.9,0
2026-03-06 08:30:00+00:00,24555.7,24605.7,24543.2,24585.75,0
2026-03-06 08:45:00+00:00,24587.2,24616.45,24585.45,24593.0,0
2026-03-06 09:00:00+00:00,24593.45,24602.3,24534.1,24543.45,0
2026-03-06 09:15:00+00:00,24543.5,24559.75,24445.35,24482.55,0
2026-03-06 09:30:00+00:00,24481.8,24492.8,24431.3,24441.65,0
2026-03-06 09:45:00+00:00,24441.1,24474.4,24415.75,24469.4,0
2026-03-09 03:45:00+00:00,23868.05,23959.7,23697.8,23736.75,0
2026-03-09 04:00:00+00:00,23736.25,23799.3,23734.8,23735.65,0
2026-03-09 04:15:00+00:00,23737.4,23786.4,23711.85,23773.9,0
2026-03-09 04:30:00+00:00,23774.0,23834.15,23750.65,23806.2,0
2026-03-09 04:45:00+00:00,23805.0,23805.0,23755.85,23781.85,0
2026-03-09 05:00:00+00:00,23781.15,23791.75,23744.85,23783.4,0
2026-03-09 05:15:00+00:00,23784.45,23896.0,23750.15,23862.35,0
2026-03-09 05:30:00+00:00,23866.2,23871.65,23784.45,23819.5,0
2026-03-09 05:45:00+00:00,23818.45,23888.65,23787.35,23877.25,0
2026-03-09 06:00:00+00:00,23877.8,23932.0,23863.9,23897.65,0
2026-03-09 06:15:00+00:00,23897.85,23910.5,23878.75,23887.2,0
2026-03-09 06:30:00+00:00,23887.5,23888.6,23828.35,23855.35,0
2026-03-09 06:45:00+00:00,23855.6,23870.85,23839.2,23862.2,0
2026-03-09 07:00:00+00:00,23862.8,23883.15,23834.1,23873.45,0
2026-03-09 07:15:00+00:00,23874.65,23914.95,23854.3,23910.95,0
2026-03-09 07:30:00+00:00,23909.35,23918.2,23863.35,23869.7,0
2026-03-09 07:45:00+00:00,23870.0,23906.85,23853.85,23882.15,0
2026-03-09 08:00:00+00:00,23883.6,23937.55,23882.5,23902.85,0
2026-03-09 08:15:00+00:00,23903.1,23911.55,23876.05,23878.5,0
2026-03-09 08:30:00+00:00,23878.65,23904.8,23859.6,23883.6,0
2026-03-09 08:45:00+00:00,23884.55,23917.3,23863.95,23902.5,0
2026-03-09 09:00:00+00:00,23903.0,23956.3,23895.6,23946.95,0
2026-03-09 09:15:00+00:00,23947.25,24019.35,23939.3,24011.0,0
2026-03-09 09:30:00+00:00,24012.3,24078.15,23973.95,24047.7,0
2026-03-09 09:45:00+00:00,24047.15,24056.15,23994.7,24005.8,0
2026-03-10 03:45:00+00:00,24280.8,24303.8,24125.15,24159.8,0
2026-03-10 04:00:00+00:00,24159.35,24164.6,24085.6,24153.45,0
2026-03-10 04:15:00+00:00,24152.95,24158.3,24079.95,24093.1,0
2026-03-10 04:30:00+00:00,24092.05,24160.95,24091.3,24151.05,0
2026-03-10 04:45:00+00:00,24151.5,24213.7,24149.3,24160.6,0
2026-03-10 05:00:00+00:00,24160.3,24224.8,24159.1,24217.05,0
2026-03-10 05:15:00+00:00,24217.2,24233.2,24173.95,24197.4,0
2026-03-10 05:30:00+00:00,24197.6,24224.95,24186.6,24222.4,0
2026-03-10 05:45:00+00:00,24222.2,24243.5,24206.1,24229.0,0
2026-03-10 06:00:00+00:00,24229.55,24255.3,24226.95,24250.1,0
2026-03-10 06:15:00+00:00,24250.0,24250.5,24193.9,24210.65,0
2026-03-10 06:30:00+00:00,24210.8,24229.45,24172.5,24172.5,0
2026-03-10 06:45:00+00:00,24173.1,24189.45,24143.05,24162.65,0
2026-03-10 07:00:00+00:00,24163.3,24191.5,24142.45,24147.05,0
2026-03-10 07:15:00+00:00,24147.6,24231.35,24142.75,24219.15,0
2026-03-10 07:30:00+00:00,24219.4,24236.5,24194.9,24209.35,0
2026-03-10 07:45:00+00:00,24209.9,24225.3,24190.4,24212.6,0
2026-03-10 08:00:00+00:00,24212.55,24262.85,24212.4,24238.55,0
2026-03-10 08:15:00+00:00,24238.5,24253.5,24223.5,24233.2,0
2026-03-10 08:30:00+00:00,24233.45,24294.0,24215.6,24285.95,0
2026-03-10 08:45:00+00:00,24286.25,24296.65,24221.25,24235.45,0
2026-03-10 09:00:00+00:00,24235.2,24245.95,24201.95,24224.6,0
2026-03-10 09:15:00+00:00,24224.85,24278.15,24208.5,24261.45,0
2026-03-10 09:30:00+00:00,24261.95,24276.25,24217.5,24258.0,0
2026-03-10 09:45:00+00:00,24257.4,24302.5,24254.0,24286.15,0
2026-03-11 03:45:00+00:00,24231.85,24299.0,24213.75,24237.35,0
2026-03-11 04:00:00+00:00,24237.9,24238.25,24172.75,24187.65,0
2026-03-11 04:15:00+00:00,24188.95,24207.5,24144.65,24153.7,0
2026-03-11 04:30:00+00:00,24154.6,24161.7,24109.6,24116.5,0
2026-03-11 04:45:00+00:00,24117.1,24132.25,24103.45,24121.65,0
2026-03-11 05:00:00+00:00,24122.35,24141.95,24069.85,24074.1,0
2026-03-11 05:15:00+00:00,24074.0,24104.1,24049.05,24102.95,0
2026-03-11 05:30:00+00:00,24102.95,24114.1,24063.3,24071.4,0
2026-03-11 05:45:00+00:00,24073.75,24073.75,24009.2,24033.55,0
2026-03-11 06:00:00+00:00,24033.9,24034.35,23986.0,24013.55,0
2026-03-11 06:15:00+00:00,24014.45,24015.95,23971.6,23982.3,0
2026-03-11 06:30:00+00:00,23982.6,24023.85,23978.8,24011.6,0
2026-03-11 06:45:00+00:00,24012.55,24024.2,24002.5,24011.9,0
2026-03-11 07:00:00+00:00,24012.35,24023.65,23969.7,24010.95,0
2026-03-11 07:15:00+00:00,24011.85,24011.85,23971.15,23973.3,0
2026-03-11 07:30:00+00:00,23973.8,23993.75,23919.8,23929.65,0
2026-03-11 07:45:00+00:00,23930.7,23980.65,23913.45,23980.0,0
2026-03-11 08:00:00+00:00,23980.45,24005.35,23955.85,23957.95,0
2026-03-11 08:15:00+00:00,23958.45,23966.25,23938.7,23959.2,0
2026-03-11 08:30:00+00:00,23959.0,23960.9,23929.2,23939.95,0
2026-03-11 08:45:00+00:00,23940.95,23974.6,23892.0,23974.55,0
2026-03-11 09:00:00+00:00,23975.8,23977.05,23913.7,23921.3,0
2026-03-11 09:15:00+00:00,23921.55,23930.4,23871.8,23872.4,0
2026-03-11 09:30:00+00:00,23874.8,23913.1,23854.35,23861.9,0
2026-03-11 09:45:00+00:00,23864.2,23879.6,23834.3,23848.2,0
2026-03-12 03:45:00+00:00,23674.85,23690.85,23556.3,23603.35,0
2026-03-12 04:00:00+00:00,23600.45,23619.6,23569.4,23602.65,0
2026-03-12 04:15:00+00:00,23606.2,23696.6,23595.05,23693.8,0
2026-03-12 04:30:00+00:00,23695.4,23696.75,23605.35,23610.15,0
2026-03-12 04:45:00+00:00,23610.5,23681.55,23589.9,23666.65,0
2026-03-12 05:00:00+00:00,23666.35,23721.05,23632.35,23692.7,0
2026-03-12 05:15:00+00:00,23693.4,23742.15,23669.3,23740.9,0
2026-03-12 05:30:00+00:00,23741.6,23774.0,23733.95,23741.05,0
2026-03-12 05:45:00+00:00,23741.75,23756.65,23665.0,23703.3,0
2026-03-12 06:00:00+00:00,23704.2,23718.25,23676.6,23711.35,0
2026-03-12 06:15:00+00:00,23712.45,23742.2,23688.1,23739.85,0
2026-03-12 06:30:00+00:00,23739.45,23750.65,23710.5,23749.35,0
2026-03-12 06:45:00+00:00,23751.15,23759.2,23721.8,23744.1,0
2026-03-12 07:00:00+00:00,23744.4,23747.6,23702.3,23715.8,0
2026-03-12 07:15:00+00:00,23716.7,23731.25,23700.8,23717.0,0
2026-03-12 07:30:00+00:00,23717.85,23722.4,23656.4,23715.25,0
2026-03-12 07:45:00+00:00,23718.3,23767.95,23695.8,23764.3,0
2026-03-12 08:00:00+00:00,23765.25,23833.15,23764.7,23789.9,0
2026-03-12 08:15:00+00:00,23789.35,23801.25,23738.6,23738.6,0
2026-03-12 08:30:00+00:00,23740.55,23771.55,23701.95,23738.9,0
2026-03-12 08:45:00+00:00,23739.35,23758.15,23709.65,23711.8,0
2026-03-12 09:00:00+00:00,23713.5,23745.15,23667.6,23673.8,0
2026-03-12 09:15:00+00:00,23673.15,23684.1,23605.55,23639.45,0
2026-03-12 09:30:00+00:00,23641.1,23679.8,23609.95,23633.9,0
2026-03-12 09:45:00+00:00,23636.35,23652.15,23624.6,23639.35,0
2026-03-13 03:45:00+00:00,23462.5,23487.9,23415.25,23469.65,0
2026-03-13 04:00:00+00:00,23469.8,23492.4,23424.95,23425.25,0
2026-03-13 04:15:00+00:00,23426.55,23426.85,23344.2,23347.55,0
2026-03-13 04:30:00+00:00,23349.1,23369.95,23311.85,23329.8,0
2026-03-13 04:45:00+00:00,23330.95,23357.1,23305.75,23353.45,0
2026-03-13 05:00:00+00:00,23354.45,23360.0,23313.05,23324.55,0
2026-03-13 05:15:00+00:00,23325.2,23379.55,23309.3,23372.7,0
2026-03-13 05:30:00+00:00,23373.8,23374.7,23317.45,23321.65,0
2026-03-13 05:45:00+00:00,23323.55,23379.2,23309.65,23377.35,0
2026-03-13 06:00:00+00:00,23378.85,23414.9,23365.35,23407.9,0
2026-03-13 06:15:00+00:00,23409.35,23410.6,23360.5,23361.2,0
2026-03-13 06:30:00+00:00,23363.1,23365.45,23317.45,23336.15,0
2026-03-13 06:45:00+00:00,23338.9,23338.9,23266.1,23278.7,0
2026-03-13 07:00:00+00:00,23280.05,23281.5,23193.55,23212.4,0
2026-03-13 07:15:00+00:00,23214.0,23250.2,23210.2,23231.1,0
2026-03-13 07:30:00+00:00,23232.55,23239.55,23173.55,23175.7,0
2026-03-13 07:45:00+00:00,23178.35,23192.75,23136.5,23189.35,0
2026-03-13 08:00:00+00:00,23191.35,23202.65,23131.15,23157.15,0
2026-03-13 08:15:00+00:00,23159.1,23168.4,23112.0,23118.95,0
2026-03-13 08:30:00+00:00,23121.65,23205.5,23120.2,23201.85,0
2026-03-13 08:45:00+00:00,23203.65,23233.5,23182.75,23202.5,0
2026-03-13 09:00:00+00:00,23204.6,23258.6,23203.6,23224.8,0
2026-03-13 09:15:00+00:00,23228.7,23231.2,23144.55,23177.9,0
2026-03-13 09:30:00+00:00,23181.05,23190.55,23125.1,23162.55,0
2026-03-13 09:45:00+00:00,23161.45,23173.85,23138.5,23170.9,0
2026-03-16 03:45:00+00:00,23116.1,23248.05,23098.0,23157.75,0
2026-03-16 04:00:00+00:00,23159.5,23284.65,23158.2,23240.5,0
2026-03-16 04:15:00+00:00,23240.2,23276.95,23164.7,23167.55,0
2026-03-16 04:30:00+00:00,23168.8,23210.5,23143.25,23155.2,0
2026-03-16 04:45:00+00:00,23154.35,23154.35,23024.45,23024.95,0
2026-03-16 05:00:00+00:00,23026.5,23076.75,23025.95,23052.05,0
2026-03-16 05:15:00+00:00,23053.5,23064.25,22955.25,23032.25,0
2026-03-16 05:30:00+00:00,23032.95,23097.45,23012.95,23092.35,0
2026-03-16 05:45:00+00:00,23093.55,23199.45,23090.7,23172.2,0
2026-03-16 06:00:00+00:00,23172.75,23218.15,23148.35,23149.5,0
2026-03-16 06:15:00+00:00,23149.9,23172.0,23138.1,23144.95,0
2026-03-16 06:30:00+00:00,23144.4,23188.95,23144.4,23162.85,0
2026-03-16 06:45:00+00:00,23163.3,23196.45,23154.35,23179.4,0
2026-03-16 07:00:00+00:00,23178.65,23182.55,23114.5,23154.8,0
2026-03-16 07:15:00+00:00,23154.15,23154.6,23093.25,23132.4,0
2026-03-16 07:30:00+00:00,23132.75,23172.6,23086.35,23116.8,0
2026-03-16 07:45:00+00:00,23117.95,23168.95,23115.4,23124.5,0
2026-03-16 08:00:00+00:00,23123.75,23147.85,23100.7,23108.25,0
2026-03-16 08:15:00+00:00,23107.45,23142.55,23092.85,23130.8,0
2026-03-16 08:30:00+00:00,23130.45,23180.7,23116.0,23155.3,0
2026-03-16 08:45:00+00:00,23155.05,23374.7,23134.6,23347.85,0
2026-03-16 09:00:00+00:00,23352.85,23450.8,23337.65,23427.85,0
2026-03-16 09:15:00+00:00,23429.85,23502.0,23411.3,23454.05,0
2026-03-16 09:30:00+00:00,23455.3,23460.2,23388.75,23435.25,0
2026-03-16 09:45:00+00:00,23435.8,23436.05,23338.6,23355.6,0
2026-03-17 03:45:00+00:00,23493.2,23493.2,23346.6,23373.15,0
2026-03-17 04:00:00+00:00,23376.7,23462.9,23359.5,23453.15,0
2026-03-17 04:15:00+00:00,23453.45,23501.75,23431.7,23496.75,0
2026-03-17 04:30:00+00:00,23496.7,23537.1,23496.7,23525.85,0
2026-03-17 04:45:00+00:00,23525.75,23577.55,23500.2,23501.85,0
2026-03-17 05:00:00+00:00,23501.7,23510.65,23443.0,23483.9,0
2026-03-17 05:15:00+00:00,23484.65,23533.9,23475.5,23523.85,0
2026-03-17 05:30:00+00:00,23523.85,23528.15,23467.4,23471.45,0
2026-03-17 05:45:00+00:00,23470.45,23479.5,23375.95,23384.35,0
2026-03-17 06:00:00+00:00,23385.25,23409.9,23355.7,23390.45,0
2026-03-17 06:15:00+00:00,23390.9,23429.6,23376.05,23415.35,0
2026-03-17 06:30:00+00:00,23414.75,23450.05,23402.6,23435.15,0
2026-03-17 06:45:00+00:00,23435.15,23438.3,23381.55,23406.35,0
2026-03-17 07:00:00+00:00,23407.05,23457.25,23380.35,23450.9,0
2026-03-17 07:15:00+00:00,23449.3,23496.2,23449.3,23477.55,0
2026-03-17 07:30:00+00:00,23477.05,23533.5,23476.15,23532.95,0
2026-03-17 07:45:00+00:00,23533.95,23560.2,23524.85,23541.05,0
2026-03-17 08:00:00+00:00,23542.5,23592.05,23504.15,23530.75,0
2026-03-17 08:15:00+00:00,23531.75,23568.3,23531.05,23541.85,0
2026-03-17 08:30:00+00:00,23542.5,23608.95,23533.4,23600.0,0
2026-03-17 08:45:00+00:00,23600.4,23606.85,23526.85,23554.05,0
2026-03-17 09:00:00+00:00,23554.55,23615.35,23554.55,23587.1,0
2026-03-17 09:15:00+00:00,23588.35,23656.8,23567.55,23654.5,0
2026-03-17 09:30:00+00:00,23655.2,23655.2,23567.5,23607.05,0
2026-03-17 09:45:00+00:00,23607.65,23607.65,23546.55,23558.8,0
2026-03-18 03:45:00+00:00,23632.9,23738.9,23618.45,23715.3,0
2026-03-18 04:00:00+00:00,23714.8,23735.05,23700.1,23721.75,0
2026-03-18 04:15:00+00:00,23720.35,23754.65,23669.55,23691.25,0
2026-03-18 04:30:00+00:00,23691.15,23695.65,23640.7,23664.3,0
2026-03-18 04:45:00+00:00,23664.95,23737.85,23664.65,23722.95,0
2026-03-18 05:00:00+00:00,23721.65,23746.0,23713.45,23723.35,0
2026-03-18 05:15:00+00:00,23721.65,23778.55,23721.1,23770.6,0
2026-03-18 05:30:00+00:00,23770.8,23791.5,23764.15,23785.3,0
2026-03-18 05:45:00+00:00,23784.7,23806.4,23770.6,23799.6,0
2026-03-18 06:00:00+00:00,23798.75,23835.95,23783.1,23817.95,0
2026-03-18 06:15:00+00:00,23816.9,23822.5,23803.55,23806.3,0
2026-03-18 06:30:00+00:00,23806.65,23810.8,23772.15,23779.65,0
2026-03-18 06:45:00+00:00,23779.2,23788.8,23760.9,23767.0,0
2026-03-18 07:00:00+00:00,23767.15,23789.95,23762.4,23778.2,0
2026-03-18 07:15:00+00:00,23777.7,23794.5,23764.95,23775.9,0
2026-03-18 07:30:00+00:00,23775.15,23803.2,23766.4,23803.2,0
2026-03-18 07:45:00+00:00,23802.4,23836.75,23792.4,23824.35,0
2026-03-18 08:00:00+00:00,23823.85,23844.8,23816.0,23844.4,0
2026-03-18 08:15:00+00:00,23845.45,23859.35,23819.05,23833.65,0
2026-03-18 08:30:00+00:00,23832.5,23851.5,23809.6,23817.65,0
2026-03-18 08:45:00+00:00,23817.5,23862.25,23811.1,23835.25,0
2026-03-18 09:00:00+00:00,23836.45,23840.05,23779.7,23780.6,0
2026-03-18 09:15:00+00:00,23780.55,23808.35,23775.55,23801.8,0
2026-03-18 09:30:00+00:00,23801.65,23809.8,23766.9,23792.55,0
2026-03-18 09:45:00+00:00,23792.35,23792.9,23730.65,23764.1,0
2026-03-19 03:45:00+00:00,23197.75,23378.7,23180.95,23316.05,0
2026-03-19 04:00:00+00:00,23317.2,23325.6,23255.5,23271.0,0
2026-03-19 04:15:00+00:00,23269.6,23273.35,23226.75,23242.7,0
2026-03-19 04:30:00+00:00,23241.95,23269.95,23230.45,23236.65,0
2026-03-19 04:45:00+00:00,23234.75,23283.95,23204.05,23272.4,0
2026-03-19 05:00:00+00:00,23272.4,23317.8,23271.7,23311.7,0
2026-03-19 05:15:00+00:00,23312.6,23312.6,23258.3,23260.45,0
2026-03-19 05:30:00+00:00,23260.65,23264.65,23217.1,23220.95,0
2026-03-19 05:45:00+00:00,23221.35,23253.6,23207.55,23228.05,0
2026-03-19 06:00:00+00:00,23227.35,23253.85,23225.55,23241.65,0
2026-03-19 06:15:00+00:00,23241.6,23260.0,23236.2,23241.05,0
2026-03-19 06:30:00+00:00,23241.9,23268.75,23217.85,23265.5,0
2026-03-19 06:45:00+00:00,23265.5,23281.2,23238.95,23254.85,0
2026-03-19 07:00:00+00:00,23254.9,23264.7,23229.3,23235.65,0
2026-03-19 07:15:00+00:00,23234.85,23277.3,23233.8,23264.65,0
2026-03-19 07:30:00+00:00,23265.35,23265.6,23194.7,23200.25,0
2026-03-19 07:45:00+00:00,23200.35,23208.7,23172.15,23176.65,0
2026-03-19 08:00:00+00:00,23176.7,23217.85,23173.8,23199.15,0
2026-03-19 08:15:00+00:00,23198.55,23203.75,23155.7,23163.05,0
2026-03-19 08:30:00+00:00,23163.3,23171.8,23087.95,23111.3,0
2026-03-19 08:45:00+00:00,23111.55,23137.05,23096.9,23100.65,0
2026-03-19 09:00:00+00:00,23101.1,23127.55,23083.75,23110.7,0
2026-03-19 09:15:00+00:00,23110.55,23111.55,22947.55,22954.05,0
2026-03-19 09:30:00+00:00,22954.9,23019.1,22930.35,22987.25,0
2026-03-19 09:45:00+00:00,22987.55,23093.9,22977.65,23087.85,0
2026-03-20 03:45:00+00:00,23110.15,23303.85,23109.9,23286.8,0
2026-03-20 04:00:00+00:00,23287.05,23319.7,23228.95,23228.95,0
2026-03-20 04:15:00+00:00,23230.6,23266.7,23222.75,23259.0,0
2026-03-20 04:30:00+00:00,23260.2,23261.05,23220.7,23243.65,0
2026-03-20 04:45:00+00:00,23243.4,23261.3,23200.65,23260.6,0
2026-03-20 05:00:00+00:00,23261.75,23301.8,23252.6,23290.15,0
2026-03-20 05:15:00+00:00,23290.6,23317.9,23277.05,23296.6,0
2026-03-20 05:30:00+00:00,23298.65,23303.65,23263.15,23289.15,0
2026-03-20 05:45:00+00:00,23288.95,23345.15,23284.6,23317.3,0
2026-03-20 06:00:00+00:00,23317.9,23331.6,23285.8,23286.9,0
2026-03-20 06:15:00+00:00,23287.4,23292.85,23223.1,23250.3,0
2026-03-20 06:30:00+00:00,23251.25,23259.5,23210.9,23233.05,0
2026-03-20 06:45:00+00:00,23234.15,23234.15,23137.05,23155.15,0
2026-03-20 07:00:00+00:00,23155.65,23216.4,23120.35,23205.75,0
2026-03-20 07:15:00+00:00,23206.5,23249.7,23202.8,23214.8,0
2026-03-20 07:30:00+00:00,23214.9,23251.2,23202.6,23231.5,0
2026-03-20 07:45:00+00:00,23232.0,23271.1,23230.0,23257.7,0
2026-03-20 08:00:00+00:00,23258.45,23272.4,23231.95,23232.0,0
2026-03-20 08:15:00+00:00,23233.7,23234.0,23188.65,23193.45,0
2026-03-20 08:30:00+00:00,23195.0,23244.55,23185.25,23199.15,0
2026-03-20 08:45:00+00:00,23200.05,23205.75,23164.0,23164.0,0
2026-03-20 09:00:00+00:00,23164.05,23188.05,23097.7,23098.25,0
2026-03-20 09:15:00+00:00,23099.4,23113.4,23067.6,23090.5,0
2026-03-20 09:30:00+00:00,23091.3,23177.45,23078.6,23106.85,0
2026-03-20 09:45:00+00:00,23106.25,23139.8,23078.7,23134.65,0
2026-03-23 03:45:00+00:00,22824.35,22851.7,22634.55,22704.4,0
2026-03-23 04:00:00+00:00,22702.15,22742.8,22691.8,22706.4,0
2026-03-23 04:15:00+00:00,22706.1,22706.65,22592.6,22597.5,0
2026-03-23 04:30:00+00:00,22597.45,22633.05,22571.1,22572.3,0
2026-03-23 04:45:00+00:00,22571.95,22587.5,22530.3,22531.0,0
2026-03-23 05:00:00+00:00,22530.6,22581.5,22529.05,22548.1,0
2026-03-23 05:15:00+00:00,22548.2,22550.25,22509.65,22531.85,0
2026-03-23 05:30:00+00:00,22531.2,22583.65,22504.15,22554.75,0
2026-03-23 05:45:00+00:00,22554.6,22561.45,22528.0,22559.15,0
2026-03-23 06:00:00+00:00,22557.85,22571.6,22508.3,22520.15,0
2026-03-23 06:15:00+00:00,22518.0,22564.0,22518.0,22555.9,0
2026-03-23 06:30:00+00:00,22556.05,22562.35,22530.6,22535.35,0
2026-03-23 06:45:00+00:00,22534.25,22535.55,22478.15,22511.95,0
2026-03-23 07:00:00+00:00,22514.6,22551.5,22497.7,22535.65,0
2026-03-23 07:15:00+00:00,22534.7,22555.9,22481.7,22500.05,0
2026-03-23 07:30:00+00:00,22499.55,22508.25,22471.25,22489.1,0
2026-03-23 07:45:00+00:00,22489.7,22514.5,22482.85,22487.05,0
2026-03-23 08:00:00+00:00,22487.6,22567.35,22487.15,22561.7,0
2026-03-23 08:15:00+00:00,22558.95,22629.75,22557.6,22599.65,0
2026-03-23 08:30:00+00:00,22598.85,22661.15,22590.45,22618.7,0
2026-03-23 08:45:00+00:00,22619.65,22656.45,22591.95,22611.2,0
2026-03-23 09:00:00+00:00,22610.55,22617.4,22515.25,22599.1,0
2026-03-23 09:15:00+00:00,22596.95,22646.55,22579.05,22614.5,0
2026-03-23 09:30:00+00:00,22614.75,22614.75,22486.1,22509.25,0
2026-03-23 09:45:00+00:00,22509.55,22510.7,22478.1,22492.65,0
2026-03-24 03:45:00+00:00,22878.45,22899.6,22762.8,22839.9,0
2026-03-24 04:00:00+00:00,22839.6,22852.4,22731.95,22744.8,0
2026-03-24 04:15:00+00:00,22747.3,22773.65,22701.2,22754.2,0
2026-03-24 04:30:00+00:00,22753.9,22756.65,22681.6,22708.1,0
2026-03-24 04:45:00+00:00,22706.95,22766.8,22701.55,22737.9,0
2026-03-24 05:00:00+00:00,22738.2,22738.9,22624.2,22667.9,0
2026-03-24 05:15:00+00:00,22667.55,22723.5,22629.4,22639.7,0
2026-03-24 05:30:00+00:00,22639.8,22711.05,22639.8,22698.25,0
2026-03-24 05:45:00+00:00,22699.4,22746.0,22689.55,22728.5,0
2026-03-24 06:00:00+00:00,22729.35,22770.15,22724.5,22754.65,0
2026-03-24 06:15:00+00:00,22754.35,22827.8,22745.85,22806.9,0
2026-03-24 06:30:00+00:00,22806.75,22816.9,22760.0,22761.45,0
2026-03-24 06:45:00+00:00,22761.9,22936.5,22753.35,22844.45,0
2026-03-24 07:00:00+00:00,22844.15,22989.2,22843.4,22955.2,0
2026-03-24 07:15:00+00:00,22956.95,23026.1,22952.85,22974.4,0
2026-03-24 07:30:00+00:00,22974.6,22990.5,22911.35,22990.5,0
2026-03-24 07:45:00+00:00,22990.75,23027.25,22958.4,23021.95,0
2026-03-24 08:00:00+00:00,23021.2,23057.3,22999.85,23037.5,0
2026-03-24 08:15:00+00:00,23037.6,23047.9,22950.6,22976.2,0
2026-03-24 08:30:00+00:00,22975.25,22995.75,22954.25,22992.35,0
2026-03-24 08:45:00+00:00,22993.2,23037.9,22920.0,22945.6,0
2026-03-24 09:00:00+00:00,22945.1,22959.4,22882.65,22909.65,0
2026-03-24 09:15:00+00:00,22909.25,22927.15,22883.9,22916.35,0
2026-03-24 09:30:00+00:00,22914.6,22932.1,22875.35,22898.65,0
2026-03-24 09:45:00+00:00,22901.15,22961.7,22881.3,22958.4,0
2026-03-25 03:45:00+00:00,23064.4,23220.8,23063.2,23215.1,0
2026-03-25 04:00:00+00:00,23214.65,23278.05,23202.55,23270.9,0
2026-03-25 04:15:00+00:00,23272.95,23298.25,23262.05,23286.05,0
2026-03-25 04:30:00+00:00,23287.4,23310.35,23246.55,23305.55,0
2026-03-25 04:45:00+00:00,23306.6,23318.55,23283.35,23314.55,0
2026-03-25 05:00:00+00:00,23313.7,23369.6,23299.95,23366.65,0
2026-03-25 05:15:00+00:00,23366.25,23378.35,23354.35,23367.45,0
2026-03-25 05:30:00+00:00,23366.0,23433.7,23366.0,23432.55,0
2026-03-25 05:45:00+00:00,23432.3,23434.75,23377.3,23388.4,0
2026-03-25 06:00:00+00:00,23391.5,23406.8,23343.5,23361.35,0
2026-03-25 06:15:00+00:00,23361.3,23416.35,23359.4,23399.35,0
2026-03-25 06:30:00+00:00,23399.4,23442.35,23394.5,23440.35,0
2026-03-25 06:45:00+00:00,23439.95,23449.75,23417.85,23429.25,0
2026-03-25 07:00:00+00:00,23429.0,23465.35,23416.55,23447.55,0
2026-03-25 07:15:00+00:00,23447.85,23452.25,23372.35,23375.35,0
2026-03-25 07:30:00+00:00,23374.85,23420.5,23369.7,23392.6,0
2026-03-25 07:45:00+00:00,23392.2,23424.3,23371.55,23412.95,0
2026-03-25 08:00:00+00:00,23414.15,23439.25,23388.1,23432.55,0
2026-03-25 08:15:00+00:00,23432.95,23462.8,23419.0,23430.2,0
2026-03-25 08:30:00+00:00,23430.35,23460.3,23387.45,23390.75,0
2026-03-25 08:45:00+00:00,23390.3,23403.95,23314.35,23337.25,0
2026-03-25 09:00:00+00:00,23337.35,23368.05,23304.5,23357.35,0
2026-03-25 09:15:00+00:00,23357.1,23367.65,23318.5,23334.85,0
2026-03-25 09:30:00+00:00,23332.5,23357.45,23284.1,23300.65,0
2026-03-25 09:45:00+00:00,23302.95,23311.4,23273.95,23309.0,0
2026-03-27 03:45:00+00:00,23173.55,23186.1,23025.5,23056.8,0
2026-03-27 04:00:00+00:00,23056.55,23063.85,23000.85,23053.55,0
2026-03-27 04:15:00+00:00,23053.1,23054.6,22978.45,22992.25,0
2026-03-27 04:30:00+00:00,22991.45,23034.95,22977.25,22980.5,0
2026-03-27 04:45:00+00:00,22980.9,23014.05,22967.3,23006.75,0
2026-03-27 05:00:00+00:00,23006.55,23038.65,22987.0,22989.15,0
2026-03-27 05:15:00+00:00,22988.35,22989.4,22948.1,22973.5,0
2026-03-27 05:30:00+00:00,22973.4,23001.15,22967.1,22990.45,0
2026-03-27 05:45:00+00:00,22990.9,22992.7,22927.3,22934.5,0
2026-03-27 06:00:00+00:00,22935.3,22957.3,22929.3,22950.55,0
2026-03-27 06:15:00+00:00,22950.8,22961.8,22938.8,22946.65,0
2026-03-27 06:30:00+00:00,22946.0,22954.25,22917.2,22934.35,0
2026-03-27 06:45:00+00:00,22932.95,22964.25,22905.6,22962.3,0
2026-03-27 07:00:00+00:00,22962.8,22967.55,22930.65,22964.7,0
2026-03-27 07:15:00+00:00,22965.0,22973.2,22939.9,22945.65,0
2026-03-27 07:30:00+00:00,22945.05,22952.6,22920.0,22943.65,0
2026-03-27 07:45:00+00:00,22943.15,22992.95,22935.75,22936.4,0
2026-03-27 08:00:00+00:00,22935.8,22949.15,22909.3,22930.3,0
2026-03-27 08:15:00+00:00,22931.35,22945.3,22912.75,22922.85,0
2026-03-27 08:30:00+00:00,22922.9,22930.6,22884.5,22911.05,0
2026-03-27 08:45:00+00:00,22911.65,22917.1,22872.1,22885.15,0
2026-03-27 09:00:00+00:00,22886.65,22886.95,22831.35,22852.6,0
2026-03-27 09:15:00+00:00,22854.35,22869.2,22840.4,22845.0,0
2026-03-27 09:30:00+00:00,22843.55,22843.95,22811.2,22814.4,0
2026-03-27 09:45:00+00:00,22814.8,22839.5,22804.55,22839.5,0
2026-03-30 03:45:00+00:00,22549.65,22618.05,22470.15,22580.75,0
2026-03-30 04:00:00+00:00,22581.4,22714.1,22576.75,22659.25,0
2026-03-30 04:15:00+00:00,22659.55,22690.0,22596.95,22615.3,0
2026-03-30 04:30:00+00:00,22614.7,22665.5,22556.6,22596.75,0
2026-03-30 04:45:00+00:00,22595.9,22603.95,22534.75,22534.75,0
2026-03-30 05:00:00+00:00,22535.45,22554.6,22512.25,22514.55,0
2026-03-30 05:15:00+00:00,22513.3,22538.3,22478.35,22490.2,0
2026-03-30 05:30:00+00:00,22489.6,22509.3,22454.0,22478.55,0
2026-03-30 05:45:00+00:00,22479.25,22488.25,22465.8,22468.2,0
2026-03-30 06:00:00+00:00,22468.1,22535.8,22457.35,22486.65,0
2026-03-30 06:15:00+00:00,22485.7,22489.85,22453.0,22484.0,0
2026-03-30 06:30:00+00:00,22483.15,22594.5,22480.3,22567.1,0
2026-03-30 06:45:00+00:00,22566.9,22594.1,22502.85,22519.15,0
2026-03-30 07:00:00+00:00,22519.85,22579.3,22508.0,22557.05,0
2026-03-30 07:15:00+00:00,22557.35,22560.7,22484.05,22505.8,0
2026-03-30 07:30:00+00:00,22506.1,22511.4,22481.45,22499.2,0
2026-03-30 07:45:00+00:00,22498.55,22516.35,22456.55,22476.45,0
2026-03-30 08:00:00+00:00,22476.2,22502.1,22454.85,22462.05,0
2026-03-30 08:15:00+00:00,22461.15,22468.15,22420.0,22428.8,0
2026-03-30 08:30:00+00:00,22428.1,22487.2,22417.95,22420.5,0
2026-03-30 08:45:00+00:00,22420.2,22431.85,22375.8,22378.05,0
2026-03-30 09:00:00+00:00,22376.55,22410.6,22350.65,22366.8,0
2026-03-30 09:15:00+00:00,22365.6,22383.4,22337.8,22349.95,0
2026-03-30 09:30:00+00:00,22348.5,22348.5,22283.85,22335.6,0
2026-03-30 09:45:00+00:00,22335.45,22391.0,22325.15,22379.2,0
2026-04-01 03:45:00+00:00,22899.0,22930.4,22809.0,22929.75,0
2026-04-01 04:00:00+00:00,22928.55,22937.65,22824.15,22854.95,0
2026-04-01 04:15:00+00:00,22851.45,22932.1,22848.5,22893.15,0
2026-04-01 04:30:00+00:00,22892.9,22941.3,22862.55,22868.85,0
2026-04-01 04:45:00+00:00,22867.9,22879.45,22771.65,22796.5,0
2026-04-01 05:00:00+00:00,22797.1,22816.4,22778.35,22807.5,0
2026-04-01 05:15:00+00:00,22808.6,22820.25,22769.5,22770.75,0
2026-04-01 05:30:00+00:00,22771.35,22791.65,22738.25,22763.75,0
2026-04-01 05:45:00+00:00,22763.55,22800.65,22747.7,22790.1,0
2026-04-01 06:00:00+00:00,22788.85,22822.65,22786.45,22799.15,0
2026-04-01 06:15:00+00:00,22797.65,22798.65,22736.6,22775.9,0
2026-04-01 06:30:00+00:00,22774.1,22864.6,22774.1,22859.3,0
2026-04-01 06:45:00+00:00,22857.75,22864.2,22817.85,22832.8,0
2026-04-01 07:00:00+00:00,22831.0,22856.35,22816.55,22834.6,0
2026-04-01 07:15:00+00:00,22834.95,22881.1,22833.85,22862.05,0
2026-04-01 07:30:00+00:00,22862.1,22883.4,22842.7,22883.3,0
2026-04-01 07:45:00+00:00,22883.2,22897.95,22795.0,22807.95,0
2026-04-01 08:00:00+00:00,22808.35,22808.35,22648.35,22675.15,0
2026-04-01 08:15:00+00:00,22674.85,22725.9,22658.7,22703.65,0
2026-04-01 08:30:00+00:00,22703.75,22756.6,22688.2,22753.0,0
2026-04-01 08:45:00+00:00,22754.35,22756.8,22709.95,22733.4,0
2026-04-01 09:00:00+00:00,22734.55,22734.9,22641.3,22662.65,0
2026-04-01 09:15:00+00:00,22660.6,22685.35,22618.6,22647.8,0
2026-04-01 09:30:00+00:00,22651.25,22692.55,22651.25,22671.65,0
2026-04-01 09:45:00+00:00,22671.1,22706.3,22668.6,22703.15,0
2026-04-02 03:45:00+00:00,22383.4,22394.65,22209.15,22244.45,0
2026-04-02 04:00:00+00:00,22244.35,22290.75,22239.45,22264.45,0
2026-04-02 04:15:00+00:00,22264.2,22273.2,22205.55,22206.5,0
2026-04-02 04:30:00+00:00,22206.8,22236.65,22182.55,22234.35,0
2026-04-02 04:45:00+00:00,22234.5,22234.5,22188.95,22217.65,0
2026-04-02 05:00:00+00:00,22216.85,22236.2,22206.8,22221.4,0
2026-04-02 05:15:00+00:00,22221.2,22249.5,22189.45,22243.7,0
2026-04-02 05:30:00+00:00,22242.95,22250.2,22217.95,22227.65,0
2026-04-02 05:45:00+00:00,22225.85,22231.3,22202.75,22207.6,0
2026-04-02 06:00:00+00:00,22206.5,22239.2,22203.7,22223.15,0
2026-04-02 06:15:00+00:00,22224.3,22300.6,22223.1,22277.55,0
2026-04-02 06:30:00+00:00,22277.2,22288.75,22244.55,22267.85,0
2026-04-02 06:45:00+00:00,22266.95,22295.0,22231.25,22294.5,0
2026-04-02 07:00:00+00:00,22293.2,22368.1,22285.15,22363.05,0
2026-04-02 07:15:00+00:00,22363.3,22371.7,22323.55,22365.3,0
2026-04-02 07:30:00+00:00,22364.85,22406.0,22330.9,22369.85,0
2026-04-02 07:45:00+00:00,22368.5,22489.05,22360.3,22488.25,0
2026-04-02 08:00:00+00:00,22488.45,22543.5,22458.0,22535.65,0
2026-04-02 08:15:00+00:00,22537.8,22561.55,22493.8,22530.35,0
2026-04-02 08:30:00+00:00,22529.45,22628.8,22519.85,22627.25,0
2026-04-02 08:45:00+00:00,22625.85,22684.7,22618.4,22665.65,0
2026-04-02 09:00:00+00:00,22665.55,22706.65,22572.85,22584.6,0
2026-04-02 09:15:00+00:00,22584.4,22667.15,22569.15,22658.3,0
2026-04-02 09:30:00+00:00,22659.0,22761.95,22650.8,22760.4,0
2026-04-02 09:45:00+00:00,22761.95,22782.3,22673.6,22700.7,0
2026-04-06 03:45:00+00:00,22780.3,22798.25,22591.7,22609.05,0
2026-04-06 04:00:00+00:00,22604.85,22746.9,22596.5,22620.2,0
2026-04-06 04:15:00+00:00,22620.2,22636.35,22566.65,22569.3,0
2026-04-06 04:30:00+00:00,22569.1,22656.8,22561.9,22654.85,0
2026-04-06 04:45:00+00:00,22659.8,22679.7,22591.3,22634.45,0
2026-04-06 05:00:00+00:00,22634.05,22662.65,22598.85,22653.5,0
2026-04-06 05:15:00+00:00,22653.95,22669.2,22609.6,22635.85,0
2026-04-06 05:30:00+00:00,22635.6,22635.8,22542.95,22567.8,0
2026-04-06 05:45:00+00:00,22567.45,22635.65,22558.65,22629.3,0
2026-04-06 06:00:00+00:00,22629.15,22650.6,22595.9,22644.4,0
2026-04-06 06:15:00+00:00,22644.3,22707.8,22634.55,22676.4,0
2026-04-06 06:30:00+00:00,22678.05,22691.95,22659.4,22659.6,0
2026-04-06 06:45:00+00:00,22660.35,22731.1,22653.1,22713.4,0
2026-04-06 07:00:00+00:00,22713.55,22714.9,22644.45,22675.65,0
2026-04-06 07:15:00+00:00,22676.2,22804.0,22675.45,22802.45,0
2026-04-06 07:30:00+00:00,22804.1,22865.25,22758.45,22860.7,0
2026-04-06 07:45:00+00:00,22861.3,22898.95,22843.85,22860.2,0
2026-04-06 08:00:00+00:00,22863.65,22900.55,22843.5,22850.9,0
2026-04-06 08:15:00+00:00,22852.7,22887.4,22843.4,22862.8,0
2026-04-06 08:30:00+00:00,22862.45,22913.4,22861.75,22911.4,0
2026-04-06 08:45:00+00:00,22911.65,22929.7,22881.4,22895.45,0
2026-04-06 09:00:00+00:00,22896.65,22940.7,22895.9,22913.8,0
2026-04-06 09:15:00+00:00,22914.3,22930.3,22886.3,22917.15,0
2026-04-06 09:30:00+00:00,22917.05,22998.35,22912.45,22989.35,0
2026-04-06 09:45:00+00:00,22990.3,22991.2,22954.2,22959.45,0
2026-04-07 03:45:00+00:00,22838.7,22893.4,22719.3,22889.85,0
2026-04-07 04:00:00+00:00,22891.45,22901.05,22793.0,22801.8,0
2026-04-07 04:15:00+00:00,22803.25,22892.65,22803.25,22886.15,0
2026-04-07 04:30:00+00:00,22889.35,22928.7,22879.3,22920.0,0
2026-04-07 04:45:00+00:00,22921.8,22966.6,22915.85,22943.65,0
2026-04-07 05:00:00+00:00,22944.5,22965.25,22887.6,22958.85,0
2026-04-07 05:15:00+00:00,22960.3,22960.95,22834.65,22843.95,0
2026-04-07 05:30:00+00:00,22845.1,22886.7,22827.75,22862.5,0
2026-04-07 05:45:00+00:00,22866.05,22947.0,22852.15,22943.6,0
2026-04-07 06:00:00+00:00,22943.5,22960.25,22911.75,22921.25,0
2026-04-07 06:15:00+00:00,22922.4,22991.7,22903.8,22984.7,0
2026-04-07 06:30:00+00:00,22986.2,22987.75,22906.25,22942.55,0
2026-04-07 06:45:00+00:00,22939.95,22947.25,22905.7,22924.75,0
2026-04-07 07:00:00+00:00,22926.2,22951.9,22920.3,22946.05,0
2026-04-07 07:15:00+00:00,22947.2,22952.05,22912.5,22915.9,0
2026-04-07 07:30:00+00:00,22917.4,22956.05,22906.15,22938.85,0
2026-04-07 07:45:00+00:00,22941.65,22970.7,22933.75,22959.95,0
2026-04-07 08:00:00+00:00,22961.9,23062.4,22961.8,23056.05,0
2026-04-07 08:15:00+00:00,23057.5,23063.55,22960.05,22977.7,0
2026-04-07 08:30:00+00:00,22979.9,23022.65,22974.1,23011.95,0
2026-04-07 08:45:00+00:00,23014.55,23026.15,22982.15,23014.1,0
2026-04-07 09:00:00+00:00,23015.0,23049.95,22989.45,23028.6,0
2026-04-07 09:15:00+00:00,23031.4,23101.4,23020.7,23096.7,0
2026-04-07 09:30:00+00:00,23096.85,23134.8,23076.5,23109.25,0
2026-04-07 09:45:00+00:00,23109.4,23153.85,23106.1,23129.95,0
2026-04-08 03:45:00+00:00,23855.15,23938.85,23828.5,23877.85,0
2026-04-08 04:00:00+00:00,23878.4,23921.35,23875.9,23920.15,0
2026-04-08 04:15:00+00:00,23922.2,23961.25,23891.85,23896.9,0
2026-04-08 04:30:00+00:00,23898.8,23935.1,23878.6,23880.45,0
2026-04-08 04:45:00+00:00,23881.65,23915.25,23869.1,23909.85,0
2026-04-08 05:00:00+00:00,23910.6,23952.95,23904.05,23950.95,0
2026-04-08 05:15:00+00:00,23951.65,23984.5,23925.15,23982.15,0
2026-04-08 05:30:00+00:00,23984.05,24004.65,23981.3,23991.6,0
2026-04-08 05:45:00+00:00,23992.7,24014.0,23975.5,23982.75,0
2026-04-08 06:00:00+00:00,23982.45,23988.3,23947.1,23980.55,0
2026-04-08 06:15:00+00:00,23981.55,23998.6,23923.5,23931.2,0
2026-04-08 06:30:00+00:00,23932.6,23971.2,23920.15,23963.2,0
2026-04-08 06:45:00+00:00,23963.45,23973.95,23949.25,23950.1,0
2026-04-08 07:00:00+00:00,23950.95,23950.95,23902.25,23946.35,0
2026-04-08 07:15:00+00:00,23946.7,23979.8,23932.35,23978.8,0
2026-04-08 07:30:00+00:00,23978.05,23988.6,23948.8,23974.3,0
2026-04-08 07:45:00+00:00,23975.1,24001.6,23965.2,23999.15,0
2026-04-08 08:00:00+00:00,24000.35,24025.15,23975.4,23975.4,0
2026-04-08 08:15:00+00:00,23974.85,23990.05,23953.1,23985.5,0
2026-04-08 08:30:00+00:00,23986.35,23986.35,23944.0,23948.15,0
2026-04-08 08:45:00+00:00,23950.6,23988.8,23946.75,23979.55,0
2026-04-08 09:00:00+00:00,23980.45,24006.15,23971.9,23999.0,0
2026-04-08 09:15:00+00:00,24001.85,24017.6,23972.55,24002.65,0
2026-04-08 09:30:00+00:00,24002.45,24011.5,23955.75,23994.25,0
2026-04-08 09:45:00+00:00,23998.1,24018.25,23985.3,24012.35,0
2026-04-09 03:45:00+00:00,23909.05,23990.75,23815.15,23984.2,0
2026-04-09 04:00:00+00:00,23983.6,23986.1,23856.65,23861.15,0
2026-04-09 04:15:00+00:00,23863.9,23883.05,23771.05,23786.3,0
2026-04-09 04:30:00+00:00,23785.35,23853.15,23759.45,23839.0,0
2026-04-09 04:45:00+00:00,23839.05,23871.35,23820.2,23848.2,0
2026-04-09 05:00:00+00:00,23848.45,23872.2,23803.65,23807.9,0
2026-04-09 05:15:00+00:00,23807.95,23843.55,23807.95,23828.75,0
2026-04-09 05:30:00+00:00,23828.95,23869.5,23828.15,23855.75,0
2026-04-09 05:45:00+00:00,23855.6,23863.85,23814.2,23855.25,0
2026-04-09 06:00:00+00:00,23855.0,23875.5,23844.4,23864.8,0
2026-04-09 06:15:00+00:00,23864.8,23905.4,23849.4,23886.35,0
2026-04-09 06:30:00+00:00,23887.15,23907.3,23860.25,23881.25,0
2026-04-09 06:45:00+00:00,23881.05,23886.9,23854.85,23872.55,0
2026-04-09 07:00:00+00:00,23871.75,23885.35,23845.1,23852.3,0
2026-04-09 07:15:00+00:00,23853.3,23855.25,23801.6,23830.7,0
2026-04-09 07:30:00+00:00,23830.25,23842.6,23804.7,23815.4,0
2026-04-09 07:45:00+00:00,23815.85,23817.3,23767.8,23769.3,0
2026-04-09 08:00:00+00:00,23769.15,23798.95,23755.6,23760.15,0
2026-04-09 08:15:00+00:00,23759.85,23785.45,23740.15,23767.85,0
2026-04-09 08:30:00+00:00,23767.85,23800.0,23751.8,23753.2,0
2026-04-09 08:45:00+00:00,23753.45,23760.95,23709.85,23720.3,0
2026-04-09 09:00:00+00:00,23720.0,23744.9,23682.8,23729.75,0
2026-04-09 09:15:00+00:00,23728.8,23752.15,23720.5,23741.05,0
2026-04-09 09:30:00+00:00,23742.45,23806.8,23726.9,23793.35,0
2026-04-09 09:45:00+00:00,23792.95,23794.35,23758.95,23766.05,0
2026-04-10 03:45:00+00:00,23880.55,23978.7,23856.35,23937.35,0
2026-04-10 04:00:00+00:00,23938.05,23959.5,23921.85,23948.6,0
2026-04-10 04:15:00+00:00,23949.3,23998.25,23943.65,23988.45,0
2026-04-10 04:30:00+00:00,23988.65,24002.85,23916.3,23994.95,0
2026-04-10 04:45:00+00:00,23996.9,24036.2,23996.9,24010.0,0
2026-04-10 05:00:00+00:00,24008.9,24026.1,24001.0,24003.75,0
2026-04-10 05:15:00+00:00,24003.65,24009.05,23972.3,23999.7,0
2026-04-10 05:30:00+00:00,23999.8,24021.35,23993.95,24012.05,0
2026-04-10 05:45:00+00:00,24011.35,24015.35,23971.3,23972.15,0
2026-04-10 06:00:00+00:00,23972.8,24007.4,23970.05,23980.95,0
2026-04-10 06:15:00+00:00,23979.7,23996.0,23953.8,23994.7,0
2026-04-10 06:30:00+00:00,23994.3,24019.55,23984.95,24009.1,0
2026-04-10 06:45:00+00:00,24007.9,24032.6,23991.15,24009.35,0
2026-04-10 07:00:00+00:00,24010.4,24022.0,23995.3,24004.3,0
2026-04-10 07:15:00+00:00,24003.65,24018.95,23986.15,24004.9,0
2026-04-10 07:30:00+00:00,24005.3,24021.75,23999.35,24003.15,0
2026-04-10 07:45:00+00:00,24003.4,24010.75,23996.0,24007.5,0
2026-04-10 08:00:00+00:00,24007.0,24025.7,23999.15,24020.7,0
2026-04-10 08:15:00+00:00,24020.15,24044.9,24002.35,24041.2,0
2026-04-10 08:30:00+00:00,24041.0,24048.2,23998.45,24020.4,0
2026-04-10 08:45:00+00:00,24020.45,24021.8,23938.6,23965.35,0
2026-04-10 09:00:00+00:00,23964.65,23993.45,23947.25,23982.9,0
2026-04-10 09:15:00+00:00,23981.85,24006.15,23956.75,23994.2,0
2026-04-10 09:30:00+00:00,23994.85,24074.05,23994.85,24058.1,0
2026-04-10 09:45:00+00:00,24057.2,24063.45,24045.9,24050.5,0
2026-04-13 03:45:00+00:00,23589.6,23699.7,23555.6,23604.7,0
2026-04-13 04:00:00+00:00,23604.3,23644.0,23580.35,23633.5,0
2026-04-13 04:15:00+00:00,23634.3,23680.4,23612.45,23669.05,0
2026-04-13 04:30:00+00:00,23668.8,23682.65,23653.15,23660.05,0
2026-04-13 04:45:00+00:00,23655.5,23732.3,23634.05,23721.5,0
2026-04-13 05:00:00+00:00,23721.8,23738.55,23696.3,23723.55,0
2026-04-13 05:15:00+00:00,23723.2,23757.95,23721.85,23740.0,0
2026-04-13 05:30:00+00:00,23737.45,23752.3,23730.4,23743.7,0
2026-04-13 05:45:00+00:00,23743.75,23762.75,23731.1,23740.5,0
2026-04-13 06:00:00+00:00,23740.65,23772.3,23729.4,23756.15,0
2026-04-13 06:15:00+00:00,23756.75,23811.35,23754.6,23785.65,0
2026-04-13 06:30:00+00:00,23785.95,23816.2,23785.45,23814.6,0
2026-04-13 06:45:00+00:00,23814.7,23836.55,23796.0,23835.95,0
2026-04-13 07:00:00+00:00,23837.6,23847.75,23821.5,23841.35,0
2026-04-13 07:15:00+00:00,23842.15,23845.7,23780.9,23806.45,0
2026-04-13 07:30:00+00:00,23806.8,23822.4,23771.75,23820.65,0
2026-04-13 07:45:00+00:00,23821.25,23839.8,23805.25,23823.4,0
2026-04-13 08:00:00+00:00,23824.55,23856.8,23822.9,23835.45,0
2026-04-13 08:15:00+00:00,23835.85,23907.4,23831.9,23893.7,0
2026-04-13 08:30:00+00:00,23893.05,23897.3,23835.2,23854.5,0
2026-04-13 08:45:00+00:00,23854.75,23881.65,23834.6,23866.05,0
2026-04-13 09:00:00+00:00,23865.45,23897.45,23855.75,23866.35,0
2026-04-13 09:15:00+00:00,23866.05,23897.4,23854.6,23883.7,0
2026-04-13 09:30:00+00:00,23884.95,23888.2,23822.25,23845.4,0
2026-04-13 09:45:00+00:00,23843.65,23847.0,23814.65,23818.9,0
2026-04-15 03:45:00+00:00,24163.8,24280.9,24162.7,24192.45,0
2026-04-15 04:00:00+00:00,24193.5,24215.95,24145.8,24207.35,0
2026-04-15 04:15:00+00:00,24207.05,24225.2,24186.7,24216.0,0
2026-04-15 04:30:00+00:00,24216.8,24253.35,24214.05,24241.65,0
2026-04-15 04:45:00+00:00,24241.55,24272.55,24241.55,24260.1,0
2026-04-15 05:00:00+00:00,24260.4,24273.15,24235.45,24243.1,0
2026-04-15 05:15:00+00:00,24242.5,24255.75,24208.8,24216.1,0
2026-04-15 05:30:00+00:00,24216.35,24216.5,24177.6,24184.25,0
2026-04-15 05:45:00+00:00,24184.5,24207.5,24174.5,24188.05,0
2026-04-15 06:00:00+00:00,24188.1,24211.05,24184.65,24210.35,0
2026-04-15 06:15:00+00:00,24210.6,24226.25,24202.15,24217.1,0
2026-04-15 06:30:00+00:00,24217.75,24234.95,24217.45,24226.85,0
2026-04-15 06:45:00+00:00,24227.0,24235.65,24200.4,24219.75,0
2026-04-15 07:00:00+00:00,24219.8,24236.65,24213.05,24228.05,0
2026-04-15 07:15:00+00:00,24228.75,24234.85,24203.95,24207.85,0
2026-04-15 07:30:00+00:00,24207.5,24222.75,24200.2,24220.55,0
2026-04-15 07:45:00+00:00,24220.65,24238.55,24187.75,24196.95,0
2026-04-15 08:00:00+00:00,24196.9,24223.3,24191.25,24215.75,0
2026-04-15 08:15:00+00:00,24215.9,24225.2,24194.35,24221.25,0
2026-04-15 08:30:00+00:00,24221.8,24238.1,24219.5,24226.6,0
2026-04-15 08:45:00+00:00,24227.05,24242.25,24214.4,24233.35,0
2026-04-15 09:00:00+00:00,24232.9,24237.9,24220.15,24233.15,0
2026-04-15 09:15:00+00:00,24233.0,24264.2,24232.35,24261.25,0
2026-04-15 09:30:00+00:00,24262.2,24265.75,24223.95,24227.85,0
2026-04-15 09:45:00+00:00,24228.7,24230.35,24206.5,24211.9,0
2026-04-16 03:45:00+00:00,24385.2,24400.95,24333.95,24385.85,0
2026-04-16 04:00:00+00:00,24385.65,24396.05,24299.05,24301.95,0
2026-04-16 04:15:00+00:00,24302.75,24337.05,24270.55,24271.55,0
2026-04-16 04:30:00+00:00,24271.65,24319.85,24264.4,24307.6,0
2026-04-16 04:45:00+00:00,24306.15,24328.8,24292.5,24300.75,0
2026-04-16 05:00:00+00:00,24301.05,24325.85,24292.45,24307.65,0
2026-04-16 05:15:00+00:00,24307.45,24327.9,24302.15,24309.55,0
2026-04-16 05:30:00+00:00,24309.3,24333.2,24303.65,24313.9,0
2026-04-16 05:45:00+00:00,24313.2,24328.95,24282.75,24299.15,0
2026-04-16 06:00:00+00:00,24300.25,24304.25,24252.9,24254.7,0
2026-04-16 06:15:00+00:00,24254.3,24254.3,24194.7,24197.2,0
2026-04-16 06:30:00+00:00,24196.3,24197.8,24153.05,24184.8,0
2026-04-16 06:45:00+00:00,24182.95,24189.7,24152.25,24162.95,0
2026-04-16 07:00:00+00:00,24162.95,24169.75,24131.8,24139.05,0
2026-04-16 07:15:00+00:00,24140.8,24157.1,24116.95,24144.55,0
2026-04-16 07:30:00+00:00,24144.5,24160.2,24107.45,24122.3,0
2026-04-16 07:45:00+00:00,24122.6,24142.45,24102.8,24116.05,0
2026-04-16 08:00:00+00:00,24116.1,24140.1,24115.3,24137.75,0
2026-04-16 08:15:00+00:00,24137.85,24190.5,24137.45,24183.2,0
2026-04-16 08:30:00+00:00,24181.9,24183.95,24132.45,24166.7,0
2026-04-16 08:45:00+00:00,24166.7,24186.9,24153.75,24186.6,0
2026-04-16 09:00:00+00:00,24186.5,24234.55,24186.5,24219.65,0
2026-04-16 09:15:00+00:00,24219.5,24245.0,24214.6,24230.05,0
2026-04-16 09:30:00+00:00,24229.45,24238.3,24163.45,24183.9,0
2026-04-16 09:45:00+00:00,24184.25,24203.25,24177.8,24188.4,0
2026-04-17 03:45:00+00:00,24165.9,24235.6,24096.05,24233.35,0
2026-04-17 04:00:00+00:00,24232.6,24234.75,24166.9,24191.35,0
2026-04-17 04:15:00+00:00,24192.75,24238.55,24190.0,24232.1,0
2026-04-17 04:30:00+00:00,24231.4,24279.85,24205.4,24272.95,0
2026-04-17 04:45:00+00:00,24273.45,24304.55,24273.45,24285.85,0
2026-04-17 05:00:00+00:00,24285.9,24296.3,24244.05,24260.4,0
2026-04-17 05:15:00+00:00,24260.45,24270.0,24252.6,24254.95,0
2026-04-17 05:30:00+00:00,24255.7,24275.15,24237.75,24265.1,0
2026-04-17 05:45:00+00:00,24264.65,24282.15,24264.65,24275.25,0
2026-04-17 06:00:00+00:00,24275.8,24302.6,24273.5,24294.9,0
2026-04-17 06:15:00+00:00,24295.6,24323.1,24269.65,24271.45,0
2026-04-17 06:30:00+00:00,24271.65,24292.55,24253.15,24285.6,0
2026-04-17 06:45:00+00:00,24286.2,24293.7,24280.7,24284.0,0
2026-04-17 07:00:00+00:00,24283.95,24285.05,24260.25,24267.0,0
2026-04-17 07:15:00+00:00,24267.15,24277.95,24259.9,24266.1,0
2026-04-17 07:30:00+00:00,24267.0,24292.95,24264.85,24285.05,0
2026-04-17 07:45:00+00:00,24284.3,24289.35,24265.4,24289.35,0
2026-04-17 08:00:00+00:00,24289.5,24312.8,24287.45,24301.9,0
2026-04-17 08:15:00+00:00,24301.6,24309.1,24294.05,24303.3,0
2026-04-17 08:30:00+00:00,24303.65,24317.75,24300.85,24306.85,0
2026-04-17 08:45:00+00:00,24307.5,24327.1,24305.1,24307.1,0
2026-04-17 09:00:00+00:00,24307.4,24343.4,24304.75,24340.45,0
2026-04-17 09:15:00+00:00,24339.85,24357.8,24338.0,24349.85,0
2026-04-17 09:30:00+00:00,24349.6,24358.25,24320.1,24354.55,0
2026-04-17 09:45:00+00:00,24353.65,24371.9,24348.1,24366.9,0
2026-04-20 03:45:00+00:00,24391.5,24420.2,24241.25,24383.0,0
2026-04-20 04:00:00+00:00,24383.15,24389.75,24295.6,24302.75,0
2026-04-20 04:15:00+00:00,24301.85,24344.1,24281.2,24331.75,0
2026-04-20 04:30:00+00:00,24331.05,24388.3,24326.35,24379.6,0
2026-04-20 04:45:00+00:00,24379.95,24413.5,24370.5,24409.65,0
2026-04-20 05:00:00+00:00,24409.5,24448.5,24409.5,24439.05,0
2026-04-20 05:15:00+00:00,24439.35,24439.7,24410.9,24430.1,0
2026-04-20 05:30:00+00:00,24431.1,24440.1,24395.9,24407.65,0
2026-04-20 05:45:00+00:00,24408.45,24467.6,24407.2,24464.75,0
2026-04-20 06:00:00+00:00,24463.8,24471.15,24439.9,24462.75,0
2026-04-20 06:15:00+00:00,24462.4,24473.25,24456.4,24463.35,0
2026-04-20 06:30:00+00:00,24463.25,24469.6,24421.75,24433.2,0
2026-04-20 06:45:00+00:00,24433.2,24463.45,24426.0,24461.4,0
2026-04-20 07:00:00+00:00,24461.0,24470.5,24453.15,24462.35,0
2026-04-20 07:15:00+00:00,24462.1,24480.65,24460.75,24462.05,0
2026-04-20 07:30:00+00:00,24461.85,24463.15,24394.35,24414.3,0
2026-04-20 07:45:00+00:00,24414.05,24424.6,24359.2,24392.0,0
2026-04-20 08:00:00+00:00,24392.65,24404.8,24369.2,24396.35,0
2026-04-20 08:15:00+00:00,24395.6,24397.8,24369.9,24395.35,0
2026-04-20 08:30:00+00:00,24395.75,24396.05,24372.25,24393.75,0
2026-04-20 08:45:00+00:00,24393.95,24438.0,24388.1,24431.25,0
2026-04-20 09:00:00+00:00,24431.5,24431.6,24390.8,24401.25,0
2026-04-20 09:15:00+00:00,24402.35,24410.4,24371.95,24407.9,0
2026-04-20 09:30:00+00:00,24407.9,24424.6,24381.0,24381.8,0
2026-04-20 09:45:00+00:00,24382.25,24383.2,24318.0,24330.9,0
2026-04-21 03:45:00+00:00,24374.55,24486.0,24354.9,24449.15,0
2026-04-21 04:00:00+00:00,24449.75,24477.65,24442.45,24466.6,0
2026-04-21 04:15:00+00:00,24465.95,24512.35,24465.95,24499.95,0
2026-04-21 04:30:00+00:00,24500.65,24524.85,24498.3,24513.45,0
2026-04-21 04:45:00+00:00,24513.4,24524.65,24487.5,24493.6,0
2026-04-21 05:00:00+00:00,24494.15,24535.15,24491.2,24528.05,0
2026-04-21 05:15:00+00:00,24527.85,24561.5,24517.65,24549.25,0
2026-04-21 05:30:00+00:00,24549.55,24565.1,24540.0,24556.45,0
2026-04-21 05:45:00+00:00,24555.1,24557.1,24529.95,24539.2,0
2026-04-21 06:00:00+00:00,24537.3,24539.2,24513.65,24528.0,0
2026-04-21 06:15:00+00:00,24527.85,24543.95,24521.8,24531.65,0
2026-04-21 06:30:00+00:00,24531.8,24569.15,24527.2,24559.0,0
2026-04-21 06:45:00+00:00,24558.2,24570.95,24545.6,24547.2,0
2026-04-21 07:00:00+00:00,24547.65,24571.25,24545.85,24552.55,0
2026-04-21 07:15:00+00:00,24552.4,24553.9,24527.7,24537.9,0
2026-04-21 07:30:00+00:00,24538.7,24546.1,24525.35,24540.7,0
2026-04-21 07:45:00+00:00,24540.7,24555.8,24536.25,24552.35,0
2026-04-21 08:00:00+00:00,24552.6,24569.8,24523.5,24533.5,0
2026-04-21 08:15:00+00:00,24532.85,24563.8,24526.6,24554.6,0
2026-04-21 08:30:00+00:00,24554.35,24556.75,24522.6,24537.2,0
2026-04-21 08:45:00+00:00,24537.85,24584.65,24535.7,24572.6,0
2026-04-21 09:00:00+00:00,24573.6,24574.45,24526.05,24535.45,0
2026-04-21 09:15:00+00:00,24538.05,24572.85,24534.9,24568.2,0
2026-04-21 09:30:00+00:00,24567.3,24600.45,24548.9,24573.9,0
2026-04-21 09:45:00+00:00,24573.7,24601.7,24567.4,24580.6,0
2026-04-22 03:45:00+00:00,24470.85,24515.95,24434.4,24440.4,0
2026-04-22 04:00:00+00:00,24439.45,24466.45,24420.5,24424.4,0
2026-04-22 04:15:00+00:00,24424.8,24433.55,24381.35,24382.25,0
2026-04-22 04:30:00+00:00,24382.9,24390.5,24352.9,24373.15,0
2026-04-22 04:45:00+00:00,24372.9,24385.55,24353.7,24373.05,0
2026-04-22 05:00:00+00:00,24372.3,24418.2,24367.2,24416.35,0
2026-04-22 05:15:00+00:00,24416.25,24447.8,24409.05,24439.9,0
2026-04-22 05:30:00+00:00,24440.2,24441.2,24412.3,24428.15,0
2026-04-22 05:45:00+00:00,24427.95,24449.7,24424.25,24435.45,0
2026-04-22 06:00:00+00:00,24435.95,24448.7,24417.05,24417.2,0
2026-04-22 06:15:00+00:00,24416.8,24428.25,24390.55,24426.9,0
2026-04-22 06:30:00+00:00,24426.85,24436.35,24409.75,24419.15,0
2026-04-22 06:45:00+00:00,24418.65,24422.75,24400.15,24409.9,0
2026-04-22 07:00:00+00:00,24410.2,24422.15,24395.5,24418.45,0
2026-04-22 07:15:00+00:00,24419.2,24433.4,24403.55,24429.75,0
2026-04-22 07:30:00+00:00,24431.8,24437.7,24417.8,24431.25,0
2026-04-22 07:45:00+00:00,24429.75,24433.15,24385.45,24415.6,0
2026-04-22 08:00:00+00:00,24415.9,24433.55,24409.0,24431.9,0
2026-04-22 08:15:00+00:00,24431.5,24453.05,24415.1,24449.55,0
2026-04-22 08:30:00+00:00,24449.85,24458.25,24405.9,24415.0,0
2026-04-22 08:45:00+00:00,24416.45,24418.1,24390.7,24405.6,0
2026-04-22 09:00:00+00:00,24405.65,24430.0,24402.8,24413.15,0
2026-04-22 09:15:00+00:00,24412.75,24430.25,24408.5,24425.75,0
2026-04-22 09:30:00+00:00,24423.15,24423.15,24374.15,24382.4,0
2026-04-22 09:45:00+00:00,24382.05,24392.65,24356.7,24367.65,0
2026-04-23 03:45:00+00:00,24202.35,24242.5,24134.8,24230.5,0
2026-04-23 04:00:00+00:00,24230.5,24256.9,24193.5,24242.65,0
2026-04-23 04:15:00+00:00,24244.7,24298.95,24233.6,24287.5,0
2026-04-23 04:30:00+00:00,24288.0,24310.2,24266.05,24275.35,0
2026-04-23 04:45:00+00:00,24276.8,24291.65,24260.6,24261.3,0
2026-04-23 05:00:00+00:00,24263.5,24265.4,24217.65,24220.0,0
2026-04-23 05:15:00+00:00,24221.3,24222.7,24185.2,24215.35,0
2026-04-23 05:30:00+00:00,24216.0,24225.65,24191.1,24191.85,0
2026-04-23 05:45:00+00:00,24193.2,24210.35,24186.75,24197.75,0
2026-04-23 06:00:00+00:00,24198.15,24203.95,24177.65,24178.15,0
2026-04-23 06:15:00+00:00,24179.0,24218.1,24172.85,24206.1,0
2026-04-23 06:30:00+00:00,24208.05,24225.9,24195.95,24222.5,0
2026-04-23 06:45:00+00:00,24222.95,24231.5,24179.35,24180.1,0
2026-04-23 07:00:00+00:00,24182.6,24203.0,24167.1,24201.65,0
2026-04-23 07:15:00+00:00,24202.6,24217.05,24186.5,24214.7,0
2026-04-23 07:30:00+00:00,24215.85,24218.5,24200.75,24216.2,0
2026-04-23 07:45:00+00:00,24217.25,24281.1,24208.2,24271.45,0
2026-04-23 08:00:00+00:00,24271.75,24272.45,24204.3,24213.7,0
2026-04-23 08:15:00+00:00,24214.95,24252.75,24207.75,24241.5,0
2026-04-23 08:30:00+00:00,24242.1,24242.75,24207.65,24209.2,0
2026-04-23 08:45:00+00:00,24209.1,24221.4,24189.2,24189.45,0
2026-04-23 09:00:00+00:00,24190.95,24190.95,24160.65,24162.6,0
2026-04-23 09:15:00+00:00,24163.75,24194.05,24157.95,24180.85,0
2026-04-23 09:30:00+00:00,24181.8,24216.7,24159.0,24160.0,0
2026-04-23 09:45:00+00:00,24161.3,24175.1,24149.8,24156.05,0
2026-04-24 03:45:00+00:00,24100.55,24206.0,24056.6,24058.1,0
2026-04-24 04:00:00+00:00,24058.05,24061.6,23983.75,23984.25,0
2026-04-24 04:15:00+00:00,23985.4,23987.15,23944.1,23955.0,0
2026-04-24 04:30:00+00:00,23954.9,24003.35,23954.5,23992.85,0
2026-04-24 04:45:00+00:00,23992.25,23992.25,23937.25,23957.7,0
2026-04-24 05:00:00+00:00,23956.2,23971.2,23932.25,23933.65,0
2026-04-24 05:15:00+00:00,23933.4,23944.85,23914.9,23925.4,0
2026-04-24 05:30:00+00:00,23925.55,23943.8,23909.55,23916.2,0
2026-04-24 05:45:00+00:00,23915.1,23942.75,23903.25,23931.3,0
2026-04-24 06:00:00+00:00,23930.4,23949.3,23922.65,23927.05,0
2026-04-24 06:15:00+00:00,23926.3,23926.65,23893.4,23898.25,0
2026-04-24 06:30:00+00:00,23897.75,23933.05,23894.15,23930.65,0
2026-04-24 06:45:00+00:00,23930.8,23936.5,23878.8,23881.8,0
2026-04-24 07:00:00+00:00,23881.85,23910.7,23880.3,23882.1,0
2026-04-24 07:15:00+00:00,23881.1,23919.05,23881.1,23904.35,0
2026-04-24 07:30:00+00:00,23904.3,23905.5,23851.15,23865.5,0
2026-04-24 07:45:00+00:00,23865.6,23880.05,23855.9,23878.3,0
2026-04-24 08:00:00+00:00,23878.4,23878.55,23826.2,23830.4,0
2026-04-24 08:15:00+00:00,23829.6,23858.55,23829.6,23846.3,0
2026-04-24 08:30:00+00:00,23847.6,23849.95,23813.65,23841.65,0
2026-04-24 08:45:00+00:00,23841.45,23890.35,23840.15,23888.55,0
2026-04-24 09:00:00+00:00,23887.75,23926.9,23885.95,23926.0,0
2026-04-24 09:15:00+00:00,23925.45,23930.5,23905.05,23920.9,0
2026-04-24 09:30:00+00:00,23920.65,23920.65,23863.3,23895.45,0
2026-04-24 09:45:00+00:00,23895.25,23924.2,23894.5,23903.95,0
2026-04-27 03:45:00+00:00,23945.45,24067.5,23936.2,24042.0,0
2026-04-27 04:00:00+00:00,24045.05,24057.7,23998.3,24045.4,0
2026-04-27 04:15:00+00:00,24043.9,24107.6,24043.45,24099.05,0
2026-04-27 04:30:00+00:00,24098.75,24102.65,24061.7,24063.3,0
2026-04-27 04:45:00+00:00,24063.9,24103.15,24045.4,24058.3,0
2026-04-27 05:00:00+00:00,24058.1,24061.2,24013.0,24043.45,0
2026-04-27 05:15:00+00:00,24041.6,24088.95,24025.75,24072.2,0
2026-04-27 05:30:00+00:00,24071.95,24076.6,24026.85,24056.9,0
2026-04-27 05:45:00+00:00,24055.45,24077.5,24029.7,24030.95,0
2026-04-27 06:00:00+00:00,24031.65,24039.85,23974.4,23998.65,0
2026-04-27 06:15:00+00:00,23998.45,24039.9,23984.3,24037.2,0
2026-04-27 06:30:00+00:00,24036.2,24045.15,24022.8,24040.5,0
2026-04-27 06:45:00+00:00,24039.85,24066.1,24031.2,24059.0,0
2026-04-27 07:00:00+00:00,24057.75,24092.85,24056.95,24075.7,0
2026-04-27 07:15:00+00:00,24074.75,24084.0,24065.45,24071.5,0
2026-04-27 07:30:00+00:00,24071.7,24100.0,24069.4,24099.75,0
2026-04-27 07:45:00+00:00,24100.2,24120.55,24093.3,24107.5,0
2026-04-27 08:00:00+00:00,24107.8,24127.2,24099.4,24116.25,0
2026-04-27 08:15:00+00:00,24114.75,24129.55,24102.45,24114.25,0
2026-04-27 08:30:00+00:00,24113.35,24124.55,24105.65,24122.2,0
2026-04-27 08:45:00+00:00,24122.1,24124.0,24102.2,24111.2,0
2026-04-27 09:00:00+00:00,24109.9,24112.5,24078.9,24110.65,0
2026-04-27 09:15:00+00:00,24110.05,24130.7,24097.8,24121.95,0
2026-04-27 09:30:00+00:00,24118.2,24119.45,24088.95,24094.3,0
2026-04-27 09:45:00+00:00,24095.15,24112.75,24077.85,24110.2,0
2026-04-28 03:45:00+00:00,24049.9,24133.65,23999.25,24115.35,0
2026-04-28 04:00:00+00:00,24116.2,24133.75,24090.4,24128.3,0
2026-04-28 04:15:00+00:00,24130.8,24156.6,24112.95,24155.3,0
2026-04-28 04:30:00+00:00,24154.35,24168.55,24145.05,24148.3,0
2026-04-28 04:45:00+00:00,24148.4,24181.8,24144.5,24166.8,0
2026-04-28 05:00:00+00:00,24168.2,24171.95,24124.25,24134.85,0
2026-04-28 05:15:00+00:00,24135.6,24174.65,24134.35,24167.8,0
2026-04-28 05:30:00+00:00,24169.85,24169.85,24132.6,24148.0,0
2026-04-28 05:45:00+00:00,24148.15,24148.95,24057.9,24058.0,0
2026-04-28 06:00:00+00:00,24057.85,24086.75,24045.35,24085.4,0
2026-04-28 06:15:00+00:00,24086.45,24093.8,24055.6,24056.0,0
2026-04-28 06:30:00+00:00,24058.1,24058.6,24029.3,24048.25,0
2026-04-28 06:45:00+00:00,24046.85,24057.45,24003.85,24012.45,0
2026-04-28 07:00:00+00:00,24011.9,24031.0,23992.3,24029.85,0
2026-04-28 07:15:00+00:00,24030.8,24040.45,24006.0,24007.35,0
2026-04-28 07:30:00+00:00,24007.9,24034.0,23999.7,24017.6,0
2026-04-28 07:45:00+00:00,24018.7,24049.0,24018.05,24019.45,0
2026-04-28 08:00:00+00:00,24021.05,24022.05,23961.25,24002.65,0
2026-04-28 08:15:00+00:00,24003.05,24029.85,23985.75,24010.55,0
2026-04-28 08:30:00+00:00,24011.6,24011.75,23981.95,23981.95,0
2026-04-28 08:45:00+00:00,23983.2,24013.45,23972.95,23997.4,0
2026-04-28 09:00:00+00:00,23998.95,24036.6,23998.45,24032.2,0
2026-04-28 09:15:00+00:00,24032.0,24046.45,24019.1,24039.15,0
2026-04-28 09:30:00+00:00,24039.85,24042.45,23968.65,23972.45,0
2026-04-28 09:45:00+00:00,23972.75,24016.5,23957.05,24016.5,0
2026-04-29 03:45:00+00:00,24096.9,24123.55,24059.95,24111.55,0
2026-04-29 04:00:00+00:00,24110.45,24144.45,24087.35,24141.35,0
2026-04-29 04:15:00+00:00,24142.65,24180.5,24141.8,24173.2,0
2026-04-29 04:30:00+00:00,24174.6,24236.8,24174.6,24233.8,0
2026-04-29 04:45:00+00:00,24235.2,24296.3,24234.65,24290.15,0
2026-04-29 05:00:00+00:00,24290.4,24291.7,24263.1,24267.45,0
2026-04-29 05:15:00+00:00,24268.4,24290.65,24254.8,24287.1,0
2026-04-29 05:30:00+00:00,24288.25,24298.95,24273.1,24288.15,0
2026-04-29 05:45:00+00:00,24289.9,24295.35,24260.0,24263.25,0
2026-04-29 06:00:00+00:00,24266.1,24286.4,24263.5,24271.85,0
2026-04-29 06:15:00+00:00,24273.3,24277.85,24263.65,24276.95,0
2026-04-29 06:30:00+00:00,24278.2,24311.9,24267.55,24293.15,0
2026-04-29 06:45:00+00:00,24295.1,24317.1,24293.2,24307.1,0
2026-04-29 07:00:00+00:00,24309.35,24331.8,24305.5,24321.6,0
2026-04-29 07:15:00+00:00,24323.15,24329.7,24314.6,24316.85,0
2026-04-29 07:30:00+00:00,24318.95,24334.7,24311.5,24318.2,0
2026-04-29 07:45:00+00:00,24319.7,24325.85,24304.6,24305.2,0
2026-04-29 08:00:00+00:00,24307.25,24317.0,24267.5,24272.55,0
2026-04-29 08:15:00+00:00,24273.65,24283.3,24254.95,24254.95,0
2026-04-29 08:30:00+00:00,24256.2,24259.85,24197.45,24214.6,0
2026-04-29 08:45:00+00:00,24215.6,24217.5,24184.95,24186.7,0
2026-04-29 09:00:00+00:00,24188.45,24229.25,24182.1,24229.15,0
2026-04-29 09:15:00+00:00,24230.7,24230.7,24183.9,24185.45,0
2026-04-29 09:30:00+00:00,24187.35,24209.8,24168.65,24170.15,0
2026-04-29 09:45:00+00:00,24170.0,24171.4,24142.95,24163.6,0
2026-04-30 03:45:00+00:00,23996.95,24019.15,23872.75,23876.95,0
2026-04-30 04:00:00+00:00,23874.1,23939.6,23864.55,23937.8,0
2026-04-30 04:15:00+00:00,23938.3,23956.45,23875.35,23880.2,0
2026-04-30 04:30:00+00:00,23880.0,23880.0,23824.1,23828.6,0
2026-04-30 04:45:00+00:00,23828.7,23845.75,23800.65,23827.6,0
2026-04-30 05:00:00+00:00,23827.1,23857.3,23821.35,23843.7,0
2026-04-30 05:15:00+00:00,23842.5,23844.3,23799.05,23815.85,0
2026-04-30 05:30:00+00:00,23816.4,23833.1,23798.5,23799.9,0
2026-04-30 05:45:00+00:00,23800.9,23835.15,23796.85,23831.65,0
2026-04-30 06:00:00+00:00,23831.1,23853.15,23821.7,23835.65,0
2026-04-30 06:15:00+00:00,23835.05,23848.95,23826.3,23842.55,0
2026-04-30 06:30:00+00:00,23842.45,23899.75,23830.35,23899.75,0
2026-04-30 06:45:00+00:00,23899.05,23919.6,23873.3,23911.45,0
2026-04-30 07:00:00+00:00,23912.0,23918.35,23892.25,23912.95,0
2026-04-30 07:15:00+00:00,23912.65,23943.45,23912.55,23936.85,0
2026-04-30 07:30:00+00:00,23935.75,23956.3,23908.05,23950.15,0
2026-04-30 07:45:00+00:00,23948.85,23982.45,23938.35,23971.15,0
2026-04-30 08:00:00+00:00,23970.55,24031.7,23962.6,24029.8,0
2026-04-30 08:15:00+00:00,24029.05,24061.1,24011.6,24055.05,0
2026-04-30 08:30:00+00:00,24054.9,24057.6,24015.5,24022.85,0
2026-04-30 08:45:00+00:00,24021.5,24032.8,23984.45,24007.15,0
2026-04-30 09:00:00+00:00,24006.15,24087.45,24004.8,24075.1,0
2026-04-30 09:15:00+00:00,24074.75,24081.25,24013.0,24050.2,0
2026-04-30 09:30:00+00:00,24051.95,24051.95,23962.95,23991.3,0
2026-04-30 09:45:00+00:00,23992.1,24051.8,23984.65,24043.7,0
2026-05-04 03:45:00+00:00,24063.55,24245.85,24061.85,24214.55,0
2026-05-04 04:00:00+00:00,24215.6,24290.2,24181.05,24276.65,0
2026-05-04 04:15:00+00:00,24279.25,24283.8,24225.25,24246.2,0
2026-05-04 04:30:00+00:00,24247.25,24259.75,24172.45,24175.2,0
2026-05-04 04:45:00+00:00,24175.3,24196.85,24142.8,24196.65,0
2026-05-04 05:00:00+00:00,24197.5,24223.35,24172.2,24219.15,0
2026-05-04 05:15:00+00:00,24219.3,24240.65,24186.2,24187.25,0
2026-05-04 05:30:00+00:00,24188.3,24227.8,24175.65,24227.25,0
2026-05-04 05:45:00+00:00,24227.5,24242.25,24224.1,24237.4,0
2026-05-04 06:00:00+00:00,24237.3,24242.8,24218.55,24228.45,0
2026-05-04 06:15:00+00:00,24229.0,24249.15,24212.9,24221.05,0
2026-05-04 06:30:00+00:00,24222.5,24229.9,24115.8,24117.0,0
2026-05-04 06:45:00+00:00,24117.35,24154.1,24106.5,24132.8,0
2026-05-04 07:00:00+00:00,24132.65,24134.65,24098.55,24100.55,0
2026-05-04 07:15:00+00:00,24100.95,24119.05,24083.6,24103.8,0
2026-05-04 07:30:00+00:00,24104.2,24121.35,24090.55,24109.1,0
2026-05-04 07:45:00+00:00,24109.05,24111.75,24024.7,24025.25,0
2026-05-04 08:00:00+00:00,24023.35,24090.65,24004.75,24086.8,0
2026-05-04 08:15:00+00:00,24087.0,24108.9,24050.4,24072.25,0
2026-05-04 08:30:00+00:00,24072.25,24111.6,24053.8,24103.75,0
2026-05-04 08:45:00+00:00,24105.0,24149.7,24102.7,24122.7,0
2026-05-04 09:00:00+00:00,24123.75,24131.95,24072.15,24096.0,0
2026-05-04 09:15:00+00:00,24096.15,24111.5,24071.0,24089.25,0
2026-05-04 09:30:00+00:00,24091.0,24135.05,24074.95,24123.25,0
2026-05-04 09:45:00+00:00,24125.05,24135.45,24110.2,24123.8,0
2026-05-05 03:45:00+00:00,24052.6,24072.1,23949.4,23992.05,0
2026-05-05 04:00:00+00:00,23990.6,24060.55,23988.1,24013.75,0
2026-05-05 04:15:00+00:00,24013.55,24055.45,24005.85,24043.05,0
2026-05-05 04:30:00+00:00,24042.55,24053.9,23978.5,23986.0,0
2026-05-05 04:45:00+00:00,23986.1,23994.45,23944.65,23954.4,0
2026-05-05 05:00:00+00:00,23952.2,23966.8,23922.9,23937.95,0
2026-05-05 05:15:00+00:00,23937.25,23950.3,23914.35,23925.95,0
2026-05-05 05:30:00+00:00,23925.15,23952.75,23913.55,23939.0,0
2026-05-05 05:45:00+00:00,23937.8,23961.55,23924.35,23935.15,0
2026-05-05 06:00:00+00:00,23935.3,23966.75,23916.05,23916.05,0
2026-05-05 06:15:00+00:00,23915.4,23919.2,23882.05,23888.95,0
2026-05-05 06:30:00+00:00,23888.15,23949.3,23888.15,23946.45,0
2026-05-05 06:45:00+00:00,23945.95,23977.95,23940.85,23943.2,0
2026-05-05 07:00:00+00:00,23943.9,23974.45,23933.8,23952.85,0
2026-05-05 07:15:00+00:00,23952.55,24014.25,23952.55,24011.9,0
2026-05-05 07:30:00+00:00,24012.6,24080.75,24010.65,24068.8,0
2026-05-05 07:45:00+00:00,24067.35,24081.7,24030.6,24039.95,0
2026-05-05 08:00:00+00:00,24041.4,24056.7,24016.65,24050.45,0
2026-05-05 08:15:00+00:00,24051.15,24062.15,24020.5,24038.1,0
2026-05-05 08:30:00+00:00,24035.85,24047.8,24002.15,24016.8,0
2026-05-05 08:45:00+00:00,24017.2,24061.0,24013.1,24058.3,0
2026-05-05 09:00:00+00:00,24059.3,24060.65,24019.4,24042.1,0
2026-05-05 09:15:00+00:00,24041.55,24045.8,23999.6,24010.8,0
2026-05-05 09:30:00+00:00,24011.9,24043.85,23997.85,24041.65,0
2026-05-05 09:45:00+00:00,24044.0,24059.7,24037.05,24052.15,0
2026-05-06 03:45:00+00:00,24171.0,24250.85,24156.95,24171.6,0
2026-05-06 04:00:00+00:00,24174.6,24185.25,24131.75,24138.45,0
2026-05-06 04:15:00+00:00,24139.85,24165.85,24121.1,24140.3,0
2026-05-06 04:30:00+00:00,24140.6,24141.6,24096.5,24137.3,0
2026-05-06 04:45:00+00:00,24137.0,24155.4,24121.75,24136.4,0
2026-05-06 05:00:00+00:00,24135.5,24150.15,24111.9,24142.85,0
2026-05-06 05:15:00+00:00,24142.75,24143.15,24091.15,24095.75,0
2026-05-06 05:30:00+00:00,24095.95,24104.65,24073.2,24089.3,0
2026-05-06 05:45:00+00:00,24089.15,24112.5,24081.55,24112.5,0
2026-05-06 06:00:00+00:00,24111.95,24117.35,24069.45,24096.8,0
2026-05-06 06:15:00+00:00,24097.1,24114.15,24090.6,24097.35,0
2026-05-06 06:30:00+00:00,24097.2,24099.75,24075.35,24082.8,0
2026-05-06 06:45:00+00:00,24081.75,24081.75,24029.75,24054.65,0
2026-05-06 07:00:00+00:00,24054.15,24055.5,24019.7,24022.3,0
2026-05-06 07:15:00+00:00,24022.0,24025.35,23997.9,24023.1,0
2026-05-06 07:30:00+00:00,24022.65,24044.15,23999.65,24040.65,0
2026-05-06 07:45:00+00:00,24039.9,24085.8,24036.3,24075.35,0
2026-05-06 08:00:00+00:00,24076.6,24109.95,24074.65,24100.9,0
2026-05-06 08:15:00+00:00,24099.25,24120.25,24094.15,24106.95,0
2026-05-06 08:30:00+00:00,24106.8,24133.35,24096.4,24133.35,0
2026-05-06 08:45:00+00:00,24134.05,24332.05,24133.4,24311.65,0
2026-05-06 09:00:00+00:00,24314.7,24337.8,24277.9,24334.35,0
2026-05-06 09:15:00+00:00,24334.65,24356.5,24320.8,24348.25,0
2026-05-06 09:30:00+00:00,24349.0,24353.8,24313.85,24321.35,0
2026-05-06 09:45:00+00:00,24321.75,24346.6,24317.05,24339.3,0
2026-05-07 03:45:00+00:00,24398.5,24423.35,24300.7,24334.15,0
2026-05-07 04:00:00+00:00,24334.8,24402.15,24320.15,24397.35,0
2026-05-07 04:15:00+00:00,24396.9,24401.4,24325.65,24342.95,0
2026-05-07 04:30:00+00:00,24343.0,24378.7,24310.0,24323.65,0
2026-05-07 04:45:00+00:00,24324.65,24368.9,24321.6,24360.3,0
2026-05-07 05:00:00+00:00,24360.3,24375.55,24352.85,24373.45,0
2026-05-07 05:15:00+00:00,24372.5,24379.05,24332.45,24340.85,0
2026-05-07 05:30:00+00:00,24341.0,24343.75,24310.05,24317.75,0
2026-05-07 05:45:00+00:00,24318.2,24332.25,24289.45,24306.45,0
2026-05-07 06:00:00+00:00,24306.95,24349.8,24288.1,24288.5,0
2026-05-07 06:15:00+00:00,24287.8,24346.85,24284.0,24340.55,0
2026-05-07 06:30:00+00:00,24339.7,24369.9,24339.7,24361.55,0
2026-05-07 06:45:00+00:00,24362.45,24383.65,24355.15,24355.15,0
2026-05-07 07:00:00+00:00,24355.25,24482.1,24329.7,24463.15,0
2026-05-07 07:15:00+00:00,24462.85,24471.6,24377.7,24388.25,0
2026-05-07 07:30:00+00:00,24387.65,24420.55,24376.9,24389.7,0
2026-05-07 07:45:00+00:00,24388.65,24399.5,24324.55,24353.35,0
2026-05-07 08:00:00+00:00,24353.55,24364.2,24331.65,24349.75,0
2026-05-07 08:15:00+00:00,24348.6,24374.8,24337.9,24368.65,0
2026-05-07 08:30:00+00:00,24368.05,24375.65,24337.1,24361.65,0
2026-05-07 08:45:00+00:00,24361.25,24381.1,24333.35,24376.9,0
2026-05-07 09:00:00+00:00,24376.5,24385.3,24334.1,24339.45,0
2026-05-07 09:15:00+00:00,24339.55,24362.7,24323.05,24352.65,0
2026-05-07 09:30:00+00:00,24353.1,24363.1,24293.4,24303.1,0
2026-05-07 09:45:00+00:00,24303.25,24339.05,24299.4,24336.4,0
2026-05-08 03:45:00+00:00,24233.65,24253.8,24158.15,24244.15,0
2026-05-08 04:00:00+00:00,24244.3,24244.95,24167.75,24167.75,0
2026-05-08 04:15:00+00:00,24169.05,24199.65,24138.4,24198.45,0
2026-05-08 04:30:00+00:00,24199.15,24213.7,24175.1,24211.3,0
2026-05-08 04:45:00+00:00,24213.8,24243.95,24181.25,24238.05,0
2026-05-08 05:00:00+00:00,24238.85,24242.55,24226.35,24232.25,0
2026-05-08 05:15:00+00:00,24233.65,24239.85,24195.95,24195.95,0
2026-05-08 05:30:00+00:00,24197.8,24237.05,24193.85,24233.0,0
2026-05-08 05:45:00+00:00,24234.8,24241.65,24195.95,24198.35,0
2026-05-08 06:00:00+00:00,24199.9,24212.95,24185.6,24199.45,0
2026-05-08 06:15:00+00:00,24200.6,24209.8,24190.2,24205.85,0
2026-05-08 06:30:00+00:00,24206.0,24212.0,24172.2,24184.2,0
2026-05-08 06:45:00+00:00,24185.2,24198.45,24170.05,24196.1,0
2026-05-08 07:00:00+00:00,24195.25,24196.6,24164.1,24164.3,0
2026-05-08 07:15:00+00:00,24166.0,24175.7,24150.95,24163.4,0
2026-05-08 07:30:00+00:00,24165.55,24178.05,24157.4,24167.0,0
2026-05-08 07:45:00+00:00,24169.55,24198.4,24156.9,24195.45,0
2026-05-08 08:00:00+00:00,24196.65,24202.65,24166.5,24170.95,0
2026-05-08 08:15:00+00:00,24173.35,24181.25,24128.35,24137.2,0
2026-05-08 08:30:00+00:00,24139.15,24179.5,24126.65,24145.85,0
2026-05-08 08:45:00+00:00,24147.35,24170.75,24141.75,24169.65,0
2026-05-08 09:00:00+00:00,24171.0,24235.85,24168.55,24231.7,0
2026-05-08 09:15:00+00:00,24233.55,24240.25,24206.6,24213.65,0
2026-05-08 09:30:00+00:00,24215.1,24215.1,24168.35,24180.85,0
2026-05-08 09:45:00+00:00,24180.6,24196.9,24163.5,24179.8,0
2026-05-11 03:45:00+00:00,23970.1,23986.8,23895.55,23953.25,0
2026-05-11 04:00:00+00:00,23952.2,23959.55,23864.1,23865.65,0
2026-05-11 04:15:00+00:00,23866.15,23899.95,23864.2,23874.25,0
2026-05-11 04:30:00+00:00,23874.6,23903.7,23873.25,23893.4,0
2026-05-11 04:45:00+00:00,23894.75,23896.25,23845.3,23869.2,0
2026-05-11 05:00:00+00:00,23868.45,23874.8,23847.45,23860.1,0
2026-05-11 05:15:00+00:00,23859.95,23892.5,23850.85,23886.95,0
2026-05-11 05:30:00+00:00,23887.0,23922.55,23878.55,23914.6,0
2026-05-11 05:45:00+00:00,23914.6,23942.95,23910.4,23927.8,0
2026-05-11 06:00:00+00:00,23928.2,23952.7,23907.25,23949.4,0
2026-05-11 06:15:00+00:00,23949.55,23956.9,23920.35,23930.9,0
2026-05-11 06:30:00+00:00,23931.25,23943.95,23920.3,23935.55,0
2026-05-11 06:45:00+00:00,23935.2,23945.05,23926.65,23929.05,0
2026-05-11 07:00:00+00:00,23928.9,23954.95,23902.45,23950.35,0
2026-05-11 07:15:00+00:00,23949.7,23954.65,23932.0,23945.55,0
2026-05-11 07:30:00+00:00,23945.4,23949.8,23905.05,23949.8,0
2026-05-11 07:45:00+00:00,23949.9,23953.3,23934.5,23946.35,0
2026-05-11 08:00:00+00:00,23946.1,23988.25,23943.35,23965.45,0
2026-05-11 08:15:00+00:00,23966.55,23997.45,23965.7,23966.45,0
2026-05-11 08:30:00+00:00,23966.45,23973.5,23943.1,23946.3,0
2026-05-11 08:45:00+00:00,23945.25,23954.1,23922.15,23931.9,0
2026-05-11 09:00:00+00:00,23931.95,23957.85,23904.2,23916.35,0
2026-05-11 09:15:00+00:00,23916.6,23924.35,23875.9,23875.9,0
2026-05-11 09:30:00+00:00,23878.55,23879.7,23801.4,23805.75,0
2026-05-11 09:45:00+00:00,23806.2,23820.35,23799.1,23820.35,0
2026-05-12 03:45:00+00:00,23722.6,23757.55,23633.1,23638.3,0
2026-05-12 04:00:00+00:00,23638.95,23657.85,23617.7,23640.65,0
2026-05-12 04:15:00+00:00,23640.75,23652.2,23624.55,23625.85,0
2026-05-12 04:30:00+00:00,23627.0,23655.4,23613.55,23651.4,0
2026-05-12 04:45:00+00:00,23652.05,23675.2,23605.05,23613.25,0
2026-05-12 05:00:00+00:00,23613.55,23638.65,23596.35,23627.55,0
2026-05-12 05:15:00+00:00,23628.05,23629.6,23599.3,23614.7,0
2026-05-12 05:30:00+00:00,23615.1,23615.65,23577.85,23589.35,0
2026-05-12 05:45:00+00:00,23589.6,23613.4,23585.85,23588.9,0
2026-05-12 06:00:00+00:00,23589.5,23607.65,23578.65,23602.7,0
2026-05-12 06:15:00+00:00,23603.95,23612.85,23584.35,23597.5,0
2026-05-12 06:30:00+00:00,23598.45,23599.55,23551.3,23557.8,0
2026-05-12 06:45:00+00:00,23559.5,23580.05,23554.7,23557.3,0
2026-05-12 07:00:00+00:00,23557.8,23558.95,23508.35,23526.15,0
2026-05-12 07:15:00+00:00,23527.25,23540.1,23513.3,23524.55,0
2026-05-12 07:30:00+00:00,23525.15,23536.8,23506.0,23536.8,0
2026-05-12 07:45:00+00:00,23538.05,23564.05,23524.25,23531.05,0
2026-05-12 08:00:00+00:00,23532.45,23550.2,23496.55,23506.8,0
2026-05-12 08:15:00+00:00,23510.05,23530.85,23489.4,23491.5,0
2026-05-12 08:30:00+00:00,23492.8,23496.9,23447.85,23457.5,0
2026-05-12 08:45:00+00:00,23458.75,23492.7,23452.1,23468.6,0
2026-05-12 09:00:00+00:00,23469.35,23472.25,23434.45,23463.6,0
2026-05-12 09:15:00+00:00,23464.9,23474.6,23413.5,23421.25,0
2026-05-12 09:30:00+00:00,23422.5,23423.65,23348.4,23354.8,0
2026-05-12 09:45:00+00:00,23356.0,23434.85,23355.6,23430.55,0
2026-05-13 03:45:00+00:00,23362.45,23503.8,23362.45,23367.05,0
2026-05-13 04:00:00+00:00,23367.7,23387.65,23262.55,23308.5,0
2026-05-13 04:15:00+00:00,23308.9,23389.7,23287.1,23372.45,0
2026-05-13 04:30:00+00:00,23371.15,23426.25,23354.15,23403.05,0
2026-05-13 04:45:00+00:00,23403.2,23477.8,23398.45,23452.45,0
2026-05-13 05:00:00+00:00,23452.25,23478.6,23423.6,23464.0,0
2026-05-13 05:15:00+00:00,23464.05,23472.45,23374.8,23374.8,0
2026-05-13 05:30:00+00:00,23374.8,23409.4,23368.05,23403.95,0
2026-05-13 05:45:00+00:00,23403.8,23416.45,23392.75,23399.0,0
2026-05-13 06:00:00+00:00,23399.85,23498.85,23395.7,23498.6,0
2026-05-13 06:15:00+00:00,23499.0,23509.9,23466.0,23466.1,0
2026-05-13 06:30:00+00:00,23465.45,23514.15,23465.45,23512.75,0
2026-05-13 06:45:00+00:00,23511.95,23518.7,23479.05,23491.0,0
2026-05-13 07:00:00+00:00,23489.5,23497.05,23423.3,23453.9,0
2026-05-13 07:15:00+00:00,23453.55,23579.6,23449.65,23577.95,0
2026-05-13 07:30:00+00:00,23578.1,23582.95,23528.3,23538.5,0
2026-05-13 07:45:00+00:00,23538.0,23538.95,23490.55,23496.75,0
2026-05-13 08:00:00+00:00,23492.05,23540.5,23492.05,23523.35,0
2026-05-13 08:15:00+00:00,23522.05,23535.0,23480.25,23499.8,0
2026-05-13 08:30:00+00:00,23499.85,23525.0,23481.8,23516.8,0
2026-05-13 08:45:00+00:00,23516.5,23522.4,23469.8,23491.35,0
2026-05-13 09:00:00+00:00,23491.05,23504.4,23465.2,23467.5,0
2026-05-13 09:15:00+00:00,23468.2,23490.85,23446.65,23479.2,0
2026-05-13 09:30:00+00:00,23476.75,23478.7,23402.85,23425.7,0
2026-05-13 09:45:00+00:00,23425.4,23436.95,23394.35,23428.7,0
2026-05-14 03:45:00+00:00,23530.25,23589.2,23515.6,23581.3,0
2026-05-14 04:00:00+00:00,23581.35,23586.2,23493.8,23496.8,0
2026-05-14 04:15:00+00:00,23499.0,23532.95,23446.7,23464.45,0
2026-05-14 04:30:00+00:00,23466.1,23496.35,23455.45,23495.8,0
2026-05-14 04:45:00+00:00,23496.8,23517.5,23473.25,23506.4,0
2026-05-14 05:00:00+00:00,23507.65,23537.5,23496.8,23497.25,0
2026-05-14 05:15:00+00:00,23495.6,23495.6,23426.55,23430.45,0
2026-05-14 05:30:00+00:00,23432.9,23461.35,23427.85,23459.15,0
2026-05-14 05:45:00+00:00,23459.85,23577.8,23459.0,23567.4,0
2026-05-14 06:00:00+00:00,23568.5,23669.45,23566.6,23668.6,0
2026-05-14 06:15:00+00:00,23670.7,23702.5,23645.05,23684.6,0
2026-05-14 06:30:00+00:00,23685.55,23685.55,23636.45,23667.4,0
2026-05-14 06:45:00+00:00,23667.95,23708.3,23667.2,23692.65,0
2026-05-14 07:00:00+00:00,23695.2,23702.9,23667.45,23701.7,0
2026-05-14 07:15:00+00:00,23703.35,23713.0,23675.8,23689.0,0
2026-05-14 07:30:00+00:00,23690.2,23747.8,23689.3,23713.55,0
2026-05-14 07:45:00+00:00,23715.25,23732.85,23709.65,23715.15,0
2026-05-14 08:00:00+00:00,23718.1,23760.45,23709.3,23752.55,0
2026-05-14 08:15:00+00:00,23753.8,23763.65,23725.95,23751.35,0
2026-05-14 08:30:00+00:00,23751.85,23768.75,23740.0,23744.55,0
2026-05-14 08:45:00+00:00,23746.45,23757.8,23719.8,23755.35,0
2026-05-14 09:00:00+00:00,23756.1,23777.2,23722.3,23730.1,0
2026-05-14 09:15:00+00:00,23729.85,23733.0,23688.25,23710.15,0
2026-05-14 09:30:00+00:00,23711.65,23713.25,23670.2,23683.8,0
2026-05-14 09:45:00+00:00,23683.35,23719.55,23668.15,23713.75,0
2026-05-15 03:45:00+00:00,23731.4,23796.95,23663.35,23787.9,0
2026-05-15 04:00:00+00:00,23787.3,23803.15,23734.1,23802.1,0
2026-05-15 04:15:00+00:00,23802.5,23837.0,23791.0,23817.95,0
2026-05-15 04:30:00+00:00,23819.1,23821.35,23781.25,23800.25,0
2026-05-15 04:45:00+00:00,23800.3,23834.15,23788.75,23828.15,0
2026-05-15 05:00:00+00:00,23827.85,23829.25,23800.95,23817.05,0
2026-05-15 05:15:00+00:00,23816.9,23839.3,23816.9,23829.55,0
2026-05-15 05:30:00+00:00,23829.25,23830.75,23732.25,23743.55,0
2026-05-15 05:45:00+00:00,23743.55,23751.7,23712.4,23712.7,0
2026-05-15 06:00:00+00:00,23711.4,23730.45,23677.65,23721.75,0
2026-05-15 06:15:00+00:00,23721.55,23735.3,23713.4,23725.55,0
2026-05-15 06:30:00+00:00,23725.9,23769.6,23718.75,23751.15,0
2026-05-15 06:45:00+00:00,23751.0,23755.3,23718.7,23720.5,0
2026-05-15 07:00:00+00:00,23720.7,23769.7,23715.55,23767.5,0
2026-05-15 07:15:00+00:00,23768.65,23797.5,23766.05,23784.65,0
2026-05-15 07:30:00+00:00,23784.6,23787.35,23766.65,23780.65,0
2026-05-15 07:45:00+00:00,23780.95,23787.8,23765.7,23776.1,0
2026-05-15 08:00:00+00:00,23776.05,23779.6,23728.0,23739.2,0
2026-05-15 08:15:00+00:00,23738.8,23750.65,23699.55,23713.55,0
2026-05-15 08:30:00+00:00,23712.95,23722.35,23693.7,23722.35,0
2026-05-15 08:45:00+00:00,23722.3,23726.65,23685.3,23695.7,0
2026-05-15 09:00:00+00:00,23696.95,23705.3,23676.6,23690.75,0
2026-05-15 09:15:00+00:00,23690.6,23692.25,23610.3,23646.1,0
2026-05-15 09:30:00+00:00,23643.85,23678.35,23633.8,23644.1,0
2026-05-15 09:45:00+00:00,23643.6,23660.75,23616.5,23659.35,0
2026-05-18 03:45:00+00:00,23482.2,23494.6,23363.05,23373.1,0
2026-05-18 04:00:00+00:00,23373.15,23394.95,23347.35,23371.05,0
2026-05-18 04:15:00+00:00,23370.75,23372.2,23317.1,23341.15,0
2026-05-18 04:30:00+00:00,23340.8,23366.5,23339.5,23362.4,0
2026-05-18 04:45:00+00:00,23362.3,23389.45,23353.9,23379.85,0
2026-05-18 05:00:00+00:00,23379.75,23439.7,23355.55,23417.2,0
2026-05-18 05:15:00+00:00,23417.8,23465.95,23389.6,23465.1,0
2026-05-18 05:30:00+00:00,23464.9,23477.75,23452.6,23470.1,0
2026-05-18 05:45:00+00:00,23470.2,23519.9,23465.85,23495.8,0
2026-05-18 06:00:00+00:00,23495.8,23562.75,23494.4,23534.25,0
2026-05-18 06:15:00+00:00,23534.55,23538.25,23473.7,23474.7,0
2026-05-18 06:30:00+00:00,23474.75,23525.65,23468.35,23524.75,0
2026-05-18 06:45:00+00:00,23524.15,23558.15,23513.15,23553.45,0
2026-05-18 07:00:00+00:00,23553.5,23610.0,23553.5,23584.75,0
2026-05-18 07:15:00+00:00,23585.0,23637.9,23572.65,23636.9,0
2026-05-18 07:30:00+00:00,23637.15,23661.65,23592.25,23615.9,0
2026-05-18 07:45:00+00:00,23615.5,23634.25,23596.45,23618.95,0
2026-05-18 08:00:00+00:00,23618.35,23633.5,23599.15,23622.4,0
2026-05-18 08:15:00+00:00,23622.05,23659.4,23604.05,23640.9,0
2026-05-18 08:30:00+00:00,23641.25,23652.0,23606.7,23624.85,0
2026-05-18 08:45:00+00:00,23624.9,23624.9,23583.85,23614.35,0
2026-05-18 09:00:00+00:00,23613.5,23624.25,23582.0,23602.95,0
2026-05-18 09:15:00+00:00,23603.35,23607.9,23581.95,23591.5,0
2026-05-18 09:30:00+00:00,23591.0,23695.65,23590.25,23634.6,0
2026-05-18 09:45:00+00:00,23634.25,23658.4,23619.3,23644.45,0
2026-05-19 03:45:00+00:00,23675.3,23765.65,23675.25,23756.9,0
2026-05-19 04:00:00+00:00,23759.6,23768.95,23647.4,23749.2,0
2026-05-19 04:15:00+00:00,23751.2,23751.7,23677.6,23678.15,0
2026-05-19 04:30:00+00:00,23679.0,23762.9,23678.15,23753.45,0
2026-05-19 04:45:00+00:00,23753.75,23762.6,23724.0,23751.05,0
2026-05-19 05:00:00+00:00,23752.9,23765.15,23734.2,23764.75,0
2026-05-19 05:15:00+00:00,23765.3,23782.3,23724.9,23771.95,0
2026-05-19 05:30:00+00:00,23772.1,23774.95,23718.1,23719.75,0
2026-05-19 05:45:00+00:00,23720.55,23728.35,23695.35,23727.85,0
2026-05-19 06:00:00+00:00,23728.15,23754.75,23704.85,23750.05,0
2026-05-19 06:15:00+00:00,23752.2,23772.75,23745.7,23754.65,0
2026-05-19 06:30:00+00:00,23755.6,23755.6,23733.75,23743.05,0
2026-05-19 06:45:00+00:00,23744.55,23755.5,23724.25,23752.4,0
2026-05-19 07:00:00+00:00,23753.75,23753.75,23722.15,23738.05,0
2026-05-19 07:15:00+00:00,23738.65,23743.2,23719.3,23723.9,0
2026-05-19 07:30:00+00:00,23725.25,23735.75,23706.1,23708.35,0
2026-05-19 07:45:00+00:00,23709.6,23738.85,23701.45,23724.85,0
2026-05-19 08:00:00+00:00,23726.7,23743.3,23685.85,23696.85,0
2026-05-19 08:15:00+00:00,23697.3,23716.0,23674.0,23689.1,0
2026-05-19 08:30:00+00:00,23691.35,23725.35,23684.55,23717.35,0
2026-05-19 08:45:00+00:00,23718.05,23736.55,23699.7,23703.15,0
2026-05-19 09:00:00+00:00,23704.45,23705.3,23649.0,23657.2,0
2026-05-19 09:15:00+00:00,23657.4,23666.9,23632.35,23655.15,0
2026-05-19 09:30:00+00:00,23655.4,23659.3,23608.0,23624.4,0
2026-05-19 09:45:00+00:00,23624.55,23629.2,23587.2,23606.2,0
2026-05-20 03:45:00+00:00,23457.25,23481.95,23397.3,23476.95,0
2026-05-20 04:00:00+00:00,23477.85,23536.9,23473.5,23524.25,0
2026-05-20 04:15:00+00:00,23523.25,23548.6,23511.95,23541.9,0
2026-05-20 04:30:00+00:00,23541.8,23546.65,23486.1,23500.55,0
2026-05-20 04:45:00+00:00,23500.3,23519.9,23475.65,23519.9,0
2026-05-20 05:00:00+00:00,23519.9,23576.15,23519.9,23532.7,0
2026-05-20 05:15:00+00:00,23532.95,23549.35,23503.65,23546.4,0
2026-05-20 05:30:00+00:00,23546.75,23582.6,23546.75,23562.2,0
2026-05-20 05:45:00+00:00,23561.75,23602.75,23558.3,23599.85,0
2026-05-20 06:00:00+00:00,23599.95,23618.15,23588.5,23605.05,0
2026-05-20 06:15:00+00:00,23605.3,23640.25,23604.9,23608.15,0
2026-05-20 06:30:00+00:00,23609.1,23613.65,23577.0,23579.95,0
2026-05-20 06:45:00+00:00,23580.0,23608.45,23579.5,23588.0,0
2026-05-20 07:00:00+00:00,23588.6,23606.45,23583.05,23602.8,0
2026-05-20 07:15:00+00:00,23603.4,23615.4,23598.7,23612.75,0
2026-05-20 07:30:00+00:00,23612.45,23617.05,23588.75,23601.4,0
2026-05-20 07:45:00+00:00,23601.5,23603.95,23561.85,23567.1,0
2026-05-20 08:00:00+00:00,23567.5,23620.9,23565.8,23595.85,0
2026-05-20 08:15:00+00:00,23596.4,23628.15,23588.55,23628.15,0
2026-05-20 08:30:00+00:00,23628.05,23664.4,23623.25,23651.95,0
2026-05-20 08:45:00+00:00,23652.25,23678.95,23641.95,23665.35,0
2026-05-20 09:00:00+00:00,23665.45,23681.55,23652.6,23677.6,0
2026-05-20 09:15:00+00:00,23677.75,23690.9,23673.65,23679.15,0
2026-05-20 09:30:00+00:00,23680.1,23680.75,23639.6,23667.9,0
2026-05-20 09:45:00+00:00,23668.05,23672.35,23651.4,23664.15,0
2026-05-21 03:45:00+00:00,23830.05,23859.9,23750.85,23758.1,0
2026-05-21 04:00:00+00:00,23760.15,23794.2,23728.05,23793.15,0
2026-05-21 04:15:00+00:00,23793.9,23812.0,23767.9,23768.35,0
2026-05-21 04:30:00+00:00,23769.55,23790.1,23752.95,23767.45,0
2026-05-21 04:45:00+00:00,23768.2,23790.55,23765.35,23780.0,0
2026-05-21 05:00:00+00:00,23781.75,23790.0,23729.4,23764.8,0
2026-05-21 05:15:00+00:00,23765.75,23774.2,23717.85,23723.75,0
2026-05-21 05:30:00+00:00,23726.15,23726.15,23695.35,23697.05,0
2026-05-21 05:45:00+00:00,23698.2,23746.45,23639.9,23742.55,0
2026-05-21 06:00:00+00:00,23744.2,23744.4,23721.7,23731.15,0
2026-05-21 06:15:00+00:00,23731.65,23744.8,23711.65,23716.75,0
2026-05-21 06:30:00+00:00,23717.7,23742.25,23704.8,23705.05,0
2026-05-21 06:45:00+00:00,23706.05,23718.9,23649.5,23663.8,0
2026-05-21 07:00:00+00:00,23663.4,23673.95,23607.35,23640.1,0
2026-05-21 07:15:00+00:00,23641.25,23646.85,23613.85,23624.2,0
2026-05-21 07:30:00+00:00,23625.2,23653.95,23596.6,23640.7,0
2026-05-21 07:45:00+00:00,23641.25,23651.1,23630.65,23631.6,0
2026-05-21 08:00:00+00:00,23632.4,23687.5,23622.75,23681.35,0
2026-05-21 08:15:00+00:00,23681.75,23691.8,23640.3,23673.35,0
2026-05-21 08:30:00+00:00,23673.95,23674.05,23638.1,23652.15,0
2026-05-21 08:45:00+00:00,23652.1,23678.35,23638.4,23652.4,0
2026-05-21 09:00:00+00:00,23653.6,23705.4,23650.4,23671.85,0
2026-05-21 09:15:00+00:00,23671.1,23696.6,23669.5,23679.55,0
2026-05-21 09:30:00+00:00,23678.75,23691.3,23637.05,23639.1,0
2026-05-21 09:45:00+00:00,23639.55,23652.45,23631.1,23648.6,0
2026-05-22 03:45:00+00:00,23671.2,23756.65,23671.0,23738.6,0
2026-05-22 04:00:00+00:00,23738.6,23778.6,23729.55,23752.95,0
2026-05-22 04:15:00+00:00,23753.3,23788.8,23739.2,23779.65,0
2026-05-22 04:30:00+00:00,23778.6,23800.15,23759.4,23791.7,0
2026-05-22 04:45:00+00:00,23791.65,23795.4,23759.65,23761.45,0
2026-05-22 05:00:00+00:00,23761.35,23795.15,23761.35,23792.7,0
2026-05-22 05:15:00+00:00,23793.0,23797.85,23775.1,23780.75,0
2026-05-22 05:30:00+00:00,23781.2,23782.55,23765.95,23771.6,0
2026-05-22 05:45:00+00:00,23772.45,23789.3,23750.7,23758.9,0
2026-05-22 06:00:00+00:00,23758.2,23808.9,23750.05,23808.25,0
2026-05-22 06:15:00+00:00,23807.7,23828.5,23800.7,23804.85,0
2026-05-22 06:30:00+00:00,23804.9,23808.35,23789.8,23798.6,0
2026-05-22 06:45:00+00:00,23798.4,23802.45,23771.45,23774.75,0
2026-05-22 07:00:00+00:00,23774.85,23798.5,23758.85,23792.6,0
2026-05-22 07:15:00+00:00,23792.95,23835.65,23789.25,23827.45,0
2026-05-22 07:30:00+00:00,23828.25,23833.25,23812.95,23819.1,0
2026-05-22 07:45:00+00:00,23819.3,23822.65,23803.6,23809.4,0
2026-05-22 08:00:00+00:00,23809.1,23818.2,23800.8,23801.25,0
2026-05-22 08:15:00+00:00,23801.2,23822.7,23782.5,23792.15,0
2026-05-22 08:30:00+00:00,23792.2,23795.6,23744.8,23778.2,0
2026-05-22 08:45:00+00:00,23778.25,23781.7,23739.1,23739.3,0
2026-05-22 09:00:00+00:00,23739.4,23752.5,23707.45,23709.05,0
2026-05-22 09:15:00+00:00,23709.45,23733.65,23706.9,23724.45,0
2026-05-22 09:30:00+00:00,23724.65,23727.6,23698.95,23718.15,0
2026-05-22 09:45:00+00:00,23717.7,23751.9,23717.7,23748.85,0
2026-05-25 03:45:00+00:00,23940.25,23989.1,23922.85,23981.6,0
2026-05-25 04:00:00+00:00,23981.95,23984.3,23927.75,23947.5,0
2026-05-25 04:15:00+00:00,23951.45,23951.45,23924.4,23937.15,0
2026-05-25 04:30:00+00:00,23938.75,23959.85,23933.45,23952.05,0
2026-05-25 04:45:00+00:00,23953.85,23980.95,23952.6,23958.55,0
2026-05-25 05:00:00+00:00,23960.9,23992.4,23959.2,23987.4,0
2026-05-25 05:15:00+00:00,23989.0,23995.9,23972.65,23978.15,0
2026-05-25 05:30:00+00:00,23979.55,23989.9,23970.65,23987.6,0
2026-05-25 05:45:00+00:00,23989.0,23989.0,23971.1,23977.15,0
2026-05-25 06:00:00+00:00,23978.45,23990.45,23959.9,23980.95,0
2026-05-25 06:15:00+00:00,23982.15,23992.7,23978.15,23986.6,0
2026-05-25 06:30:00+00:00,23988.15,23988.15,23960.1,23963.9,0
2026-05-25 06:45:00+00:00,23965.75,23968.7,23955.9,23956.5,0
2026-05-25 07:00:00+00:00,23957.85,23967.65,23952.6,23958.55,0
2026-05-25 07:15:00+00:00,23960.05,23960.6,23935.6,23954.4,0
2026-05-25 07:30:00+00:00,23955.55,23983.6,23947.3,23977.2,0
2026-05-25 07:45:00+00:00,23979.1,23986.25,23975.15,23984.1,0
2026-05-25 08:00:00+00:00,23986.55,23991.0,23963.8,23963.95,0
2026-05-25 08:15:00+00:00,23965.65,23977.4,23962.2,23965.35,0
2026-05-25 08:30:00+00:00,23966.95,23978.55,23956.7,23958.55,0
2026-05-25 08:45:00+00:00,23959.95,23982.85,23955.25,23978.15,0
2026-05-25 09:00:00+00:00,23979.0,24009.3,23976.45,24007.8,0
2026-05-25 09:15:00+00:00,24009.55,24036.8,24007.4,24035.0,0
2026-05-25 09:30:00+00:00,24035.75,24038.1,24021.5,24035.25,0
2026-05-25 09:45:00+00:00,24035.85,24054.45,24021.1,24049.9,0
2026-05-26 03:45:00+00:00,24004.1,24041.25,23965.7,24034.1,0
2026-05-26 04:00:00+00:00,24034.4,24077.2,24018.95,24062.3,0
2026-05-26 04:15:00+00:00,24062.4,24065.7,24014.55,24028.75,0
2026-05-26 04:30:00+00:00,24029.75,24064.1,24021.2,24063.0,0
2026-05-26 04:45:00+00:00,24063.05,24076.15,24045.2,24071.4,0
2026-05-26 05:00:00+00:00,24070.0,24089.8,24066.85,24073.15,0
2026-05-26 05:15:00+00:00,24073.95,24082.65,24065.3,24071.85,0
2026-05-26 05:30:00+00:00,24070.7,24082.65,24065.45,24069.3,0
2026-05-26 05:45:00+00:00,24068.85,24070.75,24044.8,24044.8,0
2026-05-26 06:00:00+00:00,24044.95,24071.9,24026.2,24063.15,0
2026-05-26 06:15:00+00:00,24062.35,24066.95,24032.6,24039.95,0
2026-05-26 06:30:00+00:00,24040.2,24043.65,24018.5,24022.1,0
2026-05-26 06:45:00+00:00,24022.3,24040.8,24017.45,24021.9,0
2026-05-26 07:00:00+00:00,24021.85,24036.4,24006.05,24010.15,0
2026-05-26 07:15:00+00:00,24010.0,24012.3,23971.6,23998.55,0
2026-05-26 07:30:00+00:00,23998.65,24001.95,23966.2,23974.35,0
2026-05-26 07:45:00+00:00,23974.9,23991.25,23958.55,23987.5,0
2026-05-26 08:00:00+00:00,23987.45,23999.25,23957.4,23958.5,0
2026-05-26 08:15:00+00:00,23957.2,23970.1,23934.1,23937.2,0
2026-05-26 08:30:00+00:00,23937.35,23940.1,23909.8,23924.2,0
2026-05-26 08:45:00+00:00,23924.25,23940.7,23907.1,23922.6,0
2026-05-26 09:00:00+00:00,23923.0,23934.0,23895.3,23898.2,0
2026-05-26 09:15:00+00:00,23898.1,23918.75,23885.45,23913.05,0
2026-05-26 09:30:00+00:00,23913.5,23931.05,23896.4,23908.8,0
2026-05-26 09:45:00+00:00,23907.7,23940.05,23907.15,23933.75,0
2026-05-27 03:45:00+00:00,23880.35,23950.15,23869.65,23903.95,0
2026-05-27 04:00:00+00:00,23899.9,23919.05,23869.75,23908.6,0
2026-05-27 04:15:00+00:00,23909.65,23909.65,23871.3,23874.75,0
2026-05-27 04:30:00+00:00,23875.45,23946.4,23868.5,23942.8,0
2026-05-27 04:45:00+00:00,23943.3,23971.0,23934.7,23963.4,0
2026-05-27 05:00:00+00:00,23964.8,23971.05,23934.45,23936.2,0
2026-05-27 05:15:00+00:00,23937.25,23976.4,23918.9,23966.95,0
2026-05-27 05:30:00+00:00,23968.25,23973.2,23950.7,23961.9,0
2026-05-27 05:45:00+00:00,23962.2,23981.25,23959.0,23974.65,0
2026-05-27 06:00:00+00:00,23974.75,23983.2,23947.0,23953.5,0
2026-05-27 06:15:00+00:00,23954.3,23963.6,23928.75,23933.5,0
2026-05-27 06:30:00+00:00,23933.5,23941.75,23918.35,23922.55,0
2026-05-27 06:45:00+00:00,23921.95,23940.85,23905.15,23906.3,0
2026-05-27 07:00:00+00:00,23905.05,23938.3,23902.45,23936.1,0
2026-05-27 07:15:00+00:00,23935.75,23936.35,23904.05,23905.6,0
2026-05-27 07:30:00+00:00,23905.45,23923.45,23895.0,23897.15,0
2026-05-27 07:45:00+00:00,23898.3,23905.3,23884.15,23892.05,0
2026-05-27 08:00:00+00:00,23891.45,23915.15,23890.15,23891.25,0
2026-05-27 08:15:00+00:00,23889.95,23916.35,23882.05,23912.3,0
2026-05-27 08:30:00+00:00,23911.95,23924.1,23894.45,23895.95,0
2026-05-27 08:45:00+00:00,23895.6,23922.25,23884.5,23890.25,0
2026-05-27 09:00:00+00:00,23887.6,23890.15,23858.25,23875.4,0
2026-05-27 09:15:00+00:00,23874.5,23901.05,23866.95,23896.75,0
2026-05-27 09:30:00+00:00,23896.9,23906.45,23879.15,23903.8,0
2026-05-27 09:45:00+00:00,23903.6,23926.85,23902.5,23920.65,0
2026-05-29 03:45:00+00:00,23902.15,24002.8,23889.15,23893.4,0
2026-05-29 04:00:00+00:00,23892.2,23933.85,23872.6,23875.75,0
2026-05-29 04:15:00+00:00,23875.8,23922.8,23871.1,23907.45,0
2026-05-29 04:30:00+00:00,23907.45,23954.5,23894.75,23945.7,0
2026-05-29 04:45:00+00:00,23946.1,23951.9,23908.95,23911.65,0
2026-05-29 05:00:00+00:00,23911.2,23929.65,23900.45,23900.65,0
2026-05-29 05:15:00+00:00,23900.9,23907.8,23877.65,23903.1,0
2026-05-29 05:30:00+00:00,23902.8,23912.7,23892.75,23896.85,0
2026-05-29 05:45:00+00:00,23897.2,23910.15,23888.95,23889.55,0
2026-05-29 06:00:00+00:00,23889.2,23894.5,23875.35,23885.9,0
2026-05-29 06:15:00+00:00,23885.55,23914.0,23883.35,23890.8,0
2026-05-29 06:30:00+00:00,23890.3,23891.65,23825.35,23835.7,0
2026-05-29 06:45:00+00:00,23835.95,23857.75,23815.1,23855.8,0
2026-05-29 07:00:00+00:00,23856.2,23859.05,23840.95,23849.9,0
2026-05-29 07:15:00+00:00,23849.85,23855.25,23821.95,23837.55,0
2026-05-29 07:30:00+00:00,23837.05,23838.3,23769.15,23769.25,0
2026-05-29 07:45:00+00:00,23769.65,23789.5,23759.55,23775.6,0
2026-05-29 08:00:00+00:00,23775.35,23786.05,23765.95,23773.4,0
2026-05-29 08:15:00+00:00,23773.15,23775.1,23739.7,23757.65,0
2026-05-29 08:30:00+00:00,23758.05,23759.5,23731.25,23744.45,0
2026-05-29 08:45:00+00:00,23743.8,23762.25,23731.55,23760.1,0
2026-05-29 09:00:00+00:00,23759.55,23802.05,23759.55,23786.1,0
2026-05-29 09:15:00+00:00,23786.75,23795.3,23752.25,23773.35,0
2026-05-29 09:30:00+00:00,23773.3,23773.3,23505.6,23528.7,0
2026-05-29 09:45:00+00:00,23527.2,23618.0,23484.75,23609.3,0
2026-06-01 03:45:00+00:00,23654.5,23733.7,23587.75,23592.95,0
2026-06-01 04:00:00+00:00,23591.95,23623.8,23565.8,23576.7,0
2026-06-01 04:15:00+00:00,23575.35,23595.4,23556.75,23561.8,0
2026-06-01 04:30:00+00:00,23561.05,23572.35,23537.0,23553.15,0
2026-06-01 04:45:00+00:00,23552.7,23566.4,23536.8,23539.85,0
2026-06-01 05:00:00+00:00,23539.35,23555.15,23517.7,23538.25,0
2026-06-01 05:15:00+00:00,23538.2,23597.2,23537.0,23569.75,0
2026-06-01 05:30:00+00:00,23569.95,23615.5,23569.95,23606.2,0
2026-06-01 05:45:00+00:00,23605.4,23619.25,23558.45,23559.15,0
2026-06-01 06:00:00+00:00,23558.6,23570.1,23539.0,23550.0,0
2026-06-01 06:15:00+00:00,23549.75,23562.2,23491.85,23493.75,0
2026-06-01 06:30:00+00:00,23493.65,23533.35,23486.0,23530.0,0
2026-06-01 06:45:00+00:00,23529.35,23533.15,23510.65,23516.95,0
2026-06-01 07:00:00+00:00,23516.4,23526.0,23502.95,23515.85,0
2026-06-01 07:15:00+00:00,23515.05,23536.95,23499.25,23513.45,0
2026-06-01 07:30:00+00:00,23513.05,23520.75,23453.25,23460.65,0
2026-06-01 07:45:00+00:00,23459.95,23486.45,23458.15,23483.5,0
2026-06-01 08:00:00+00:00,23482.3,23500.4,23475.2,23482.95,0
2026-06-01 08:15:00+00:00,23481.85,23483.55,23447.7,23456.1,0
2026-06-01 08:30:00+00:00,23456.35,23459.6,23413.0,23416.95,0
2026-06-01 08:45:00+00:00,23417.05,23428.3,23389.6,23395.0,0
2026-06-01 09:00:00+00:00,23394.1,23422.65,23379.95,23417.3,0
2026-06-01 09:15:00+00:00,23416.75,23427.35,23360.15,23373.7,0
2026-06-01 09:30:00+00:00,23373.95,23412.1,23357.95,23389.25,0
2026-06-01 09:45:00+00:00,23389.4,23402.8,23362.8,23379.2,0
2026-06-02 03:45:00+00:00,23229.15,23297.75,23229.15,23282.1,0
2026-06-02 04:00:00+00:00,23281.3,23307.15,23261.2,23301.95,0
2026-06-02 04:15:00+00:00,23301.7,23322.75,23270.95,23316.2,0
2026-06-02 04:30:00+00:00,23317.0,23325.15,23280.95,23281.4,0
2026-06-02 04:45:00+00:00,23281.95,23375.95,23265.65,23371.0,0
2026-06-02 05:00:00+00:00,23371.2,23373.2,23327.75,23352.35,0
2026-06-02 05:15:00+00:00,23350.45,23352.15,23281.55,23301.15,0
2026-06-02 05:30:00+00:00,23300.6,23314.65,23293.0,23309.65,0
2026-06-02 05:45:00+00:00,23309.45,23363.95,23295.85,23340.45,0
2026-06-02 06:00:00+00:00,23340.2,23344.5,23290.5,23298.3,0
2026-06-02 06:15:00+00:00,23298.3,23310.7,23280.75,23284.1,0
2026-06-02 06:30:00+00:00,23283.45,23304.4,23276.6,23279.3,0
2026-06-02 06:45:00+00:00,23279.7,23297.35,23270.95,23274.75,0
2026-06-02 07:00:00+00:00,23274.85,23374.6,23271.45,23371.3,0
2026-06-02 07:15:00+00:00,23371.4,23470.8,23370.6,23456.9,0
2026-06-02 07:30:00+00:00,23458.8,23499.25,23438.4,23474.25,0
2026-06-02 07:45:00+00:00,23474.25,23503.65,23456.8,23502.95,0
2026-06-02 08:00:00+00:00,23502.7,23535.05,23492.6,23500.5,0
2026-06-02 08:15:00+00:00,23500.7,23530.05,23500.25,23515.15,0
2026-06-02 08:30:00+00:00,23514.3,23546.8,23512.45,23539.65,0
2026-06-02 08:45:00+00:00,23540.1,23556.95,23510.45,23516.75,0
2026-06-02 09:00:00+00:00,23517.0,23535.3,23443.95,23452.35,0
2026-06-02 09:15:00+00:00,23452.55,23480.3,23432.8,23441.55,0
2026-06-02 09:30:00+00:00,23443.55,23500.15,23422.65,23489.8,0
2026-06-02 09:45:00+00:00,23490.45,23525.7,23488.55,23523.3,0
2026-06-03 03:45:00+00:00,23415.95,23447.65,23265.25,23292.7,0
2026-06-03 04:00:00+00:00,23293.5,23299.8,23244.45,23268.95,0
2026-06-03 04:15:00+00:00,23269.05,23299.55,23225.5,23252.65,0
2026-06-03 04:30:00+00:00,23253.15,23287.4,23232.75,23240.5,0
2026-06-03 04:45:00+00:00,23240.45,23283.2,23228.95,23246.3,0
2026-06-03 05:00:00+00:00,23247.0,23255.3,23212.1,23227.15,0
2026-06-03 05:15:00+00:00,23227.55,23244.25,23217.1,23226.05,0
2026-06-03 05:30:00+00:00,23227.25,23233.0,23194.8,23202.85,0
2026-06-03 05:45:00+00:00,23203.6,23244.85,23198.8,23215.85,0
2026-06-03 06:00:00+00:00,23216.95,23234.75,23202.6,23214.2,0
2026-06-03 06:15:00+00:00,23215.05,23225.9,23191.4,23192.25,0
2026-06-03 06:30:00+00:00,23193.25,23202.75,23151.5,23180.7,0
2026-06-03 06:45:00+00:00,23181.25,23241.65,23176.55,23235.45,0
2026-06-03 07:00:00+00:00,23236.35,23347.55,23236.2,23323.0,0
2026-06-03 07:15:00+00:00,23325.15,23331.55,23271.95,23283.3,0
2026-06-03 07:30:00+00:00,23284.2,23305.95,23275.05,23298.35,0
2026-06-03 07:45:00+00:00,23302.95,23349.75,23300.3,23345.0,0
2026-06-03 08:00:00+00:00,23345.95,23352.8,23316.4,23320.6,0
2026-06-03 08:15:00+00:00,23322.25,23427.05,23321.35,23361.1,0
2026-06-03 08:30:00+00:00,23363.55,23404.1,23363.1,23388.2,0
2026-06-03 08:45:00+00:00,23388.3,23439.5,23387.5,23406.75,0
2026-06-03 09:00:00+00:00,23408.45,23445.2,23400.55,23439.8,0
2026-06-03 09:15:00+00:00,23440.1,23459.55,23425.85,23442.95,0
2026-06-03 09:30:00+00:00,23443.8,23459.65,23373.9,23395.85,0
2026-06-03 09:45:00+00:00,23396.1,23411.3,23389.0,23396.95,0
2026-06-04 03:45:00+00:00,23282.45,23362.85,23247.3,23334.8,0
2026-06-04 04:00:00+00:00,23334.75,23366.65,23304.35,23355.35,0
2026-06-04 04:15:00+00:00,23355.5,23443.35,23355.5,23407.85,0
2026-06-04 04:30:00+00:00,23407.3,23443.7,23398.9,23431.35,0
2026-06-04 04:45:00+00:00,23431.9,23450.1,23417.05,23423.5,0
2026-06-04 05:00:00+00:00,23423.0,23426.6,23375.55,23410.65,0
2026-06-04 05:15:00+00:00,23411.05,23446.45,23409.65,23424.9,0
2026-06-04 05:30:00+00:00,23424.1,23430.35,23374.8,23401.85,0
2026-06-04 05:45:00+00:00,23402.05,23403.8,23379.5,23392.7,0
2026-06-04 06:00:00+00:00,23392.65,23462.3,23359.45,23443.65,0
2026-06-04 06:15:00+00:00,23443.75,23451.65,23397.0,23419.05,0
2026-06-04 06:30:00+00:00,23419.15,23450.45,23416.25,23439.7,0
2026-06-04 06:45:00+00:00,23439.25,23450.0,23422.25,23430.65,0
2026-06-04 07:00:00+00:00,23430.45,23432.0,23381.3,23385.35,0
2026-06-04 07:15:00+00:00,23384.45,23416.05,23382.9,23415.9,0
2026-06-04 07:30:00+00:00,23415.75,23422.0,23332.8,23334.25,0
2026-06-04 07:45:00+00:00,23333.65,23368.65,23313.15,23362.25,0
2026-06-04 08:00:00+00:00,23362.55,23375.25,23346.15,23361.5,0
2026-06-04 08:15:00+00:00,23360.9,23377.85,23350.25,23367.9,0
2026-06-04 08:30:00+00:00,23368.9,23433.75,23367.75,23413.9,0
2026-06-04 08:45:00+00:00,23414.3,23429.15,23405.9,23419.75,0
2026-06-04 09:00:00+00:00,23420.1,23452.85,23415.3,23433.2,0
2026-06-04 09:15:00+00:00,23433.3,23465.3,23402.7,23415.15,0
2026-06-04 09:30:00+00:00,23414.8,23420.35,23385.3,23418.05,0
2026-06-04 09:45:00+00:00,23417.05,23446.8,23411.7,23438.0,0
2026-06-05 03:45:00+00:00,23478.95,23516.35,23439.3,23461.95,0
2026-06-05 04:00:00+00:00,23462.2,23486.95,23445.95,23476.3,0
2026-06-05 04:15:00+00:00,23476.05,23477.95,23439.15,23443.95,0
2026-06-05 04:30:00+00:00,23443.65,23512.65,23423.85,23468.5,0
2026-06-05 04:45:00+00:00,23467.7,23497.5,23452.95,23470.55,0
2026-06-05 05:00:00+00:00,23470.95,23474.25,23342.2,23359.75,0
2026-06-05 05:15:00+00:00,23360.2,23404.65,23331.8,23402.3,0
2026-06-05 05:30:00+00:00,23403.6,23494.8,23403.6,23444.4,0
2026-06-05 05:45:00+00:00,23443.95,23452.2,23393.1,23418.35,0
2026-06-05 06:00:00+00:00,23418.3,23442.95,23403.35,23422.8,0
2026-06-05 06:15:00+00:00,23424.35,23440.95,23396.95,23397.5,0
2026-06-05 06:30:00+00:00,23397.9,23441.45,23397.05,23439.5,0
2026-06-05 06:45:00+00:00,23439.75,23455.25,23431.55,23437.0,0
2026-06-05 07:00:00+00:00,23436.85,23439.7,23367.3,23374.65,0
2026-06-05 07:15:00+00:00,23374.9,23388.25,23351.2,23367.7,0
2026-06-05 07:30:00+00:00,23367.55,23376.2,23333.8,23337.5,0
2026-06-05 07:45:00+00:00,23337.95,23360.8,23310.55,23310.6,0
2026-06-05 08:00:00+00:00,23310.5,23328.6,23282.65,23300.1,0
2026-06-05 08:15:00+00:00,23300.4,23330.85,23296.75,23330.85,0
2026-06-05 08:30:00+00:00,23330.25,23341.95,23313.5,23320.15,0
2026-06-05 08:45:00+00:00,23320.9,23354.05,23301.0,23351.6,0
2026-06-05 09:00:00+00:00,23351.8,23405.05,23318.75,23398.8,0
2026-06-05 09:15:00+00:00,23398.05,23418.25,23353.3,23361.8,0
2026-06-05 09:30:00+00:00,23363.2,23369.85,23326.95,23365.75,0
2026-06-05 09:45:00+00:00,23366.55,23386.5,23361.05,23368.85,0
2026-06-08 03:45:00+00:00,23080.7,23157.05,23070.15,23155.5,0
2026-06-08 04:00:00+00:00,23156.1,23185.2,23132.85,23159.15,0
2026-06-08 04:15:00+00:00,23159.85,23202.0,23125.25,23199.5,0
2026-06-08 04:30:00+00:00,23199.85,23200.4,23154.35,23174.25,0
2026-06-08 04:45:00+00:00,23174.55,23188.0,23163.25,23172.45,0
2026-06-08 05:00:00+00:00,23173.2,23223.45,23172.3,23191.65,0
2026-06-08 05:15:00+00:00,23192.25,23218.7,23181.1,23217.45,0
2026-06-08 05:30:00+00:00,23217.9,23218.6,23192.75,23198.85,0
2026-06-08 05:45:00+00:00,23199.75,23204.7,23179.0,23186.15,0
2026-06-08 06:00:00+00:00,23186.55,23211.6,23182.7,23205.45,0
2026-06-08 06:15:00+00:00,23206.1,23215.3,23198.3,23205.45,0
2026-06-08 06:30:00+00:00,23205.8,23224.4,23193.8,23212.45,0
2026-06-08 06:45:00+00:00,23212.45,23226.45,23208.0,23218.75,0
2026-06-08 07:00:00+00:00,23219.2,23245.6,23215.25,23237.85,0
2026-06-08 07:15:00+00:00,23238.65,23267.3,23229.6,23246.15,0
2026-06-08 07:30:00+00:00,23247.1,23247.8,23212.55,23216.3,0
2026-06-08 07:45:00+00:00,23216.5,23225.7,23194.7,23209.05,0
2026-06-08 08:00:00+00:00,23208.7,23215.3,23169.75,23171.0,0
2026-06-08 08:15:00+00:00,23171.9,23177.0,23150.4,23172.45,0
2026-06-08 08:30:00+00:00,23173.45,23184.7,23156.25,23156.85,0
2026-06-08 08:45:00+00:00,23157.35,23173.2,23145.7,23149.1,0
2026-06-08 09:00:00+00:00,23148.6,23181.0,23147.3,23179.9,0
2026-06-08 09:15:00+00:00,23181.4,23196.7,23160.6,23179.0,0
2026-06-08 09:30:00+00:00,23182.4,23182.4,23107.05,23134.45,0
2026-06-08 09:45:00+00:00,23134.05,23135.8,23089.9,23103.7,0
2026-06-09 03:45:00+00:00,23259.05,23259.45,23194.9,23225.05,0
2026-06-09 04:00:00+00:00,23224.9,23252.05,23196.4,23196.8,0
2026-06-09 04:15:00+00:00,23196.6,23218.15,23180.55,23188.35,0
2026-06-09 04:30:00+00:00,23188.75,23192.9,23160.5,23167.75,0
2026-06-09 04:45:00+00:00,23167.75,23177.35,23148.7,23162.35,0
2026-06-09 05:00:00+00:00,23162.5,23166.4,23146.9,23164.55,0
2026-06-09 05:15:00+00:00,23163.95,23168.05,23129.1,23154.55,0
2026-06-09 05:30:00+00:00,23153.8,23161.9,23142.5,23146.0,0
2026-06-09 05:45:00+00:00,23144.8,23158.55,23104.45,23132.15,0
2026-06-09 06:00:00+00:00,23131.25,23160.65,23126.1,23150.85,0
2026-06-09 06:15:00+00:00,23150.6,23196.2,23145.45,23181.2,0
2026-06-09 06:30:00+00:00,23181.3,23204.5,23176.5,23187.65,0
2026-06-09 06:45:00+00:00,23186.9,23209.4,23184.65,23205.3,0
2026-06-09 07:00:00+00:00,23205.95,23226.65,23196.75,23207.4,0
2026-06-09 07:15:00+00:00,23207.7,23219.35,23177.5,23181.4,0
2026-06-09 07:30:00+00:00,23181.15,23212.05,23181.15,23208.75,0
2026-06-09 07:45:00+00:00,23208.05,23223.2,23193.9,23204.65,0
2026-06-09 08:00:00+00:00,23203.85,23222.25,23186.8,23218.65,0
2026-06-09 08:15:00+00:00,23218.4,23220.45,23175.3,23189.65,0
2026-06-09 08:30:00+00:00,23188.7,23218.65,23178.45,23206.05,0
2026-06-09 08:45:00+00:00,23207.35,23217.05,23187.3,23216.85,0
2026-06-09 09:00:00+00:00,23214.95,23261.15,23203.0,23251.15,0
2026-06-09 09:15:00+00:00,23251.1,23279.4,23239.45,23274.65,0
2026-06-09 09:30:00+00:00,23272.9,23272.9,23230.5,23244.2,0
2026-06-09 09:45:00+00:00,23242.7,23261.05,23225.05,23257.75,0
2026-06-10 03:45:00+00:00,23233.95,23350.2,23217.3,23339.75,0
2026-06-10 04:00:00+00:00,23339.45,23356.9,23329.7,23355.05,0
2026-06-10 04:15:00+00:00,23353.7,23384.45,23353.2,23366.6,0
2026-06-10 04:30:00+00:00,23366.6,23370.55,23317.0,23317.0,0
2026-06-10 04:45:00+00:00,23317.3,23338.35,23305.8,23319.4,0
2026-06-10 05:00:00+00:00,23319.4,23351.55,23317.7,23345.95,0
2026-06-10 05:15:00+00:00,23345.8,23378.55,23341.45,23378.55,0
2026-06-10 05:30:00+00:00,23378.55,23388.9,23362.85,23373.65,0
2026-06-10 05:45:00+00:00,23373.65,23398.1,23359.95,23396.75,0
2026-06-10 06:00:00+00:00,23396.9,23409.8,23385.85,23406.0,0
2026-06-10 06:15:00+00:00,23405.95,23406.3,23389.5,23402.8,0
2026-06-10 06:30:00+00:00,23403.3,23404.65,23376.45,23395.4,0
2026-06-10 06:45:00+00:00,23395.25,23397.25,23374.3,23375.25,0
2026-06-10 07:00:00+00:00,23375.95,23381.35,23346.6,23347.75,0
2026-06-10 07:15:00+00:00,23347.85,23385.45,23333.2,23380.05,0
2026-06-10 07:30:00+00:00,23380.05,23425.35,23380.0,23405.15,0
2026-06-10 07:45:00+00:00,23405.65,23410.3,23371.75,23398.3,0
2026-06-10 08:00:00+00:00,23397.95,23407.35,23351.9,23358.85,0
2026-06-10 08:15:00+00:00,23358.3,23377.45,23347.05,23352.95,0
2026-06-10 08:30:00+00:00,23352.4,23364.75,23315.0,23317.15,0
2026-06-10 08:45:00+00:00,23317.25,23339.8,23307.45,23315.5,0
2026-06-10 09:00:00+00:00,23316.35,23320.85,23260.3,23261.6,0
2026-06-10 09:15:00+00:00,23262.85,23271.95,23243.85,23256.75,0
2026-06-10 09:30:00+00:00,23256.85,23259.1,23198.35,23199.7,0
2026-06-10 09:45:00+00:00,23200.75,23216.8,23184.6,23216.1,0
2026-06-11 03:45:00+00:00,23104.4,23148.05,23072.05,23119.35,0
2026-06-11 04:00:00+00:00,23121.9,23148.6,23093.15,23143.6,0
2026-06-11 04:15:00+00:00,23144.25,23172.85,23112.6,23115.7,0
2026-06-11 04:30:00+00:00,23117.6,23164.5,23102.85,23145.5,0
2026-06-11 04:45:00+00:00,23147.5,23207.8,23144.7,23199.5,0
2026-06-11 05:00:00+00:00,23201.1,23214.05,23185.15,23203.2,0
2026-06-11 05:15:00+00:00,23204.85,23211.85,23167.2,23174.55,0
2026-06-11 05:30:00+00:00,23176.55,23205.0,23162.5,23181.65,0
2026-06-11 05:45:00+00:00,23183.2,23236.8,23181.55,23235.45,0
2026-06-11 06:00:00+00:00,23237.4,23251.85,23210.65,23251.7,0
2026-06-11 06:15:00+00:00,23253.7,23291.7,23251.05,23281.15,0
2026-06-11 06:30:00+00:00,23283.15,23292.7,23272.55,23285.25,0
2026-06-11 06:45:00+00:00,23287.55,23307.05,23278.35,23295.6,0
2026-06-11 07:00:00+00:00,23297.6,23324.25,23288.1,23294.4,0
2026-06-11 07:15:00+00:00,23296.1,23307.3,23272.7,23306.75,0
2026-06-11 07:30:00+00:00,23308.25,23327.45,23256.3,23257.7,0
2026-06-11 07:45:00+00:00,23259.45,23264.65,23220.45,23241.0,0
2026-06-11 08:00:00+00:00,23242.9,23267.75,23213.45,23220.1,0
2026-06-11 08:15:00+00:00,23223.9,23248.05,23214.55,23231.3,0
2026-06-11 08:30:00+00:00,23233.0,23240.2,23201.6,23218.75,0
2026-06-11 08:45:00+00:00,23219.8,23252.05,23204.1,23240.05,0
2026-06-11 09:00:00+00:00,23241.15,23245.45,23193.55,23198.15,0
2026-06-11 09:15:00+00:00,23200.2,23209.6,23162.5,23175.5,0
2026-06-11 09:30:00+00:00,23177.05,23192.45,23131.95,23165.8,0
2026-06-11 09:45:00+00:00,23165.3,23194.9,23156.4,23186.55,0
2026-06-12 03:45:00+00:00,23412.55,23455.95,23400.55,23401.2,0
2026-06-12 04:00:00+00:00,23402.85,23410.65,23364.25,23370.1,0
2026-06-12 04:15:00+00:00,23370.6,23380.75,23345.95,23346.55,0
2026-06-12 04:30:00+00:00,23348.7,23359.15,23327.65,23342.65,0
2026-06-12 04:45:00+00:00,23345.15,23362.9,23322.65,23345.85,0
2026-06-12 05:00:00+00:00,23346.75,23357.5,23341.55,23349.7,0
2026-06-12 05:15:00+00:00,23350.95,23359.85,23329.95,23358.25,0
2026-06-12 05:30:00+00:00,23359.2,23378.35,23344.45,23378.05,0
2026-06-12 05:45:00+00:00,23379.1,23380.65,23349.7,23357.4,0
2026-06-12 06:00:00+00:00,23358.9,23377.9,23357.5,23374.8,0
2026-06-12 06:15:00+00:00,23375.5,23389.3,23368.35,23378.2,0
2026-06-12 06:30:00+00:00,23380.1,23383.55,23343.35,23347.4,0
2026-06-12 06:45:00+00:00,23349.45,23369.9,23343.5,23365.3,0
2026-06-12 07:00:00+00:00,23365.9,23365.9,23320.3,23321.55,0
2026-06-12 07:15:00+00:00,23323.0,23329.9,23313.9,23325.3,0
2026-06-12 07:30:00+00:00,23326.75,23344.05,23322.25,23336.25,0
2026-06-12 07:45:00+00:00,23336.95,23392.5,23321.6,23388.95,0
2026-06-12 08:00:00+00:00,23390.4,23480.25,23389.05,23474.6,0
2026-06-12 08:15:00+00:00,23476.15,23511.25,23468.45,23507.45,0
2026-06-12 08:30:00+00:00,23509.7,23531.6,23496.55,23527.5,0
2026-06-12 08:45:00+00:00,23528.2,23550.3,23524.6,23547.8,0
2026-06-12 09:00:00+00:00,23549.3,23577.3,23532.9,23569.75,0
2026-06-12 09:15:00+00:00,23571.85,23616.95,23568.35,23608.15,0
2026-06-12 09:30:00+00:00,23607.95,23645.35,23581.65,23621.8,0
2026-06-12 09:45:00+00:00,23620.95,23639.35,23612.15,23631.75,0
2026-06-15 03:45:00+00:00,23984.85,24011.4,23934.1,23946.15,0
2026-06-15 04:00:00+00:00,23947.05,23965.9,23927.35,23965.7,0
2026-06-15 04:15:00+00:00,23966.55,23980.45,23939.75,23945.95,0
2026-06-15 04:30:00+00:00,23946.9,23968.2,23933.55,23945.05,0
2026-06-15 04:45:00+00:00,23946.0,23968.65,23935.6,23962.55,0
2026-06-15 05:00:00+00:00,23964.9,23982.15,23961.95,23978.45,0
2026-06-15 05:15:00+00:00,23979.65,24009.1,23974.75,24002.1,0
2026-06-15 05:30:00+00:00,24001.4,24003.6,23966.3,23967.85,0
2026-06-15 05:45:00+00:00,23968.2,23982.95,23962.2,23978.45,0
2026-06-15 06:00:00+00:00,23977.95,23979.8,23957.25,23957.25,0
2026-06-15 06:15:00+00:00,23958.1,23970.55,23950.0,23961.35,0
2026-06-15 06:30:00+00:00,23961.65,23965.75,23930.05,23931.8,0
2026-06-15 06:45:00+00:00,23930.7,23932.95,23893.8,23894.75,0
2026-06-15 07:00:00+00:00,23896.0,23917.8,23892.35,23912.85,0
2026-06-15 07:15:00+00:00,23913.55,23913.95,23896.65,23906.95,0
2026-06-15 07:30:00+00:00,23907.85,23935.0,23892.8,23916.1,0
2026-06-15 07:45:00+00:00,23916.55,23917.9,23897.2,23906.65,0
2026-06-15 08:00:00+00:00,23907.5,23913.1,23883.8,23893.95,0
2026-06-15 08:15:00+00:00,23895.1,23910.7,23865.85,23905.65,0
2026-06-15 08:30:00+00:00,23907.75,23913.9,23882.6,23889.3,0
2026-06-15 08:45:00+00:00,23891.1,23916.75,23887.4,23906.8,0
2026-06-15 09:00:00+00:00,23908.15,23942.6,23907.45,23924.2,0
2026-06-15 09:15:00+00:00,23923.95,23931.55,23888.1,23894.6,0
2026-06-15 09:30:00+00:00,23897.65,23904.05,23817.8,23843.6,0
2026-06-15 09:45:00+00:00,23845.1,23867.85,23842.85,23856.55,0
2026-06-16 03:45:00+00:00,23923.9,23941.1,23888.2,23938.1,0
2026-06-16 04:00:00+00:00,23938.2,23954.75,23917.05,23917.8,0
2026-06-16 04:15:00+00:00,23917.9,23942.7,23916.2,23939.7,0
2026-06-16 04:30:00+00:00,23941.0,23947.35,23895.65,23910.05,0
2026-06-16 04:45:00+00:00,23910.45,23953.85,23909.65,23943.35,0
2026-06-16 05:00:00+00:00,23943.5,23972.75,23941.65,23962.1,0
2026-06-16 05:15:00+00:00,23962.2,23977.8,23959.6,23966.65,0
2026-06-16 05:30:00+00:00,23967.55,23970.2,23931.8,23940.55,0
2026-06-16 05:45:00+00:00,23940.4,23951.4,23923.95,23929.45,0
2026-06-16 06:00:00+00:00,23929.7,23934.35,23911.45,23927.6,0
2026-06-16 06:15:00+00:00,23924.7,23949.75,23920.45,23938.5,0
2026-06-16 06:30:00+00:00,23938.45,23943.65,23919.1,23928.05,0
2026-06-16 06:45:00+00:00,23928.0,23943.2,23903.35,23940.15,0
2026-06-16 07:00:00+00:00,23940.8,23947.1,23919.0,23927.25,0
2026-06-16 07:15:00+00:00,23928.0,23938.75,23915.5,23935.65,0
2026-06-16 07:30:00+00:00,23935.85,23950.65,23923.45,23946.85,0
2026-06-16 07:45:00+00:00,23946.65,23969.8,23935.5,23966.8,0
2026-06-16 08:00:00+00:00,23967.15,23976.95,23959.65,23964.85,0
2026-06-16 08:15:00+00:00,23964.65,23976.9,23955.75,23967.05,0
2026-06-16 08:30:00+00:00,23967.05,23997.8,23963.45,23994.35,0
2026-06-16 08:45:00+00:00,23994.0,24000.3,23978.1,23984.2,0
2026-06-16 09:00:00+00:00,23985.15,24002.4,23963.45,23963.45,0
2026-06-16 09:15:00+00:00,23962.95,23998.8,23962.7,23986.45,0
2026-06-16 09:30:00+00:00,23988.4,24002.6,23976.6,23986.8,0
2026-06-16 09:45:00+00:00,23987.75,23997.4,23980.1,23995.0,0
2026-06-17 03:45:00+00:00,24044.5,24048.05,23969.7,24020.7,0
2026-06-17 04:00:00+00:00,24022.75,24063.8,24017.7,24061.55,0
2026-06-17 04:15:00+00:00,24063.8,24071.65,24053.8,24065.85,0
2026-06-17 04:30:00+00:00,24067.9,24069.2,24043.15,24047.7,0
2026-06-17 04:45:00+00:00,24048.25,24082.8,24046.45,24066.9,0
2026-06-17 05:00:00+00:00,24067.8,24088.6,24062.5,24085.75,0
2026-06-17 05:15:00+00:00,24086.35,24097.4,24073.95,24080.0,0
2026-06-17 05:30:00+00:00,24081.7,24083.1,24062.05,24081.7,0
2026-06-17 05:45:00+00:00,24082.0,24091.45,24073.05,24088.95,0
2026-06-17 06:00:00+00:00,24089.9,24108.2,24066.9,24083.3,0
2026-06-17 06:15:00+00:00,24084.15,24085.6,24054.7,24055.1,0
2026-06-17 06:30:00+00:00,24056.7,24065.35,24047.7,24050.3,0
2026-06-17 06:45:00+00:00,24051.75,24056.9,24033.0,24045.5,0
2026-06-17 07:00:00+00:00,24045.85,24051.2,24032.35,24044.25,0
2026-06-17 07:15:00+00:00,24044.9,24053.95,24027.35,24029.5,0
2026-06-17 07:30:00+00:00,24030.0,24040.4,24009.75,24009.75,0
2026-06-17 07:45:00+00:00,24010.6,24039.3,24005.85,24034.25,0
2026-06-17 08:00:00+00:00,24035.1,24061.85,24032.05,24055.7,0
2026-06-17 08:15:00+00:00,24057.15,24058.55,24029.45,24048.85,0
2026-06-17 08:30:00+00:00,24049.85,24053.45,24036.35,24047.85,0
2026-06-17 08:45:00+00:00,24049.1,24052.3,24021.4,24024.3,0
2026-06-17 09:00:00+00:00,24025.8,24048.25,24015.8,24041.25,0
2026-06-17 09:15:00+00:00,24043.25,24077.3,24026.95,24076.9,0
2026-06-17 09:30:00+00:00,24076.8,24098.75,24070.45,24083.6,0
2026-06-17 09:45:00+00:00,24083.6,24090.0,24073.1,24081.95,0
2026-06-18 03:45:00+00:00,24073.8,24133.35,24058.85,24090.25,0
2026-06-18 04:00:00+00:00,24092.2,24121.05,24066.85,24108.9,0
2026-06-18 04:15:00+00:00,24112.0,24139.65,24107.4,24123.2,0
2026-06-18 04:30:00+00:00,24126.85,24138.4,24113.15,24125.6,0
2026-06-18 04:45:00+00:00,24127.4,24130.8,24103.7,24109.25,0
2026-06-18 05:00:00+00:00,24111.4,24114.2,24059.55,24076.35,0
2026-06-18 05:15:00+00:00,24078.35,24093.9,24067.1,24092.55,0
2026-06-18 05:30:00+00:00,24093.85,24093.85,24059.9,24064.65,0
2026-06-18 05:45:00+00:00,24066.2,24066.35,24036.95,24054.95,0
2026-06-18 06:00:00+00:00,24057.5,24065.5,24047.3,24062.85,0
2026-06-18 06:15:00+00:00,24064.6,24075.35,24050.05,24071.95,0
2026-06-18 06:30:00+00:00,24072.7,24099.7,24071.05,24088.2,0
2026-06-18 06:45:00+00:00,24089.85,24119.95,24078.45,24118.7,0
2026-06-18 07:00:00+00:00,24120.85,24133.75,24109.25,24117.25,0
2026-06-18 07:15:00+00:00,24118.75,24132.25,24111.45,24125.65,0
2026-06-18 07:30:00+00:00,24127.65,24130.85,24116.6,24127.8,0
2026-06-18 07:45:00+00:00,24129.95,24136.3,24100.65,24120.45,0
2026-06-18 08:00:00+00:00,24121.9,24135.0,24111.8,24120.7,0
2026-06-18 08:15:00+00:00,24122.0,24127.65,24103.85,24108.35,0
2026-06-18 08:30:00+00:00,24109.95,24112.0,24094.6,24099.75,0
2026-06-18 08:45:00+00:00,24100.8,24110.05,24083.75,24088.35,0
2026-06-18 09:00:00+00:00,24090.65,24113.05,24074.7,24097.2,0
2026-06-18 09:15:00+00:00,24098.7,24121.4,24081.35,24121.4,0
2026-06-18 09:30:00+00:00,24121.9,24183.55,24108.3,24177.45,0
2026-06-18 09:45:00+00:00,24177.8,24189.25,24171.25,24179.4,0
2026-06-19 03:45:00+00:00,23991.2,23998.8,23939.8,23955.55,0
2026-06-19 04:00:00+00:00,23955.45,23981.95,23938.75,23975.2,0
2026-06-19 04:15:00+00:00,23975.1,23990.05,23961.8,23987.7,0
2026-06-19 04:30:00+00:00,23987.25,24011.25,23963.6,24010.35,0
2026-06-19 04:45:00+00:00,24009.85,24011.5,23965.25,23966.75,0
2026-06-19 05:00:00+00:00,23967.35,23972.6,23953.9,23970.2,0
2026-06-19 05:15:00+00:00,23971.15,23972.3,23940.5,23944.8,0
2026-06-19 05:30:00+00:00,23944.95,23965.5,23936.25,23964.5,0
2026-06-19 05:45:00+00:00,23964.7,23967.4,23941.85,23953.75,0
2026-06-19 06:00:00+00:00,23954.1,23968.3,23947.05,23954.45,0
2026-06-19 06:15:00+00:00,23954.55,23956.2,23940.2,23954.4,0
2026-06-19 06:30:00+00:00,23955.15,23967.7,23948.3,23959.4,0
2026-06-19 06:45:00+00:00,23959.65,23974.5,23953.3,23968.9,0
2026-06-19 07:00:00+00:00,23969.2,23972.25,23924.9,23951.95,0
2026-06-19 07:15:00+00:00,23952.05,23962.35,23931.0,23938.0,0
2026-06-19 07:30:00+00:00,23937.85,23938.6,23913.15,23930.35,0
2026-06-19 07:45:00+00:00,23931.05,23933.4,23914.85,23928.15,0
2026-06-19 08:00:00+00:00,23928.8,23950.0,23925.8,23946.8,0
2026-06-19 08:15:00+00:00,23947.15,23967.05,23945.55,23966.9,0
2026-06-19 08:30:00+00:00,23966.65,23992.3,23955.3,23992.3,0
2026-06-19 08:45:00+00:00,23992.5,24000.6,23954.9,23958.05,0
2026-06-19 09:00:00+00:00,23958.55,23995.5,23957.8,23973.25,0
2026-06-19 09:15:00+00:00,23973.95,23981.7,23901.9,23911.6,0
2026-06-19 09:30:00+00:00,23910.5,24042.65,23904.45,24026.95,0
2026-06-19 09:45:00+00:00,24025.8,24047.2,24010.4,24042.7,0
2026-06-22 03:45:00+00:00,24106.6,24142.5,24073.15,24131.2,0
2026-06-22 04:00:00+00:00,24130.25,24138.5,24108.75,24108.75,0
2026-06-22 04:15:00+00:00,24109.5,24144.05,24103.75,24141.15,0
2026-06-22 04:30:00+00:00,24141.5,24159.65,24129.5,24149.65,0
2026-06-22 04:45:00+00:00,24149.55,24156.2,24144.25,24152.8,0
2026-06-22 05:00:00+00:00,24153.85,24159.1,24136.55,24152.9,0
2026-06-22 05:15:00+00:00,24152.75,24168.05,24147.8,24162.85,0
2026-06-22 05:30:00+00:00,24162.75,24165.3,24153.35,24157.3,0
2026-06-22 05:45:00+00:00,24156.65,24163.1,24141.4,24160.65,0
2026-06-22 06:00:00+00:00,24160.65,24166.05,24145.7,24148.35,0
2026-06-22 06:15:00+00:00,24148.15,24152.55,24129.65,24140.4,0
2026-06-22 06:30:00+00:00,24140.45,24142.15,24117.85,24118.2,0
2026-06-22 06:45:00+00:00,24117.65,24129.15,24112.35,24119.85,0
2026-06-22 07:00:00+00:00,24119.65,24126.25,24109.8,24118.75,0
2026-06-22 07:15:00+00:00,24118.6,24127.05,24112.25,24123.5,0
2026-06-22 07:30:00+00:00,24123.3,24123.85,24105.1,24112.8,0
2026-06-22 07:45:00+00:00,24112.8,24127.2,24111.55,24118.7,0
2026-06-22 08:00:00+00:00,24118.3,24127.7,24097.15,24119.45,0
2026-06-22 08:15:00+00:00,24119.65,24136.5,24115.85,24126.0,0
2026-06-22 08:30:00+00:00,24126.2,24133.15,24117.15,24118.45,0
2026-06-22 08:45:00+00:00,24118.0,24141.55,24112.95,24138.8,0
2026-06-22 09:00:00+00:00,24138.7,24145.45,24125.7,24134.65,0
2026-06-22 09:15:00+00:00,24136.35,24145.15,24129.2,24132.55,0
2026-06-22 09:30:00+00:00,24133.6,24143.0,24099.85,24105.65,0
2026-06-22 09:45:00+00:00,24105.5,24111.15,24080.1,24086.85,0
2026-06-23 03:45:00+00:00,24071.3,24095.55,24040.05,24088.95,0
2026-06-23 04:00:00+00:00,24090.05,24133.05,24088.2,24115.5,0
2026-06-23 04:15:00+00:00,24115.25,24133.2,24107.35,24131.3,0
2026-06-23 04:30:00+00:00,24131.25,24135.5,24113.85,24123.45,0
2026-06-23 04:45:00+00:00,24124.45,24130.1,24106.1,24112.45,0
2026-06-23 05:00:00+00:00,24112.8,24119.3,24104.0,24105.65,0
2026-06-23 05:15:00+00:00,24106.9,24107.05,24090.9,24093.85,0
2026-06-23 05:30:00+00:00,24093.6,24115.45,24083.55,24114.4,0
2026-06-23 05:45:00+00:00,24112.95,24130.45,24112.45,24112.95,0
2026-06-23 06:00:00+00:00,24114.25,24114.75,24079.05,24083.1,0
2026-06-23 06:15:00+00:00,24082.5,24083.4,23972.2,23982.65,0
2026-06-23 06:30:00+00:00,23982.6,23990.9,23953.6,23965.0,0
2026-06-23 06:45:00+00:00,23965.95,23973.25,23917.3,23948.85,0
2026-06-23 07:00:00+00:00,23949.65,23958.95,23931.9,23948.45,0
2026-06-23 07:15:00+00:00,23949.2,23950.7,23923.6,23930.65,0
2026-06-23 07:30:00+00:00,23931.15,23937.8,23908.85,23922.6,0
2026-06-23 07:45:00+00:00,23923.8,23931.35,23902.25,23907.4,0
2026-06-23 08:00:00+00:00,23908.35,23910.35,23862.65,23893.2,0
2026-06-23 08:15:00+00:00,23893.85,23898.3,23864.25,23869.15,0
2026-06-23 08:30:00+00:00,23870.15,23916.95,23864.3,23910.85,0
2026-06-23 08:45:00+00:00,23912.55,23921.15,23893.6,23915.8,0
2026-06-23 09:00:00+00:00,23916.95,23934.05,23897.15,23927.25,0
2026-06-23 09:15:00+00:00,23927.85,23935.2,23907.5,23914.3,0
2026-06-23 09:30:00+00:00,23916.35,23919.1,23815.6,23827.7,0
2026-06-23 09:45:00+00:00,23828.7,23829.5,23784.95,23795.25,0
2026-06-24 03:45:00+00:00,23795.8,23885.3,23789.25,23879.4,0
2026-06-24 04:00:00+00:00,23879.65,23895.3,23861.5,23867.4,0
2026-06-24 04:15:00+00:00,23866.85,23873.75,23810.65,23841.65,0
2026-06-24 04:30:00+00:00,23841.75,23919.2,23841.75,23917.85,0
2026-06-24 04:45:00+00:00,23917.75,23970.3,23910.9,23947.75,0
2026-06-24 05:00:00+00:00,23950.05,23961.9,23932.15,23934.3,0
2026-06-24 05:15:00+00:00,23933.8,23960.4,23932.85,23952.45,0
2026-06-24 05:30:00+00:00,23952.0,23991.6,23952.0,23985.85,0
2026-06-24 05:45:00+00:00,23986.05,23988.9,23967.1,23974.95,0
2026-06-24 06:00:00+00:00,23976.05,24007.9,23958.0,24006.9,0
2026-06-24 06:15:00+00:00,24006.45,24013.85,23994.95,23996.9,0
2026-06-24 06:30:00+00:00,23996.55,24008.05,23979.0,23980.95,0
2026-06-24 06:45:00+00:00,23982.25,24007.2,23981.0,23995.65,0
2026-06-24 07:00:00+00:00,23995.7,23997.3,23967.0,23991.35,0
2026-06-24 07:15:00+00:00,23991.35,24012.6,23979.15,24004.35,0
2026-06-24 07:30:00+00:00,24004.35,24032.85,23994.1,24031.1,0
2026-06-24 07:45:00+00:00,24030.5,24056.1,24028.15,24052.45,0
2026-06-24 08:00:00+00:00,24052.85,24090.05,24051.55,24071.5,0
2026-06-24 08:15:00+00:00,24071.85,24085.85,24047.45,24055.8,0
2026-06-24 08:30:00+00:00,24055.65,24059.45,24026.5,24056.65,0
2026-06-24 08:45:00+00:00,24056.75,24063.75,24043.9,24054.85,0
2026-06-24 09:00:00+00:00,24054.8,24061.25,24034.95,24053.1,0
2026-06-24 09:15:00+00:00,24053.65,24068.75,24037.85,24050.75,0
2026-06-24 09:30:00+00:00,24050.85,24050.85,24003.25,24006.45,0
2026-06-24 09:45:00+00:00,24006.0,24031.45,24003.6,24013.15,0
2026-06-25 03:45:00+00:00,24125.85,24169.7,24107.8,24147.15,0
2026-06-25 04:00:00+00:00,24149.15,24152.15,24130.5,24141.65,0
2026-06-25 04:15:00+00:00,24141.65,24185.35,24140.15,24176.65,0
2026-06-25 04:30:00+00:00,24178.65,24186.05,24160.3,24184.5,0
2026-06-25 04:45:00+00:00,24185.3,24190.25,24165.85,24172.1,0
2026-06-25 05:00:00+00:00,24173.35,24185.0,24166.9,24182.8,0
2026-06-25 05:15:00+00:00,24184.1,24200.55,24177.0,24197.6,0
2026-06-25 05:30:00+00:00,24198.55,24200.35,24175.3,24196.05,0
2026-06-25 05:45:00+00:00,24197.75,24205.65,24186.5,24190.55,0
2026-06-25 06:00:00+00:00,24191.05,24200.25,24181.05,24195.6,0
2026-06-25 06:15:00+00:00,24197.1,24238.75,24193.3,24236.55,0
2026-06-25 06:30:00+00:00,24238.75,24261.6,24236.15,24243.5,0
2026-06-25 06:45:00+00:00,24244.2,24251.5,24199.3,24201.9,0
2026-06-25 07:00:00+00:00,24203.6,24210.6,24176.85,24192.85,0
2026-06-25 07:15:00+00:00,24193.3,24202.6,24181.65,24196.85,0
2026-06-25 07:30:00+00:00,24197.4,24214.5,24169.3,24172.8,0
2026-06-25 07:45:00+00:00,24172.45,24198.7,24170.6,24181.5,0
2026-06-25 08:00:00+00:00,24181.8,24211.2,24173.8,24200.35,0
2026-06-25 08:15:00+00:00,24202.35,24209.45,24173.05,24178.4,0
2026-06-25 08:30:00+00:00,24180.25,24187.85,24130.65,24139.15,0
2026-06-25 08:45:00+00:00,24139.35,24139.35,24088.95,24108.2,0
2026-06-25 09:00:00+00:00,24110.05,24128.9,24068.85,24071.05,0
2026-06-25 09:15:00+00:00,24072.75,24117.5,24066.55,24090.4,0
2026-06-25 09:30:00+00:00,24091.0,24091.3,24041.45,24056.0,0
2026-06-25 09:45:00+00:00,24056.95,24065.5,24039.0,24052.95,0
2026-06-29 03:45:00+00:00,24061.75,24110.75,24032.35,24064.8,0
2026-06-29 04:00:00+00:00,24065.7,24094.7,24005.45,24094.0,0
2026-06-29 04:15:00+00:00,24092.7,24095.25,24063.15,24075.55,0
2026-06-29 04:30:00+00:00,24076.6,24088.0,24051.75,24061.8,0
2026-06-29 04:45:00+00:00,24061.9,24120.0,24052.6,24112.15,0
2026-06-29 05:00:00+00:00,24112.75,24117.2,24091.3,24112.3,0
2026-06-29 05:15:00+00:00,24115.5,24115.5,24047.4,24066.35,0
2026-06-29 05:30:00+00:00,24066.9,24090.9,24058.15,24073.0,0
2026-06-29 05:45:00+00:00,24072.45,24084.25,24056.5,24061.2,0
2026-06-29 06:00:00+00:00,24062.3,24065.25,24018.65,24031.6,0
2026-06-29 06:15:00+00:00,24032.45,24036.9,24002.05,24011.15,0
2026-06-29 06:30:00+00:00,24012.95,24019.25,23989.8,23993.7,0
2026-06-29 06:45:00+00:00,23995.95,23999.05,23964.85,23968.4,0
2026-06-29 07:00:00+00:00,23968.45,23975.05,23925.4,23944.45,0
2026-06-29 07:15:00+00:00,23945.0,23968.55,23941.0,23963.3,0
2026-06-29 07:30:00+00:00,23964.25,23979.7,23946.0,23962.7,0
2026-06-29 07:45:00+00:00,23962.15,23967.3,23944.8,23965.15,0
2026-06-29 08:00:00+00:00,23965.65,23981.25,23935.8,23940.45,0
2026-06-29 08:15:00+00:00,23940.65,23959.2,23926.3,23947.7,0
2026-06-29 08:30:00+00:00,23947.05,23967.55,23945.1,23958.35,0
2026-06-29 08:45:00+00:00,23960.15,23972.6,23944.05,23950.85,0
2026-06-29 09:00:00+00:00,23951.4,23970.6,23934.25,23964.25,0
2026-06-29 09:15:00+00:00,23965.15,23970.3,23927.1,23930.6,0
2026-06-29 09:30:00+00:00,23931.05,23987.2,23924.55,23943.2,0
2026-06-29 09:45:00+00:00,23943.7,23985.15,23932.9,23978.5,0
2026-06-30 03:45:00+00:00,24032.05,24035.55,23890.8,23896.9,0
2026-06-30 04:00:00+00:00,23896.7,23899.5,23861.5,23870.35,0
2026-06-30 04:15:00+00:00,23870.5,23890.1,23851.95,23881.7,0
2026-06-30 04:30:00+00:00,23881.1,23916.05,23872.7,23889.8,0
2026-06-30 04:45:00+00:00,23889.6,23905.1,23871.3,23891.45,0
2026-06-30 05:00:00+00:00,23891.35,23907.55,23874.7,23890.5,0
2026-06-30 05:15:00+00:00,23890.3,23923.55,23878.65,23878.65,0
2026-06-30 05:30:00+00:00,23879.0,23944.95,23872.6,23938.05,0
2026-06-30 05:45:00+00:00,23938.3,23998.55,23924.9,23976.55,0
2026-06-30 06:00:00+00:00,23976.65,23979.2,23919.8,23932.6,0
2026-06-30 06:15:00+00:00,23932.25,23951.0,23923.8,23946.15,0
2026-06-30 06:30:00+00:00,23946.25,23948.6,23922.95,23925.9,0
2026-06-30 06:45:00+00:00,23924.95,23938.6,23918.4,23933.15,0
2026-06-30 07:00:00+00:00,23933.15,23956.2,23911.55,23951.05,0
2026-06-30 07:15:00+00:00,23950.55,23964.35,23934.2,23952.45,0
2026-06-30 07:30:00+00:00,23951.95,23954.3,23929.15,23934.0,0
2026-06-30 07:45:00+00:00,23933.2,23944.85,23913.05,23935.15,0
2026-06-30 08:00:00+00:00,23934.25,23954.95,23929.9,23946.8,0
2026-06-30 08:15:00+00:00,23946.65,23947.8,23916.4,23929.4,0
2026-06-30 08:30:00+00:00,23928.6,23931.95,23880.95,23885.25,0
2026-06-30 08:45:00+00:00,23885.1,23972.45,23863.9,23944.45,0
2026-06-30 09:00:00+00:00,23945.2,23955.85,23920.8,23945.7,0
2026-06-30 09:15:00+00:00,23945.65,23948.4,23895.3,23905.35,0
2026-06-30 09:30:00+00:00,23902.3,23906.25,23829.2,23864.8,0
2026-06-30 09:45:00+00:00,23864.15,23922.1,23864.15,23917.75,0
2026-07-01 03:45:00+00:00,23897.65,23934.9,23895.1,23922.95,0
2026-07-01 04:00:00+00:00,23919.95,23949.95,23912.65,23944.2,0
2026-07-01 04:15:00+00:00,23943.5,23985.5,23943.45,23981.65,0
2026-07-01 04:30:00+00:00,23981.15,23996.4,23962.75,23987.05,0
2026-07-01 04:45:00+00:00,23986.9,24020.65,23986.45,23997.2,0
2026-07-01 05:00:00+00:00,23996.25,24004.3,23947.35,23954.05,0
2026-07-01 05:15:00+00:00,23952.75,23983.65,23951.7,23976.4,0
2026-07-01 05:30:00+00:00,23975.8,24020.95,23975.2,24019.5,0
2026-07-01 05:45:00+00:00,24018.75,24026.85,23998.6,24008.8,0
2026-07-01 06:00:00+00:00,24008.35,24013.65,23986.0,24011.7,0
2026-07-01 06:15:00+00:00,24011.8,24028.6,23998.15,24026.5,0
2026-07-01 06:30:00+00:00,24026.1,24049.9,24020.15,24023.5,0
2026-07-01 06:45:00+00:00,24023.5,24036.95,23994.3,23997.55,0
2026-07-01 07:00:00+00:00,23997.5,24043.25,23997.5,24024.1,0
2026-07-01 07:15:00+00:00,24023.7,24030.6,24016.3,24022.9,0
2026-07-01 07:30:00+00:00,24022.4,24029.45,24007.15,24028.05,0
2026-07-01 07:45:00+00:00,24026.55,24033.35,24011.35,24012.75,0
2026-07-01 08:00:00+00:00,24012.95,24047.65,24002.05,24029.6,0
2026-07-01 08:15:00+00:00,24028.1,24032.65,24014.6,24018.35,0
2026-07-01 08:30:00+00:00,24018.1,24044.15,24011.15,24035.3,0
2026-07-01 08:45:00+00:00,24036.05,24041.65,24023.4,24028.55,0
2026-07-01 09:00:00+00:00,24027.2,24031.35,23991.75,24020.85,0
2026-07-01 09:15:00+00:00,24020.5,24038.35,24009.65,24035.65,0
2026-07-01 09:30:00+00:00,24036.8,24048.2,23999.15,24006.25,0
2026-07-01 09:45:00+00:00,24005.6,24010.4,23980.65,23987.95,0
2026-07-02 03:45:00+00:00,24062.2,24127.6,24058.8,24111.65,0
2026-07-02 04:00:00+00:00,24110.1,24159.45,24108.1,24148.05,0
2026-07-02 04:15:00+00:00,24147.8,24155.45,24124.25,24129.45,0
2026-07-02 04:30:00+00:00,24129.6,24130.8,24075.55,24075.8,0
2026-07-02 04:45:00+00:00,24075.3,24115.9,24070.3,24107.1,0
2026-07-02 05:00:00+00:00,24106.05,24116.0,24088.9,24110.55,0
2026-07-02 05:15:00+00:00,24110.55,24116.8,24101.8,24111.05,0
2026-07-02 05:30:00+00:00,24111.05,24115.8,24090.05,24103.8,0
2026-07-02 05:45:00+00:00,24103.55,24106.05,24085.7,24087.3,0
2026-07-02 06:00:00+00:00,24087.6,24089.95,24067.5,24083.75,0
2026-07-02 06:15:00+00:00,24083.55,24106.65,24080.85,24099.55,0
2026-07-02 06:30:00+00:00,24099.1,24114.1,24094.8,24112.75,0
2026-07-02 06:45:00+00:00,24113.05,24133.2,24106.55,24131.75,0
2026-07-02 07:00:00+00:00,24132.1,24137.7,24116.75,24121.8,0
2026-07-02 07:15:00+00:00,24122.2,24133.45,24113.6,24119.4,0
2026-07-02 07:30:00+00:00,24119.45,24145.8,24115.75,24143.25,0
2026-07-02 07:45:00+00:00,24142.8,24155.35,24137.75,24141.75,0
2026-07-02 08:00:00+00:00,24141.8,24152.4,24128.55,24134.2,0
2026-07-02 08:15:00+00:00,24133.85,24140.8,24126.0,24131.2,0
2026-07-02 08:30:00+00:00,24131.65,24142.85,24128.85,24132.3,0
2026-07-02 08:45:00+00:00,24132.15,24155.3,24127.4,24140.15,0
2026-07-02 09:00:00+00:00,24140.5,24183.95,24138.95,24176.8,0
2026-07-02 09:15:00+00:00,24176.15,24194.55,24172.6,24190.75,0
2026-07-02 09:30:00+00:00,24191.1,24193.4,24169.4,24176.5,0
2026-07-02 09:45:00+00:00,24176.9,24179.5,24153.4,24167.2,0
2026-07-03 03:45:00+00:00,24375.65,24378.15,24295.15,24347.75,0
2026-07-03 04:00:00+00:00,24349.0,24366.8,24334.5,24336.8,0
2026-07-03 04:15:00+00:00,24338.5,24344.75,24323.0,24333.2,0
2026-07-03 04:30:00+00:00,24335.3,24342.25,24311.85,24330.6,0
2026-07-03 04:45:00+00:00,24332.0,24352.65,24315.4,24345.1,0
2026-07-03 05:00:00+00:00,24347.1,24351.5,24335.55,24340.35,0
2026-07-03 05:15:00+00:00,24342.1,24349.5,24336.8,24340.75,0
2026-07-03 05:30:00+00:00,24342.05,24354.0,24320.65,24322.7,0
2026-07-03 05:45:00+00:00,24324.7,24333.5,24319.1,24328.35,0
2026-07-03 06:00:00+00:00,24329.75,24345.8,24322.9,24338.25,0
2026-07-03 06:15:00+00:00,24338.4,24356.8,24334.65,24353.4,0
2026-07-03 06:30:00+00:00,24357.15,24373.25,24350.8,24369.65,0
2026-07-03 06:45:00+00:00,24370.0,24373.35,24352.95,24362.15,0
2026-07-03 07:00:00+00:00,24362.4,24365.0,24339.4,24345.55,0
2026-07-03 07:15:00+00:00,24346.9,24361.25,24341.7,24353.45,0
2026-07-03 07:30:00+00:00,24355.05,24355.45,24309.95,24324.3,0
2026-07-03 07:45:00+00:00,24325.8,24325.8,24302.85,24305.95,0
2026-07-03 08:00:00+00:00,24306.35,24308.65,24272.65,24288.9,0
2026-07-03 08:15:00+00:00,24289.05,24298.1,24278.9,24285.45,0
2026-07-03 08:30:00+00:00,24285.95,24297.25,24278.55,24287.4,0
2026-07-03 08:45:00+00:00,24288.4,24288.5,24264.8,24267.85,0
2026-07-03 09:00:00+00:00,24268.5,24287.55,24265.3,24271.65,0
2026-07-03 09:15:00+00:00,24272.65,24280.05,24252.35,24256.15,0
2026-07-03 09:30:00+00:00,24257.85,24282.8,24257.85,24272.1,0
2026-07-03 09:45:00+00:00,24273.4,24275.9,24258.75,24271.2,0
2026-07-06 03:45:00+00:00,24306.85,24360.15,24287.1,24352.5,0
2026-07-06 04:00:00+00:00,24353.15,24379.9,24351.4,24368.9,0
2026-07-06 04:15:00+00:00,24369.3,24394.4,24366.0,24384.65,0
2026-07-06 04:30:00+00:00,24385.25,24395.8,24366.3,24370.15,0
2026-07-06 04:45:00+00:00,24370.6,24414.65,24368.45,24405.95,0
2026-07-06 05:00:00+00:00,24406.35,24414.25,24390.2,24403.05,0
2026-07-06 05:15:00+00:00,24404.15,24426.9,24400.95,24424.0,0
2026-07-06 05:30:00+00:00,24424.95,24428.05,24411.4,24415.85,0
2026-07-06 05:45:00+00:00,24416.05,24427.05,24403.1,24419.2,0
2026-07-06 06:00:00+00:00,24419.85,24422.7,24410.65,24417.3,0
2026-07-06 06:15:00+00:00,24416.85,24425.7,24407.85,24425.2,0
2026-07-06 06:30:00+00:00,24424.75,24443.75,24420.1,24443.25,0
2026-07-06 06:45:00+00:00,24443.1,24446.55,24434.5,24441.25,0
2026-07-06 07:00:00+00:00,24440.9,24453.5,24437.0,24444.3,0
2026-07-06 07:15:00+00:00,24443.9,24446.0,24425.6,24439.25,0
2026-07-06 07:30:00+00:00,24439.0,24455.4,24431.15,24449.25,0
2026-07-06 07:45:00+00:00,24449.25,24451.15,24434.95,24442.85,0
2026-07-06 08:00:00+00:00,24442.45,24458.65,24434.0,24437.55,0
2026-07-06 08:15:00+00:00,24437.7,24439.75,24406.1,24409.15,0
2026-07-06 08:30:00+00:00,24410.1,24423.6,24399.15,24400.85,0
2026-07-06 08:45:00+00:00,24401.1,24416.2,24396.35,24405.6,0
2026-07-06 09:00:00+00:00,24405.75,24420.4,24395.1,24397.1,0
2026-07-06 09:15:00+00:00,24397.3,24417.1,24382.4,24404.6,0
2026-07-06 09:30:00+00:00,24405.8,24447.65,24405.8,24437.2,0
2026-07-06 09:45:00+00:00,24438.2,24441.4,24417.95,24423.95,0
2026-07-07 03:45:00+00:00,24464.45,24488.45,24427.0,24455.85,0
2026-07-07 04:00:00+00:00,24456.8,24462.7,24423.5,24459.2,0
2026-07-07 04:15:00+00:00,24458.9,24476.8,24450.45,24475.55,0
2026-07-07 04:30:00+00:00,24474.9,24495.7,24467.75,24483.25,0
2026-07-07 04:45:00+00:00,24483.35,24505.1,24481.4,24490.45,0
2026-07-07 05:00:00+00:00,24490.7,24497.6,24469.1,24470.15,0
2026-07-07 05:15:00+00:00,24470.7,24491.1,24465.35,24480.75,0
2026-07-07 05:30:00+00:00,24480.85,24518.1,24480.05,24512.6,0
2026-07-07 05:45:00+00:00,24512.55,24525.75,24502.25,24519.55,0
2026-07-07 06:00:00+00:00,24519.4,24524.3,24507.85,24510.4,0
2026-07-07 06:15:00+00:00,24510.45,24528.0,24503.05,24524.6,0
2026-07-07 06:30:00+00:00,24525.15,24530.9,24499.3,24504.8,0
2026-07-07 06:45:00+00:00,24504.7,24511.8,24485.9,24493.1,0
2026-07-07 07:00:00+00:00,24492.95,24495.0,24446.05,24472.4,0
2026-07-07 07:15:00+00:00,24473.2,24479.65,24448.5,24468.55,0
2026-07-07 07:30:00+00:00,24467.7,24468.45,24425.45,24436.45,0
2026-07-07 07:45:00+00:00,24436.2,24445.15,24419.6,24443.1,0
2026-07-07 08:00:00+00:00,24442.65,24446.05,24418.45,24438.2,0
2026-07-07 08:15:00+00:00,24439.0,24457.05,24433.4,24452.2,0
2026-07-07 08:30:00+00:00,24451.85,24467.65,24443.05,24461.4,0
2026-07-07 08:45:00+00:00,24461.5,24465.45,24446.95,24453.55,0
2026-07-07 09:00:00+00:00,24453.9,24473.05,24453.9,24465.6,0
2026-07-07 09:15:00+00:00,24465.55,24471.4,24453.85,24456.1,0
2026-07-07 09:30:00+00:00,24456.4,24459.35,24390.15,24397.85,0
2026-07-07 09:45:00+00:00,24398.5,24401.75,24348.95,24355.1,0
2026-07-08 03:45:00+00:00,24259.55,24295.25,24229.9,24239.2,0
2026-07-08 04:00:00+00:00,24239.6,24240.9,24207.2,24226.15,0
2026-07-08 04:15:00+00:00,24227.45,24267.15,24223.35,24251.75,0
2026-07-08 04:30:00+00:00,24250.85,24258.1,24233.0,24238.2,0
2026-07-08 04:45:00+00:00,24236.2,24251.5,24219.25,24245.2,0
2026-07-08 05:00:00+00:00,24246.1,24294.2,24245.75,24279.25,0
2026-07-08 05:15:00+00:00,24281.45,24294.3,24268.75,24293.5,0
2026-07-08 05:30:00+00:00,24294.55,24300.0,24280.9,24290.55,0
2026-07-08 05:45:00+00:00,24290.8,24294.4,24274.75,24285.15,0
2026-07-08 06:00:00+00:00,24286.2,24286.2,24252.55,24259.0,0
2026-07-08 06:15:00+00:00,24259.6,24261.55,24233.6,24248.95,0
2026-07-08 06:30:00+00:00,24249.65,24252.35,24218.4,24222.4,0
2026-07-08 06:45:00+00:00,24224.05,24234.25,24202.55,24206.55,0
2026-07-08 07:00:00+00:00,24207.6,24208.4,24184.0,24204.7,0
2026-07-08 07:15:00+00:00,24206.1,24225.3,24197.85,24215.9,0
2026-07-08 07:30:00+00:00,24217.15,24235.8,24214.8,24216.95,0
2026-07-08 07:45:00+00:00,24217.95,24230.1,24209.5,24216.3,0
2026-07-08 08:00:00+00:00,24217.55,24220.5,24200.1,24205.15,0
2026-07-08 08:15:00+00:00,24206.1,24209.05,24007.9,24009.55,0
2026-07-08 08:30:00+00:00,24012.05,24026.9,23877.5,23897.6,0
2026-07-08 08:45:00+00:00,23898.95,23956.6,23872.15,23874.45,0
2026-07-08 09:00:00+00:00,23875.65,23918.0,23844.5,23863.25,0
2026-07-08 09:15:00+00:00,23864.5,23864.5,23805.2,23828.65,0
2026-07-08 09:30:00+00:00,23826.55,23885.05,23826.55,23883.35,0
2026-07-08 09:45:00+00:00,23882.2,23919.55,23882.2,23895.7,0
2026-07-09 03:45:00+00:00,23928.95,24038.5,23927.7,24024.15,0
2026-07-09 04:00:00+00:00,24022.65,24061.75,24004.2,24047.2,0
2026-07-09 04:15:00+00:00,24048.25,24067.4,24031.15,24044.65,0
2026-07-09 04:30:00+00:00,24044.7,24076.8,24041.8,24044.25,0
2026-07-09 04:45:00+00:00,24045.05,24058.35,24029.65,24042.85,0
2026-07-09 05:00:00+00:00,24042.9,24134.7,23998.9,24077.4,0
2026-07-09 05:15:00+00:00,24078.1,24082.85,24001.15,24013.9,0
2026-07-09 05:30:00+00:00,24014.85,24023.35,23988.35,24015.25,0
2026-07-09 05:45:00+00:00,24014.85,24090.5,24008.85,24079.8,0
2026-07-09 06:00:00+00:00,24079.8,24081.55,24039.7,24056.45,0
2026-07-09 06:15:00+00:00,24057.95,24059.3,24037.6,24047.65,0
2026-07-09 06:30:00+00:00,24047.65,24076.55,24042.15,24060.4,0
2026-07-09 06:45:00+00:00,24062.7,24071.55,24050.3,24063.3,0
2026-07-09 07:00:00+00:00,24063.9,24068.45,24015.85,24023.35,0
2026-07-09 07:15:00+00:00,24023.6,24054.4,24019.1,24038.4,0
2026-07-09 07:30:00+00:00,24038.95,24055.55,24027.75,24051.65,0
2026-07-09 07:45:00+00:00,24051.85,24058.45,24025.1,24035.55,0
2026-07-09 08:00:00+00:00,24035.35,24082.35,24034.15,24069.35,0
2026-07-09 08:15:00+00:00,24068.8,24076.85,24048.1,24050.05,0
2026-07-09 08:30:00+00:00,24050.85,24058.5,24024.35,24049.0,0
2026-07-09 08:45:00+00:00,24049.2,24062.6,24027.5,24058.85,0
2026-07-09 09:00:00+00:00,24057.95,24078.6,24001.95,24026.15,0
2026-07-09 09:15:00+00:00,24026.5,24044.3,24015.15,24039.65,0
2026-07-09 09:30:00+00:00,24037.85,24037.85,23925.7,23940.5,0
2026-07-09 09:45:00+00:00,23940.3,23983.4,23938.75,23981.9,0
2026-07-10 03:45:00+00:00,24124.7,24187.9,24120.35,24168.4,0
2026-07-10 04:00:00+00:00,24168.6,24208.0,24166.2,24195.1,0
2026-07-10 04:15:00+00:00,24196.5,24216.85,24195.25,24216.75,0
2026-07-10 04:30:00+00:00,24217.95,24226.05,24202.15,24211.25,0
2026-07-10 04:45:00+00:00,24212.8,24218.85,24202.35,24203.3,0
2026-07-10 05:00:00+00:00,24205.35,24211.5,24187.95,24210.85,0
2026-07-10 05:15:00+00:00,24213.3,24213.45,24195.65,24199.1,0
2026-07-10 05:30:00+00:00,24201.35,24206.15,24174.95,24180.0,0
2026-07-10 05:45:00+00:00,24181.65,24182.25,24156.85,24157.85,0
2026-07-10 06:00:00+00:00,24161.05,24172.35,24155.95,24163.1,0
2026-07-10 06:15:00+00:00,24165.2,24177.3,24152.05,24170.4,0
2026-07-10 06:30:00+00:00,24171.3,24185.65,24157.75,24164.75,0
2026-07-10 06:45:00+00:00,24165.85,24193.5,24160.9,24189.25,0
2026-07-10 07:00:00+00:00,24190.3,24194.15,24178.0,24188.25,0
2026-07-10 07:15:00+00:00,24190.65,24199.8,24178.4,24181.35,0
2026-07-10 07:30:00+00:00,24184.45,24201.85,24177.95,24185.8,0
2026-07-10 07:45:00+00:00,24186.85,24188.45,24160.75,24176.55,0
2026-07-10 08:00:00+00:00,24177.4,24203.3,24171.9,24196.75,0
2026-07-10 08:15:00+00:00,24198.15,24207.3,24186.15,24193.35,0
2026-07-10 08:30:00+00:00,24194.85,24199.95,24173.6,24186.45,0
2026-07-10 08:45:00+00:00,24187.0,24214.5,24184.1,24212.3,0
2026-07-10 09:00:00+00:00,24213.4,24216.65,24198.8,24208.5,0
2026-07-10 09:15:00+00:00,24210.45,24228.45,24188.6,24198.45,0
2026-07-10 09:30:00+00:00,24199.6,24219.4,24187.3,24208.65,0
2026-07-10 09:45:00+00:00,24208.35,24220.95,24197.25,24211.65,0
2026-07-13 03:45:00+00:00,24039.4,24044.45,24000.2,24027.45,0
2026-07-13 04:00:00+00:00,24027.2,24090.05,24019.35,24075.0,0
2026-07-13 04:15:00+00:00,24076.15,24122.45,24070.35,24121.2,0
2026-07-13 04:30:00+00:00,24121.05,24128.8,24092.8,24114.15,0
2026-07-13 04:45:00+00:00,24113.55,24157.4,24104.6,24145.8,0
2026-07-13 05:00:00+00:00,24146.15,24156.85,24132.0,24141.65,0
2026-07-13 05:15:00+00:00,24142.8,24147.3,24117.0,24132.6,0
2026-07-13 05:30:00+00:00,24132.15,24162.05,24116.2,24146.7,0
2026-07-13 05:45:00+00:00,24147.25,24158.8,24133.0,24138.15,0
2026-07-13 06:00:00+00:00,24137.45,24152.1,24123.25,24130.65,0
2026-07-13 06:15:00+00:00,24130.6,24156.65,24130.55,24140.5,0
2026-07-13 06:30:00+00:00,24140.5,24195.6,24139.65,24182.0,0
2026-07-13 06:45:00+00:00,24181.7,24198.55,24168.9,24181.75,0
2026-07-13 07:00:00+00:00,24183.25,24216.65,24172.65,24214.75,0
2026-07-13 07:15:00+00:00,24214.15,24259.8,24209.6,24223.75,0
2026-07-13 07:30:00+00:00,24223.4,24225.2,24206.3,24222.0,0
2026-07-13 07:45:00+00:00,24222.4,24222.65,24161.8,24171.4,0
2026-07-13 08:00:00+00:00,24169.75,24203.8,24169.3,24191.0,0
2026-07-13 08:15:00+00:00,24190.4,24200.95,24186.05,24197.35,0
2026-07-13 08:30:00+00:00,24196.9,24216.6,24190.2,24215.35,0
2026-07-13 08:45:00+00:00,24214.95,24238.25,24209.75,24229.4,0
2026-07-13 09:00:00+00:00,24228.65,24235.0,24214.05,24227.95,0
2026-07-13 09:15:00+00:00,24227.3,24250.85,24226.95,24229.7,0
2026-07-13 09:30:00+00:00,24227.15,24233.55,24201.35,24205.7,0
2026-07-13 09:45:00+00:00,24204.8,24211.15,24191.9,24211.15,0
2026-07-14 03:45:00+00:00,24068.0,24157.1,24050.55,24140.9,0
2026-07-14 04:00:00+00:00,24140.6,24147.35,24079.7,24100.2,0
2026-07-14 04:15:00+00:00,24101.85,24101.85,24062.45,24077.55,0
2026-07-14 04:30:00+00:00,24079.6,24097.3,24068.45,24085.15,0
2026-07-14 04:45:00+00:00,24086.65,24089.0,24038.1,24086.55,0
2026-07-14 05:00:00+00:00,24087.55,24109.95,24077.35,24100.5,0
2026-07-14 05:15:00+00:00,24102.05,24131.35,24091.75,24121.3,0
2026-07-14 05:30:00+00:00,24122.4,24146.35,24119.15,24139.2,0
2026-07-14 05:45:00+00:00,24141.2,24145.4,24120.3,24141.15,0
2026-07-14 06:00:00+00:00,24142.2,24142.2,24096.05,24105.0,0
2026-07-14 06:15:00+00:00,24106.15,24126.95,24092.55,24102.2,0
2026-07-14 06:30:00+00:00,24103.0,24116.25,24085.45,24091.9,0
2026-07-14 06:45:00+00:00,24093.35,24093.35,24054.85,24059.6,0
2026-07-14 07:00:00+00:00,24061.75,24083.25,24057.5,24079.15,0
2026-07-14 07:15:00+00:00,24080.1,24097.0,24070.2,24078.0,0
2026-07-14 07:30:00+00:00,24080.2,24092.75,24063.65,24081.45,0
2026-07-14 07:45:00+00:00,24082.95,24097.35,24070.4,24093.3,0
2026-07-14 08:00:00+00:00,24093.3,24093.95,24038.55,24052.15,0
2026-07-14 08:15:00+00:00,24053.2,24073.25,24051.85,24065.05,0
2026-07-14 08:30:00+00:00,24065.4,24071.55,24048.6,24064.45,0
2026-07-14 08:45:00+00:00,24066.3,24068.95,24040.3,24046.4,0
2026-07-14 09:00:00+00:00,24048.15,24066.3,24042.0,24051.2,0
2026-07-14 09:15:00+00:00,24053.0,24053.0,24023.7,24040.55,0
2026-07-14 09:30:00+00:00,24041.55,24075.0,24041.55,24052.05,0
2026-07-14 09:45:00+00:00,24052.5,24057.05,24027.45,24035.15,0
2026-07-15 03:45:00+00:00,24085.85,24211.75,24069.05,24195.7,0
2026-07-15 04:00:00+00:00,24196.5,24218.15,24187.7,24195.1,0
2026-07-15 04:15:00+00:00,24195.55,24207.4,24184.1,24184.95,0
2026-07-15 04:30:00+00:00,24185.0,24203.55,24173.5,24202.3,0
2026-07-15 04:45:00+00:00,24202.2,24220.35,24200.4,24204.95,0
2026-07-15 05:00:00+00:00,24205.8,24212.65,24190.6,24207.75,0
2026-07-15 05:15:00+00:00,24207.45,24210.05,24184.1,24185.0,0
2026-07-15 05:30:00+00:00,24184.6,24198.3,24171.0,24172.85,0
2026-07-15 05:45:00+00:00,24173.6,24206.15,24172.15,24202.65,0
2026-07-15 06:00:00+00:00,24202.45,24214.65,24173.35,24174.4,0
2026-07-15 06:15:00+00:00,24174.2,24189.45,24166.8,24180.8,0
2026-07-15 06:30:00+00:00,24181.9,24191.75,24175.0,24191.05,0
2026-07-15 06:45:00+00:00,24193.4,24194.35,24168.45,24168.45,0
2026-07-15 07:00:00+00:00,24168.4,24174.2,24143.15,24160.1,0
2026-07-15 07:15:00+00:00,24160.15,24162.7,24010.55,24054.0,0
2026-07-15 07:30:00+00:00,24053.4,24077.7,24039.3,24054.4,0
2026-07-15 07:45:00+00:00,24053.7,24087.45,24046.75,24074.95,0
2026-07-15 08:00:00+00:00,24075.0,24076.65,24048.5,24061.6,0
2026-07-15 08:15:00+00:00,24061.3,24080.3,24044.85,24078.35,0
2026-07-15 08:30:00+00:00,24077.9,24098.8,24069.4,24086.45,0
2026-07-15 08:45:00+00:00,24086.35,24100.85,24066.65,24077.65,0
2026-07-15 09:00:00+00:00,24077.95,24107.05,24072.1,24101.5,0
2026-07-15 09:15:00+00:00,24099.85,24105.75,24066.2,24067.85,0
2026-07-15 09:30:00+00:00,24067.15,24091.6,24061.05,24077.75,0
2026-07-15 09:45:00+00:00,24076.1,24091.3,24069.8,24073.45,0
2026-07-16 03:45:00+00:00,24142.1,24167.4,24117.55,24127.5,0
2026-07-16 04:00:00+00:00,24129.25,24141.7,24097.05,24140.85,0
2026-07-16 04:15:00+00:00,24141.6,24145.75,24111.65,24128.1,0
2026-07-16 04:30:00+00:00,24128.15,24141.0,24114.8,24126.45,0
2026-07-16 04:45:00+00:00,24128.4,24140.4,24107.45,24123.5,0
2026-07-16 05:00:00+00:00,24124.4,24126.75,24109.55,24126.55,0
2026-07-16 05:15:00+00:00,24127.45,24169.35,24123.95,24168.6,0
2026-07-16 05:30:00+00:00,24170.65,24186.5,24156.45,24157.9,0
2026-07-16 05:45:00+00:00,24159.1,24163.5,24142.1,24146.35,0
2026-07-16 06:00:00+00:00,24148.95,24166.8,24143.55,24149.5,0
2026-07-16 06:15:00+00:00,24151.55,24155.4,24139.0,24151.0,0
2026-07-16 06:30:00+00:00,24153.05,24154.05,24132.45,24133.9,0
2026-07-16 06:45:00+00:00,24136.3,24163.45,24131.95,24159.6,0
2026-07-16 07:00:00+00:00,24160.65,24160.65,24126.35,24130.4,0
2026-07-16 07:15:00+00:00,24133.1,24136.25,24120.25,24124.55,0
2026-07-16 07:30:00+00:00,24124.8,24130.75,24110.5,24120.6,0
2026-07-16 07:45:00+00:00,24120.95,24122.2,24102.7,24105.8,0
2026-07-16 08:00:00+00:00,24107.4,24107.4,24053.05,24053.5,0
2026-07-16 08:15:00+00:00,24055.5,24097.15,24051.65,24096.4,0
2026-07-16 08:30:00+00:00,24098.4,24101.6,24085.35,24094.15,0
2026-07-16 08:45:00+00:00,24094.6,24111.9,24079.7,24085.85,0
2026-07-16 09:00:00+00:00,24089.05,24101.95,24083.25,24096.0,0
2026-07-16 09:15:00+00:00,24099.55,24124.1,24091.7,24111.65,0
2026-07-16 09:30:00+00:00,24114.45,24126.55,24065.95,24071.1,0
2026-07-16 09:45:00+00:00,24071.15,24090.15,24050.0,24081.1,0
2026-07-17 03:45:00+00:00,24127.6,24211.7,24099.05,24210.0,0
2026-07-17 04:00:00+00:00,24211.65,24231.85,24193.2,24231.3,0
2026-07-17 04:15:00+00:00,24231.8,24246.95,24217.35,24228.85,0
2026-07-17 04:30:00+00:00,24230.3,24249.2,24210.25,24239.85,0
2026-07-17 04:45:00+00:00,24240.95,24282.6,24238.2,24281.55,0
2026-07-17 05:00:00+00:00,24282.55,24288.9,24244.2,24259.1,0
2026-07-17 05:15:00+00:00,24259.05,24262.75,24245.05,24257.0,0
2026-07-17 05:30:00+00:00,24257.05,24264.15,24230.9,24235.7,0
2026-07-17 05:45:00+00:00,24237.3,24250.9,24232.65,24243.0,0
2026-07-17 06:00:00+00:00,24243.9,24269.0,24241.0,24267.2,0
2026-07-17 06:15:00+00:00,24268.7,24283.2,24264.9,24277.85,0
2026-07-17 06:30:00+00:00,24277.2,24279.95,24260.7,24276.55,0
2026-07-17 06:45:00+00:00,24277.3,24286.35,24267.35,24277.65,0
2026-07-17 07:00:00+00:00,24278.35,24284.6,24259.75,24277.05,0
2026-07-17 07:15:00+00:00,24277.5,24297.5,24270.7,24283.3,0
2026-07-17 07:30:00+00:00,24283.5,24287.45,24275.95,24282.55,0
2026-07-17 07:45:00+00:00,24282.0,24283.6,24257.4,24267.3,0
2026-07-17 08:00:00+00:00,24267.3,24276.45,24245.9,24254.25,0
2026-07-17 08:15:00+00:00,24253.95,24255.25,24213.45,24250.1,0
2026-07-17 08:30:00+00:00,24247.45,24284.45,24241.8,24280.55,0
2026-07-17 08:45:00+00:00,24281.7,24367.3,24281.7,24287.4,0
2026-07-17 09:00:00+00:00,24287.2,24321.05,24286.85,24317.65,0
2026-07-17 09:15:00+00:00,24318.85,24334.8,24311.7,24311.75,0
2026-07-17 09:30:00+00:00,24311.85,24338.25,24311.2,24328.75,0
2026-07-17 09:45:00+00:00,24328.9,24352.65,24320.3,24346.7,0
2026-07-20 03:45:00+00:00,24190.05,24262.35,24149.9,24191.7,0
2026-07-20 04:00:00+00:00,24191.9,24193.05,24159.6,24171.45,0
2026-07-20 04:15:00+00:00,24170.6,24198.5,24157.5,24190.25,0
2026-07-20 04:30:00+00:00,24191.25,24219.4,24179.8,24209.95,0
2026-07-20 04:45:00+00:00,24210.4,24232.35,24207.35,24230.25,0
2026-07-20 05:00:00+00:00,24229.9,24239.2,24213.55,24218.45,0
2026-07-20 05:15:00+00:00,24218.4,24232.4,24216.55,24228.65,0
2026-07-20 05:30:00+00:00,24228.6,24234.9,24211.05,24214.6,0
2026-07-20 05:45:00+00:00,24215.45,24224.8,24203.05,24209.9,0
2026-07-20 06:00:00+00:00,24210.05,24215.45,24194.95,24196.25,0
2026-07-20 06:15:00+00:00,24196.45,24197.15,24177.0,24189.5,0
2026-07-20 06:30:00+00:00,24189.6,24192.45,24174.25,24187.7,0
2026-07-20 06:45:00+00:00,24187.7,24199.9,24168.2,24171.7,0
2026-07-20 07:00:00+00:00,24172.0,24182.3,24156.05,24157.2,0
2026-07-20 07:15:00+00:00,24157.4,24190.3,24135.85,24186.8,0
2026-07-20 07:30:00+00:00,24186.7,24226.0,24175.8,24225.0,0
2026-07-20 07:45:00+00:00,24224.75,24246.35,24212.4,24243.3,0
2026-07-20 08:00:00+00:00,24243.2,24250.05,24227.5,24228.8,0
2026-07-20 08:15:00+00:00,24228.25,24257.9,24227.15,24254.65,0
2026-07-20 08:30:00+00:00,24254.5,24266.1,24248.25,24250.9,0
2026-07-20 08:45:00+00:00,24250.55,24259.1,24241.05,24254.75,0
2026-07-20 09:00:00+00:00,24254.8,24256.55,24224.75,24237.1,0
2026-07-20 09:15:00+00:00,24237.1,24251.0,24230.1,24230.7,0
2026-07-20 09:30:00+00:00,24233.6,24246.5,24228.4,24238.15,0
2026-07-20 09:45:00+00:00,24240.15,24248.45,24233.35,24239.5,0
2026-07-21 03:45:00+00:00,24216.05,24262.2,24203.6,24247.75,0
2026-07-21 04:00:00+00:00,24248.6,24255.8,24217.35,24236.95,0
2026-07-21 04:15:00+00:00,24237.1,24240.9,24216.9,24229.4,0
2026-07-21 04:30:00+00:00,24232.0,24233.6,24211.75,24212.3,0
2026-07-21 04:45:00+00:00,24214.7,24214.7,24186.2,24199.6,0
2026-07-21 05:00:00+00:00,24202.4,24202.4,24174.15,24187.8,0
2026-07-21 05:15:00+00:00,24189.05,24189.05,24163.75,24185.15,0
2026-07-21 05:30:00+00:00,24186.1,24196.6,24180.75,24186.5,0
2026-07-21 05:45:00+00:00,24186.45,24188.7,24166.65,24173.05,0
2026-07-21 06:00:00+00:00,24174.25,24188.1,24159.55,24161.65,0
2026-07-21 06:15:00+00:00,24162.65,24175.2,24158.05,24169.3,0
2026-07-21 06:30:00+00:00,24172.55,24183.7,24168.45,24173.65,0
2026-07-21 06:45:00+00:00,24174.9,24182.7,24169.85,24171.95,0
2026-07-21 07:00:00+00:00,24173.25,24190.5,24167.7,24172.8,0
2026-07-21 07:15:00+00:00,24175.9,24177.3,24148.75,24151.05,0
2026-07-21 07:30:00+00:00,24153.05,24159.1,24135.65,24151.55,0
2026-07-21 07:45:00+00:00,24152.2,24174.1,24148.4,24171.85,0
2026-07-21 08:00:00+00:00,24173.9,24195.3,24170.45,24190.45,0
2026-07-21 08:15:00+00:00,24192.5,24192.5,24158.45,24163.25,0
2026-07-21 08:30:00+00:00,24164.55,24182.05,24161.1,24163.25,0
2026-07-21 08:45:00+00:00,24164.65,24180.5,24154.3,24167.95,0
2026-07-21 09:00:00+00:00,24169.6,24176.3,24156.05,24173.0,0
2026-07-21 09:15:00+00:00,24173.4,24192.75,24164.85,24182.1,0
2026-07-21 09:30:00+00:00,24183.75,24197.2,24180.05,24184.1,0
2026-07-21 09:45:00+00:00,24183.4,24196.15,24182.1,24193.05,0
2026-07-22 03:45:00+00:00,24150.45,24166.3,24046.95,24048.9,0
2026-07-22 04:00:00+00:00,24051.0,24058.05,24016.15,24027.0,0
2026-07-22 04:15:00+00:00,24028.35,24031.3,24008.7,24020.2,0
2026-07-22 04:30:00+00:00,24021.8,24052.75,24012.75,24033.45,0
2026-07-22 04:45:00+00:00,24033.8,24033.8,23973.7,24007.6,0
2026-07-22 05:00:00+00:00,24009.25,24013.5,23989.2,23989.2,0
2026-07-22 05:15:00+00:00,23991.6,24030.8,23988.25,24025.95,0
2026-07-22 05:30:00+00:00,24027.35,24028.1,24011.35,24013.7,0
2026-07-22 05:45:00+00:00,24015.2,24042.0,24012.9,24041.55,0
2026-07-22 06:00:00+00:00,24042.75,24050.65,24036.5,24045.7,0
2026-07-22 06:15:00+00:00,24046.8,24049.0,24022.0,24022.0,0
2026-07-22 06:30:00+00:00,24023.4,24024.5,23995.25,23996.25,0
2026-07-22 06:45:00+00:00,23997.85,23999.8,23968.55,23980.9,0
2026-07-22 07:00:00+00:00,23982.4,23983.4,23961.4,23983.25,0
2026-07-22 07:15:00+00:00,23985.1,24017.05,23978.0,24003.6,0
2026-07-22 07:30:00+00:00,24003.3,24003.8,23968.3,23978.85,0
2026-07-22 07:45:00+00:00,23980.45,23986.35,23973.15,23979.3,0
2026-07-22 08:00:00+00:00,23981.45,24014.4,23979.3,23995.35,0
2026-07-22 08:15:00+00:00,23996.45,23996.55,23974.4,23976.5,0
2026-07-22 08:30:00+00:00,23978.15,23984.6,23964.6,23973.35,0
2026-07-22 08:45:00+00:00,23975.25,23988.8,23970.6,23972.35,0
2026-07-22 09:00:00+00:00,23974.3,23992.05,23968.5,23976.3,0
2026-07-22 09:15:00+00:00,23978.45,23991.85,23974.95,23979.9,0
2026-07-22 09:30:00+00:00,23979.9,24023.95,23973.35,24021.15,0
2026-07-22 09:45:00+00:00,24021.6,24024.8,23990.8,23991.05,0
2026-07-23 03:45:00+00:00,23904.8,23952.0,23876.2,23921.55,0
2026-07-23 04:00:00+00:00,23922.55,23929.8,23892.6,23907.75,0
2026-07-23 04:15:00+00:00,23907.6,23944.0,23901.45,23942.95,0
2026-07-23 04:30:00+00:00,23943.55,23969.95,23940.25,23957.35,0
2026-07-23 04:45:00+00:00,23957.35,23973.7,23943.8,23969.65,0
2026-07-23 05:00:00+00:00,23970.3,23978.85,23958.2,23974.95,0
2026-07-23 05:15:00+00:00,23974.8,23984.7,23966.15,23977.3,0
2026-07-23 05:30:00+00:00,23978.45,23990.75,23971.45,23972.1,0
2026-07-23 05:45:00+00:00,23973.8,23973.8,23944.25,23945.05,0
2026-07-23 06:00:00+00:00,23946.9,23956.3,23939.95,23947.6,0
2026-07-23 06:15:00+00:00,23948.55,23956.45,23930.65,23953.5,0
2026-07-23 06:30:00+00:00,23954.35,23964.3,23933.2,23934.85,0
2026-07-23 06:45:00+00:00,23936.4,23939.35,23911.85,23911.85,0
2026-07-23 07:00:00+00:00,23912.5,23915.0,23854.9,23856.95,0
2026-07-23 07:15:00+00:00,23857.25,23864.45,23843.05,23852.6,0
2026-07-23 07:30:00+00:00,23853.2,23854.35,23826.35,23831.95,0
2026-07-23 07:45:00+00:00,23832.45,23846.15,23811.85,23838.05,0
2026-07-23 08:00:00+00:00,23838.75,23864.35,23825.95,23850.8,0
2026-07-23 08:15:00+00:00,23851.85,23871.95,23850.9,23861.9,0
2026-07-23 08:30:00+00:00,23862.05,23868.1,23849.9,23850.6,0
2026-07-23 08:45:00+00:00,23851.9,23869.3,23846.8,23859.65,0
2026-07-23 09:00:00+00:00,23860.4,23891.25,23829.5,23835.75,0
2026-07-23 09:15:00+00:00,23836.65,23843.3,23807.2,23840.35,0
2026-07-23 09:30:00+00:00,23841.3,23880.0,23830.4,23873.05,0
2026-07-23 09:45:00+00:00,23873.6,23889.9,23858.55,23871.7,0
2026-07-24 03:45:00+00:00,23666.35,23763.55,23646.9,23703.55,0
2026-07-24 04:00:00+00:00,23703.4,23713.0,23652.6,23656.7,0
2026-07-24 04:15:00+00:00,23657.4,23664.75,23631.35,23646.05,0
2026-07-24 04:30:00+00:00,23647.05,23648.1,23607.45,23608.7,0
2026-07-24 04:45:00+00:00,23608.3,23627.65,23606.3,23622.25,0
2026-07-24 05:00:00+00:00,23622.2,23646.05,23610.9,23640.9,0
2026-07-24 05:15:00+00:00,23640.4,23652.25,23626.3,23627.65,0
2026-07-24 05:30:00+00:00,23627.3,23637.4,23617.1,23624.25,0
2026-07-24 05:45:00+00:00,23624.25,23678.15,23622.6,23655.7,0
2026-07-24 06:00:00+00:00,23655.7,23687.5,23649.15,23682.2,0
2026-07-24 06:15:00+00:00,23682.25,23710.7,23682.2,23696.7,0
2026-07-24 06:30:00+00:00,23697.25,23717.9,23689.25,23702.85,0
2026-07-24 06:45:00+00:00,23702.45,23792.3,23701.35,23784.25,0
2026-07-24 07:00:00+00:00,23783.8,23796.55,23756.0,23793.65,0
2026-07-24 07:15:00+00:00,23793.8,23808.7,23784.65,23797.5,0
2026-07-24 07:30:00+00:00,23797.35,23800.25,23763.3,23783.85,0
2026-07-24 07:45:00+00:00,23783.75,23800.05,23775.2,23790.65,0
2026-07-24 08:00:00+00:00,23790.6,23791.65,23736.0,23747.75,0
2026-07-24 08:15:00+00:00,23747.9,23803.05,23742.25,23802.95,0
2026-07-24 08:30:00+00:00,23803.05,23823.6,23788.8,23797.4,0
2026-07-24 08:45:00+00:00,23797.5,23805.75,23770.4,23777.65,0
2026-07-24 09:00:00+00:00,23777.35,23783.3,23760.2,23768.4,0
2026-07-24 09:15:00+00:00,23768.1,23794.15,23761.85,23776.8,0
2026-07-24 09:30:00+00:00,23777.95,23782.45,23747.65,23771.9,0
2026-07-24 09:45:00+00:00,23771.45,23792.95,23767.45,23787.0,0
2026-07-27 03:45:00+00:00,23928.4,23964.5,23896.7,23939.95,0
2026-07-27 04:00:00+00:00,23941.8,23952.3,23927.75,23951.05,0
2026-07-27 04:15:00+00:00,23952.1,23955.9,23916.8,23933.85,0
2026-07-27 04:30:00+00:00,23933.35,23934.9,23909.0,23933.3,0
2026-07-27 04:45:00+00:00,23934.0,23935.75,23908.75,23915.2,0
2026-07-27 05:00:00+00:00,23917.05,23927.65,23891.55,23925.3,0
2026-07-27 05:15:00+00:00,23927.25,23939.3,23907.8,23933.45,0
2026-07-27 05:30:00+00:00,23935.6,23938.4,23920.0,23924.75,0
2026-07-27 05:45:00+00:00,23926.0,23968.55,23923.35,23961.9,0
2026-07-27 06:00:00+00:00,23963.55,23972.0,23956.3,23963.55,0
2026-07-27 06:15:00+00:00,23966.05,23972.8,23949.1,23963.4,0
2026-07-27 06:30:00+00:00,23965.7,23967.4,23945.6,23956.2,0
2026-07-27 06:45:00+00:00,23959.05,23965.8,23952.9,23954.75,0
2026-07-27 07:00:00+00:00,23956.9,23967.3,23943.05,23951.2,0
2026-07-27 07:15:00+00:00,23952.55,23958.05,23943.75,23953.9,0
2026-07-27 07:30:00+00:00,23955.85,23970.8,23948.2,23970.1,0
2026-07-27 07:45:00+00:00,23971.9,23979.4,23954.3,23954.55,0
2026-07-27 08:00:00+00:00,23956.25,23960.85,23935.4,23956.25,0
2026-07-27 08:15:00+00:00,23958.25,23972.4,23953.25,23971.35,0
2026-07-27 08:30:00+00:00,23973.6,23998.35,23970.5,23995.9,0
2026-07-27 08:45:00+00:00,23997.55,24009.75,23984.55,24006.7,0
2026-07-27 09:00:00+00:00,24008.65,24011.6,23988.3,23996.25,0
2026-07-27 09:15:00+00:00,23997.65,24003.5,23984.1,23989.15,0
2026-07-27 09:30:00+00:00,23989.55,24001.75,23986.4,23987.15,0
2026-07-27 09:45:00+00:00,23985.1,24008.1,23985.1,24003.65,0
2026-07-28 03:45:00+00:00,23971.25,24040.9,23968.15,24006.25,0
2026-07-28 04:00:00+00:00,24006.7,24025.2,23985.75,24018.05,0
2026-07-28 04:15:00+00:00,24018.6,24019.9,23995.25,24012.25,0
2026-07-28 04:30:00+00:00,24011.7,24013.55,23961.95,23985.6,0
2026-07-28 04:45:00+00:00,23985.8,24006.1,23984.8,23986.55,0
2026-07-28 05:00:00+00:00,23986.6,24023.35,23986.2,24020.1,0
2026-07-28 05:15:00+00:00,24020.35,24041.15,24020.0,24035.75,0
2026-07-28 05:30:00+00:00,24036.65,24039.55,24010.05,24015.2,0
2026-07-28 05:45:00+00:00,24015.05,24029.8,24010.65,24013.9,0
2026-07-28 06:00:00+00:00,24014.45,24025.05,23999.95,24021.2,0
2026-07-28 06:15:00+00:00,24020.9,24036.8,24003.65,24011.0,0
2026-07-28 06:30:00+00:00,24011.05,24028.6,24003.75,24026.25,0
2026-07-28 06:45:00+00:00,24026.5,24028.9,24010.85,24023.5,0
2026-07-28 07:00:00+00:00,24023.6,24027.25,24009.4,24015.65,0
2026-07-28 07:15:00+00:00,24015.75,24022.0,24003.9,24004.05,0
2026-07-28 07:30:00+00:00,24005.45,24008.75,23982.9,23983.05,0
2026-07-28 07:45:00+00:00,23982.65,23993.7,23968.65,23984.85,0
2026-07-28 08:00:00+00:00,23984.85,23993.1,23977.4,23983.35,0
2026-07-28 08:15:00+00:00,23983.3,24011.75,23972.4,24001.9,0
2026-07-28 08:30:00+00:00,24000.85,24005.9,23989.75,23993.35,0
2026-07-28 08:45:00+00:00,23993.25,24001.25,23985.0,23987.55,0
2026-07-28 09:00:00+00:00,23986.25,23998.5,23970.1,23995.35,0
2026-07-28 09:15:00+00:00,23992.9,23995.45,23968.1,23980.9,0
2026-07-28 09:30:00+00:00,23981.6,23985.15,23954.6,23969.4,0
2026-07-28 09:45:00+00:00,23969.0,24013.35,23968.7,23987.8,0
2026-07-29 03:45:00+00:00,24176.65,24203.2,24136.75,24178.5,0
2026-07-29 04:00:00+00:00,24175.6,24217.9,24175.6,24212.2,0
2026-07-29 04:15:00+00:00,24211.85,24221.7,24184.95,24187.65,0
2026-07-29 04:30:00+00:00,24186.3,24224.25,24186.3,24221.3,0
2026-07-29 04:45:00+00:00,24220.9,24235.5,24214.0,24225.3,0
2026-07-29 05:00:00+00:00,24224.75,24238.45,24221.75,24233.8,0
2026-07-29 05:15:00+00:00,24233.7,24234.05,24213.4,24220.65,0
2026-07-29 05:30:00+00:00,24221.2,24244.55,24215.25,24233.7,0
2026-07-29 05:45:00+00:00,24233.3,24241.35,24223.35,24232.4,0
2026-07-29 06:00:00+00:00,24232.15,24237.1,24218.75,24232.25,0
2026-07-29 06:15:00+00:00,24232.5,24240.35,24219.8,24225.65,0
2026-07-29 06:30:00+00:00,24225.85,24247.8,24223.25,24238.45,0
2026-07-29 06:45:00+00:00,24238.8,24240.4,24219.7,24221.5,0
2026-07-29 07:00:00+00:00,24222.1,24234.95,24218.9,24220.8,0
2026-07-29 07:15:00+00:00,24221.45,24231.45,24209.95,24228.75,0
2026-07-29 07:30:00+00:00,24228.85,24261.45,24228.65,24257.55,0
2026-07-29 07:45:00+00:00,24257.4,24259.9,24244.55,24245.8,0
2026-07-29 08:00:00+00:00,24245.75,24256.85,24236.0,24238.4,0
2026-07-29 08:15:00+00:00,24236.2,24259.95,24235.65,24250.5,0
2026-07-29 08:30:00+00:00,24249.75,24272.15,24249.75,24263.8,0
2026-07-29 08:45:00+00:00,24263.8,24278.7,24263.3,24272.65,0
2026-07-29 09:00:00+00:00,24272.1,24279.0,24251.45,24259.6,0
2026-07-29 09:15:00+00:00,24259.65,24283.55,24259.65,24272.5,0
2026-07-29 09:30:00+00:00,24274.4,24278.55,24249.7,24252.0,0
2026-07-29 09:45:00+00:00,24251.45,24251.9,24231.05,24242.0,0
2026-07-30 03:45:00+00:00,24249.55,24280.5,24187.1,24276.95,0
2026-07-30 04:00:00+00:00,24274.5,24287.25,24245.8,24255.85,0
2026-07-30 04:15:00+00:00,24257.25,24285.55,24250.05,24275.6,0
2026-07-30 04:30:00+00:00,24276.75,24281.3,24241.5,24243.5,0
2026-07-30 04:45:00+00:00,24243.75,24261.15,24231.15,24232.1,0
2026-07-30 05:00:00+00:00,24232.75,24261.35,24224.85,24259.15,0
2026-07-30 05:15:00+00:00,24260.25,24270.65,24253.2,24256.9,0
2026-07-30 05:30:00+00:00,24256.45,24270.55,24248.15,24265.05,0
2026-07-30 05:45:00+00:00,24264.9,24282.5,24262.1,24274.6,0
2026-07-30 06:00:00+00:00,24274.2,24279.45,24264.85,24265.5,0
2026-07-30 06:15:00+00:00,24265.8,24266.7,24251.05,24262.5,0
2026-07-30 06:30:00+00:00,24262.6,24266.4,24248.85,24254.1,0
2026-07-30 06:45:00+00:00,24253.95,24267.45,24249.0,24264.05,0
2026-07-30 07:00:00+00:00,24264.3,24331.4,24261.95,24308.35,0
2026-07-30 07:15:00+00:00,24308.45,24309.55,24290.8,24295.7,0
2026-07-30 07:30:00+00:00,24295.65,24297.55,24248.85,24264.0,0
2026-07-30 07:45:00+00:00,24264.05,24285.55,24259.1,24269.4,0
2026-07-30 08:00:00+00:00,24269.15,24300.25,24266.9,24289.45,0
2026-07-30 08:15:00+00:00,24288.4,24299.45,24272.3,24283.85,0
2026-07-30 08:30:00+00:00,24283.35,24287.75,24255.45,24255.7,0
2026-07-30 08:45:00+00:00,24255.2,24260.25,24228.95,24235.0,0
2026-07-30 09:00:00+00:00,24235.3,24269.6,24227.25,24258.7,0
2026-07-30 09:15:00+00:00,24258.85,24283.45,24251.1,24272.85,0
2026-07-30 09:30:00+00:00,24273.1,24329.55,24268.75,24318.25,0
2026-07-30 09:45:00+00:00,24316.9,24342.95,24292.75,24296.6,0
2026-07-31 03:45:00+00:00,24361.45,24381.25,24326.55,24345.75,0
2026-07-31 04:00:00+00:00,24344.75,24352.9,24299.7,24349.3,0
2026-07-31 04:15:00+00:00,24348.9,24362.95,24335.75,24357.55,0
2026-07-31 04:30:00+00:00,24357.6,24359.65,24333.65,24346.05,0
2026-07-31 04:45:00+00:00,24346.2,24355.45,24332.9,24352.1,0
2026-07-31 05:00:00+00:00,24350.8,24361.05,24336.15,24353.55,0
2026-07-31 05:15:00+00:00,24353.0,24362.35,24345.3,24354.2,0
2026-07-31 05:30:00+00:00,24354.1,24357.9,24334.15,24357.75,0
2026-07-31 05:45:00+00:00,24357.75,24374.95,24355.7,24365.7,0
2026-07-31 06:00:00+00:00,24366.25,24370.0,24357.85,24364.7,0
2026-07-31 06:15:00+00:00,24364.6,24369.1,24358.35,24364.45,0
2026-07-31 06:30:00+00:00,24364.85,24382.65,24360.95,24382.1,0
2026-07-31 06:45:00+00:00,24381.55,24393.5,24374.3,24386.3,0
2026-07-31 07:00:00+00:00,24385.7,24404.6,24378.65,24401.75,0
2026-07-31 07:15:00+00:00,24402.0,24424.8,24400.05,24413.75,0
2026-07-31 07:30:00+00:00,24412.95,24427.85,24407.55,24414.8,0
2026-07-31 07:45:00+00:00,24414.3,24429.4,24412.7,24417.85,0
2026-07-31 08:00:00+00:00,24417.9,24419.8,24391.45,24395.2,0
2026-07-31 08:15:00+00:00,24395.75,24413.1,24390.2,24412.2,0
2026-07-31 08:30:00+00:00,24413.05,24413.75,24386.0,24402.65,0
2026-07-31 08:45:00+00:00,24403.5,24407.05,24390.15,24394.3,0
2026-07-31 09:00:00+00:00,24395.8,24401.9,24357.1,24361.85,0
2026-07-31 09:15:00+00:00,24361.65,24375.05,24355.05,24360.55,0
2026-07-31 09:30:00+00:00,24361.2,24399.15,24361.2,24390.2,0
2026-07-31 09:45:00+00:00,24391.3,24392.4,24359.65,24366.7,0
2026-08-03 03:45:00+00:00,24572.7,24576.45,24515.15,24550.2,0
2026-08-03 04:00:00+00:00,24550.25,24560.45,24541.8,24558.05,0
2026-08-03 04:15:00+00:00,24558.45,24571.6,24545.75,24564.7,0
2026-08-03 04:30:00+00:00,24564.1,24582.25,24559.05,24579.2,0
2026-08-03 04:45:00+00:00,24579.0,24592.45,24572.8,24580.8,0
2026-08-03 05:00:00+00:00,24580.15,24585.7,24562.7,24583.65,0
2026-08-03 05:15:00+00:00,24583.75,24595.9,24579.45,24586.45,0
2026-08-03 05:30:00+00:00,24586.9,24602.55,24584.9,24589.45,0
2026-08-03 05:45:00+00:00,24588.95,24600.95,24586.05,24591.75,0
2026-08-03 06:00:00+00:00,24591.85,24600.3,24579.8,24592.3,0
2026-08-03 06:15:00+00:00,24592.5,24606.15,24584.8,24592.0,0
2026-08-03 06:30:00+00:00,24591.55,24602.6,24585.7,24601.3,0
2026-08-03 06:45:00+00:00,24601.3,24609.5,24598.05,24604.05,0
2026-08-03 07:00:00+00:00,24604.45,24606.55,24584.4,24593.0,0
2026-08-03 07:15:00+00:00,24594.65,24602.15,24570.15,24584.65,0
2026-08-03 07:30:00+00:00,24584.2,24585.95,24575.75,24577.7,0
2026-08-03 07:45:00+00:00,24578.2,24592.05,24576.05,24589.7,0
2026-08-03 08:00:00+00:00,24589.25,24606.05,24581.2,24596.1,0
2026-08-03 08:15:00+00:00,24595.2,24601.15,24581.7,24586.8,0
2026-08-03 08:30:00+00:00,24586.7,24595.05,24583.5,24593.5,0
2026-08-03 08:45:00+00:00,24594.5,24595.05,24577.7,24589.85,0
2026-08-03 09:00:00+00:00,24589.45,24602.0,24585.4,24597.55,0
2026-08-03 09:15:00+00:00,24598.35,24602.75,24588.85,24595.0,0
2026-08-03 09:30:00+00:00,24594.85,24596.55,24554.2,24573.55,0
2026-08-03 09:45:00+00:00,24573.35,24774.3,24573.35,24774.3,0
2026-08-04 03:45:00+00:00,24703.9,24703.9,24589.85,24597.6,0
2026-08-04 04:00:00+00:00,24598.5,24629.55,24589.35,24623.6,0
2026-08-04 04:15:00+00:00,24623.7,24647.65,24621.85,24631.55,0
2026-08-04 04:30:00+00:00,24633.8,24634.75,24607.45,24615.5,0
2026-08-04 04:45:00+00:00,24617.6,24620.75,24588.3,24592.8,0
2026-08-04 05:00:00+00:00,24594.15,24594.95,24578.6,24582.0,0
2026-08-04 05:15:00+00:00,24583.95,24588.9,24569.0,24575.4,0
2026-08-04 05:30:00+00:00,24577.95,24593.7,24576.15,24590.9,0
2026-08-04 05:45:00+00:00,24593.3,24598.8,24575.6,24577.05,0
2026-08-04 06:00:00+00:00,24579.55,24579.55,24553.7,24555.45,0
2026-08-04 06:15:00+00:00,24557.5,24557.5,24521.85,24524.15,0
2026-08-04 06:30:00+00:00,24524.75,24529.1,24496.7,24511.3,0
2026-08-04 06:45:00+00:00,24513.4,24524.35,24505.4,24515.7,0
2026-08-04 07:00:00+00:00,24517.65,24519.65,24488.1,24493.35,0
2026-08-04 07:15:00+00:00,24495.0,24509.8,24489.35,24491.75,0
2026-08-04 07:30:00+00:00,24493.4,24500.85,24477.35,24479.6,0
2026-08-04 07:45:00+00:00,24481.7,24493.45,24469.35,24471.2,0
2026-08-04 08:00:00+00:00,24473.5,24474.0,24453.65,24453.8,0
2026-08-04 08:15:00+00:00,24454.8,24468.45,24427.95,24448.9,0
2026-08-04 08:30:00+00:00,24450.6,24463.3,24436.15,24462.35,0
2026-08-04 08:45:00+00:00,24463.8,24494.3,24460.45,24470.5,0
2026-08-04 09:00:00+00:00,24470.1,24490.3,24456.3,24456.65,0
2026-08-04 09:15:00+00:00,24459.4,24481.45,24455.95,24465.85,0
2026-08-04 09:30:00+00:00,24469.1,24474.3,24443.6,24462.95,0
2026-08-04 09:45:00+00:00,24463.45,24614.9,24463.45,24614.9,0
2026-08-05 03:45:00+00:00,24669.2,24677.6,24611.0,24621.4,0
2026-08-05 04:00:00+00:00,24622.2,24635.95,24604.6,24628.05,0
2026-08-05 04:15:00+00:00,24629.85,24631.7,24581.55,24594.25,0
2026-08-05 04:30:00+00:00,24595.05,24623.2,24588.45,24621.25,0
2026-08-05 04:45:00+00:00,24621.75,24621.75,24580.45,24582.15,0
2026-08-05 05:00:00+00:00,24582.8,24605.05,24562.2,24594.4,0
2026-08-05 05:15:00+00:00,24596.25,24644.75,24593.9,24643.5,0
2026-08-05 05:30:00+00:00,24643.9,24662.6,24617.9,24631.45,0
2026-08-05 05:45:00+00:00,24631.2,24637.65,24608.0,24610.95,0
2026-08-05 06:00:00+00:00,24609.55,24612.25,24586.5,24594.4,0
2026-08-05 06:15:00+00:00,24595.75,24595.75,24561.5,24570.05,0
2026-08-05 06:30:00+00:00,24570.85,24579.05,24564.75,24572.85,0
2026-08-05 06:45:00+00:00,24573.75,24580.35,24560.75,24566.9,0
2026-08-05 07:00:00+00:00,24567.3,24568.3,24525.35,24531.85,0
2026-08-05 07:15:00+00:00,24533.6,24535.1,24515.6,24516.35,0
2026-08-05 07:30:00+00:00,24518.1,24540.1,24508.45,24534.95,0
2026-08-05 07:45:00+00:00,24535.85,24559.3,24515.75,24528.55,0
2026-08-05 08:00:00+00:00,24529.2,24535.1,24498.4,24502.95,0
2026-08-05 08:15:00+00:00,24503.7,24532.5,24502.1,24514.45,0
2026-08-05 08:30:00+00:00,24515.55,24534.3,24512.6,24513.25,0
2026-08-05 08:45:00+00:00,24514.0,24516.8,24497.95,24504.75,0
2026-08-05 09:00:00+00:00,24507.15,24520.35,24500.75,24505.0,0
2026-08-05 09:15:00+00:00,24506.1,24530.8,24503.85,24523.8,0
2026-08-05 09:30:00+00:00,24525.8,24575.75,24517.3,24570.2,0
2026-08-05 09:45:00+00:00,24570.2,24624.65,24570.2,24624.65,0
2026-08-06 03:45:00+00:00,24641.0,24648.2,24604.15,24635.25,0
2026-08-06 04:00:00+00:00,24637.75,24650.45,24620.65,24645.15,0
2026-08-06 04:15:00+00:00,24647.9,24665.05,24635.3,24636.35,0
2026-08-06 04:30:00+00:00,24637.55,24638.9,24605.95,24630.85,0
2026-08-06 04:45:00+00:00,24631.75,24639.7,24617.75,24635.7,0
2026-08-06 05:00:00+00:00,24636.55,24643.35,24630.35,24636.65,0
2026-08-06 05:15:00+00:00,24637.0,24640.6,24616.0,24630.7,0
2026-08-06 05:30:00+00:00,24630.9,24655.6,24621.6,24652.45,0
2026-08-06 05:45:00+00:00,24653.8,24675.05,24647.9,24672.55,0
2026-08-06 06:00:00+00:00,24674.0,24677.05,24628.95,24633.65,0
2026-08-06 06:15:00+00:00,24633.75,24664.35,24626.9,24659.9,0
2026-08-06 06:30:00+00:00,24660.55,24661.8,24638.3,24643.15,0
2026-08-06 06:45:00+00:00,24644.2,24660.75,24627.2,24637.05,0
2026-08-06 07:00:00+00:00,24637.35,24651.1,24636.4,24646.25,0
2026-08-06 07:15:00+00:00,24646.2,24648.45,24622.05,24629.05,0
2026-08-06 07:30:00+00:00,24629.25,24650.95,24621.25,24622.2,0
2026-08-06 07:45:00+00:00,24623.0,24655.9,24611.85,24628.0,0
2026-08-06 08:00:00+00:00,24628.05,24659.65,24626.0,24633.05,0
2026-08-06 08:15:00+00:00,24634.55,24649.75,24606.9,24647.25,0
2026-08-06 08:30:00+00:00,24646.25,24658.5,24634.1,24651.1,0
2026-08-06 08:45:00+00:00,24651.85,24662.8,24649.35,24654.9,0
2026-08-06 09:00:00+00:00,24655.45,24659.45,24632.65,24638.35,0
2026-08-06 09:15:00+00:00,24639.55,24647.55,24629.35,24633.0,0
2026-08-06 09:30:00+00:00,24633.2,24642.05,24614.7,24628.5,0
2026-08-06 09:45:00+00:00,24627.95,24636.0,24627.95,24636.0,0
2026-08-07 03:45:00+00:00,24538.9,24620.0,24529.2,24601.6,0
2026-08-07 04:00:00+00:00,24604.0,24618.65,24593.25,24618.2,0
2026-08-07 04:15:00+00:00,24620.15,24630.4,24600.8,24625.8,0
2026-08-07 04:30:00+00:00,24627.05,24627.05,24594.0,24599.15,0
2026-08-07 04:45:00+00:00,24601.65,24601.65,24562.95,24566.55,0
2026-08-07 05:00:00+00:00,24567.85,24576.6,24561.3,24569.5,0
2026-08-07 05:15:00+00:00,24572.15,24586.5,24569.4,24570.35,0
2026-08-07 05:30:00+00:00,24572.15,24575.25,24552.25,24567.6,0
2026-08-07 05:45:00+00:00,24569.1,24591.6,24558.45,24584.75,0
2026-08-07 06:00:00+00:00,24586.6,24589.5,24575.1,24579.35,0
2026-08-07 06:15:00+00:00,24581.5,24581.9,24550.65,24560.95,0
2026-08-07 06:30:00+00:00,24562.5,24563.45,24540.15,24541.15,0
2026-08-07 06:45:00+00:00,24543.3,24558.4,24532.9,24550.0,0
2026-08-07 07:00:00+00:00,24551.75,24562.45,24544.8,24557.05,0
2026-08-07 07:15:00+00:00,24559.35,24570.05,24551.3,24553.65,0
2026-08-07 07:30:00+00:00,24556.25,24567.25,24546.7,24547.0,0
2026-08-07 07:45:00+00:00,24548.25,24573.5,24546.1,24565.95,0
2026-08-07 08:00:00+00:00,24567.55,24568.45,24545.35,24548.5,0
2026-08-07 08:15:00+00:00,24550.7,24590.5,24547.7,24563.95,0
2026-08-07 08:30:00+00:00,24565.85,24579.65,24522.75,24526.85,0
2026-08-07 08:45:00+00:00,24528.8,24547.1,24523.15,24534.1,0
2026-08-07 09:00:00+00:00,24535.8,24549.6,24526.15,24537.9,0
2026-08-07 09:15:00+00:00,24542.5,24561.45,24528.55,24542.15,0
2026-08-07 09:30:00+00:00,24542.55,24565.1,24541.6,24554.55,0
2026-08-07 09:45:00+00:00,24557.0,24570.65,24557.0,24570.65,0
